wiki_title,clean_title,norm_title,medium,year,shortdesc,total_concept_score,gap_fill_score,n_total_concepts,n_gap_concepts,top_concept,all_concepts,gap_concepts
Selma (film),Selma,selma,film,2014.0,2014 film by Ava DuVernay,817.97,719.87,9,8,"Martin Luther King, Jr.","Martin Luther King, Jr.|Lyndon B. Johnson|Martin Luther King|Lyndon Baines Johnson|Dr. Martin Luther King, Jr.|Atlanta, Georgia|Dr. Martin Luther King Jr.|Johnson (LBJ)|Martin Luther King (Jr.)","Martin Luther King, Jr.|Martin Luther King|Lyndon Baines Johnson|Dr. Martin Luther King, Jr.|Atlanta, Georgia|Dr. Martin Luther King Jr.|Johnson (LBJ)|Martin Luther King (Jr.)"
Tweety's High-Flying Adventure,Tweety's High-Flying Adventure,tweetys high-flying adventure,film,2000.0,2000 animated film,795.03,426.84,9,5,Queen Elizabeth II,Queen Elizabeth II|Around the World in Eighty Days|Around the World in 80 Days|St. Louis|Elizabeth (I)|Mexico City|Elizabeth II|Marvin the Martian|Elizabeth I,Around the World in 80 Days|Elizabeth (I)|Elizabeth II|Marvin the Martian|Elizabeth I
Path to War,Path to War,path to war,film,2002.0,2002 film directed by John Frankenheimer,731.33,633.23,8,7,"Martin Luther King, Jr.","Martin Luther King, Jr.|Lyndon B. Johnson|Martin Luther King|Lyndon Baines Johnson|Dr. Martin Luther King, Jr.|Dr. Martin Luther King Jr.|Johnson (LBJ)|Martin Luther King (Jr.)","Martin Luther King, Jr.|Martin Luther King|Lyndon Baines Johnson|Dr. Martin Luther King, Jr.|Dr. Martin Luther King Jr.|Johnson (LBJ)|Martin Luther King (Jr.)"
"Our Friend, Martin","Our Friend, Martin",our friend martin,film,1999.0,1999 American film,540.71,540.71,6,6,"Martin Luther King, Jr.","Martin Luther King, Jr.|Martin Luther King|Dr. Martin Luther King, Jr.|Atlanta, Georgia|Dr. Martin Luther King Jr.|Martin Luther King (Jr.)","Martin Luther King, Jr.|Martin Luther King|Dr. Martin Luther King, Jr.|Atlanta, Georgia|Dr. Martin Luther King Jr.|Martin Luther King (Jr.)"
In the Hour of Chaos,In the Hour of Chaos,in the hour of chaos,film,2016.0,2016 American film,540.71,540.71,6,6,"Martin Luther King, Jr.","Martin Luther King, Jr.|Martin Luther King|Dr. Martin Luther King, Jr.|Atlanta, Georgia|Dr. Martin Luther King Jr.|Martin Luther King (Jr.)","Martin Luther King, Jr.|Martin Luther King|Dr. Martin Luther King, Jr.|Atlanta, Georgia|Dr. Martin Luther King Jr.|Martin Luther King (Jr.)"
I Am Curious (Yellow),I Am Curious (Yellow),i am curious yellow,film,1967.0,1967 Swedish erotic drama film by Vilgot Sjöman,535.91,535.91,6,6,"Martin Luther King, Jr.","Martin Luther King, Jr.|Martin Luther King|Dr. Martin Luther King, Jr.|Dr. Martin Luther King Jr.|Stockholm, Sweden|Martin Luther King (Jr.)","Martin Luther King, Jr.|Martin Luther King|Dr. Martin Luther King, Jr.|Dr. Martin Luther King Jr.|Stockholm, Sweden|Martin Luther King (Jr.)"
Modern Philosophy: An Introduction and Survey,Modern Philosophy: An Introduction and Survey,modern philosophy an introduction and survey,novel,1994.0,1994 book by Roger Scruton,533.93,352.38,6,4,Georg Wilhelm Friedrich Hegel,Georg Wilhelm Friedrich Hegel|Ludwig Wittgenstein|(René) Descartes|Karl Marx|Søren Kierkegaard|Immanuel Kant,Georg Wilhelm Friedrich Hegel|(René) Descartes|Søren Kierkegaard|Immanuel Kant
F1 (film),F1,f1,film,2025.0,2025 film by Joseph Kosinski,531.03,359.12,6,4,Netherlands Holland,Netherlands Holland|Holland (the Netherlands)|Abu Dhabi|Las Vegas|Mexico City|Holland/The Netherlands,Netherlands Holland|Holland (the Netherlands)|Abu Dhabi|Holland/The Netherlands
Look at Life (film),Look at Life,look at life,film,1965.0,1965 American film,454.06,454.06,5,5,"Martin Luther King, Jr.","Martin Luther King, Jr.|Martin Luther King|Dr. Martin Luther King, Jr.|Dr. Martin Luther King Jr.|Martin Luther King (Jr.)","Martin Luther King, Jr.|Martin Luther King|Dr. Martin Luther King, Jr.|Dr. Martin Luther King Jr.|Martin Luther King (Jr.)"
MLK/FBI,MLK/FBI,mlk/fbi,film,2020.0,2020 American film,454.06,454.06,5,5,"Martin Luther King, Jr.","Martin Luther King, Jr.|Martin Luther King|Dr. Martin Luther King, Jr.|Dr. Martin Luther King Jr.|Martin Luther King (Jr.)","Martin Luther King, Jr.|Martin Luther King|Dr. Martin Luther King, Jr.|Dr. Martin Luther King Jr.|Martin Luther King (Jr.)"
"Selma, Lord, Selma","Selma, Lord, Selma",selma lord selma,film,1999.0,1999 American TV film,454.06,454.06,5,5,"Martin Luther King, Jr.","Martin Luther King, Jr.|Martin Luther King|Dr. Martin Luther King, Jr.|Dr. Martin Luther King Jr.|Martin Luther King (Jr.)","Martin Luther King, Jr.|Martin Luther King|Dr. Martin Luther King, Jr.|Dr. Martin Luther King Jr.|Martin Luther King (Jr.)"
King in the Wilderness,King in the Wilderness,king in the wilderness,film,2018.0,2018 American film,454.06,454.06,5,5,"Martin Luther King, Jr.","Martin Luther King, Jr.|Martin Luther King|Dr. Martin Luther King, Jr.|Dr. Martin Luther King Jr.|Martin Luther King (Jr.)","Martin Luther King, Jr.|Martin Luther King|Dr. Martin Luther King, Jr.|Dr. Martin Luther King Jr.|Martin Luther King (Jr.)"
Bringing King to China,Bringing King to China,bringing king to china,film,2011.0,2011 film,454.06,454.06,5,5,"Martin Luther King, Jr.","Martin Luther King, Jr.|Martin Luther King|Dr. Martin Luther King, Jr.|Dr. Martin Luther King Jr.|Martin Luther King (Jr.)","Martin Luther King, Jr.|Martin Luther King|Dr. Martin Luther King, Jr.|Dr. Martin Luther King Jr.|Martin Luther King (Jr.)"
The Witness: From the Balcony of Room 306,The Witness: From the Balcony of Room 306,witness from the balcony of room 306,film,2008.0,2008 American film,454.06,454.06,5,5,"Martin Luther King, Jr.","Martin Luther King, Jr.|Martin Luther King|Dr. Martin Luther King, Jr.|Dr. Martin Luther King Jr.|Martin Luther King (Jr.)","Martin Luther King, Jr.|Martin Luther King|Dr. Martin Luther King, Jr.|Dr. Martin Luther King Jr.|Martin Luther King (Jr.)"
Cinerama Holiday,Cinerama Holiday,cinerama holiday,film,1955.0,1955 film by Philippe De Lacy,445.5,171.08,5,2,"Washington, D.C.","Washington, D.C.|District of Columbia|Las Vegas|New Orleans|Swiss Confederation",District of Columbia|Swiss Confederation
The Lightning Thief,The Lightning Thief,lightning thief,novel,2005.0,2005 novel by Rick Riordan,439.71,86.64,5,1,Los Angeles,"Los Angeles|Las Vegas|St. Louis|Denver, Colorado|New Jersey","Denver, Colorado"
Ali (2001 film),Ali,ali,film,2001.0,2001 film by Michael Mann,438.37,343.5,5,4,New York,New York|Democratic Republic of the Congo|Muhammad Ali Cassius Clay|Democratic Republic of Congo|Muhammad Ali,Democratic Republic of the Congo|Muhammad Ali Cassius Clay|Democratic Republic of Congo|Muhammad Ali
Alternate Presidents,Alternate Presidents,alternate presidents,novel,,Book by Mike Resnick,437.79,266.42,5,3,Theodore Roosevelt,Theodore Roosevelt|Ronald Reagan|George Washington|Richard Nixon|Teddy Roosevelt,Theodore Roosevelt|George Washington|Teddy Roosevelt
The Great Abraham Lincoln Pocket Watch Conspiracy,The Great Abraham Lincoln Pocket Watch Conspiracy,great abraham lincoln pocket watch conspiracy,novel,2014.0,2014 novel written by Jacopo della Quercia,436.19,266.42,5,3,Theodore Roosevelt,Theodore Roosevelt|Alfred Hitchcock|George Washington|Teddy Roosevelt|Nikola Tesla,Theodore Roosevelt|George Washington|Teddy Roosevelt
Assassination Vacation,Assassination Vacation,assassination vacation,novel,2005.0,2005 book by Sarah Vowell,436.07,343.55,5,4,Theodore Roosevelt,Theodore Roosevelt|Abraham Lincoln|William McKinley|Teddy Roosevelt|Abe Lincoln,Theodore Roosevelt|William McKinley|Teddy Roosevelt|Abe Lincoln
The Queen's Corgi,The Queen's Corgi,queens corgi,film,2019.0,2019 film by Ben Stassen,434.17,250.48,5,3,Queen Elizabeth II,Queen Elizabeth II|Elizabeth (I)|Donald Trump|Elizabeth II|Elizabeth I,Elizabeth (I)|Elizabeth II|Elizabeth I
Her Majesty (2001 film),Her Majesty,her majesty,film,2001.0,2001 film by Mark J. Gordon,434.07,250.48,5,3,Queen Elizabeth II,Queen Elizabeth II|Elizabeth (I)|New Zealand|Elizabeth II|Elizabeth I,Elizabeth (I)|Elizabeth II|Elizabeth I
The Queen (2006 film),The Queen,queen,film,2006.0,2006 film by Stephen Frears,431.58,332.32,5,4,Queen Elizabeth II,Queen Elizabeth II|Elizabeth (I)|Elizabeth II|Prince Charles & Princess Diana|Elizabeth I,Elizabeth (I)|Elizabeth II|Prince Charles & Princess Diana|Elizabeth I
Loving Vincent,Loving Vincent,loving vincent,film,2017.0,2017 animated biographical drama film,431.28,431.28,5,5,Netherlands Holland,Netherlands Holland|Holland (the Netherlands)|van Gogh|Vincent van Gogh|Holland/The Netherlands,Netherlands Holland|Holland (the Netherlands)|van Gogh|Vincent van Gogh|Holland/The Netherlands
Lust for Life (1956 film),Lust for Life,lust for life,film,1956.0,"1956 film by Vincente Minnelli, George Cukor",431.28,431.28,5,5,Netherlands Holland,Netherlands Holland|Holland (the Netherlands)|van Gogh|Vincent van Gogh|Holland/The Netherlands,Netherlands Holland|Holland (the Netherlands)|van Gogh|Vincent van Gogh|Holland/The Netherlands
"If It's Tuesday, This Must Be Belgium","If It's Tuesday, This Must Be Belgium",if its tuesday this must be belgium,film,1969.0,1969 romantic comedy film directed by Mel Stuart,429.92,429.92,5,5,Netherlands Holland,Netherlands Holland|Holland (the Netherlands)|East & West Germany|Swiss Confederation|Holland/The Netherlands,Netherlands Holland|Holland (the Netherlands)|East & West Germany|Swiss Confederation|Holland/The Netherlands
Abraham Lincoln (1930 film),Abraham Lincoln,abraham lincoln,film,1930.0,1930 film,423.82,331.3,5,4,(Robert E.) Lee,(Robert E.) Lee|Abraham Lincoln|Robert E. Lee|General Lee|Abe Lincoln,(Robert E.) Lee|Robert E. Lee|General Lee|Abe Lincoln
Family of Secrets,Family of Secrets,family of secrets,novel,,Book by Russ Baker,420.98,338.62,5,4,George Herbert Walker Bush,George Herbert Walker Bush|George (H.W.) Bush|George W. Bush|George Bush|George H. W. Bush,George Herbert Walker Bush|George (H.W.) Bush|George Bush|George H. W. Bush
The Family: The Real Story of the Bush Dynasty,The Family: The Real Story of the Bush Dynasty,family the real story of the bush dynasty,novel,2004.0,2004 book by Kitty Kelley,420.98,338.62,5,4,George Herbert Walker Bush,George Herbert Walker Bush|George (H.W.) Bush|George W. Bush|George Bush|George H. W. Bush,George Herbert Walker Bush|George (H.W.) Bush|George Bush|George H. W. Bush
Calculating Visions,Calculating Visions,calculating visions,novel,1992.0,1992 book by Mark Stern,373.75,180.07,4,2,Lyndon B. Johnson,Lyndon B. Johnson|Lyndon Baines Johnson|(John F.) Kennedy|John F. Kennedy,Lyndon Baines Johnson|John F. Kennedy
Battle for Sevastopol,Battle for Sevastopol,battle for sevastopol,film,2015.0,2015 film,365.94,187.52,4,2,"Washington, D.C.","Washington, D.C.|Crimean Peninsula|District of Columbia|Soviet Union",Crimean Peninsula|District of Columbia
Only God Knows,Only God Knows,only god knows,film,2006.0,2006 film directed by Carlos Bolado,357.31,184.99,4,2,São Paulo,São Paulo|San Diego|Sao Paulo|Mexico City,São Paulo|Sao Paulo
Knowledge and Human Interests,Knowledge and Human Interests,knowledge and human interests,novel,1968.0,1968 book by Jürgen Habermas,356.82,98.63,4,1,Georg Wilhelm Friedrich Hegel,Georg Wilhelm Friedrich Hegel|Friedrich Nietzsche|Karl Marx|Sigmund Freud,Georg Wilhelm Friedrich Hegel
Crusade in Jeans (film),Crusade in Jeans,crusade in jeans,film,2006.0,2006 Dutch film,356.64,270.0,4,3,Netherlands Holland,Netherlands Holland|Holland (the Netherlands)|Children's Crusade|Holland/The Netherlands,Netherlands Holland|Holland (the Netherlands)|Holland/The Netherlands
Congo (film),Congo,congo,film,1995.0,1995 American film,356.01,269.02,4,3,American Sign Language,American Sign Language|Democratic Republic of the Congo|Democratic Republic of Congo|Costa Rica,American Sign Language|Democratic Republic of the Congo|Democratic Republic of Congo
Star Trek: Section 31 (novel series),Star Trek: Section 31 (novel series),star trek section 31 novel series,novel,,Book series,355.52,355.52,3,3,Star Trek,Star Trek|Star Trek: The Next Generation|Star Trek: Voyager,Star Trek|Star Trek: The Next Generation|Star Trek: Voyager
The King's Man,The King's Man,kings man,film,2021.0,2021 film by Matthew Vaughn,353.74,171.24,4,2,Adolf Hitler,Adolf Hitler|Austro-Hungarian Empire|South Africa|Boer War,Austro-Hungarian Empire|Boer War
Elizabeth: The Golden Age,Elizabeth: The Golden Age,elizabeth the golden age,film,2007.0,2007 film by Shekhar Kapur,352.84,352.84,4,4,"Mary, Queen of Scots","Mary, Queen of Scots|Mary (Queen of Scots)|Elizabeth (I)|Elizabeth I","Mary, Queen of Scots|Mary (Queen of Scots)|Elizabeth (I)|Elizabeth I"
"Mary, Queen of Scots (1971 film)","Mary, Queen of Scots",mary queen of scots,film,1971.0,1971 historical drama film by Charles Jarrott,352.84,352.84,4,4,"Mary, Queen of Scots","Mary, Queen of Scots|Mary (Queen of Scots)|Elizabeth (I)|Elizabeth I","Mary, Queen of Scots|Mary (Queen of Scots)|Elizabeth (I)|Elizabeth I"
Mary of Scotland (film),Mary of Scotland,mary of scotland,film,1936.0,1936 film by John Ford,352.84,352.84,4,4,"Mary, Queen of Scots","Mary, Queen of Scots|Mary (Queen of Scots)|Elizabeth (I)|Elizabeth I","Mary, Queen of Scots|Mary (Queen of Scots)|Elizabeth (I)|Elizabeth I"
The Heart of the Queen,The Heart of the Queen,heart of the queen,film,1940.0,1940 film,352.84,352.84,4,4,"Mary, Queen of Scots","Mary, Queen of Scots|Mary (Queen of Scots)|Elizabeth (I)|Elizabeth I","Mary, Queen of Scots|Mary (Queen of Scots)|Elizabeth (I)|Elizabeth I"
Mary Queen of Scots (2018 film),Mary Queen of Scots,mary queen of scots,film,2018.0,2018 film by Josie Rourke,352.84,352.84,4,4,"Mary, Queen of Scots","Mary, Queen of Scots|Mary (Queen of Scots)|Elizabeth (I)|Elizabeth I","Mary, Queen of Scots|Mary (Queen of Scots)|Elizabeth (I)|Elizabeth I"
Fairytale (film),Fairytale,fairytale,film,2022.0,2022 film,352.64,88.29,4,1,Adolf Hitler,Adolf Hitler|Josef Stalin|Winston Churchill|Benito Mussolini,Josef Stalin
A Queen's Ransom,A Queen's Ransom,queens ransom,film,1976.0,1976 Hong Kong film by Ting Shan-hsi,349.74,250.48,4,3,Queen Elizabeth II,Queen Elizabeth II|Elizabeth (I)|Elizabeth II|Elizabeth I,Elizabeth (I)|Elizabeth II|Elizabeth I
Royal Journey,Royal Journey,royal journey,film,1951.0,1951 Canadian film,349.74,250.48,4,3,Queen Elizabeth II,Queen Elizabeth II|Elizabeth (I)|Elizabeth II|Elizabeth I,Elizabeth (I)|Elizabeth II|Elizabeth I
A Royal Night Out,A Royal Night Out,royal night out,film,2015.0,2015 film by Julian Jarrold,349.74,250.48,4,3,Queen Elizabeth II,Queen Elizabeth II|Elizabeth (I)|Elizabeth II|Elizabeth I,Elizabeth (I)|Elizabeth II|Elizabeth I
The Naked Gun: From the Files of Police Squad!,The Naked Gun: From the Files of Police Squad!,naked gun from the files of police squad,film,1988.0,1988 film directed by David Zucker,349.74,250.48,4,3,Queen Elizabeth II,Queen Elizabeth II|Elizabeth (I)|Elizabeth II|Elizabeth I,Elizabeth (I)|Elizabeth II|Elizabeth I
Minions (film),Minions,minions,film,2015.0,2015 American animated film,349.74,250.48,4,3,Queen Elizabeth II,Queen Elizabeth II|Elizabeth (I)|Elizabeth II|Elizabeth I,Elizabeth (I)|Elizabeth II|Elizabeth I
Elizabeth: A Portrait in Parts,Elizabeth: A Portrait in Parts,elizabeth a portrait in parts,film,2022.0,2022 British film,349.74,250.48,4,3,Queen Elizabeth II,Queen Elizabeth II|Elizabeth (I)|Elizabeth II|Elizabeth I,Elizabeth (I)|Elizabeth II|Elizabeth I
The Queen in Australia,The Queen in Australia,queen in australia,film,1954.0,1954 Australian film,349.74,250.48,4,3,Queen Elizabeth II,Queen Elizabeth II|Elizabeth (I)|Elizabeth II|Elizabeth I,Elizabeth (I)|Elizabeth II|Elizabeth I
First Principles (book),First Principles,first principles,novel,2020.0,2020 book by Thomas E. Ricks,349.42,349.42,4,4,Thomas Jefferson,Thomas Jefferson|John Adams & John Quincy Adams|George Washington|James Madison,Thomas Jefferson|John Adams & John Quincy Adams|George Washington|James Madison
Big George Foreman,Big George Foreman,big george foreman,film,2023.0,2023 film by George Tillman Jr.,349.31,177.4,4,2,Democratic Republic of the Congo,Democratic Republic of the Congo|Las Vegas|Democratic Republic of Congo|Mexico City,Democratic Republic of the Congo|Democratic Republic of Congo
The Diary of Anne Frank (1959 film),The Diary of Anne Frank,diary of anne frank,film,1959.0,1959 American film directed by George Stevens,349.3,349.3,4,4,Netherlands Holland,Netherlands Holland|Holland (the Netherlands)|Anne Frank|Holland/The Netherlands,Netherlands Holland|Holland (the Netherlands)|Anne Frank|Holland/The Netherlands
The Bourne Supremacy (film),The Bourne Supremacy,bourne supremacy,film,2004.0,2004 action film by Paul Greengrass,348.29,270.0,4,3,Netherlands Holland,Netherlands Holland|Holland (the Netherlands)|Green Berets|Holland/The Netherlands,Netherlands Holland|Holland (the Netherlands)|Holland/The Netherlands
The Birth of a Nation,The Birth of a Nation,birth of a nation,film,1915.0,1915 film by D. W. Griffith,347.53,256.22,4,3,(Robert E.) Lee,(Robert E.) Lee|South Carolina|Robert E. Lee|General Lee,(Robert E.) Lee|Robert E. Lee|General Lee
The Flying Dutchman (1957 film),The Flying Dutchman,flying dutchman,film,1957.0,1957 Dutch film,347.21,270.0,4,3,Netherlands Holland,Netherlands Holland|Holland (the Netherlands)|Holland/The Netherlands|World War I,Netherlands Holland|Holland (the Netherlands)|Holland/The Netherlands
The Story of Mankind (film),The Story of Mankind,story of mankind,film,1957.0,1957 film by Irwin Allen,343.22,254.37,4,3,Joan of Arc,Joan of Arc|Elizabeth (I)|Marie Antoinette|Elizabeth I,Elizabeth (I)|Marie Antoinette|Elizabeth I
Africa United (2010 film),Africa United,africa united,film,2010.0,2010 film by Deborah Gardner-Paterson,339.34,255.9,4,3,Democratic Republic of the Congo,Democratic Republic of the Congo|Democratic Republic of Congo|South Africa|Buru Island,Democratic Republic of the Congo|Democratic Republic of Congo|Buru Island
What It Takes: The Way to the White House,What It Takes: The Way to the White House,what it takes the way to the white house,novel,1992.0,1992 book by Richard Ben Cramer,338.62,338.62,4,4,George Herbert Walker Bush,George Herbert Walker Bush|George (H.W.) Bush|George Bush|George H. W. Bush,George Herbert Walker Bush|George (H.W.) Bush|George Bush|George H. W. Bush
Destiny and Power,Destiny and Power,destiny and power,novel,2015.0,2015 book by Jon Meacham,338.62,338.62,4,4,George Herbert Walker Bush,George Herbert Walker Bush|George (H.W.) Bush|George Bush|George H. W. Bush,George Herbert Walker Bush|George (H.W.) Bush|George Bush|George H. W. Bush
Flyboys: A True Story of Courage,Flyboys: A True Story of Courage,flyboys a true story of courage,novel,2003.0,2003 book by James Bradley,338.62,338.62,4,4,George Herbert Walker Bush,George Herbert Walker Bush|George (H.W.) Bush|George Bush|George H. W. Bush,George Herbert Walker Bush|George (H.W.) Bush|George Bush|George H. W. Bush
41: A Portrait of My Father,41: A Portrait of My Father,41 a portrait of my father,novel,,Book by George W. Bush,338.62,338.62,4,4,George Herbert Walker Bush,George Herbert Walker Bush|George (H.W.) Bush|George Bush|George H. W. Bush,George Herbert Walker Bush|George (H.W.) Bush|George Bush|George H. W. Bush
The Cobweb (novel),The Cobweb,cobweb,novel,1996.0,1996 novel by Neal Stephenson and J. Frederick George,338.62,338.62,4,4,George Herbert Walker Bush,George Herbert Walker Bush|George (H.W.) Bush|George Bush|George H. W. Bush,George Herbert Walker Bush|George (H.W.) Bush|George Bush|George H. W. Bush
A World Transformed,A World Transformed,world transformed,novel,1998.0,1998 book by George H. W. Bush and Brent Scowcroft,338.62,338.62,4,4,George Herbert Walker Bush,George Herbert Walker Bush|George (H.W.) Bush|George Bush|George H. W. Bush,George Herbert Walker Bush|George (H.W.) Bush|George Bush|George H. W. Bush
The Call of Cthulhu (film),The Call of Cthulhu,call of cthulhu,film,2005.0,2005 American film,336.29,81.84,4,1,New Orleans,"New Orleans|New Zealand|Rhode Island|Sydney, Australia","Sydney, Australia"
The Sum of All Fears,The Sum of All Fears,sum of all fears,novel,1991.0,1991 thriller novel by Tom Clancy,330.39,168.33,4,2,"Denver, Colorado","Denver, Colorado|Mexico City|Saudi Arabia|Vatican City","Denver, Colorado|Saudi Arabia"
Akeelah and the Bee,Akeelah and the Bee,akeelah and the bee,film,2006.0,2006 film by Doug Atchison,286.07,93.01,3,1,"Washington, D.C.","Washington, D.C.|Los Angeles|District of Columbia",District of Columbia
D.A.R.Y.L.,D.A.R.Y.L.,d.a.r.y.l.,film,1985.0,1985 film by Simon Wincer,284.15,93.01,3,1,"Washington, D.C.","Washington, D.C.|District of Columbia|South Carolina",District of Columbia
Heated Rivalry (novel),Heated Rivalry,heated rivalry,novel,2019.0,2019 novel by Rachel Reid,281.35,0.0,3,0,"Washington, D.C.","Washington, D.C.|Los Angeles|Las Vegas",
The Rival of the Empress,The Rival of the Empress,rival of the empress,film,1951.0,1951 film,281.17,281.17,3,3,Catherine the Great,Catherine the Great|Catherine II of Russia|Catherine (the Great),Catherine the Great|Catherine II of Russia|Catherine (the Great)
Princess Tarakanova (1938 film),Princess Tarakanova,princess tarakanova,film,1938.0,1938 film,281.17,281.17,3,3,Catherine the Great,Catherine the Great|Catherine II of Russia|Catherine (the Great),Catherine the Great|Catherine II of Russia|Catherine (the Great)
Catherine the Great (2025 film),Catherine the Great,catherine the great,film,2025.0,2025 Russian film,281.17,281.17,3,3,Catherine the Great,Catherine the Great|Catherine II of Russia|Catherine (the Great),Catherine the Great|Catherine II of Russia|Catherine (the Great)
Princess Tarakanova (1910 film),Princess Tarakanova,princess tarakanova,film,1910.0,1910 Russian film,281.17,281.17,3,3,Catherine the Great,Catherine the Great|Catherine II of Russia|Catherine (the Great),Catherine the Great|Catherine II of Russia|Catherine (the Great)
Münchhausen (1943 film),Münchhausen,munchhausen,film,1943.0,1943 German film by Josef von Báky,281.17,281.17,3,3,Catherine the Great,Catherine the Great|Catherine II of Russia|Catherine (the Great),Catherine the Great|Catherine II of Russia|Catherine (the Great)
Great Catherine (film),Great Catherine,great catherine,film,1968.0,1968 British film by Gordon Flemyng,281.17,281.17,3,3,Catherine the Great,Catherine the Great|Catherine II of Russia|Catherine (the Great),Catherine the Great|Catherine II of Russia|Catherine (the Great)
The Scarlet Empress,The Scarlet Empress,scarlet empress,film,1934.0,1934 film by Josef von Sternberg,281.17,281.17,3,3,Catherine the Great,Catherine the Great|Catherine II of Russia|Catherine (the Great),Catherine the Great|Catherine II of Russia|Catherine (the Great)
Tarakanova (film),Tarakanova,tarakanova,film,1930.0,1930 film,281.17,281.17,3,3,Catherine the Great,Catherine the Great|Catherine II of Russia|Catherine (the Great),Catherine the Great|Catherine II of Russia|Catherine (the Great)
The Crazy Empress,The Crazy Empress,crazy empress,film,2025.0,2025 Russian fantasy comedy film,281.17,281.17,3,3,Catherine the Great,Catherine the Great|Catherine II of Russia|Catherine (the Great),Catherine the Great|Catherine II of Russia|Catherine (the Great)
Dreams of Russia,Dreams of Russia,dreams of russia,film,1992.0,1992 Japanese film,281.17,281.17,3,3,Catherine the Great,Catherine the Great|Catherine II of Russia|Catherine (the Great),Catherine the Great|Catherine II of Russia|Catherine (the Great)
Forbidden Paradise,Forbidden Paradise,forbidden paradise,film,1924.0,1924 film by Ernst Lubitsch,281.17,281.17,3,3,Catherine the Great,Catherine the Great|Catherine II of Russia|Catherine (the Great),Catherine the Great|Catherine II of Russia|Catherine (the Great)
The Toy of the Tsarina,The Toy of the Tsarina,toy of the tsarina,film,1919.0,1919 German film,281.17,281.17,3,3,Catherine the Great,Catherine the Great|Catherine II of Russia|Catherine (the Great),Catherine the Great|Catherine II of Russia|Catherine (the Great)
Shadow of the Eagle (1950 film),Shadow of the Eagle,shadow of the eagle,film,1950.0,1950 film,281.17,281.17,3,3,Catherine the Great,Catherine the Great|Catherine II of Russia|Catherine (the Great),Catherine the Great|Catherine II of Russia|Catherine (the Great)
Viva Gardes-Marines!,Viva Gardes-Marines!,viva gardes-marines,film,1991.0,1991 film by Svetlana Druzhinina,281.17,281.17,3,3,Catherine the Great,Catherine the Great|Catherine II of Russia|Catherine (the Great),Catherine the Great|Catherine II of Russia|Catherine (the Great)
The Rise of Catherine the Great,The Rise of Catherine the Great,rise of catherine the great,film,1934.0,1934 British film,281.17,281.17,3,3,Catherine the Great,Catherine the Great|Catherine II of Russia|Catherine (the Great),Catherine the Great|Catherine II of Russia|Catherine (the Great)
A Royal Scandal (1945 film),A Royal Scandal,royal scandal,film,1945.0,1945 film by Otto Preminger & Ernst Lubitsch,281.17,281.17,3,3,Catherine the Great,Catherine the Great|Catherine II of Russia|Catherine (the Great),Catherine the Great|Catherine II of Russia|Catherine (the Great)
The Captain's Daughter (2000 film),The Captain's Daughter,captains daughter,film,2000.0,2000 Russian film,281.17,281.17,3,3,Catherine the Great,Catherine the Great|Catherine II of Russia|Catherine (the Great),Catherine the Great|Catherine II of Russia|Catherine (the Great)
Catherine of Russia (film),Catherine of Russia,catherine of russia,film,1963.0,1963 film,281.17,281.17,3,3,Catherine the Great,Catherine the Great|Catherine II of Russia|Catherine (the Great),Catherine the Great|Catherine II of Russia|Catherine (the Great)
Catherine the Great (1920 film),Catherine the Great,catherine the great,film,1920.0,1920 film,281.17,281.17,3,3,Catherine the Great,Catherine the Great|Catherine II of Russia|Catherine (the Great),Catherine the Great|Catherine II of Russia|Catherine (the Great)
Charlie Wilson's War (film),Charlie Wilson's War,charlie wilsons war,film,2007.0,2007 American film,281.13,93.01,3,1,"Washington, D.C.","Washington, D.C.|District of Columbia|Las Vegas",District of Columbia
Battleship (film),Battleship,battleship,film,2012.0,2012 military science fiction action film by Peter Berg,280.32,93.01,3,1,"Washington, D.C.","Washington, D.C.|District of Columbia|Hong Kong",District of Columbia
Bionico's Bachata,Bionico's Bachata,bionicos bachata,film,2024.0,2024 Dominican Republic film,279.91,97.79,3,1,Dominican Republic,Dominican Republic|Romeo & Juliet|Romeo and Juliet,Romeo & Juliet
Battlefield Earth (film),Battlefield Earth,battlefield earth,film,2000.0,2000 film by Roger Christian,279.48,179.65,3,2,"Washington, D.C.","Washington, D.C.|District of Columbia|Denver, Colorado","District of Columbia|Denver, Colorado"
The Campaign (film),The Campaign,campaign,film,2012.0,2012 American political black comedy film by Jay Roach,279.13,93.01,3,1,"Washington, D.C.","Washington, D.C.|District of Columbia|New Orleans",District of Columbia
Black Sunday (1977 film),Black Sunday,black sunday,film,1977.0,1977 film by John Frankenheimer,278.02,93.01,3,1,"Washington, D.C.","Washington, D.C.|District of Columbia|Cold War",District of Columbia
The Day the Earth Stood Still,The Day the Earth Stood Still,day the earth stood still,film,1951.0,1951 science fiction film by Robert Wise,278.02,93.01,3,1,"Washington, D.C.","Washington, D.C.|District of Columbia|Cold War",District of Columbia
Contact (1997 American film),Contact,contact,film,1997.0,1997 film by Robert Zemeckis,277.56,177.73,3,2,"Washington, D.C.","Washington, D.C.|District of Columbia|Puerto Rico",District of Columbia|Puerto Rico
LBJ (2016 film),LBJ,lbj,film,2016.0,2016 film by Rob Reiner,277.27,179.16,3,2,Lyndon B. Johnson,Lyndon B. Johnson|Lyndon Baines Johnson|Johnson (LBJ),Lyndon Baines Johnson|Johnson (LBJ)
Black Dynamite,Black Dynamite,black dynamite,film,2009.0,2009 American blaxploitation action comedy film,277.1,93.01,3,1,"Washington, D.C.","Washington, D.C.|District of Columbia|Richard Nixon",District of Columbia
American Hustle,American Hustle,american hustle,film,2013.0,2013 film directed by David O. Russell,276.64,93.01,3,1,"Washington, D.C.","Washington, D.C.|District of Columbia|New Jersey",District of Columbia
Captain America: The Winter Soldier,Captain America: The Winter Soldier,captain america the winter soldier,film,2014.0,2014 Marvel Studios film,276.64,93.01,3,1,"Washington, D.C.","Washington, D.C.|District of Columbia|New Jersey",District of Columbia
All Eyez on Me (film),All Eyez on Me,all eyez on me,film,2017.0,2017 film by Benny Boom,276.39,0.0,3,0,New York,New York|Los Angeles|Las Vegas,
Aaron Loves Angela,Aaron Loves Angela,aaron loves angela,film,1975.0,1975 film,275.32,97.79,3,1,Romeo & Juliet,Romeo & Juliet|New York|Romeo and Juliet,Romeo & Juliet
The Iroquois Trail,The Iroquois Trail,iroquois trail,film,1950.0,1950 American film by Phil Karlson,273.68,273.68,3,3,French and Indian War,"French and Indian War|French & Indian War|\""The Last of the Mohicans\","French and Indian War|French & Indian War|\""The Last of the Mohicans\"
Buddy the Gee Man,Buddy the Gee Man,buddy the gee man,film,1935.0,1935 film,272.5,172.66,3,2,"Washington, D.C.","Washington, D.C.|District of Columbia|Kansas City",District of Columbia|Kansas City
Thirteen Days (film),Thirteen Days,thirteen days,film,2000.0,2000 US film directed by Roger Donaldson,272.32,176.73,3,2,(John F.) Kennedy,(John F.) Kennedy|Robert Kennedy|John F. Kennedy,Robert Kennedy|John F. Kennedy
War 2 (film),War 2,war 2,film,2025.0,2025 Indian film by Ayan Mukerji,272.05,173.67,3,2,United Arab Emirates,United Arab Emirates|Abu Dhabi|Myanmar Burma,Abu Dhabi|Myanmar Burma
Silverlock,Silverlock,silverlock,novel,1949.0,1949 novel by John Myers Myers,271.91,187.98,3,2,Midsummer Night's Dream,"Midsummer Night's Dream|\""Don Quixote\|Don Quixote","Midsummer Night's Dream|\""Don Quixote\"
American Folk,American Folk,american folk,film,2017.0,2017 American film,271.9,0.0,3,0,New York,New York|Los Angeles|New Jersey,
PT 109 (film),PT 109,pt 109,film,1963.0,1963 film by Leslie H. Martinson,271.9,176.31,3,2,(John F.) Kennedy,(John F.) Kennedy|Solomon Islands|John F. Kennedy,Solomon Islands|John F. Kennedy
Bridge of Spies (film),Bridge of Spies,bridge of spies,film,2015.0,2015 film by Steven Spielberg,271.43,93.01,3,1,"Washington, D.C.","Washington, D.C.|District of Columbia|Soviet Union",District of Columbia
The Butler,The Butler,butler,film,2013.0,2013 American historical drama film by Lee Daniels,270.92,93.01,3,1,"Washington, D.C.","Washington, D.C.|District of Columbia|Nashville, Tennessee",District of Columbia
Sacrifice in the Post-Kantian Tradition,Sacrifice in the Post-Kantian Tradition,sacrifice in the post-kantian tradition,novel,2014.0,2014 book by Diego Bubbio,270.87,176.25,3,2,Georg Wilhelm Friedrich Hegel,Georg Wilhelm Friedrich Hegel|Friedrich Nietzsche|Immanuel Kant,Georg Wilhelm Friedrich Hegel|Immanuel Kant
The Bubble (2006 film),The Bubble,bubble,film,2006.0,2006 film by Eytan Fox,270.12,187.47,3,2,Romeo & Juliet,Romeo & Juliet|Tel Aviv|Romeo and Juliet,Romeo & Juliet|Tel Aviv
The 355,The 355,355,film,2022.0,2022 American film by Simon Kinberg,270.06,93.01,3,1,"Washington, D.C.","Washington, D.C.|District of Columbia|World War I",District of Columbia
American Animals,American Animals,american animals,film,2018.0,2018 UK/US heist film,270.0,270.0,3,3,Netherlands Holland,Netherlands Holland|Holland (the Netherlands)|Holland/The Netherlands,Netherlands Holland|Holland (the Netherlands)|Holland/The Netherlands
The Cloister and the Hearth (film),The Cloister and the Hearth,cloister and the hearth,film,1913.0,1913 British film by Cecil M. Hepworth,270.0,270.0,3,3,Netherlands Holland,Netherlands Holland|Holland (the Netherlands)|Holland/The Netherlands,Netherlands Holland|Holland (the Netherlands)|Holland/The Netherlands
Anne no Nikki: Anne Frank Monogatari,Anne no Nikki: Anne Frank Monogatari,anne no nikki anne frank monogatari,film,1979.0,1979 Japanese anime film,270.0,270.0,3,3,Netherlands Holland,Netherlands Holland|Holland (the Netherlands)|Holland/The Netherlands,Netherlands Holland|Holland (the Netherlands)|Holland/The Netherlands
Away (2025 film),Away,away,film,2025.0,2025 film,270.0,270.0,3,3,Netherlands Holland,Netherlands Holland|Holland (the Netherlands)|Holland/The Netherlands,Netherlands Holland|Holland (the Netherlands)|Holland/The Netherlands
The Assault (1986 film),The Assault,assault,film,1986.0,1986 film by Fons Rademakers,270.0,270.0,3,3,Netherlands Holland,Netherlands Holland|Holland (the Netherlands)|Holland/The Netherlands,Netherlands Holland|Holland (the Netherlands)|Holland/The Netherlands
Antonia's Line,Antonia's Line,antonias line,film,1995.0,1995 film,270.0,270.0,3,3,Netherlands Holland,Netherlands Holland|Holland (the Netherlands)|Holland/The Netherlands,Netherlands Holland|Holland (the Netherlands)|Holland/The Netherlands
The Black Tulip (1937 film),The Black Tulip,black tulip,film,1937.0,1937 British film by Alex Bryce,270.0,270.0,3,3,Netherlands Holland,Netherlands Holland|Holland (the Netherlands)|Holland/The Netherlands,Netherlands Holland|Holland (the Netherlands)|Holland/The Netherlands
Black Out (2012 film),Black Out,black out,film,2012.0,2012 film by Arne Toonen,270.0,270.0,3,3,Netherlands Holland,Netherlands Holland|Holland (the Netherlands)|Holland/The Netherlands,Netherlands Holland|Holland (the Netherlands)|Holland/The Netherlands
Bon Bini: Bangkok Nights,Bon Bini: Bangkok Nights,bon bini bangkok nights,film,2023.0,2023 Dutch film directed by Pieter van Rijn,270.0,270.0,3,3,Netherlands Holland,Netherlands Holland|Holland (the Netherlands)|Holland/The Netherlands,Netherlands Holland|Holland (the Netherlands)|Holland/The Netherlands
The Black Tulip Festival,The Black Tulip Festival,black tulip festival,film,1920.0,1920 German silent film,270.0,270.0,3,3,Netherlands Holland,Netherlands Holland|Holland (the Netherlands)|Holland/The Netherlands,Netherlands Holland|Holland (the Netherlands)|Holland/The Netherlands
A Bridge Too Far (film),A Bridge Too Far,bridge too far,film,1977.0,1977 film by Richard Attenborough,270.0,270.0,3,3,Netherlands Holland,Netherlands Holland|Holland (the Netherlands)|Holland/The Netherlands,Netherlands Holland|Holland (the Netherlands)|Holland/The Netherlands
Character (film),Character,character,film,1997.0,1997 Dutch film,270.0,270.0,3,3,Netherlands Holland,Netherlands Holland|Holland (the Netherlands)|Holland/The Netherlands,Netherlands Holland|Holland (the Netherlands)|Holland/The Netherlands
But Not in Vain,But Not in Vain,but not in vain,film,1948.0,1948 British film by Edmond T. Gréville,270.0,270.0,3,3,Netherlands Holland,Netherlands Holland|Holland (the Netherlands)|Holland/The Netherlands,Netherlands Holland|Holland (the Netherlands)|Holland/The Netherlands
De Brief voor Sinterklaas,De Brief voor Sinterklaas,de brief voor sinterklaas,film,2019.0,2019 Dutch film directed by Lucio Messercola,270.0,270.0,3,3,Netherlands Holland,Netherlands Holland|Holland (the Netherlands)|Holland/The Netherlands,Netherlands Holland|Holland (the Netherlands)|Holland/The Netherlands
Alatriste,Alatriste,alatriste,film,2006.0,2006 Spanish film,270.0,270.0,3,3,Netherlands Holland,Netherlands Holland|Holland (the Netherlands)|Holland/The Netherlands,Netherlands Holland|Holland (the Netherlands)|Holland/The Netherlands
Aletta Jacobs: Het Hoogste Streven,Aletta Jacobs: Het Hoogste Streven,aletta jacobs het hoogste streven,film,1995.0,1995 Dutch film,270.0,270.0,3,3,Netherlands Holland,Netherlands Holland|Holland (the Netherlands)|Holland/The Netherlands,Netherlands Holland|Holland (the Netherlands)|Holland/The Netherlands
Godforsaken,Godforsaken,godforsaken,film,2003.0,2003 Dutch film,270.0,270.0,3,3,Netherlands Holland,Netherlands Holland|Holland (the Netherlands)|Holland/The Netherlands,Netherlands Holland|Holland (the Netherlands)|Holland/The Netherlands
Gooische Vrouwen (film),Gooische Vrouwen,gooische vrouwen,film,2011.0,2011 film by Will Koopman,270.0,270.0,3,3,Netherlands Holland,Netherlands Holland|Holland (the Netherlands)|Holland/The Netherlands,Netherlands Holland|Holland (the Netherlands)|Holland/The Netherlands
Dennis P.,Dennis P.,dennis p.,film,2007.0,2007 Dutch film,270.0,270.0,3,3,Netherlands Holland,Netherlands Holland|Holland (the Netherlands)|Holland/The Netherlands,Netherlands Holland|Holland (the Netherlands)|Holland/The Netherlands
Dik Trom (film),Dik Trom,dik trom,film,2010.0,2010 film by Arne Toonen,270.0,270.0,3,3,Netherlands Holland,Netherlands Holland|Holland (the Netherlands)|Holland/The Netherlands,Netherlands Holland|Holland (the Netherlands)|Holland/The Netherlands
Gooische Vrouwen 2,Gooische Vrouwen 2,gooische vrouwen 2,film,2014.0,2014 Dutch film directed by Will Koopman,270.0,270.0,3,3,Netherlands Holland,Netherlands Holland|Holland (the Netherlands)|Holland/The Netherlands,Netherlands Holland|Holland (the Netherlands)|Holland/The Netherlands
Costa!,Costa!,costa,film,2001.0,2001 Dutch film directed by Johan Nijenhuis,270.0,270.0,3,3,Netherlands Holland,Netherlands Holland|Holland (the Netherlands)|Holland/The Netherlands,Netherlands Holland|Holland (the Netherlands)|Holland/The Netherlands
Nederland en Oranje,Nederland en Oranje,nederland en oranje,film,1913.0,1913 Dutch film,270.0,270.0,3,3,Netherlands Holland,Netherlands Holland|Holland (the Netherlands)|Holland/The Netherlands,Netherlands Holland|Holland (the Netherlands)|Holland/The Netherlands
Juf Braaksel en de geniale ontsnapping,Juf Braaksel en de geniale ontsnapping,juf braaksel en de geniale ontsnapping,film,2024.0,2024 Dutch film directed by Aram van de Rest,270.0,270.0,3,3,Netherlands Holland,Netherlands Holland|Holland (the Netherlands)|Holland/The Netherlands,Netherlands Holland|Holland (the Netherlands)|Holland/The Netherlands
The Fourth Man (1983 film),The Fourth Man,fourth man,film,1983.0,1983 film by Paul Verhoeven,270.0,270.0,3,3,Netherlands Holland,Netherlands Holland|Holland (the Netherlands)|Holland/The Netherlands,Netherlands Holland|Holland (the Netherlands)|Holland/The Netherlands
The Fountain (1934 film),The Fountain,fountain,film,1934.0,1934 film by John Cromwell,270.0,270.0,3,3,Netherlands Holland,Netherlands Holland|Holland (the Netherlands)|Holland/The Netherlands,Netherlands Holland|Holland (the Netherlands)|Holland/The Netherlands
Gift from the Heart,Gift from the Heart,gift from the heart,film,2014.0,2014 Dutch romantic comedy film,270.0,270.0,3,3,Netherlands Holland,Netherlands Holland|Holland (the Netherlands)|Holland/The Netherlands,Netherlands Holland|Holland (the Netherlands)|Holland/The Netherlands
Girl with a Pearl Earring (film),Girl with a Pearl Earring,girl with a pearl earring,film,2003.0,2003 drama film by Peter Webber,270.0,270.0,3,3,Netherlands Holland,Netherlands Holland|Holland (the Netherlands)|Holland/The Netherlands,Netherlands Holland|Holland (the Netherlands)|Holland/The Netherlands
Gestoorde hengelaar,Gestoorde hengelaar,gestoorde hengelaar,film,1896.0,1896 film directed by M.H. Laddé and J.W. Merkelbach,270.0,270.0,3,3,Netherlands Holland,Netherlands Holland|Holland (the Netherlands)|Holland/The Netherlands,Netherlands Holland|Holland (the Netherlands)|Holland/The Netherlands
The Gang of Oss,The Gang of Oss,gang of oss,film,2011.0,2011 film,270.0,270.0,3,3,Netherlands Holland,Netherlands Holland|Holland (the Netherlands)|Holland/The Netherlands,Netherlands Holland|Holland (the Netherlands)|Holland/The Netherlands
The Dinner Club,The Dinner Club,dinner club,film,2010.0,2010 Dutch drama film,270.0,270.0,3,3,Netherlands Holland,Netherlands Holland|Holland (the Netherlands)|Holland/The Netherlands,Netherlands Holland|Holland (the Netherlands)|Holland/The Netherlands
The Divorcée (1926 film),The Divorcée,divorcee,film,1926.0,1926 film,270.0,270.0,3,3,Netherlands Holland,Netherlands Holland|Holland (the Netherlands)|Holland/The Netherlands,Netherlands Holland|Holland (the Netherlands)|Holland/The Netherlands
Beerfest,Beerfest,beerfest,film,2006.0,2006 comedy film directed by Jay Chandrasekhar,270.0,270.0,3,3,Netherlands Holland,Netherlands Holland|Holland (the Netherlands)|Holland/The Netherlands,Netherlands Holland|Holland (the Netherlands)|Holland/The Netherlands
Becoming Zlatan,Becoming Zlatan,becoming zlatan,film,2015.0,2015 Swedish film,270.0,270.0,3,3,Netherlands Holland,Netherlands Holland|Holland (the Netherlands)|Holland/The Netherlands,Netherlands Holland|Holland (the Netherlands)|Holland/The Netherlands
Black Book (film),Black Book,black book,film,2006.0,2006 Dutch film by Paul Verhoeven,270.0,270.0,3,3,Netherlands Holland,Netherlands Holland|Holland (the Netherlands)|Holland/The Netherlands,Netherlands Holland|Holland (the Netherlands)|Holland/The Netherlands
Betrayed (1954 film),Betrayed,betrayed,film,1954.0,1954 film by Gottfried Reinhardt,270.0,270.0,3,3,Netherlands Holland,Netherlands Holland|Holland (the Netherlands)|Holland/The Netherlands,Netherlands Holland|Holland (the Netherlands)|Holland/The Netherlands
Belle van Zuylen – Madame de Charrière,Belle van Zuylen – Madame de Charrière,belle van zuylen – madame de charriere,film,1993.0,1993 Dutch film,270.0,270.0,3,3,Netherlands Holland,Netherlands Holland|Holland (the Netherlands)|Holland/The Netherlands,Netherlands Holland|Holland (the Netherlands)|Holland/The Netherlands
The Black Meteor,The Black Meteor,black meteor,film,2000.0,2000 film,270.0,270.0,3,3,Netherlands Holland,Netherlands Holland|Holland (the Netherlands)|Holland/The Netherlands,Netherlands Holland|Holland (the Netherlands)|Holland/The Netherlands
Duska (film),Duska,duska,film,2007.0,2007 Dutch film,270.0,270.0,3,3,Netherlands Holland,Netherlands Holland|Holland (the Netherlands)|Holland/The Netherlands,Netherlands Holland|Holland (the Netherlands)|Holland/The Netherlands
Eline Vere (film),Eline Vere,eline vere,film,1991.0,1991 film,270.0,270.0,3,3,Netherlands Holland,Netherlands Holland|Holland (the Netherlands)|Holland/The Netherlands,Netherlands Holland|Holland (the Netherlands)|Holland/The Netherlands
Evenings (film),Evenings,evenings,film,1989.0,1989 film,270.0,270.0,3,3,Netherlands Holland,Netherlands Holland|Holland (the Netherlands)|Holland/The Netherlands,Netherlands Holland|Holland (the Netherlands)|Holland/The Netherlands
The Exception,The Exception,exception,film,2016.0,2016 film by David Leveaux,270.0,270.0,3,3,Netherlands Holland,Netherlands Holland|Holland (the Netherlands)|Holland/The Netherlands,Netherlands Holland|Holland (the Netherlands)|Holland/The Netherlands
The Exile (1947 film),The Exile,exile,film,1947.0,1947 film by Max Ophüls,270.0,270.0,3,3,Netherlands Holland,Netherlands Holland|Holland (the Netherlands)|Holland/The Netherlands,Netherlands Holland|Holland (the Netherlands)|Holland/The Netherlands
Feuten: Het Feestje,Feuten: Het Feestje,feuten het feestje,film,2011.0,2011 Dutch drama film,270.0,270.0,3,3,Netherlands Holland,Netherlands Holland|Holland (the Netherlands)|Holland/The Netherlands,Netherlands Holland|Holland (the Netherlands)|Holland/The Netherlands
Dunya and Desi (film),Dunya and Desi,dunya and desi,film,2008.0,2008 Dutch film,270.0,270.0,3,3,Netherlands Holland,Netherlands Holland|Holland (the Netherlands)|Holland/The Netherlands,Netherlands Holland|Holland (the Netherlands)|Holland/The Netherlands
The Divorcée,The Divorcée,divorcee,film,1953.0,1953 film,270.0,270.0,3,3,Netherlands Holland,Netherlands Holland|Holland (the Netherlands)|Holland/The Netherlands,Netherlands Holland|Holland (the Netherlands)|Holland/The Netherlands
Kidnapping Freddy Heineken,Kidnapping Freddy Heineken,kidnapping freddy heineken,film,2015.0,2015 film directed by Daniel Alfredson,270.0,270.0,3,3,Netherlands Holland,Netherlands Holland|Holland (the Netherlands)|Holland/The Netherlands,Netherlands Holland|Holland (the Netherlands)|Holland/The Netherlands
Killer Babes,Killer Babes,killer babes,film,2007.0,2007 Dutch film,270.0,270.0,3,3,Netherlands Holland,Netherlands Holland|Holland (the Netherlands)|Holland/The Netherlands,Netherlands Holland|Holland (the Netherlands)|Holland/The Netherlands
The Last Drop,The Last Drop,last drop,film,2006.0,2006 British film,270.0,270.0,3,3,Netherlands Holland,Netherlands Holland|Holland (the Netherlands)|Holland/The Netherlands,Netherlands Holland|Holland (the Netherlands)|Holland/The Netherlands
Little Crumb,Little Crumb,little crumb,film,1999.0,1999 Dutch film,270.0,270.0,3,3,Netherlands Holland,Netherlands Holland|Holland (the Netherlands)|Holland/The Netherlands,Netherlands Holland|Holland (the Netherlands)|Holland/The Netherlands
Little Sister (1995 film),Little Sister,little sister,film,1995.0,1995 Dutch film,270.0,270.0,3,3,Netherlands Holland,Netherlands Holland|Holland (the Netherlands)|Holland/The Netherlands,Netherlands Holland|Holland (the Netherlands)|Holland/The Netherlands
Mill of the Stone Women,Mill of the Stone Women,mill of the stone women,film,1960.0,1960 film by Giorgio Ferroni,270.0,270.0,3,3,Netherlands Holland,Netherlands Holland|Holland (the Netherlands)|Holland/The Netherlands,Netherlands Holland|Holland (the Netherlands)|Holland/The Netherlands
Munich (2005 film),Munich,munich,film,2005.0,2005 historical film directed by Steven Spielberg,270.0,270.0,3,3,Netherlands Holland,Netherlands Holland|Holland (the Netherlands)|Holland/The Netherlands,Netherlands Holland|Holland (the Netherlands)|Holland/The Netherlands
Moord in het Modehuis,Moord in het Modehuis,moord in het modehuis,film,1946.0,1946 Dutch film,270.0,270.0,3,3,Netherlands Holland,Netherlands Holland|Holland (the Netherlands)|Holland/The Netherlands,Netherlands Holland|Holland (the Netherlands)|Holland/The Netherlands
The Hiding Place (film),The Hiding Place,hiding place,film,1975.0,1975 film,270.0,270.0,3,3,Netherlands Holland,Netherlands Holland|Holland (the Netherlands)|Holland/The Netherlands,Netherlands Holland|Holland (the Netherlands)|Holland/The Netherlands
Hostel (2005 film),Hostel,hostel,film,2005.0,Film by Eli Roth,270.0,270.0,3,3,Netherlands Holland,Netherlands Holland|Holland (the Netherlands)|Holland/The Netherlands,Netherlands Holland|Holland (the Netherlands)|Holland/The Netherlands
Juf Braaksel en de magische ring,Juf Braaksel en de magische ring,juf braaksel en de magische ring,film,2023.0,2023 Dutch film directed by Aram van de Rest,270.0,270.0,3,3,Netherlands Holland,Netherlands Holland|Holland (the Netherlands)|Holland/The Netherlands,Netherlands Holland|Holland (the Netherlands)|Holland/The Netherlands
The House of the Seven Hawks,The House of the Seven Hawks,house of the seven hawks,film,1959.0,1959 British film,270.0,270.0,3,3,Netherlands Holland,Netherlands Holland|Holland (the Netherlands)|Holland/The Netherlands,Netherlands Holland|Holland (the Netherlands)|Holland/The Netherlands
Kameleon 2,Kameleon 2,kameleon 2,film,2005.0,2005 film,270.0,270.0,3,3,Netherlands Holland,Netherlands Holland|Holland (the Netherlands)|Holland/The Netherlands,Netherlands Holland|Holland (the Netherlands)|Holland/The Netherlands
Kapitein Rob en het Geheim van Professor Lupardi,Kapitein Rob en het Geheim van Professor Lupardi,kapitein rob en het geheim van professor lupardi,film,2007.0,2007 film,270.0,270.0,3,3,Netherlands Holland,Netherlands Holland|Holland (the Netherlands)|Holland/The Netherlands,Netherlands Holland|Holland (the Netherlands)|Holland/The Netherlands
Kiddo (film),Kiddo,kiddo,film,2023.0,2023 Dutch film,270.0,270.0,3,3,Netherlands Holland,Netherlands Holland|Holland (the Netherlands)|Holland/The Netherlands,Netherlands Holland|Holland (the Netherlands)|Holland/The Netherlands
Keetje Tippel,Keetje Tippel,keetje tippel,film,1975.0,1975 Dutch film,270.0,270.0,3,3,Netherlands Holland,Netherlands Holland|Holland (the Netherlands)|Holland/The Netherlands,Netherlands Holland|Holland (the Netherlands)|Holland/The Netherlands
De Mantel der Liefde,De Mantel der Liefde,de mantel der liefde,film,1978.0,1978 film,270.0,270.0,3,3,Netherlands Holland,Netherlands Holland|Holland (the Netherlands)|Holland/The Netherlands,Netherlands Holland|Holland (the Netherlands)|Holland/The Netherlands
The Man Who Watched Trains Go By,The Man Who Watched Trains Go By,man who watched trains go by,film,1952.0,1952 crime drama film,270.0,270.0,3,3,Netherlands Holland,Netherlands Holland|Holland (the Netherlands)|Holland/The Netherlands,Netherlands Holland|Holland (the Netherlands)|Holland/The Netherlands
Miss Minoes,Miss Minoes,miss minoes,film,2001.0,2001 Dutch family film,270.0,270.0,3,3,Netherlands Holland,Netherlands Holland|Holland (the Netherlands)|Holland/The Netherlands,Netherlands Holland|Holland (the Netherlands)|Holland/The Netherlands
Het Bombardement,Het Bombardement,het bombardement,film,2012.0,2012 Dutch film,270.0,270.0,3,3,Netherlands Holland,Netherlands Holland|Holland (the Netherlands)|Holland/The Netherlands,Netherlands Holland|Holland (the Netherlands)|Holland/The Netherlands
Grand Prix (1966 film),Grand Prix,grand prix,film,1966.0,1966 film by John Frankenheimer,270.0,270.0,3,3,Netherlands Holland,Netherlands Holland|Holland (the Netherlands)|Holland/The Netherlands,Netherlands Holland|Holland (the Netherlands)|Holland/The Netherlands
De Guitenstreken van Jopie Slim en Dickie Bigmans,De Guitenstreken van Jopie Slim en Dickie Bigmans,de guitenstreken van jopie slim en dickie bigmans,film,1939.0,1939 Dutch film,270.0,270.0,3,3,Netherlands Holland,Netherlands Holland|Holland (the Netherlands)|Holland/The Netherlands,Netherlands Holland|Holland (the Netherlands)|Holland/The Netherlands
Love Revisited,Love Revisited,love revisited,film,2017.0,2017 Dutch drama film,270.0,270.0,3,3,Netherlands Holland,Netherlands Holland|Holland (the Netherlands)|Holland/The Netherlands,Netherlands Holland|Holland (the Netherlands)|Holland/The Netherlands
Harold & Kumar Escape from Guantanamo Bay,Harold & Kumar Escape from Guantanamo Bay,harold & kumar escape from guantanamo bay,film,2008.0,2008 film by Jon Hurwitz & Hayden Schlossberg,270.0,270.0,3,3,Netherlands Holland,Netherlands Holland|Holland (the Netherlands)|Holland/The Netherlands,Netherlands Holland|Holland (the Netherlands)|Holland/The Netherlands
Filmpje!,Filmpje!,filmpje,film,1995.0,1995 Dutch film,270.0,270.0,3,3,Netherlands Holland,Netherlands Holland|Holland (the Netherlands)|Holland/The Netherlands,Netherlands Holland|Holland (the Netherlands)|Holland/The Netherlands
Flodder,Flodder,flodder,film,1986.0,1986 film by Dick Maas,270.0,270.0,3,3,Netherlands Holland,Netherlands Holland|Holland (the Netherlands)|Holland/The Netherlands,Netherlands Holland|Holland (the Netherlands)|Holland/The Netherlands
Flodder 3,Flodder 3,flodder 3,film,1995.0,1995 Dutch film,270.0,270.0,3,3,Netherlands Holland,Netherlands Holland|Holland (the Netherlands)|Holland/The Netherlands,Netherlands Holland|Holland (the Netherlands)|Holland/The Netherlands
Flodders in America,Flodders in America,flodders in america,film,1992.0,1992 film by Dick Maas,270.0,270.0,3,3,Netherlands Holland,Netherlands Holland|Holland (the Netherlands)|Holland/The Netherlands,Netherlands Holland|Holland (the Netherlands)|Holland/The Netherlands
For a Lost Soldier,For a Lost Soldier,for a lost soldier,film,1992.0,1992 Dutch film,270.0,270.0,3,3,Netherlands Holland,Netherlands Holland|Holland (the Netherlands)|Holland/The Netherlands,Netherlands Holland|Holland (the Netherlands)|Holland/The Netherlands
Foreign Correspondent (film),Foreign Correspondent,foreign correspondent,film,1940.0,1940 film by Alfred Hitchcock,270.0,270.0,3,3,Netherlands Holland,Netherlands Holland|Holland (the Netherlands)|Holland/The Netherlands,Netherlands Holland|Holland (the Netherlands)|Holland/The Netherlands
Long Live the Queen (film),Long Live the Queen,long live the queen,film,,Dutch children's film about chess,270.0,270.0,3,3,Netherlands Holland,Netherlands Holland|Holland (the Netherlands)|Holland/The Netherlands,Netherlands Holland|Holland (the Netherlands)|Holland/The Netherlands
Love Is All (2007 film),Love Is All,love is all,film,2007.0,2007 film,270.0,270.0,3,3,Netherlands Holland,Netherlands Holland|Holland (the Netherlands)|Holland/The Netherlands,Netherlands Holland|Holland (the Netherlands)|Holland/The Netherlands
Hush Hush Baby,Hush Hush Baby,hush hush baby,film,2004.0,2004 Dutch comedy film,270.0,270.0,3,3,Netherlands Holland,Netherlands Holland|Holland (the Netherlands)|Holland/The Netherlands,Netherlands Holland|Holland (the Netherlands)|Holland/The Netherlands
In Orange,In Orange,in orange,film,2004.0,2004 film,270.0,270.0,3,3,Netherlands Holland,Netherlands Holland|Holland (the Netherlands)|Holland/The Netherlands,Netherlands Holland|Holland (the Netherlands)|Holland/The Netherlands
Inbraak,Inbraak,inbraak,film,1942.0,1942 Dutch film,270.0,270.0,3,3,Netherlands Holland,Netherlands Holland|Holland (the Netherlands)|Holland/The Netherlands,Netherlands Holland|Holland (the Netherlands)|Holland/The Netherlands
The Inspector (1962 film),The Inspector,inspector,film,1962.0,1962 film by Philip Dunne,270.0,270.0,3,3,Netherlands Holland,Netherlands Holland|Holland (the Netherlands)|Holland/The Netherlands,Netherlands Holland|Holland (the Netherlands)|Holland/The Netherlands
Ivoren Wachters,Ivoren Wachters,ivoren wachters,film,1998.0,1998 Dutch film,270.0,270.0,3,3,Netherlands Holland,Netherlands Holland|Holland (the Netherlands)|Holland/The Netherlands,Netherlands Holland|Holland (the Netherlands)|Holland/The Netherlands
Isabelle (2011 film),Isabelle,isabelle,film,2011.0,2011 Dutch thriller film,270.0,270.0,3,3,Netherlands Holland,Netherlands Holland|Holland (the Netherlands)|Holland/The Netherlands,Netherlands Holland|Holland (the Netherlands)|Holland/The Netherlands
Jack Said,Jack Said,jack said,film,2009.0,2009 British film,270.0,270.0,3,3,Netherlands Holland,Netherlands Holland|Holland (the Netherlands)|Holland/The Netherlands,Netherlands Holland|Holland (the Netherlands)|Holland/The Netherlands
Hulda of Holland,Hulda of Holland,hulda of holland,film,1913.0,1913 film,270.0,270.0,3,3,Netherlands Holland,Netherlands Holland|Holland (the Netherlands)|Holland/The Netherlands,Netherlands Holland|Holland (the Netherlands)|Holland/The Netherlands
The Buccaneer (1958 film),The Buccaneer,buccaneer,film,1958.0,1958 film directed by Anthony Quinn,269.52,183.23,3,2,War of 1812,War of 1812|New Orleans|Andrew Jackson,War of 1812|Andrew Jackson
The Buccaneer (1938 film),The Buccaneer,buccaneer,film,1938.0,1938 film by Cecil B. DeMille,269.52,183.23,3,2,War of 1812,War of 1812|New Orleans|Andrew Jackson,War of 1812|Andrew Jackson
Operación Masacre (film),Operación Masacre,operacion masacre,film,1973.0,1973 Argentine film,269.38,269.38,3,3,Eva Perón,Eva Perón|Juan Perón|Eva Peron,Eva Perón|Juan Perón|Eva Peron
Eva Perón: The True Story,Eva Perón: The True Story,eva peron the true story,film,1996.0,1996 film,269.38,269.38,3,3,Eva Perón,Eva Perón|Juan Perón|Eva Peron,Eva Perón|Juan Perón|Eva Peron
Juan y Eva,Juan y Eva,juan y eva,film,2011.0,2011 Argentine film,269.38,269.38,3,3,Eva Perón,Eva Perón|Juan Perón|Eva Peron,Eva Perón|Juan Perón|Eva Peron
Star Trek: Typhon Pact,Star Trek: Typhon Pact,star trek typhon pact,novel,,Novel series,268.88,268.88,2,2,Star Trek,Star Trek|Star Trek: The Next Generation,Star Trek|Star Trek: The Next Generation
Star Trek: Klingon Empire,Star Trek: Klingon Empire,star trek klingon empire,novel,,Novel series by Keith DeCandido,268.88,268.88,2,2,Star Trek,Star Trek|Star Trek: The Next Generation,Star Trek|Star Trek: The Next Generation
Star Trek: A Time to...,Star Trek: A Time to...,star trek a time to...,novel,,Novel series by multiple authors,268.88,268.88,2,2,Star Trek,Star Trek|Star Trek: The Next Generation,Star Trek|Star Trek: The Next Generation
Death of a Nation (2018 film),Death of a Nation,death of a nation,film,2018.0,2018 American film,266.66,75.08,3,1,Adolf Hitler,Adolf Hitler|Abraham Lincoln|Abe Lincoln,Abe Lincoln
Superman: Red Son (film),Superman: Red Son,superman red son,film,2020.0,2020 film by Sam Liu,266.62,171.04,3,2,(John F.) Kennedy,(John F.) Kennedy|Josef Stalin|John F. Kennedy,Josef Stalin|John F. Kennedy
Star Trek: Titan,Star Trek: Titan,star trek titan,novel,,Book series,265.89,265.89,3,3,Star Trek,Star Trek|Star Trek: The Next Generation|Star Trek: Voyager,Star Trek|Star Trek: The Next Generation|Star Trek: Voyager
Bubba Ho-Tep,Bubba Ho-Tep,bubba ho-tep,film,2002.0,2002 American film,265.28,82.75,3,1,(John F.) Kennedy,(John F.) Kennedy|Elvis Presley|John F. Kennedy,John F. Kennedy
Outbreak (1995 film),Outbreak,outbreak,film,1995.0,1995 film directed by Wolfgang Petersen,264.05,264.05,3,3,Democratic Republic of the Congo,"Democratic Republic of the Congo|Democratic Republic of Congo|Atlanta, Georgia","Democratic Republic of the Congo|Democratic Republic of Congo|Atlanta, Georgia"
Dark of the Sun,Dark of the Sun,dark of the sun,film,1968.0,1968 British war film by Jack Cardiff,262.58,177.4,3,2,Democratic Republic of the Congo,Democratic Republic of the Congo|Democratic Republic of Congo|Cold War,Democratic Republic of the Congo|Democratic Republic of Congo
The World as It Is (book),The World as It Is,world as it is,novel,2018.0,2018 book by Ben Rhodes,261.68,95.55,3,1,Hillary Rodham Clinton,Hillary Rodham Clinton|Donald Trump|Barack Obama,Hillary Rodham Clinton
Austenland,Austenland,austenland,novel,2007.0,2007 novel by Shannon Hale,261.26,166.39,3,2,New York,"New York|Pride & Prejudice|\""Pride and Prejudice\","Pride & Prejudice|\""Pride and Prejudice\"
Reds (film),Reds,reds,film,1981.0,1981 historical drama film epic by Warren Beatty,261.04,86.64,3,1,St. Louis,"St. Louis|Russian Revolution|Portland, Oregon","Portland, Oregon"
The Mysterious Island,The Mysterious Island,mysterious island,novel,1875.0,1875 novel by Jules Verne,260.48,165.57,3,2,"Richmond, Virginia","Richmond, Virginia|World Ocean|Richmond Virginia",World Ocean|Richmond Virginia
1949 (film),1949,1949,film,,Upcoming film by Paweł Pawlikowski,260.25,81.84,3,1,Los Angeles,Los Angeles|Cold War|East & West Germany,East & West Germany
The Devil's Double,The Devil's Double,devils double,film,2011.0,2011 film,259.65,259.65,3,3,Persian Gulf War,Persian Gulf War|Operation Desert Storm|Iran & Iraq,Persian Gulf War|Operation Desert Storm|Iran & Iraq
The Human Shield,The Human Shield,human shield,film,1991.0,1991 American film,259.65,259.65,3,3,Persian Gulf War,Persian Gulf War|Operation Desert Storm|Iran & Iraq,Persian Gulf War|Operation Desert Storm|Iran & Iraq
The Death of God and the Meaning of Life,The Death of God and the Meaning of Life,death of god and the meaning of life,novel,2014.0,2014 book by Julian Young,258.49,80.19,3,1,Friedrich Nietzsche,Friedrich Nietzsche|Karl Marx|Søren Kierkegaard,Søren Kierkegaard
My Brother (book),My Brother,my brother,novel,,"Book attributed to Fatima Jinnah, sister of Muhammad Ali Jinnah",258.24,166.1,3,2,Mohammad Ali Jinnah,Mohammad Ali Jinnah|Muhammad Ali Cassius Clay|Muhammad Ali,Muhammad Ali Cassius Clay|Muhammad Ali
"Jinnah: India, Partition, Independence","Jinnah: India, Partition, Independence",jinnah india partition independence,novel,,Book by Jaswant Singh,258.24,166.1,3,2,Mohammad Ali Jinnah,Mohammad Ali Jinnah|Muhammad Ali Cassius Clay|Muhammad Ali,Muhammad Ali Cassius Clay|Muhammad Ali
Libidinal Economy,Libidinal Economy,libidinal economy,novel,1974.0,1974 book by Jean-François Lyotard,258.19,0.0,3,0,Friedrich Nietzsche,Friedrich Nietzsche|Karl Marx|Sigmund Freud,
Valley Girl (1983 film),Valley Girl,valley girl,film,1983.0,1983 film by Martha Coolidge,257.32,97.79,3,1,Romeo & Juliet,Romeo & Juliet|Romeo and Juliet|San Fernando Valley,Romeo & Juliet
The Fist of God,The Fist of God,fist of god,novel,1994.0,1994 novel by Frederick Forsyth,256.79,256.79,3,3,Persian Gulf War,Persian Gulf War|Operation Desert Storm|Saudi Arabia,Persian Gulf War|Operation Desert Storm|Saudi Arabia
In the Days of Buffalo Bill,In the Days of Buffalo Bill,in the days of buffalo bill,film,1922.0,1922 film,256.22,256.22,3,3,(Robert E.) Lee,(Robert E.) Lee|Robert E. Lee|General Lee,(Robert E.) Lee|Robert E. Lee|General Lee
Seven Angry Men,Seven Angry Men,seven angry men,film,1955.0,1955 film by Charles Marquis Warren,256.22,256.22,3,3,(Robert E.) Lee,(Robert E.) Lee|Robert E. Lee|General Lee,(Robert E.) Lee|Robert E. Lee|General Lee
Abraham Lincoln (1924 film),Abraham Lincoln,abraham lincoln,film,1924.0,1924 film,256.22,256.22,3,3,(Robert E.) Lee,(Robert E.) Lee|Robert E. Lee|General Lee,(Robert E.) Lee|Robert E. Lee|General Lee
Gods and Generals (film),Gods and Generals,gods and generals,film,2003.0,2003 American film,256.22,256.22,3,3,(Robert E.) Lee,(Robert E.) Lee|Robert E. Lee|General Lee,(Robert E.) Lee|Robert E. Lee|General Lee
The Heart of General Robert E. Lee,The Heart of General Robert E. Lee,heart of general robert e. lee,film,1928.0,1928 film,256.22,256.22,3,3,(Robert E.) Lee,(Robert E.) Lee|Robert E. Lee|General Lee,(Robert E.) Lee|Robert E. Lee|General Lee
Santa Fe Trail (film),Santa Fe Trail,santa fe trail,film,1940.0,1940 film,256.22,256.22,3,3,(Robert E.) Lee,(Robert E.) Lee|Robert E. Lee|General Lee,(Robert E.) Lee|Robert E. Lee|General Lee
For the Cause of the South,For the Cause of the South,for the cause of the south,film,1912.0,1912 film,256.22,256.22,3,3,(Robert E.) Lee,(Robert E.) Lee|Robert E. Lee|General Lee,(Robert E.) Lee|Robert E. Lee|General Lee
Tropico (2013 film),Tropico,tropico,film,2013.0,2013 film,256.04,79.63,3,1,Marilyn Monroe,Marilyn Monroe|Elvis Presley|Adam and Eve,Adam and Eve
One Night in Miami...,One Night in Miami...,one night in miami...,film,2020.0,2020 film by Regina King,255.9,255.9,3,3,Malcolm X,Malcolm X|Muhammad Ali Cassius Clay|Muhammad Ali,Malcolm X|Muhammad Ali Cassius Clay|Muhammad Ali
Blood Brothers: Malcolm X & Muhammad Ali,Blood Brothers: Malcolm X & Muhammad Ali,blood brothers malcolm x & muhammad ali,film,2021.0,2021 American film,255.9,255.9,3,3,Malcolm X,Malcolm X|Muhammad Ali Cassius Clay|Muhammad Ali,Malcolm X|Muhammad Ali Cassius Clay|Muhammad Ali
Crazy Cruise,Crazy Cruise,crazy cruise,film,1942.0,"1942 film by Tex Avery, Bob Clampett",255.48,255.48,3,3,Democratic Republic of the Congo,Democratic Republic of the Congo|Democratic Republic of Congo|Swiss Confederation,Democratic Republic of the Congo|Democratic Republic of Congo|Swiss Confederation
Assa (film),Assa,assa,film,1987.0,1987 film directed by Sergei Solovyov,254.78,176.2,3,2,Crimean Peninsula,Crimean Peninsula|Paul I|Soviet Union,Crimean Peninsula|Paul I
Double Down: Game Change 2012,Double Down: Game Change 2012,double down game change 2012,novel,2013.0,2013 book by John Heilemann and Mark Halperin,254.61,172.91,3,2,Hillary Rodham Clinton,Hillary Rodham Clinton|Barack Obama|Joe Biden,Hillary Rodham Clinton|Joe Biden
Impeachment: An American History,Impeachment: An American History,impeachment an american history,novel,2018.0,2018 book,253.64,84.96,3,1,Bill Clinton,Bill Clinton|Donald Trump|Richard Nixon,Bill Clinton
Three Kings (1999 film),Three Kings,three kings,film,1999.0,1999 film by David O. Russell,253.4,175.1,3,2,Persian Gulf War,Persian Gulf War|Operation Desert Storm|Green Berets,Persian Gulf War|Operation Desert Storm
Red Dragon (novel),Red Dragon,red dragon,novel,1981.0,1981 novel by Thomas Harris,252.47,164.72,3,2,St. Louis,"St. Louis|Atlanta, Georgia|Birmingham, Alabama","Atlanta, Georgia|Birmingham, Alabama"
In the Pope's Eye,In the Pope's Eye,in the popes eye,film,1980.0,1980 Italian film,252.24,173.8,3,2,Pope John Paul I,Pope John Paul I|John Paul II|Vatican City,Pope John Paul I|John Paul II
The Death of Stalin,The Death of Stalin,death of stalin,film,2017.0,2017 film by Armando Iannucci,252.05,88.29,3,1,Josef Stalin,Josef Stalin|Cold War|Soviet Union,Josef Stalin
Ill-Advised,Ill-Advised,ill-advised,novel,1992.0,1992 book by historian Robert Hugh Ferrell,251.94,251.94,3,3,Dwight D. Eisenhower,Dwight D. Eisenhower|President Eisenhower|Dwight David Eisenhower,Dwight D. Eisenhower|President Eisenhower|Dwight David Eisenhower
Eisenhower Decides To Run,Eisenhower Decides To Run,eisenhower decides to run,novel,2000.0,2000 book by historian William B. Pickett,251.94,251.94,3,3,Dwight D. Eisenhower,Dwight D. Eisenhower|President Eisenhower|Dwight David Eisenhower,Dwight D. Eisenhower|President Eisenhower|Dwight David Eisenhower
Dwight David Eisenhower and American Power,Dwight David Eisenhower and American Power,dwight david eisenhower and american power,novel,1995.0,1995 book by historian William B. Pickett,251.94,251.94,3,3,Dwight D. Eisenhower,Dwight D. Eisenhower|President Eisenhower|Dwight David Eisenhower,Dwight D. Eisenhower|President Eisenhower|Dwight David Eisenhower
The Addams Family 2,The Addams Family 2,addams family 2,film,2021.0,2021 animated film by Greg Tiernan and Conrad Vernon,251.31,163.97,3,2,Grand Canyon,Grand Canyon|San Antonio|Niagara Falls,Grand Canyon|Niagara Falls
Young Bess,Young Bess,young bess,film,1953.0,1953 film by George Sidney,251.1,167.95,3,2,Elizabeth (I),Elizabeth (I)|Henry VIII|Elizabeth I,Elizabeth (I)|Elizabeth I
Ideology and Organization in Communist China,Ideology and Organization in Communist China,ideology and organization in communist china,novel,1966.0,1966 book by Franz Schurmann,250.25,250.25,3,3,People's Republic of China,People's Republic of China|Mao Tse-tung|Mao Zedong,People's Republic of China|Mao Tse-tung|Mao Zedong
Scrap Happy Daffy,Scrap Happy Daffy,scrap happy daffy,film,1943.0,1943 film by Frank Tashlin,250.21,75.08,3,1,Abraham Lincoln,Abraham Lincoln|Benito Mussolini|Abe Lincoln,Abe Lincoln
Endgame (2009 film),Endgame,endgame,film,2009.0,2009 British film,249.83,81.21,3,1,Cold War,Cold War|South Africa|Nelson Mandela,Nelson Mandela
Boy Called Twist,Boy Called Twist,boy called twist,film,2004.0,2004 film by Timothy Greene,249.51,164.65,3,2,"\""Oliver Twist\","\""Oliver Twist\|Oliver Twist|Cape Town","\""Oliver Twist\|Cape Town"
"Olive, the Other Reindeer","Olive, the Other Reindeer",olive the other reindeer,film,,American 3D computer-animated Christmas film,248.82,170.37,3,2,Santa Claus,"Santa Claus|Sydney, Australia|Vatican City","Santa Claus|Sydney, Australia"
The Girl in the Kremlin,The Girl in the Kremlin,girl in the kremlin,film,1957.0,1957 film,248.72,170.13,3,2,Josef Stalin,Josef Stalin|East & West Germany|Soviet Union,Josef Stalin|East & West Germany
Children of the Revolution (1996 film),Children of the Revolution,children of the revolution,film,1996.0,1996 film by Peter Duncan,248.72,170.13,3,2,Josef Stalin,"Josef Stalin|Sydney, Australia|Soviet Union","Josef Stalin|Sydney, Australia"
Rabbitson Crusoe,Rabbitson Crusoe,rabbitson crusoe,film,1956.0,1956 film by Friz Freleng,246.29,246.29,3,3,"\""Moby Dick\","\""Moby Dick\|\""Robinson Crusoe\|Moby Dick","\""Moby Dick\|\""Robinson Crusoe\|Moby Dick"
The Bedford Incident,The Bedford Incident,bedford incident,film,1965.0,1965 film by James B. Harris,245.43,168.21,3,2,"\""Moby Dick\","\""Moby Dick\|Moby Dick|World War I","\""Moby Dick\|Moby Dick"
Che (2008 film),Che,che,film,2008.0,2008 film by Steven Soderbergh,244.15,160.53,3,2,"Ernesto ""Che"" Guevara","Ernesto ""Che"" Guevara|Mexico City|Che Guevara","Ernesto ""Che"" Guevara|Che Guevara"
Gold (2024 film),Gold,gold,film,2024.0,2024 Malaysian film by Adrian Teh,241.2,241.2,3,3,"Atlanta, Georgia","Atlanta, Georgia|Swiss Confederation|Kuala Lumpur","Atlanta, Georgia|Swiss Confederation|Kuala Lumpur"
Avalanche Express,Avalanche Express,avalanche express,film,1979.0,1979 film by Mark Robson,238.5,159.92,3,2,East & West Germany,East & West Germany|Soviet Union|Swiss Confederation,East & West Germany|Swiss Confederation
The War Within (Woodward book),The War Within (Woodward book),war within woodward book,novel,2008.0,2008 book by Bob Woodward,235.89,78.07,3,1,George W. Bush,George W. Bush|Senator John McCain|John McCain,Senator John McCain
Grey Wolf: The Escape of Adolf Hitler,Grey Wolf: The Escape of Adolf Hitler,grey wolf the escape of adolf hitler,film,2011.0,2011 book and 2014 film,198.12,0.0,1,0,Adolf Hitler,Adolf Hitler,
The Jew of Linz,The Jew of Linz,jew of linz,novel,1998.0,1998 book by Kimberley Cornish,196.93,0.0,2,0,Adolf Hitler,Adolf Hitler|Ludwig Wittgenstein,
The Mirage (Ruff novel),The Mirage (Ruff novel),mirage ruff novel,novel,2012.0,2012 alternate history novel by Matt Ruff,195.42,97.32,2,1,Lyndon B. Johnson,Lyndon B. Johnson|Lyndon Baines Johnson,Lyndon Baines Johnson
Dereliction of Duty (book),Dereliction of Duty,dereliction of duty,novel,1997.0,1997 book by H. R. McMaster,195.42,97.32,2,1,Lyndon B. Johnson,Lyndon B. Johnson|Lyndon Baines Johnson,Lyndon Baines Johnson
Master of the Senate,Master of the Senate,master of the senate,novel,2002.0,2002 book by Robert Caro,195.42,97.32,2,1,Lyndon B. Johnson,Lyndon B. Johnson|Lyndon Baines Johnson,Lyndon Baines Johnson
1876 (novel),1876,1876,novel,1976.0,1976 novel by Gore Vidal,194.71,0.0,2,0,"Washington, D.C.","Washington, D.C.|New York",
Beastly,Beastly,beastly,novel,2007.0,2007 novel by Alex Flinn,193.95,0.0,2,0,Beauty and the Beast,Beauty and the Beast|New York,
Liberation (film series),Liberation (film series),liberation film series,film,1970.0,1970 Soviet film,193.58,94.51,2,1,Adolf Hitler,Adolf Hitler|Crimean Peninsula,Crimean Peninsula
The League of Extraordinary Gentlemen (film),The League of Extraordinary Gentlemen,league of extraordinary gentlemen,film,2003.0,2003 superhero film by Stephen Norrington,193.08,193.08,2,2,Picture of Dorian Gray,Picture of Dorian Gray|Twenty Thousand Leagues Under the Sea,Picture of Dorian Gray|Twenty Thousand Leagues Under the Sea
I'm Starting to Worry About This Black Box of Doom,I'm Starting to Worry About This Black Box of Doom,im starting to worry about this black box of doom,novel,2024.0,2024 novel by Jason Pargin,193.06,0.0,2,0,"Washington, D.C.","Washington, D.C.|Los Angeles",
Arc Light (novel),Arc Light,arc light,novel,1994.0,1994 debut novel by Eric L. Harry,193.06,0.0,2,0,"Washington, D.C.","Washington, D.C.|Los Angeles",
The Banker (2020 film),The Banker,banker,film,2020.0,Film by George Nolfi,192.84,93.01,2,1,"Washington, D.C.","Washington, D.C.|District of Columbia",District of Columbia
Being There,Being There,being there,film,1979.0,1979 American satire film by Hal Ashby,192.84,93.01,2,1,"Washington, D.C.","Washington, D.C.|District of Columbia",District of Columbia
Article 99,Article 99,article 99,film,1992.0,1992 film by Howard Deutch,192.84,93.01,2,1,"Washington, D.C.","Washington, D.C.|District of Columbia",District of Columbia
Bicentennial Man (film),Bicentennial Man,bicentennial man,film,1999.0,1999 American science fiction film by Chris Columbus,192.84,93.01,2,1,"Washington, D.C.","Washington, D.C.|District of Columbia",District of Columbia
Big Game (2014 film),Big Game,big game,film,2014.0,Action-adventure film by Jalmari Helander,192.84,93.01,2,1,"Washington, D.C.","Washington, D.C.|District of Columbia",District of Columbia
The 49th Man,The 49th Man,49th man,film,1953.0,1953 film by Fred F. Sears,192.84,93.01,2,1,"Washington, D.C.","Washington, D.C.|District of Columbia",District of Columbia
Batman v Superman: Dawn of Justice,Batman v Superman: Dawn of Justice,batman v superman dawn of justice,film,2016.0,2016 superhero film by Zack Snyder,192.84,93.01,2,1,"Washington, D.C.","Washington, D.C.|District of Columbia",District of Columbia
The Bourne Legacy (film),The Bourne Legacy,bourne legacy,film,2012.0,2012 action thriller film directed by Tony Gilroy,192.84,93.01,2,1,"Washington, D.C.","Washington, D.C.|District of Columbia",District of Columbia
Born Yesterday (1993 film),Born Yesterday,born yesterday,film,1993.0,1993 film by Luis Mandoki,192.84,93.01,2,1,"Washington, D.C.","Washington, D.C.|District of Columbia",District of Columbia
Born Yesterday (1950 film),Born Yesterday,born yesterday,film,1950.0,1950 film by George Cukor,192.84,93.01,2,1,"Washington, D.C.","Washington, D.C.|District of Columbia",District of Columbia
Born Again (film),Born Again,born again,film,1978.0,1978 film,192.84,93.01,2,1,"Washington, D.C.","Washington, D.C.|District of Columbia",District of Columbia
Body of Lies (film),Body of Lies,body of lies,film,2008.0,2008 film by Ridley Scott,192.84,93.01,2,1,"Washington, D.C.","Washington, D.C.|District of Columbia",District of Columbia
The American President,The American President,american president,film,1995.0,1995 film by Rob Reiner,192.84,93.01,2,1,"Washington, D.C.","Washington, D.C.|District of Columbia",District of Columbia
Carl Panzram: The Spirit of Hatred and Vengeance,Carl Panzram: The Spirit of Hatred and Vengeance,carl panzram the spirit of hatred and vengeance,film,2011.0,2011 American film,192.84,93.01,2,1,"Washington, D.C.","Washington, D.C.|District of Columbia",District of Columbia
"Careful, Soft Shoulders","Careful, Soft Shoulders",careful soft shoulders,film,1942.0,1942 film directed by Oliver H. P. Garrett,192.84,93.01,2,1,"Washington, D.C.","Washington, D.C.|District of Columbia",District of Columbia
Ape vs. Monster,Ape vs. Monster,ape vs. monster,film,2021.0,2021 kaiju film,192.84,93.01,2,1,"Washington, D.C.","Washington, D.C.|District of Columbia",District of Columbia
Ant-Man (film),Ant-Man,ant-man,film,2015.0,2015 Marvel Studios film,192.84,93.01,2,1,"Washington, D.C.","Washington, D.C.|District of Columbia",District of Columbia
The Andromeda Strain (film),The Andromeda Strain,andromeda strain,film,1971.0,1971 sci-fi film by Robert Wise,192.84,93.01,2,1,"Washington, D.C.","Washington, D.C.|District of Columbia",District of Columbia
Amistad (film),Amistad,amistad,film,1997.0,1997 film directed by Steven Spielberg,192.84,93.01,2,1,"Washington, D.C.","Washington, D.C.|District of Columbia",District of Columbia
American Traitor: The Trial of Axis Sally,American Traitor: The Trial of Axis Sally,american traitor the trial of axis sally,film,2021.0,2021 American drama film,192.84,93.01,2,1,"Washington, D.C.","Washington, D.C.|District of Columbia",District of Columbia
Burn After Reading,Burn After Reading,burn after reading,film,2008.0,2008 film directed by Joel and Ethan Coen,192.84,93.01,2,1,"Washington, D.C.","Washington, D.C.|District of Columbia",District of Columbia
Broadcast News (film),Broadcast News,broadcast news,film,1987.0,1987 American film by James L. Brooks,192.84,93.01,2,1,"Washington, D.C.","Washington, D.C.|District of Columbia",District of Columbia
Breach (2007 film),Breach,breach,film,2007.0,2007 film by Billy Ray,192.84,93.01,2,1,"Washington, D.C.","Washington, D.C.|District of Columbia",District of Columbia
D.C. Sniper,D.C. Sniper,d.c. sniper,film,2010.0,2010 American film,192.84,93.01,2,1,"Washington, D.C.","Washington, D.C.|District of Columbia",District of Columbia
Damn Yankees (1958 film),Damn Yankees,damn yankees,film,1958.0,1958 film by George Abbott and Stanley Donen,192.84,93.01,2,1,"Washington, D.C.","Washington, D.C.|District of Columbia",District of Columbia
Daniel (1983 film),Daniel,daniel,film,1983.0,Film directed by Sidney Lumet,192.84,93.01,2,1,"Washington, D.C.","Washington, D.C.|District of Columbia",District of Columbia
The Core,The Core,core,film,2003.0,2003 film by Jon Amiel,192.84,93.01,2,1,"Washington, D.C.","Washington, D.C.|District of Columbia",District of Columbia
Dead Reckoning (1947 film),Dead Reckoning,dead reckoning,film,1947.0,1947 film by John Cromwell,192.84,93.01,2,1,"Washington, D.C.","Washington, D.C.|District of Columbia",District of Columbia
Concussion (2015 film),Concussion,concussion,film,2015.0,2015 film by Peter Landesman,192.84,93.01,2,1,"Washington, D.C.","Washington, D.C.|District of Columbia",District of Columbia
The Contender (2000 film),The Contender,contender,film,2000.0,2000 American political drama film by Rod Lurie,192.84,93.01,2,1,"Washington, D.C.","Washington, D.C.|District of Columbia",District of Columbia
D.C. Cab,D.C. Cab,d.c. cab,film,1983.0,1983 film,192.84,93.01,2,1,"Washington, D.C.","Washington, D.C.|District of Columbia",District of Columbia
Captain America (1990 film),Captain America,captain america,film,1990.0,1990 superhero film directed by Albert Pyun,192.84,93.01,2,1,"Washington, D.C.","Washington, D.C.|District of Columbia",District of Columbia
Canadian Bacon,Canadian Bacon,canadian bacon,film,1995.0,1995 film by Michael Moore,192.84,93.01,2,1,"Washington, D.C.","Washington, D.C.|District of Columbia",District of Columbia
Call Me Madam (film),Call Me Madam,call me madam,film,1953.0,1953 film by Walter Lang,192.84,93.01,2,1,"Washington, D.C.","Washington, D.C.|District of Columbia",District of Columbia
The Day the Earth Stopped,The Day the Earth Stopped,day the earth stopped,film,2008.0,2008 American film,192.84,93.01,2,1,"Washington, D.C.","Washington, D.C.|District of Columbia",District of Columbia
Dave (film),Dave,dave,film,1993.0,1993 film by Gary Ross,192.84,93.01,2,1,"Washington, D.C.","Washington, D.C.|District of Columbia",District of Columbia
Collateral Damage (2002 film),Collateral Damage,collateral damage,film,2002.0,2002 film by Andrew Davis,192.84,93.01,2,1,"Washington, D.C.","Washington, D.C.|District of Columbia",District of Columbia
Captain America: Brave New World,Captain America: Brave New World,captain america brave new world,film,2025.0,2025 Marvel Studios film,192.84,93.01,2,1,"Washington, D.C.","Washington, D.C.|District of Columbia",District of Columbia
Code of the Secret Service,Code of the Secret Service,code of the secret service,film,1939.0,1939 film by Noel M. Smith,192.84,93.01,2,1,"Washington, D.C.","Washington, D.C.|District of Columbia",District of Columbia
Chain Reaction (1996 film),Chain Reaction,chain reaction,film,1996.0,1996 film by Andrew Davis,192.84,93.01,2,1,"Washington, D.C.","Washington, D.C.|District of Columbia",District of Columbia
Chances Are (film),Chances Are,chances are,film,1989.0,1989 film by Emile Ardolino,192.84,93.01,2,1,"Washington, D.C.","Washington, D.C.|District of Columbia",District of Columbia
The Christmas Train (film),The Christmas Train,christmas train,film,2017.0,2017 Christmas film,192.84,93.01,2,1,"Washington, D.C.","Washington, D.C.|District of Columbia",District of Columbia
Clear and Present Danger (film),Clear and Present Danger,clear and present danger,film,1994.0,1994 American film,192.84,93.01,2,1,"Washington, D.C.","Washington, D.C.|District of Columbia",District of Columbia
Billy Jack Goes to Washington,Billy Jack Goes to Washington,billy jack goes to washington,film,1977.0,1977 film by Tom Laughlin,192.84,93.01,2,1,"Washington, D.C.","Washington, D.C.|District of Columbia",District of Columbia
Black Widow (1987 film),Black Widow,black widow,film,1987.0,1987 film by Bob Rafelson,192.84,93.01,2,1,"Washington, D.C.","Washington, D.C.|District of Columbia",District of Columbia
Blacklight (film),Blacklight,blacklight,film,2022.0,2022 American film by Mark Williams,192.84,93.01,2,1,"Washington, D.C.","Washington, D.C.|District of Columbia",District of Columbia
Casino Jack,Casino Jack,casino jack,film,2010.0,2010 Canadian film by George Hickenlooper,192.84,93.01,2,1,"Washington, D.C.","Washington, D.C.|District of Columbia",District of Columbia
Blue Caprice,Blue Caprice,blue caprice,film,2013.0,2013 American film,192.84,93.01,2,1,"Washington, D.C.","Washington, D.C.|District of Columbia",District of Columbia
The Court-Martial of Billy Mitchell,The Court-Martial of Billy Mitchell,court-martial of billy mitchell,film,1955.0,1955 film by Otto Preminger,192.84,93.01,2,1,"Washington, D.C.","Washington, D.C.|District of Columbia",District of Columbia
Crossfire (film),Crossfire,crossfire,film,1947.0,1947 noir drama film directed by Edward Dmytryk,192.84,93.01,2,1,"Washington, D.C.","Washington, D.C.|District of Columbia",District of Columbia
Arrange to Settle,Arrange to Settle,arrange to settle,film,2012.0,2012 American film,192.84,93.01,2,1,"Washington, D.C.","Washington, D.C.|District of Columbia",District of Columbia
Absolute Power (film),Absolute Power,absolute power,film,1997.0,1997 American film directed by Clint Eastwood,192.84,93.01,2,1,"Washington, D.C.","Washington, D.C.|District of Columbia",District of Columbia
Accidental Love,Accidental Love,accidental love,film,2015.0,2015 American comedy film,192.84,93.01,2,1,"Washington, D.C.","Washington, D.C.|District of Columbia",District of Columbia
The Accountant (2016 film),The Accountant,accountant,film,2016.0,2016 film by Gavin O'Connor,192.84,93.01,2,1,"Washington, D.C.","Washington, D.C.|District of Columbia",District of Columbia
The Accountant 2,The Accountant 2,accountant 2,film,2025.0,2025 American film,192.84,93.01,2,1,"Washington, D.C.","Washington, D.C.|District of Columbia",District of Columbia
Advise & Consent,Advise & Consent,advise & consent,film,1962.0,1962 US political drama film by Otto Preminger,192.84,93.01,2,1,"Washington, D.C.","Washington, D.C.|District of Columbia",District of Columbia
Affairs of State (film),Affairs of State,affairs of state,film,2018.0,2018 film directed by Eric Bross,192.84,93.01,2,1,"Washington, D.C.","Washington, D.C.|District of Columbia",District of Columbia
Agent Game,Agent Game,agent game,film,2022.0,2022 American film by Grant S. Johnson,192.84,93.01,2,1,"Washington, D.C.","Washington, D.C.|District of Columbia",District of Columbia
Air Force One (film),Air Force One,air force one,film,1997.0,1997 film by Wolfgang Petersen,192.84,93.01,2,1,"Washington, D.C.","Washington, D.C.|District of Columbia",District of Columbia
Air Force One Down,Air Force One Down,air force one down,film,2024.0,2024 film by James Bamford,192.84,93.01,2,1,"Washington, D.C.","Washington, D.C.|District of Columbia",District of Columbia
Along Came a Spider (film),Along Came a Spider,along came a spider,film,2001.0,2001 film by Lee Tamahori,192.84,93.01,2,1,"Washington, D.C.","Washington, D.C.|District of Columbia",District of Columbia
An American Girl: Isabelle Dances Into the Spotlight,An American Girl: Isabelle Dances Into the Spotlight,american girl isabelle dances into the spotlight,film,2014.0,2014 American film,192.84,93.01,2,1,"Washington, D.C.","Washington, D.C.|District of Columbia",District of Columbia
April in Paris (film),April in Paris,april in paris,film,1952.0,1952 film by David Butler,192.84,93.01,2,1,"Washington, D.C.","Washington, D.C.|District of Columbia",District of Columbia
Around the World in Eighty Days (1919 film),Around the World in Eighty Days,around the world in eighty days,film,1919.0,1919 silent film by Richard Oswald,192.07,94.51,2,1,Around the World in Eighty Days,Around the World in Eighty Days|Around the World in 80 Days,Around the World in 80 Days
The Three Stooges Go Around the World in a Daze,The Three Stooges Go Around the World in a Daze,three stooges go around the world in a daze,film,1963.0,1963 film by Norman Maurer,192.07,94.51,2,1,Around the World in Eighty Days,Around the World in Eighty Days|Around the World in 80 Days,Around the World in 80 Days
Unconquered (1947 film),Unconquered,unconquered,film,1947.0,1947 film by Cecil B. DeMille,191.83,191.83,2,2,French and Indian War,French and Indian War|French & Indian War,French and Indian War|French & Indian War
The Pathfinder (1952 film),The Pathfinder,pathfinder,film,1952.0,1952 film,191.83,191.83,2,2,French and Indian War,French and Indian War|French & Indian War,French and Indian War|French & Indian War
When the Redskins Rode,When the Redskins Rode,when the redskins rode,film,1951.0,1951 film by Lew Landers,191.83,191.83,2,2,French and Indian War,French and Indian War|French & Indian War,French and Indian War|French & Indian War
Winners of the Wilderness,Winners of the Wilderness,winners of the wilderness,film,1927.0,1927 film,191.83,191.83,2,2,French and Indian War,French and Indian War|French & Indian War,French and Indian War|French & Indian War
Fort Ti,Fort Ti,fort ti,film,1953.0,1953 film by William Castle,191.83,191.83,2,2,French and Indian War,French and Indian War|French & Indian War,French and Indian War|French & Indian War
Northwest Passage (film),Northwest Passage,northwest passage,film,1940.0,1940 film,191.83,191.83,2,2,French and Indian War,French and Indian War|French & Indian War,French and Indian War|French & Indian War
Young Daniel Boone,Young Daniel Boone,young daniel boone,film,1950.0,1950 film by Reginald Le Borg,191.83,191.83,2,2,French and Indian War,French and Indian War|French & Indian War,French and Indian War|French & Indian War
Scorpius (novel),Scorpius,scorpius,novel,,Novel by John Gardner (British writer),191.14,0.0,2,0,"Washington, D.C.","Washington, D.C.|South Carolina",
Marine Raiders (film),Marine Raiders,marine raiders,film,1944.0,1944 film by Harold D. Schuster,189.84,189.84,2,2,Papua New Guinea,Papua New Guinea|Solomon Islands,Papua New Guinea|Solomon Islands
Alexander the Great (1956 film),Alexander the Great,alexander the great,film,1956.0,1956 film by Robert Rossen,188.66,188.66,2,2,Alexander the Great,Alexander the Great|Alexander (the Great),Alexander the Great|Alexander (the Great)
Goliath and the Rebel Slave,Goliath and the Rebel Slave,goliath and the rebel slave,film,1963.0,1963 film,188.66,188.66,2,2,Alexander the Great,Alexander the Great|Alexander (the Great),Alexander the Great|Alexander (the Great)
Sikandar (1941 film),Sikandar,sikandar,film,1941.0,1941 film by Sohrab Modi,188.66,188.66,2,2,Alexander the Great,Alexander the Great|Alexander (the Great),Alexander the Great|Alexander (the Great)
Alexander (2004 film),Alexander,alexander,film,2004.0,2004 epic historical drama film by Oliver Stone,188.66,188.66,2,2,Alexander the Great,Alexander the Great|Alexander (the Great),Alexander the Great|Alexander (the Great)
Furious 7,Furious 7,furious 7,film,2015.0,2015 film by James Wan,188.59,89.12,2,1,Dominican Republic,Dominican Republic|Abu Dhabi,Abu Dhabi
A Hope in the Unseen,A Hope in the Unseen,hope in the unseen,novel,1998.0,1998 book by Ron Suskind,188.13,88.29,2,1,"Washington, D.C.","Washington, D.C.|Providence, Rhode Island","Providence, Rhode Island"
Adaptation (film),Adaptation,adaptation,film,2002.0,2002 American film,188.1,0.0,2,0,New York,New York|Los Angeles,
The Arrangement (novel),The Arrangement,arrangement,novel,1967.0,1967 novel by Elia Kazan,188.1,0.0,2,0,New York,New York|Los Angeles,
Banned for Life,Banned for Life,banned for life,novel,,Book by Daryl Haney,188.1,0.0,2,0,New York,New York|Los Angeles,
From A to B (film),From A to B,from a to b,film,2014.0,2014 Emirati film,187.5,89.12,2,1,United Arab Emirates,United Arab Emirates|Abu Dhabi,Abu Dhabi
The Battle of Stalingrad (film),The Battle of Stalingrad,battle of stalingrad,film,1949.0,1949 film by Vladimir Petrov,187.35,88.29,2,1,Adolf Hitler,Adolf Hitler|Josef Stalin,Josef Stalin
The Fall of Berlin (film),The Fall of Berlin,fall of berlin,film,1950.0,1950 Soviet war film directed by Mikheil Chiaureli,187.35,88.29,2,1,Adolf Hitler,Adolf Hitler|Josef Stalin,Josef Stalin
Herr Meets Hare,Herr Meets Hare,herr meets hare,film,1945.0,1945 film by Friz Freleng,187.35,88.29,2,1,Adolf Hitler,Adolf Hitler|Josef Stalin,Josef Stalin
Hotel Lux (film),Hotel Lux,hotel lux,film,2011.0,2011 German film,187.35,88.29,2,1,Adolf Hitler,Adolf Hitler|Josef Stalin,Josef Stalin
Out of the Past,Out of the Past,out of the past,film,1947.0,1947 American film noir by Jacques Tourneur,187.13,187.13,2,2,Acapulco de Juárez,Acapulco de Juárez|American Sign Language,Acapulco de Juárez|American Sign Language
Alien from L.A.,Alien from L.A.,alien from l.a.,film,1988.0,1988 American film by Albert Pyun,186.79,93.57,2,1,Journey to the Center of the Earth,Journey to the Center of the Earth|Los Angeles,Journey to the Center of the Earth
Genocidal Organ,Genocidal Organ,genocidal organ,novel,2007.0,2007 novel by Project Itoh,186.48,0.0,2,0,"Washington, D.C.","Washington, D.C.|Bosnia and Herzegovina",
Arthur the King,Arthur the King,arthur the king,film,2024.0,2024 film by Simon Cellan Jones,186.46,0.0,2,0,Dominican Republic,Dominican Republic|Costa Rica,
Pixote,Pixote,pixote,film,1980.0,1980 film by Héctor Babenco,184.99,184.99,2,2,São Paulo,São Paulo|Sao Paulo,São Paulo|Sao Paulo
The Way He Looks,The Way He Looks,way he looks,film,2014.0,2014 film by Daniel Ribeiro,184.99,184.99,2,2,São Paulo,São Paulo|Sao Paulo,São Paulo|Sao Paulo
They Don't Wear Black Tie,They Don't Wear Black Tie,they dont wear black tie,film,1981.0,1981 film directed by Leon Hirszman,184.99,184.99,2,2,São Paulo,São Paulo|Sao Paulo,São Paulo|Sao Paulo
Three Tidy Tigers Tied a Tie Tighter,Three Tidy Tigers Tied a Tie Tighter,three tidy tigers tied a tie tighter,film,2022.0,2022 Brazilian film,184.99,184.99,2,2,São Paulo,São Paulo|Sao Paulo,São Paulo|Sao Paulo
Time of Fear,Time of Fear,time of fear,film,2009.0,2009 film directed by Sérgio Rezende,184.99,184.99,2,2,São Paulo,São Paulo|Sao Paulo,São Paulo|Sao Paulo
Skull: The Mask,Skull: The Mask,skull the mask,film,2020.0,2020 slasher film,184.99,184.99,2,2,São Paulo,São Paulo|Sao Paulo,São Paulo|Sao Paulo
Embodiment of Evil,Embodiment of Evil,embodiment of evil,film,2008.0,2008 film directed by José Mojica Marins,184.99,184.99,2,2,São Paulo,São Paulo|Sao Paulo,São Paulo|Sao Paulo
"Lula, Son of Brazil","Lula, Son of Brazil",lula son of brazil,film,2009.0,2009 film directed by Fábio Barreto,184.99,184.99,2,2,São Paulo,São Paulo|Sao Paulo,São Paulo|Sao Paulo
Love Strange Love,Love Strange Love,love strange love,film,1982.0,1982 film by Walter Hugo Khouri,184.99,184.99,2,2,São Paulo,São Paulo|Sao Paulo,São Paulo|Sao Paulo
Linha de Passe,Linha de Passe,linha de passe,film,2008.0,"2008 film directed by Walter Salles, Daniela Thomas",184.99,184.99,2,2,São Paulo,São Paulo|Sao Paulo,São Paulo|Sao Paulo
Journey to the End of the Night (film),Journey to the End of the Night,journey to the end of the night,film,2006.0,2006 film by Eric Eason,184.99,184.99,2,2,São Paulo,São Paulo|Sao Paulo,São Paulo|Sao Paulo
2 Coelhos,2 Coelhos,2 coelhos,film,2012.0,2012 film by Afonso Poyart,184.99,184.99,2,2,São Paulo,São Paulo|Sao Paulo,São Paulo|Sao Paulo
Maids (film),Maids,maids,film,2001.0,2001 film by Fernando Meirelles,184.99,184.99,2,2,São Paulo,São Paulo|Sao Paulo,São Paulo|Sao Paulo
Men and Women (1964 film),Men and Women,men and women,film,1964.0,1964 film by Walter Hugo Khouri,184.99,184.99,2,2,São Paulo,São Paulo|Sao Paulo,São Paulo|Sao Paulo
Anjos do Arrabalde,Anjos do Arrabalde,anjos do arrabalde,film,1987.0,1987 film directed by Carlos Reichenbach,184.99,184.99,2,2,São Paulo,São Paulo|Sao Paulo,São Paulo|Sao Paulo
My Name Is Baghdad,My Name Is Baghdad,my name is baghdad,film,2020.0,2020 Brazilian film,184.99,184.99,2,2,São Paulo,São Paulo|Sao Paulo,São Paulo|Sao Paulo
Nina (2004 film),Nina,nina,film,2004.0,2004 film directed by Heitor Dhalia,184.99,184.99,2,2,São Paulo,São Paulo|Sao Paulo,São Paulo|Sao Paulo
My Hindu Friend,My Hindu Friend,my hindu friend,film,2016.0,2016 film directed by Héctor Babenco,184.99,184.99,2,2,São Paulo,São Paulo|Sao Paulo,São Paulo|Sao Paulo
The Landowner's Daughter,The Landowner's Daughter,landowners daughter,film,1953.0,1953 film,184.99,184.99,2,2,São Paulo,São Paulo|Sao Paulo,São Paulo|Sao Paulo
Do Lado de Fora,Do Lado de Fora,do lado de fora,film,2014.0,2014 film directed by Alexandre Carvalho,184.99,184.99,2,2,São Paulo,São Paulo|Sao Paulo,São Paulo|Sao Paulo
Ed Mort,Ed Mort,ed mort,film,1997.0,1997 Brazilian film,184.99,184.99,2,2,São Paulo,São Paulo|Sao Paulo,São Paulo|Sao Paulo
The Best Mother in the World,The Best Mother in the World,best mother in the world,film,2025.0,2025 Brazilian film,184.99,184.99,2,2,São Paulo,São Paulo|Sao Paulo,São Paulo|Sao Paulo
Reflexões de um Liquidificador,Reflexões de um Liquidificador,reflexoes de um liquidificador,film,2010.0,2010 film directed by André Klotzel,184.99,184.99,2,2,São Paulo,São Paulo|Sao Paulo,São Paulo|Sao Paulo
O Príncipe,O Príncipe,o principe,film,2002.0,2002 film directed by Ugo Giorgetti,184.99,184.99,2,2,São Paulo,São Paulo|Sao Paulo,São Paulo|Sao Paulo
Plastic City (film),Plastic City,plastic city,film,2008.0,2008 film by Yu Lik-wai,184.99,184.99,2,2,São Paulo,São Paulo|Sao Paulo,São Paulo|Sao Paulo
Tieta,Tieta,tieta,novel,1977.0,1977 novel by Jorge Amado,184.99,184.99,2,2,São Paulo,São Paulo|Sao Paulo,São Paulo|Sao Paulo
The Red Light Bandit,The Red Light Bandit,red light bandit,film,1968.0,1968 Brazilian film,184.99,184.99,2,2,São Paulo,São Paulo|Sao Paulo,São Paulo|Sao Paulo
Cafundó (film),Cafundó,cafundo,film,2005.0,2005 film directed by Paulo Betti,184.99,184.99,2,2,São Paulo,São Paulo|Sao Paulo,São Paulo|Sao Paulo
A Glass of Rage,A Glass of Rage,glass of rage,film,1999.0,1999 film directed by Aluizio Abranches,184.99,184.99,2,2,São Paulo,São Paulo|Sao Paulo,São Paulo|Sao Paulo
Minha Mãe é uma Peça 2,Minha Mãe é uma Peça 2,minha mae e uma peca 2,film,2016.0,2016 film directed by César Rodrigues,184.99,184.99,2,2,São Paulo,São Paulo|Sao Paulo,São Paulo|Sao Paulo
Éramos Seis (novel),Éramos Seis,eramos seis,novel,1943.0,1943 Brazilian novel by Maria José Dupré,184.99,184.99,2,2,São Paulo,São Paulo|Sao Paulo,São Paulo|Sao Paulo
A Escola,A Escola,escola,novel,1983.0,1983 novel by Miguel M. Abrahão,184.99,184.99,2,2,São Paulo,São Paulo|Sao Paulo,São Paulo|Sao Paulo
Heliopolis (Scudamore novel),Heliopolis (Scudamore novel),heliopolis scudamore novel,novel,,Novel by James Scudamore,184.99,184.99,2,2,São Paulo,São Paulo|Sao Paulo,São Paulo|Sao Paulo
Boca (2010 film),Boca,boca,film,2010.0,2010 film directed by Flavio Frederico,184.99,184.99,2,2,São Paulo,São Paulo|Sao Paulo,São Paulo|Sao Paulo
The Year My Parents Went on Vacation,The Year My Parents Went on Vacation,year my parents went on vacation,film,2006.0,2006 film by Cao Hamburger,184.99,184.99,2,2,São Paulo,São Paulo|Sao Paulo,São Paulo|Sao Paulo
Baby (2024 film),Baby,baby,film,2024.0,2024 film,184.99,184.99,2,2,São Paulo,São Paulo|Sao Paulo,São Paulo|Sao Paulo
The Ballroom,The Ballroom,ballroom,film,2007.0,2007 film directed by Laís Bodanzky,184.99,184.99,2,2,São Paulo,São Paulo|Sao Paulo,São Paulo|Sao Paulo
Bare Behind Bars,Bare Behind Bars,bare behind bars,film,1980.0,1980 film directed by Oswaldo de Oliveira,184.99,184.99,2,2,São Paulo,São Paulo|Sao Paulo,São Paulo|Sao Paulo
Bellini and the Devil,Bellini and the Devil,bellini and the devil,film,2008.0,2008 film directed by Marcelo Galvão,184.99,184.99,2,2,São Paulo,São Paulo|Sao Paulo,São Paulo|Sao Paulo
Riocorrente,Riocorrente,riocorrente,film,2013.0,2013 film directed by Paulo Sacramento,184.99,184.99,2,2,São Paulo,São Paulo|Sao Paulo,São Paulo|Sao Paulo
Rosa Morena (film),Rosa Morena,rosa morena,film,2010.0,2010 film directed by Carlos Augusto de Oliveira,184.99,184.99,2,2,São Paulo,São Paulo|Sao Paulo,São Paulo|Sao Paulo
"São Paulo, Sociedade Anônima","São Paulo, Sociedade Anônima",sao paulo sociedade anonima,film,1965.0,1965 film,184.99,184.99,2,2,São Paulo,São Paulo|Sao Paulo,São Paulo|Sao Paulo
São Silvestre (film),São Silvestre,sao silvestre,film,2013.0,2013 film directed by Lina Chamie,184.99,184.99,2,2,São Paulo,São Paulo|Sao Paulo,São Paulo|Sao Paulo
The Second Mother (2015 film),The Second Mother,second mother,film,2015.0,2015 film by Anna Muylaert,184.99,184.99,2,2,São Paulo,São Paulo|Sao Paulo,São Paulo|Sao Paulo
The Sign of the City,The Sign of the City,sign of the city,film,2007.0,2007 film directed by Carlos Alberto Riccelli,184.99,184.99,2,2,São Paulo,São Paulo|Sao Paulo,São Paulo|Sao Paulo
O Rapto do Garoto de Ouro,O Rapto do Garoto de Ouro,o rapto do garoto de ouro,novel,1982.0,1982 novel by Marcos Rey,184.99,184.99,2,2,São Paulo,São Paulo|Sao Paulo,São Paulo|Sao Paulo
Macunaíma (novel),Macunaíma,macunaima,novel,1928.0,1928 novel by Mário de Andrade,184.99,184.99,2,2,São Paulo,São Paulo|Sao Paulo,São Paulo|Sao Paulo
Girl in Room 13 (1960 film),Girl in Room 13,girl in room 13,film,1960.0,1960 film by Richard E. Cunha & H.E. Barrie,184.99,184.99,2,2,São Paulo,São Paulo|Sao Paulo,São Paulo|Sao Paulo
Good Manners (2017 film),Good Manners,good manners,film,2017.0,2017 film by Marco Dutra and Juliana Rojas,184.99,184.99,2,2,São Paulo,São Paulo|Sao Paulo,São Paulo|Sao Paulo
Hebe: A Estrela do Brasil,Hebe: A Estrela do Brasil,hebe a estrela do brasil,film,2019.0,2019 Brazilian film,184.99,184.99,2,2,São Paulo,São Paulo|Sao Paulo,São Paulo|Sao Paulo
Holiday for Lovers,Holiday for Lovers,holiday for lovers,film,1959.0,1959 American comedy film,184.99,184.99,2,2,São Paulo,São Paulo|Sao Paulo,São Paulo|Sao Paulo
Confessions of a Brazilian Call Girl,Confessions of a Brazilian Call Girl,confessions of a brazilian call girl,film,2011.0,2011 film by Marcus Baldini,184.99,184.99,2,2,São Paulo,São Paulo|Sao Paulo,São Paulo|Sao Paulo
The City of Lost Souls,The City of Lost Souls,city of lost souls,film,2000.0,2000 Japanese film,184.99,184.99,2,2,São Paulo,São Paulo|Sao Paulo,São Paulo|Sao Paulo
Carandiru (film),Carandiru,carandiru,film,2003.0,2003 film by Héctor Babenco,184.99,184.99,2,2,São Paulo,São Paulo|Sao Paulo,São Paulo|Sao Paulo
Brainstorm (2000 film),Brainstorm,brainstorm,film,2000.0,2000 film by Laís Bodanzky,184.99,184.99,2,2,São Paulo,São Paulo|Sao Paulo,São Paulo|Sao Paulo
Chamada a Cobrar,Chamada a Cobrar,chamada a cobrar,film,2012.0,2012 film directed by Anna Muylaert,184.99,184.99,2,2,São Paulo,São Paulo|Sao Paulo,São Paulo|Sao Paulo
Bellini and the Sphinx,Bellini and the Sphinx,bellini and the sphinx,film,2001.0,2001 film by Roberto Santucci,184.99,184.99,2,2,São Paulo,São Paulo|Sao Paulo,São Paulo|Sao Paulo
"The Loves of Mary, Queen of Scots","The Loves of Mary, Queen of Scots",loves of mary queen of scots,film,1923.0,1923 film by Denison Clift,184.89,184.89,2,2,"Mary, Queen of Scots","Mary, Queen of Scots|Mary (Queen of Scots)","Mary, Queen of Scots|Mary (Queen of Scots)"
Mary Queen of Scots (unmade film),Mary Queen of Scots (unmade film),mary queen of scots unmade film,film,,Unmade feature film,184.89,184.89,2,2,"Mary, Queen of Scots","Mary, Queen of Scots|Mary (Queen of Scots)","Mary, Queen of Scots|Mary (Queen of Scots)"
Mary Queen of Scots (2013 film),Mary Queen of Scots,mary queen of scots,film,2013.0,2013 Swiss film by Thomas Imbach,184.89,184.89,2,2,"Mary, Queen of Scots","Mary, Queen of Scots|Mary (Queen of Scots)","Mary, Queen of Scots|Mary (Queen of Scots)"
Farinelli (film),Farinelli,farinelli,film,1994.0,1994 Italian film,184.6,184.6,2,2,George Frideric Handel,George Frideric Handel|G.F. Handel,George Frideric Handel|G.F. Handel
The Great Mr. Handel,The Great Mr. Handel,great mr. handel,film,1942.0,1942 film,184.6,184.6,2,2,George Frideric Handel,George Frideric Handel|G.F. Handel,George Frideric Handel|G.F. Handel
Anbanavan Asaradhavan Adangadhavan,Anbanavan Asaradhavan Adangadhavan,anbanavan asaradhavan adangadhavan,film,2017.0,2017 film by Adhik Ravichandran,183.99,85.61,2,1,United Arab Emirates,United Arab Emirates|Madura Island,Madura Island
The Navigator (Pocalyko novel),The Navigator (Pocalyko novel),navigator pocalyko novel,novel,2013.0,2013 book by Michael Pocalyko,183.63,0.0,2,0,"Washington, D.C.","Washington, D.C.|New Jersey",
How I Paid for College,How I Paid for College,how i paid for college,novel,2004.0,2004 book by Marc Acito,183.63,0.0,2,0,"Washington, D.C.","Washington, D.C.|New Jersey",
Burma Rani,Burma Rani,burma rani,film,1945.0,1945 Indian film,183.61,84.55,2,1,Adolf Hitler,Adolf Hitler|Myanmar Burma,Myanmar Burma
The Emperor of Ocean Park,The Emperor of Ocean Park,emperor of ocean park,novel,2002.0,2002 novel by Stephen L. Carter,183.37,0.0,2,0,"Washington, D.C.","Washington, D.C.|Martha's Vineyard",
The Nine Lives of Fritz the Cat,The Nine Lives of Fritz the Cat,nine lives of fritz the cat,film,1974.0,1974 American film,183.32,0.0,2,0,Adolf Hitler,Adolf Hitler|Richard Nixon,
The Third Blow,The Third Blow,third blow,film,1948.0,1948 film by Igor Savchenko,182.81,182.81,2,2,Crimean Peninsula,Crimean Peninsula|Josef Stalin,Crimean Peninsula|Josef Stalin
Hansel & Gretel (2013 film),Hansel & Gretel,hansel & gretel,film,2013.0,2013 film by Anthony C. Ferrante,182.69,182.69,2,2,Hansel & Gretel,"Hansel & Gretel|\""Hansel and Gretel\","Hansel & Gretel|\""Hansel and Gretel\"
Hansel vs. Gretel,Hansel vs. Gretel,hansel vs. gretel,film,2015.0,2015 American film,182.69,182.69,2,2,Hansel & Gretel,"Hansel & Gretel|\""Hansel and Gretel\","Hansel & Gretel|\""Hansel and Gretel\"
Hansel and Gretel (1987 film),Hansel and Gretel,hansel and gretel,film,1987.0,"1987 United States, Israel film",182.69,182.69,2,2,Hansel & Gretel,"Hansel & Gretel|\""Hansel and Gretel\","Hansel & Gretel|\""Hansel and Gretel\"
Hansel and Gretel (1954 Janssen film),Hansel and Gretel,hansel and gretel,film,1954.0,1954 film,182.69,182.69,2,2,Hansel & Gretel,"Hansel & Gretel|\""Hansel and Gretel\","Hansel & Gretel|\""Hansel and Gretel\"
Hansel and Gretel (2007 film),Hansel and Gretel,hansel and gretel,film,2007.0,2007 South Korean film,182.69,182.69,2,2,Hansel & Gretel,"Hansel & Gretel|\""Hansel and Gretel\","Hansel & Gretel|\""Hansel and Gretel\"
Hansel and Gretel (2002 film),Hansel and Gretel,hansel and gretel,film,2002.0,Fantasy film by Gary J. Tunnicliffe,182.69,182.69,2,2,Hansel & Gretel,"Hansel & Gretel|\""Hansel and Gretel\","Hansel & Gretel|\""Hansel and Gretel\"
Hansel & Gretel: Witch Hunters,Hansel & Gretel: Witch Hunters,hansel & gretel witch hunters,film,2013.0,2013 film by Tommy Wirkola,182.69,182.69,2,2,Hansel & Gretel,"Hansel & Gretel|\""Hansel and Gretel\","Hansel & Gretel|\""Hansel and Gretel\"
Hansel & Gretel Get Baked,Hansel & Gretel Get Baked,hansel & gretel get baked,film,2013.0,2013 American film,182.69,182.69,2,2,Hansel & Gretel,"Hansel & Gretel|\""Hansel and Gretel\","Hansel & Gretel|\""Hansel and Gretel\"
Hansel and Gretel (1954 Genschow film),Hansel and Gretel,hansel and gretel,film,1954.0,1954 film,182.69,182.69,2,2,Hansel & Gretel,"Hansel & Gretel|\""Hansel and Gretel\","Hansel & Gretel|\""Hansel and Gretel\"
Nightbooks,Nightbooks,nightbooks,film,2021.0,2021 film by David Yarovesky,182.69,182.69,2,2,Hansel & Gretel,"Hansel & Gretel|\""Hansel and Gretel\","Hansel & Gretel|\""Hansel and Gretel\"
Whoever Slew Auntie Roo?,Whoever Slew Auntie Roo?,whoever slew auntie roo,film,1971.0,1971 film by Curtis Harrington,182.69,182.69,2,2,Hansel & Gretel,"Hansel & Gretel|\""Hansel and Gretel\","Hansel & Gretel|\""Hansel and Gretel\"
Tales of Halloween,Tales of Halloween,tales of halloween,film,2015.0,2015 American film,182.69,182.69,2,2,Hansel & Gretel,"Hansel & Gretel|\""Hansel and Gretel\","Hansel & Gretel|\""Hansel and Gretel\"
Freeway II: Confessions of a Trickbaby,Freeway II: Confessions of a Trickbaby,freeway ii confessions of a trickbaby,film,1999.0,1999 film by Matthew Bright,182.69,182.69,2,2,Hansel & Gretel,"Hansel & Gretel|\""Hansel and Gretel\","Hansel & Gretel|\""Hansel and Gretel\"
Gretel & Hansel,Gretel & Hansel,gretel & hansel,film,2020.0,2020 horror film by Osgood Perkins,182.69,182.69,2,2,Hansel & Gretel,"Hansel & Gretel|\""Hansel and Gretel\","Hansel & Gretel|\""Hansel and Gretel\"
42 (film),42,42,film,2013.0,2013 biographical sports film by Brian Helgeland,182.62,0.0,2,0,New York,New York|St. Louis,
Around the World in Eighty Days,Around the World in Eighty Days,around the world in eighty days,novel,1872.0,1872 novel written by Jules Verne,182.35,0.0,2,0,New York,New York|Hong Kong,
The Open Society and Its Enemies,The Open Society and Its Enemies,open society and its enemies,novel,1945.0,1945 book by Karl Popper,182.31,98.63,2,1,Georg Wilhelm Friedrich Hegel,Georg Wilhelm Friedrich Hegel|Karl Marx,Georg Wilhelm Friedrich Hegel
Reason and Revolution,Reason and Revolution,reason and revolution,novel,1941.0,1941 book by Herbert Marcuse,182.31,98.63,2,1,Georg Wilhelm Friedrich Hegel,Georg Wilhelm Friedrich Hegel|Karl Marx,Georg Wilhelm Friedrich Hegel
Huck and Tom,Huck and Tom,huck and tom,film,1918.0,1918 film by William Desmond Taylor,181.86,88.29,2,1,Adventures of Huckleberry Finn,Adventures of Huckleberry Finn|Adventures of Tom Sawyer,Adventures of Tom Sawyer
Band of Robbers,Band of Robbers,band of robbers,film,2015.0,2015 American film,181.86,88.29,2,1,Adventures of Huckleberry Finn,Adventures of Huckleberry Finn|Adventures of Tom Sawyer,Adventures of Tom Sawyer
Churchill: The Hollywood Years,Churchill: The Hollywood Years,churchill the hollywood years,film,2004.0,2004 film,181.74,0.0,2,0,Adolf Hitler,Adolf Hitler|Winston Churchill,
Jackboots on Whitehall,Jackboots on Whitehall,jackboots on whitehall,film,2010.0,2010 British film,181.74,0.0,2,0,Adolf Hitler,Adolf Hitler|Winston Churchill,
The Devil with Hitler,The Devil with Hitler,devil with hitler,film,1942.0,1942 American film,181.67,0.0,2,0,Adolf Hitler,Adolf Hitler|Benito Mussolini,
Bury the Axis,Bury the Axis,bury the axis,film,1943.0,1943 British film,181.67,0.0,2,0,Adolf Hitler,Adolf Hitler|Benito Mussolini,
I'll Never Heil Again,I'll Never Heil Again,ill never heil again,film,1941.0,1941 film by Jules White,181.67,0.0,2,0,Adolf Hitler,Adolf Hitler|Benito Mussolini,
That Nazty Nuisance,That Nazty Nuisance,that nazty nuisance,film,1943.0,1943 film by Glenn Tryon,181.67,0.0,2,0,Adolf Hitler,Adolf Hitler|Benito Mussolini,
All in the Bunker,All in the Bunker,all in the bunker,film,2009.0,2009 American film,181.67,0.0,2,0,Adolf Hitler,Adolf Hitler|Benito Mussolini,
The Ducktators,The Ducktators,ducktators,film,1942.0,1942 American film,181.67,0.0,2,0,Adolf Hitler,Adolf Hitler|Benito Mussolini,
America's Sweethearts,America's Sweethearts,americas sweethearts,film,2001.0,2001 comedy film directed by Joe Roth,181.52,0.0,2,0,Los Angeles,Los Angeles|Las Vegas,
The Negotiator (novel),The Negotiator,negotiator,novel,1989.0,1989 novel by Frederick Forsyth,181.52,81.69,2,1,"Washington, D.C.","Washington, D.C.|Saudi Arabia",Saudi Arabia
Executive Orders,Executive Orders,executive orders,novel,1996.0,1996 thriller novel by Tom Clancy,181.52,81.69,2,1,"Washington, D.C.","Washington, D.C.|Saudi Arabia",Saudi Arabia
Bongwater (novel),Bongwater,bongwater,novel,1995.0,1995 novel by Michael Hornburg,181.51,86.64,2,1,New York,"New York|Portland, Oregon","Portland, Oregon"
The Rise of Theodore Roosevelt,The Rise of Theodore Roosevelt,rise of theodore roosevelt,novel,1979.0,1979 book by Edmund Morris,181.4,181.4,2,2,Theodore Roosevelt,Theodore Roosevelt|Teddy Roosevelt,Theodore Roosevelt|Teddy Roosevelt
Mornings on Horseback,Mornings on Horseback,mornings on horseback,novel,1981.0,1981 book by David McCullough,181.4,181.4,2,2,Theodore Roosevelt,Theodore Roosevelt|Teddy Roosevelt,Theodore Roosevelt|Teddy Roosevelt
The Bully Pulpit,The Bully Pulpit,bully pulpit,novel,2013.0,2013 historical book by Doris Kearns Goodwin,181.4,181.4,2,2,Theodore Roosevelt,Theodore Roosevelt|Teddy Roosevelt,Theodore Roosevelt|Teddy Roosevelt
The River of Doubt,The River of Doubt,river of doubt,novel,2005.0,2005 book about Theodore Roosevelt,181.4,181.4,2,2,Theodore Roosevelt,Theodore Roosevelt|Teddy Roosevelt,Theodore Roosevelt|Teddy Roosevelt
"Theodore Roosevelt, Fighting Patriot","Theodore Roosevelt, Fighting Patriot",theodore roosevelt fighting patriot,novel,1953.0,1953 children's book by Clara Ingram Judson,181.4,181.4,2,2,Theodore Roosevelt,Theodore Roosevelt|Teddy Roosevelt,Theodore Roosevelt|Teddy Roosevelt
The War Lovers,The War Lovers,war lovers,novel,2010.0,2010 book by Evan Thomas,181.4,181.4,2,2,Theodore Roosevelt,Theodore Roosevelt|Teddy Roosevelt,Theodore Roosevelt|Teddy Roosevelt
La Bohème (2009 film),La Bohème,la boheme,film,2009.0,2009 film,181.23,181.23,2,2,La bohème,La bohème|La boheme,La bohème|La boheme
La Bohème (2008 film),La Bohème,la boheme,film,2008.0,2008 Austrian-German film,181.23,181.23,2,2,La bohème,La bohème|La boheme,La bohème|La boheme
La Bohème (1926 film),La Bohème,la boheme,film,1926.0,1926 American silent drama film,181.23,181.23,2,2,La bohème,La bohème|La boheme,La bohème|La boheme
La Bohème (1916 film),La Bohème,la boheme,film,1916.0,1916 film by Albert Capellani,181.23,181.23,2,2,La bohème,La bohème|La boheme,La bohème|La boheme
La Bohème (1988 film),La Bohème,la boheme,film,1988.0,1988 Italian film,181.23,181.23,2,2,La bohème,La bohème|La boheme,La bohème|La boheme
La Boheme (1923 film),La Boheme,la boheme,film,1923.0,1923 film,181.23,181.23,2,2,La bohème,La bohème|La boheme,La bohème|La boheme
La Bohème (1965 film),La Bohème,la boheme,film,1965.0,1965 film,181.23,181.23,2,2,La bohème,La bohème|La boheme,La bohème|La boheme
White Slaves (film),White Slaves,white slaves,film,1937.0,1937 German film,181.16,94.51,2,1,Crimean Peninsula,Crimean Peninsula|Russian Revolution,Crimean Peninsula
The Love of Jeanne Ney,The Love of Jeanne Ney,love of jeanne ney,film,1927.0,1927 film by Georg Wilhelm Pabst,181.16,94.51,2,1,Crimean Peninsula,Crimean Peninsula|Russian Revolution,Crimean Peninsula
Ludwig: Requiem for a Virgin King,Ludwig: Requiem for a Virgin King,ludwig requiem for a virgin king,film,1972.0,1972 West German film,180.91,81.84,2,1,Adolf Hitler,Adolf Hitler|Mad King Ludwig,Mad King Ludwig
The Boys from Brazil (film),The Boys from Brazil,boys from brazil,film,1978.0,1978 film by Franklin J. Schaffner,180.91,81.84,2,1,Adolf Hitler,Adolf Hitler|East & West Germany,East & West Germany
Crisis of Character,Crisis of Character,crisis of character,novel,2016.0,2016 book by Gary J. Byrne,180.5,180.5,2,2,Hillary Rodham Clinton,Hillary Rodham Clinton|Bill Clinton,Hillary Rodham Clinton|Bill Clinton
HRC: State Secrets and the Rebirth of Hillary Clinton,HRC: State Secrets and the Rebirth of Hillary Clinton,hrc state secrets and the rebirth of hillary clinton,novel,2014.0,2014 book by Amie Parnes and Jonathan Allen,180.5,180.5,2,2,Hillary Rodham Clinton,Hillary Rodham Clinton|Bill Clinton,Hillary Rodham Clinton|Bill Clinton
The Seduction of Hillary Rodham,The Seduction of Hillary Rodham,seduction of hillary rodham,novel,1996.0,1996 book by David Brock,180.5,180.5,2,2,Hillary Rodham Clinton,Hillary Rodham Clinton|Bill Clinton,Hillary Rodham Clinton|Bill Clinton
Clinton Cash,Clinton Cash,clinton cash,novel,2015.0,2015 book by Peter Schweizer,180.5,180.5,2,2,Hillary Rodham Clinton,Hillary Rodham Clinton|Bill Clinton,Hillary Rodham Clinton|Bill Clinton
The Strange Death of Vincent Foster,The Strange Death of Vincent Foster,strange death of vincent foster,novel,,Book by Christopher Ruddy,180.5,180.5,2,2,Hillary Rodham Clinton,Hillary Rodham Clinton|Bill Clinton,Hillary Rodham Clinton|Bill Clinton
The Cemetery of the Eagles,The Cemetery of the Eagles,cemetery of the eagles,film,1939.0,1939 Mexican film,180.47,96.85,2,1,Mexican-American War,Mexican-American War|Mexico City,Mexican-American War
Romeo Must Die,Romeo Must Die,romeo must die,film,2000.0,2000 film by Andrzej Bartkowiak,180.44,97.79,2,1,Romeo & Juliet,Romeo & Juliet|Romeo and Juliet,Romeo & Juliet
Romeo and Juliet Get Married,Romeo and Juliet Get Married,romeo and juliet get married,film,2005.0,2005 film directed by Bruno Barreto,180.44,97.79,2,1,Romeo & Juliet,Romeo & Juliet|Romeo and Juliet,Romeo & Juliet
R and J,R and J,r and j,film,2021.0,2021 American drama film based on Shakespeare's ''Romeo and Juliet'',180.44,97.79,2,1,Romeo & Juliet,Romeo & Juliet|Romeo and Juliet,Romeo & Juliet
Die in a Gunfight,Die in a Gunfight,die in a gunfight,film,2021.0,2021 American film,180.44,97.79,2,1,Romeo & Juliet,Romeo & Juliet|Romeo and Juliet,Romeo & Juliet
Akkada Ammayi Ikkada Abbayi,Akkada Ammayi Ikkada Abbayi,akkada ammayi ikkada abbayi,film,1996.0,1996 Indian film,180.44,97.79,2,1,Romeo & Juliet,Romeo & Juliet|Romeo and Juliet,Romeo & Juliet
Lonesome Cowboys,Lonesome Cowboys,lonesome cowboys,film,1968.0,1968 film,180.44,97.79,2,1,Romeo & Juliet,Romeo & Juliet|Romeo and Juliet,Romeo & Juliet
Ambikapathy (1937 film),Ambikapathy,ambikapathy,film,1937.0,1937 Indian Tamil film,180.44,97.79,2,1,Romeo & Juliet,Romeo & Juliet|Romeo and Juliet,Romeo & Juliet
Ambikapathy (1957 film),Ambikapathy,ambikapathy,film,1957.0,1957 Indian film,180.44,97.79,2,1,Romeo & Juliet,Romeo & Juliet|Romeo and Juliet,Romeo & Juliet
Arshinagar,Arshinagar,arshinagar,film,2015.0,2015 Indian Bengali film,180.44,97.79,2,1,Romeo & Juliet,Romeo & Juliet|Romeo and Juliet,Romeo & Juliet
30:e november,30:e november,30e november,film,1995.0,1995 Swedish film,180.44,97.79,2,1,Romeo & Juliet,Romeo & Juliet|Romeo and Juliet,Romeo & Juliet
Romeo and Juliet (2013 Broadway play),Romeo and Juliet,romeo and juliet,film,2013.0,2014 American film,180.44,97.79,2,1,Romeo & Juliet,Romeo & Juliet|Romeo and Juliet,Romeo & Juliet
Romeo & Juliet (2013 film),Romeo & Juliet,romeo & juliet,film,2013.0,2013 film by Carlo Carlei,180.44,97.79,2,1,Romeo & Juliet,Romeo & Juliet|Romeo and Juliet,Romeo & Juliet
The Tragedy of Romeo and Juliet (film),The Tragedy of Romeo and Juliet,tragedy of romeo and juliet,film,1982.0,1982 film by William Woodman,180.44,97.79,2,1,Romeo & Juliet,Romeo & Juliet|Romeo and Juliet,Romeo & Juliet
Tromeo and Juliet,Tromeo and Juliet,tromeo and juliet,film,1996.0,1996 American film,180.44,97.79,2,1,Romeo & Juliet,Romeo & Juliet|Romeo and Juliet,Romeo & Juliet
Romeo + Juliet,Romeo + Juliet,romeo + juliet,film,1996.0,1996 film directed by Baz Luhrmann,180.44,97.79,2,1,Romeo & Juliet,Romeo & Juliet|Romeo and Juliet,Romeo & Juliet
Romeo and Juliet (1900 film),Romeo and Juliet,romeo and juliet,film,1900.0,1900 film by Clément Maurice,180.44,97.79,2,1,Romeo & Juliet,Romeo & Juliet|Romeo and Juliet,Romeo & Juliet
Romanoff and Juliet (1961 film),Romanoff and Juliet,romanoff and juliet,film,1961.0,1961 film,180.44,97.79,2,1,Romeo & Juliet,Romeo & Juliet|Romeo and Juliet,Romeo & Juliet
Rome & Jewel,Rome & Jewel,rome & jewel,film,2006.0,2006 American film,180.44,97.79,2,1,Romeo & Juliet,Romeo & Juliet|Romeo and Juliet,Romeo & Juliet
Rosaline (film),Rosaline,rosaline,film,2022.0,2022 film by Karen Maine,180.44,97.79,2,1,Romeo & Juliet,Romeo & Juliet|Romeo and Juliet,Romeo & Juliet
Romulo & Julita,Romulo & Julita,romulo & julita,film,2020.0,2020 Peruvian film,180.44,97.79,2,1,Romeo & Juliet,Romeo & Juliet|Romeo and Juliet,Romeo & Juliet
Rose by Any Other Name...,Rose by Any Other Name...,rose by any other name...,film,1997.0,1997 film,180.44,97.79,2,1,Romeo & Juliet,Romeo & Juliet|Romeo and Juliet,Romeo & Juliet
Saudagar (1991 film),Saudagar,saudagar,film,1991.0,1991 Indian Hindi drama film,180.44,97.79,2,1,Romeo & Juliet,Romeo & Juliet|Romeo and Juliet,Romeo & Juliet
Vicious Circle (2008 film),Vicious Circle,vicious circle,film,2008.0,2008 American film,180.44,97.79,2,1,Romeo & Juliet,Romeo & Juliet|Romeo and Juliet,Romeo & Juliet
Warm Bodies (film),Warm Bodies,warm bodies,film,2013.0,2013 American zombie romantic comedy film,180.44,97.79,2,1,Romeo & Juliet,Romeo & Juliet|Romeo and Juliet,Romeo & Juliet
Romeo and Juliet (1908 film),Romeo and Juliet,romeo and juliet,film,1908.0,1908 film by J. Stuart Blackton,180.44,97.79,2,1,Romeo & Juliet,Romeo & Juliet|Romeo and Juliet,Romeo & Juliet
Romeo and Juliet (1916 Fox film),Romeo and Juliet,romeo and juliet,film,1916.0,1916 film,180.44,97.79,2,1,Romeo & Juliet,Romeo & Juliet|Romeo and Juliet,Romeo & Juliet
"Romeo, Juliet and Darkness","Romeo, Juliet and Darkness",romeo juliet and darkness,film,1959.0,1959 Czech film by Jiří Weiss,180.44,97.79,2,1,Romeo & Juliet,Romeo & Juliet|Romeo and Juliet,Romeo & Juliet
Romeo.Juliet,Romeo.Juliet,romeo.juliet,film,1990.0,1990 film by Armondo Linus Acosta,180.44,97.79,2,1,Romeo & Juliet,Romeo & Juliet|Romeo and Juliet,Romeo & Juliet
Romeo and Juliet (1943 film),Romeo and Juliet,romeo and juliet,film,1943.0,1943 Mexican film,180.44,97.79,2,1,Romeo & Juliet,Romeo & Juliet|Romeo and Juliet,Romeo & Juliet
Romeo and Juliet (1955 film),Romeo and Juliet,romeo and juliet,film,1955.0,1955 film,180.44,97.79,2,1,Romeo & Juliet,Romeo & Juliet|Romeo and Juliet,Romeo & Juliet
Romeo and Juliet (1916 Metro Pictures film),Romeo and Juliet,romeo and juliet,film,1916.0,1916 silent film by John W. Noble and Francis X. Bushman,180.44,97.79,2,1,Romeo & Juliet,Romeo & Juliet|Romeo and Juliet,Romeo & Juliet
Romeo and Juliet (1954 Argentine film),Romeo and Juliet,romeo and juliet,film,1954.0,1953 film by Enrique Carreras,180.44,97.79,2,1,Romeo & Juliet,Romeo & Juliet|Romeo and Juliet,Romeo & Juliet
Romeo and Juliet (1954 film),Romeo and Juliet,romeo and juliet,film,1954.0,1954 film by Renato Castellani,180.44,97.79,2,1,Romeo & Juliet,Romeo & Juliet|Romeo and Juliet,Romeo & Juliet
Los Tarantos,Los Tarantos,los tarantos,film,1963.0,1963 film,180.44,97.79,2,1,Romeo & Juliet,Romeo & Juliet|Romeo and Juliet,Romeo & Juliet
Beneath the 12-Mile Reef,Beneath the 12-Mile Reef,beneath the 12-mile reef,film,1953.0,1953 American Technicolor adventure film by Robert D. Webb,180.44,97.79,2,1,Romeo & Juliet,Romeo & Juliet|Romeo and Juliet,Romeo & Juliet
Romeo and Juliet (1964 film),Romeo and Juliet,romeo and juliet,film,1964.0,1964 film,180.44,97.79,2,1,Romeo & Juliet,Romeo & Juliet|Romeo and Juliet,Romeo & Juliet
Kentucky (film),Kentucky,kentucky,film,1938.0,"1938 film by Otto Brower, David Butler",180.44,97.79,2,1,Romeo & Juliet,Romeo & Juliet|Romeo and Juliet,Romeo & Juliet
Kalisundam Raa,Kalisundam Raa,kalisundam raa,film,2000.0,2000 film by K. R. Udayasankar,180.44,97.79,2,1,Romeo & Juliet,Romeo & Juliet|Romeo and Juliet,Romeo & Juliet
Issaq,Issaq,issaq,film,2013.0,2013 Hindi romantic film directed by Manish Tiwary,180.44,97.79,2,1,Romeo & Juliet,Romeo & Juliet|Romeo and Juliet,Romeo & Juliet
Ishq Hai Tumse,Ishq Hai Tumse,ishq hai tumse,film,2004.0,2004 Indian film,180.44,97.79,2,1,Romeo & Juliet,Romeo & Juliet|Romeo and Juliet,Romeo & Juliet
Ishaqzaade,Ishaqzaade,ishaqzaade,film,2012.0,2012 Hindi-language romantic action film,180.44,97.79,2,1,Romeo & Juliet,Romeo & Juliet|Romeo and Juliet,Romeo & Juliet
In Fair Palestine: A Story of Romeo and Juliet,In Fair Palestine: A Story of Romeo and Juliet,in fair palestine a story of romeo and juliet,film,2008.0,2008 film,180.44,97.79,2,1,Romeo & Juliet,Romeo & Juliet|Romeo and Juliet,Romeo & Juliet
Gonks Go Beat,Gonks Go Beat,gonks go beat,film,1964.0,1964 British film by Robert Hartford-Davis,180.44,97.79,2,1,Romeo & Juliet,Romeo & Juliet|Romeo and Juliet,Romeo & Juliet
Goliyon Ki Raasleela Ram-Leela,Goliyon Ki Raasleela Ram-Leela,goliyon ki raasleela ram-leela,film,2013.0,2013 Indian film by Sanjay Leela Bhansali,180.44,97.79,2,1,Romeo & Juliet,Romeo & Juliet|Romeo and Juliet,Romeo & Juliet
Fury of Johnny Kid,Fury of Johnny Kid,fury of johnny kid,film,1967.0,1967 Italian-Spanish film directed by Gianni Puccini,180.44,97.79,2,1,Romeo & Juliet,Romeo & Juliet|Romeo and Juliet,Romeo & Juliet
I fichissimi,I fichissimi,i fichissimi,film,1981.0,1981 Italian film,180.44,97.79,2,1,Romeo & Juliet,Romeo & Juliet|Romeo and Juliet,Romeo & Juliet
Eeda,Eeda,eeda,film,2018.0,2018 film directed by B Ajithkumar,180.44,97.79,2,1,Romeo & Juliet,Romeo & Juliet|Romeo and Juliet,Romeo & Juliet
Romeo and Juliet (1936 film),Romeo and Juliet,romeo and juliet,film,1936.0,1936 film by George Cukor,180.44,97.79,2,1,Romeo & Juliet,Romeo & Juliet|Romeo and Juliet,Romeo & Juliet
Social Suicide (film),Social Suicide,social suicide,film,2015.0,2015 British film,180.44,97.79,2,1,Romeo & Juliet,Romeo & Juliet|Romeo and Juliet,Romeo & Juliet
The Silver Skates (film),The Silver Skates,silver skates,film,2020.0,2020 Russian film by Michael Lockshin,180.44,97.79,2,1,Romeo & Juliet,Romeo & Juliet|Romeo and Juliet,Romeo & Juliet
The Phantom Lover,The Phantom Lover,phantom lover,film,1995.0,1995 film by Ronny Yu,180.44,97.79,2,1,Romeo & Juliet,Romeo & Juliet|Romeo and Juliet,Romeo & Juliet
Romeo and Juliet (1940 film),Romeo and Juliet,romeo and juliet,film,1940.0,1940 Spanish film,180.44,97.79,2,1,Romeo & Juliet,Romeo & Juliet|Romeo and Juliet,Romeo & Juliet
Maro Charitra (2010 film),Maro Charitra,maro charitra,film,2010.0,2010 Indian film,180.44,97.79,2,1,Romeo & Juliet,Romeo & Juliet|Romeo and Juliet,Romeo & Juliet
Ondagona Baa,Ondagona Baa,ondagona baa,film,2003.0,2003 Kannada film by K. R. Udhayashankar,180.44,97.79,2,1,Romeo & Juliet,Romeo & Juliet|Romeo and Juliet,Romeo & Juliet
Maro Charitra,Maro Charitra,maro charitra,film,1978.0,1978 film by K. Balachander,180.44,97.79,2,1,Romeo & Juliet,Romeo & Juliet|Romeo and Juliet,Romeo & Juliet
Mamay (film),Mamay,mamay,film,2003.0,2003 film,180.44,97.79,2,1,Romeo & Juliet,Romeo & Juliet|Romeo and Juliet,Romeo & Juliet
Make Your Move (film),Make Your Move,make your move,film,2013.0,2013 American film,180.44,97.79,2,1,Romeo & Juliet,Romeo & Juliet|Romeo and Juliet,Romeo & Juliet
Mônica e Cebolinha: No Mundo de Romeu e Julieta,Mônica e Cebolinha: No Mundo de Romeu e Julieta,monica e cebolinha no mundo de romeu e julieta,film,1979.0,1979 film directed by José Amâncio,180.44,97.79,2,1,Romeo & Juliet,Romeo & Juliet|Romeo and Juliet,Romeo & Juliet
The Magic Flame,The Magic Flame,magic flame,film,1927.0,1927 film by Henry King,180.44,97.79,2,1,Romeo & Juliet,Romeo & Juliet|Romeo and Juliet,Romeo & Juliet
Madhu Malti,Madhu Malti,madhu malti,film,1978.0,1978 film by Basu Bhattacharya,180.44,97.79,2,1,Romeo & Juliet,Romeo & Juliet|Romeo and Juliet,Romeo & Juliet
Madhosh (1951 film),Madhosh,madhosh,film,1951.0,1951 film,180.44,97.79,2,1,Romeo & Juliet,Romeo & Juliet|Romeo and Juliet,Romeo & Juliet
Ma che musica maestro,Ma che musica maestro,ma che musica maestro,film,1971.0,1971 film by Mariano Laurenti,180.44,97.79,2,1,Romeo & Juliet,Romeo & Juliet|Romeo and Juliet,Romeo & Juliet
Love Is All There Is,Love Is All There Is,love is all there is,film,1996.0,1996 film by Joseph Bologna,180.44,97.79,2,1,Romeo & Juliet,Romeo & Juliet|Romeo and Juliet,Romeo & Juliet
The Lovers of Verona,The Lovers of Verona,lovers of verona,film,1949.0,1949 film by André Cayatte,180.44,97.79,2,1,Romeo & Juliet,Romeo & Juliet|Romeo and Juliet,Romeo & Juliet
Romeo and Juliet (2006 film),Romeo and Juliet,romeo and juliet,film,2006.0,2006 film by Yves Desgagnés,180.44,97.79,2,1,Romeo & Juliet,Romeo & Juliet|Romeo and Juliet,Romeo & Juliet
Romeo and Juliet (1968 film),Romeo and Juliet,romeo and juliet,film,1968.0,1968 film by Franco Zeffirelli,180.44,97.79,2,1,Romeo & Juliet,Romeo & Juliet|Romeo and Juliet,Romeo & Juliet
Life and Lyrics,Life and Lyrics,life and lyrics,film,2006.0,2006 British film by Richard Laxton,180.44,97.79,2,1,Romeo & Juliet,Romeo & Juliet|Romeo and Juliet,Romeo & Juliet
Kuch Tum Kaho Kuch Hum Kahein,Kuch Tum Kaho Kuch Hum Kahein,kuch tum kaho kuch hum kahein,film,2001.0,2001 film by K. Ravi Shankar,180.44,97.79,2,1,Romeo & Juliet,Romeo & Juliet|Romeo and Juliet,Romeo & Juliet
Ek Duuje Ke Liye,Ek Duuje Ke Liye,ek duuje ke liye,film,1981.0,1981 Indian film,180.44,97.79,2,1,Romeo & Juliet,Romeo & Juliet|Romeo and Juliet,Romeo & Juliet
David & Fatima,David & Fatima,david & fatima,film,2008.0,2008 film by Alain Zaloum,180.44,97.79,2,1,Romeo & Juliet,Romeo & Juliet|Romeo and Juliet,Romeo & Juliet
The Cross Road,The Cross Road,cross road,film,2008.0,2008 American film,180.44,97.79,2,1,Romeo & Juliet,Romeo & Juliet|Romeo and Juliet,Romeo & Juliet
Private Romeo,Private Romeo,private romeo,film,2011.0,2011 American film,180.44,97.79,2,1,Romeo & Juliet,Romeo & Juliet|Romeo and Juliet,Romeo & Juliet
Priyatama (2014 film),Priyatama,priyatama,film,2014.0,2014 Indian film,180.44,97.79,2,1,Romeo & Juliet,Romeo & Juliet|Romeo and Juliet,Romeo & Juliet
Amar te duele,Amar te duele,amar te duele,film,2002.0,2002 film,180.44,97.79,2,1,Romeo & Juliet,Romeo & Juliet|Romeo and Juliet,Romeo & Juliet
Bollywood Queen,Bollywood Queen,bollywood queen,film,2002.0,2002 film by Jeremy Wooding,180.44,97.79,2,1,Romeo & Juliet,Romeo & Juliet|Romeo and Juliet,Romeo & Juliet
Bullies (film),Bullies,bullies,film,1986.0,1986 film by Paul Lynch,180.44,97.79,2,1,Romeo & Juliet,Romeo & Juliet|Romeo and Juliet,Romeo & Juliet
Chicken Rice War,Chicken Rice War,chicken rice war,film,2000.0,2000 Singaporean film,180.44,97.79,2,1,Romeo & Juliet,Romeo & Juliet|Romeo and Juliet,Romeo & Juliet
China Girl (1987 film),China Girl,china girl,film,1987.0,1987 film,180.44,97.79,2,1,Romeo & Juliet,Romeo & Juliet|Romeo and Juliet,Romeo & Juliet
The Fantastic Flying Books of Mr. Morris Lessmore,The Fantastic Flying Books of Mr. Morris Lessmore,fantastic flying books of mr. morris lessmore,film,2011.0,2011 American film,180.36,0.0,2,0,Hurricane Katrina,Hurricane Katrina|New Orleans,
Cut Throat City,Cut Throat City,cut throat city,film,2020.0,2020 film directed by RZA,180.36,0.0,2,0,Hurricane Katrina,Hurricane Katrina|New Orleans,
Bad Lieutenant: Port of Call New Orleans,Bad Lieutenant: Port of Call New Orleans,bad lieutenant port of call new orleans,film,2009.0,2009 film by Werner Herzog,180.36,0.0,2,0,Hurricane Katrina,Hurricane Katrina|New Orleans,
Berts vidare betraktelser,Berts vidare betraktelser,berts vidare betraktelser,novel,1990.0,1990 novel by Anders Jacobsson and Sören Olsson,180.05,0.0,2,0,New York,New York|Cold War,
Amelia (film),Amelia,amelia,film,2009.0,2009 American film,180.0,180.0,2,2,Papua New Guinea,Papua New Guinea|World Ocean,Papua New Guinea|World Ocean
Dear Friend Hitler,Dear Friend Hitler,dear friend hitler,film,2011.0,2011 Indian film,179.99,0.0,2,0,Adolf Hitler,Adolf Hitler|Mahatma Gandhi,
Dumb and Dumber To,Dumb and Dumber To,dumb and dumber to,film,2014.0,2014 film by the Farrelly brothers,179.69,95.87,2,1,El Paso,El Paso|Rhode Island,El Paso
City of Night,City of Night,city of night,novel,1963.0,1963 novel by John Rechy,179.52,0.0,2,0,Los Angeles,Los Angeles|New Orleans,
Alvin and the Chipmunks: The Road Chip,Alvin and the Chipmunks: The Road Chip,alvin and the chipmunks the road chip,film,2015.0,2015 film by Walt Becker,179.52,0.0,2,0,Los Angeles,Los Angeles|New Orleans,
Star Trek: Nemesis,Star Trek: Nemesis,star trek nemesis,film,2002.0,2002 American science fiction film by Stuart Baird,179.25,179.25,2,2,Star Trek,Star Trek|Star Trek: The Next Generation,Star Trek|Star Trek: The Next Generation
Star Trek: First Contact,Star Trek: First Contact,star trek first contact,film,1996.0,1996 film directed by Jonathan Frakes,179.25,179.25,2,2,Star Trek,Star Trek|Star Trek: The Next Generation,Star Trek|Star Trek: The Next Generation
Star Trek: The Lost Era,Star Trek: The Lost Era,star trek the lost era,novel,,Novel series,179.25,179.25,2,2,Star Trek,Star Trek|Star Trek: The Next Generation,Star Trek|Star Trek: The Next Generation
Star Trek: Stargazer,Star Trek: Stargazer,star trek stargazer,novel,,Novel series by Michael Jan Friedman,179.25,179.25,2,2,Star Trek,Star Trek|Star Trek: The Next Generation,Star Trek|Star Trek: The Next Generation
Star Trek Generations,Star Trek Generations,star trek generations,film,1994.0,1994 film by David Carson,179.25,179.25,2,2,Star Trek,Star Trek|Star Trek: The Next Generation,Star Trek|Star Trek: The Next Generation
Star Trek: New Frontier,Star Trek: New Frontier,star trek new frontier,novel,,Star Trek spinoff novel series,179.25,179.25,2,2,Star Trek,Star Trek|Star Trek: The Next Generation,Star Trek|Star Trek: The Next Generation
Star Trek: Insurrection,Star Trek: Insurrection,star trek insurrection,film,1998.0,1998 film by Jonathan Frakes,179.25,179.25,2,2,Star Trek,Star Trek|Star Trek: The Next Generation,Star Trek|Star Trek: The Next Generation
The Affairs of Susan,The Affairs of Susan,affairs of susan,film,1945.0,1945 film by William A. Seiter,178.69,0.0,2,0,New York,New York|Rhode Island,
Across the Universe (film),Across the Universe,across the universe,film,2007.0,2007 romantic drama film directed by Julie Taymor,178.67,0.0,2,0,New York,New York|New Jersey,
American Gangster (film),American Gangster,american gangster,film,2007.0,2007 film by Ridley Scott,178.67,0.0,2,0,New York,New York|New Jersey,
13 Going on 30,13 Going on 30,13 going on 30,film,2004.0,2004 film by Gary Winick,178.67,0.0,2,0,New York,New York|New Jersey,
Avenger (Forsyth novel),Avenger (Forsyth novel),avenger forsyth novel,novel,,Novel by Frederick Forsyth,178.67,0.0,2,0,New York,New York|New Jersey,
4 3 2 1 (novel),4 3 2 1,4 3 2 1,novel,,Novel by Paul Auster,178.67,0.0,2,0,New York,New York|New Jersey,
Chillerama,Chillerama,chillerama,film,2011.0,2011 American horror comedy film,178.36,79.3,2,1,Adolf Hitler,Adolf Hitler|Anne Frank,Anne Frank
American Adulterer,American Adulterer,american adulterer,novel,2009.0,2009 biographical novel by Jed Mercurio,178.33,82.75,2,1,(John F.) Kennedy,(John F.) Kennedy|John F. Kennedy,John F. Kennedy
An American Affair (2008 film),An American Affair,american affair,film,2008.0,2008 American film,178.33,82.75,2,1,(John F.) Kennedy,(John F.) Kennedy|John F. Kennedy,John F. Kennedy
The Making of the President 1960,The Making of the President 1960,making of the president 1960,novel,1961.0,1961 book by Theodore H. White,178.33,82.75,2,1,(John F.) Kennedy,(John F.) Kennedy|John F. Kennedy,John F. Kennedy
"An Unfinished Life: John F. Kennedy, 1917–1963","An Unfinished Life: John F. Kennedy, 1917–1963",unfinished life john f. kennedy 1917–1963,novel,2003.0,2003 book by Robert Dallek,178.33,82.75,2,1,(John F.) Kennedy,(John F.) Kennedy|John F. Kennedy,John F. Kennedy
Prince Jack,Prince Jack,prince jack,film,1985.0,1985 American film,178.33,82.75,2,1,(John F.) Kennedy,(John F.) Kennedy|John F. Kennedy,John F. Kennedy
JFK in Ireland,JFK in Ireland,jfk in ireland,novel,,Book by Ryan Tubridy,178.33,82.75,2,1,(John F.) Kennedy,(John F.) Kennedy|John F. Kennedy,John F. Kennedy
The Dark Side of Camelot,The Dark Side of Camelot,dark side of camelot,novel,1997.0,1997 book,178.33,82.75,2,1,(John F.) Kennedy,(John F.) Kennedy|John F. Kennedy,John F. Kennedy
Between Heaven and Hell (novel),Between Heaven and Hell,between heaven and hell,novel,1982.0,1982 book by Peter Kreeft,178.33,82.75,2,1,(John F.) Kennedy,(John F.) Kennedy|John F. Kennedy,John F. Kennedy
The Fitzgeralds and the Kennedys,The Fitzgeralds and the Kennedys,fitzgeralds and the kennedys,novel,1987.0,1987 nonficfion book,178.33,82.75,2,1,(John F.) Kennedy,(John F.) Kennedy|John F. Kennedy,John F. Kennedy
A Thousand Days,A Thousand Days,thousand days,novel,1965.0,1965 book by Arthur M. Schlesinger Jr.,178.33,82.75,2,1,(John F.) Kennedy,(John F.) Kennedy|John F. Kennedy,John F. Kennedy
Oru Marubhoomikkadha,Oru Marubhoomikkadha,oru marubhoomikkadha,film,2011.0,2011 Indian film,178.29,0.0,2,0,United Arab Emirates,United Arab Emirates|Middle East,
"20,000 Leagues Under the Sea (1954 film)","20,000 Leagues Under the Sea",20000 leagues under the sea,film,1954.0,1954 film by Richard Fleischer,178.27,178.27,2,2,Twenty Thousand Leagues Under the Sea,Twenty Thousand Leagues Under the Sea|New Guinea,Twenty Thousand Leagues Under the Sea|New Guinea
The Winds of Autumn,The Winds of Autumn,winds of autumn,film,1976.0,1976 American western film,178.25,178.25,2,2,Quakers (Society of Friends),Quakers (Society of Friends)|Society of Friends,Quakers (Society of Friends)|Society of Friends
Angel and the Badman,Angel and the Badman,angel and the badman,film,1947.0,1947 American Western film by James Edward Grant,178.25,178.25,2,2,Quakers (Society of Friends),Quakers (Society of Friends)|Society of Friends,Quakers (Society of Friends)|Society of Friends
Uncle Tom's Cabin (1965 film),Uncle Tom's Cabin,uncle toms cabin,film,1965.0,1965 film,178.25,178.25,2,2,Quakers (Society of Friends),Quakers (Society of Friends)|Society of Friends,Quakers (Society of Friends)|Society of Friends
Penn of Pennsylvania,Penn of Pennsylvania,penn of pennsylvania,film,1941.0,1941 film by Lance Comfort,178.25,178.25,2,2,Quakers (Society of Friends),Quakers (Society of Friends)|Society of Friends,Quakers (Society of Friends)|Society of Friends
Eva Doesn't Sleep,Eva Doesn't Sleep,eva doesnt sleep,film,2015.0,2015 film,178.25,178.25,2,2,Eva Perón,Eva Perón|Eva Peron,Eva Perón|Eva Peron
The Deep Six,The Deep Six,deep six,film,1958.0,1958 film,178.25,178.25,2,2,Quakers (Society of Friends),Quakers (Society of Friends)|Society of Friends,Quakers (Society of Friends)|Society of Friends
The Lady from Cheyenne,The Lady from Cheyenne,lady from cheyenne,film,1941.0,1941 American comedy western film directed by Frank Lloyd,178.25,178.25,2,2,Quakers (Society of Friends),Quakers (Society of Friends)|Society of Friends,Quakers (Society of Friends)|Society of Friends
Iron Jawed Angels,Iron Jawed Angels,iron jawed angels,film,2004.0,2004 American historical drama film,178.25,178.25,2,2,Quakers (Society of Friends),Quakers (Society of Friends)|Society of Friends,Quakers (Society of Friends)|Society of Friends
Friendly Persuasion (1956 film),Friendly Persuasion,friendly persuasion,film,1956.0,1956 film by William Wyler,178.25,178.25,2,2,Quakers (Society of Friends),Quakers (Society of Friends)|Society of Friends,Quakers (Society of Friends)|Society of Friends
Mr. Holland's Opus,Mr. Holland's Opus,mr. hollands opus,film,1995.0,1995 film by Stephen Herek,178.25,178.25,2,2,American Sign Language,"American Sign Language|Portland, Oregon","American Sign Language|Portland, Oregon"
Beauty's Worth,Beauty's Worth,beautys worth,film,1922.0,1922 film by Robert G. Vignola,178.25,178.25,2,2,Quakers (Society of Friends),Quakers (Society of Friends)|Society of Friends,Quakers (Society of Friends)|Society of Friends
The Big Trees,The Big Trees,big trees,film,1952.0,1952 film,178.25,178.25,2,2,Quakers (Society of Friends),Quakers (Society of Friends)|Society of Friends,Quakers (Society of Friends)|Society of Friends
Baby Driver,Baby Driver,baby driver,film,2017.0,2017 film by Edgar Wright,178.25,178.25,2,2,American Sign Language,"American Sign Language|Atlanta, Georgia","American Sign Language|Atlanta, Georgia"
Project X (1987 film),Project X,project x,film,1987.0,1987 film by Jonathan Kaplan,178.25,178.25,2,2,American Sign Language,"American Sign Language|Madison, Wisconsin","American Sign Language|Madison, Wisconsin"
In Like Flynn (film),In Like Flynn,in like flynn,film,2018.0,2018 biographical film,178.12,178.12,2,2,Papua New Guinea,"Papua New Guinea|Sydney, Australia","Papua New Guinea|Sydney, Australia"
Godzilla: Final Wars,Godzilla: Final Wars,godzilla final wars,film,2004.0,2004 Japanese science fiction action film directed by Ryuhei Kitamura,178.12,178.12,2,2,Papua New Guinea,"Papua New Guinea|Sydney, Australia","Papua New Guinea|Sydney, Australia"
The Mark of Athena,The Mark of Athena,mark of athena,novel,2012.0,2012 novel by Rick Riordan,177.95,86.64,2,1,South Carolina,"South Carolina|Atlanta, Georgia","Atlanta, Georgia"
Never Send Flowers,Never Send Flowers,never send flowers,novel,,Novel by John Gardner (British writer),177.91,78.07,2,1,"Washington, D.C.","Washington, D.C.|Swiss Confederation",Swiss Confederation
10ml Love,10ml Love,10ml love,film,2012.0,2012 Indian romantic comedy film,177.77,177.77,2,2,Midsummer Night's Dream,Midsummer Night's Dream|Bombay Mumbai,Midsummer Night's Dream|Bombay Mumbai
The Ibsen Cycle,The Ibsen Cycle,ibsen cycle,novel,1975.0,1975 book by Brian Johnston,177.76,177.76,2,2,Georg Wilhelm Friedrich Hegel,Georg Wilhelm Friedrich Hegel|Henrik Ibsen,Georg Wilhelm Friedrich Hegel|Henrik Ibsen
Makers of Modern India,Makers of Modern India,makers of modern india,novel,,Book by Ramachandra Guha,177.65,96.72,2,1,B. R. Ambedkar,B. R. Ambedkar|Mahatma Gandhi,B. R. Ambedkar
The Doctor and the Saint,The Doctor and the Saint,doctor and the saint,novel,2019.0,2019 book by Arundhati Roy,177.65,96.72,2,1,B. R. Ambedkar,B. R. Ambedkar|Mahatma Gandhi,B. R. Ambedkar
Johnny Belinda (1948 film),Johnny Belinda,johnny belinda,film,1948.0,1948 American film,177.48,177.48,2,2,American Sign Language,American Sign Language|Nova Scotia,American Sign Language|Nova Scotia
Viva Riva!,Viva Riva!,viva riva,film,2010.0,2010 film directed by Djo Tunda Wa Munga,177.4,177.4,2,2,Democratic Republic of the Congo,Democratic Republic of the Congo|Democratic Republic of Congo,Democratic Republic of the Congo|Democratic Republic of Congo
La Vie est Belle (1987 film),La Vie est Belle,la vie est belle,film,1987.0,1987 Democratic Republic of the Congo film,177.4,177.4,2,2,Democratic Republic of the Congo,Democratic Republic of the Congo|Democratic Republic of Congo,Democratic Republic of the Congo|Democratic Republic of Congo
Virunga (film),Virunga,virunga,film,2014.0,2014 film,177.4,177.4,2,2,Democratic Republic of the Congo,Democratic Republic of the Congo|Democratic Republic of Congo,Democratic Republic of the Congo|Democratic Republic of Congo
Identity Pieces,Identity Pieces,identity pieces,film,1998.0,1998 Belgian film,177.4,177.4,2,2,Democratic Republic of the Congo,Democratic Republic of the Congo|Democratic Republic of Congo,Democratic Republic of the Congo|Democratic Republic of Congo
Hibiscus Season,Hibiscus Season,hibiscus season,film,2020.0,2020 film by Éléonore Goldberg,177.4,177.4,2,2,Democratic Republic of the Congo,Democratic Republic of the Congo|Democratic Republic of Congo,Democratic Republic of the Congo|Democratic Republic of Congo
Kinshasa Kids,Kinshasa Kids,kinshasa kids,film,2012.0,2012 film,177.4,177.4,2,2,Democratic Republic of the Congo,Democratic Republic of the Congo|Democratic Republic of Congo,Democratic Republic of the Congo|Democratic Republic of Congo
Katanga Business,Katanga Business,katanga business,film,2009.0,2009 Belgian film,177.4,177.4,2,2,Democratic Republic of the Congo,Democratic Republic of the Congo|Democratic Republic of Congo,Democratic Republic of the Congo|Democratic Republic of Congo
Ayan (film),Ayan,ayan,film,2009.0,2009 film by K. V. Anand,177.4,177.4,2,2,Democratic Republic of the Congo,Democratic Republic of the Congo|Democratic Republic of Congo,Democratic Republic of the Congo|Democratic Republic of Congo
Fury of the Congo,Fury of the Congo,fury of the congo,film,1951.0,1951 film by William A. Berke,177.4,177.4,2,2,Democratic Republic of the Congo,Democratic Republic of the Congo|Democratic Republic of Congo,Democratic Republic of the Congo|Democratic Republic of Congo
The Last Mercenary (1968 film),The Last Mercenary,last mercenary,film,1968.0,1968 Spanish film,177.4,177.4,2,2,Democratic Republic of the Congo,Democratic Republic of the Congo|Democratic Republic of Congo,Democratic Republic of the Congo|Democratic Republic of Congo
The Last Grenade,The Last Grenade,last grenade,film,1970.0,1970 British film by Gordon Flemyng,177.4,177.4,2,2,Democratic Republic of the Congo,Democratic Republic of the Congo|Democratic Republic of Congo,Democratic Republic of the Congo|Democratic Republic of Congo
Macadam Tribu,Macadam Tribu,macadam tribu,film,1996.0,1996 Democratic Republic of the Congo film,177.4,177.4,2,2,Democratic Republic of the Congo,Democratic Republic of the Congo|Democratic Republic of Congo,Democratic Republic of the Congo|Democratic Republic of Congo
Blood in the Mobile,Blood in the Mobile,blood in the mobile,film,2010.0,2010 Danish film,177.4,177.4,2,2,Democratic Republic of the Congo,Democratic Republic of the Congo|Democratic Republic of Congo,Democratic Republic of the Congo|Democratic Republic of Congo
Congo – A Political Tragedy,Congo – A Political Tragedy,congo – a political tragedy,film,2018.0,2018 Canadian film,177.4,177.4,2,2,Democratic Republic of the Congo,Democratic Republic of the Congo|Democratic Republic of Congo,Democratic Republic of the Congo|Democratic Republic of Congo
Congo Calling,Congo Calling,congo calling,film,2019.0,2019 German film,177.4,177.4,2,2,Democratic Republic of the Congo,Democratic Republic of the Congo|Democratic Republic of Congo,Democratic Republic of the Congo|Democratic Republic of Congo
Black Jesus (film),Black Jesus,black jesus,film,1968.0,1968 film,177.4,177.4,2,2,Democratic Republic of the Congo,Democratic Republic of the Congo|Democratic Republic of Congo,Democratic Republic of the Congo|Democratic Republic of Congo
Congo vivo,Congo vivo,congo vivo,film,1962.0,1962 film,177.4,177.4,2,2,Democratic Republic of the Congo,Democratic Republic of the Congo|Democratic Republic of Congo,Democratic Republic of the Congo|Democratic Republic of Congo
The Dinosaur Project,The Dinosaur Project,dinosaur project,film,2012.0,2012 British film directed by Sid Bennet,177.4,177.4,2,2,Democratic Republic of the Congo,Democratic Republic of the Congo|Democratic Republic of Congo,Democratic Republic of the Congo|Democratic Republic of Congo
Victoire Terminus,Victoire Terminus,victoire terminus,film,2008.0,2008 French film,177.4,177.4,2,2,Democratic Republic of the Congo,Democratic Republic of the Congo|Democratic Republic of Congo,Democratic Republic of the Congo|Democratic Republic of Congo
Soul Power (film),Soul Power,soul power,film,2008.0,2008 American film,177.4,177.4,2,2,Democratic Republic of the Congo,Democratic Republic of the Congo|Democratic Republic of Congo,Democratic Republic of the Congo|Democratic Republic of Congo
Lumumba (film),Lumumba,lumumba,film,2000.0,2000 French film,177.4,177.4,2,2,Democratic Republic of the Congo,Democratic Republic of the Congo|Democratic Republic of Congo,Democratic Republic of the Congo|Democratic Republic of Congo
Maki'la,Maki'la,makila,film,2018.0,2018 film,177.4,177.4,2,2,Democratic Republic of the Congo,Democratic Republic of the Congo|Democratic Republic of Congo,Democratic Republic of the Congo|Democratic Republic of Congo
Mega Shark Versus Crocosaurus,Mega Shark Versus Crocosaurus,mega shark versus crocosaurus,film,2010.0,2010 American film,177.4,177.4,2,2,Democratic Republic of the Congo,Democratic Republic of the Congo|Democratic Republic of Congo,Democratic Republic of the Congo|Democratic Republic of Congo
Mister Bob,Mister Bob,mister bob,film,2011.0,2011 French film,177.4,177.4,2,2,Democratic Republic of the Congo,Democratic Republic of the Congo|Democratic Republic of Congo,Democratic Republic of the Congo|Democratic Republic of Congo
Murder in Kinshasa,Murder in Kinshasa,murder in kinshasa,film,2011.0,2011 investigation film of Laurent-Désiré Kabila's death,177.4,177.4,2,2,Democratic Republic of the Congo,Democratic Republic of the Congo|Democratic Republic of Congo,Democratic Republic of the Congo|Democratic Republic of Congo
The Siege of Jadotville (film),The Siege of Jadotville,siege of jadotville,film,2016.0,2016 historical action-war film,177.4,177.4,2,2,Democratic Republic of the Congo,Democratic Republic of the Congo|Democratic Republic of Congo,Democratic Republic of the Congo|Democratic Republic of Congo
The Seven Red Berets,The Seven Red Berets,seven red berets,film,1969.0,1969 Italian film,177.4,177.4,2,2,Democratic Republic of the Congo,Democratic Republic of the Congo|Democratic Republic of Congo,Democratic Republic of the Congo|Democratic Republic of Congo
Operation Leopard,Operation Leopard,operation leopard,film,1980.0,1980 French film,177.4,177.4,2,2,Democratic Republic of the Congo,Democratic Republic of the Congo|Democratic Republic of Congo,Democratic Republic of the Congo|Democratic Republic of Congo
Sara's Notebook,Sara's Notebook,saras notebook,film,2018.0,2018 film by Norberto López Amado,177.4,177.4,2,2,Democratic Republic of the Congo,Democratic Republic of the Congo|Democratic Republic of Congo,Democratic Republic of the Congo|Democratic Republic of Congo
SEAL Team 8: Behind Enemy Lines,SEAL Team 8: Behind Enemy Lines,seal team 8 behind enemy lines,film,2014.0,2014 American film,177.4,177.4,2,2,Democratic Republic of the Congo,Democratic Republic of the Congo|Democratic Republic of Congo,Democratic Republic of the Congo|Democratic Republic of Congo
The Wild Geese,The Wild Geese,wild geese,film,1978.0,1978 film by Andrew V. McLaglen,177.4,177.4,2,2,Democratic Republic of the Congo,Democratic Republic of the Congo|Democratic Republic of Congo,Democratic Republic of the Congo|Democratic Republic of Congo
The Wild Thornberrys Movie,The Wild Thornberrys Movie,wild thornberrys movie,film,2002.0,2002 American film directed by Jeff McGrath and Cathy Malkasian,177.4,177.4,2,2,Democratic Republic of the Congo,Democratic Republic of the Congo|Democratic Republic of Congo,Democratic Republic of the Congo|Democratic Republic of Congo
The Sins of Rachel Cade,The Sins of Rachel Cade,sins of rachel cade,film,1961.0,1961 film by Gordon Douglas,177.4,177.4,2,2,Democratic Republic of the Congo,Democratic Republic of the Congo|Democratic Republic of Congo,Democratic Republic of the Congo|Democratic Republic of Congo
The Last Adventure (1967 film),The Last Adventure,last adventure,film,1967.0,1967 drama film directed by Robert Enrico,177.4,177.4,2,2,Democratic Republic of the Congo,Democratic Republic of the Congo|Democratic Republic of Congo,Democratic Republic of the Congo|Democratic Republic of Congo
The Good Shepherd (film),The Good Shepherd,good shepherd,film,2006.0,2006 spy film directed by Robert De Niro,177.4,177.4,2,2,Democratic Republic of the Congo,Democratic Republic of the Congo|Democratic Republic of Congo,Democratic Republic of the Congo|Democratic Republic of Congo
Kinshasa Symphony,Kinshasa Symphony,kinshasa symphony,film,2010.0,2010 German film,177.4,177.4,2,2,Democratic Republic of the Congo,Democratic Republic of the Congo|Democratic Republic of Congo,Democratic Republic of the Congo|Democratic Republic of Congo
Konga Yo,Konga Yo,konga yo,film,1962.0,1962 film,177.4,177.4,2,2,Democratic Republic of the Congo,Democratic Republic of the Congo|Democratic Republic of Congo,Democratic Republic of the Congo|Democratic Republic of Congo
The Nun (1966 film),The Nun,nun,film,1966.0,Film by Jacques Rivette,177.36,177.36,2,2,Roman Catholicism,Roman Catholicism|Roman Catholic Church,Roman Catholicism|Roman Catholic Church
By the Grace of God (film),By the Grace of God,by the grace of god,film,2019.0,2019 French film,177.36,177.36,2,2,Roman Catholicism,Roman Catholicism|Roman Catholic Church,Roman Catholicism|Roman Catholic Church
Oranges and Sunshine,Oranges and Sunshine,oranges and sunshine,film,2010.0,2010 film,177.36,177.36,2,2,Roman Catholicism,Roman Catholicism|Roman Catholic Church,Roman Catholicism|Roman Catholic Church
The Coming of the Quantum Cats,The Coming of the Quantum Cats,coming of the quantum cats,novel,1986.0,1986 novel by Frederik Pohl,177.14,77.31,2,1,"Washington, D.C.","Washington, D.C.|Palm Springs",Palm Springs
Lupin III: The First,Lupin III: The First,lupin iii the first,film,2019.0,2019 animated film by Takashi Yamazaki,177.14,78.07,2,1,Adolf Hitler,Adolf Hitler|Vichy France,Vichy France
Friday the 13th: Carnival of Maniacs,Friday the 13th: Carnival of Maniacs,friday the 13th carnival of maniacs,novel,2006.0,2006 novel by Stephen Hand,177.03,0.0,2,0,Los Angeles,Los Angeles|New Jersey,
Netaji Subhas Chandra Bose: The Forgotten Hero,Netaji Subhas Chandra Bose: The Forgotten Hero,netaji subhas chandra bose the forgotten hero,film,2004.0,2004 Indian film,176.9,77.84,2,1,Adolf Hitler,Adolf Hitler|Subhas Chandra Bose,Subhas Chandra Bose
Between Day and Night,Between Day and Night,between day and night,film,1975.0,1975 film,176.89,0.0,2,0,Spanish Civil War,Spanish Civil War|Soviet Union,
Gulliver's Travels (1924 film),Gulliver's Travels,gullivers travels,film,1924.0,1924 film,176.78,176.78,2,2,Gulliver's Travels,"Gulliver's Travels|\""Gulliver's Travels\","Gulliver's Travels|\""Gulliver's Travels\"
Gulliver's Travels (1977 film),Gulliver's Travels,gullivers travels,film,1977.0,1977 film by Peter R. Hunt,176.78,176.78,2,2,Gulliver's Travels,"Gulliver's Travels|\""Gulliver's Travels\","Gulliver's Travels|\""Gulliver's Travels\"
Gulliver's Travels (2010 film),Gulliver's Travels,gullivers travels,film,2010.0,2010 film by Rob Letterman,176.78,176.78,2,2,Gulliver's Travels,"Gulliver's Travels|\""Gulliver's Travels\","Gulliver's Travels|\""Gulliver's Travels\"
Gulliver en el país de los Gigantes,Gulliver en el país de los Gigantes,gulliver en el pais de los gigantes,film,1903.0,1903 Spanish film,176.78,176.78,2,2,Gulliver's Travels,"Gulliver's Travels|\""Gulliver's Travels\","Gulliver's Travels|\""Gulliver's Travels\"
Jajantaram Mamantaram,Jajantaram Mamantaram,jajantaram mamantaram,film,2003.0,2003 Indian film,176.78,176.78,2,2,Gulliver's Travels,"Gulliver's Travels|\""Gulliver's Travels\","Gulliver's Travels|\""Gulliver's Travels\"
Rani Aur Lalpari,Rani Aur Lalpari,rani aur lalpari,film,1975.0,1975 Indian film,176.78,176.78,2,2,Gulliver's Travels,"Gulliver's Travels|\""Gulliver's Travels\","Gulliver's Travels|\""Gulliver's Travels\"
The 3 Worlds of Gulliver,The 3 Worlds of Gulliver,3 worlds of gulliver,film,1960.0,1960 film by Jack Sher,176.78,176.78,2,2,Gulliver's Travels,"Gulliver's Travels|\""Gulliver's Travels\","Gulliver's Travels|\""Gulliver's Travels\"
The New Gulliver,The New Gulliver,new gulliver,film,1935.0,1935 Soviet film,176.78,176.78,2,2,Gulliver's Travels,"Gulliver's Travels|\""Gulliver's Travels\","Gulliver's Travels|\""Gulliver's Travels\"
Gulliver's Travels Among the Lilliputians and the Giants,Gulliver's Travels Among the Lilliputians and the Giants,gullivers travels among the lilliputians and the giants,film,1902.0,1902 French silent film by Georges Méliès,176.78,176.78,2,2,Gulliver's Travels,"Gulliver's Travels|\""Gulliver's Travels\","Gulliver's Travels|\""Gulliver's Travels\"
Field of Lost Shoes,Field of Lost Shoes,field of lost shoes,film,2014.0,2014 film directed by Sean McNamara,176.76,81.84,2,1,"Richmond, Virginia","Richmond, Virginia|Richmond Virginia",Richmond Virginia
The Bride Wore Boots,The Bride Wore Boots,bride wore boots,film,1946.0,1946 film by Irving Pichel,176.76,81.84,2,1,"Richmond, Virginia","Richmond, Virginia|Richmond Virginia",Richmond Virginia
The Beguiled (2017 film),The Beguiled,beguiled,film,2017.0,2017 film by Sofia Coppola,176.76,81.84,2,1,"Richmond, Virginia","Richmond, Virginia|Richmond Virginia",Richmond Virginia
The Autopsy of Jane Doe,The Autopsy of Jane Doe,autopsy of jane doe,film,2016.0,2016 film by André Øvredal,176.76,81.84,2,1,"Richmond, Virginia","Richmond, Virginia|Richmond Virginia",Richmond Virginia
Alvarez Kelly,Alvarez Kelly,alvarez kelly,film,1966.0,1966 film by Edward Dmytryk,176.76,81.84,2,1,"Richmond, Virginia","Richmond, Virginia|Richmond Virginia",Richmond Virginia
Unnatural Exposure,Unnatural Exposure,unnatural exposure,novel,1997.0,1997 novel by Patricia Cornwell,176.76,81.84,2,1,"Richmond, Virginia","Richmond, Virginia|Richmond Virginia",Richmond Virginia
Black Notice,Black Notice,black notice,novel,1999.0,1999 novel by Patricia Cornwell,176.76,81.84,2,1,"Richmond, Virginia","Richmond, Virginia|Richmond Virginia",Richmond Virginia
The Cream of the Jest,The Cream of the Jest,cream of the jest,novel,,Novel by James Branch Cabell,176.76,81.84,2,1,"Richmond, Virginia","Richmond, Virginia|Richmond Virginia",Richmond Virginia
Body of Evidence (novel),Body of Evidence,body of evidence,novel,1991.0,1991 novel by Patricia Cornwell,176.76,81.84,2,1,"Richmond, Virginia","Richmond, Virginia|Richmond Virginia",Richmond Virginia
Queed,Queed,queed,novel,1911.0,1911 novel by Henry Sydnor Harrison,176.76,81.84,2,1,"Richmond, Virginia","Richmond, Virginia|Richmond Virginia",Richmond Virginia
Southern Cross (novel),Southern Cross,southern cross,novel,1998.0,1998 novel by Patricia Cornwell,176.76,81.84,2,1,"Richmond, Virginia","Richmond, Virginia|Richmond Virginia",Richmond Virginia
Trace (novel),Trace,trace,novel,,Crime fiction novel by Patricia Cornwell,176.76,81.84,2,1,"Richmond, Virginia","Richmond, Virginia|Richmond Virginia",Richmond Virginia
From Potter's Field,From Potter's Field,from potters field,novel,,Novel by Patricia Cornwell,176.76,81.84,2,1,"Richmond, Virginia","Richmond, Virginia|Richmond Virginia",Richmond Virginia
In Mike We Trust,In Mike We Trust,in mike we trust,novel,2009.0,2009 book by P. E. Ryan,176.76,81.84,2,1,"Richmond, Virginia","Richmond, Virginia|Richmond Virginia",Richmond Virginia
The Last Precinct (novel),The Last Precinct,last precinct,novel,2000.0,2000 novel by Patricia Cornwell,176.76,81.84,2,1,"Richmond, Virginia","Richmond, Virginia|Richmond Virginia",Richmond Virginia
Let It Snow: Three Holiday Romances,Let It Snow: Three Holiday Romances,let it snow three holiday romances,novel,2008.0,2008 novel by three authors,176.76,81.84,2,1,"Richmond, Virginia","Richmond, Virginia|Richmond Virginia",Richmond Virginia
Postmortem (novel),Postmortem,postmortem,novel,1990.0,1990 crime fiction novel by Patricia Cornwell,176.76,81.84,2,1,"Richmond, Virginia","Richmond, Virginia|Richmond Virginia",Richmond Virginia
Mysterious Island (1941 film),Mysterious Island,mysterious island,film,1941.0,Soviet adventure film adaptation,176.76,81.84,2,1,"Richmond, Virginia","Richmond, Virginia|Richmond Virginia",Richmond Virginia
Sahara (2005 film),Sahara,sahara,film,2005.0,2005 American action-adventure film by Breck Eisner,176.76,81.84,2,1,"Richmond, Virginia","Richmond, Virginia|Richmond Virginia",Richmond Virginia
All That Remains (novel),All That Remains,all that remains,novel,1992.0,1992 novel by Patricia Cornwell,176.76,81.84,2,1,"Richmond, Virginia","Richmond, Virginia|Richmond Virginia",Richmond Virginia
The Coward (1915 film),The Coward,coward,film,1915.0,"1915 film by Reginald Barker, Thomas H. Ince",176.76,81.84,2,1,"Richmond, Virginia","Richmond, Virginia|Richmond Virginia",Richmond Virginia
Deep Impact (film),Deep Impact,deep impact,film,1998.0,1998 film by Mimi Leder,176.76,81.84,2,1,"Richmond, Virginia","Richmond, Virginia|Richmond Virginia",Richmond Virginia
A Christmas Kiss,A Christmas Kiss,christmas kiss,film,2011.0,2011 film directed by John Stimpson,176.76,81.84,2,1,"Richmond, Virginia","Richmond, Virginia|Richmond Virginia",Richmond Virginia
Alice in the Cities,Alice in the Cities,alice in the cities,film,1974.0,1974 film,176.71,81.84,2,1,New York,New York|East & West Germany,East & West Germany
The American Friend,The American Friend,american friend,film,1977.0,1977 West German film,176.71,81.84,2,1,New York,New York|East & West Germany,East & West Germany
Black Friday (2004 film),Black Friday,black friday,film,2004.0,2004 film by Anurag Kashyap,176.45,78.07,2,1,United Arab Emirates,United Arab Emirates|Bombay Mumbai,Bombay Mumbai
11′09″01 September 11,11′09″01 September 11,11′09′′01 september 11,film,2002.0,2002 anthology film by 11 directors,176.32,89.68,2,1,Tel Aviv,Tel Aviv|Bosnia and Herzegovina,Tel Aviv
Europa: The Last Battle,Europa: The Last Battle,europa the last battle,film,2017.0,2017 neo-Nazi propaganda film,176.28,0.0,2,0,Adolf Hitler,Adolf Hitler|World War I,
Iron Sky: The Coming Race,Iron Sky: The Coming Race,iron sky the coming race,film,2019.0,2019 science fiction comedy film by Timo Vuorensola,176.28,0.0,2,0,Adolf Hitler,Adolf Hitler|World War I,
Haber (film),Haber,haber,film,2008.0,2008 American film,176.28,0.0,2,0,Adolf Hitler,Adolf Hitler|World War I,
Kantian Reason and Hegelian Spirit: The Idealistic Logic of Modern Theology,Kantian Reason and Hegelian Spirit: The Idealistic Logic of Modern Theology,kantian reason and hegelian spirit the idealistic logic of modern theology,novel,2012.0,2012 book by Gary Dorrien,176.25,176.25,2,2,Georg Wilhelm Friedrich Hegel,Georg Wilhelm Friedrich Hegel|Immanuel Kant,Georg Wilhelm Friedrich Hegel|Immanuel Kant
The Deceiver (novel),The Deceiver,deceiver,novel,,Novel by Frederick Forsyth,176.22,0.0,2,0,"Washington, D.C.","Washington, D.C.|Northern Ireland",
The Blood of Olympus,The Blood of Olympus,blood of olympus,novel,2014.0,2014 novel by Rick Riordan,176.03,84.72,2,1,South Carolina,South Carolina|Puerto Rico,Puerto Rico
Zero Minus Ten,Zero Minus Ten,zero minus ten,novel,,Novel by Raymond Benson,175.77,88.29,2,1,Western Australia,Western Australia|Hong Kong,Western Australia
Jefferson and/or Mussolini,Jefferson and/or Mussolini,jefferson and/or mussolini,novel,1935.0,1935 book by Ezra Pound,175.77,93.16,2,1,Thomas Jefferson,Thomas Jefferson|Benito Mussolini,Thomas Jefferson
6 Underground (film),6 Underground,6 underground,film,2019.0,2019 action film by Michael Bay,175.77,0.0,2,0,Las Vegas,Las Vegas|Hong Kong,
The Lost World: Jurassic Park,The Lost World: Jurassic Park,lost world jurassic park,film,1997.0,1997 film directed by Steven Spielberg,175.69,0.0,2,0,San Diego,San Diego|Costa Rica,
3000 Miles to Graceland,3000 Miles to Graceland,3000 miles to graceland,film,2001.0,2001 American crime film by Demian Lichtenstein,175.23,0.0,2,0,Las Vegas,Las Vegas|Elvis Presley,
Shiva (2008 film),Shiva,shiva,film,2008.0,2008 Israeli film,175.1,175.1,2,2,Persian Gulf War,Persian Gulf War|Operation Desert Storm,Persian Gulf War|Operation Desert Storm
The Finest Hour,The Finest Hour,finest hour,film,1992.0,1992 American film,175.1,175.1,2,2,Persian Gulf War,Persian Gulf War|Operation Desert Storm,Persian Gulf War|Operation Desert Storm
The Manchurian Candidate (2004 film),The Manchurian Candidate,manchurian candidate,film,2004.0,2004 film by Jonathan Demme,175.1,175.1,2,2,Persian Gulf War,Persian Gulf War|Operation Desert Storm,Persian Gulf War|Operation Desert Storm
The One That Got Away (1996 film),The One That Got Away,one that got away,film,1996.0,1996 South African TV film,175.1,175.1,2,2,Persian Gulf War,Persian Gulf War|Operation Desert Storm,Persian Gulf War|Operation Desert Storm
Jarhead (film),Jarhead,jarhead,film,2005.0,2005 film directed by Sam Mendes,175.1,175.1,2,2,Persian Gulf War,Persian Gulf War|Operation Desert Storm,Persian Gulf War|Operation Desert Storm
Lessons of Darkness,Lessons of Darkness,lessons of darkness,film,1992.0,1992 German film,175.1,175.1,2,2,Persian Gulf War,Persian Gulf War|Operation Desert Storm,Persian Gulf War|Operation Desert Storm
Dawn of the World,Dawn of the World,dawn of the world,film,2008.0,2008 French film,175.1,175.1,2,2,Persian Gulf War,Persian Gulf War|Operation Desert Storm,Persian Gulf War|Operation Desert Storm
To Sell a War,To Sell a War,to sell a war,film,1992.0,1992 Canadian film,175.1,175.1,2,2,Persian Gulf War,Persian Gulf War|Operation Desert Storm,Persian Gulf War|Operation Desert Storm
Contact (1992 film),Contact,contact,film,1992.0,1992 American film,175.1,175.1,2,2,Persian Gulf War,Persian Gulf War|Operation Desert Storm,Persian Gulf War|Operation Desert Storm
Collateral Damage (1993 film),Collateral Damage,collateral damage,film,1993.0,1993 Canadian film,175.1,175.1,2,2,Persian Gulf War,Persian Gulf War|Operation Desert Storm,Persian Gulf War|Operation Desert Storm
Airlift (film),Airlift,airlift,film,2016.0,2016 Indian film by Raja Krishna Menon,175.1,175.1,2,2,Persian Gulf War,Persian Gulf War|Operation Desert Storm,Persian Gulf War|Operation Desert Storm
Fires of Kuwait,Fires of Kuwait,fires of kuwait,film,1992.0,1992 film,175.1,175.1,2,2,Persian Gulf War,Persian Gulf War|Operation Desert Storm,Persian Gulf War|Operation Desert Storm
Wag the Dog (novel),Wag the Dog,wag the dog,novel,1993.0,1993 satirical novel by Larry Beinhart,175.1,175.1,2,2,Persian Gulf War,Persian Gulf War|Operation Desert Storm,Persian Gulf War|Operation Desert Storm
Uncle Sam (film),Uncle Sam,uncle sam,film,1996.0,1996 American film,175.1,175.1,2,2,Persian Gulf War,Persian Gulf War|Operation Desert Storm,Persian Gulf War|Operation Desert Storm
The Heroes of Desert Storm,The Heroes of Desert Storm,heroes of desert storm,film,1991.0,1991 film by Don Ohlmeyer,175.1,175.1,2,2,Persian Gulf War,Persian Gulf War|Operation Desert Storm,Persian Gulf War|Operation Desert Storm
Back to Babylon (film),Back to Babylon,back to babylon,film,2002.0,2002 French film,175.1,175.1,2,2,Persian Gulf War,Persian Gulf War|Operation Desert Storm,Persian Gulf War|Operation Desert Storm
Airplane Mode (2019 film),Airplane Mode,airplane mode,film,2019.0,2019 American parody film,175.07,81.84,2,1,Los Angeles,"Los Angeles|Sydney, Australia","Sydney, Australia"
Creed III,Creed III,creed iii,film,2023.0,2023 film by Michael B. Jordan,175.05,91.61,2,1,American Sign Language,American Sign Language|South Africa,American Sign Language
"Bruce Lee, My Brother","Bruce Lee, My Brother",bruce lee my brother,film,2010.0,2010 Hong Kong film by Raymond Yip,174.98,87.5,2,1,Bruce Lee,Bruce Lee|Hong Kong,Bruce Lee
"Bruce Lee: The Man, The Myth","Bruce Lee: The Man, The Myth",bruce lee the man the myth,film,1976.0,1976 Hong Kong film by Ng See-yuen,174.98,87.5,2,1,Bruce Lee,Bruce Lee|Hong Kong,Bruce Lee
Chocolate City: Vegas Strip,Chocolate City: Vegas Strip,chocolate city vegas strip,film,2017.0,2017 American film,174.93,86.64,2,1,Las Vegas,"Las Vegas|Atlanta, Georgia","Atlanta, Georgia"
Brokenclaw,Brokenclaw,brokenclaw,novel,,Novel by John Gardner (British writer),174.91,80.04,2,1,New York,New York|British Columbia,British Columbia
The Kiss on the Cruise,The Kiss on the Cruise,kiss on the cruise,film,1950.0,1950 film,174.81,174.81,2,2,Al Bayda,"Al Bayda|Stockholm, Sweden","Al Bayda|Stockholm, Sweden"
Father Hood,Father Hood,father hood,film,1993.0,1993 American film,174.58,0.0,2,0,Las Vegas,Las Vegas|New Orleans,
Identity Thief,Identity Thief,identity thief,film,2013.0,2013 film by Seth Gordon,174.39,86.64,2,1,St. Louis,"St. Louis|Denver, Colorado","Denver, Colorado"
Finch (film),Finch,finch,film,2021.0,2021 film by Miguel Sapochnik,174.39,86.64,2,1,St. Louis,"St. Louis|Denver, Colorado","Denver, Colorado"
Robinson Crusoe (1997 film),Robinson Crusoe,robinson crusoe,film,1997.0,1997 film by Rod Hardy and George T. Miller,174.35,174.35,2,2,Papua New Guinea,"Papua New Guinea|\""Robinson Crusoe\","Papua New Guinea|\""Robinson Crusoe\"
Have No Fear: The Life of Pope John Paul II,Have No Fear: The Life of Pope John Paul II,have no fear the life of pope john paul ii,film,2005.0,2005 American biographical TV film,173.8,173.8,2,2,Pope John Paul I,Pope John Paul I|John Paul II,Pope John Paul I|John Paul II
The Papal Chase,The Papal Chase,papal chase,film,2004.0,2004 Canadian film,173.8,173.8,2,2,Pope John Paul I,Pope John Paul I|John Paul II,Pope John Paul I|John Paul II
Majorettes in Space,Majorettes in Space,majorettes in space,film,1996.0,1996 French film,173.8,173.8,2,2,Pope John Paul I,Pope John Paul I|John Paul II,Pope John Paul I|John Paul II
Nine Days that Changed the World,Nine Days that Changed the World,nine days that changed the world,film,2010.0,2010 American film,173.8,173.8,2,2,Pope John Paul I,Pope John Paul I|John Paul II,Pope John Paul I|John Paul II
The Pope's Toilet,The Pope's Toilet,popes toilet,film,2007.0,2007 Uruguayan film,173.8,173.8,2,2,Pope John Paul I,Pope John Paul I|John Paul II,Pope John Paul I|John Paul II
Banal (2008 film),Banal,banal,film,2008.0,2008 Filipino film,173.8,173.8,2,2,Pope John Paul I,Pope John Paul I|John Paul II,Pope John Paul I|John Paul II
Jurassic World,Jurassic World,jurassic world,film,2015.0,2015 film by Colin Trevorrow,173.64,86.64,2,1,Costa Rica,"Costa Rica|Madison, Wisconsin","Madison, Wisconsin"
Die Männer der Emden,Die Männer der Emden,die manner der emden,film,2012.0,2012 film,173.49,96.28,2,1,Papua New Guinea,Papua New Guinea|World War I,Papua New Guinea
The Last Circus,The Last Circus,last circus,film,2010.0,2010 Spanish comedy horror-drama film,173.35,75.05,2,1,Spanish Civil War,Spanish Civil War|Francisco Franco,Francisco Franco
Dragon Rapide (film),Dragon Rapide,dragon rapide,film,1986.0,1986 film by Jaime Camino,173.35,75.05,2,1,Spanish Civil War,Spanish Civil War|Francisco Franco,Francisco Franco
The Hundred-Year-Old Man Who Climbed Out of the Window and Disappeared (film),The Hundred-Year-Old Man Who Climbed Out of the Window and Disappeared,hundred-year-old man who climbed out of the window and disappeared,film,2013.0,2013 comedy film,173.35,75.05,2,1,Spanish Civil War,Spanish Civil War|Francisco Franco,Francisco Franco
Raza (film),Raza,raza,film,1942.0,1942 Spanish film by José Luis Sáenz de Heredia,173.35,75.05,2,1,Spanish Civil War,Spanish Civil War|Francisco Franco,Francisco Franco
Oliver Twist (1919 film),Oliver Twist,oliver twist,film,1919.0,1919 Hungarian silent drama film directed by Márton Garas,173.15,88.29,2,1,"\""Oliver Twist\","\""Oliver Twist\|Oliver Twist","\""Oliver Twist\"
Twist (2003 film),Twist,twist,film,2003.0,2003 Canadian drama film directed by Jacob Tierney,173.15,88.29,2,1,"\""Oliver Twist\","\""Oliver Twist\|Oliver Twist","\""Oliver Twist\"
Oliver Twist (1909 film),Oliver Twist,oliver twist,film,1909.0,1909 film directed by J. Stuart Blackton,173.15,88.29,2,1,"\""Oliver Twist\","\""Oliver Twist\|Oliver Twist","\""Oliver Twist\"
Oliver Twist (2005 film),Oliver Twist,oliver twist,film,2005.0,2005 drama film directed by Roman Polanski,173.15,88.29,2,1,"\""Oliver Twist\","\""Oliver Twist\|Oliver Twist","\""Oliver Twist\"
Oliver Twist (1933 film),Oliver Twist,oliver twist,film,1933.0,1933 American film directed by William J. Cowen,173.15,88.29,2,1,"\""Oliver Twist\","\""Oliver Twist\|Oliver Twist","\""Oliver Twist\"
Oliver Twist (1916 film),Oliver Twist,oliver twist,film,1916.0,1916 film by James Young,173.15,88.29,2,1,"\""Oliver Twist\","\""Oliver Twist\|Oliver Twist","\""Oliver Twist\"
Twist (2021 film),Twist,twist,film,2021.0,2021 crime drama film,173.15,88.29,2,1,"\""Oliver Twist\","\""Oliver Twist\|Oliver Twist","\""Oliver Twist\"
Twisted (1996 film),Twisted,twisted,film,1996.0,1996 film by Seth Michael Donsky,173.15,88.29,2,1,"\""Oliver Twist\","\""Oliver Twist\|Oliver Twist","\""Oliver Twist\"
Oliver Twist (1922 film),Oliver Twist,oliver twist,film,1922.0,1922 film,173.15,88.29,2,1,"\""Oliver Twist\","\""Oliver Twist\|Oliver Twist","\""Oliver Twist\"
Oliver Twist (1912 American film),Oliver Twist,oliver twist,film,1912.0,1912 silent feature film drama produced by the General Film Company,173.15,88.29,2,1,"\""Oliver Twist\","\""Oliver Twist\|Oliver Twist","\""Oliver Twist\"
Oliver Twist (1912 British film),Oliver Twist,oliver twist,film,1912.0,1912 film by Thomas Bentley,173.15,88.29,2,1,"\""Oliver Twist\","\""Oliver Twist\|Oliver Twist","\""Oliver Twist\"
Manik (1961 film),Manik,manik,film,1961.0,1961 Bengali film,173.15,88.29,2,1,"\""Oliver Twist\","\""Oliver Twist\|Oliver Twist","\""Oliver Twist\"
Chitti Tammudu,Chitti Tammudu,chitti tammudu,film,1962.0,1962 film by K. B. Tilak,173.15,88.29,2,1,"\""Oliver Twist\","\""Oliver Twist\|Oliver Twist","\""Oliver Twist\"
"Oliver Twist, Jr.","Oliver Twist, Jr.",oliver twist jr.,film,1921.0,1921 film,173.15,88.29,2,1,"\""Oliver Twist\","\""Oliver Twist\|Oliver Twist","\""Oliver Twist\"
Oliver Twist (1948 film),Oliver Twist,oliver twist,film,1948.0,British film by David Lean,173.15,88.29,2,1,"\""Oliver Twist\","\""Oliver Twist\|Oliver Twist","\""Oliver Twist\"
Black Sea (2014 film),Black Sea,black sea,film,2014.0,2014 film directed by Kevin Macdonald,173.14,173.14,2,2,Crimean Peninsula,Crimean Peninsula|Black Sea,Crimean Peninsula|Black Sea
The Four Musketeers (1974 film),The Four Musketeers,four musketeers,film,1974.0,1974 British film,173.11,78.07,2,1,La Rochelle,"La Rochelle|\""The Three Musketeers\","\""The Three Musketeers\"
A Boy and a Girl (1966 film),A Boy and a Girl,boy and a girl,film,1966.0,1966 Soviet film,173.1,94.51,2,1,Crimean Peninsula,Crimean Peninsula|Soviet Union,Crimean Peninsula
Dubravka (film),Dubravka,dubravka,film,1967.0,1967 Soviet film,173.1,94.51,2,1,Crimean Peninsula,Crimean Peninsula|Soviet Union,Crimean Peninsula
A Driver for Vera,A Driver for Vera,driver for vera,film,2004.0,2004 film,173.1,94.51,2,1,Crimean Peninsula,Crimean Peninsula|Soviet Union,Crimean Peninsula
The Big Exchange,The Big Exchange,big exchange,film,1992.0,1992 Russian film,173.1,94.51,2,1,Crimean Peninsula,Crimean Peninsula|Soviet Union,Crimean Peninsula
Burner (novel),Burner,burner,novel,2023.0,2023 novel by Mark Greaney,172.94,78.07,2,1,New York,New York|Swiss Confederation,Swiss Confederation
The Son of Neptune,The Son of Neptune,son of neptune,novel,2011.0,2011 novel by Rick Riordan,172.93,86.64,2,1,"Portland, Oregon","Portland, Oregon|New Orleans","Portland, Oregon"
Black Like Me (film),Black Like Me,black like me,film,1964.0,1964 film,172.93,86.64,2,1,"Atlanta, Georgia","Atlanta, Georgia|New Orleans","Atlanta, Georgia"
All Creatures Here Below,All Creatures Here Below,all creatures here below,film,2018.0,2018 American film,172.88,79.65,2,1,Los Angeles,Los Angeles|Kansas City,Kansas City
The Last of the Mohicans (1992 film),The Last of the Mohicans,last of the mohicans,film,1992.0,1992 film by Michael Mann,172.56,81.84,2,1,"Albany, New York","Albany, New York|\""The Last of the Mohicans\","\""The Last of the Mohicans\"
Now You See Me: Now You Don't,Now You See Me: Now You Don't,now you see me now you dont,film,2025.0,2025 film by Ruben Fleischer,172.56,89.12,2,1,Abu Dhabi,Abu Dhabi|South Africa,Abu Dhabi
The Spy Who Loved Me (film),The Spy Who Loved Me,spy who loved me,film,1977.0,1977 James Bond spy film by Lewis Gilbert,172.44,172.44,2,2,Northwest Territories,"Northwest Territories|Cairo, Egypt","Northwest Territories|Cairo, Egypt"
Propeller Island,Propeller Island,propeller island,novel,1895.0,1895 novel by Jules Verne,172.42,83.72,2,1,San Diego,San Diego|World Ocean,World Ocean
Don Quixote (1957 film),Don Quixote,don quixote,film,1957.0,1957 film by Grigori Kozintsev,172.22,88.29,2,1,"\""Don Quixote\","\""Don Quixote\|Don Quixote","\""Don Quixote\"
Don Quixote (1973 film),Don Quixote,don quixote,film,1973.0,1973 Australian ballet film,172.22,88.29,2,1,"\""Don Quixote\","\""Don Quixote\|Don Quixote","\""Don Quixote\"
Don Quixote (1947 film),Don Quixote,don quixote,film,1947.0,1947 Spanish film by Rafael Gil,172.22,88.29,2,1,"\""Don Quixote\","\""Don Quixote\|Don Quixote","\""Don Quixote\"
Lost in La Mancha,Lost in La Mancha,lost in la mancha,film,2002.0,2002 film by Keith Fulton and Louis Pepe,172.22,88.29,2,1,"\""Don Quixote\","\""Don Quixote\|Don Quixote","\""Don Quixote\"
Don Quixote (unfinished film),Don Quixote (unfinished film),don quixote unfinished film,film,,Spanish film,172.22,88.29,2,1,"\""Don Quixote\","\""Don Quixote\|Don Quixote","\""Don Quixote\"
Don Quixote (2015 film),Don Quixote,don quixote,film,2015.0,2015 American film,172.22,88.29,2,1,"\""Don Quixote\","\""Don Quixote\|Don Quixote","\""Don Quixote\"
Man of La Mancha (film),Man of La Mancha,man of la mancha,film,1972.0,1972 film by Arthur Hiller,172.22,88.29,2,1,"\""Don Quixote\","\""Don Quixote\|Don Quixote","\""Don Quixote\"
The Man Who Killed Don Quixote,The Man Who Killed Don Quixote,man who killed don quixote,film,2018.0,2018 film by Terry Gilliam,172.22,88.29,2,1,"\""Don Quixote\","\""Don Quixote\|Don Quixote","\""Don Quixote\"
Quichotte (novel),Quichotte,quichotte,novel,2019.0,2019 novel by Salman Rushdie,172.22,88.29,2,1,"\""Don Quixote\","\""Don Quixote\|Don Quixote","\""Don Quixote\"
Dulcinea (film),Dulcinea,dulcinea,film,1962.0,1962 Spanish film,172.22,88.29,2,1,"\""Don Quixote\","\""Don Quixote\|Don Quixote","\""Don Quixote\"
Donkey Xote,Donkey Xote,donkey xote,film,2007.0,2007 film by José Pozo,172.22,88.29,2,1,"\""Don Quixote\","\""Don Quixote\|Don Quixote","\""Don Quixote\"
Incident from Don Quixote,Incident from Don Quixote,incident from don quixote,film,1908.0,1908 French film,172.22,88.29,2,1,"\""Don Quixote\","\""Don Quixote\|Don Quixote","\""Don Quixote\"
Don Quixote Returns,Don Quixote Returns,don quixote returns,film,1997.0,1997 Russian film,172.22,88.29,2,1,"\""Don Quixote\","\""Don Quixote\|Don Quixote","\""Don Quixote\"
Don Quijote cabalga de nuevo,Don Quijote cabalga de nuevo,don quijote cabalga de nuevo,film,1973.0,1973 Spanish film,172.22,88.29,2,1,"\""Don Quixote\","\""Don Quixote\|Don Quixote","\""Don Quixote\"
Don Quixote (1933 film),Don Quixote,don quixote,film,1933.0,1933 film by Georg Wilhelm Pabst,172.22,88.29,2,1,"\""Don Quixote\","\""Don Quixote\|Don Quixote","\""Don Quixote\"
Don Quixote (1923 film),Don Quixote,don quixote,film,1923.0,1923 British film by Maurice Elvey,172.22,88.29,2,1,"\""Don Quixote\","\""Don Quixote\|Don Quixote","\""Don Quixote\"
The Curious Impertinent,The Curious Impertinent,curious impertinent,film,1953.0,1953 film,172.22,88.29,2,1,"\""Don Quixote\","\""Don Quixote\|Don Quixote","\""Don Quixote\"
Don Quixote (2010 film),Don Quixote,don quixote,film,2010.0,2010 Chinese-Hong Kong film by Ah Gan,172.22,88.29,2,1,"\""Don Quixote\","\""Don Quixote\|Don Quixote","\""Don Quixote\"
"Don Quixote, Knight Errant","Don Quixote, Knight Errant",don quixote knight errant,film,2002.0,2002 Spanish film,172.22,88.29,2,1,"\""Don Quixote\","\""Don Quixote\|Don Quixote","\""Don Quixote\"
Garbancito de la Mancha,Garbancito de la Mancha,garbancito de la mancha,film,1945.0,1945 Spanish film,172.22,88.29,2,1,"\""Don Quixote\","\""Don Quixote\|Don Quixote","\""Don Quixote\"
Honor of the Knights,Honor of the Knights,honor of the knights,film,2006.0,2006 film,172.22,88.29,2,1,"\""Don Quixote\","\""Don Quixote\|Don Quixote","\""Don Quixote\"
Monsignor Quixote,Monsignor Quixote,monsignor quixote,novel,1982.0,1982 novel by Graham Greene,172.22,88.29,2,1,"\""Don Quixote\","\""Don Quixote\|Don Quixote","\""Don Quixote\"
The Female Quixote,The Female Quixote,female quixote,novel,,1762 novel by Charlotte Lennox,172.22,88.29,2,1,"\""Don Quixote\","\""Don Quixote\|Don Quixote","\""Don Quixote\"
Fasana-e-Azad,Fasana-e-Azad,fasana-e-azad,novel,,Urdu novel in four parts by Ratan Nath Dhar Sarshar,172.22,88.29,2,1,"\""Don Quixote\","\""Don Quixote\|Don Quixote","\""Don Quixote\"
Don Chisciotte and Sancio Panza,Don Chisciotte and Sancio Panza,don chisciotte and sancio panza,film,1968.0,1968 Italian film,172.22,88.29,2,1,"\""Don Quixote\","\""Don Quixote\|Don Quixote","\""Don Quixote\"
The Eternal Quest,The Eternal Quest,eternal quest,novel,2003.0,2003 novel,172.22,88.29,2,1,"\""Don Quixote\","\""Don Quixote\|Don Quixote","\""Don Quixote\"
Bleed for This,Bleed for This,bleed for this,film,2016.0,2016 American film,172.11,0.0,2,0,Las Vegas,Las Vegas|Rhode Island,
Bogus (film),Bogus,bogus,film,1996.0,1996 American film,172.08,0.0,2,0,Las Vegas,Las Vegas|New Jersey,
Mozart (1955 film),Mozart,mozart,film,1955.0,1955 film,171.86,94.91,2,1,W.A. Mozart,W.A. Mozart|Wolfgang Amadeus Mozart,W.A. Mozart
Whom the Gods Love (1942 film),Whom the Gods Love,whom the gods love,film,1942.0,1942 Austrian film,171.86,94.91,2,1,W.A. Mozart,W.A. Mozart|Wolfgang Amadeus Mozart,W.A. Mozart
Mozart and Salieri (film),Mozart and Salieri,mozart and salieri,film,1962.0,1962 Soviet film,171.86,94.91,2,1,W.A. Mozart,W.A. Mozart|Wolfgang Amadeus Mozart,W.A. Mozart
Interlude in Prague,Interlude in Prague,interlude in prague,film,2017.0,2017 film,171.86,94.91,2,1,W.A. Mozart,W.A. Mozart|Wolfgang Amadeus Mozart,W.A. Mozart
The Forester's Daughter (1931 film),The Forester's Daughter,foresters daughter,film,1931.0,1931 film,171.86,94.91,2,1,W.A. Mozart,W.A. Mozart|Wolfgang Amadeus Mozart,W.A. Mozart
The Three of Us (1984 film),The Three of Us,three of us,film,1984.0,1984 Italian film,171.86,94.91,2,1,W.A. Mozart,W.A. Mozart|Wolfgang Amadeus Mozart,W.A. Mozart
Whom the Gods Love (1936 film),Whom the Gods Love,whom the gods love,film,1936.0,1936 British film,171.86,94.91,2,1,W.A. Mozart,W.A. Mozart|Wolfgang Amadeus Mozart,W.A. Mozart
The Mozart Story,The Mozart Story,mozart story,film,1948.0,1948 Austrian film,171.86,94.91,2,1,W.A. Mozart,W.A. Mozart|Wolfgang Amadeus Mozart,W.A. Mozart
Mozart's Sister,Mozart's Sister,mozarts sister,film,2010.0,2010 French film,171.86,94.91,2,1,W.A. Mozart,W.A. Mozart|Wolfgang Amadeus Mozart,W.A. Mozart
Eternal Melodies,Eternal Melodies,eternal melodies,film,1940.0,1940 Italian film,171.86,94.91,2,1,W.A. Mozart,W.A. Mozart|Wolfgang Amadeus Mozart,W.A. Mozart
Forget Mozart,Forget Mozart,forget mozart,film,1985.0,1985 West German-Czechoslovak mystery film,171.86,94.91,2,1,W.A. Mozart,W.A. Mozart|Wolfgang Amadeus Mozart,W.A. Mozart
"I, Don Giovanni","I, Don Giovanni",i don giovanni,film,2009.0,2009 Spanish film,171.86,94.91,2,1,W.A. Mozart,W.A. Mozart|Wolfgang Amadeus Mozart,W.A. Mozart
In the Footprints of Mozart,In the Footprints of Mozart,in the footprints of mozart,film,1914.0,1914 American film,171.86,94.91,2,1,W.A. Mozart,W.A. Mozart|Wolfgang Amadeus Mozart,W.A. Mozart
Aces Go Places IV,Aces Go Places IV,aces go places iv,film,1986.0,1986 Hong Kong film by Ringo Lam,171.82,0.0,2,0,Hong Kong,Hong Kong|New Zealand,
Radioactive (film),Radioactive,radioactive,film,2019.0,2019 film by Marjane Satrapi,171.8,171.8,2,2,Marie Curie,"Marie Curie|Stockholm, Sweden","Marie Curie|Stockholm, Sweden"
Diamonds Are Forever (film),Diamonds Are Forever,diamonds are forever,film,1971.0,1971 James Bond film by Guy Hamilton,171.73,0.0,2,0,Las Vegas,Las Vegas|South Africa,
Runner Runner,Runner Runner,runner runner,film,2013.0,2013 American film,171.71,84.72,2,1,Costa Rica,Costa Rica|Puerto Rico,Puerto Rico
Malcolm X (1992 film),Malcolm X,malcolm x,film,1992.0,1992 American biographical film directed by Spike Lee,171.49,171.49,2,2,Malcolm X,Malcolm X|Saudi Arabia,Malcolm X|Saudi Arabia
The Soldier (1982 film),The Soldier,soldier,film,1982.0,1982 film,171.37,171.37,2,2,Tel Aviv,Tel Aviv|Saudi Arabia,Tel Aviv|Saudi Arabia
Elvis & Nixon,Elvis & Nixon,elvis & nixon,film,2016.0,2016 American film,171.2,0.0,2,0,Elvis Presley,Elvis Presley|Richard Nixon,
Elvis Meets Nixon,Elvis Meets Nixon,elvis meets nixon,film,1997.0,1997 film,171.2,0.0,2,0,Elvis Presley,Elvis Presley|Richard Nixon,
Red Notice (film),Red Notice,red notice,film,2021.0,2021 action comedy film by Rawson Marshall Thurber,170.92,170.92,2,2,Bali Island,"Bali Island|Cairo, Egypt","Bali Island|Cairo, Egypt"
Mayerling (1968 film),Mayerling,mayerling,film,1968.0,French-British romantic historic film,170.6,170.6,2,2,Austro-Hungarian Empire,Austro-Hungarian Empire|Empress Elisabeth of Austria,Austro-Hungarian Empire|Empress Elisabeth of Austria
Crown Prince Rudolph's Last Love (1955 film),Crown Prince Rudolph's Last Love,crown prince rudolphs last love,film,1955.0,1956 Austrian film,170.6,170.6,2,2,Austro-Hungarian Empire,Austro-Hungarian Empire|Empress Elisabeth of Austria,Austro-Hungarian Empire|Empress Elisabeth of Austria
Mayerling (1936 film),Mayerling,mayerling,film,1936.0,1936 film by Anatole Litvak,170.6,170.6,2,2,Austro-Hungarian Empire,Austro-Hungarian Empire|Empress Elisabeth of Austria,Austro-Hungarian Empire|Empress Elisabeth of Austria
Friday the 13th: Hell Lake,Friday the 13th: Hell Lake,friday the 13th hell lake,novel,2005.0,2005 Friday the 13th series novel,170.44,86.64,2,1,"Atlanta, Georgia","Atlanta, Georgia|New Jersey","Atlanta, Georgia"
Fatal Bet,Fatal Bet,fatal bet,film,1989.0,1989 Hong Kong film by Jimmy Heung and Dick Tso,170.13,81.84,2,1,Las Vegas,Las Vegas|East & West Germany,East & West Germany
Horseman (film),Horseman,horseman,film,2003.0,2003 Croatian film,170.09,0.0,2,0,Bosnia and Herzegovina,Bosnia and Herzegovina|Ottoman Empire,
Mission: Impossible – Rogue Nation,Mission: Impossible – Rogue Nation,mission impossible – rogue nation,film,2015.0,2015 film by Christopher McQuarrie,169.46,169.46,2,2,Al Bayda,Al Bayda|Kuala Lumpur,Al Bayda|Kuala Lumpur
The Notebook,The Notebook,notebook,film,2004.0,2004 American romantic drama film by Nick Cassavetes,169.38,0.0,2,0,South Carolina,"South Carolina|Charleston, South Carolina",
The Patriot (2000 film),The Patriot,patriot,film,2000.0,2000 film by Roland Emmerich,169.38,0.0,2,0,South Carolina,"South Carolina|Charleston, South Carolina",
The Misfits (2021 film),The Misfits,misfits,film,2021.0,2021 American film by Renny Harlin,169.04,89.12,2,1,Abu Dhabi,Abu Dhabi|Middle East,Abu Dhabi
Reykjavik (film),Reykjavik,reykjavik,film,,Upcoming film by Michael Russell Gunn,168.96,81.84,2,1,Ronald Reagan,"Ronald Reagan|Reykjavik, Iceland","Reykjavik, Iceland"
Operation Chromite (film),Operation Chromite,operation chromite,film,2016.0,2016 South Korean war film,168.8,168.8,2,2,Douglas MacArthur,Douglas MacArthur|North Korea,Douglas MacArthur|North Korea
Anna Karenina: Vronsky's Story,Anna Karenina: Vronsky's Story,anna karenina vronskys story,film,2017.0,2017 Russian drama film,168.79,168.79,2,2,Russo-Japanese War,"Russo-Japanese War|\""Anna Karenina\","Russo-Japanese War|\""Anna Karenina\"
Black Widow (2021 film),Black Widow,black widow,film,2021.0,Marvel Studios film,168.79,78.07,2,1,"Albany, New York","Albany, New York|Buda & Pest",Buda & Pest
Game for Vultures,Game for Vultures,game for vultures,film,1979.0,1979 British film,168.62,0.0,2,0,Cold War,Cold War|South Africa,
Catch a Fire (film),Catch a Fire,catch a fire,film,2006.0,2006 film,168.62,0.0,2,0,Cold War,Cold War|South Africa,
Challengers (film),Challengers,challengers,film,2024.0,2024 film by Luca Guadagnino,168.49,86.64,2,1,"Atlanta, Georgia","Atlanta, Georgia|Stanford University","Atlanta, Georgia"
Geostorm,Geostorm,geostorm,film,2017.0,2017 science fiction film by Dean Devlin,168.49,168.49,2,2,"Atlanta, Georgia","Atlanta, Georgia|Sydney, Australia","Atlanta, Georgia|Sydney, Australia"
The Sandlot 2,The Sandlot 2,sandlot 2,film,2005.0,2005 American film,168.49,91.61,2,1,American Sign Language,American Sign Language|San Fernando Valley,American Sign Language
Samson & Sally,Samson & Sally,samson & sally,film,1984.0,1984 Danish film,168.21,168.21,2,2,"\""Moby Dick\","\""Moby Dick\|Moby Dick","\""Moby Dick\|Moby Dick"
Moby Dick (1930 film),Moby Dick,moby dick,film,1930.0,1930 film,168.21,168.21,2,2,"\""Moby Dick\","\""Moby Dick\|Moby Dick","\""Moby Dick\|Moby Dick"
Moby Dick (1978 film),Moby Dick,moby dick,film,1978.0,1978 film by Paul Stanley,168.21,168.21,2,2,"\""Moby Dick\","\""Moby Dick\|Moby Dick","\""Moby Dick\|Moby Dick"
Moby Dick (unfinished film),Moby Dick (unfinished film),moby dick unfinished film,film,,American film,168.21,168.21,2,2,"\""Moby Dick\","\""Moby Dick\|Moby Dick","\""Moby Dick\|Moby Dick"
Moby Dick (2010 film),Moby Dick,moby dick,film,2010.0,2010 film by Trey Stokes,168.21,168.21,2,2,"\""Moby Dick\","\""Moby Dick\|Moby Dick","\""Moby Dick\|Moby Dick"
Moby Dick (1956 film),Moby Dick,moby dick,film,1956.0,Adventure film by John Huston,168.21,168.21,2,2,"\""Moby Dick\","\""Moby Dick\|Moby Dick","\""Moby Dick\|Moby Dick"
Demon of the Sea,Demon of the Sea,demon of the sea,film,1931.0,1931 film,168.21,168.21,2,2,"\""Moby Dick\","\""Moby Dick\|Moby Dick","\""Moby Dick\|Moby Dick"
In the Heart of the Sea (film),In the Heart of the Sea,in the heart of the sea,film,2015.0,2015 film by Ron Howard,168.21,168.21,2,2,"\""Moby Dick\","\""Moby Dick\|Moby Dick","\""Moby Dick\|Moby Dick"
The Sea Beast (1926 film),The Sea Beast,sea beast,film,1926.0,1926 American silent drama film,168.21,168.21,2,2,"\""Moby Dick\","\""Moby Dick\|Moby Dick","\""Moby Dick\|Moby Dick"
Capitaine Achab,Capitaine Achab,capitaine achab,film,2004.0,2004 French film,168.21,168.21,2,2,"\""Moby Dick\","\""Moby Dick\|Moby Dick","\""Moby Dick\|Moby Dick"
Age of the Dragons,Age of the Dragons,age of the dragons,film,2011.0,2011 American film,168.21,168.21,2,2,"\""Moby Dick\","\""Moby Dick\|Moby Dick","\""Moby Dick\|Moby Dick"
Love All You Have Left,Love All You Have Left,love all you have left,film,2017.0,2017 film by Matt Sivertson,168.0,79.3,2,1,San Diego,San Diego|Anne Frank,Anne Frank
Affair in Trinidad,Affair in Trinidad,affair in trinidad,film,1952.0,1952 film by Vincent Sherman,167.97,89.9,2,1,Trinidad & Tobago,Trinidad & Tobago|Trinidad and Tobago,Trinidad & Tobago
Dulha Mil Gaya,Dulha Mil Gaya,dulha mil gaya,film,2010.0,2010 film by Mudassar Aziz,167.97,89.9,2,1,Trinidad & Tobago,Trinidad & Tobago|Trinidad and Tobago,Trinidad & Tobago
The Bank Job,The Bank Job,bank job,film,2008.0,2008 film by Roger Donaldson,167.97,89.9,2,1,Trinidad & Tobago,Trinidad & Tobago|Trinidad and Tobago,Trinidad & Tobago
Bim,Bim,bim,film,1974.0,1974 Trinidad and Tobago film,167.97,89.9,2,1,Trinidad & Tobago,Trinidad & Tobago|Trinidad and Tobago,Trinidad & Tobago
The Body (1974 film),The Body,body,film,1974.0,1974 film,167.97,89.9,2,1,Trinidad & Tobago,Trinidad & Tobago|Trinidad and Tobago,Trinidad & Tobago
Contract Killers,Contract Killers,contract killers,film,2008.0,2008 American film,167.97,89.9,2,1,Trinidad & Tobago,Trinidad & Tobago|Trinidad and Tobago,Trinidad & Tobago
Doubles (2023 film),Doubles,doubles,film,2023.0,2023 Canadian film,167.97,89.9,2,1,Trinidad & Tobago,Trinidad & Tobago|Trinidad and Tobago,Trinidad & Tobago
John Paul Jones (film),John Paul Jones,john paul jones,film,1959.0,1959 film by John Farrow,167.97,89.9,2,1,Trinidad & Tobago,Trinidad & Tobago|Trinidad and Tobago,Trinidad & Tobago
The Hummingbird Tree,The Hummingbird Tree,hummingbird tree,film,1992.0,1992 film,167.97,89.9,2,1,Trinidad & Tobago,Trinidad & Tobago|Trinidad and Tobago,Trinidad & Tobago
Around the World (1967 film),Around the World,around the world,film,1967.0,1967 Indian film,167.97,89.9,2,1,Trinidad & Tobago,Trinidad & Tobago|Trinidad and Tobago,Trinidad & Tobago
The Mystic Masseur,The Mystic Masseur,mystic masseur,film,2001.0,2001 film by Ismail Merchant,167.97,89.9,2,1,Trinidad & Tobago,Trinidad & Tobago|Trinidad and Tobago,Trinidad & Tobago
Flight of the Ibis,Flight of the Ibis,flight of the ibis,film,1996.0,1996 Trinidad and Tobago film,167.97,89.9,2,1,Trinidad & Tobago,Trinidad & Tobago|Trinidad and Tobago,Trinidad & Tobago
Murder in Trinidad,Murder in Trinidad,murder in trinidad,film,1934.0,1934 film by Louis King,167.97,89.9,2,1,Trinidad & Tobago,Trinidad & Tobago|Trinidad and Tobago,Trinidad & Tobago
Two Yanks in Trinidad,Two Yanks in Trinidad,two yanks in trinidad,film,1942.0,1942 film by Gregory Ratoff,167.97,89.9,2,1,Trinidad & Tobago,Trinidad & Tobago|Trinidad and Tobago,Trinidad & Tobago
The Virgin Queen (1955 film),The Virgin Queen,virgin queen,film,1955.0,1955 film by Henry Koster,167.95,167.95,2,2,Elizabeth (I),Elizabeth (I)|Elizabeth I,Elizabeth (I)|Elizabeth I
Orlando (film),Orlando,orlando,film,1992.0,1992 film by Sally Potter,167.95,167.95,2,2,Elizabeth (I),Elizabeth (I)|Elizabeth I,Elizabeth (I)|Elizabeth I
Fire Over England,Fire Over England,fire over england,film,1937.0,1937 British film by William K. Howard,167.95,167.95,2,2,Elizabeth (I),Elizabeth (I)|Elizabeth I,Elizabeth (I)|Elizabeth I
Anonymous (film),Anonymous,anonymous,film,2011.0,2011 film by Roland Emmerich,167.95,167.95,2,2,Elizabeth (I),Elizabeth (I)|Elizabeth I,Elizabeth (I)|Elizabeth I
The Favourite of the Queen,The Favourite of the Queen,favourite of the queen,film,1922.0,1922 film,167.95,167.95,2,2,Elizabeth (I),Elizabeth (I)|Elizabeth I,Elizabeth (I)|Elizabeth I
The Virgin Queen (1923 film),The Virgin Queen,virgin queen,film,1923.0,1923 film,167.95,167.95,2,2,Elizabeth (I),Elizabeth (I)|Elizabeth I,Elizabeth (I)|Elizabeth I
Elizabeth (film),Elizabeth,elizabeth,film,1998.0,1998 film by Shekhar Kapurr,167.95,167.95,2,2,Elizabeth (I),Elizabeth (I)|Elizabeth I,Elizabeth (I)|Elizabeth I
The Private Lives of Elizabeth and Essex,The Private Lives of Elizabeth and Essex,private lives of elizabeth and essex,film,1939.0,1939 American historical romantic drama film directed by Michael Curtiz,167.95,167.95,2,2,Elizabeth (I),Elizabeth (I)|Elizabeth I,Elizabeth (I)|Elizabeth I
The Sea Hawk (1940 film),The Sea Hawk,sea hawk,film,1940.0,1940 film by Michael Curtiz,167.95,167.95,2,2,Elizabeth (I),Elizabeth (I)|Elizabeth I,Elizabeth (I)|Elizabeth I
Les Amours de la reine Élisabeth,Les Amours de la reine Élisabeth,les amours de la reine elisabeth,film,,French silent film,167.95,167.95,2,2,Elizabeth (I),Elizabeth (I)|Elizabeth I,Elizabeth (I)|Elizabeth I
The Virgin Queen (1928 film),The Virgin Queen,virgin queen,film,1928.0,1928 film,167.95,167.95,2,2,Elizabeth (I),Elizabeth (I)|Elizabeth I,Elizabeth (I)|Elizabeth I
Casino (1995 film),Casino,casino,film,1995.0,1995 film directed by Martin Scorsese,167.94,79.65,2,1,Las Vegas,Las Vegas|Kansas City,Kansas City
A Complete Unknown,A Complete Unknown,complete unknown,film,2024.0,2024 film by James Mangold,167.83,0.0,2,0,Bob Dylan,Bob Dylan|Rhode Island,
The Hunt (2020 film),The Hunt,hunt,film,2020.0,2020 film directed by Craig Zobel,167.82,81.84,2,1,Animal Farm,"Animal Farm|\""Animal Farm\","\""Animal Farm\"
Godzilla x Kong: The New Empire,Godzilla x Kong: The New Empire,godzilla x kong the new empire,film,2024.0,2024 film by Adam Wingard,167.78,167.78,2,2,American Sign Language,"American Sign Language|Cairo, Egypt","American Sign Language|Cairo, Egypt"
Lincoln at Gettysburg,Lincoln at Gettysburg,lincoln at gettysburg,novel,1992.0,1992 book by Garry Wills,167.6,75.08,2,1,Abraham Lincoln,Abraham Lincoln|Abe Lincoln,Abe Lincoln
The Lincoln Conspiracy (book),The Lincoln Conspiracy,lincoln conspiracy,novel,,"Book by David W. Balsiger and Charles E. Sellier, Jr.",167.6,75.08,2,1,Abraham Lincoln,Abraham Lincoln|Abe Lincoln,Abe Lincoln
The Conspirator,The Conspirator,conspirator,film,2010.0,2010 American historical drama film by Robert Redford,167.6,75.08,2,1,Abraham Lincoln,Abraham Lincoln|Abe Lincoln,Abe Lincoln
The Better Angels (film),The Better Angels,better angels,film,2014.0,2014 American film,167.6,75.08,2,1,Abraham Lincoln,Abraham Lincoln|Abe Lincoln,Abe Lincoln
The Face of Lincoln,The Face of Lincoln,face of lincoln,film,1955.0,1955 film,167.6,75.08,2,1,Abraham Lincoln,Abraham Lincoln|Abe Lincoln,Abe Lincoln
Young Mr. Lincoln,Young Mr. Lincoln,young mr. lincoln,film,1939.0,1939 film by John Ford,167.6,75.08,2,1,Abraham Lincoln,Abraham Lincoln|Abe Lincoln,Abe Lincoln
Abraham Lincoln vs. Zombies,Abraham Lincoln vs. Zombies,abraham lincoln vs. zombies,film,2012.0,2012 American film,167.6,75.08,2,1,Abraham Lincoln,Abraham Lincoln|Abe Lincoln,Abe Lincoln
Saving Lincoln,Saving Lincoln,saving lincoln,film,2013.0,2013 American film,167.6,75.08,2,1,Abraham Lincoln,Abraham Lincoln|Abe Lincoln,Abe Lincoln
Abraham Lincoln (1924 film short),Abraham Lincoln,abraham lincoln,film,1924.0,1924 film,167.6,75.08,2,1,Abraham Lincoln,Abraham Lincoln|Abe Lincoln,Abe Lincoln
The Heart of Lincoln,The Heart of Lincoln,heart of lincoln,film,1915.0,1915 silent film,167.6,75.08,2,1,Abraham Lincoln,Abraham Lincoln|Abe Lincoln,Abe Lincoln
The Fate of Liberty,The Fate of Liberty,fate of liberty,novel,1991.0,"1991 book by Mark E. Neely, Jr.",167.6,75.08,2,1,Abraham Lincoln,Abraham Lincoln|Abe Lincoln,Abe Lincoln
Lincoln and the Power of the Press,Lincoln and the Power of the Press,lincoln and the power of the press,novel,2014.0,2014 book by Harold Holzer,167.6,75.08,2,1,Abraham Lincoln,Abraham Lincoln|Abe Lincoln,Abe Lincoln
Killing Lincoln,Killing Lincoln,killing lincoln,novel,2011.0,2011 popular history book,167.6,75.08,2,1,Abraham Lincoln,Abraham Lincoln|Abe Lincoln,Abe Lincoln
The Lincoln Conspiracy (film),The Lincoln Conspiracy,lincoln conspiracy,film,1977.0,1977 film by James L. Conway,167.6,75.08,2,1,Abraham Lincoln,Abraham Lincoln|Abe Lincoln,Abe Lincoln
Abe Lincoln in Illinois (film),Abe Lincoln in Illinois,abe lincoln in illinois,film,1940.0,1940 film by John Cromwell,167.6,75.08,2,1,Abraham Lincoln,Abraham Lincoln|Abe Lincoln,Abe Lincoln
Up in the Air (2009 film),Up in the Air,up in the air,film,2009.0,2009 film by Jason Reitman,167.41,79.65,2,1,St. Louis,St. Louis|Kansas City,Kansas City
The Fourth War,The Fourth War,fourth war,film,1990.0,1990 film by John Frankenheimer,167.02,81.84,2,1,Cold War,Cold War|East & West Germany,East & West Germany
23 (film),23,23,film,1998.0,1998 German drama thriller film by Hans-Christian Schmid,167.02,81.84,2,1,Cold War,Cold War|East & West Germany,East & West Germany
Break in the Circle,Break in the Circle,break in the circle,film,1955.0,1955 British film by Val Guest,167.02,81.84,2,1,Cold War,Cold War|East & West Germany,East & West Germany
Buffalo Soldiers (2001 film),Buffalo Soldiers,buffalo soldiers,film,2001.0,2001 film directed by Gregor Jordan,167.02,81.84,2,1,Cold War,Cold War|East & West Germany,East & West Germany
"The Feasts of Belshazzar, or a Night with Stalin","The Feasts of Belshazzar, or a Night with Stalin",feasts of belshazzar or a night with stalin,film,1989.0,1989 Soviet film,166.88,88.29,2,1,Josef Stalin,Josef Stalin|Soviet Union,Josef Stalin
Only the Animals (film),Only the Animals,only the animals,film,2019.0,2019 film by Dominik Moll,166.69,166.69,2,2,Ivory Coast,Ivory Coast|Côte d'Ivoire,Ivory Coast|Côte d'Ivoire
The Man from Cocody,The Man from Cocody,man from cocody,film,1965.0,1965 film,166.69,166.69,2,2,Ivory Coast,Ivory Coast|Côte d'Ivoire,Ivory Coast|Côte d'Ivoire
Night of the Kings,Night of the Kings,night of the kings,film,2020.0,2020 drama film,166.69,166.69,2,2,Ivory Coast,Ivory Coast|Côte d'Ivoire,Ivory Coast|Côte d'Ivoire
"Moi, un noir","Moi, un noir",moi un noir,film,1958.0,1958 French film directed by Jean Rouch,166.69,166.69,2,2,Ivory Coast,Ivory Coast|Côte d'Ivoire,Ivory Coast|Côte d'Ivoire
The Woman with the Knife,The Woman with the Knife,woman with the knife,film,1969.0,1969 film by Timité Bassori,166.69,166.69,2,2,Ivory Coast,Ivory Coast|Côte d'Ivoire,Ivory Coast|Côte d'Ivoire
The Human Pyramid (1961 film),The Human Pyramid,human pyramid,film,1961.0,1961 Ivorian film,166.69,166.69,2,2,Ivory Coast,Ivory Coast|Côte d'Ivoire,Ivory Coast|Côte d'Ivoire
Aya of Yop City (film),Aya of Yop City,aya of yop city,film,2013.0,2013 French film,166.69,166.69,2,2,Ivory Coast,Ivory Coast|Côte d'Ivoire,Ivory Coast|Côte d'Ivoire
Pride and Prejudice (1940 film),Pride and Prejudice,pride and prejudice,film,1940.0,1940 film by Robert Zigler Leonard,166.39,166.39,2,2,Pride & Prejudice,"Pride & Prejudice|\""Pride and Prejudice\","Pride & Prejudice|\""Pride and Prejudice\"
Pride and Prejudice and Zombies,Pride and Prejudice and Zombies,pride and prejudice and zombies,novel,2009.0,2009 parody novel by Seth Grahame-Smith,166.39,166.39,2,2,Pride & Prejudice,"Pride & Prejudice|\""Pride and Prejudice\","Pride & Prejudice|\""Pride and Prejudice\"
Pride and Prejudice and Zombies: Dawn of the Dreadfuls,Pride and Prejudice and Zombies: Dawn of the Dreadfuls,pride and prejudice and zombies dawn of the dreadfuls,novel,,Book by Steve Hockensmith,166.39,166.39,2,2,Pride & Prejudice,"Pride & Prejudice|\""Pride and Prejudice\","Pride & Prejudice|\""Pride and Prejudice\"
Bridget Jones's Diary,Bridget Jones's Diary,bridget joness diary,film,2001.0,2001 film by Sharon Maguire,166.39,166.39,2,2,Pride & Prejudice,"Pride & Prejudice|\""Pride and Prejudice\","Pride & Prejudice|\""Pride and Prejudice\"
"Love, Lies and Lizzie","Love, Lies and Lizzie",love lies and lizzie,novel,2009.0,2009 novel by Rosie Rushton,166.39,166.39,2,2,Pride & Prejudice,"Pride & Prejudice|\""Pride and Prejudice\","Pride & Prejudice|\""Pride and Prejudice\"
An Assembly Such as This,An Assembly Such as This,assembly such as this,novel,2003.0,2003 novel by Pamela Aidan,166.39,166.39,2,2,Pride & Prejudice,"Pride & Prejudice|\""Pride and Prejudice\","Pride & Prejudice|\""Pride and Prejudice\"
Fire Island (film),Fire Island,fire island,film,2022.0,2022 film directed by Andrew Ahn,166.39,166.39,2,2,Pride & Prejudice,"Pride & Prejudice|\""Pride and Prejudice\","Pride & Prejudice|\""Pride and Prejudice\"
Pride & Prejudice: A Latter-Day Comedy,Pride & Prejudice: A Latter-Day Comedy,pride & prejudice a latter-day comedy,film,2003.0,2003 film,166.39,166.39,2,2,Pride & Prejudice,"Pride & Prejudice|\""Pride and Prejudice\","Pride & Prejudice|\""Pride and Prejudice\"
Longbourn,Longbourn,longbourn,novel,2013.0,2013 novel,166.39,166.39,2,2,Pride & Prejudice,"Pride & Prejudice|\""Pride and Prejudice\","Pride & Prejudice|\""Pride and Prejudice\"
Pride & Prejudice (2005 film),Pride & Prejudice,pride & prejudice,film,2005.0,British historical romantic drama film by Joe Wright,166.39,166.39,2,2,Pride & Prejudice,"Pride & Prejudice|\""Pride and Prejudice\","Pride & Prejudice|\""Pride and Prejudice\"
Austenland (film),Austenland,austenland,film,2013.0,2013 romantic comedy film,166.39,166.39,2,2,Pride & Prejudice,"Pride & Prejudice|\""Pride and Prejudice\","Pride & Prejudice|\""Pride and Prejudice\"
Bride and Prejudice,Bride and Prejudice,bride and prejudice,film,2004.0,2004 film,166.39,166.39,2,2,Pride & Prejudice,"Pride & Prejudice|\""Pride and Prejudice\","Pride & Prejudice|\""Pride and Prejudice\"
Ready Player One (film),Ready Player One,ready player one,film,2018.0,2018 film by Steven Spielberg,166.39,166.39,2,2,"Columbus, Ohio","Columbus, Ohio|Marvin the Martian","Columbus, Ohio|Marvin the Martian"
Pride and Prejudice and Zombies (film),Pride and Prejudice and Zombies,pride and prejudice and zombies,film,2016.0,2016 film by Burr Steers,166.39,166.39,2,2,Pride & Prejudice,"Pride & Prejudice|\""Pride and Prejudice\","Pride & Prejudice|\""Pride and Prejudice\"
Bridget Jones's Diary (novel),Bridget Jones's Diary,bridget joness diary,novel,1996.0,1996 novel by Helen Fielding,166.39,166.39,2,2,Pride & Prejudice,"Pride & Prejudice|\""Pride and Prejudice\","Pride & Prejudice|\""Pride and Prejudice\"
Eligible (novel),Eligible,eligible,novel,2016.0,2016 novel by Curtis Sittenfeld,166.39,166.39,2,2,Pride & Prejudice,"Pride & Prejudice|\""Pride and Prejudice\","Pride & Prejudice|\""Pride and Prejudice\"
Death Comes to Pemberley,Death Comes to Pemberley,death comes to pemberley,novel,2011.0,2011 novel by P. D. James,166.39,166.39,2,2,Pride & Prejudice,"Pride & Prejudice|\""Pride and Prejudice\","Pride & Prejudice|\""Pride and Prejudice\"
Mr. Darcy's Daughters,Mr. Darcy's Daughters,mr. darcys daughters,novel,2003.0,2003 novel by Elizabeth Aston,166.39,166.39,2,2,Pride & Prejudice,"Pride & Prejudice|\""Pride and Prejudice\","Pride & Prejudice|\""Pride and Prejudice\"
Breaker Morant (film),Breaker Morant,breaker morant,film,1980.0,1980 film by Bruce Beresford,166.38,82.95,2,1,South Africa,South Africa|Boer War,Boer War
Godzilla (2014 film),Godzilla,godzilla,film,2014.0,American film by Gareth Edwards,166.36,78.07,2,1,Las Vegas,"Las Vegas|Honolulu, Hawaii","Honolulu, Hawaii"
ABCD 2,ABCD 2,abcd 2,film,,Hindi-language dance drama film,166.36,78.07,2,1,Las Vegas,Las Vegas|Bombay Mumbai,Bombay Mumbai
Barood (1976 film),Barood,barood,film,1976.0,1976 Indian film,166.36,78.07,2,1,Las Vegas,Las Vegas|Bombay Mumbai,Bombay Mumbai
Mission: Impossible – Dead Reckoning Part One,Mission: Impossible – Dead Reckoning Part One,mission impossible – dead reckoning part one,film,2023.0,2023 film by Christopher McQuarrie,166.34,89.12,2,1,Abu Dhabi,Abu Dhabi|World War I,Abu Dhabi
Kansas City Bomber,Kansas City Bomber,kansas city bomber,film,1972.0,1972 film directed by Jerrold Freedman,166.3,166.3,2,2,"Portland, Oregon","Portland, Oregon|Kansas City","Portland, Oregon|Kansas City"
Mega Shark Versus Mecha Shark,Mega Shark Versus Mecha Shark,mega shark versus mecha shark,film,2014.0,2014 American film,166.18,81.84,2,1,New Zealand,"New Zealand|Sydney, Australia","Sydney, Australia"
Shade: A Tale of Two Presidents,Shade: A Tale of Two Presidents,shade a tale of two presidents,novel,,Book published by Pete Souza,166.13,0.0,2,0,Donald Trump,Donald Trump|Barack Obama,
The Greatest (1977 film),The Greatest,greatest,film,1977.0,1977 film about Muhammad Ali,166.1,166.1,2,2,Muhammad Ali Cassius Clay,Muhammad Ali Cassius Clay|Muhammad Ali,Muhammad Ali Cassius Clay|Muhammad Ali
A.k.a. Cassius Clay,A.k.a. Cassius Clay,a.k.a. cassius clay,film,1970.0,1970 film,166.1,166.1,2,2,Muhammad Ali Cassius Clay,Muhammad Ali Cassius Clay|Muhammad Ali,Muhammad Ali Cassius Clay|Muhammad Ali
I Am Ali,I Am Ali,i am ali,film,2014.0,2014 American film,166.1,166.1,2,2,Muhammad Ali Cassius Clay,Muhammad Ali Cassius Clay|Muhammad Ali,Muhammad Ali Cassius Clay|Muhammad Ali
Frost/Nixon (film),Frost/Nixon,frost/nixon,film,2008.0,2008 historical drama film,166.1,81.84,2,1,Richard Nixon,"Richard Nixon|Sydney, Australia","Sydney, Australia"
Friend of the World,Friend of the World,friend of the world,film,2020.0,2020 American film by Brian Patrick Butler,165.91,0.0,2,0,San Diego,San Diego|World War I,
On the Beach (1959 film),On the Beach,on the beach,film,1959.0,1959 film by Stanley Kramer,165.91,0.0,2,0,San Diego,San Diego|World War I,
La Révolution française (film),La Révolution française,la revolution francaise,film,1989.0,1989 film,165.72,165.72,2,2,Georges Danton,Georges Danton|Maximilien Robespierre,Georges Danton|Maximilien Robespierre
Quirky (book),Quirky,quirky,novel,,Book by Melissa Schilling,165.7,0.0,2,0,Albert Einstein,Albert Einstein|Nikola Tesla,
Young Winston,Young Winston,young winston,film,1972.0,1972 film directed by Richard Attenborough,165.62,82.95,2,1,Boer War,Boer War|Winston Churchill,Boer War
Bonneville (film),Bonneville,bonneville,film,2006.0,2006 American film by Christopher N. Rowley,165.59,77.31,2,1,Las Vegas,Las Vegas|Palm Springs,Palm Springs
Damnation Alley (film),Damnation Alley,damnation alley,film,1977.0,1977 film by Jack Smight,165.5,0.0,2,0,Las Vegas,Las Vegas|World War I,
Battle of Sutjeska (film),Battle of Sutjeska,battle of sutjeska,film,1973.0,1973 film by Stipe Delić,165.47,78.82,2,1,Bosnia and Herzegovina,Bosnia and Herzegovina|Josip Broz Tito,Josip Broz Tito
The Girl Who Saved the King of Sweden,The Girl Who Saved the King of Sweden,girl who saved the king of sweden,novel,2013.0,2013 novel by Jonas Jonasson,165.28,81.84,2,1,South Africa,"South Africa|Stockholm, Sweden","Stockholm, Sweden"
The Drums of Jeopardy (1931 film),The Drums of Jeopardy,drums of jeopardy,film,1931.0,1931 film,165.23,0.0,2,0,Russian Revolution,Russian Revolution|Soviet Union,
Novocaine (2025 film),Novocaine,novocaine,film,2025.0,2025 film by Dan Berk and Robert Olsen,165.06,76.36,2,1,San Diego,San Diego|Cape Town,Cape Town
Anjaana Anjaani,Anjaana Anjaani,anjaana anjaani,film,2010.0,2010 film by Siddharth Anand,164.77,76.49,2,1,Las Vegas,Las Vegas|Kuala Lumpur,Kuala Lumpur
The Three Muscatels,The Three Muscatels,three muscatels,film,1991.0,1991 film,164.72,164.72,2,2,"Atlanta, Georgia","Atlanta, Georgia|\""The Three Musketeers\","Atlanta, Georgia|\""The Three Musketeers\"
Gemini Man (film),Gemini Man,gemini man,film,2019.0,2019 American science fiction action thriller film by Ang Lee,164.72,164.72,2,2,"Atlanta, Georgia","Atlanta, Georgia|Buda & Pest","Atlanta, Georgia|Buda & Pest"
Cyborg (film),Cyborg,cyborg,film,1989.0,1989 film by Albert Pyun,164.72,86.64,2,1,"Atlanta, Georgia","Atlanta, Georgia|Charleston, South Carolina","Atlanta, Georgia"
Eight Below,Eight Below,eight below,film,2006.0,2006 American film,164.38,80.04,2,1,New Zealand,New Zealand|British Columbia,British Columbia
Assassination Games,Assassination Games,assassination games,film,2011.0,2011 American film,164.37,78.07,2,1,New Orleans,"New Orleans|Bucharest, Romania","Bucharest, Romania"
Ludwig II (1955 film),Ludwig II,ludwig ii,film,1955.0,1955 film,164.15,164.15,2,2,Empress Elisabeth of Austria,Empress Elisabeth of Austria|Mad King Ludwig,Empress Elisabeth of Austria|Mad King Ludwig
Ludwig II (2012 film),Ludwig II,ludwig ii,film,2012.0,2012 German film,164.15,164.15,2,2,Empress Elisabeth of Austria,Empress Elisabeth of Austria|Mad King Ludwig,Empress Elisabeth of Austria|Mad King Ludwig
"Ludwig II, King of Bavaria","Ludwig II, King of Bavaria",ludwig ii king of bavaria,film,1930.0,1930 film,164.15,164.15,2,2,Empress Elisabeth of Austria,Empress Elisabeth of Austria|Mad King Ludwig,Empress Elisabeth of Austria|Mad King Ludwig
Ludwig II (1922 film),Ludwig II,ludwig ii,film,1922.0,1922 Austrian silent film,164.15,164.15,2,2,Empress Elisabeth of Austria,Empress Elisabeth of Austria|Mad King Ludwig,Empress Elisabeth of Austria|Mad King Ludwig
Ludwig (film),Ludwig,ludwig,film,1973.0,1973 Italian film,164.15,164.15,2,2,Empress Elisabeth of Austria,Empress Elisabeth of Austria|Mad King Ludwig,Empress Elisabeth of Austria|Mad King Ludwig
The Climate of Courage,The Climate of Courage,climate of courage,novel,,Book by Jon Cleary,164.06,164.06,2,2,New Guinea,"New Guinea|Sydney, Australia","New Guinea|Sydney, Australia"
Goon (film),Goon,goon,film,2011.0,2011 sports comedy film,163.94,85.87,2,1,Nova Scotia,Nova Scotia|Newfoundland and Labrador,Nova Scotia
Admiral (2008 film),Admiral,admiral,film,2008.0,2008 Russian film,163.86,0.0,2,0,Russian Revolution,Russian Revolution|World War I,
24 Hours to Live,24 Hours to Live,24 hours to live,film,2017.0,2017 film,163.84,76.36,2,1,Hong Kong,Hong Kong|Cape Town,Cape Town
The Girl from Petrovka,The Girl from Petrovka,girl from petrovka,film,1974.0,1974 film by Robert Ellis Miller,163.76,0.0,2,0,Cold War,Cold War|Soviet Union,
Back in the USSR (film),Back in the USSR,back in the ussr,film,1992.0,1992 American film,163.76,0.0,2,0,Cold War,Cold War|Soviet Union,
Born American,Born American,born american,film,1986.0,1986 film by Renny Harlin,163.76,0.0,2,0,Cold War,Cold War|Soviet Union,
Farewell (2009 film),Farewell,farewell,film,2009.0,2009 French film,163.76,0.0,2,0,Cold War,Cold War|Soviet Union,
Final Assignment,Final Assignment,final assignment,film,1980.0,1980 Canadian film,163.76,0.0,2,0,Cold War,Cold War|Soviet Union,
The Experts (1989 film),The Experts,experts,film,1989.0,1989 film by Dave Thomas,163.76,0.0,2,0,Cold War,Cold War|Soviet Union,
Don Camillo in Moscow,Don Camillo in Moscow,don camillo in moscow,film,1965.0,1965 film,163.76,0.0,2,0,Cold War,Cold War|Soviet Union,
The Green Berets (film),The Green Berets,green berets,film,1968.0,"1968 film by John Wayne, Ray Kellogg",163.47,0.0,2,0,Cold War,Cold War|Green Berets,
A War in Hollywood,A War in Hollywood,war in hollywood,film,2008.0,2008 film,163.34,163.34,2,2,Josef Stalin,Josef Stalin|Francisco Franco,Josef Stalin|Francisco Franco
Human Remains (film),Human Remains,human remains,film,1998.0,1998 American film,163.34,163.34,2,2,Josef Stalin,Josef Stalin|Francisco Franco,Josef Stalin|Francisco Franco
Big Jim McLain,Big Jim McLain,big jim mclain,film,1952.0,1952 film by Edward Ludwig,163.25,78.07,2,1,Cold War,"Cold War|Honolulu, Hawaii","Honolulu, Hawaii"
Buried on Sunday,Buried on Sunday,buried on sunday,film,1992.0,1992 Canadian film,163.08,85.87,2,1,Nova Scotia,Nova Scotia|World War I,Nova Scotia
The Losers (2010 film),The Losers,losers,film,2010.0,2010 film by Sylvain White,163.02,84.72,2,1,Puerto Rico,Puerto Rico|Green Berets,Puerto Rico
Rambo (2008 film),Rambo,rambo,film,2008.0,American film by Sylvester Stallone,162.84,84.55,2,1,Myanmar Burma,Myanmar Burma|Green Berets,Myanmar Burma
1945 (2022 film),1945,1945,film,2022.0,2022 Indian film,162.39,162.39,2,2,Myanmar Burma,Myanmar Burma|Subhas Chandra Bose,Myanmar Burma|Subhas Chandra Bose
"Invasion, U.S.A. (1952 film)","Invasion, U.S.A.",invasion u.s.a.,film,1952.0,1952 drama film,162.39,0.0,2,0,Cold War,Cold War|World War I,
The Damned (1962 film),The Damned,damned,film,1962.0,1962 British film by Joseph Losey,162.39,0.0,2,0,Cold War,Cold War|World War I,
Original Sin (Tapper and Thompson book),Original Sin (Tapper and Thompson book),original sin tapper and thompson book,novel,2025.0,2025 book by Jake Tapper and Alex Thompson,161.8,77.36,2,1,Donald Trump,Donald Trump|Joe Biden,Joe Biden
War (Woodward book),War (Woodward book),war woodward book,novel,,Book by Bob Woodward,161.8,77.36,2,1,Donald Trump,Donald Trump|Joe Biden,Joe Biden
Nine Black Robes,Nine Black Robes,nine black robes,novel,,Book about the American Supreme Court,161.8,77.36,2,1,Donald Trump,Donald Trump|Joe Biden,Joe Biden
The 7th Dawn,The 7th Dawn,7th dawn,film,1964.0,1964 British film by Lewis Gilbert,161.66,76.49,2,1,Cold War,Cold War|Kuala Lumpur,Kuala Lumpur
Company (2002 film),Company,company,film,2002.0,2002 film by Ram Gopal Varma,161.51,78.07,2,1,South Africa,South Africa|Swiss Confederation,Swiss Confederation
The Fourth Protocol,The Fourth Protocol,fourth protocol,novel,1984.0,1984 novel by Frederick Forsyth,161.51,78.07,2,1,South Africa,South Africa|Swiss Confederation,Swiss Confederation
Vincent (1987 film),Vincent,vincent,film,1987.0,1987 Australian film,161.28,161.28,2,2,van Gogh,van Gogh|Vincent van Gogh,van Gogh|Vincent van Gogh
Dreams (1990 film),Dreams,dreams,film,1990.0,1990 film by Akira Kurosawa,161.28,161.28,2,2,van Gogh,van Gogh|Vincent van Gogh,van Gogh|Vincent van Gogh
At Eternity's Gate (film),At Eternity's Gate,at eternitys gate,film,2018.0,2018 film,161.28,161.28,2,2,van Gogh,van Gogh|Vincent van Gogh,van Gogh|Vincent van Gogh
Van Gogh (1948 film),Van Gogh,van gogh,film,1948.0,1948 film,161.28,161.28,2,2,van Gogh,van Gogh|Vincent van Gogh,van Gogh|Vincent van Gogh
Van Gogh (1991 film),Van Gogh,van gogh,film,1991.0,1991 French film,161.28,161.28,2,2,van Gogh,van Gogh|Vincent van Gogh,van Gogh|Vincent van Gogh
Vincent & Theo,Vincent & Theo,vincent & theo,film,1990.0,1990 biographical drama film about Vincent Van Gogh,161.28,161.28,2,2,van Gogh,van Gogh|Vincent van Gogh,van Gogh|Vincent van Gogh
Vincent and Me,Vincent and Me,vincent and me,film,1990.0,1990 Canadian film,161.28,161.28,2,2,van Gogh,van Gogh|Vincent van Gogh,van Gogh|Vincent van Gogh
Peak (novel),Peak,peak,novel,2007.0,2007 book by Roland Smith,161.07,77.33,2,1,Mount Everest,Mount Everest|Mt. Everest,Mt. Everest
The Climb (book),The Climb,climb,novel,1997.0,1997 novel by Anatoli Boukreev and G. Western DeWalt,161.07,77.33,2,1,Mount Everest,Mount Everest|Mt. Everest,Mt. Everest
Paths of Glory (Archer novel),Paths of Glory (Archer novel),paths of glory archer novel,novel,2009.0,2009 novel by Jeffrey Archer,161.07,77.33,2,1,Mount Everest,Mount Everest|Mt. Everest,Mt. Everest
The Motorcycle Diaries (film),The Motorcycle Diaries,motorcycle diaries,film,2004.0,2004 film by Walter Salles,160.53,160.53,2,2,"Ernesto ""Che"" Guevara","Ernesto ""Che"" Guevara|Che Guevara","Ernesto ""Che"" Guevara|Che Guevara"
Che!,Che!,che,film,1969.0,1969 film by Richard Fleischer,160.53,160.53,2,2,"Ernesto ""Che"" Guevara","Ernesto ""Che"" Guevara|Che Guevara","Ernesto ""Che"" Guevara|Che Guevara"
"Tania, the Woman Che Guevara Loved","Tania, the Woman Che Guevara Loved",tania the woman che guevara loved,novel,1997.0,1997 book by José Antonio Friedl Zapata about Haydée Tamara Bunke Bider,160.53,160.53,2,2,"Ernesto ""Che"" Guevara","Ernesto ""Che"" Guevara|Che Guevara","Ernesto ""Che"" Guevara|Che Guevara"
Stealth (film),Stealth,stealth,film,2005.0,2005 film by Rob Cohen,160.21,160.21,2,2,Myanmar Burma,Myanmar Burma|North Korea,Myanmar Burma|North Korea
The Cassandra Crossing,The Cassandra Crossing,cassandra crossing,film,1976.0,1976 film by George Pan Cosmatos,159.92,159.92,2,2,East & West Germany,East & West Germany|Swiss Confederation,East & West Germany|Swiss Confederation
Krigaren,Krigaren,krigaren,novel,2001.0,2001 novel by Björn Ranelid,159.92,159.92,2,2,"Stockholm, Sweden","Stockholm, Sweden|Birmingham, Alabama","Stockholm, Sweden|Birmingham, Alabama"
The Cape Town Affair,The Cape Town Affair,cape town affair,film,1967.0,1967 spy film directed by Robert D. Webb,159.8,76.36,2,1,South Africa,South Africa|Cape Town,Cape Town
The Post (film),The Post,post,film,2017.0,2017 film by Steven Spielberg,159.74,0.0,2,0,Richard Nixon,Richard Nixon|Washington Post,
Red China Blues,Red China Blues,red china blues,novel,1996.0,1996 book by Jan Wong,159.53,159.53,2,2,Mao Tse-tung,Mao Tse-tung|Mao Zedong,Mao Tse-tung|Mao Zedong
Red Star Over China,Red Star Over China,red star over china,novel,1937.0,1937 book by Edgar Snow,159.53,159.53,2,2,Mao Tse-tung,Mao Tse-tung|Mao Zedong,Mao Tse-tung|Mao Zedong
The Private Life of Chairman Mao,The Private Life of Chairman Mao,private life of chairman mao,novel,,Book by Li Zhisui,159.53,159.53,2,2,Mao Tse-tung,Mao Tse-tung|Mao Zedong,Mao Tse-tung|Mao Zedong
Mao's Great Famine,Mao's Great Famine,maos great famine,novel,2010.0,2010 book by Frank Dikötter,159.53,159.53,2,2,Mao Tse-tung,Mao Tse-tung|Mao Zedong,Mao Tse-tung|Mao Zedong
Mao Tse-tung: Ruler of Red China,Mao Tse-tung: Ruler of Red China,mao tse-tung ruler of red china,novel,,Book by Robert Payne,159.53,159.53,2,2,Mao Tse-tung,Mao Tse-tung|Mao Zedong,Mao Tse-tung|Mao Zedong
How the Red Sun Rose,How the Red Sun Rose,how the red sun rose,novel,2000.0,2000 book by Gao Hua,159.53,159.53,2,2,Mao Tse-tung,Mao Tse-tung|Mao Zedong,Mao Tse-tung|Mao Zedong
Worldwar: Striking the Balance,Worldwar: Striking the Balance,worldwar striking the balance,novel,,Book by Harry Turtledove,159.53,159.53,2,2,Mao Tse-tung,Mao Tse-tung|Mao Zedong,Mao Tse-tung|Mao Zedong
Churchill (film),Churchill,churchill,film,2017.0,2017 British film,159.45,0.0,2,0,Winston Churchill,Winston Churchill|United Kingdom,
One Night Stand (1984 film),One Night Stand,one night stand,film,1984.0,1984 film,159.06,81.84,2,1,"Sydney, Australia","Sydney, Australia|World War I","Sydney, Australia"
Woman (1918 film),Woman,woman,film,1918.0,1918 American film,158.68,79.63,2,1,Adam and Eve,Adam and Eve|Roman Empire,Adam and Eve
Waterloo (1970 film),Waterloo,waterloo,film,1970.0,1970 film,157.14,157.14,2,2,Napoleonic Wars,Napoleonic Wars|Napoléon Bonaparte,Napoleonic Wars|Napoléon Bonaparte
Waterloo (1929 film),Waterloo,waterloo,film,1929.0,1929 film,157.14,157.14,2,2,Napoleonic Wars,Napoleonic Wars|Napoléon Bonaparte,Napoleonic Wars|Napoléon Bonaparte
Goldfinger (film),Goldfinger,goldfinger,film,1964.0,1964 spy film by Guy Hamilton,156.15,78.07,2,1,Newfoundland and Labrador,Newfoundland and Labrador|Swiss Confederation,Swiss Confederation
Aasal,Aasal,aasal,film,2010.0,2010 Tamil-language film directed by Saran,154.56,154.56,2,2,Bombay Mumbai,Bombay Mumbai|Kuala Lumpur,Bombay Mumbai|Kuala Lumpur
3 Musketeers (film),3 Musketeers,3 musketeers,film,2011.0,2011 American film,153.73,153.73,2,2,"\""The Three Musketeers\","\""The Three Musketeers\|North Korea","\""The Three Musketeers\|North Korea"
72 Things Younger Than John McCain,72 Things Younger Than John McCain,72 things younger than john mccain,novel,2008.0,2008 American book,153.53,78.07,2,1,Senator John McCain,Senator John McCain|John McCain,Senator John McCain
The Restless Wave (book),The Restless Wave,restless wave,novel,2018.0,2018 book by John McCain and Mark Salter,153.53,78.07,2,1,Senator John McCain,Senator John McCain|John McCain,Senator John McCain
"My Dad, John McCain","My Dad, John McCain",my dad john mccain,novel,,Book by Meghan McCain,153.53,78.07,2,1,Senator John McCain,Senator John McCain|John McCain,Senator John McCain
Polostan,Polostan,polostan,novel,2024.0,2024 novel by Neal Stephenson,99.84,0.0,1,0,"Washington, D.C.","Washington, D.C.",
The President Is Missing (novel),The President Is Missing,president is missing,novel,,Novel by Bill Clinton and James Patterson,99.84,0.0,1,0,"Washington, D.C.","Washington, D.C.",
The President Vanishes,The President Vanishes,president vanishes,novel,1934.0,1934 novel by Rex Stout,99.84,0.0,1,0,"Washington, D.C.","Washington, D.C.",
The November Criminals,The November Criminals,november criminals,novel,2010.0,2010 novel by Sam Munson,99.84,0.0,1,0,"Washington, D.C.","Washington, D.C.",
The Bear and the Dragon,The Bear and the Dragon,bear and the dragon,novel,2000.0,2000 thriller novel by Tom Clancy,99.84,0.0,1,0,"Washington, D.C.","Washington, D.C.",
Night of Camp David,Night of Camp David,night of camp david,novel,1965.0,1965 novel,99.84,0.0,1,0,"Washington, D.C.","Washington, D.C.",
Notes from Underground (Scruton novel),Notes from Underground (Scruton novel),notes from underground scruton novel,novel,,Book by Roger Scruton,99.84,0.0,1,0,"Washington, D.C.","Washington, D.C.",
Alex Cross,Alex Cross,alex cross,novel,,Novel series by James Patterson,99.84,0.0,1,0,"Washington, D.C.","Washington, D.C.",
All American Girl (novel),All American Girl,all american girl,novel,,Novel by Meg Cabot,99.84,0.0,1,0,"Washington, D.C.","Washington, D.C.",
Angel of Light (novel),Angel of Light,angel of light,novel,1981.0,1981 novel by Joyce Carol Oates,99.84,0.0,1,0,"Washington, D.C.","Washington, D.C.",
Anna Hastings,Anna Hastings,anna hastings,novel,1977.0,1977 novel by Allen Drury,99.84,0.0,1,0,"Washington, D.C.","Washington, D.C.",
Back Blast,Back Blast,back blast,novel,2016.0,2016 novel by Mark Greaney,99.84,0.0,1,0,"Washington, D.C.","Washington, D.C.",
The Divide (novel),The Divide,divide,novel,1980.0,1980 novel by William Overgard,99.84,0.0,1,0,"Washington, D.C.","Washington, D.C.",
The Devil's Teardrop,The Devil's Teardrop,devils teardrop,novel,1999.0,1999 book by Jeffery Deaver,99.84,0.0,1,0,"Washington, D.C.","Washington, D.C.",
The Devil's Alternative,The Devil's Alternative,devils alternative,novel,,Book by Frederick Forsyth,99.84,0.0,1,0,"Washington, D.C.","Washington, D.C.",
Decision (novel),Decision,decision,novel,1983.0,1983 novel by Allen Drury,99.84,0.0,1,0,"Washington, D.C.","Washington, D.C.",
The Saint Steps In,The Saint Steps In,saint steps in,novel,1943.0,1943 novel by Leslie Charteris,99.84,0.0,1,0,"Washington, D.C.","Washington, D.C.",
The Rooster Bar,The Rooster Bar,rooster bar,novel,,John Grisham novel,99.84,0.0,1,0,"Washington, D.C.","Washington, D.C.",
"River, Cross My Heart","River, Cross My Heart",river cross my heart,novel,1999.0,1999 novel by Breena Clarke,99.84,0.0,1,0,"Washington, D.C.","Washington, D.C.",
Right as Rain,Right as Rain,right as rain,novel,2001.0,2001 crime novel by George Pelecanos,99.84,0.0,1,0,"Washington, D.C.","Washington, D.C.",
Debt of Honor,Debt of Honor,debt of honor,novel,1994.0,1994 thriller novel by Tom Clancy,99.84,0.0,1,0,"Washington, D.C.","Washington, D.C.",
The Death Strain,The Death Strain,death strain,novel,1970.0,1970 novel by Jon Messmann,99.84,0.0,1,0,"Washington, D.C.","Washington, D.C.",
Double Fudge,Double Fudge,double fudge,novel,2002.0,2002 children's novel by Judy Blume,99.84,0.0,1,0,"Washington, D.C.","Washington, D.C.",
The Lost Symbol,The Lost Symbol,lost symbol,novel,2009.0,2009 novel by Dan Brown,99.84,0.0,1,0,"Washington, D.C.","Washington, D.C.",
Icon (novel),Icon,icon,novel,1996.0,1996 novel by Frederick Forsyth,99.84,0.0,1,0,"Washington, D.C.","Washington, D.C.",
Hot Springs (novel),Hot Springs,hot springs,novel,2000.0,2000 thriller novel by Stephen Hunter,99.84,0.0,1,0,"Washington, D.C.","Washington, D.C.",
Last Man Standing (novel),Last Man Standing,last man standing,novel,2001.0,2001 thriller novel by David Baldacci,99.84,0.0,1,0,"Washington, D.C.","Washington, D.C.",
The King of Torts,The King of Torts,king of torts,novel,,Novel by John Grisham,99.84,0.0,1,0,"Washington, D.C.","Washington, D.C.",
The Khaki Mafia,The Khaki Mafia,khaki mafia,novel,1971.0,1971 novel by Robin Moore and June Collins,99.84,0.0,1,0,"Washington, D.C.","Washington, D.C.",
It Can't Happen Here,It Can't Happen Here,it cant happen here,novel,1935.0,1935 dystopian novel by Sinclair Lewis,99.84,0.0,1,0,"Washington, D.C.","Washington, D.C.",
Into the Out Of,Into the Out Of,into the out of,novel,1986.0,1986 novel by Alan Dean Foster,99.84,0.0,1,0,"Washington, D.C.","Washington, D.C.",
The Infinity Clue,The Infinity Clue,infinity clue,novel,1981.0,1981 book by Franklin W. Dixon,99.84,0.0,1,0,"Washington, D.C.","Washington, D.C.",
Horse (novel),Horse,horse,novel,2022.0,2022 novel by Geraldine Brooks,99.84,0.0,1,0,"Washington, D.C.","Washington, D.C.",
The Return of Ansel Gibbs,The Return of Ansel Gibbs,return of ansel gibbs,novel,1958.0,1958 novel by Frederick Buechner,99.84,0.0,1,0,"Washington, D.C.","Washington, D.C.",
A Report from Group 17,A Report from Group 17,report from group 17,novel,1972.0,1972 novel by Robert C. O'Brien,99.84,0.0,1,0,"Washington, D.C.","Washington, D.C.",
"Red, White & Royal Blue","Red, White & Royal Blue",red white & royal blue,novel,2019.0,2019 novel by Casey McQuiston,99.84,0.0,1,0,"Washington, D.C.","Washington, D.C.",
Quartet for the End of Time (novel),Quartet for the End of Time,quartet for the end of time,novel,2014.0,2014 novel by Johanna Skibsrud,99.84,0.0,1,0,"Washington, D.C.","Washington, D.C.",
Down by the River Where the Dead Men Go,Down by the River Where the Dead Men Go,down by the river where the dead men go,novel,1995.0,1995 novel by George Pelecanos,99.84,0.0,1,0,"Washington, D.C.","Washington, D.C.",
Dreadful Sanctuary,Dreadful Sanctuary,dreadful sanctuary,novel,1948.0,1948 novel by Eric Frank Russell,99.84,0.0,1,0,"Washington, D.C.","Washington, D.C.",
The Man Who Came Uptown,The Man Who Came Uptown,man who came uptown,novel,,Twenty-first novel by author George Pelecanos,99.84,0.0,1,0,"Washington, D.C.","Washington, D.C.",
Elusive Isabel,Elusive Isabel,elusive isabel,novel,1909.0,1909 novel by Jacques Futrelle,99.84,0.0,1,0,"Washington, D.C.","Washington, D.C.",
Fail-Safe (novel),Fail-Safe,fail-safe,novel,,Novel by Eugene Burdick and Harvey Wheeler,99.84,0.0,1,0,"Washington, D.C.","Washington, D.C.",
Fifty Degrees Below,Fifty Degrees Below,fifty degrees below,novel,2005.0,2005 novel by Kim Stanley Robinson,99.84,0.0,1,0,"Washington, D.C.","Washington, D.C.",
The First Gentleman (novel),The First Gentleman,first gentleman,novel,2025.0,2025 novel by Bill Clinton and James Patterson,99.84,0.0,1,0,"Washington, D.C.","Washington, D.C.",
Advise and Consent,Advise and Consent,advise and consent,novel,1959.0,1959 novel by Allen Drury,99.84,0.0,1,0,"Washington, D.C.","Washington, D.C.",
An Acquaintance with Darkness,An Acquaintance with Darkness,acquaintance with darkness,novel,1997.0,1997 novel by Ann Rinaldi,99.84,0.0,1,0,"Washington, D.C.","Washington, D.C.",
Absolute Power (novel),Absolute Power,absolute power,novel,1996.0,1996 novel by David Baldacci,99.84,0.0,1,0,"Washington, D.C.","Washington, D.C.",
1862 (novel),1862,1862,novel,2007.0,2007 novel by Robert Conroy,99.84,0.0,1,0,"Washington, D.C.","Washington, D.C.",
The Scarlatti Inheritance,The Scarlatti Inheritance,scarlatti inheritance,novel,1971.0,1971 novel by Robert Ludlum,99.84,0.0,1,0,"Washington, D.C.","Washington, D.C.",
Six Days of the Condor,Six Days of the Condor,six days of the condor,novel,,Novel by James Grady,99.84,0.0,1,0,"Washington, D.C.","Washington, D.C.",
"Marco Polo, If You Can","Marco Polo, If You Can",marco polo if you can,novel,1982.0,"1982 novel by William F. Buckley, Jr.",99.84,0.0,1,0,"Washington, D.C.","Washington, D.C.",
The Man Next Door (novel),The Man Next Door,man next door,novel,1943.0,1943 novel by Mignon G. Eberhart,99.84,0.0,1,0,"Washington, D.C.","Washington, D.C.",
Capital Crimes,Capital Crimes,capital crimes,novel,,Book by Stuart Woods,99.84,0.0,1,0,"Washington, D.C.","Washington, D.C.",
Good as Gold (novel),Good as Gold,good as gold,novel,1979.0,1979 novel by Joseph Heller,99.84,0.0,1,0,"Washington, D.C.","Washington, D.C.",
Shame the Devil,Shame the Devil,shame the devil,novel,1999.0,1999 crime novel written by George Pelecanos,99.84,0.0,1,0,"Washington, D.C.","Washington, D.C.",
Sisters of Isis,Sisters of Isis,sisters of isis,novel,,Book series by Lynne Ewing,99.84,0.0,1,0,"Washington, D.C.","Washington, D.C.",
Grief (novel),Grief,grief,novel,2006.0,2006 novel by Andrew Holleran,99.84,0.0,1,0,"Washington, D.C.","Washington, D.C.",
Hard Revolution,Hard Revolution,hard revolution,novel,2003.0,2003 novel by George Pelecanos,99.84,0.0,1,0,"Washington, D.C.","Washington, D.C.",
Hell to Pay (novel),Hell to Pay,hell to pay,novel,2002.0,2002 crime novel by George Pelecanos,99.84,0.0,1,0,"Washington, D.C.","Washington, D.C.",
The Hellfire Club (novel),The Hellfire Club,hellfire club,novel,2018.0,2018 political novel by Jake Tapper,99.84,0.0,1,0,"Washington, D.C.","Washington, D.C.",
Speak No Evil (Iweala novel),Speak No Evil (Iweala novel),speak no evil iweala novel,novel,2018.0,2018 novel by Uzodinma Iweala,99.84,0.0,1,0,"Washington, D.C.","Washington, D.C.",
Soul Circus (novel),Soul Circus,soul circus,novel,2003.0,2003 crime novel by George Pelecanos,99.84,0.0,1,0,"Washington, D.C.","Washington, D.C.",
Sixty Days and Counting,Sixty Days and Counting,sixty days and counting,novel,,Novel by Kim Stanley Robinson,99.84,0.0,1,0,"Washington, D.C.","Washington, D.C.",
The Cobra (novel),The Cobra,cobra,novel,,Novel by Frederick Forsyth,99.84,0.0,1,0,"Washington, D.C.","Washington, D.C.",
Clotel,Clotel,clotel,novel,,Novel by William Wells Brown,99.84,0.0,1,0,"Washington, D.C.","Washington, D.C.",
Checkpoint (novel),Checkpoint,checkpoint,novel,2004.0,2004 novel,99.84,0.0,1,0,"Washington, D.C.","Washington, D.C.",
The Cardinal of the Kremlin,The Cardinal of the Kremlin,cardinal of the kremlin,novel,1988.0,1988 thriller novel by Tom Clancy,99.84,0.0,1,0,"Washington, D.C.","Washington, D.C.",
"Mark Coffin, U.S.S.","Mark Coffin, U.S.S.",mark coffin u.s.s.,novel,1979.0,1979 novel by Allen Drury,99.84,0.0,1,0,"Washington, D.C.","Washington, D.C.",
Gilda Joyce: The Dead Drop,Gilda Joyce: The Dead Drop,gilda joyce the dead drop,novel,2009.0,2009 book by Jennifer Allison,99.84,0.0,1,0,"Washington, D.C.","Washington, D.C.",
The Golden Age (Vidal novel),The Golden Age (Vidal novel),golden age vidal novel,novel,2000.0,2000 novel by Gore Vidal,99.84,0.0,1,0,"Washington, D.C.","Washington, D.C.",
The Night Gardener,The Night Gardener,night gardener,novel,2006.0,2006 crime novel by George Pelecanos,99.84,0.0,1,0,"Washington, D.C.","Washington, D.C.",
Forty Signs of Rain,Forty Signs of Rain,forty signs of rain,novel,2004.0,2004 hard science fiction novel by Kim Stanley Robinson,99.84,0.0,1,0,"Washington, D.C.","Washington, D.C.",
Nick's Trip,Nick's Trip,nicks trip,novel,1993.0,1993 novel by George Pelecanos,99.84,0.0,1,0,"Washington, D.C.","Washington, D.C.",
The Beautiful Things That Heaven Bears,The Beautiful Things That Heaven Bears,beautiful things that heaven bears,novel,2007.0,2007 novel by Dinaw Mengestu,99.84,0.0,1,0,"Washington, D.C.","Washington, D.C.",
The Big Blowdown,The Big Blowdown,big blowdown,novel,1996.0,1996 novel by George Pelecanos,99.84,0.0,1,0,"Washington, D.C.","Washington, D.C.",
Cane (novel),Cane,cane,novel,1923.0,1923 novel by Jean Toomer,99.84,0.0,1,0,"Washington, D.C.","Washington, D.C.",
A Midsummer's Nightmare (film),A Midsummer's Nightmare,midsummers nightmare,film,2017.0,2017 American thriller film,99.69,99.69,1,1,Midsummer Night's Dream,Midsummer Night's Dream,Midsummer Night's Dream
The Children's Midsummer Night's Dream,The Children's Midsummer Night's Dream,childrens midsummer nights dream,film,2001.0,2001 British film by Christine Edzard,99.69,99.69,1,1,Midsummer Night's Dream,Midsummer Night's Dream,Midsummer Night's Dream
Lords and Ladies (novel),Lords and Ladies,lords and ladies,novel,1992.0,1992 Discworld novel by Terry Pratchett,99.69,99.69,1,1,Midsummer Night's Dream,Midsummer Night's Dream,Midsummer Night's Dream
A Midsummer Night's Gene,A Midsummer Night's Gene,midsummer nights gene,novel,1997.0,1997 novel by Andrew Harman,99.69,99.69,1,1,Midsummer Night's Dream,Midsummer Night's Dream,Midsummer Night's Dream
A Midsummer Night's Dream (2017 film),A Midsummer Night's Dream,midsummer nights dream,film,2017.0,2017 American film,99.69,99.69,1,1,Midsummer Night's Dream,Midsummer Night's Dream,Midsummer Night's Dream
The Iron Fey,The Iron Fey,iron fey,novel,,Book series by Julie Kagawa,99.69,99.69,1,1,Midsummer Night's Dream,Midsummer Night's Dream,Midsummer Night's Dream
Dream of a Summer Night,Dream of a Summer Night,dream of a summer night,film,1983.0,1983 film by Gabriele Salvatores,99.69,99.69,1,1,Midsummer Night's Dream,Midsummer Night's Dream,Midsummer Night's Dream
A Midsummer Night's Dream (1969 film),A Midsummer Night's Dream,midsummer nights dream,film,1969.0,1969 French film,99.69,99.69,1,1,Midsummer Night's Dream,Midsummer Night's Dream,Midsummer Night's Dream
A Midsummer Night's Dream (1968 film),A Midsummer Night's Dream,midsummer nights dream,film,1968.0,1968 film by Peter Hall,99.69,99.69,1,1,Midsummer Night's Dream,Midsummer Night's Dream,Midsummer Night's Dream
A Midsummer Night's Dream (1959 film),A Midsummer Night's Dream,midsummer nights dream,film,1959.0,1959 film,99.69,99.69,1,1,Midsummer Night's Dream,Midsummer Night's Dream,Midsummer Night's Dream
A Midsummer Night's Dream (1935 film),A Midsummer Night's Dream,midsummer nights dream,film,1935.0,1935 film by William Dieterle and Max Reinhardt,99.69,99.69,1,1,Midsummer Night's Dream,Midsummer Night's Dream,Midsummer Night's Dream
A Midsummer Night's Dream (1909 film),A Midsummer Night's Dream,midsummer nights dream,film,1909.0,1909 American film directed by Charles Kent and J. Stuart Blackton,99.69,99.69,1,1,Midsummer Night's Dream,Midsummer Night's Dream,Midsummer Night's Dream
Midsummer Dream,Midsummer Dream,midsummer dream,film,2005.0,2005 film by Ángel de la Cruz,99.69,99.69,1,1,Midsummer Night's Dream,Midsummer Night's Dream,Midsummer Night's Dream
Get Over It (film),Get Over It,get over it,film,2001.0,2001 film by Tommy O'Haver,99.69,99.69,1,1,Midsummer Night's Dream,Midsummer Night's Dream,Midsummer Night's Dream
A Midsummer Night's Dream (1999 film),A Midsummer Night's Dream,midsummer nights dream,film,1999.0,1999 film by Michael Hoffman,99.69,99.69,1,1,Midsummer Night's Dream,Midsummer Night's Dream,Midsummer Night's Dream
A Midsummer Tempest,A Midsummer Tempest,midsummer tempest,novel,1974.0,1974 fantasy novel by Poul Anderson,99.69,99.69,1,1,Midsummer Night's Dream,Midsummer Night's Dream,Midsummer Night's Dream
The Great Night (novel),The Great Night,great night,novel,2011.0,2011 novel by Chris Adrian,99.69,99.69,1,1,Midsummer Night's Dream,Midsummer Night's Dream,Midsummer Night's Dream
Strange Magic (film),Strange Magic,strange magic,film,2015.0,2015 film by Gary Rydstrom,99.69,99.69,1,1,Midsummer Night's Dream,Midsummer Night's Dream,Midsummer Night's Dream
Were the World Mine,Were the World Mine,were the world mine,film,2008.0,2008 American film,99.69,99.69,1,1,Midsummer Night's Dream,Midsummer Night's Dream,Midsummer Night's Dream
Wood Love,Wood Love,wood love,film,1925.0,1925 film by Hans Neumann,99.69,99.69,1,1,Midsummer Night's Dream,Midsummer Night's Dream,Midsummer Night's Dream
A Midsummer Night's Rave,A Midsummer Night's Rave,midsummer nights rave,film,2002.0,2002 American film by Gil Cates Jr.,99.69,99.69,1,1,Midsummer Night's Dream,Midsummer Night's Dream,Midsummer Night's Dream
A Midsummer's Nightmare (novel),A Midsummer's Nightmare,midsummers nightmare,novel,1997.0,1997 novel by Garry Kilworth,99.69,99.69,1,1,Midsummer Night's Dream,Midsummer Night's Dream,Midsummer Night's Dream
A Caribbean Dream,A Caribbean Dream,caribbean dream,film,2017.0,2017 romantic comedy film,99.69,99.69,1,1,Midsummer Night's Dream,Midsummer Night's Dream,Midsummer Night's Dream
Captain Caution,Captain Caution,captain caution,film,1940.0,1940 film,99.66,99.66,1,1,War of 1812,War of 1812,War of 1812
Mohawk (2017 film),Mohawk,mohawk,film,2017.0,2017 American film,99.66,99.66,1,1,War of 1812,War of 1812,War of 1812
Mutiny (1952 film),Mutiny,mutiny,film,1952.0,1952 film by Edward Dmytryk,99.66,99.66,1,1,War of 1812,War of 1812,War of 1812
Last of the Buccaneers,Last of the Buccaneers,last of the buccaneers,film,1950.0,1950 film by Lew Landers,99.66,99.66,1,1,War of 1812,War of 1812,War of 1812
Old Ironsides (film),Old Ironsides,old ironsides,film,1926.0,1926 film by James Cruze,99.66,99.66,1,1,War of 1812,War of 1812,War of 1812
Brave Warrior,Brave Warrior,brave warrior,film,1952.0,1952 film,99.66,99.66,1,1,War of 1812,War of 1812,War of 1812
Tecumseh (film),Tecumseh,tecumseh,film,1972.0,1972 German western film,99.66,99.66,1,1,War of 1812,War of 1812,War of 1812
Cat Chaser,Cat Chaser,cat chaser,film,1989.0,1989 film by Abel Ferrara,99.47,0.0,1,0,Dominican Republic,Dominican Republic,
Road to the Big Leagues,Road to the Big Leagues,road to the big leagues,film,2007.0,2007 American film,99.47,0.0,1,0,Dominican Republic,Dominican Republic,
The Price of Sugar (2007 film),The Price of Sugar,price of sugar,film,2007.0,2007 film,99.47,0.0,1,0,Dominican Republic,Dominican Republic,
El Tiburón,El Tiburón,el tiburon,film,2024.0,2024 Dominican Republic film,99.47,0.0,1,0,Dominican Republic,Dominican Republic,
Carlota the Most Neighborhood-Like,Carlota the Most Neighborhood-Like,carlota the most neighborhood-like,film,2025.0,2025 Dominican Republic film,99.47,0.0,1,0,Dominican Republic,Dominican Republic,
Sugar Island (film),Sugar Island,sugar island,film,2024.0,2024 Dominican Republic film,99.47,0.0,1,0,Dominican Republic,Dominican Republic,
Chicken Park,Chicken Park,chicken park,film,1996.0,1996 Italian film,99.47,0.0,1,0,Dominican Republic,Dominican Republic,
Erotic Nights of the Living Dead,Erotic Nights of the Living Dead,erotic nights of the living dead,film,1980.0,1980 Italian film,99.47,0.0,1,0,Dominican Republic,Dominican Republic,
The Tomorrow War,The Tomorrow War,tomorrow war,film,2021.0,2021 American science fiction film,99.47,0.0,1,0,Dominican Republic,Dominican Republic,
Los Bandoleros (film),Los Bandoleros,los bandoleros,film,2009.0,2009 American film,99.47,0.0,1,0,Dominican Republic,Dominican Republic,
Trópico de sangre,Trópico de sangre,tropico de sangre,film,2010.0,2010 Dominican Republic film,99.47,0.0,1,0,Dominican Republic,Dominican Republic,
Candela (film),Candela,candela,film,2021.0,2021 Dominican Republic film,99.47,0.0,1,0,Dominican Republic,Dominican Republic,
The Dictator's Guns,The Dictator's Guns,dictators guns,film,1965.0,1965 French film,99.47,0.0,1,0,Dominican Republic,Dominican Republic,
Veneno (film),Veneno,veneno,film,2018.0,2018 Dominican Republic wrestling film,99.47,0.0,1,0,Dominican Republic,Dominican Republic,
Treasure Hunters (2024 film),Treasure Hunters,treasure hunters,film,2024.0,2024 Dominican Republic film,99.47,0.0,1,0,Dominican Republic,Dominican Republic,
Olivia & the Clouds,Olivia & the Clouds,olivia & the clouds,film,2024.0,2024 animated film,99.47,0.0,1,0,Dominican Republic,Dominican Republic,
Papi (2020 film),Papi,papi,film,2020.0,2020 Dominican Republic film,99.47,0.0,1,0,Dominican Republic,Dominican Republic,
Fast & Furious (2009 film),Fast & Furious,fast & furious,film,2009.0,2009 film by Justin Lin,99.47,0.0,1,0,Dominican Republic,Dominican Republic,
Extraordinary Women,Extraordinary Women,extraordinary women,film,2009.0,2009 Dominican Republic film,99.47,0.0,1,0,Dominican Republic,Dominican Republic,
The Silence of Marcos Tremmer,The Silence of Marcos Tremmer,silence of marcos tremmer,film,2024.0,2024 Spanish film,99.47,0.0,1,0,Dominican Republic,Dominican Republic,
Samana Sunrise,Samana Sunrise,samana sunrise,film,2024.0,2024 film,99.47,0.0,1,0,Dominican Republic,Dominican Republic,
Sesso nero,Sesso nero,sesso nero,film,1980.0,1980 Italian film,99.47,0.0,1,0,Dominican Republic,Dominican Republic,
Sugar (2008 film),Sugar,sugar,film,2008.0,American film,99.47,0.0,1,0,Dominican Republic,Dominican Republic,
Welcome to Paradise (film),Welcome to Paradise,welcome to paradise,film,2024.0,2024 Peruvian film,99.47,0.0,1,0,Dominican Republic,Dominican Republic,
XXX: Return of Xander Cage,XXX: Return of Xander Cage,xxx return of xander cage,film,2017.0,2017 American thriller film by D. J. Caruso,99.47,0.0,1,0,Dominican Republic,Dominican Republic,
The Galíndez File,The Galíndez File,galindez file,film,2003.0,2003 Spanish film,99.47,0.0,1,0,Dominican Republic,Dominican Republic,
In the Time of the Butterflies (film),In the Time of the Butterflies,in the time of the butterflies,film,2001.0,2001 film by Mariano Barroso,99.47,0.0,1,0,Dominican Republic,Dominican Republic,
The Killer (2023 film),The Killer,killer,film,2023.0,2023 film by David Fincher,99.47,0.0,1,0,Dominican Republic,Dominican Republic,
The Fisherman's Daughter,The Fisherman's Daughter,fishermans daughter,film,2023.0,2023 Colombian film,99.47,0.0,1,0,Dominican Republic,Dominican Republic,
The Method (2023 film),The Method,method,film,2023.0,2023 Dominican Republic film,99.47,0.0,1,0,Dominican Republic,Dominican Republic,
Pérez Rodríguez,Pérez Rodríguez,perez rodriguez,film,2024.0,2024 Dominican Republic film,99.47,0.0,1,0,Dominican Republic,Dominican Republic,
La soga,La soga,la soga,film,2009.0,2009 Dominican Republic film,99.47,0.0,1,0,Dominican Republic,Dominican Republic,
You Made Me Love You (film),You Made Me Love You,you made me love you,film,1933.0,1933 film by Monty Banks,99.46,99.46,1,1,Taming of the Shrew,Taming of the Shrew,Taming of the Shrew
Pattikada Pattanama,Pattikada Pattanama,pattikada pattanama,film,1972.0,1972 film by P. Madhavan,99.46,99.46,1,1,Taming of the Shrew,Taming of the Shrew,Taming of the Shrew
Nanjundi Kalyana,Nanjundi Kalyana,nanjundi kalyana,film,1989.0,1989 Indian film,99.46,99.46,1,1,Taming of the Shrew,Taming of the Shrew,Taming of the Shrew
Banarasi Babu (1997 film),Banarasi Babu,banarasi babu,film,1997.0,1997 Indian film,99.46,99.46,1,1,Taming of the Shrew,Taming of the Shrew,Taming of the Shrew
McLintock!,McLintock!,mclintock,film,1963.0,1963 film by Andrew V. McLaglen,99.46,99.46,1,1,Taming of the Shrew,Taming of the Shrew,Taming of the Shrew
Manithan Maravillai,Manithan Maravillai,manithan maravillai,film,1962.0,1962 film by Aluri Chakrapani,99.46,99.46,1,1,Taming of the Shrew,Taming of the Shrew,Taming of the Shrew
Kiss Me Kate (film),Kiss Me Kate,kiss me kate,film,1953.0,1953 film by George Sidney,99.46,99.46,1,1,Taming of the Shrew,Taming of the Shrew,Taming of the Shrew
Isi Life Mein...!,Isi Life Mein...!,isi life mein...,film,2010.0,2010 Indian film,99.46,99.46,1,1,Taming of the Shrew,Taming of the Shrew,Taming of the Shrew
Gundamma Katha,Gundamma Katha,gundamma katha,film,1962.0,1962 film directed by Kamalakara Kameswara Rao,99.46,99.46,1,1,Taming of the Shrew,Taming of the Shrew,Taming of the Shrew
Daring Youth,Daring Youth,daring youth,film,1924.0,1924 silent film by William Beaudine,99.46,99.46,1,1,Taming of the Shrew,Taming of the Shrew,Taming of the Shrew
The Taming of the Scoundrel,The Taming of the Scoundrel,taming of the scoundrel,film,1980.0,1980 Italian film,99.46,99.46,1,1,Taming of the Shrew,Taming of the Shrew,Taming of the Shrew
The Taming of the Shrew (1929 film),The Taming of the Shrew,taming of the shrew,film,1929.0,1929 film,99.46,99.46,1,1,Taming of the Shrew,Taming of the Shrew,Taming of the Shrew
The Taming of the Shrew (1942 film),The Taming of the Shrew,taming of the shrew,film,1942.0,1942 film,99.46,99.46,1,1,Taming of the Shrew,Taming of the Shrew,Taming of the Shrew
Frivolous Wife,Frivolous Wife,frivolous wife,film,2008.0,2008 South Korean film,99.46,99.46,1,1,Taming of the Shrew,Taming of the Shrew,Taming of the Shrew
Deliver Us from Eva,Deliver Us from Eva,deliver us from eva,film,2003.0,2003 film directed by Gary Hardwick,99.46,99.46,1,1,Taming of the Shrew,Taming of the Shrew,Taming of the Shrew
The Cutting Edge,The Cutting Edge,cutting edge,film,1992.0,1992 film by Paul Michael Glaser,99.46,99.46,1,1,Taming of the Shrew,Taming of the Shrew,Taming of the Shrew
Kate - la bisbetica domata,Kate - la bisbetica domata,kate - la bisbetica domata,film,2004.0,2004 Italian film,99.46,99.46,1,1,Taming of the Shrew,Taming of the Shrew,Taming of the Shrew
Arivaali,Arivaali,arivaali,film,1963.0,1963 Indian film,99.46,99.46,1,1,Taming of the Shrew,Taming of the Shrew,Taming of the Shrew
Abba Aa Hudugi,Abba Aa Hudugi,abba aa hudugi,film,1959.0,1959 film,99.46,99.46,1,1,Taming of the Shrew,Taming of the Shrew,Taming of the Shrew
10 Things I Hate About You,10 Things I Hate About You,10 things i hate about you,film,1999.0,1999 film by Gil Junger,99.46,99.46,1,1,Taming of the Shrew,Taming of the Shrew,Taming of the Shrew
The Taming of the Shrewd,The Taming of the Shrewd,taming of the shrewd,film,2022.0,2022 Polish film,99.46,99.46,1,1,Taming of the Shrew,Taming of the Shrew,Taming of the Shrew
The Taming of the Shrew (1967 film),The Taming of the Shrew,taming of the shrew,film,1967.0,1967 film by Franco Zeffirelli,99.46,99.46,1,1,Taming of the Shrew,Taming of the Shrew,Taming of the Shrew
Second Best Bed,Second Best Bed,second best bed,film,1938.0,1938 British film,99.46,99.46,1,1,Taming of the Shrew,Taming of the Shrew,Taming of the Shrew
This Bloody Blundering Business,This Bloody Blundering Business,this bloody blundering business,film,1971.0,1971 American film,99.26,99.26,1,1,Spanish-American War,Spanish-American War,Spanish-American War
End of the Trail (1936 film),End of the Trail,end of the trail,film,1936.0,1936 film by Erle C. Kenton,99.26,99.26,1,1,Spanish-American War,Spanish-American War,Spanish-American War
Flibustierowie,Flibustierowie,flibustierowie,novel,,Adventure novel by Władysław Umiński,99.26,99.26,1,1,Spanish-American War,Spanish-American War,Spanish-American War
Baler (film),Baler,baler,film,2008.0,2008 Filipino film,99.26,99.26,1,1,Spanish-American War,Spanish-American War,Spanish-American War
Across the Pacific (1926 film),Across the Pacific,across the pacific,film,1926.0,1926 film,99.26,99.26,1,1,Spanish-American War,Spanish-American War,Spanish-American War
"1898, Our Last Men in the Philippines","1898, Our Last Men in the Philippines",1898 our last men in the philippines,film,2016.0,2016 film,99.26,99.26,1,1,Spanish-American War,Spanish-American War,Spanish-American War
Last Stand in the Philippines,Last Stand in the Philippines,last stand in the philippines,film,1945.0,1945 Spanish war film directed by Antonio Román,99.26,99.26,1,1,Spanish-American War,Spanish-American War,Spanish-American War
The Rough Riders (film),The Rough Riders,rough riders,film,1927.0,1927 film by Victor Fleming,99.26,99.26,1,1,Spanish-American War,Spanish-American War,Spanish-American War
Masters of Men,Masters of Men,masters of men,film,1923.0,1923 film,99.26,99.26,1,1,Spanish-American War,Spanish-American War,Spanish-American War
The Mystery of the Sea,The Mystery of the Sea,mystery of the sea,novel,1902.0,1902 novel by Bram Stoker,99.26,99.26,1,1,Spanish-American War,Spanish-American War,Spanish-American War
A Message to Garcia (film),A Message to Garcia,message to garcia,film,1936.0,1936 film by George Marshall,99.26,99.26,1,1,Spanish-American War,Spanish-American War,Spanish-American War
Cuba Libre (novel),Cuba Libre,cuba libre,novel,1998.0,1998 historical novel by Elmore Leonard,99.26,99.26,1,1,Spanish-American War,Spanish-American War,Spanish-American War
Rough Riders (miniseries),Rough Riders (miniseries),rough riders miniseries,film,1997.0,1997 film directed by John Milius,99.26,99.26,1,1,Spanish-American War,Spanish-American War,Spanish-American War
Santiago (1956 film),Santiago,santiago,film,1956.0,1956 film by Gordon Douglas,99.26,99.26,1,1,Spanish-American War,Spanish-American War,Spanish-American War
Beastly (film),Beastly,beastly,film,2011.0,2011 American film,99.08,0.0,1,0,Beauty and the Beast,Beauty and the Beast,
Spike (2008 film),Spike,spike,film,2008.0,2008 American horror film,99.08,0.0,1,0,Beauty and the Beast,Beauty and the Beast,
Little Miss Perfect (film),Little Miss Perfect,little miss perfect,film,2016.0,2016 American film,99.08,0.0,1,0,Beauty and the Beast,Beauty and the Beast,
He's a Dragon,He's a Dragon,hes a dragon,film,2015.0,2015 Russian film,99.08,0.0,1,0,Beauty and the Beast,Beauty and the Beast,
The Quantum Rose,The Quantum Rose,quantum rose,novel,2000.0,2000 novel by Catherine Asaro,99.08,0.0,1,0,Beauty and the Beast,Beauty and the Beast,
The Scarlet Flower (1977 film),The Scarlet Flower,scarlet flower,film,1977.0,1977 Soviet film,99.08,0.0,1,0,Beauty and the Beast,Beauty and the Beast,
Beauty: A Retelling of the Story of Beauty and the Beast,Beauty: A Retelling of the Story of Beauty and the Beast,beauty a retelling of the story of beauty and the beast,novel,1978.0,1978 novel by Robin McKinley,99.08,0.0,1,0,Beauty and the Beast,Beauty and the Beast,
Lord of Scoundrels,Lord of Scoundrels,lord of scoundrels,novel,,Book by Loretta Chase,99.08,0.0,1,0,Beauty and the Beast,Beauty and the Beast,
Hitler: A Film from Germany,Hitler: A Film from Germany,hitler a film from germany,film,1977.0,1977 Franco-British-German experimental film,99.06,0.0,1,0,Adolf Hitler,Adolf Hitler,
Plotting Hitler's Death,Plotting Hitler's Death,plotting hitlers death,novel,1994.0,1994 book by Joachim Fest,99.06,0.0,1,0,Adolf Hitler,Adolf Hitler,
The Pink Swastika,The Pink Swastika,pink swastika,novel,1995.0,1995 book by Scott Lively and Kevin Abrams,99.06,0.0,1,0,Adolf Hitler,Adolf Hitler,
The Mind of Adolf Hitler,The Mind of Adolf Hitler,mind of adolf hitler,novel,1972.0,1972 book by Walter Charles Langer,99.06,0.0,1,0,Adolf Hitler,Adolf Hitler,
Flesh Feast (film),Flesh Feast,flesh feast,film,1970.0,1970 film by Brad F. Grinter,99.06,0.0,1,0,Adolf Hitler,Adolf Hitler,
Dreamland (2007 film),Dreamland,dreamland,film,2007.0,2007 American film,99.06,0.0,1,0,Adolf Hitler,Adolf Hitler,
Blitz Wolf,Blitz Wolf,blitz wolf,film,1942.0,1942 film,99.06,0.0,1,0,Adolf Hitler,Adolf Hitler,
Blubberella,Blubberella,blubberella,film,2011.0,2011 film,99.06,0.0,1,0,Adolf Hitler,Adolf Hitler,
Bosko's Picture Show,Bosko's Picture Show,boskos picture show,film,1933.0,1933 film,99.06,0.0,1,0,Adolf Hitler,Adolf Hitler,
Downfall (2004 film),Downfall,downfall,film,2004.0,2004 film by Oliver Hirschbiegel,99.06,0.0,1,0,Adolf Hitler,Adolf Hitler,
Moloch (1999 film),Moloch,moloch,film,1999.0,1999 Russian film,99.06,0.0,1,0,Adolf Hitler,Adolf Hitler,
Hitler – Dead or Alive,Hitler – Dead or Alive,hitler – dead or alive,film,1942.0,1942 film by Nick Grinde,99.06,0.0,1,0,Adolf Hitler,Adolf Hitler,
Hitler (1962 film),Hitler,hitler,film,1962.0,Film by Stuart Heisler,99.06,0.0,1,0,Adolf Hitler,Adolf Hitler,
Higher Than a Kite,Higher Than a Kite,higher than a kite,film,1943.0,1943 film by Del Lord,99.06,0.0,1,0,Adolf Hitler,Adolf Hitler,
Hell-Bent for Election,Hell-Bent for Election,hell-bent for election,film,1944.0,1944 film,99.06,0.0,1,0,Adolf Hitler,Adolf Hitler,
Jojo Rabbit,Jojo Rabbit,jojo rabbit,film,2019.0,2019 film by Taika Waititi,99.06,0.0,1,0,Adolf Hitler,Adolf Hitler,
Is Paris Burning? (film),Is Paris Burning?,is paris burning,film,1966.0,1966 war film by René Clément,99.06,0.0,1,0,Adolf Hitler,Adolf Hitler,
Order of the Black Eagle (film),Order of the Black Eagle,order of the black eagle,film,1987.0,1987 film,99.06,0.0,1,0,Adolf Hitler,Adolf Hitler,
One Hundred Years of Evil,One Hundred Years of Evil,one hundred years of evil,film,2010.0,2010 Swedish film,99.06,0.0,1,0,Adolf Hitler,Adolf Hitler,
Olga (2004 film),Olga,olga,film,2004.0,2004 film by Jayme Monjardim,99.06,0.0,1,0,Adolf Hitler,Adolf Hitler,
Battle of Moscow (film),Battle of Moscow,battle of moscow,film,1985.0,1985 Soviet film,99.06,0.0,1,0,Adolf Hitler,Adolf Hitler,
Nutty News,Nutty News,nutty news,film,1942.0,1942 American film,99.06,0.0,1,0,Adolf Hitler,Adolf Hitler,
Hitler's Folly,Hitler's Folly,hitlers folly,film,2016.0,2016 American film,99.06,0.0,1,0,Adolf Hitler,Adolf Hitler,
Hitler's Reign of Terror,Hitler's Reign of Terror,hitlers reign of terror,film,1934.0,1934 American film,99.06,0.0,1,0,Adolf Hitler,Adolf Hitler,
The Boys in the Boat (film),The Boys in the Boat,boys in the boat,film,2023.0,2023 American film by George Clooney,99.06,0.0,1,0,Adolf Hitler,Adolf Hitler,
Bring Me the Head of Charlie Brown,Bring Me the Head of Charlie Brown,bring me the head of charlie brown,film,1986.0,1986 film by Jim Reardon,99.06,0.0,1,0,Adolf Hitler,Adolf Hitler,
Inside Hitler's Bunker,Inside Hitler's Bunker,inside hitlers bunker,novel,2002.0,2002 book by Joachim Fest,99.06,0.0,1,0,Adolf Hitler,Adolf Hitler,
Hold Ye Front Page,Hold Ye Front Page,hold ye front page,novel,,Book series published by The Sun,99.06,0.0,1,0,Adolf Hitler,Adolf Hitler,
The Meaning of Hitler,The Meaning of Hitler,meaning of hitler,novel,1978.0,1978 book by Raimund Pretzel,99.06,0.0,1,0,Adolf Hitler,Adolf Hitler,
Hitlerland,Hitlerland,hitlerland,novel,2012.0,2012 book by Andrew Nagorski,99.06,0.0,1,0,Adolf Hitler,Adolf Hitler,
Hitler's War,Hitler's War,hitlers war,novel,1977.0,1977 book by David Irving,99.06,0.0,1,0,Adolf Hitler,Adolf Hitler,
Back from the Front,Back from the Front,back from the front,film,1943.0,1943 film by Jules White,99.06,0.0,1,0,Adolf Hitler,Adolf Hitler,
Ambassada,Ambassada,ambassada,film,2013.0,2013 Polish film,99.06,0.0,1,0,Adolf Hitler,Adolf Hitler,
Attack on Leningrad,Attack on Leningrad,attack on leningrad,film,2009.0,2009 British film,99.06,0.0,1,0,Adolf Hitler,Adolf Hitler,
The Reich Chancellery and Führerbunker Complex,The Reich Chancellery and Führerbunker Complex,reich chancellery and fuhrerbunker complex,novel,2006.0,2006 book by Steven Lehrer,99.06,0.0,1,0,Adolf Hitler,Adolf Hitler,
The Empty Mirror,The Empty Mirror,empty mirror,film,1996.0,1996 American film,99.06,0.0,1,0,Adolf Hitler,Adolf Hitler,
The Storm of War,The Storm of War,storm of war,novel,2009.0,2009 book by Andrew Roberts,99.06,0.0,1,0,Adolf Hitler,Adolf Hitler,
Nazis at the Center of the Earth,Nazis at the Center of the Earth,nazis at the center of the earth,film,2012.0,2012 American science fiction war film,99.06,0.0,1,0,Adolf Hitler,Adolf Hitler,
My Neighbor Adolf,My Neighbor Adolf,my neighbor adolf,film,2022.0,2022 film,99.06,0.0,1,0,Adolf Hitler,Adolf Hitler,
My Führer – The Really Truest Truth about Adolf Hitler,My Führer – The Really Truest Truth about Adolf Hitler,my fuhrer – the really truest truth about adolf hitler,film,2007.0,2007 German comedy-drama film,99.06,0.0,1,0,Adolf Hitler,Adolf Hitler,
Munich – The Edge of War,Munich – The Edge of War,munich – the edge of war,film,2021.0,2021 period spy thriller film by Christian Schwochow,99.06,0.0,1,0,Adolf Hitler,Adolf Hitler,
Mu. Po. Bombilwaadi,Mu. Po. Bombilwaadi,mu. po. bombilwaadi,film,2025.0,2025 film by Paresh Mokashi,99.06,0.0,1,0,Adolf Hitler,Adolf Hitler,
Max (2002 film),Max,max,film,2002.0,2002 film by Menno Meyjes,99.06,0.0,1,0,Adolf Hitler,Adolf Hitler,
The Man Who Killed Hitler and Then the Bigfoot,The Man Who Killed Hitler and Then the Bigfoot,man who killed hitler and then the bigfoot,film,2018.0,2018 American adventure drama film,99.06,0.0,1,0,Adolf Hitler,Adolf Hitler,
Man Hunt (1941 film),Man Hunt,man hunt,film,1941.0,1941 film by Fritz Lang,99.06,0.0,1,0,Adolf Hitler,Adolf Hitler,
Hitler's Letters and Notes,Hitler's Letters and Notes,hitlers letters and notes,novel,,Book by Werner Maser,99.06,0.0,1,0,Adolf Hitler,Adolf Hitler,
Hitler: Memoirs of a Confidant,Hitler: Memoirs of a Confidant,hitler memoirs of a confidant,novel,,Book by Otto Wagener,99.06,0.0,1,0,Adolf Hitler,Adolf Hitler,
Hitler: A Study in Tyranny,Hitler: A Study in Tyranny,hitler a study in tyranny,novel,1952.0,1952 book by Alan Bullock,99.06,0.0,1,0,Adolf Hitler,Adolf Hitler,
Stopped at Stalingrad,Stopped at Stalingrad,stopped at stalingrad,novel,1998.0,1998 book by Joel Hayward,99.06,0.0,1,0,Adolf Hitler,Adolf Hitler,
Daffy – The Commando,Daffy – The Commando,daffy – the commando,film,1943.0,1943 film by Friz Freleng,99.06,0.0,1,0,Adolf Hitler,Adolf Hitler,
Conversation with the Beast,Conversation with the Beast,conversation with the beast,film,1996.0,1996 German film,99.06,0.0,1,0,Adolf Hitler,Adolf Hitler,
Countdown to War,Countdown to War,countdown to war,film,1989.0,1989 film,99.06,0.0,1,0,Adolf Hitler,Adolf Hitler,
Ace of Aces (1982 film),Ace of Aces,ace of aces,film,1982.0,1982 French film,99.06,0.0,1,0,Adolf Hitler,Adolf Hitler,
Adolf Hitler: The Greatest Story Never Told,Adolf Hitler: The Greatest Story Never Told,adolf hitler the greatest story never told,film,2013.0,2013 film,99.06,0.0,1,0,Adolf Hitler,Adolf Hitler,
Hitler and the Occult,Hitler and the Occult,hitler and the occult,novel,1995.0,1995 book by Ken Anderson,99.06,0.0,1,0,Adolf Hitler,Adolf Hitler,
The Hitler Book,The Hitler Book,hitler book,novel,2005.0,2005 book edited by Matthias Uhl and Henrik Eberle,99.06,0.0,1,0,Adolf Hitler,Adolf Hitler,
Hitler (Ullrich books),Hitler (Ullrich books),hitler ullrich books,novel,,2-volume book collection by Volker Ullrich,99.06,0.0,1,0,Adolf Hitler,Adolf Hitler,
The Hidden Hitler,The Hidden Hitler,hidden hitler,novel,2001.0,2001 book by Lothar Machtan,99.06,0.0,1,0,Adolf Hitler,Adolf Hitler,
The German War,The German War,german war,novel,,Book by Nicholas Stargardt,99.06,0.0,1,0,Adolf Hitler,Adolf Hitler,
Hitler and Stalin: Parallel Lives,Hitler and Stalin: Parallel Lives,hitler and stalin parallel lives,novel,1991.0,1991 book by Alan Bullock,99.06,0.0,1,0,Adolf Hitler,Adolf Hitler,
From Darwin to Hitler,From Darwin to Hitler,from darwin to hitler,novel,2002.0,2002 book by Richard Weikart,99.06,0.0,1,0,Adolf Hitler,Adolf Hitler,
Explaining Hitler,Explaining Hitler,explaining hitler,novel,1998.0,1998 book by Ron Rosenbaum,99.06,0.0,1,0,Adolf Hitler,Adolf Hitler,
The Death of Adolf Hitler,The Death of Adolf Hitler,death of adolf hitler,novel,1968.0,1968 book by Lev Bezymenski,99.06,0.0,1,0,Adolf Hitler,Adolf Hitler,
"The End: Hitler's Germany, 1944–45","The End: Hitler's Germany, 1944–45",end hitlers germany 1944–45,novel,,Book by Ian Kershaw,99.06,0.0,1,0,Adolf Hitler,Adolf Hitler,
"Churchill, Hitler, and the Unnecessary War","Churchill, Hitler, and the Unnecessary War",churchill hitler and the unnecessary war,novel,2008.0,2008 book by Pat Buchanan,99.06,0.0,1,0,Adolf Hitler,Adolf Hitler,
The Bunker (book),The Bunker,bunker,novel,,Book by James P. O'Donnell,99.06,0.0,1,0,Adolf Hitler,Adolf Hitler,
Who Killed Hitler?,Who Killed Hitler?,who killed hitler,novel,1947.0,1947 book,99.06,0.0,1,0,Adolf Hitler,Adolf Hitler,
Unmasked: Two Confidential Interviews with Hitler in 1931,Unmasked: Two Confidential Interviews with Hitler in 1931,unmasked two confidential interviews with hitler in 1931,novel,1968.0,1968 book by Richard Breiting,99.06,0.0,1,0,Adolf Hitler,Adolf Hitler,
Little Nicky,Little Nicky,little nicky,film,2000.0,2000 film by Steven Brill,99.06,0.0,1,0,Adolf Hitler,Adolf Hitler,
The Last Ten Days,The Last Ten Days,last ten days,film,1955.0,1955 film,99.06,0.0,1,0,Adolf Hitler,Adolf Hitler,
Kung Fury 2,Kung Fury 2,kung fury 2,film,,Upcoming American comedy film by David Sandberg,99.06,0.0,1,0,Adolf Hitler,Adolf Hitler,
A Kitten for Hitler,A Kitten for Hitler,kitten for hitler,film,2007.0,2007 American film,99.06,0.0,1,0,Adolf Hitler,Adolf Hitler,
Jungle Drums,Jungle Drums,jungle drums,film,1943.0,1943 film,99.06,0.0,1,0,Adolf Hitler,Adolf Hitler,
Until the Final Hour,Until the Final Hour,until the final hour,novel,2002.0,2002 book by Traudl Junge,99.06,0.0,1,0,Adolf Hitler,Adolf Hitler,
The Desert Fox: The Story of Rommel,The Desert Fox: The Story of Rommel,desert fox the story of rommel,film,1951.0,1951 film by Henry Hathaway,99.06,0.0,1,0,Adolf Hitler,Adolf Hitler,
Day of Freedom: Our Armed Forces,Day of Freedom: Our Armed Forces,day of freedom our armed forces,film,1935.0,1935 German film,99.06,0.0,1,0,Adolf Hitler,Adolf Hitler,
Indiana Jones and the Last Crusade,Indiana Jones and the Last Crusade,indiana jones and the last crusade,film,1989.0,1989 film by Steven Spielberg,99.06,0.0,1,0,Adolf Hitler,Adolf Hitler,
Hitler: The Last Ten Days,Hitler: The Last Ten Days,hitler the last ten days,film,1973.0,1973 British film,99.06,0.0,1,0,Adolf Hitler,Adolf Hitler,
Hitler Goes Kaput!,Hitler Goes Kaput!,hitler goes kaput,film,2008.0,2008 Russian film,99.06,0.0,1,0,Adolf Hitler,Adolf Hitler,
The Hitler Gang,The Hitler Gang,hitler gang,film,1944.0,1944 film by John Farrow,99.06,0.0,1,0,Adolf Hitler,Adolf Hitler,
Hitler Sites,Hitler Sites,hitler sites,novel,,Book by Steven Lehrer,99.06,0.0,1,0,Adolf Hitler,Adolf Hitler,
Loose Cannons (1990 film),Loose Cannons,loose cannons,film,1990.0,1990 film by Bob Clark,99.06,0.0,1,0,Adolf Hitler,Adolf Hitler,
Look Who's Back (film),Look Who's Back,look whos back,film,2015.0,2015 German film directed by David Wnendt,99.06,0.0,1,0,Adolf Hitler,Adolf Hitler,
LOLA (film),LOLA,lola,film,2022.0,2022 Irish film by Andrew Legge,99.06,0.0,1,0,Adolf Hitler,Adolf Hitler,
Fullmetal Alchemist the Movie: Conqueror of Shamballa,Fullmetal Alchemist the Movie: Conqueror of Shamballa,fullmetal alchemist the movie conqueror of shamballa,film,2005.0,2005 film by Seiji Mizushima,99.06,0.0,1,0,Adolf Hitler,Adolf Hitler,
Goebbels und Geduldig,Goebbels und Geduldig,goebbels und geduldig,film,2001.0,2001 film by Kai Wessel,99.06,0.0,1,0,Adolf Hitler,Adolf Hitler,
Battle of Britain (film),Battle of Britain,battle of britain,film,1969.0,1969 WWII film by Guy Hamilton,99.06,0.0,1,0,Adolf Hitler,Adolf Hitler,
The Magic Face,The Magic Face,magic face,film,1951.0,1951 film,99.06,0.0,1,0,Adolf Hitler,Adolf Hitler,
The Darling of Paris,The Darling of Paris,darling of paris,film,1917.0,1917 film by J. Gordon Edwards starring Theda Bara and Glen White,98.94,98.94,1,1,Hunchback of Notre Dame,Hunchback of Notre Dame,Hunchback of Notre Dame
Esmeralda (1905 film),Esmeralda,esmeralda,film,1905.0,1905 French film,98.94,98.94,1,1,Hunchback of Notre Dame,Hunchback of Notre Dame,Hunchback of Notre Dame
The Hunchback of Notre Dame (1923 film),The Hunchback of Notre Dame,hunchback of notre dame,film,1923.0,1923 film by Wallace Worsley,98.94,98.94,1,1,Hunchback of Notre Dame,Hunchback of Notre Dame,Hunchback of Notre Dame
The Hunchback of Notre Dame (1911 film),The Hunchback of Notre Dame,hunchback of notre dame,film,1911.0,1911 French film,98.94,98.94,1,1,Hunchback of Notre Dame,Hunchback of Notre Dame,Hunchback of Notre Dame
Quasi (film),Quasi,quasi,film,2023.0,2023 film by Kevin Heffernan,98.94,98.94,1,1,Hunchback of Notre Dame,Hunchback of Notre Dame,Hunchback of Notre Dame
Quasimodo d'El Paris,Quasimodo d'El Paris,quasimodo del paris,film,1999.0,1999 French film,98.94,98.94,1,1,Hunchback of Notre Dame,Hunchback of Notre Dame,Hunchback of Notre Dame
The Hunchback of Notre Dame (1956 film),The Hunchback of Notre Dame,hunchback of notre dame,film,1956.0,1956 film,98.94,98.94,1,1,Hunchback of Notre Dame,Hunchback of Notre Dame,Hunchback of Notre Dame
The Hunchback of Notre Dame (1939 film),The Hunchback of Notre Dame,hunchback of notre dame,film,1939.0,1939 film by William Dieterle,98.94,98.94,1,1,Hunchback of Notre Dame,Hunchback of Notre Dame,Hunchback of Notre Dame
Esmeralda (1922 film),Esmeralda,esmeralda,film,1922.0,1922 film,98.94,98.94,1,1,Hunchback of Notre Dame,Hunchback of Notre Dame,Hunchback of Notre Dame
Big Man on Campus,Big Man on Campus,big man on campus,film,1989.0,1989 American film,98.94,98.94,1,1,Hunchback of Notre Dame,Hunchback of Notre Dame,Hunchback of Notre Dame
The Hunchback of Notre Dame II,The Hunchback of Notre Dame II,hunchback of notre dame ii,film,2002.0,2002 American film,98.94,98.94,1,1,Hunchback of Notre Dame,Hunchback of Notre Dame,Hunchback of Notre Dame
The Hunchback of Notre Dame (1986 film),The Hunchback of Notre Dame,hunchback of notre dame,film,1986.0,1986 Australian film,98.94,98.94,1,1,Hunchback of Notre Dame,Hunchback of Notre Dame,Hunchback of Notre Dame
The Giant (1938 film),The Giant,giant,film,1938.0,1938 Japanese film,98.65,0.0,1,0,Les Misérables,Les Misérables,
Gnana Oli,Gnana Oli,gnana oli,film,1972.0,1972 film by P. Madhavan,98.65,0.0,1,0,Les Misérables,Les Misérables,
Kundan (film),Kundan,kundan,film,1955.0,1955 Indian film,98.65,0.0,1,0,Les Misérables,Les Misérables,
Les Misérables (1909 film),Les Misérables,les miserables,film,1909.0,1909 film,98.65,0.0,1,0,Les Misérables,Les Misérables,
Les Misérables (1917 film),Les Misérables,les miserables,film,1917.0,1917 American film,98.65,0.0,1,0,Les Misérables,Les Misérables,
Les Misérables (1925 film),Les Misérables,les miserables,film,1925.0,1925 film,98.65,0.0,1,0,Les Misérables,Les Misérables,
Les Misérables (1934 film),Les Misérables,les miserables,film,1934.0,1934 French film,98.65,0.0,1,0,Les Misérables,Les Misérables,
Les Misérables (1948 film),Les Misérables,les miserables,film,1948.0,1948 film,98.65,0.0,1,0,Les Misérables,Les Misérables,
Les Misérables (1944 film),Les Misérables,les miserables,film,1944.0,1943 Egyptian film,98.65,0.0,1,0,Les Misérables,Les Misérables,
Les Misérables (1943 film),Les Misérables,les miserables,film,1943.0,1943 film,98.65,0.0,1,0,Les Misérables,Les Misérables,
Les Misérables (1935 film),Les Misérables,les miserables,film,1935.0,1935 American film based on the novel of the same name directed by Richard Boleslawski,98.65,0.0,1,0,Les Misérables,Les Misérables,
Beedala Patlu,Beedala Patlu,beedala patlu,film,1972.0,1972 Indian film,98.65,0.0,1,0,Les Misérables,Les Misérables,
Les Misérables (1995 film),Les Misérables,les miserables,film,1995.0,Film by Claude Lelouch,98.65,0.0,1,0,Les Misérables,Les Misérables,
Les Misérables (1982 film),Les Misérables,les miserables,film,1982.0,1982 French film,98.65,0.0,1,0,Les Misérables,Les Misérables,
Les Misérables (1958 film),Les Misérables,les miserables,film,1958.0,1958 film,98.65,0.0,1,0,Les Misérables,Les Misérables,
Les Misérables: The Staged Concert,Les Misérables: The Staged Concert,les miserables the staged concert,film,,Film,98.65,0.0,1,0,Les Misérables,Les Misérables,
Les Misérables (1952 film),Les Misérables,les miserables,film,1952.0,1952 American film based on the novel directed by Lewis Milestone,98.65,0.0,1,0,Les Misérables,Les Misérables,
Les Misérables in Concert: The 25th Anniversary,Les Misérables in Concert: The 25th Anniversary,les miserables in concert the 25th anniversary,film,2010.0,2010 British film,98.65,0.0,1,0,Les Misérables,Les Misérables,
Les Misérables: The Dream Cast in Concert,Les Misérables: The Dream Cast in Concert,les miserables the dream cast in concert,film,1995.0,1995 British film,98.65,0.0,1,0,Les Misérables,Les Misérables,
Ezhai Padum Padu,Ezhai Padum Padu,ezhai padum padu,film,1950.0,1950 film by K. Ramnoth,98.65,0.0,1,0,Les Misérables,Les Misérables,
Inventing the Market,Inventing the Market,inventing the market,novel,,Book by Lisa Herzog,98.63,98.63,1,1,Georg Wilhelm Friedrich Hegel,Georg Wilhelm Friedrich Hegel,Georg Wilhelm Friedrich Hegel
Routledge Philosophy Guidebook to Hegel and the Phenomenology of Spirit,Routledge Philosophy Guidebook to Hegel and the Phenomenology of Spirit,routledge philosophy guidebook to hegel and the phenomenology of spirit,novel,2002.0,2002 book by Robert Stern,98.63,98.63,1,1,Georg Wilhelm Friedrich Hegel,Georg Wilhelm Friedrich Hegel,Georg Wilhelm Friedrich Hegel
The Death of Salvador Dali,The Death of Salvador Dali,death of salvador dali,film,2005.0,2005 American film,98.63,0.0,1,0,Salvador Dalí,Salvador Dalí,
Hegel's Ontology and the Theory of Historicity,Hegel's Ontology and the Theory of Historicity,hegels ontology and the theory of historicity,novel,1932.0,1932 book by Herbert Marcuse,98.63,98.63,1,1,Georg Wilhelm Friedrich Hegel,Georg Wilhelm Friedrich Hegel,Georg Wilhelm Friedrich Hegel
The Secret of Hegel,The Secret of Hegel,secret of hegel,novel,,Book by James Hutchison Stirling,98.63,98.63,1,1,Georg Wilhelm Friedrich Hegel,Georg Wilhelm Friedrich Hegel,Georg Wilhelm Friedrich Hegel
Glas (book),Glas,glas,novel,1974.0,1974 book by Jacques Derrida,98.63,98.63,1,1,Georg Wilhelm Friedrich Hegel,Georg Wilhelm Friedrich Hegel,Georg Wilhelm Friedrich Hegel
Little Ashes,Little Ashes,little ashes,film,2008.0,2008 Spanish-British drama film,98.63,0.0,1,0,Salvador Dalí,Salvador Dalí,
God and the Self in Hegel,God and the Self in Hegel,god and the self in hegel,novel,2017.0,2017 book by Paolo Diego Bubbio,98.63,98.63,1,1,Georg Wilhelm Friedrich Hegel,Georg Wilhelm Friedrich Hegel,Georg Wilhelm Friedrich Hegel
Hegel's Idealism: The Satisfactions of Self-Consciousness,Hegel's Idealism: The Satisfactions of Self-Consciousness,hegels idealism the satisfactions of self-consciousness,novel,1989.0,1989 book by Robert B. Pippin,98.63,98.63,1,1,Georg Wilhelm Friedrich Hegel,Georg Wilhelm Friedrich Hegel,Georg Wilhelm Friedrich Hegel
Introduction to the Reading of Hegel,Introduction to the Reading of Hegel,introduction to the reading of hegel,novel,1947.0,1947 book by Alexandre Kojève,98.63,98.63,1,1,Georg Wilhelm Friedrich Hegel,Georg Wilhelm Friedrich Hegel,Georg Wilhelm Friedrich Hegel
Subjects of Desire,Subjects of Desire,subjects of desire,novel,1987.0,1987 book by Judith Butler,98.63,98.63,1,1,Georg Wilhelm Friedrich Hegel,Georg Wilhelm Friedrich Hegel,Georg Wilhelm Friedrich Hegel
"An Introduction to Hegel: Freedom, Truth and History","An Introduction to Hegel: Freedom, Truth and History",introduction to hegel freedom truth and history,novel,1991.0,1991 book by Stephen Houlgate,98.63,98.63,1,1,Georg Wilhelm Friedrich Hegel,Georg Wilhelm Friedrich Hegel,Georg Wilhelm Friedrich Hegel
Dalíland,Dalíland,daliland,film,2022.0,2022 American film,98.63,0.0,1,0,Salvador Dalí,Salvador Dalí,
The Young Hegel,The Young Hegel,young hegel,novel,,Book by Marxist philosopher György Lukács on the early life and writings of Hegel,98.63,98.63,1,1,Georg Wilhelm Friedrich Hegel,Georg Wilhelm Friedrich Hegel,Georg Wilhelm Friedrich Hegel
Daaaaaalí!,Daaaaaalí!,daaaaaali,film,2023.0,2023 film by Quentin Dupieux,98.63,0.0,1,0,Salvador Dalí,Salvador Dalí,
Hegel's Ontology of Power,Hegel's Ontology of Power,hegels ontology of power,novel,2020.0,2020 book by Arash Abazari,98.63,98.63,1,1,Georg Wilhelm Friedrich Hegel,Georg Wilhelm Friedrich Hegel,Georg Wilhelm Friedrich Hegel
Hugo (film),Hugo,hugo,film,2011.0,2011 historical drama film directed by Martin Scorsese,98.63,0.0,1,0,Salvador Dalí,Salvador Dalí,
Sartre and His Predecessors,Sartre and His Predecessors,sartre and his predecessors,novel,1984.0,1984 book by William R. Schroeder,98.63,98.63,1,1,Georg Wilhelm Friedrich Hegel,Georg Wilhelm Friedrich Hegel,Georg Wilhelm Friedrich Hegel
Djinn (2013 film),Djinn,djinn,film,2013.0,2013 Emirati horror film,98.38,0.0,1,0,United Arab Emirates,United Arab Emirates,
Argentina Fans Kaattoorkadavu,Argentina Fans Kaattoorkadavu,argentina fans kaattoorkadavu,film,2019.0,2019 Indian Malayalam film,98.38,0.0,1,0,United Arab Emirates,United Arab Emirates,
Going to Heaven,Going to Heaven,going to heaven,film,2015.0,2015 Emirati film,98.38,0.0,1,0,United Arab Emirates,United Arab Emirates,
Dubai (2005 film),Dubai,dubai,film,2005.0,2005 Filipino film,98.38,0.0,1,0,United Arab Emirates,United Arab Emirates,
The Worthy,The Worthy,worthy,film,2016.0,2016 Emirati film,98.38,0.0,1,0,United Arab Emirates,United Arab Emirates,
The Sarah Balabagan Story,The Sarah Balabagan Story,sarah balabagan story,film,1997.0,1997 Filipino film,98.38,0.0,1,0,United Arab Emirates,United Arab Emirates,
C U Soon,C U Soon,c u soon,film,2020.0,2020 Indian film,98.38,0.0,1,0,United Arab Emirates,United Arab Emirates,
Lonappante Mamodeesa,Lonappante Mamodeesa,lonappante mamodeesa,film,2019.0,2019 Indian film,98.38,0.0,1,0,United Arab Emirates,United Arab Emirates,
Al Mallu,Al Mallu,al mallu,film,,Indian Malayalam-language comedy drama film,98.38,0.0,1,0,United Arab Emirates,United Arab Emirates,
Sarkeet,Sarkeet,sarkeet,film,2025.0,2025 Indian family drama film by Thamar KV,98.38,0.0,1,0,United Arab Emirates,United Arab Emirates,
Malayalee from India,Malayalee from India,malayalee from india,film,2024.0,2024 Indian film,98.38,0.0,1,0,United Arab Emirates,United Arab Emirates,
Jimmy Ee Veedinte Aishwaryam,Jimmy Ee Veedinte Aishwaryam,jimmy ee veedinte aishwaryam,film,2019.0,2019 Malayalam film,98.38,0.0,1,0,United Arab Emirates,United Arab Emirates,
Sea Shadow (film),Sea Shadow,sea shadow,film,2011.0,2011 Emirati film,98.38,0.0,1,0,United Arab Emirates,United Arab Emirates,
Sufiyum Sujatayum,Sufiyum Sujatayum,sufiyum sujatayum,film,2020.0,2020 film by Naranipuzha Shanavas,98.38,0.0,1,0,United Arab Emirates,United Arab Emirates,
Ennalum Ente Aliya,Ennalum Ente Aliya,ennalum ente aliya,film,2023.0,2023 Malayalam film,98.38,0.0,1,0,United Arab Emirates,United Arab Emirates,
Fool & Final,Fool & Final,fool & final,film,2007.0,2007 film by Ahmed Khan,98.38,0.0,1,0,United Arab Emirates,United Arab Emirates,
Sex and the City 2,Sex and the City 2,sex and the city 2,film,2010.0,2010 film by Michael Patrick King,98.38,0.0,1,0,United Arab Emirates,United Arab Emirates,
The Man from Morocco,The Man from Morocco,man from morocco,film,1945.0,1945 film,98.31,0.0,1,0,Spanish Civil War,Spanish Civil War,
Love Under Fire,Love Under Fire,love under fire,film,1937.0,1937 film by George Marshall,98.31,0.0,1,0,Spanish Civil War,Spanish Civil War,
The Long Winter (1992 film),The Long Winter,long winter,film,1992.0,1992 Spanish film,98.31,0.0,1,0,Spanish Civil War,Spanish Civil War,
May I Speak with the Enemy?,May I Speak with the Enemy?,may i speak with the enemy,film,2024.0,2024 film,98.31,0.0,1,0,Spanish Civil War,Spanish Civil War,
The Fallen Sparrow,The Fallen Sparrow,fallen sparrow,film,1943.0,1943 film by Richard Wallace,98.31,0.0,1,0,Spanish Civil War,Spanish Civil War,
Facing the Sea,Facing the Sea,facing the sea,film,1951.0,1951 Spanish film,98.31,0.0,1,0,Spanish Civil War,Spanish Civil War,
Osadeni Dushi,Osadeni Dushi,osadeni dushi,film,1975.0,1975 Bulgarian film,98.31,0.0,1,0,Spanish Civil War,Spanish Civil War,
Officers (film),Officers,officers,film,1971.0,1971 Soviet film,98.31,0.0,1,0,Spanish Civil War,Spanish Civil War,
My Street (film),My Street,my street,film,1960.0,1960 Spanish film,98.31,0.0,1,0,Spanish Civil War,Spanish Civil War,
The Mule (2013 film),The Mule,mule,film,2013.0,2013 film,98.31,0.0,1,0,Spanish Civil War,Spanish Civil War,
Mich dürstet,Mich dürstet,mich durstet,film,1956.0,1956 film,98.31,0.0,1,0,Spanish Civil War,Spanish Civil War,
Five Cartridges,Five Cartridges,five cartridges,film,1960.0,1960 East German film,98.31,0.0,1,0,Spanish Civil War,Spanish Civil War,
Soldiers of Salamina (film),Soldiers of Salamina,soldiers of salamina,film,2003.0,2003 film,98.31,0.0,1,0,Spanish Civil War,Spanish Civil War,
Spain Again,Spain Again,spain again,film,1969.0,1969 film,98.31,0.0,1,0,Spanish Civil War,Spanish Civil War,
Spain in Flames,Spain in Flames,spain in flames,film,1937.0,1937 American film,98.31,0.0,1,0,Spanish Civil War,Spanish Civil War,
The Girl of Your Dreams,The Girl of Your Dreams,girl of your dreams,film,1998.0,1998 Spanish film,98.31,0.0,1,0,Spanish Civil War,Spanish Civil War,
Riders of the Dawn (1990 film),Riders of the Dawn,riders of the dawn,film,1990.0,1990 film by Vicente Aranda,98.31,0.0,1,0,Spanish Civil War,Spanish Civil War,
Service at Sea,Service at Sea,service at sea,film,1951.0,1951 Spanish film,98.31,0.0,1,0,Spanish Civil War,Spanish Civil War,
The Good News (film),The Good News,good news,film,2008.0,2008 Spanish film,98.31,0.0,1,0,Spanish Civil War,Spanish Civil War,
Retrato de Familia (film),Retrato de Familia,retrato de familia,film,1976.0,1976 Spanish film,98.31,0.0,1,0,Spanish Civil War,Spanish Civil War,
The Endless Trench,The Endless Trench,endless trench,film,2019.0,2019 Spanish historical drama film,98.31,0.0,1,0,Spanish Civil War,Spanish Civil War,
Elles et Moi,Elles et Moi,elles et moi,film,2008.0,2008 French film,98.31,0.0,1,0,Spanish Civil War,Spanish Civil War,
The Disappearance of Garcia Lorca,The Disappearance of Garcia Lorca,disappearance of garcia lorca,film,1996.0,1996 film by Marcos Zurinaga,98.31,0.0,1,0,Spanish Civil War,Spanish Civil War,
The Devil's Backbone,The Devil's Backbone,devils backbone,film,2001.0,2001 film by Guillermo del Toro,98.31,0.0,1,0,Spanish Civil War,Spanish Civil War,
The Crossroads (1959 film),The Crossroads,crossroads,film,1959.0,1960 film,98.31,0.0,1,0,Spanish Civil War,Spanish Civil War,
Confidential Agent,Confidential Agent,confidential agent,film,1945.0,1945 film by Herman Shumlin,98.31,0.0,1,0,Spanish Civil War,Spanish Civil War,
Comrades at Sea,Comrades at Sea,comrades at sea,film,1938.0,1938 film,98.31,0.0,1,0,Spanish Civil War,Spanish Civil War,
La colmena (film),La colmena,la colmena,film,1982.0,1982 Spanish film,98.31,0.0,1,0,Spanish Civil War,Spanish Civil War,
The Carpenter's Pencil (film),The Carpenter's Pencil,carpenters pencil,film,2003.0,2003 film by Antón Reixa,98.31,0.0,1,0,Spanish Civil War,Spanish Civil War,
To an Unknown God,To an Unknown God,to an unknown god,film,1977.0,1977 Spanish film,98.31,0.0,1,0,Spanish Civil War,Spanish Civil War,
A Time for Defiance,A Time for Defiance,time for defiance,film,1998.0,1998 Spanish film,98.31,0.0,1,0,Spanish Civil War,Spanish Civil War,
The Thrill of the Skies,The Thrill of the Skies,thrill of the skies,film,1940.0,1940 Italian film,98.31,0.0,1,0,Spanish Civil War,Spanish Civil War,
The Teacher Who Promised the Sea,The Teacher Who Promised the Sea,teacher who promised the sea,film,2023.0,2023 Spanish film,98.31,0.0,1,0,Spanish Civil War,Spanish Civil War,
There Be Dragons,There Be Dragons,there be dragons,film,2011.0,2011 American film,98.31,0.0,1,0,Spanish Civil War,Spanish Civil War,
Head in the Clouds (film),Head in the Clouds,head in the clouds,film,2004.0,2004 Canadian film,98.31,0.0,1,0,Spanish Civil War,Spanish Civil War,
Guernica (2016 film),Guernica,guernica,film,2016.0,2016 film,98.31,0.0,1,0,Spanish Civil War,Spanish Civil War,
Valley of the Dead (film),Valley of the Dead,valley of the dead,film,2020.0,2020 Spanish film,98.31,0.0,1,0,Spanish Civil War,Spanish Civil War,
13 Roses,13 Roses,13 roses,film,2007.0,2007 Spanish film,98.31,0.0,1,0,Spanish Civil War,Spanish Civil War,
Requiem for a Spanish Peasant (film),Requiem for a Spanish Peasant,requiem for a spanish peasant,film,1985.0,1985 Spanish film,98.31,0.0,1,0,Spanish Civil War,Spanish Civil War,
Reckless (1951 film),Reckless,reckless,film,1951.0,1951 film,98.31,0.0,1,0,Spanish Civil War,Spanish Civil War,
Painless (film),Painless,painless,film,2012.0,2012 Spanish film,98.31,0.0,1,0,Spanish Civil War,Spanish Civil War,
La prima Angélica,La prima Angélica,la prima angelica,film,1974.0,1974 Spanish film,98.31,0.0,1,0,Spanish Civil War,Spanish Civil War,
Black Bread (novel),Black Bread,black bread,novel,,Catalan novel on the aftermath of the Spanish Civil War,98.31,0.0,1,0,Spanish Civil War,Spanish Civil War,
The War of the Madmen,The War of the Madmen,war of the madmen,film,1987.0,1987 Spanish film,98.31,0.0,1,0,Spanish Civil War,Spanish Civil War,
Long Vacations of 36,Long Vacations of 36,long vacations of 36,film,1976.0,1976 Spanish film,98.31,0.0,1,0,Spanish Civil War,Spanish Civil War,
The War Is Over (1966 film),The War Is Over,war is over,film,1966.0,1966 French film,98.31,0.0,1,0,Spanish Civil War,Spanish Civil War,
The Wall (1967 film),The Wall,wall,film,1967.0,1967 film,98.31,0.0,1,0,Spanish Civil War,Spanish Civil War,
Viva la Muerte (film),Viva la Muerte,viva la muerte,film,1971.0,1971 drama film directed by Fernando Arrabal,98.31,0.0,1,0,Spanish Civil War,Spanish Civil War,
Life in Shadows,Life in Shadows,life in shadows,film,1949.0,1949 Spanish film,98.31,0.0,1,0,Spanish Civil War,Spanish Civil War,
Vacas,Vacas,vacas,film,1992.0,1992 film directed by Julio Médem,98.31,0.0,1,0,Spanish Civil War,Spanish Civil War,
Butterfly's Tongue,Butterfly's Tongue,butterflys tongue,film,1999.0,1999 Spanish film,98.31,0.0,1,0,Spanish Civil War,Spanish Civil War,
Carol's Journey,Carol's Journey,carols journey,film,2002.0,2002 film,98.31,0.0,1,0,Spanish Civil War,Spanish Civil War,
The Last Train from Madrid,The Last Train from Madrid,last train from madrid,film,1937.0,1937 film by James P. Hogan,98.31,0.0,1,0,Spanish Civil War,Spanish Civil War,
A Land for All,A Land for All,land for all,film,,Spanish war film directed by Antonio Isasi-Isasmendi,98.31,0.0,1,0,Spanish Civil War,Spanish Civil War,
Blockade (1938 film),Blockade,blockade,film,1938.0,1938 film by William Dieterle,98.31,0.0,1,0,Spanish Civil War,Spanish Civil War,
Bicycles Are for the Summer (film),Bicycles Are for the Summer,bicycles are for the summer,film,1984.0,1984 Spanish film dir. Jaime Chávarri,98.31,0.0,1,0,Spanish Civil War,Spanish Civil War,
Land and Freedom (film),Land and Freedom,land and freedom,film,1995.0,1995 historical drama film,98.31,0.0,1,0,Spanish Civil War,Spanish Civil War,
Lad from Our Town,Lad from Our Town,lad from our town,film,1942.0,1942 Soviet film,98.31,0.0,1,0,Spanish Civil War,Spanish Civil War,
Josep (film),Josep,josep,film,2020.0,2020 animated film,98.31,0.0,1,0,Spanish Civil War,Spanish Civil War,
Iris (2004 film),Iris,iris,film,2004.0,2004 Spanish film,98.31,0.0,1,0,Spanish Civil War,Spanish Civil War,
In Praise of Older Women (1997 film),In Praise of Older Women,in praise of older women,film,1997.0,1997 film,98.31,0.0,1,0,Spanish Civil War,Spanish Civil War,
If They Tell You I Fell,If They Tell You I Fell,if they tell you i fell,film,1989.0,1989 film by Vicente Aranda,98.31,0.0,1,0,Spanish Civil War,Spanish Civil War,
Heroes del Aire,Heroes del Aire,heroes del aire,film,1958.0,1958 Spanish film,98.31,0.0,1,0,Spanish Civil War,Spanish Civil War,
The Heifer,The Heifer,heifer,film,1985.0,1985 Spanish film,98.31,0.0,1,0,Spanish Civil War,Spanish Civil War,
Uncertain Glory (2017 film),Uncertain Glory,uncertain glory,film,2017.0,2017 Spanish film,98.31,0.0,1,0,Spanish Civil War,Spanish Civil War,
Two Paths (1954 film),Two Paths,two paths,film,1954.0,1954 Spanish film,98.31,0.0,1,0,Spanish Civil War,Spanish Civil War,
Libertarias,Libertarias,libertarias,film,1996.0,1996 Spanish film,98.31,0.0,1,0,Spanish Civil War,Spanish Civil War,
The Legion Like Women,The Legion Like Women,legion like women,film,1976.0,1976 film,98.31,0.0,1,0,Spanish Civil War,Spanish Civil War,
A Sold Life,A Sold Life,sold life,film,1976.0,1976 Italian film,98.31,0.0,1,0,Spanish Civil War,Spanish Civil War,
The Siege of the Alcazar,The Siege of the Alcazar,siege of the alcazar,film,1940.0,1940 film by Augusto Genina,98.31,0.0,1,0,Spanish Civil War,Spanish Civil War,
Talk of Angels,Talk of Angels,talk of angels,film,1998.0,1998 film directed by Nick Hamm,98.31,0.0,1,0,Spanish Civil War,Spanish Civil War,
Special Correspondents (1943 film),Special Correspondents,special correspondents,film,1943.0,1943 film,98.31,0.0,1,0,Spanish Civil War,Spanish Civil War,
The Spanish Earth,The Spanish Earth,spanish earth,film,1937.0,1937 film,98.31,0.0,1,0,Spanish Civil War,Spanish Civil War,
"Arise, My Love","Arise, My Love",arise my love,film,1940.0,1940 film by Mitchell Leisen,98.31,0.0,1,0,Spanish Civil War,Spanish Civil War,
Aurora de esperanza,Aurora de esperanza,aurora de esperanza,film,1937.0,1937 Spanish film,98.31,0.0,1,0,Spanish Civil War,Spanish Civil War,
As Long as You Live,As Long as You Live,as long as you live,film,1955.0,1955 film,98.31,0.0,1,0,Spanish Civil War,Spanish Civil War,
Behold a Pale Horse (film),Behold a Pale Horse,behold a pale horse,film,1964.0,1964 film,98.31,0.0,1,0,Spanish Civil War,Spanish Civil War,
The Bastards' Fig Tree,The Bastards' Fig Tree,bastards fig tree,film,2017.0,2017 Spanish film,98.31,0.0,1,0,Spanish Civil War,Spanish Civil War,
Bethune: The Making of a Hero,Bethune: The Making of a Hero,bethune the making of a hero,film,1990.0,1990 Canadian film,98.31,0.0,1,0,Spanish Civil War,Spanish Civil War,
"¡Ay, Carmela!","¡Ay, Carmela!",¡ay carmela,film,1990.0,1990 film,98.31,0.0,1,0,Spanish Civil War,Spanish Civil War,
The Bastard Brother of God,The Bastard Brother of God,bastard brother of god,film,1986.0,1986 Spanish drama film,98.31,0.0,1,0,Spanish Civil War,Spanish Civil War,
Espoir: Sierra de Teruel,Espoir: Sierra de Teruel,espoir sierra de teruel,film,1945.0,1945 Spanish film,98.31,0.0,1,0,Spanish Civil War,Spanish Civil War,
The Anarchist's Wife,The Anarchist's Wife,anarchists wife,film,2008.0,2008 film,98.31,0.0,1,0,Spanish Civil War,Spanish Civil War,
The Angel Wore Red,The Angel Wore Red,angel wore red,film,1960.0,1960 film,98.31,0.0,1,0,Spanish Civil War,Spanish Civil War,
Spinoza: Practical Philosophy,Spinoza: Practical Philosophy,spinoza practical philosophy,novel,1970.0,1970 book by Gilles Deleuze,98.22,98.22,1,1,Benedictus de Spinoza,Benedictus de Spinoza,Benedictus de Spinoza
Wittgenstein's Mistress,Wittgenstein's Mistress,wittgensteins mistress,novel,1988.0,1988 novel by David Markson,97.87,0.0,1,0,Ludwig Wittgenstein,Ludwig Wittgenstein,
The Indian Clerk,The Indian Clerk,indian clerk,novel,2007.0,2007 novel by David Leavitt,97.87,0.0,1,0,Ludwig Wittgenstein,Ludwig Wittgenstein,
Wittgenstein: Meaning and Judgement,Wittgenstein: Meaning and Judgement,wittgenstein meaning and judgement,novel,2003.0,2003 book by British philosopher Michael Luntley,97.87,0.0,1,0,Ludwig Wittgenstein,Ludwig Wittgenstein,
Red Shelley,Red Shelley,red shelley,novel,1981.0,1981 book by Paul Foot,97.44,97.44,1,1,Percy Shelley,Percy Shelley,Percy Shelley
The Man Who Wrote Frankenstein,The Man Who Wrote Frankenstein,man who wrote frankenstein,novel,2007.0,2007 book by John Lauritsen,97.44,97.44,1,1,Percy Shelley,Percy Shelley,Percy Shelley
Angeli senza paradiso,Angeli senza paradiso,angeli senza paradiso,film,1970.0,1970 film,97.25,97.25,1,1,Franz Schubert,Franz Schubert,Franz Schubert
Symphony of Love,Symphony of Love,symphony of love,film,1954.0,1954 film,97.25,97.25,1,1,Franz Schubert,Franz Schubert,Franz Schubert
The House of Three Girls (1918 film),The House of Three Girls,house of three girls,film,1918.0,1918 film,97.25,97.25,1,1,Franz Schubert,Franz Schubert,Franz Schubert
The House of Three Girls (1958 film),The House of Three Girls,house of three girls,film,1958.0,1958 film,97.25,97.25,1,1,Franz Schubert,Franz Schubert,Franz Schubert
The Great Awakening (film),The Great Awakening,great awakening,film,1941.0,1941 film,97.25,97.25,1,1,Franz Schubert,Franz Schubert,Franz Schubert
Gently My Songs Entreat,Gently My Songs Entreat,gently my songs entreat,film,1933.0,1933 film,97.25,97.25,1,1,Franz Schubert,Franz Schubert,Franz Schubert
It's Only Love (film),It's Only Love,its only love,film,1947.0,1947 Austrian film,97.25,97.25,1,1,Franz Schubert,Franz Schubert,Franz Schubert
Love Time (film),Love Time,love time,film,1934.0,1934 film directed by James Tinling,97.25,97.25,1,1,Franz Schubert,Franz Schubert,Franz Schubert
The Pretty Miller Girl,The Pretty Miller Girl,pretty miller girl,film,1949.0,1949 film,97.25,97.25,1,1,Franz Schubert,Franz Schubert,Franz Schubert
Beethoven's Great Love,Beethoven's Great Love,beethovens great love,film,1936.0,1936 film,97.25,97.25,1,1,Franz Schubert,Franz Schubert,Franz Schubert
Blossom Time (1934 film),Blossom Time,blossom time,film,1934.0,1934 British film by Paul L. Stein,97.25,97.25,1,1,Franz Schubert,Franz Schubert,Franz Schubert
Franz Schubert (film),Franz Schubert,franz schubert,film,1953.0,1953 Austrian film,97.25,97.25,1,1,Franz Schubert,Franz Schubert,Franz Schubert
Unfinished Symphony (film),Unfinished Symphony,unfinished symphony,film,1934.0,1934 British film,97.25,97.25,1,1,Franz Schubert,Franz Schubert,Franz Schubert
A Waltz by Strauss (1925 film),A Waltz by Strauss,waltz by strauss,film,1925.0,1925 film,97.25,97.25,1,1,Franz Schubert,Franz Schubert,Franz Schubert
Serenade (1940 film),Serenade,serenade,film,1940.0,1940 film,97.25,97.25,1,1,Franz Schubert,Franz Schubert,Franz Schubert
Seven Faces,Seven Faces,seven faces,film,1929.0,1929 film,97.25,97.25,1,1,Franz Schubert,Franz Schubert,Franz Schubert
Three Girls for Schubert,Three Girls for Schubert,three girls for schubert,film,1936.0,1936 film,97.25,97.25,1,1,Franz Schubert,Franz Schubert,Franz Schubert
Schubert's Dream of Spring,Schubert's Dream of Spring,schuberts dream of spring,film,1931.0,1931 film,97.25,97.25,1,1,Franz Schubert,Franz Schubert,Franz Schubert
Garfield: A Tail of Two Kitties,Garfield: A Tail of Two Kitties,garfield a tail of two kitties,film,2006.0,2006 film directed by Tim Hill,97.19,97.19,1,1,Prince and the Pauper,Prince and the Pauper,Prince and the Pauper
I Am the King,I Am the King,i am the king,film,2012.0,2012 South Korean film,97.19,97.19,1,1,Prince and the Pauper,Prince and the Pauper,Prince and the Pauper
Raja Aur Runk,Raja Aur Runk,raja aur runk,film,1968.0,1968 Indian film,97.19,97.19,1,1,Prince and the Pauper,Prince and the Pauper,Prince and the Pauper
Pippi Longstocking (1969 film),Pippi Longstocking,pippi longstocking,film,1969.0,1969 Swedish film,97.19,97.19,1,1,Pippi Longstocking,Pippi Longstocking,Pippi Longstocking
Pippi on the Run,Pippi on the Run,pippi on the run,film,1970.0,1970 Swedish film,97.19,97.19,1,1,Pippi Longstocking,Pippi Longstocking,Pippi Longstocking
Pippi Longstocking (1997 film),Pippi Longstocking,pippi longstocking,film,1997.0,1997 film,97.19,97.19,1,1,Pippi Longstocking,Pippi Longstocking,Pippi Longstocking
Pippi in the South Seas (film),Pippi in the South Seas,pippi in the south seas,film,1970.0,1970 Swedish film,97.19,97.19,1,1,Pippi Longstocking,Pippi Longstocking,Pippi Longstocking
Pippi Goes on Board (film),Pippi Goes on Board,pippi goes on board,film,1969.0,1969 Swedish film,97.19,97.19,1,1,Pippi Longstocking,Pippi Longstocking,Pippi Longstocking
Pippi Longstocking (1949 film),Pippi Longstocking,pippi longstocking,film,1949.0,1949 Swedish film,97.19,97.19,1,1,Pippi Longstocking,Pippi Longstocking,Pippi Longstocking
The Bonnie Parker Story,The Bonnie Parker Story,bonnie parker story,film,1958.0,1958 film,97.19,97.19,1,1,Bonnie & Clyde,Bonnie & Clyde,Bonnie & Clyde
Raja Saab,Raja Saab,raja saab,film,1969.0,1969 Indian film,97.19,97.19,1,1,Prince and the Pauper,Prince and the Pauper,Prince and the Pauper
Raju Peda,Raju Peda,raju peda,film,1954.0,1954 Indian film,97.19,97.19,1,1,Prince and the Pauper,Prince and the Pauper,Prince and the Pauper
It Takes Two (1995 film),It Takes Two,it takes two,film,1995.0,1995 comedy film directed by Andy Tennant,97.19,97.19,1,1,Prince and the Pauper,Prince and the Pauper,Prince and the Pauper
Barbie as the Princess and the Pauper,Barbie as the Princess and the Pauper,barbie as the princess and the pauper,film,2004.0,2004 Canadian film,97.19,97.19,1,1,Prince and the Pauper,Prince and the Pauper,Prince and the Pauper
Eradu Nakshatragalu,Eradu Nakshatragalu,eradu nakshatragalu,film,1983.0,1983 Indian film,97.19,97.19,1,1,Prince and the Pauper,Prince and the Pauper,Prince and the Pauper
Baby Geniuses,Baby Geniuses,baby geniuses,film,1999.0,1999 film by Bob Clark,97.19,97.19,1,1,Prince and the Pauper,Prince and the Pauper,Prince and the Pauper
The Highwaymen (film),The Highwaymen,highwaymen,film,2019.0,2019 film directed by John Lee Hancock,97.19,97.19,1,1,Bonnie & Clyde,Bonnie & Clyde,Bonnie & Clyde
Guns Don't Argue,Guns Don't Argue,guns dont argue,film,1957.0,1957 American film,97.19,97.19,1,1,Bonnie & Clyde,Bonnie & Clyde,Bonnie & Clyde
A Modern Twain Story: The Prince and the Pauper,A Modern Twain Story: The Prince and the Pauper,modern twain story the prince and the pauper,film,2007.0,2007 American film,97.19,97.19,1,1,Prince and the Pauper,Prince and the Pauper,Prince and the Pauper
The Pooch and the Pauper,The Pooch and the Pauper,pooch and the pauper,film,2000.0,2000 American film,97.19,97.19,1,1,Prince and the Pauper,Prince and the Pauper,Prince and the Pauper
The Prince and the Surfer,The Prince and the Surfer,prince and the surfer,film,1999.0,1999 American film,97.19,97.19,1,1,Prince and the Pauper,Prince and the Pauper,Prince and the Pauper
Kaka Ferskur,Kaka Ferskur,kaka ferskur,film,1988.0,1988 film written and directed by Todd Hughes,97.19,97.19,1,1,Pippi Longstocking,Pippi Longstocking,Pippi Longstocking
The New Adventures of Pippi Longstocking,The New Adventures of Pippi Longstocking,new adventures of pippi longstocking,film,1988.0,1988 film by Ken Annakin,97.19,97.19,1,1,Pippi Longstocking,Pippi Longstocking,Pippi Longstocking
Doraemon: Nobita and the Legend of the Sun King,Doraemon: Nobita and the Legend of the Sun King,doraemon nobita and the legend of the sun king,film,2000.0,2000 film by Tsutomu Shibayama,97.19,97.19,1,1,Prince and the Pauper,Prince and the Pauper,Prince and the Pauper
Beethoven's 4th (film),Beethoven's 4th,beethovens 4th,film,2001.0,2001 film by David Mickey Evans,97.19,97.19,1,1,Prince and the Pauper,Prince and the Pauper,Prince and the Pauper
The Princess Switch,The Princess Switch,princess switch,film,2018.0,2018 American Christmas romantic comedy film by Mike Rohl,97.19,97.19,1,1,Prince and the Pauper,Prince and the Pauper,Prince and the Pauper
Barbie: The Princess & the Popstar,Barbie: The Princess & the Popstar,barbie the princess & the popstar,film,2012.0,2012 animated film by Zeke Norton,97.19,97.19,1,1,Prince and the Pauper,Prince and the Pauper,Prince and the Pauper
Masquerade (2012 film),Masquerade,masquerade,film,2012.0,2012 South Korean film,97.19,97.19,1,1,Prince and the Pauper,Prince and the Pauper,Prince and the Pauper
Tere Mere Sapne (1996 film),Tere Mere Sapne,tere mere sapne,film,1996.0,1996 Indian film directed by Joy Augustine,97.19,97.19,1,1,Prince and the Pauper,Prince and the Pauper,Prince and the Pauper
The Picture of Dorian Gray (1917 German film),The Picture of Dorian Gray,picture of dorian gray,film,1917.0,1917 film,97.03,97.03,1,1,Picture of Dorian Gray,Picture of Dorian Gray,Picture of Dorian Gray
The Picture of Dorian Gray (1913 film),The Picture of Dorian Gray,picture of dorian gray,film,1913.0,1913 American film,97.03,97.03,1,1,Picture of Dorian Gray,Picture of Dorian Gray,Picture of Dorian Gray
Dorian Gray (2009 film),Dorian Gray,dorian gray,film,2009.0,2009 British film,97.03,97.03,1,1,Picture of Dorian Gray,Picture of Dorian Gray,Picture of Dorian Gray
Dorian Gray (1970 film),Dorian Gray,dorian gray,film,1970.0,1970 film,97.03,97.03,1,1,Picture of Dorian Gray,Picture of Dorian Gray,Picture of Dorian Gray
The Picture of Dorian Gray (1910 film),The Picture of Dorian Gray,picture of dorian gray,film,1910.0,1910 film,97.03,97.03,1,1,Picture of Dorian Gray,Picture of Dorian Gray,Picture of Dorian Gray
Sense and Sensibility (2026 film),Sense and Sensibility,sense and sensibility,film,2026.0,British period drama film,97.03,97.03,1,1,Sense and Sensibility,Sense and Sensibility,Sense and Sensibility
Pact with the Devil (2004 film),Pact with the Devil,pact with the devil,film,2004.0,2004 film by Allan A. Goldstein,97.03,97.03,1,1,Picture of Dorian Gray,Picture of Dorian Gray,Picture of Dorian Gray
The Picture of Dorian Grey (1915 film),The Picture of Dorian Grey,picture of dorian grey,film,1915.0,1915 film by Vsevolod Meyerhold,97.03,97.03,1,1,Picture of Dorian Gray,Picture of Dorian Gray,Picture of Dorian Gray
The Picture of Dorian Gray (1945 film),The Picture of Dorian Gray,picture of dorian gray,film,1945.0,1945 film by Albert Lewin,97.03,97.03,1,1,Picture of Dorian Gray,Picture of Dorian Gray,Picture of Dorian Gray
From Prada to Nada,From Prada to Nada,from prada to nada,film,2011.0,2011 American film,97.03,97.03,1,1,Sense and Sensibility,Sense and Sensibility,Sense and Sensibility
Kandukondain Kandukondain,Kandukondain Kandukondain,kandukondain kandukondain,film,2000.0,2000 Indian film,97.03,97.03,1,1,Sense and Sensibility,Sense and Sensibility,Sense and Sensibility
Material Girls,Material Girls,material girls,film,2006.0,2006 film by Martha Coolidge,97.03,97.03,1,1,Sense and Sensibility,Sense and Sensibility,Sense and Sensibility
Sense and Sensibility (1995 film),Sense and Sensibility,sense and sensibility,film,1995.0,1995 film by Ang Lee,97.03,97.03,1,1,Sense and Sensibility,Sense and Sensibility,Sense and Sensibility
Az élet királya,Az élet királya,az elet kiralya,film,1918.0,1918 film,97.03,97.03,1,1,Picture of Dorian Gray,Picture of Dorian Gray,Picture of Dorian Gray
The Picture of Dorian Gray (2004 film),The Picture of Dorian Gray,picture of dorian gray,film,2004.0,2004 American film,97.03,97.03,1,1,Picture of Dorian Gray,Picture of Dorian Gray,Picture of Dorian Gray
The Picture of Dorian Gray (1916 film),The Picture of Dorian Gray,picture of dorian gray,film,1916.0,1916 British film,97.03,97.03,1,1,Picture of Dorian Gray,Picture of Dorian Gray,Picture of Dorian Gray
The Picture of Dorian Gray (1915 film),The Picture of Dorian Gray,picture of dorian gray,film,1915.0,1915 film directed by Eugene Moore,97.03,97.03,1,1,Picture of Dorian Gray,Picture of Dorian Gray,Picture of Dorian Gray
Phantom of the Paradise,Phantom of the Paradise,phantom of the paradise,film,1974.0,1974 film by Brian De Palma,97.03,97.03,1,1,Picture of Dorian Gray,Picture of Dorian Gray,Picture of Dorian Gray
Kit Carson (1940 film),Kit Carson,kit carson,film,1940.0,1940 American film,96.85,96.85,1,1,Mexican-American War,Mexican-American War,Mexican-American War
The Sign of the Coyote,The Sign of the Coyote,sign of the coyote,film,1963.0,1963 film,96.85,96.85,1,1,Mexican-American War,Mexican-American War,Mexican-American War
One Man's Hero,One Man's Hero,one mans hero,film,1999.0,1999 American film,96.85,96.85,1,1,Mexican-American War,Mexican-American War,Mexican-American War
California (1963 film),California,california,film,1963.0,1963 film by Hamil Petroff,96.85,96.85,1,1,Mexican-American War,Mexican-American War,Mexican-American War
Ravenous (1999 film),Ravenous,ravenous,film,1999.0,1999 film,96.85,96.85,1,1,Mexican-American War,Mexican-American War,Mexican-American War
Frontier Uprising,Frontier Uprising,frontier uprising,film,1961.0,1961 film by Edward L. Cahn,96.85,96.85,1,1,Mexican-American War,Mexican-American War,Mexican-American War
Becoming Babasaheb: The Life,Becoming Babasaheb: The Life,becoming babasaheb the life,novel,2023.0,2023 book on B. R. Ambedkar,96.72,96.72,1,1,B. R. Ambedkar,B. R. Ambedkar,B. R. Ambedkar
A Journey of Samyak Buddha,A Journey of Samyak Buddha,journey of samyak buddha,film,2013.0,2013 Indian film,96.72,96.72,1,1,B. R. Ambedkar,B. R. Ambedkar,B. R. Ambedkar
Caste Matters,Caste Matters,caste matters,novel,2019.0,2019 book by Suraj Yengde,96.72,96.72,1,1,B. R. Ambedkar,B. R. Ambedkar,B. R. Ambedkar
Dr. Babasaheb Ambedkar (film),Dr. Babasaheb Ambedkar,dr. babasaheb ambedkar,film,2000.0,2000 film by Jabbar Patel,96.72,96.72,1,1,B. R. Ambedkar,B. R. Ambedkar,B. R. Ambedkar
Dr. B. R. Ambedkar (film),Dr. B. R. Ambedkar,dr. b. r. ambedkar,film,2005.0,2005 Indian Kannada-language film by Sharan Kumar Kabbur,96.72,96.72,1,1,B. R. Ambedkar,B. R. Ambedkar,B. R. Ambedkar
Ramabai Bhimrao Ambedkar (film),Ramabai Bhimrao Ambedkar,ramabai bhimrao ambedkar,film,2011.0,2011 Indian Marathi-language film by Prakash Jadhav,96.72,96.72,1,1,B. R. Ambedkar,B. R. Ambedkar,B. R. Ambedkar
Ambedkar: A Life,Ambedkar: A Life,ambedkar a life,novel,2022.0,2022 book by Shashi Tharoor,96.72,96.72,1,1,B. R. Ambedkar,B. R. Ambedkar,B. R. Ambedkar
Origin (film),Origin,origin,film,2023.0,2023 film by Ava DuVernay,96.72,96.72,1,1,B. R. Ambedkar,B. R. Ambedkar,B. R. Ambedkar
Ramabai (film),Ramabai,ramabai,film,2016.0,2016 film by M. Ranganath,96.72,96.72,1,1,B. R. Ambedkar,B. R. Ambedkar,B. R. Ambedkar
Kannaki (film),Kannaki,kannaki,film,2001.0,2001 Malayalam language film,96.48,96.48,1,1,Antony and Cleopatra,Antony and Cleopatra,Antony and Cleopatra
Zulfiqar (film),Zulfiqar,zulfiqar,film,2016.0,2016 Indian film,96.48,96.48,1,1,Antony and Cleopatra,Antony and Cleopatra,Antony and Cleopatra
Cleopatra (1934 film),Cleopatra,cleopatra,film,1934.0,1934 film by Cecil B. DeMille,96.48,96.48,1,1,Antony and Cleopatra,Antony and Cleopatra,Antony and Cleopatra
Cleopatra (1917 film),Cleopatra,cleopatra,film,1917.0,1917 American film by J. Gordon Edwards,96.48,96.48,1,1,Antony and Cleopatra,Antony and Cleopatra,Antony and Cleopatra
Antony and Cleopatra (1972 film),Antony and Cleopatra,antony and cleopatra,film,1972.0,1972 film by Charlton Heston,96.48,96.48,1,1,Antony and Cleopatra,Antony and Cleopatra,Antony and Cleopatra
Antony and Cleopatra (1913 film),Antony and Cleopatra,antony and cleopatra,film,1913.0,1913 film by Enrico Guazzoni,96.48,96.48,1,1,Antony and Cleopatra,Antony and Cleopatra,Antony and Cleopatra
Kokoda (film),Kokoda,kokoda,film,2006.0,2006 Australian film,96.28,96.28,1,1,Papua New Guinea,Papua New Guinea,Papua New Guinea
Sanctum (film),Sanctum,sanctum,film,2011.0,2011 3D action thriller film,96.28,96.28,1,1,Papua New Guinea,Papua New Guinea,Papua New Guinea
Flight for Freedom,Flight for Freedom,flight for freedom,film,1943.0,1943 film,96.28,96.28,1,1,Papua New Guinea,Papua New Guinea,Papua New Guinea
Gamera vs. Barugon,Gamera vs. Barugon,gamera vs. barugon,film,1966.0,1966 film by Shigeo Tanaka,96.28,96.28,1,1,Papua New Guinea,Papua New Guinea,Papua New Guinea
Hell of the Living Dead,Hell of the Living Dead,hell of the living dead,film,,Film by Bruno Mattei,96.28,96.28,1,1,Papua New Guinea,Papua New Guinea,Papua New Guinea
Jungle Patrol (1944 film),Jungle Patrol,jungle patrol,film,1944.0,1944 Australian film,96.28,96.28,1,1,Papua New Guinea,Papua New Guinea,Papua New Guinea
The Rats of Tobruk (film),The Rats of Tobruk,rats of tobruk,film,1944.0,1944 Australian film,96.28,96.28,1,1,Papua New Guinea,Papua New Guinea,Papua New Guinea
Prophecies of Nostradamus,Prophecies of Nostradamus,prophecies of nostradamus,film,1974.0,1974 Japanese film,96.28,96.28,1,1,Papua New Guinea,Papua New Guinea,Papua New Guinea
Red Morning,Red Morning,red morning,film,1934.0,1934 film directed by Wallace Fox,96.28,96.28,1,1,Papua New Guinea,Papua New Guinea,Papua New Guinea
The Timekeeper (2009 film),The Timekeeper,timekeeper,film,2009.0,2009 Canadian film,96.28,96.28,1,1,Northwest Territories,Northwest Territories,Northwest Territories
Kokoda Front Line!,Kokoda Front Line!,kokoda front line,film,1942.0,1942 Australian film,96.28,96.28,1,1,Papua New Guinea,Papua New Guinea,Papua New Guinea
Mr. Pip,Mr. Pip,mr. pip,film,2012.0,2012 film directed by Andrew Adamson,96.28,96.28,1,1,Papua New Guinea,Papua New Guinea,Papua New Guinea
Papa Buka,Papa Buka,papa buka,film,2025.0,2025 Papua New Guinea drama film,96.28,96.28,1,1,Papua New Guinea,Papua New Guinea,Papua New Guinea
Pearls and Savages,Pearls and Savages,pearls and savages,film,1921.0,1921 film by Frank Hurley,96.28,96.28,1,1,Papua New Guinea,Papua New Guinea,Papua New Guinea
In a Savage Land,In a Savage Land,in a savage land,film,1999.0,1999 Australian film,96.28,96.28,1,1,Papua New Guinea,Papua New Guinea,Papua New Guinea
Farewell Rabaul,Farewell Rabaul,farewell rabaul,film,1954.0,1954 Japanese film,96.28,96.28,1,1,Papua New Guinea,Papua New Guinea,Papua New Guinea
Born Free,Born Free,born free,film,1966.0,1966 British film by James Hill,96.28,96.28,1,1,Papua New Guinea,Papua New Guinea,Papua New Guinea
The Devil's Playground (1928 film),The Devil's Playground,devils playground,film,1928.0,1928 film,96.28,96.28,1,1,Papua New Guinea,Papua New Guinea,Papua New Guinea
Australia's Own,Australia's Own,australias own,film,1919.0,1919 film,96.28,96.28,1,1,Papua New Guinea,Papua New Guinea,Papua New Guinea
Eaten Alive!,Eaten Alive!,eaten alive,film,1980.0,1980 Italian horror film directed by Umberto Lenzi,96.28,96.28,1,1,Papua New Guinea,Papua New Guinea,Papua New Guinea
Seven Women from Hell,Seven Women from Hell,seven women from hell,film,1961.0,1961 film by Robert D. Webb,96.28,96.28,1,1,Papua New Guinea,Papua New Guinea,Papua New Guinea
Harry's War (1999 film),Harry's War,harrys war,film,1999.0,1999 Australian film,96.28,96.28,1,1,Papua New Guinea,Papua New Guinea,Papua New Guinea
Skullduggery (1970 film),Skullduggery,skullduggery,film,1970.0,1970 adventure film by Gordon Douglas,96.28,96.28,1,1,Papua New Guinea,Papua New Guinea,Papua New Guinea
Slave of the Cannibal God,Slave of the Cannibal God,slave of the cannibal god,film,1978.0,1978 Italian horror film directed by Sergio Martino,96.28,96.28,1,1,Papua New Guinea,Papua New Guinea,Papua New Guinea
To Have & to Hold (1996 film),To Have & to Hold,to have & to hold,film,1996.0,1996 Australian film,96.28,96.28,1,1,Papua New Guinea,Papua New Guinea,Papua New Guinea
Sun Come Up (film),Sun Come Up,sun come up,film,2010.0,2010 American film,96.28,96.28,1,1,Papua New Guinea,Papua New Guinea,Papua New Guinea
La Vallée (film),La Vallée,la vallee,film,1972.0,1972 film by Barbet Schroeder,96.28,96.28,1,1,Papua New Guinea,Papua New Guinea,Papua New Guinea
The Wackiest Ship in the Army (film),The Wackiest Ship in the Army,wackiest ship in the army,film,1960.0,1960 film by Richard Murphy,96.28,96.28,1,1,Papua New Guinea,Papua New Guinea,Papua New Guinea
Walk Into Paradise,Walk Into Paradise,walk into paradise,film,1956.0,1956 film,96.28,96.28,1,1,Papua New Guinea,Papua New Guinea,Papua New Guinea
Under the Flag of the Rising Sun,Under the Flag of the Rising Sun,under the flag of the rising sun,film,1971.0,1971 film by Kinji Fukasaku,96.28,96.28,1,1,Papua New Guinea,Papua New Guinea,Papua New Guinea
Mister Pip,Mister Pip,mister pip,novel,,Book by Lloyd Jones,96.28,96.28,1,1,Papua New Guinea,Papua New Guinea,Papua New Guinea
The Mountain (novel),The Mountain,mountain,novel,,Book by Drusilla Modjeska,96.28,96.28,1,1,Papua New Guinea,Papua New Guinea,Papua New Guinea
Alien Thunder,Alien Thunder,alien thunder,film,1974.0,1974 Canadian Northern film,96.28,96.28,1,1,Northwest Territories,Northwest Territories,Northwest Territories
The Whale Rider,The Whale Rider,whale rider,novel,1987.0,1987 Witi Ihimaera novel,96.28,96.28,1,1,Papua New Guinea,Papua New Guinea,Papua New Guinea
The Necessities of Life,The Necessities of Life,necessities of life,film,2008.0,2008 Canadian film,96.28,96.28,1,1,Northwest Territories,Northwest Territories,Northwest Territories
The Sun at Midnight,The Sun at Midnight,sun at midnight,film,2016.0,2016 Canadian drama film directed by Kirsten Carthew,96.28,96.28,1,1,Northwest Territories,Northwest Territories,Northwest Territories
Gunfighters of the Northwest,Gunfighters of the Northwest,gunfighters of the northwest,film,1954.0,"1954 film by Spencer Gordon Bennet, Charles S. Gould",96.28,96.28,1,1,Northwest Territories,Northwest Territories,Northwest Territories
The Lesser Blessed (film),The Lesser Blessed,lesser blessed,film,2012.0,2012 Canadian film,96.28,96.28,1,1,Northwest Territories,Northwest Territories,Northwest Territories
Captain Nemo and the Underwater City,Captain Nemo and the Underwater City,captain nemo and the underwater city,film,1969.0,1969 British film by James Hill,96.05,96.05,1,1,Twenty Thousand Leagues Under the Sea,Twenty Thousand Leagues Under the Sea,Twenty Thousand Leagues Under the Sea
Under the Seas,Under the Seas,under the seas,film,1907.0,1907 French film,96.05,96.05,1,1,Twenty Thousand Leagues Under the Sea,Twenty Thousand Leagues Under the Sea,Twenty Thousand Leagues Under the Sea
"30,000 Miles Under the Sea","30,000 Miles Under the Sea",30000 miles under the sea,film,1970.0,1970 film,96.05,96.05,1,1,Twenty Thousand Leagues Under the Sea,Twenty Thousand Leagues Under the Sea,Twenty Thousand Leagues Under the Sea
"20,000 Leagues Under the Sea (1985 film)","20,000 Leagues Under the Sea",20000 leagues under the sea,film,1985.0,1985 film,96.05,96.05,1,1,Twenty Thousand Leagues Under the Sea,Twenty Thousand Leagues Under the Sea,Twenty Thousand Leagues Under the Sea
Cartesian linguistics,Cartesian linguistics,cartesian linguistics,novel,,Book by Noam Chomsky,95.94,95.94,1,1,(René) Descartes,(René) Descartes,(René) Descartes
Conversations on the Plurality of Worlds,Conversations on the Plurality of Worlds,conversations on the plurality of worlds,novel,,1686 book by Bernard le Bovier de Fontenelle,95.94,95.94,1,1,(René) Descartes,(René) Descartes,(René) Descartes
Cartesian Reflections,Cartesian Reflections,cartesian reflections,novel,2008.0,2008 book by John Cottingham,95.94,95.94,1,1,(René) Descartes,(René) Descartes,(René) Descartes
Cartesian Meditations,Cartesian Meditations,cartesian meditations,novel,,Book by Edmund Husserl,95.94,95.94,1,1,(René) Descartes,(René) Descartes,(René) Descartes
Descartes on Polyhedra,Descartes on Polyhedra,descartes on polyhedra,novel,,Book by Pasquale Joseph Federico,95.94,95.94,1,1,(René) Descartes,(René) Descartes,(René) Descartes
Descartes's Gambit,Descartes's Gambit,descartess gambit,novel,1988.0,1988 book by Peter Markie,95.94,95.94,1,1,(René) Descartes,(René) Descartes,(René) Descartes
The Hammer of the Cartesians,The Hammer of the Cartesians,hammer of the cartesians,novel,2013.0,2013 book by David Leech,95.94,95.94,1,1,(René) Descartes,(René) Descartes,(René) Descartes
The Border (1982 film),The Border,border,film,1982.0,1982 film by Tony Richardson,95.87,95.87,1,1,El Paso,El Paso,El Paso
Aristotle and Dante Discover the Secrets of the Universe (film),Aristotle and Dante Discover the Secrets of the Universe,aristotle and dante discover the secrets of the universe,film,2022.0,2022 film by Aitch Alberto,95.87,95.87,1,1,El Paso,El Paso,El Paso
Trap House (film),Trap House,trap house,film,2025.0,2025 film by Michael Dowse,95.87,95.87,1,1,El Paso,El Paso,El Paso
Dead Man's Walk,Dead Man's Walk,dead mans walk,novel,1995.0,1995 novel by Larry McMurtry,95.87,95.87,1,1,El Paso,El Paso,El Paso
Aristotle and Dante Discover the Secrets of the Universe,Aristotle and Dante Discover the Secrets of the Universe,aristotle and dante discover the secrets of the universe,novel,2012.0,2012 young adult novel by Benjamin Alire Sáenz,95.87,95.87,1,1,El Paso,El Paso,El Paso
The Tennis Partner,The Tennis Partner,tennis partner,novel,1999.0,1999 novel by Abraham Verghese,95.87,95.87,1,1,El Paso,El Paso,El Paso
From This Wicked Patch of Dust,From This Wicked Patch of Dust,from this wicked patch of dust,novel,2011.0,2011 novel by Sergio Troncoso,95.87,95.87,1,1,El Paso,El Paso,El Paso
Logan (film),Logan,logan,film,2017.0,2017 film by James Mangold,95.87,95.87,1,1,El Paso,El Paso,El Paso
Memory (2022 film),Memory,memory,film,2022.0,2022 American film by Martin Campbell,95.87,95.87,1,1,El Paso,El Paso,El Paso
The Forever Purge,The Forever Purge,forever purge,film,2021.0,2021 film by Everardo Valerio Gout,95.87,95.87,1,1,El Paso,El Paso,El Paso
The Hound of the Baskervilles (1939 film),The Hound of the Baskervilles,hound of the baskervilles,film,1939.0,1939 film by Sidney Lanfield,95.81,95.81,1,1,Hound of the Baskervilles,Hound of the Baskervilles,Hound of the Baskervilles
The Hound of the Baskervilles (1972 film),The Hound of the Baskervilles,hound of the baskervilles,film,1972.0,1972 film directed by Barry Crane,95.81,95.81,1,1,Hound of the Baskervilles,Hound of the Baskervilles,Hound of the Baskervilles
The Hound of the Baskervilles (1978 film),The Hound of the Baskervilles,hound of the baskervilles,film,1978.0,1978 British film,95.81,95.81,1,1,Hound of the Baskervilles,Hound of the Baskervilles,Hound of the Baskervilles
The Hound of the Baskervilles (1983 film),The Hound of the Baskervilles,hound of the baskervilles,film,1983.0,1983 film directed by Douglas Hickox,95.81,95.81,1,1,Hound of the Baskervilles,Hound of the Baskervilles,Hound of the Baskervilles
The Hound of the Baskervilles (1959 film),The Hound of the Baskervilles,hound of the baskervilles,film,1959.0,1959 film by Terence Fisher,95.81,95.81,1,1,Hound of the Baskervilles,Hound of the Baskervilles,Hound of the Baskervilles
Jighansa,Jighansa,jighansa,film,1951.0,1951 Bengali thriller film by Ajoy Kar,95.81,95.81,1,1,Hound of the Baskervilles,Hound of the Baskervilles,Hound of the Baskervilles
The Hound of the Baskervilles (1929 film),The Hound of the Baskervilles,hound of the baskervilles,film,1929.0,1929 film,95.81,95.81,1,1,Hound of the Baskervilles,Hound of the Baskervilles,Hound of the Baskervilles
The Hound of the Baskervilles (1932 film),The Hound of the Baskervilles,hound of the baskervilles,film,1932.0,1932 film,95.81,95.81,1,1,Hound of the Baskervilles,Hound of the Baskervilles,Hound of the Baskervilles
The Hound of the Baskervilles (1921 film),The Hound of the Baskervilles,hound of the baskervilles,film,1921.0,1921 film by Maurice Elvey,95.81,95.81,1,1,Hound of the Baskervilles,Hound of the Baskervilles,Hound of the Baskervilles
The Hound of the Baskervilles (2000 film),The Hound of the Baskervilles,hound of the baskervilles,film,2000.0,2000 film directed by Rodney Gibbons,95.81,95.81,1,1,Hound of the Baskervilles,Hound of the Baskervilles,Hound of the Baskervilles
Bees Saal Baad (1962 film),Bees Saal Baad,bees saal baad,film,1962.0,1962 film,95.81,95.81,1,1,Hound of the Baskervilles,Hound of the Baskervilles,Hound of the Baskervilles
Der Hund von Baskerville,Der Hund von Baskerville,der hund von baskerville,film,1914.0,1914 film by Rudolf Meinert,95.81,95.81,1,1,Hound of the Baskervilles,Hound of the Baskervilles,Hound of the Baskervilles
The Hound of the Baskervilles (1937 film),The Hound of the Baskervilles,hound of the baskervilles,film,1937.0,1937 film,95.81,95.81,1,1,Hound of the Baskervilles,Hound of the Baskervilles,Hound of the Baskervilles
The Hound of the Baskervilles (2002 film),The Hound of the Baskervilles,hound of the baskervilles,film,2002.0,2002 film directed by David Attwood,95.81,95.81,1,1,Hound of the Baskervilles,Hound of the Baskervilles,Hound of the Baskervilles
The Master as I Saw Him,The Master as I Saw Him,master as i saw him,novel,1910.0,1910 book by Sister Nivedita,95.78,95.78,1,1,Swami Vivekananda,Swami Vivekananda,Swami Vivekananda
Swami Vivekananda (1998 film),Swami Vivekananda,swami vivekananda,film,1998.0,1998 Indian film by G. V. Iyer,95.78,95.78,1,1,Swami Vivekananda,Swami Vivekananda,Swami Vivekananda
Swamiji (film),Swamiji,swamiji,film,2012.0,2012 Indian film,95.78,95.78,1,1,Swami Vivekananda,Swami Vivekananda,Swami Vivekananda
The Light: Swami Vivekananda,The Light: Swami Vivekananda,light swami vivekananda,film,2013.0,2013 Indian film,95.78,95.78,1,1,Swami Vivekananda,Swami Vivekananda,Swami Vivekananda
Notes of Some Wanderings with the Swami Vivekananda,Notes of Some Wanderings with the Swami Vivekananda,notes of some wanderings with the swami vivekananda,novel,1913.0,1913 book by Sister Nivedita,95.78,95.78,1,1,Swami Vivekananda,Swami Vivekananda,Swami Vivekananda
Bireswar Vivekananda,Bireswar Vivekananda,bireswar vivekananda,film,1964.0,1964 film,95.78,95.78,1,1,Swami Vivekananda,Swami Vivekananda,Swami Vivekananda
Swami Vivekananda (1955 film),Swami Vivekananda,swami vivekananda,film,1955.0,1955 film by Amar Mullick,95.78,95.78,1,1,Swami Vivekananda,Swami Vivekananda,Swami Vivekananda
Stronger Together (book),Stronger Together,stronger together,novel,,Book by Hillary Clinton and Tim Kaine,95.55,95.55,1,1,Hillary Rodham Clinton,Hillary Rodham Clinton,Hillary Rodham Clinton
Hard Choices,Hard Choices,hard choices,novel,2014.0,2014 book by Hillary Clinton,95.55,95.55,1,1,Hillary Rodham Clinton,Hillary Rodham Clinton,Hillary Rodham Clinton
The Marriage of Figaro (1920 film),The Marriage of Figaro,marriage of figaro,film,1920.0,1920 film,95.55,95.55,1,1,Marriage of Figaro,Marriage of Figaro,Marriage of Figaro
Shattered: Inside Hillary Clinton's Doomed Campaign,Shattered: Inside Hillary Clinton's Doomed Campaign,shattered inside hillary clintons doomed campaign,novel,2017.0,2017 book by Jonathan Allen and Amie Parnes,95.55,95.55,1,1,Hillary Rodham Clinton,Hillary Rodham Clinton,Hillary Rodham Clinton
Ship of Fools (Carlson book),Ship of Fools (Carlson book),ship of fools carlson book,novel,,Political book by Tucker Carlson,95.55,95.55,1,1,Hillary Rodham Clinton,Hillary Rodham Clinton,Hillary Rodham Clinton
A Woman in Charge,A Woman in Charge,woman in charge,novel,2007.0,2007 book by Carl Bernstein,95.55,95.55,1,1,Hillary Rodham Clinton,Hillary Rodham Clinton,Hillary Rodham Clinton
The Marriage of Figaro (1949 film),The Marriage of Figaro,marriage of figaro,film,1949.0,1949 film,95.55,95.55,1,1,Marriage of Figaro,Marriage of Figaro,Marriage of Figaro
Hacks: The Inside Story,Hacks: The Inside Story,hacks the inside story,novel,2017.0,2017 book by Donna Brazile,95.55,95.55,1,1,Hillary Rodham Clinton,Hillary Rodham Clinton,Hillary Rodham Clinton
Figaro (film),Figaro,figaro,film,1929.0,1929 film,95.55,95.55,1,1,Marriage of Figaro,Marriage of Figaro,Marriage of Figaro
It Happened in Acapulco,It Happened in Acapulco,it happened in acapulco,film,1953.0,1953 film by Alejandro Galindo,95.52,95.52,1,1,Acapulco de Juárez,Acapulco de Juárez,Acapulco de Juárez
Serenade in Acapulco,Serenade in Acapulco,serenade in acapulco,film,1951.0,1951 film,95.52,95.52,1,1,Acapulco de Juárez,Acapulco de Juárez,Acapulco de Juárez
The Lady from Shanghai,The Lady from Shanghai,lady from shanghai,film,1947.0,1947 film by Orson Welles,95.52,95.52,1,1,Acapulco de Juárez,Acapulco de Juárez,Acapulco de Juárez
8 Heads in a Duffel Bag,8 Heads in a Duffel Bag,8 heads in a duffel bag,film,1997.0,1997 black comedy film by Tom Schulman,95.52,95.52,1,1,Acapulco de Juárez,Acapulco de Juárez,Acapulco de Juárez
Acapulco (film),Acapulco,acapulco,film,1952.0,1952 film by Emilio Fernández,95.52,95.52,1,1,Acapulco de Juárez,Acapulco de Juárez,Acapulco de Juárez
Fun in Acapulco,Fun in Acapulco,fun in acapulco,film,1963.0,1963 film by Richard Thorpe,95.52,95.52,1,1,Acapulco de Juárez,Acapulco de Juárez,Acapulco de Juárez
Instructions Not Included,Instructions Not Included,instructions not included,film,2013.0,2013 Mexican film,95.52,95.52,1,1,Acapulco de Juárez,Acapulco de Juárez,Acapulco de Juárez
What Idiots Men Are,What Idiots Men Are,what idiots men are,film,1951.0,1951 film,95.52,95.52,1,1,Acapulco de Juárez,Acapulco de Juárez,Acapulco de Juárez
Sinbad the Seasick,Sinbad the Seasick,sinbad the seasick,film,1950.0,1950 film,95.52,95.52,1,1,Acapulco de Juárez,Acapulco de Juárez,Acapulco de Juárez
Vacations in Acapulco,Vacations in Acapulco,vacations in acapulco,film,1961.0,1961 Mexican comedy film directed by Fernando Cortés,95.52,95.52,1,1,Acapulco de Juárez,Acapulco de Juárez,Acapulco de Juárez
A Woman's Devotion,A Woman's Devotion,womans devotion,film,1956.0,1956 film by Paul Henreid,95.52,95.52,1,1,Acapulco de Juárez,Acapulco de Juárez,Acapulco de Juárez
Sol Madrid,Sol Madrid,sol madrid,film,1968.0,1968 film by Brian G. Hutton,95.52,95.52,1,1,Acapulco de Juárez,Acapulco de Juárez,Acapulco de Juárez
A Tribute to Kurt Cobain,A Tribute to Kurt Cobain,tribute to kurt cobain,film,1994.0,1994 English film,95.3,0.0,1,0,Kurt Cobain,Kurt Cobain,
Teen Spirit: The Tribute to Kurt Cobain,Teen Spirit: The Tribute to Kurt Cobain,teen spirit the tribute to kurt cobain,film,1996.0,1996 film,95.3,0.0,1,0,Kurt Cobain,Kurt Cobain,
Kurt Cobain: About a Son,Kurt Cobain: About a Son,kurt cobain about a son,film,2006.0,2006 American film,95.3,0.0,1,0,Kurt Cobain,Kurt Cobain,
The Vigil (1998 film),The Vigil,vigil,film,1998.0,1998 Canadian film,95.3,0.0,1,0,Kurt Cobain,Kurt Cobain,
The Last 48 Hours of Kurt Cobain,The Last 48 Hours of Kurt Cobain,last 48 hours of kurt cobain,film,2006.0,2006 British film,95.3,0.0,1,0,Kurt Cobain,Kurt Cobain,
Al Compás de tu Mentira,Al Compás de tu Mentira,al compas de tu mentira,film,1950.0,1950 Argentine film,95.25,95.25,1,1,Importance of Being Earnest,Importance of Being Earnest,Importance of Being Earnest
Mencari Rahmat,Mencari Rahmat,mencari rahmat,film,2017.0,2017 Malaysian film,95.25,95.25,1,1,Importance of Being Earnest,Importance of Being Earnest,Importance of Being Earnest
Ashta Chamma,Ashta Chamma,ashta chamma,film,2008.0,2008 Indian film,95.25,95.25,1,1,Importance of Being Earnest,Importance of Being Earnest,Importance of Being Earnest
The Importance of Being Earnest (1932 film),The Importance of Being Earnest,importance of being earnest,film,1932.0,1932 film,95.25,95.25,1,1,Importance of Being Earnest,Importance of Being Earnest,Importance of Being Earnest
The Importance of Being Earnest (1952 film),The Importance of Being Earnest,importance of being earnest,film,1952.0,1952 film by Anthony Asquith,95.25,95.25,1,1,Importance of Being Earnest,Importance of Being Earnest,Importance of Being Earnest
The Importance of Being Earnest (1992 film),The Importance of Being Earnest,importance of being earnest,film,1992.0,1992 American film,95.25,95.25,1,1,Importance of Being Earnest,Importance of Being Earnest,Importance of Being Earnest
The Importance of Being Earnest (1957 film),The Importance of Being Earnest,importance of being earnest,film,1957.0,1957 film,95.25,95.25,1,1,Importance of Being Earnest,Importance of Being Earnest,Importance of Being Earnest
The Importance of Being Earnest (2002 film),The Importance of Being Earnest,importance of being earnest,film,2002.0,2002 film by Oliver Parker,95.25,95.25,1,1,Importance of Being Earnest,Importance of Being Earnest,Importance of Being Earnest
The Importance of Being Earnest (2011 film),The Importance of Being Earnest,importance of being earnest,film,2011.0,2011 film by Brian Bedford,95.25,95.25,1,1,Importance of Being Earnest,Importance of Being Earnest,Importance of Being Earnest
Let's Touch Wood,Let's Touch Wood,lets touch wood,film,1933.0,1933 film,95.25,95.25,1,1,Importance of Being Earnest,Importance of Being Earnest,Importance of Being Earnest
Deng Xiaoping and the Transformation of China,Deng Xiaoping and the Transformation of China,deng xiaoping and the transformation of china,novel,2011.0,2011 book by Ezra F. Vogel,95.06,95.06,1,1,Deng Xiaoping,Deng Xiaoping,Deng Xiaoping
Deng Xiaoping and the Making of Modern China,Deng Xiaoping and the Making of Modern China,deng xiaoping and the making of modern china,novel,1993.0,1993 book by Richard Evans,95.06,95.06,1,1,Deng Xiaoping,Deng Xiaoping,Deng Xiaoping
Blood to the Head,Blood to the Head,blood to the head,film,1956.0,1956 film,95.04,0.0,1,0,La Rochelle,La Rochelle,
Young Cardinaud,Young Cardinaud,young cardinaud,novel,1942.0,1942 novel,95.04,0.0,1,0,La Rochelle,La Rochelle,
Strange Inheritance (film),Strange Inheritance,strange inheritance,film,1943.0,1943 film,95.04,0.0,1,0,La Rochelle,La Rochelle,
Emile's Boat,Emile's Boat,emiles boat,film,1962.0,1962 French film,95.04,0.0,1,0,La Rochelle,La Rochelle,
Kuhn vs. Popper,Kuhn vs. Popper,kuhn vs. popper,novel,2003.0,2003 book by Steve Fuller,95.03,95.03,1,1,Karl Popper,Karl Popper,Karl Popper
Popper and After,Popper and After,popper and after,novel,1982.0,1982 book by David Stove,95.03,95.03,1,1,Karl Popper,Karl Popper,Karl Popper
The Heart of a Nation,The Heart of a Nation,heart of a nation,film,1943.0,1943 French film,94.91,94.91,1,1,Franco-Prussian War,Franco-Prussian War,Franco-Prussian War
The Green Mare (film),The Green Mare,green mare,film,1959.0,1959 film by Claude Autant-Lara,94.91,94.91,1,1,Franco-Prussian War,Franco-Prussian War,Franco-Prussian War
Robert Helmont,Robert Helmont,robert helmont,novel,,French novella,94.91,94.91,1,1,Franco-Prussian War,Franco-Prussian War,Franco-Prussian War
Young Man's Fancy (film),Young Man's Fancy,young mans fancy,film,1939.0,1939 film by Robert Stevenson,94.91,94.91,1,1,Franco-Prussian War,Franco-Prussian War,Franco-Prussian War
The Goose of Sedan,The Goose of Sedan,goose of sedan,film,1959.0,1959 film,94.91,94.91,1,1,Franco-Prussian War,Franco-Prussian War,Franco-Prussian War
Mademoiselle Fifi (film),Mademoiselle Fifi,mademoiselle fifi,film,1944.0,1944 film by Robert Wise,94.91,94.91,1,1,Franco-Prussian War,Franco-Prussian War,Franco-Prussian War
The Prussian Spy,The Prussian Spy,prussian spy,film,1909.0,1909 film,94.91,94.91,1,1,Franco-Prussian War,Franco-Prussian War,Franco-Prussian War
Spy of Napoleon,Spy of Napoleon,spy of napoleon,film,1936.0,1936 film,94.91,94.91,1,1,Franco-Prussian War,Franco-Prussian War,Franco-Prussian War
The Story of Louis Pasteur,The Story of Louis Pasteur,story of louis pasteur,film,1936.0,1936 film by William Dieterle,94.91,94.91,1,1,Franco-Prussian War,Franco-Prussian War,Franco-Prussian War
The Traitress,The Traitress,traitress,film,1911.0,1911 film,94.91,94.91,1,1,Franco-Prussian War,Franco-Prussian War,Franco-Prussian War
Wedding in Barenhof,Wedding in Barenhof,wedding in barenhof,film,1942.0,1942 film,94.91,94.91,1,1,Franco-Prussian War,Franco-Prussian War,Franco-Prussian War
"Another Man, Another Chance","Another Man, Another Chance",another man another chance,film,1977.0,1977 film,94.91,94.91,1,1,Franco-Prussian War,Franco-Prussian War,Franco-Prussian War
Bismarck (1940 film),Bismarck,bismarck,film,1940.0,1940 film by Wolfgang Liebeneiner,94.91,94.91,1,1,Franco-Prussian War,Franco-Prussian War,Franco-Prussian War
Captain Nemo: The Fantastic History of a Dark Genius,Captain Nemo: The Fantastic History of a Dark Genius,captain nemo the fantastic history of a dark genius,novel,,Novel by Kevin J. Anderson,94.91,94.91,1,1,Franco-Prussian War,Franco-Prussian War,Franco-Prussian War
Field of Honor (1987 film),Field of Honor,field of honor,film,1987.0,1987 French film,94.91,94.91,1,1,Franco-Prussian War,Franco-Prussian War,Franco-Prussian War
Boule de Suif (1934 film),Boule de Suif,boule de suif,film,1934.0,1934 Soviet film,94.91,94.91,1,1,Franco-Prussian War,Franco-Prussian War,Franco-Prussian War
Boule de Suif (1945 film),Boule de Suif,boule de suif,film,1945.0,1945 French film,94.91,94.91,1,1,Franco-Prussian War,Franco-Prussian War,Franco-Prussian War
The Flame (1952 film),The Flame,flame,film,1952.0,1952 film by Alessandro Blasetti,94.91,94.91,1,1,Franco-Prussian War,Franco-Prussian War,Franco-Prussian War
The Last Cartridges,The Last Cartridges,last cartridges,film,1897.0,1897 film,94.91,94.91,1,1,Franco-Prussian War,Franco-Prussian War,Franco-Prussian War
A Day Will Come (1950 film),A Day Will Come,day will come,film,1950.0,1950 film,94.91,94.91,1,1,Franco-Prussian War,Franco-Prussian War,Franco-Prussian War
The Werewolf of Paris,The Werewolf of Paris,werewolf of paris,novel,1933.0,1933 novel by Guy Endore,94.91,94.91,1,1,Franco-Prussian War,Franco-Prussian War,Franco-Prussian War
The Heroine (film),The Heroine,heroine,film,,Unfinished film directed by Orson Welles,94.91,94.91,1,1,Franco-Prussian War,Franco-Prussian War,Franco-Prussian War
Alice's Restaurant (film),Alice's Restaurant,alices restaurant,film,1969.0,1969 Arthur Penn film starring Arlo Guthrie,94.87,0.0,1,0,New York,New York,
Alia's Birth,Alia's Birth,alias birth,film,2021.0,2021 American film,94.87,0.0,1,0,New York,New York,
Ace the Case,Ace the Case,ace the case,film,2016.0,2016 American film,94.87,0.0,1,0,New York,New York,
Across the Pacific,Across the Pacific,across the pacific,film,1942.0,1942 film,94.87,0.0,1,0,New York,New York,
Adam (2019 American film),Adam,adam,film,2019.0,2019 film,94.87,0.0,1,0,New York,New York,
Adam & Steve,Adam & Steve,adam & steve,film,2005.0,2005 American film,94.87,0.0,1,0,New York,New York,
Adam's Rib,Adam's Rib,adams rib,film,1949.0,1949 film by George Cukor,94.87,0.0,1,0,New York,New York,
Addicted to Love (film),Addicted to Love,addicted to love,film,1997.0,1997 romantic comedy film directed by Griffin Dunne,94.87,0.0,1,0,New York,New York,
All the Vermeers in New York,All the Vermeers in New York,all the vermeers in new york,film,1990.0,1990 American film,94.87,0.0,1,0,New York,New York,
The Accidental Husband,The Accidental Husband,accidental husband,film,2008.0,2008 American rom-com film,94.87,0.0,1,0,New York,New York,
"Boy, Snow, Bird","Boy, Snow, Bird",boy snow bird,novel,2014.0,2014 novel by British author Helen Oyeyemi,94.87,0.0,1,0,New York,New York,
Blood and Guts in High School,Blood and Guts in High School,blood and guts in high school,novel,,Book by Kathy Acker,94.87,0.0,1,0,New York,New York,
Burning Down the House (novel),Burning Down the House,burning down the house,novel,2016.0,2016 novel by Jane Mendelsohn,94.87,0.0,1,0,New York,New York,
Burnt Shadows,Burnt Shadows,burnt shadows,novel,2009.0,2009 novel by Kamila Shamsie,94.87,0.0,1,0,New York,New York,
The Bourne Identity (novel),The Bourne Identity,bourne identity,novel,1980.0,1980 spy novel by Robert Ludlum,94.87,0.0,1,0,New York,New York,
The Ambulance,The Ambulance,ambulance,film,1990.0,1990 film by Larry Cohen,94.87,0.0,1,0,New York,New York,
Amelia's Children,Amelia's Children,amelias children,film,2023.0,2023 Portuguese film,94.87,0.0,1,0,New York,New York,
America America,America America,america america,film,1963.0,1963 American dramatic film by Elia Kazan,94.87,0.0,1,0,New York,New York,
An Affair of the Skin,An Affair of the Skin,affair of the skin,film,1963.0,1963 American film,94.87,0.0,1,0,New York,New York,
An Affair to Remember,An Affair to Remember,affair to remember,film,1957.0,1957 film by Leo McCarey,94.87,0.0,1,0,New York,New York,
Affairs of a Gentleman,Affairs of a Gentleman,affairs of a gentleman,film,1934.0,1934 American drama film directed by Edwin L. Marin,94.87,0.0,1,0,New York,New York,
Affectionately Yours,Affectionately Yours,affectionately yours,film,1941.0,1941 film,94.87,0.0,1,0,New York,New York,
All God's Creatures,All God's Creatures,all gods creatures,film,2011.0,2011 American film,94.87,0.0,1,0,New York,New York,
All I Want for Christmas (film),All I Want for Christmas,all i want for christmas,film,1991.0,1991 film by Robert Lieberman,94.87,0.0,1,0,New York,New York,
All in a Night's Work (film),All in a Night's Work,all in a nights work,film,1961.0,1961 film,94.87,0.0,1,0,New York,New York,
All Over Me (film),All Over Me,all over me,film,1997.0,1997 film by Alex Sichel,94.87,0.0,1,0,New York,New York,
All the Fine Young Cannibals,All the Fine Young Cannibals,all the fine young cannibals,film,1960.0,1960 film,94.87,0.0,1,0,New York,New York,
Another Brooklyn,Another Brooklyn,another brooklyn,novel,2016.0,2016 novel by Jacqueline Woodson,94.87,0.0,1,0,New York,New York,
Another Country (novel),Another Country,another country,novel,1962.0,1962 novel by James Baldwin,94.87,0.0,1,0,New York,New York,
Anthropology of an American Girl,Anthropology of an American Girl,anthropology of an american girl,novel,2003.0,2003 novel by Hilary Thayer Hamann,94.87,0.0,1,0,New York,New York,
Alexander's Ragtime Band (film),Alexander's Ragtime Band,alexanders ragtime band,film,1938.0,1938 film by Henry King,94.87,0.0,1,0,New York,New York,
The 5th Wave (film),The 5th Wave,5th wave,film,2016.0,2016 film by J Blakeson,94.87,0.0,1,0,New York,New York,
Aleksandr's Price,Aleksandr's Price,aleksandrs price,film,2013.0,2013 film,94.87,0.0,1,0,New York,New York,
"Aggie Appleby, Maker of Men","Aggie Appleby, Maker of Men",aggie appleby maker of men,film,1933.0,1933 film by Mark Sandrich,94.87,0.0,1,0,New York,New York,
Age Isn't Everything,Age Isn't Everything,age isnt everything,film,1991.0,1991 American film,94.87,0.0,1,0,New York,New York,
After.Life,After.Life,after.life,film,2009.0,2009 American film,94.87,0.0,1,0,New York,New York,
After the Wedding (2019 film),After the Wedding,after the wedding,film,2019.0,2019 American drama film by Baurt Freundlich,94.87,0.0,1,0,New York,New York,
After the Show (film),After the Show,after the show,film,1921.0,1921 film by William C. deMille,94.87,0.0,1,0,New York,New York,
Adrift in Manhattan,Adrift in Manhattan,adrift in manhattan,film,2007.0,2007 American film,94.87,0.0,1,0,New York,New York,
The Adorable Deceiver,The Adorable Deceiver,adorable deceiver,film,1926.0,1926 film by Phil Rosen,94.87,0.0,1,0,New York,New York,
The Adjustment Bureau,The Adjustment Bureau,adjustment bureau,film,2011.0,2011 film by George Nolfi,94.87,0.0,1,0,New York,New York,
The Addiction,The Addiction,addiction,film,1995.0,1995 American horror film,94.87,0.0,1,0,New York,New York,
99 River Street,99 River Street,99 river street,film,1953.0,1953 film noir directed by Phil Karlson,94.87,0.0,1,0,New York,New York,
84 Charing Cross Road (film),84 Charing Cross Road,84 charing cross road,film,1987.0,1987 film by David Hugh Jones,94.87,0.0,1,0,New York,New York,
52nd Street (film),52nd Street,52nd street,film,1937.0,1937 film,94.87,0.0,1,0,New York,New York,
.45 (film),.45,.45,film,2006.0,2006 independent thriller film by Gary Lennon,94.87,0.0,1,0,New York,New York,
40-Horse Hawkins,40-Horse Hawkins,40-horse hawkins,film,1924.0,1924 film by Edward Sedgwick,94.87,0.0,1,0,New York,New York,
40 Carats (film),40 Carats,40 carats,film,1973.0,"1973 film by Milton Katselas, M. J. Frankovich",94.87,0.0,1,0,New York,New York,
The Alto Knights,The Alto Knights,alto knights,film,2025.0,2025 film by Barry Levinson,94.87,0.0,1,0,New York,New York,
Alone Together (2022 film),Alone Together,alone together,film,2022.0,2022 film by Katie Holmes,94.87,0.0,1,0,New York,New York,
Alone/Together,Alone/Together,alone/together,film,2019.0,2019 Filipino romance film,94.87,0.0,1,0,New York,New York,
Allure (2014 film),Allure,allure,film,2014.0,2014 American film,94.87,0.0,1,0,New York,New York,
All Through the Night (film),All Through the Night,all through the night,film,1942.0,1942 film,94.87,0.0,1,0,New York,New York,
39 East (film),39 East,39 east,film,1920.0,1920 film by John S. Robertson,94.87,0.0,1,0,New York,New York,
25th Hour,25th Hour,25th hour,film,2002.0,2002 film by Spike Lee,94.87,0.0,1,0,New York,New York,
16 Blocks,16 Blocks,16 blocks,film,2006.0,2006 film by Richard Donner,94.87,0.0,1,0,New York,New York,
Adventure in Manhattan,Adventure in Manhattan,adventure in manhattan,film,1936.0,1936 film by Edward Ludwig,94.87,0.0,1,0,New York,New York,
9½ Weeks,9½ Weeks,91⁄2 weeks,film,1986.0,1986 film by Adrian Lyne,94.87,0.0,1,0,New York,New York,
9 Lives of a Wet Pussy,9 Lives of a Wet Pussy,9 lives of a wet pussy,film,1976.0,1976 American film,94.87,0.0,1,0,New York,New York,
10 Rules for Sleeping Around,10 Rules for Sleeping Around,10 rules for sleeping around,film,2013.0,2013 film by Leslie Greif,94.87,0.0,1,0,New York,New York,
30 Days (1999 film),30 Days,30 days,film,1999.0,1999 film by Aaron Harnick,94.87,0.0,1,0,New York,New York,
27 Dresses,27 Dresses,27 dresses,film,2008.0,2008 film by Anne Fletcher,94.87,0.0,1,0,New York,New York,
9/11 (2017 film),9/11,9/11,film,2017.0,2017 American film,94.87,0.0,1,0,New York,New York,
5 to 7,5 to 7,5 to 7,film,2014.0,2014 American romantic film,94.87,0.0,1,0,New York,New York,
The 4th Floor (1999 film),The 4th Floor,4th floor,film,1999.0,1999 American film by Josh Klausner,94.87,0.0,1,0,New York,New York,
About Mrs. Leslie,About Mrs. Leslie,about mrs. leslie,film,1954.0,1954 film,94.87,0.0,1,0,New York,New York,
Abducted: The Carlina White Story,Abducted: The Carlina White Story,abducted the carlina white story,film,2012.0,2012 American film,94.87,0.0,1,0,New York,New York,
A Mighty Wind,A Mighty Wind,mighty wind,film,2003.0,2003 film by Christopher Guest,94.87,0.0,1,0,New York,New York,
Abbott and Costello in the Foreign Legion,Abbott and Costello in the Foreign Legion,abbott and costello in the foreign legion,film,1950.0,1950 film by Charles Lamont,94.87,0.0,1,0,New York,New York,
"2019, After the Fall of New York","2019, After the Fall of New York",2019 after the fall of new york,film,1983.0,1983 film directed by Sergio Martino,94.87,0.0,1,0,New York,New York,
2by4,2by4,2by4,film,1998.0,1998 American film,94.87,0.0,1,0,New York,New York,
3 A.M. (2001 film),3 A.M.,3 a.m.,film,2001.0,2001 film by Lee Davis,94.87,0.0,1,0,New York,New York,
2:22 (2017 film),2:22,222,film,2017.0,2017 film by Paul Currie,94.87,0.0,1,0,New York,New York,
The Adventures of Sebastian Cole,The Adventures of Sebastian Cole,adventures of sebastian cole,film,1998.0,1998 American comedy-drama film by Tod Williams,94.87,0.0,1,0,New York,New York,
The Adventures of Rocky and Bullwinkle (film),The Adventures of Rocky and Bullwinkle,adventures of rocky and bullwinkle,film,2000.0,2000 film directed by Des McAnuff,94.87,0.0,1,0,New York,New York,
24 Hours (1931 film),24 Hours,24 hours,film,1931.0,1931 film,94.87,0.0,1,0,New York,New York,
The 24 Hour Woman,The 24 Hour Woman,24 hour woman,film,1999.0,1999 film by Nancy Savoca,94.87,0.0,1,0,New York,New York,
21 Bridges,21 Bridges,21 bridges,film,2019.0,2019 American action thriller film by Brian Kirk,94.87,0.0,1,0,New York,New York,
20 Feet Below: The Darkness Descending,20 Feet Below: The Darkness Descending,20 feet below the darkness descending,film,2013.0,2013 American film,94.87,0.0,1,0,New York,New York,
American Adobo,American Adobo,american adobo,film,2001.0,2001 film by Laurice Guillen,94.87,0.0,1,0,New York,New York,
American Dreams in China,American Dreams in China,american dreams in china,film,2013.0,2013 Chinese film,94.87,0.0,1,0,New York,New York,
10:04,10:04,1004,novel,,Novel by Ben Lerner,94.87,0.0,1,0,New York,New York,
American Hot Wax,American Hot Wax,american hot wax,film,1978.0,1978 film by Floyd Mutrux,94.87,0.0,1,0,New York,New York,
Abeltje,Abeltje,abeltje,novel,1953.0,1953 novel by Annie M. G. Schmidt,94.87,0.0,1,0,New York,New York,
An Absolutely Remarkable Thing,An Absolutely Remarkable Thing,absolutely remarkable thing,novel,2018.0,2018 novel written by Hank Green,94.87,0.0,1,0,New York,New York,
Absolution (Olafsson novel),Absolution (Olafsson novel),absolution olafsson novel,novel,1991.0,1991 novel by Olaf Olafsson,94.87,0.0,1,0,New York,New York,
The 25th Hour,The 25th Hour,25th hour,novel,2001.0,2001 novel by David Benioff,94.87,0.0,1,0,New York,New York,
Absurdistan (novel),Absurdistan,absurdistan,novel,2006.0,2006 novel by Gary Shteyngart,94.87,0.0,1,0,New York,New York,
After the Winter (novel),After the Winter,after the winter,novel,,Novel by Guadalupe Nettel,94.87,0.0,1,0,New York,New York,
The Agent of Death,The Agent of Death,agent of death,novel,1975.0,1975 novel by Nelson DeMille,94.87,0.0,1,0,New York,New York,
After Tupac and D Foster,After Tupac and D Foster,after tupac and d foster,novel,2008.0,2008 book by Jacqueline Woodson,94.87,0.0,1,0,New York,New York,
Audition (Kitamura novel),Audition (Kitamura novel),audition kitamura novel,novel,2025.0,2025 novel by Katie Kitamura,94.87,0.0,1,0,New York,New York,
13: The Musical,13: The Musical,13 the musical,film,2022.0,2022 Netflix film,94.87,0.0,1,0,New York,New York,
15 Minutes,15 Minutes,15 minutes,film,2001.0,2001 film by John Herzfeld,94.87,0.0,1,0,New York,New York,
10 Hours of Walking in NYC as a Woman,10 Hours of Walking in NYC as a Woman,10 hours of walking in nyc as a woman,film,2014.0,2014 American film,94.87,0.0,1,0,New York,New York,
The Amazing Dr. Clitterhouse,The Amazing Dr. Clitterhouse,amazing dr. clitterhouse,film,1938.0,1938 film by Anatole Litvak,94.87,0.0,1,0,New York,New York,
Aunt Jane's Nieces in Society,Aunt Jane's Nieces in Society,aunt janes nieces in society,novel,1910.0,1910 novel written by L. Frank Baum,94.87,0.0,1,0,New York,New York,
Audrey Rose (novel),Audrey Rose,audrey rose,novel,1975.0,1975 novel by Frank De Felitta,94.87,0.0,1,0,New York,New York,
Alan and Naomi (novel),Alan and Naomi,alan and naomi,novel,1977.0,1977 young adult novel by Myron Levoy,94.87,0.0,1,0,New York,New York,
The Alienist,The Alienist,alienist,novel,1994.0,1994 novel by Caleb Carr,94.87,0.0,1,0,New York,New York,
All Souls (novel),All Souls,all souls,novel,2008.0,2008 novel by Christine Schutt,94.87,0.0,1,0,New York,New York,
The All Souls' Waiting Room,The All Souls' Waiting Room,all souls waiting room,novel,2002.0,2002 book by Paki S. Wright,94.87,0.0,1,0,New York,New York,
All the Rivers,All the Rivers,all the rivers,novel,2014.0,2014 novel by Dorit Rabinyan,94.87,0.0,1,0,New York,New York,
Already Dead (Huston novel),Already Dead (Huston novel),already dead huston novel,novel,2005.0,2005 novel by Charlie Huston,94.87,0.0,1,0,New York,New York,
Always Hiding,Always Hiding,always hiding,novel,1998.0,1998 novel by Sophia Romero,94.87,0.0,1,0,New York,New York,
The Amazing Adventures of Kavalier & Clay,The Amazing Adventures of Kavalier & Clay,amazing adventures of kavalier & clay,novel,2000.0,2000 novel by Michael Chabon,94.87,0.0,1,0,New York,New York,
America (novel),America,america,novel,2002.0,2002 young adult novel written by E. R. Frank,94.87,0.0,1,0,New York,New York,
An American Dream (novel),An American Dream,american dream,novel,1965.0,1965 novel by Norman Mailer,94.87,0.0,1,0,New York,New York,
"Among Other Things, I've Taken Up Smoking","Among Other Things, I've Taken Up Smoking",among other things ive taken up smoking,novel,2007.0,2007 novel by Aoibheann Sweeney,94.87,0.0,1,0,New York,New York,
Annie on My Mind,Annie on My Mind,annie on my mind,novel,1982.0,1982 young adult novel by Nancy Garden,94.87,0.0,1,0,New York,New York,
The Beautiful and Damned,The Beautiful and Damned,beautiful and damned,novel,1922.0,1922 novel by F. Scott Fitzgerald,94.87,0.0,1,0,New York,New York,
Beautiful Lies (novel),Beautiful Lies,beautiful lies,novel,2006.0,2006 novel by Lisa Unger,94.87,0.0,1,0,New York,New York,
Beautiful You (novel),Beautiful You,beautiful you,novel,2014.0,2014 novel by Chuck Palahniuk,94.87,0.0,1,0,New York,New York,
Antkind,Antkind,antkind,novel,,Novel by Charlie Kaufman,94.87,0.0,1,0,New York,New York,
Beijinger in New York,Beijinger in New York,beijinger in new york,film,1994.0,1994 Chinese film,94.87,0.0,1,0,New York,New York,
The Believers (novel),The Believers,believers,novel,2008.0,2008 novel by Zoë Heller,94.87,0.0,1,0,New York,New York,
The Benson Murder Case,The Benson Murder Case,benson murder case,novel,1926.0,1926 novel by S. S. Van Dine,94.87,0.0,1,0,New York,New York,
Bergdorf Blondes,Bergdorf Blondes,bergdorf blondes,novel,,Book by Plum Sykes,94.87,0.0,1,0,New York,New York,
Arrowsmith (novel),Arrowsmith,arrowsmith,novel,1925.0,1925 novel by Sinclair Lewis,94.87,0.0,1,0,New York,New York,
The Ask,The Ask,ask,novel,2010.0,2010 novel by Sam Lipsyte,94.87,0.0,1,0,New York,New York,
Ask Me Again (novel),Ask Me Again,ask me again,novel,2024.0,2024 novel by Clare Sestanovich,94.87,0.0,1,0,New York,New York,
Ask Me No Questions (novel),Ask Me No Questions,ask me no questions,novel,2006.0,2006 novel by Marina Budhos,94.87,0.0,1,0,New York,New York,
The Assistant (Malamud novel),The Assistant (Malamud novel),assistant malamud novel,novel,1957.0,1957 novel by Bernard Malamud,94.87,0.0,1,0,New York,New York,
The Astral (novel),The Astral,astral,novel,2011.0,2011 novel by Kate Christensen,94.87,0.0,1,0,New York,New York,
Asymmetry (novel),Asymmetry,asymmetry,novel,2018.0,2018 novel by Lisa Halliday,94.87,0.0,1,0,New York,New York,
Atlas Shrugged,Atlas Shrugged,atlas shrugged,novel,1957.0,1957 novel by Ayn Rand,94.87,0.0,1,0,New York,New York,
Blackstone on Broadway,Blackstone on Broadway,blackstone on broadway,novel,1977.0,1977 novel,94.87,0.0,1,0,New York,New York,
Bleeding Edge (novel),Bleeding Edge,bleeding edge,novel,2013.0,2013 novel by Thomas Pynchon,94.87,0.0,1,0,New York,New York,
Blindsight (Cook novel),Blindsight (Cook novel),blindsight cook novel,novel,1992.0,1992 novel by Robin Cook,94.87,0.0,1,0,New York,New York,
The Autobiography of an Ex-Colored Man,The Autobiography of an Ex-Colored Man,autobiography of an ex-colored man,novel,,Book by James Weldon Johnson,94.87,0.0,1,0,New York,New York,
But Gentlemen Marry Brunettes,But Gentlemen Marry Brunettes,but gentlemen marry brunettes,novel,1927.0,1927 novel by Anita Loos,94.87,0.0,1,0,New York,New York,
The Body Artist,The Body Artist,body artist,novel,2001.0,2001 novella by Don DeLillo,94.87,0.0,1,0,New York,New York,
The Bone Collector (novel),The Bone Collector,bone collector,novel,,Book by Jeffery Deaver,94.87,0.0,1,0,New York,New York,
The Book of Night with Moon,The Book of Night with Moon,book of night with moon,novel,1997.0,1997 novel by Diane Duane,94.87,0.0,1,0,New York,New York,
Baccano!,Baccano!,baccano,novel,,Japanese light novel series,94.87,0.0,1,0,New York,New York,
Bang the Drum Slowly,Bang the Drum Slowly,bang the drum slowly,novel,1956.0,1956 novel by Mark Harris,94.87,0.0,1,0,New York,New York,
Barbary Shore,Barbary Shore,barbary shore,novel,,Novel by Norman Mailer,94.87,0.0,1,0,New York,New York,
Bared to You,Bared to You,bared to you,novel,2012.0,2012 book by Sylvia Day,94.87,0.0,1,0,New York,New York,
Baseball Fever,Baseball Fever,baseball fever,novel,1981.0,1981 novel by Johanna Hurwitz,94.87,0.0,1,0,New York,New York,
The Battle of the Labyrinth,The Battle of the Labyrinth,battle of the labyrinth,novel,2008.0,2008 novel by Rick Riordan,94.87,0.0,1,0,New York,New York,
The Bear Went Over the Mountain (novel),The Bear Went Over the Mountain,bear went over the mountain,novel,1996.0,1996 novel by William Kotzwinkle,94.87,0.0,1,0,New York,New York,
Breakable You,Breakable You,breakable you,novel,,Novel by Brian Morton,94.87,0.0,1,0,New York,New York,
Breakfast at Tiffany's (novella),Breakfast at Tiffany's (novella),breakfast at tiffanys novella,novel,1958.0,1958 novella by American author Truman Capote,94.87,0.0,1,0,New York,New York,
The Breathing Method,The Breathing Method,breathing method,novel,,Novella by Stephen King,94.87,0.0,1,0,New York,New York,
"Bright Lights, Big City (novel)","Bright Lights, Big City",bright lights big city,novel,1984.0,1984 novel by Jay McInerney,94.87,0.0,1,0,New York,New York,
The Broken Vase,The Broken Vase,broken vase,novel,1941.0,1941 novel by Rex Stout,94.87,0.0,1,0,New York,New York,
Beebo Brinker,Beebo Brinker,beebo brinker,novel,1962.0,1962 novel by Ann Bannon,94.87,0.0,1,0,New York,New York,
BUtterfield 8 (novel),BUtterfield 8,butterfield 8,novel,1935.0,1935 novel by John O'Hara,94.87,0.0,1,0,New York,New York,
The Best of Everything (novel),The Best of Everything,best of everything,novel,1958.0,1958 novel by Rona Jaffe,94.87,0.0,1,0,New York,New York,
The Big Clock,The Big Clock,big clock,novel,,Novel by Kenneth Fearing,94.87,0.0,1,0,New York,New York,
The Bishop's Mantle,The Bishop's Mantle,bishops mantle,novel,1948.0,1948 novel by Agnes Sligh Turnbull,94.87,0.0,1,0,New York,New York,
The Black Stiletto,The Black Stiletto,black stiletto,novel,2011.0,2011 novel by Raymond Benson,94.87,0.0,1,0,New York,New York,
The Butterfly Kid,The Butterfly Kid,butterfly kid,novel,1967.0,1967 novel by Chester Anderson,94.87,0.0,1,0,New York,New York,
The Bronze Buddha: A Mystery,The Bronze Buddha: A Mystery,bronze buddha a mystery,novel,,Novel by Cora Linn Daniels,94.87,0.0,1,0,New York,New York,
Brother Jonathan (novel),Brother Jonathan,brother jonathan,novel,1825.0,1825 historical novel by John Neal,94.87,0.0,1,0,New York,New York,
Bunny Lake Is Missing (novel),Bunny Lake Is Missing,bunny lake is missing,novel,1957.0,1957 novel by Merriam Modell,94.87,0.0,1,0,New York,New York,
The Black-Eyed Stranger,The Black-Eyed Stranger,black-eyed stranger,novel,1951.0,1951 novel,94.87,0.0,1,0,New York,New York,
The Blackbirder,The Blackbirder,blackbirder,novel,1943.0,1943 novel,94.87,0.0,1,0,New York,New York,
Blackout (young adult novel),Blackout (young adult novel),blackout young adult novel,novel,,Young adult novel,94.87,0.0,1,0,New York,New York,
Ticket to Paradise (2022 film),Ticket to Paradise,ticket to paradise,film,2022.0,Film by Ol Parker,94.75,94.75,1,1,Bali Island,Bali Island,Bali Island
Love and Death in Bali,Love and Death in Bali,love and death in bali,novel,1937.0,1937 book by Vicki Baum,94.75,94.75,1,1,Bali Island,Bali Island,Bali Island
The Seen and Unseen,The Seen and Unseen,seen and unseen,film,2017.0,2017 film by Kamila Andini,94.75,94.75,1,1,Bali Island,Bali Island,Bali Island
Samsara (2024 film),Samsara,samsara,film,2024.0,2024 drama film,94.75,94.75,1,1,Bali Island,Bali Island,Bali Island
Mystics in Bali,Mystics in Bali,mystics in bali,film,1981.0,1981 Indonesian horror film,94.75,94.75,1,1,Bali Island,Bali Island,Bali Island
Eat Pray Love,Eat Pray Love,eat pray love,film,2010.0,2010 film by Ryan Murphy,94.75,94.75,1,1,Bali Island,Bali Island,Bali Island
Chhota Bheem and the Throne of Bali,Chhota Bheem and the Throne of Bali,chhota bheem and the throne of bali,film,2013.0,2013 film by Rajiv Chilaka,94.75,94.75,1,1,Bali Island,Bali Island,Bali Island
Bali (1970 film),Bali,bali,film,1970.0,1970 film,94.75,94.75,1,1,Bali Island,Bali Island,Bali Island
"Nietzsche: Philosopher, Psychologist, Antichrist","Nietzsche: Philosopher, Psychologist, Antichrist",nietzsche philosopher psychologist antichrist,novel,1950.0,1950 book by Walter Kaufmann,94.62,0.0,1,0,Friedrich Nietzsche,Friedrich Nietzsche,
Nietzsche: A Philosophical Biography,Nietzsche: A Philosophical Biography,nietzsche a philosophical biography,novel,2000.0,2000 book by Rüdiger Safranski,94.62,0.0,1,0,Friedrich Nietzsche,Friedrich Nietzsche,
Beyond Selflessness,Beyond Selflessness,beyond selflessness,novel,,Book by Christopher Janaway,94.62,0.0,1,0,Friedrich Nietzsche,Friedrich Nietzsche,
Continental Philosophy: A Critical Approach,Continental Philosophy: A Critical Approach,continental philosophy a critical approach,novel,2005.0,2005 book by William R. Schroeder,94.62,0.0,1,0,Friedrich Nietzsche,Friedrich Nietzsche,
Friedrich Nietzsche and Weimar Classicism,Friedrich Nietzsche and Weimar Classicism,friedrich nietzsche and weimar classicism,novel,2004.0,2004 book by Paul C. Bishop and R. H. Stephenson,94.62,0.0,1,0,Friedrich Nietzsche,Friedrich Nietzsche,
Irrational Man,Irrational Man,irrational man,novel,1958.0,1958 book by William Barrett,94.62,0.0,1,0,Friedrich Nietzsche,Friedrich Nietzsche,
The Mask of Enlightenment,The Mask of Enlightenment,mask of enlightenment,novel,1995.0,1995 book by Stanley Rosen,94.62,0.0,1,0,Friedrich Nietzsche,Friedrich Nietzsche,
My Sister and I (Nietzsche),My Sister and I (Nietzsche),my sister and i nietzsche,novel,,Book attributed to Friedrich Nietzsche,94.62,0.0,1,0,Friedrich Nietzsche,Friedrich Nietzsche,
Nietzsche (Jünger book),Nietzsche (Jünger book),nietzsche junger book,novel,1949.0,1949 book by Friedrich Georg Jünger,94.62,0.0,1,0,Friedrich Nietzsche,Friedrich Nietzsche,
Nietzsche and Philosophy,Nietzsche and Philosophy,nietzsche and philosophy,novel,1962.0,1962 book by Gilles Deleuze,94.62,0.0,1,0,Friedrich Nietzsche,Friedrich Nietzsche,
Days of Nietzsche in Turin,Days of Nietzsche in Turin,days of nietzsche in turin,film,2001.0,2001 film by Júlio Bressane,94.62,0.0,1,0,Friedrich Nietzsche,Friedrich Nietzsche,
Beyond Good and Evil (film),Beyond Good and Evil,beyond good and evil,film,1977.0,1977 Italian film,94.62,0.0,1,0,Friedrich Nietzsche,Friedrich Nietzsche,
Wahnfried (film),Wahnfried,wahnfried,film,1986.0,1986 film,94.62,0.0,1,0,Friedrich Nietzsche,Friedrich Nietzsche,
The Turin Horse,The Turin Horse,turin horse,film,2011.0,2011 Hungarian film,94.62,0.0,1,0,Friedrich Nietzsche,Friedrich Nietzsche,
When Nietzsche Wept,When Nietzsche Wept,when nietzsche wept,film,2007.0,2007 Bulgarian film,94.62,0.0,1,0,Friedrich Nietzsche,Friedrich Nietzsche,
The Accursed Share,The Accursed Share,accursed share,novel,1949.0,1949 book by Georges Bataille,94.62,0.0,1,0,Friedrich Nietzsche,Friedrich Nietzsche,
The Philosophy of Friedrich Nietzsche,The Philosophy of Friedrich Nietzsche,philosophy of friedrich nietzsche,novel,1908.0,1908 book by H.L. Mencken,94.62,0.0,1,0,Friedrich Nietzsche,Friedrich Nietzsche,
Wieviel Wahrheit braucht der Mensch?,Wieviel Wahrheit braucht der Mensch?,wieviel wahrheit braucht der mensch,novel,1990.0,1990 book by Rüdiger Safranski,94.62,0.0,1,0,Friedrich Nietzsche,Friedrich Nietzsche,
Tracker (1987 film),Tracker,tracker,film,1987.0,1987 Soviet film,94.51,94.51,1,1,Crimean Peninsula,Crimean Peninsula,Crimean Peninsula
Three Plus Two,Three Plus Two,three plus two,film,1962.0,1962 film by Genrikh Oganessian,94.51,94.51,1,1,Crimean Peninsula,Crimean Peninsula,Crimean Peninsula
72 Meters,72 Meters,72 meters,film,2004.0,2004 Russian film,94.51,94.51,1,1,Crimean Peninsula,Crimean Peninsula,Crimean Peninsula
Shore Leave (1962 film),Shore Leave,shore leave,film,1962.0,1962 Soviet film,94.51,94.51,1,1,Crimean Peninsula,Crimean Peninsula,Crimean Peninsula
Roads to Koktebel,Roads to Koktebel,roads to koktebel,film,2003.0,2003 film,94.51,94.51,1,1,Crimean Peninsula,Crimean Peninsula,Crimean Peninsula
Pirogov (film),Pirogov,pirogov,film,1947.0,1947 film by Grigori Kozintsev,94.51,94.51,1,1,Crimean Peninsula,Crimean Peninsula,Crimean Peninsula
The New Adventures of Captain Wrongel,The New Adventures of Captain Wrongel,new adventures of captain wrongel,film,1978.0,1978 Soviet film,94.51,94.51,1,1,Crimean Peninsula,Crimean Peninsula,Crimean Peninsula
Charge of the Lancers,Charge of the Lancers,charge of the lancers,film,1954.0,1954 film by William Castle,94.51,94.51,1,1,Crimean Peninsula,Crimean Peninsula,Crimean Peninsula
Love with Privileges,Love with Privileges,love with privileges,film,1989.0,1989 Soviet film,94.51,94.51,1,1,Crimean Peninsula,Crimean Peninsula,Crimean Peninsula
Life on Holidays,Life on Holidays,life on holidays,film,1980.0,1980 Soviet film,94.51,94.51,1,1,Crimean Peninsula,Crimean Peninsula,Crimean Peninsula
The Last Hill,The Last Hill,last hill,film,1944.0,1944 Soviet film,94.51,94.51,1,1,Crimean Peninsula,Crimean Peninsula,Crimean Peninsula
The Lady with the Dog (film),The Lady with the Dog,lady with the dog,film,1960.0,1960 film,94.51,94.51,1,1,Crimean Peninsula,Crimean Peninsula,Crimean Peninsula
Homeward (film),Homeward,homeward,film,2019.0,2019 film,94.51,94.51,1,1,Crimean Peninsula,Crimean Peninsula,Crimean Peninsula
Hit Back,Hit Back,hit back,film,1981.0,1981 Soviet film,94.51,94.51,1,1,Crimean Peninsula,Crimean Peninsula,Crimean Peninsula
The Flight (film),The Flight,flight,film,1970.0,1970 film,94.51,94.51,1,1,Crimean Peninsula,Crimean Peninsula,Crimean Peninsula
First Strike (1996 film),First Strike,first strike,film,1996.0,1996 Hong Kong film by Stanley Tong,94.51,94.51,1,1,Crimean Peninsula,Crimean Peninsula,Crimean Peninsula
Farewell of Slavianka (film),Farewell of Slavianka,farewell of slavianka,film,1986.0,1986 Soviet film,94.51,94.51,1,1,Crimean Peninsula,Crimean Peninsula,Crimean Peninsula
The White Poodle,The White Poodle,white poodle,film,1956.0,1956 Soviet film,94.51,94.51,1,1,Crimean Peninsula,Crimean Peninsula,Crimean Peninsula
Two Comrades Were Serving,Two Comrades Were Serving,two comrades were serving,film,1968.0,1968 Soviet film,94.51,94.51,1,1,Crimean Peninsula,Crimean Peninsula,Crimean Peninsula
An Umbrella for Lovers,An Umbrella for Lovers,umbrella for lovers,film,1986.0,1986 Soviet film,94.51,94.51,1,1,Crimean Peninsula,Crimean Peninsula,Crimean Peninsula
Admiral Nakhimov (film),Admiral Nakhimov,admiral nakhimov,film,1946.0,1946 film by Vsevolod Pudovkin,94.51,94.51,1,1,Crimean Peninsula,Crimean Peninsula,Crimean Peninsula
They Were Actors,They Were Actors,they were actors,film,1981.0,1981 Soviet film,94.51,94.51,1,1,Crimean Peninsula,Crimean Peninsula,Crimean Peninsula
Street of the Younger Son,Street of the Younger Son,street of the younger son,film,1962.0,1962 Soviet film,94.51,94.51,1,1,Crimean Peninsula,Crimean Peninsula,Crimean Peninsula
Lyubov Yarovaya,Lyubov Yarovaya,lyubov yarovaya,film,1953.0,1953 film by Yan Frid,94.51,94.51,1,1,Crimean Peninsula,Crimean Peninsula,Crimean Peninsula
Coasts in the Mist,Coasts in the Mist,coasts in the mist,film,1986.0,1986 film directed by Yuli Karasik,94.51,94.51,1,1,Crimean Peninsula,Crimean Peninsula,Crimean Peninsula
The Crimean Bridge. Made with Love!,The Crimean Bridge. Made with Love!,crimean bridge. made with love,film,2018.0,2018 Russian film,94.51,94.51,1,1,Crimean Peninsula,Crimean Peninsula,Crimean Peninsula
Defence of Sevastopol,Defence of Sevastopol,defence of sevastopol,film,1911.0,1911 Russian film,94.51,94.51,1,1,Crimean Peninsula,Crimean Peninsula,Crimean Peninsula
Did We Meet Somewhere Before,Did We Meet Somewhere Before,did we meet somewhere before,film,1954.0,1954 Soviet film,94.51,94.51,1,1,Crimean Peninsula,Crimean Peninsula,Crimean Peninsula
Carmen (2003 Russian film),Carmen,carmen,film,2003.0,2003 Russian film,94.51,94.51,1,1,Crimean Peninsula,Crimean Peninsula,Crimean Peninsula
Cherkasy (film),Cherkasy,cherkasy,film,2019.0,2019 Ukrainian film,94.51,94.51,1,1,Crimean Peninsula,Crimean Peninsula,Crimean Peninsula
The Charge of the Light Brigade (1912 film),The Charge of the Light Brigade,charge of the light brigade,film,1912.0,1912 American film,94.51,94.51,1,1,Crimean Peninsula,Crimean Peninsula,Crimean Peninsula
The Charge of the Light Brigade (1936 film),The Charge of the Light Brigade,charge of the light brigade,film,1936.0,1936 film by Michael Curtiz,94.51,94.51,1,1,Crimean Peninsula,Crimean Peninsula,Crimean Peninsula
A Slave of Love,A Slave of Love,slave of love,film,1976.0,1976 Soviet film,94.51,94.51,1,1,Crimean Peninsula,Crimean Peninsula,Crimean Peninsula
Admiral Ushakov (film),Admiral Ushakov,admiral ushakov,film,1953.0,1953 film by Mikhail Romm,94.51,94.51,1,1,Crimean Peninsula,Crimean Peninsula,Crimean Peninsula
Fanfan la Tulipe (2003 film),Fanfan la Tulipe,fanfan la tulipe,film,2003.0,2003 French film,94.07,94.07,1,1,Seven Years' War,Seven Years' War,Seven Years' War
The Stolen Battle,The Stolen Battle,stolen battle,film,1972.0,1972 film,94.07,94.07,1,1,Seven Years' War,Seven Years' War,Seven Years' War
Husaren in Berlin,Husaren in Berlin,husaren in berlin,film,1971.0,1971 East German film,94.07,94.07,1,1,Seven Years' War,Seven Years' War,Seven Years' War
The Great King,The Great King,great king,film,1942.0,1942 film,94.07,94.07,1,1,Seven Years' War,Seven Years' War,Seven Years' War
The Hymn of Leuthen,The Hymn of Leuthen,hymn of leuthen,film,1933.0,1933 film,94.07,94.07,1,1,Seven Years' War,Seven Years' War,Seven Years' War
Gardes-Marines III,Gardes-Marines III,gardes-marines iii,film,1992.0,1992 Soviet film,94.07,94.07,1,1,Seven Years' War,Seven Years' War,Seven Years' War
Barry Lyndon,Barry Lyndon,barry lyndon,film,1975.0,1975 film by Stanley Kubrick,94.07,94.07,1,1,Seven Years' War,Seven Years' War,Seven Years' War
The Flute Concert of Sanssouci,The Flute Concert of Sanssouci,flute concert of sanssouci,film,1930.0,1930 film,94.07,94.07,1,1,Seven Years' War,Seven Years' War,Seven Years' War
Fridericus,Fridericus,fridericus,film,1937.0,1937 film,94.07,94.07,1,1,Seven Years' War,Seven Years' War,Seven Years' War
Fanfan la Tulipe,Fanfan la Tulipe,fanfan la tulipe,film,1952.0,1952 French film,94.07,94.07,1,1,Seven Years' War,Seven Years' War,Seven Years' War
Sinners and Saints (film),Sinners and Saints,sinners and saints,film,2010.0,2010 American film,94.07,0.0,1,0,Hurricane Katrina,Hurricane Katrina,
Hurricane Season (2010 film),Hurricane Season,hurricane season,film,2010.0,2010 American film,94.07,0.0,1,0,Hurricane Katrina,Hurricane Katrina,
Cadets (film),Cadets,cadets,film,1939.0,1939 film,94.07,94.07,1,1,Seven Years' War,Seven Years' War,Seven Years' War
Clive of India (film),Clive of India,clive of india,film,1935.0,1935 film by Richard Boleslawski,94.07,94.07,1,1,Seven Years' War,Seven Years' War,Seven Years' War
The Roedern Affair,The Roedern Affair,roedern affair,film,1944.0,1944 film,94.07,94.07,1,1,Seven Years' War,Seven Years' War,Seven Years' War
Hours (2013 film),Hours,hours,film,2013.0,2013 film by Eric Heisserer,94.07,0.0,1,0,Hurricane Katrina,Hurricane Katrina,
Bobby (2006 film),Bobby,bobby,film,2006.0,American drama film,93.98,93.98,1,1,Robert Kennedy,Robert Kennedy,Robert Kennedy
RFK Must Die,RFK Must Die,rfk must die,film,2007.0,2007 British film,93.98,93.98,1,1,Robert Kennedy,Robert Kennedy,Robert Kennedy
The Irishman,The Irishman,irishman,film,2019.0,2019 film by Martin Scorsese,93.98,93.98,1,1,Robert Kennedy,Robert Kennedy,Robert Kennedy
The Verdict of Lake Balaton,The Verdict of Lake Balaton,verdict of lake balaton,film,1933.0,1933 film,93.96,93.96,1,1,Lake Balaton,Lake Balaton,Lake Balaton
The Pagan Madonna,The Pagan Madonna,pagan madonna,film,1981.0,1981 Hungarian film,93.96,93.96,1,1,Lake Balaton,Lake Balaton,Lake Balaton
Rain and Shine,Rain and Shine,rain and shine,film,1977.0,1977 film,93.96,93.96,1,1,Lake Balaton,Lake Balaton,Lake Balaton
Liliomfi,Liliomfi,liliomfi,film,1954.0,1954 film,93.96,93.96,1,1,Lake Balaton,Lake Balaton,Lake Balaton
"Do not Panic, Major Kardos","Do not Panic, Major Kardos",do not panic major kardos,film,1982.0,1982 film,93.96,93.96,1,1,Lake Balaton,Lake Balaton,Lake Balaton
The Testament of Aga Koppanyi,The Testament of Aga Koppanyi,testament of aga koppanyi,film,1967.0,1967 film,93.96,93.96,1,1,Lake Balaton,Lake Balaton,Lake Balaton
Where Time Began,Where Time Began,where time began,film,1977.0,1977 film directed by Juan Piquer Simón,93.57,93.57,1,1,Journey to the Center of the Earth,Journey to the Center of the Earth,Journey to the Center of the Earth
Huckleberry Finn (1920 film),Huckleberry Finn,huckleberry finn,film,1920.0,1920 film by William Desmond Taylor,93.57,0.0,1,0,Adventures of Huckleberry Finn,Adventures of Huckleberry Finn,
Huckleberry Finn (1931 film),Huckleberry Finn,huckleberry finn,film,1931.0,1931 film,93.57,0.0,1,0,Adventures of Huckleberry Finn,Adventures of Huckleberry Finn,
Huckleberry Finn (1974 film),Huckleberry Finn,huckleberry finn,film,1974.0,1974 film by J. Lee Thompson,93.57,0.0,1,0,Adventures of Huckleberry Finn,Adventures of Huckleberry Finn,
The Peanut Butter Falcon,The Peanut Butter Falcon,peanut butter falcon,film,2019.0,2019 comedy-drama film directed by Tyler Nilson and Michael Schwartz,93.57,0.0,1,0,Adventures of Huckleberry Finn,Adventures of Huckleberry Finn,
Tarawa Beachhead,Tarawa Beachhead,tarawa beachhead,film,1958.0,1958 film by Paul Wendkos,93.57,93.57,1,1,Solomon Islands,Solomon Islands,Solomon Islands
The Adventures of Huck Finn (1993 film),The Adventures of Huck Finn,adventures of huck finn,film,1993.0,1993 film produced by Walt Disney Pictures,93.57,0.0,1,0,Adventures of Huckleberry Finn,Adventures of Huckleberry Finn,
The Thin Red Line (1998 film),The Thin Red Line,thin red line,film,1998.0,War film by Terrence Malick,93.57,93.57,1,1,Solomon Islands,Solomon Islands,Solomon Islands
Windtalkers,Windtalkers,windtalkers,film,2002.0,2002 American war film by John Woo,93.57,93.57,1,1,Solomon Islands,Solomon Islands,Solomon Islands
The Adventures of Huckleberry Finn (1960 film),The Adventures of Huckleberry Finn,adventures of huckleberry finn,film,1960.0,1960 film,93.57,0.0,1,0,Adventures of Huckleberry Finn,Adventures of Huckleberry Finn,
Hopelessly Lost,Hopelessly Lost,hopelessly lost,film,1973.0,1973 Soviet film,93.57,0.0,1,0,Adventures of Huckleberry Finn,Adventures of Huckleberry Finn,
The Adventures of Huckleberry Finn (1939 film),The Adventures of Huckleberry Finn,adventures of huckleberry finn,film,1939.0,1939 film by Richard Thorpe,93.57,0.0,1,0,Adventures of Huckleberry Finn,Adventures of Huckleberry Finn,
The Thin Red Line (1964 film),The Thin Red Line,thin red line,film,1964.0,1964 film by Andrew Marton,93.57,93.57,1,1,Solomon Islands,Solomon Islands,Solomon Islands
Adventure (1925 film),Adventure,adventure,film,1925.0,1925 film by Victor Fleming,93.57,93.57,1,1,Solomon Islands,Solomon Islands,Solomon Islands
Beachhead (film),Beachhead,beachhead,film,1954.0,1954 film by Stuart Heisler,93.57,93.57,1,1,Solomon Islands,Solomon Islands,Solomon Islands
Gow the Headhunter,Gow the Headhunter,gow the headhunter,film,1931.0,1931 American film,93.57,93.57,1,1,Solomon Islands,Solomon Islands,Solomon Islands
Guadalcanal Diary (film),Guadalcanal Diary,guadalcanal diary,film,1943.0,1943 World War II war film directed by Lewis Seiler,93.57,93.57,1,1,Solomon Islands,Solomon Islands,Solomon Islands
Journey to the Center of the Earth (1959 film),Journey to the Center of the Earth,journey to the center of the earth,film,1959.0,1959 film by Henry Levin,93.57,93.57,1,1,Journey to the Center of the Earth,Journey to the Center of the Earth,Journey to the Center of the Earth
Journey to the Center of the Earth (2008 theatrical film),Journey to the Center of the Earth,journey to the center of the earth,film,2008.0,American science fiction film,93.57,93.57,1,1,Journey to the Center of the Earth,Journey to the Center of the Earth,Journey to the Center of the Earth
Journey to the Center of the Earth (2008 direct-to-video film),Journey to the Center of the Earth,journey to the center of the earth,film,2008.0,2008 direct-to-video film,93.57,93.57,1,1,Journey to the Center of the Earth,Journey to the Center of the Earth,Journey to the Center of the Earth
Journey to the Center of the Earth (1989 film),Journey to the Center of the Earth,journey to the center of the earth,film,1989.0,"1989 American science fiction film by Albert Pyun, Rusty Lemorande",93.57,93.57,1,1,Journey to the Center of the Earth,Journey to the Center of the Earth,Journey to the Center of the Earth
The Mosquito Bowl,The Mosquito Bowl,mosquito bowl,film,,Upcoming film by Peter Berg,93.57,93.57,1,1,Solomon Islands,Solomon Islands,Solomon Islands
Kropotkin (biography),Kropotkin (biography),kropotkin biography,novel,1976.0,1976 book by Martin A. Miller,93.27,93.27,1,1,Peter Kropotkin,Peter Kropotkin,Peter Kropotkin
Kropotkin and the Rise of Revolutionary Anarchism,Kropotkin and the Rise of Revolutionary Anarchism,kropotkin and the rise of revolutionary anarchism,novel,,Book by Caroline Cahm,93.27,93.27,1,1,Peter Kropotkin,Peter Kropotkin,Peter Kropotkin
The Caryatids,The Caryatids,caryatids,novel,2009.0,2009 novel by Bruce Sterling,93.23,0.0,1,0,Los Angeles,Los Angeles,
Borderline (novel),Borderline,borderline,novel,2016.0,2016 urban fantasy novel by Mishell Baker,93.23,0.0,1,0,Los Angeles,Los Angeles,
The Blue Afternoon,The Blue Afternoon,blue afternoon,novel,1993.0,1993 book by William Boyd,93.23,0.0,1,0,Los Angeles,Los Angeles,
Blood Test (novel),Blood Test,blood test,novel,1986.0,1986 novel by Jonathan Kellerman,93.23,0.0,1,0,Los Angeles,Los Angeles,
Blood on the Moon (novel),Blood on the Moon,blood on the moon,novel,1984.0,1984 novel by James Ellroy,93.23,0.0,1,0,Los Angeles,Los Angeles,
The Blacker the Berry (novel),The Blacker the Berry,blacker the berry,novel,,Wallace Thurman novel,93.23,0.0,1,0,Los Angeles,Los Angeles,
Casanegra (novel),Casanegra,casanegra,novel,,"Novel by Blair Underwood, Tananarive Due, and Steven Barnes",93.23,0.0,1,0,Los Angeles,Los Angeles,
The Burning City,The Burning City,burning city,novel,,Fantasy novel by Larry Niven and Jerry Pournelle,93.23,0.0,1,0,Los Angeles,Los Angeles,
Bright Shiny Morning,Bright Shiny Morning,bright shiny morning,novel,2008.0,2008 novel by James Frey,93.23,0.0,1,0,Los Angeles,Los Angeles,
Billy (novel),Billy,billy,novel,1990.0,1990 novel by Whitley Strieber,93.23,0.0,1,0,Los Angeles,Los Angeles,
Beige (novel),Beige,beige,novel,,Book by Cecil Castellucci,93.23,0.0,1,0,Los Angeles,Los Angeles,
Bass Ackwards and Belly Up,Bass Ackwards and Belly Up,bass ackwards and belly up,novel,2006.0,2006 young adult novel by Elizabeth Craft and Sarah Fain,93.23,0.0,1,0,Los Angeles,Los Angeles,
Ask the Dust,Ask the Dust,ask the dust,novel,,Novel by John Fante,93.23,0.0,1,0,Los Angeles,Los Angeles,
Devil in a Blue Dress,Devil in a Blue Dress,devil in a blue dress,novel,1990.0,1990 novel by Walter Mosley,93.23,0.0,1,0,Los Angeles,Los Angeles,
The Delta Star,The Delta Star,delta star,novel,1983.0,1983 novel by Joseph Wambaugh,93.23,0.0,1,0,Los Angeles,Los Angeles,
Death Note Another Note: The Los Angeles BB Murder Cases,Death Note Another Note: The Los Angeles BB Murder Cases,death note another note the los angeles bb murder cases,novel,2006.0,2006 light novel by Nisio Isin,93.23,0.0,1,0,Los Angeles,Los Angeles,
The Dead Circus,The Dead Circus,dead circus,novel,2003.0,2003 novel by John Kaye,93.23,0.0,1,0,Los Angeles,Los Angeles,
Days Between Stations (novel),Days Between Stations,days between stations,novel,1985.0,1985 novel by Steve Erickson,93.23,0.0,1,0,Los Angeles,Los Angeles,
The Davidian Report,The Davidian Report,davidian report,novel,1952.0,1952 novel,93.23,0.0,1,0,Los Angeles,Los Angeles,
Daisy Jones & the Six (novel),Daisy Jones & the Six,daisy jones & the six,novel,2019.0,2019 novel by Taylor Jenkins Reid,93.23,0.0,1,0,Los Angeles,Los Angeles,
Clandestine (novel),Clandestine,clandestine,novel,1982.0,1982 crime novel by James Ellroy,93.23,0.0,1,0,Los Angeles,Los Angeles,
The Choirboys (novel),The Choirboys,choirboys,novel,1975.0,1975 novel by Joseph Wambaugh,93.23,0.0,1,0,Los Angeles,Los Angeles,
Chocolates for Breakfast,Chocolates for Breakfast,chocolates for breakfast,novel,1956.0,1956 novel by Pamela Moore,93.23,0.0,1,0,Los Angeles,Los Angeles,
The Chocolate Cobweb,The Chocolate Cobweb,chocolate cobweb,novel,1948.0,1948 novel,93.23,0.0,1,0,Los Angeles,Los Angeles,
A Child Across the Sky,A Child Across the Sky,child across the sky,novel,1989.0,1989 novel by Jonathan Carroll,93.23,0.0,1,0,Los Angeles,Los Angeles,
Cherokee Bat and the Goat Guys,Cherokee Bat and the Goat Guys,cherokee bat and the goat guys,novel,,Novel by Francesca Lia Block,93.23,0.0,1,0,Los Angeles,Los Angeles,
Cavedweller,Cavedweller,cavedweller,novel,,Novel by Dorothy Allison,93.23,0.0,1,0,Los Angeles,Los Angeles,
The Case of the Toxic Spell Dump,The Case of the Toxic Spell Dump,case of the toxic spell dump,novel,,Fantasy novel by Harry Turtledove,93.23,0.0,1,0,Los Angeles,Los Angeles,
"The Familiar, Volume 1: One Rainy Day in May","The Familiar, Volume 1: One Rainy Day in May",familiar volume 1 one rainy day in may,novel,,Book by Mark Z. Danielewski,93.23,0.0,1,0,Los Angeles,Los Angeles,
Fair Warning (Connelly novel),Fair Warning (Connelly novel),fair warning connelly novel,novel,2020.0,2020 crime novel written by Michael Connelly,93.23,0.0,1,0,Los Angeles,Los Angeles,
Factotum (novel),Factotum,factotum,novel,1975.0,1975 novel by Charles Bukowski,93.23,0.0,1,0,Los Angeles,Los Angeles,
Faces of Fear (Saul novel),Faces of Fear (Saul novel),faces of fear saul novel,novel,2008.0,2008 novel by John Saul,93.23,0.0,1,0,Los Angeles,Los Angeles,
The Face (Koontz novel),The Face (Koontz novel),face koontz novel,novel,2003.0,2003 Novel by Dean Koontz,93.23,0.0,1,0,Los Angeles,Los Angeles,
Expiration Date (Powers novel),Expiration Date (Powers novel),expiration date powers novel,novel,1996.0,1996 novel by Tim Powers,93.23,0.0,1,0,Los Angeles,Los Angeles,
"Everything, Everything (novel)","Everything, Everything",everything everything,novel,2015.0,2015 novel by Nicola Yoon,93.23,0.0,1,0,Los Angeles,Los Angeles,
Everything Leads to You,Everything Leads to You,everything leads to you,novel,2014.0,2014 novel by Nina LaCour,93.23,0.0,1,0,Los Angeles,Los Angeles,
"Always Outnumbered, Always Outgunned","Always Outnumbered, Always Outgunned",always outnumbered always outgunned,novel,1997.0,1997 crime novel by Walter Mosley,93.23,0.0,1,0,Los Angeles,Los Angeles,
After the Bomb (novel),After the Bomb,after the bomb,novel,,Novel by Gloria D. Miklowitz,93.23,0.0,1,0,Los Angeles,Los Angeles,
Black Is the Fashion for Dying,Black Is the Fashion for Dying,black is the fashion for dying,novel,1959.0,1959 novel by Jonathan Latimer,93.23,0.0,1,0,Los Angeles,Los Angeles,
The Black Dahlia (novel),The Black Dahlia,black dahlia,novel,1987.0,1987 novel by James Ellroy,93.23,0.0,1,0,Los Angeles,Los Angeles,
Black Cocktail,Black Cocktail,black cocktail,novel,1990.0,1990 novella by Jonathan Carroll,93.23,0.0,1,0,Los Angeles,Los Angeles,
The Fan Club,The Fan Club,fan club,novel,,Novel by Irving Wallace,93.23,0.0,1,0,Los Angeles,Los Angeles,
"Farewell, My Lovely","Farewell, My Lovely",farewell my lovely,novel,1940.0,1940 novel by Raymond Chandler,93.23,0.0,1,0,Los Angeles,Los Angeles,
Fierceland,Fierceland,fierceland,novel,2025.0,2025 novel by Omar Musa,93.23,0.0,1,0,Los Angeles,Los Angeles,
The Fifth Witness,The Fifth Witness,fifth witness,novel,2011.0,2011 novel,93.23,0.0,1,0,Los Angeles,Los Angeles,
Finding Yvonne,Finding Yvonne,finding yvonne,novel,2018.0,2018 young adult novel by Brandy Colbert,93.23,0.0,1,0,Los Angeles,Los Angeles,
Flight: A Quantum Fiction Novel,Flight: A Quantum Fiction Novel,flight a quantum fiction novel,novel,,Book by Vanna Bonta,93.23,0.0,1,0,Los Angeles,Los Angeles,
"Flow My Tears, the Policeman Said","Flow My Tears, the Policeman Said",flow my tears the policeman said,novel,1974.0,1974 novel by Philip K. Dick,93.23,0.0,1,0,Los Angeles,Los Angeles,
Fly Me (novel),Fly Me,fly me,novel,2017.0,2017 novel,93.23,0.0,1,0,Los Angeles,Los Angeles,
The Four of Hearts,The Four of Hearts,four of hearts,novel,1938.0,1938 novel by Ellery Queen,93.23,0.0,1,0,Los Angeles,Los Angeles,
American Gigolo,American Gigolo,american gigolo,film,1980.0,1980 crime drama film by Paul Schrader,93.23,0.0,1,0,Los Angeles,Los Angeles,
American History X,American History X,american history x,film,1998.0,1998 American crime drama film by Tony Kaye,93.23,0.0,1,0,Los Angeles,Los Angeles,
An American Rhapsody,An American Rhapsody,american rhapsody,film,2001.0,2001 film by Éva Gárdos,93.23,0.0,1,0,Los Angeles,Los Angeles,
Amityville: A New Generation,Amityville: A New Generation,amityville a new generation,film,1993.0,1993 film by John Murlowski,93.23,0.0,1,0,Los Angeles,Los Angeles,
Anchors Aweigh (film),Anchors Aweigh,anchors aweigh,film,1945.0,1945 film by George Sidney,93.23,0.0,1,0,Los Angeles,Los Angeles,
The Gadget Maker,The Gadget Maker,gadget maker,novel,,Novel by Maxwell Griffith,93.23,0.0,1,0,Los Angeles,Los Angeles,
The Galton Case,The Galton Case,galton case,novel,1959.0,1959 novel,93.23,0.0,1,0,Los Angeles,Los Angeles,
The Ghostway,The Ghostway,ghostway,novel,1984.0,1984 novel by Tony Hillerman,93.23,0.0,1,0,Los Angeles,Los Angeles,
The Gods of Guilt,The Gods of Guilt,gods of guilt,novel,,Fifth novel about Mickey Haller by Michael Connelly,93.23,0.0,1,0,Los Angeles,Los Angeles,
Gold Fame Citrus,Gold Fame Citrus,gold fame citrus,novel,,Novel by Claire Vaye Watkins,93.23,0.0,1,0,Los Angeles,Los Angeles,
The Grifters (novel),The Grifters,grifters,novel,1963.0,1963 novel by Jim Thompson,93.23,0.0,1,0,Los Angeles,Los Angeles,
"Aloha, Bobby and Rose","Aloha, Bobby and Rose",aloha bobby and rose,film,1975.0,1975 film,93.23,0.0,1,0,Los Angeles,Los Angeles,
Alpha Dog,Alpha Dog,alpha dog,film,2006.0,2006 crime drama film by Nick Cassavetes,93.23,0.0,1,0,Los Angeles,Los Angeles,
Alvin and the Chipmunks (film),Alvin and the Chipmunks,alvin and the chipmunks,film,2007.0,2007 live-action animated film by Tim Hill,93.23,0.0,1,0,Los Angeles,Los Angeles,
Alvin and the Chipmunks: The Squeakquel,Alvin and the Chipmunks: The Squeakquel,alvin and the chipmunks the squeakquel,film,2009.0,2009 live-action animated film by Betty Thomas,93.23,0.0,1,0,Los Angeles,Los Angeles,
Am I OK?,Am I OK?,am i ok,film,2022.0,2022 film by Tig Notaro and Stephanie Allynne,93.23,0.0,1,0,Los Angeles,Los Angeles,
Amateur Night (film),Amateur Night,amateur night,film,2016.0,2016 American film,93.23,0.0,1,0,Los Angeles,Los Angeles,
Ambulance (2022 film),Ambulance,ambulance,film,2022.0,2022 film by Michael Bay,93.23,0.0,1,0,Los Angeles,Los Angeles,
An American Dream (film),An American Dream,american dream,film,1966.0,1966 film by Robert Gist,93.23,0.0,1,0,Los Angeles,Los Angeles,
American Fiction (film),American Fiction,american fiction,film,2023.0,2023 film by Cord Jefferson,93.23,0.0,1,0,Los Angeles,Los Angeles,
Another Face,Another Face,another face,film,1935.0,1935 film by Christy Cabanne,93.23,0.0,1,0,Los Angeles,Los Angeles,
Another Yeti A Love Story: Life on the Streets,Another Yeti A Love Story: Life on the Streets,another yeti a love story life on the streets,film,2017.0,2017 American film,93.23,0.0,1,0,Los Angeles,Los Angeles,
Another You,Another You,another you,film,1991.0,1991 film by Maurice Phillips,93.23,0.0,1,0,Los Angeles,Los Angeles,
Answers to Nothing (film),Answers to Nothing,answers to nothing,film,2011.0,2011 American film,93.23,0.0,1,0,Los Angeles,Los Angeles,
Any Given Sunday,Any Given Sunday,any given sunday,film,1999.0,1999 American sports drama film by Oliver Stone,93.23,0.0,1,0,Los Angeles,Los Angeles,
Anything (film),Anything,anything,film,2017.0,2017 American film,93.23,0.0,1,0,Los Angeles,Los Angeles,
And the Oscar Goes To,And the Oscar Goes To,and the oscar goes to,film,2019.0,2019 Indian film,93.23,0.0,1,0,Los Angeles,Los Angeles,
Android Cop,Android Cop,android cop,film,2014.0,2014 American film,93.23,0.0,1,0,Los Angeles,Los Angeles,
Angel (1984 film),Angel,angel,film,1984.0,Film by Tom DeSimone,93.23,0.0,1,0,Los Angeles,Los Angeles,
Angel Face (1953 film),Angel Face,angel face,film,1953.0,1953 film by Otto Preminger,93.23,0.0,1,0,Los Angeles,Los Angeles,
Angel Town (film),Angel Town,angel town,film,1990.0,1990 film directed by Eric Karson,93.23,0.0,1,0,Los Angeles,Los Angeles,
Angel's Flight (film),Angel's Flight,angels flight,film,1965.0,1965 American thriller film,93.23,0.0,1,0,Los Angeles,Los Angeles,
Angels in the Outfield (1994 film),Angels in the Outfield,angels in the outfield,film,1994.0,American sports film by William Dear,93.23,0.0,1,0,Los Angeles,Los Angeles,
Animals (2026 film),Animals,animals,film,2026.0,2026 American film,93.23,0.0,1,0,Los Angeles,Los Angeles,
The Anniversary Party,The Anniversary Party,anniversary party,film,2001.0,2001 film by Jennifer Jason Leigh and Alan Cumming,93.23,0.0,1,0,Los Angeles,Los Angeles,
Another Cinderella Story,Another Cinderella Story,another cinderella story,film,2008.0,2008 film by Damon Santostefano,93.23,0.0,1,0,Los Angeles,Los Angeles,
The Devil to Pay (Ellery Queen novel),The Devil to Pay (Ellery Queen novel),devil to pay ellery queen novel,novel,1938.0,1938 novel by Ellery Queen,93.23,0.0,1,0,Los Angeles,Los Angeles,
The Digging Leviathan,The Digging Leviathan,digging leviathan,novel,1984.0,1984 novel by James P. Blaylock,93.23,0.0,1,0,Los Angeles,Los Angeles,
Dr. Adder,Dr. Adder,dr. adder,novel,1984.0,1984 science fiction novel by K. W. Jeter,93.23,0.0,1,0,Los Angeles,Los Angeles,
Donkey Punch (novel),Donkey Punch,donkey punch,novel,,Book by Ray Banks,93.23,0.0,1,0,Los Angeles,Los Angeles,
The Door to December,The Door to December,door to december,novel,1985.0,1985 novel by Dean Koontz,93.23,0.0,1,0,Los Angeles,Los Angeles,
Double Image (novel),Double Image,double image,novel,,Novel by David Morrell,93.23,0.0,1,0,Los Angeles,Los Angeles,
Drive (novel),Drive,drive,novel,,Novel by James Sallis,93.23,0.0,1,0,Los Angeles,Los Angeles,
Epiphany Jones,Epiphany Jones,epiphany jones,novel,2016.0,2016 novel by Michael Grothaus,93.23,0.0,1,0,Los Angeles,Los Angeles,
American Knees,American Knees,american knees,novel,1995.0,1995 novel by Shawn Wong,93.23,0.0,1,0,Los Angeles,Los Angeles,
Amnesiascope,Amnesiascope,amnesiascope,novel,1996.0,1996 novel by Steve Erickson,93.23,0.0,1,0,Los Angeles,Los Angeles,
"Another City, Not My Own","Another City, Not My Own",another city not my own,novel,1997.0,1997 novel by Dominick Dunne,93.23,0.0,1,0,Los Angeles,Los Angeles,
Anywhere but Here (novel),Anywhere but Here,anywhere but here,novel,,Novel by Mona Simpson,93.23,0.0,1,0,Los Angeles,Los Angeles,
Ape and Essence,Ape and Essence,ape and essence,novel,1948.0,1948 English-language book by Aldous Huxley,93.23,0.0,1,0,Los Angeles,Los Angeles,
Apt Pupil,Apt Pupil,apt pupil,novel,1982.0,1982 novella by Stephen King,93.23,0.0,1,0,Los Angeles,Los Angeles,
Appointment with Murder,Appointment with Murder,appointment with murder,film,1948.0,1948 American crime film,93.23,0.0,1,0,Los Angeles,Los Angeles,
Armored (film),Armored,armored,film,2009.0,2009 American film,93.23,0.0,1,0,Los Angeles,Los Angeles,
Armored Car Robbery,Armored Car Robbery,armored car robbery,film,1950.0,1950 film by Richard Fleischer,93.23,0.0,1,0,Los Angeles,Los Angeles,
14 (novel),14,14,novel,2012.0,2012 science fiction novel,93.23,0.0,1,0,Los Angeles,Los Angeles,
54 (novel),54,54,novel,2002.0,2002 novel by Wu Ming,93.23,0.0,1,0,Los Angeles,Los Angeles,
1920: America's Great War,1920: America's Great War,1920 americas great war,novel,2013.0,2013 alternate history novel by Robert Conroy,93.23,0.0,1,0,Los Angeles,Los Angeles,
The A-List (novel),The A-List,a-list,novel,2003.0,2003 novel by Zoey Dean,93.23,0.0,1,0,Los Angeles,Los Angeles,
Adrenaline (novel),Adrenaline,adrenaline,novel,1985.0,1985 novel by James Robert Baker,93.23,0.0,1,0,Los Angeles,Los Angeles,
44 Minutes: The North Hollywood Shoot-Out,44 Minutes: The North Hollywood Shoot-Out,44 minutes the north hollywood shoot-out,film,2003.0,2003 American crime action film,93.23,0.0,1,0,Los Angeles,Los Angeles,
The 2nd (film),The 2nd,2nd,film,,American action film,93.23,0.0,1,0,Los Angeles,Los Angeles,
1BR,1BR,1br,film,2019.0,2019 film by David Marmor,93.23,0.0,1,0,Los Angeles,Los Angeles,
8: The Mormon Proposition,8: The Mormon Proposition,8 the mormon proposition,film,2010.0,2010 American film,93.23,0.0,1,0,Los Angeles,Los Angeles,
8 Million Ways to Die,8 Million Ways to Die,8 million ways to die,film,1986.0,1986 film by Hal Ashby,93.23,0.0,1,0,Los Angeles,Los Angeles,
12 (2003 film),12,12,film,2003.0,2003 film,93.23,0.0,1,0,Los Angeles,Los Angeles,
24 Hour Sunset,24 Hour Sunset,24 hour sunset,film,2023.0,"2023 France, United States film",93.23,0.0,1,0,Los Angeles,Los Angeles,
30 Days of Night: Dark Days,30 Days of Night: Dark Days,30 days of night dark days,film,2010.0,2010 American film,93.23,0.0,1,0,Los Angeles,Los Angeles,
-30- (film),-30-,-30-,film,1959.0,1959 film by Jack Webb,93.23,0.0,1,0,Los Angeles,Los Angeles,
10 to Midnight,10 to Midnight,10 to midnight,film,1983.0,1983 film,93.23,0.0,1,0,Los Angeles,Los Angeles,
10.0 Earthquake,10.0 Earthquake,10.0 earthquake,film,2014.0,2014 American film,93.23,0.0,1,0,Los Angeles,Los Angeles,
5 Weddings,5 Weddings,5 weddings,film,2018.0,2018 American film,93.23,0.0,1,0,Los Angeles,Los Angeles,
3 Strikes (film),3 Strikes,3 strikes,film,2000.0,2000 film by DJ Pooh,93.23,0.0,1,0,Los Angeles,Los Angeles,
The 40-Year-Old Virgin,The 40-Year-Old Virgin,40-year-old virgin,film,2005.0,2005 film directed by Judd Apatow,93.23,0.0,1,0,Los Angeles,Los Angeles,
1915 (film),1915,1915,film,2015.0,2015 film by Garin Hovannisian and Alec Mouhibian,93.23,0.0,1,0,Los Angeles,Los Angeles,
711 Ocean Drive,711 Ocean Drive,711 ocean drive,film,1950.0,1950 film by Joseph M. Newman,93.23,0.0,1,0,Los Angeles,Los Angeles,
500 Days of Summer,500 Days of Summer,500 days of summer,film,2009.0,2009 film directed by Marc Webb,93.23,0.0,1,0,Los Angeles,Los Angeles,
365 Nights in Hollywood,365 Nights in Hollywood,365 nights in hollywood,film,1934.0,1934 film by George Marshall,93.23,0.0,1,0,Los Angeles,Los Angeles,
52 Pick-Up,52 Pick-Up,52 pick-up,film,1986.0,1986 film,93.23,0.0,1,0,Los Angeles,Los Angeles,
Adventures in Babysitting,Adventures in Babysitting,adventures in babysitting,film,1987.0,1987 film by Chris Columbus,93.23,0.0,1,0,Los Angeles,Los Angeles,
According to Spencer,According to Spencer,according to spencer,film,2001.0,2001 film by Shane Edelman,93.23,0.0,1,0,Los Angeles,Los Angeles,
Acceleration (film),Acceleration,acceleration,film,2019.0,2019 American film,93.23,0.0,1,0,Los Angeles,Los Angeles,
Absentia (film),Absentia,absentia,film,2011.0,2011 film by Mike Flanagan,93.23,0.0,1,0,Los Angeles,Los Angeles,
About Scout,About Scout,about scout,film,2015.0,2015 American film,93.23,0.0,1,0,Los Angeles,Los Angeles,
About Last Night (2014 film),About Last Night,about last night,film,2014.0,2014 American film,93.23,0.0,1,0,Los Angeles,Los Angeles,
Abbott and Costello Meet the Keystone Kops,Abbott and Costello Meet the Keystone Kops,abbott and costello meet the keystone kops,film,1955.0,1955 film by Charles Lamont,93.23,0.0,1,0,Los Angeles,Los Angeles,
The A-Team (film),The A-Team,a-team,film,2010.0,2010 action comedy film by Joe Carnahan,93.23,0.0,1,0,Los Angeles,Los Angeles,
10 Items or Less (film),10 Items or Less,10 items or less,film,2006.0,2006 American film,93.23,0.0,1,0,Los Angeles,Los Angeles,
10 (1979 film),10,10,film,1979.0,1979 film directed by Blake Edwards,93.23,0.0,1,0,Los Angeles,Los Angeles,
Afternoon Delight (film),Afternoon Delight,afternoon delight,film,2013.0,2013 film by Joey Soloway,93.23,0.0,1,0,Los Angeles,Los Angeles,
Against the Law (1934 film),Against the Law,against the law,film,1934.0,1934 film,93.23,0.0,1,0,Los Angeles,Los Angeles,
Alien Nation (film),Alien Nation,alien nation,film,1988.0,1988 film by Graham Bake,93.23,0.0,1,0,Los Angeles,Los Angeles,
All Nighter (film),All Nighter,all nighter,film,2017.0,2017 American comedy film,93.23,0.0,1,0,Los Angeles,Los Angeles,
All the Days Before Tomorrow,All the Days Before Tomorrow,all the days before tomorrow,film,2007.0,2007 American film,93.23,0.0,1,0,Los Angeles,Los Angeles,
All-Star Weekend (film),All-Star Weekend,all-star weekend,film,,Upcoming film directed by Jamie Foxx,93.23,0.0,1,0,Los Angeles,Los Angeles,
The Adventures of Cliff Booth,The Adventures of Cliff Booth,adventures of cliff booth,film,,Upcoming comedy-drama film by David Fincher,93.23,0.0,1,0,Los Angeles,Los Angeles,
The Adventures of Ford Fairlane,The Adventures of Ford Fairlane,adventures of ford fairlane,film,1990.0,1990 action comedy film directed by Renny Harlin,93.23,0.0,1,0,Los Angeles,Los Angeles,
Airplane!,Airplane!,airplane,film,1980.0,1980 American satirical comedy film,93.23,0.0,1,0,Los Angeles,Los Angeles,
An Alan Smithee Film: Burn Hollywood Burn,An Alan Smithee Film: Burn Hollywood Burn,alan smithee film burn hollywood burn,film,1997.0,1997 American mockumentary film,93.23,0.0,1,0,Los Angeles,Los Angeles,
Age of Dinosaurs,Age of Dinosaurs,age of dinosaurs,film,2013.0,2013 American film,93.23,0.0,1,0,Los Angeles,Los Angeles,
Airheads,Airheads,airheads,film,1994.0,1994 film by Michael Lehmann,93.23,0.0,1,0,Los Angeles,Los Angeles,
Alex of Venice,Alex of Venice,alex of venice,film,2014.0,2014 American film,93.23,0.0,1,0,Los Angeles,Los Angeles,
"The Familiar, Volume 2: Into the Forest","The Familiar, Volume 2: Into the Forest",familiar volume 2 into the forest,novel,2015.0,2015 novel by Mark Z. Danielewski,93.23,0.0,1,0,Los Angeles,Los Angeles,
Alien Autopsy (2006 film),Alien Autopsy,alien autopsy,film,2006.0,2006 film by Jonny Campbell,93.23,0.0,1,0,Los Angeles,Los Angeles,
1992 (film),1992,1992,film,2024.0,2024 film by Ariel Vromen,93.23,0.0,1,0,Los Angeles,Los Angeles,
1941 (film),1941,1941,film,1979.0,1979 film by Steven Spielberg,93.23,0.0,1,0,Los Angeles,Los Angeles,
Golden Days (novel),Golden Days,golden days,novel,1987.0,1987 novel by Carolyn See,93.23,0.0,1,0,Los Angeles,Los Angeles,
Half-Life (Krach novel),Half-Life (Krach novel),half-life krach novel,novel,2004.0,2004 novel by Aaron Krach,93.23,0.0,1,0,Los Angeles,Los Angeles,
Sons and Other Flammable Objects,Sons and Other Flammable Objects,sons and other flammable objects,novel,2007.0,2007 novel by Porochista Khakpour,93.23,0.0,1,0,Los Angeles,Los Angeles,
Hellbent (Hurwitz novel),Hellbent (Hurwitz novel),hellbent hurwitz novel,novel,2018.0,2018 novel by Gregg Hurwitz,93.23,0.0,1,0,Los Angeles,Los Angeles,
Hidden Bodies,Hidden Bodies,hidden bodies,novel,2016.0,2016 thriller novel by Caroline Kepnes,93.23,0.0,1,0,Los Angeles,Los Angeles,
Heat 2,Heat 2,heat 2,novel,2022.0,2022 novel by Michael Mann and Meg Gardiner,93.23,0.0,1,0,Los Angeles,Los Angeles,
Ham on Rye,Ham on Rye,ham on rye,novel,,Autobiographical novel by Charles Bukowski,93.23,0.0,1,0,Los Angeles,Los Angeles,
I Am Legend (novel),I Am Legend,i am legend,novel,1954.0,1954 novel by Richard Matheson,93.23,0.0,1,0,Los Angeles,Los Angeles,
If He Hollers Let Him Go,If He Hollers Let Him Go,if he hollers let him go,novel,1945.0,1945 novel by Chester Himes,93.23,0.0,1,0,Los Angeles,Los Angeles,
House Made of Dawn,House Made of Dawn,house made of dawn,novel,1968.0,1968 novel by N. Scott Momaday,93.23,0.0,1,0,Los Angeles,Los Angeles,
House of Leaves,House of Leaves,house of leaves,novel,2000.0,2000 novel by Mark Z. Danielewski,93.23,0.0,1,0,Los Angeles,Los Angeles,
Imperial Bedrooms,Imperial Bedrooms,imperial bedrooms,novel,2010.0,2010 novel by Bret Easton Ellis,93.23,0.0,1,0,Los Angeles,Los Angeles,
Fergus (novel),Fergus,fergus,novel,1970.0,1970 novel by Brian Moore,93.23,0.0,1,0,Los Angeles,Los Angeles,
History Is All You Left Me,History Is All You Left Me,history is all you left me,novel,2017.0,2017 novel by Adam Silvera,93.23,0.0,1,0,Los Angeles,Los Angeles,
The High Window,The High Window,high window,novel,,Novel by Raymond Chandler,93.23,0.0,1,0,Los Angeles,Los Angeles,
Thomas Jefferson Dreams of Sally Hemings,Thomas Jefferson Dreams of Sally Hemings,thomas jefferson dreams of sally hemings,novel,,Historical-fiction novel by Stephen O'Connor,93.16,93.16,1,1,Thomas Jefferson,Thomas Jefferson,Thomas Jefferson
American Sphinx,American Sphinx,american sphinx,novel,1996.0,1996 book about Thomas Jefferson written by Joseph Ellis,93.16,93.16,1,1,Thomas Jefferson,Thomas Jefferson,Thomas Jefferson
Jefferson: Architect of American Liberty,Jefferson: Architect of American Liberty,jefferson architect of american liberty,novel,2017.0,2017 book by John B. Boles,93.16,93.16,1,1,Thomas Jefferson,Thomas Jefferson,Thomas Jefferson
Emperor (2012 film),Emperor,emperor,film,2012.0,2012 film by Peter Webber,93.14,93.14,1,1,Douglas MacArthur,Douglas MacArthur,Douglas MacArthur
In Pursuit of Honor,In Pursuit of Honor,in pursuit of honor,film,1995.0,1995 American film by Ken Olin,93.14,93.14,1,1,Douglas MacArthur,Douglas MacArthur,Douglas MacArthur
MacArthur (1977 film),MacArthur,macarthur,film,1977.0,1977 film by Joseph Sargent,93.14,93.14,1,1,Douglas MacArthur,Douglas MacArthur,Douglas MacArthur
Inchon (film),Inchon,inchon,film,1981.0,1981 film directed by Terence Young,93.14,93.14,1,1,Douglas MacArthur,Douglas MacArthur,Douglas MacArthur
Oh... Rosalinda!!,Oh... Rosalinda!!,oh... rosalinda,film,1955.0,1955 British film,93.01,93.01,1,1,Die Fledermaus,Die Fledermaus,Die Fledermaus
Die Fledermaus (1972 film),Die Fledermaus,die fledermaus,film,1972.0,Austrian-German film,93.01,93.01,1,1,Die Fledermaus,Die Fledermaus,Die Fledermaus
Flagermusen,Flagermusen,flagermusen,film,1966.0,1966 film,93.01,93.01,1,1,Die Fledermaus,Die Fledermaus,Die Fledermaus
Die Fledermaus (1923 film),Die Fledermaus,die fledermaus,film,1923.0,German silent film,93.01,93.01,1,1,Die Fledermaus,Die Fledermaus,Die Fledermaus
Waltz Time (1933 film),Waltz Time,waltz time,film,1933.0,1933 British film,93.01,93.01,1,1,Die Fledermaus,Die Fledermaus,Die Fledermaus
Swelling Melodies,Swelling Melodies,swelling melodies,film,1955.0,1955 film,93.01,93.01,1,1,Die Fledermaus,Die Fledermaus,Die Fledermaus
Die Fledermaus (1946 film),Die Fledermaus,die fledermaus,film,1946.0,German operetta film,93.01,93.01,1,1,Die Fledermaus,Die Fledermaus,Die Fledermaus
Die Fledermaus (1979 film),Die Fledermaus,die fledermaus,film,1979.0,Soviet operetta film,93.01,93.01,1,1,Die Fledermaus,Die Fledermaus,Die Fledermaus
Adam (2019 Moroccan film),Adam,adam,film,2019.0,2019 film,92.97,92.97,1,1,Al Bayda,Al Bayda,Al Bayda
The West (1938 film),The West,west,film,1938.0,1938 film by Henri Fescourt,92.97,92.97,1,1,Al Bayda,Al Bayda,Al Bayda
The Trip to Marrakesh,The Trip to Marrakesh,trip to marrakesh,film,1949.0,1949 film,92.97,92.97,1,1,Al Bayda,Al Bayda,Al Bayda
Allied (film),Allied,allied,film,2016.0,2016 film by Robert Zemeckis,92.97,92.97,1,1,Al Bayda,Al Bayda,Al Bayda
Bob Fleming... Mission Casablanca,Bob Fleming... Mission Casablanca,bob fleming... mission casablanca,film,1966.0,1966 film,92.97,92.97,1,1,Al Bayda,Al Bayda,Al Bayda
Marock,Marock,marock,film,2005.0,2005 Moroccan film,92.97,92.97,1,1,Al Bayda,Al Bayda,Al Bayda
John Wick: Chapter 3 – Parabellum,John Wick: Chapter 3 – Parabellum,john wick chapter 3 – parabellum,film,2019.0,2019 American film directed by Chad Stahelski,92.97,92.97,1,1,Al Bayda,Al Bayda,Al Bayda
Mobile Suit Gundam: Cucuruz Doan's Island,Mobile Suit Gundam: Cucuruz Doan's Island,mobile suit gundam cucuruz doans island,film,2022.0,2022 Japanese film by Yoshikazu Yasuhiko,92.97,92.97,1,1,Al Bayda,Al Bayda,Al Bayda
Casablanca Beats,Casablanca Beats,casablanca beats,film,2021.0,2021 film,92.97,92.97,1,1,Al Bayda,Al Bayda,Al Bayda
"Casablanca, Nest of Spies","Casablanca, Nest of Spies",casablanca nest of spies,film,1963.0,1963 film,92.97,92.97,1,1,Al Bayda,Al Bayda,Al Bayda
Horses of God,Horses of God,horses of god,film,2012.0,2012 film,92.97,92.97,1,1,Al Bayda,Al Bayda,Al Bayda
"Casablanca, Casablanca","Casablanca, Casablanca",casablanca casablanca,film,1985.0,1985 Italian film,92.97,92.97,1,1,Al Bayda,Al Bayda,Al Bayda
Hounds (film),Hounds,hounds,film,2023.0,2023 film by Kamal Lazraq,92.97,92.97,1,1,Al Bayda,Al Bayda,Al Bayda
La môme vert-de-gris,La môme vert-de-gris,la mome vert-de-gris,film,1953.0,1953 French film,92.97,92.97,1,1,Al Bayda,Al Bayda,Al Bayda
Sofia (2018 film),Sofia,sofia,film,2018.0,2018 film,92.97,92.97,1,1,Al Bayda,Al Bayda,Al Bayda
Salut Casa!,Salut Casa!,salut casa,film,1952.0,1952 film by Jean Vidal,92.97,92.97,1,1,Al Bayda,Al Bayda,Al Bayda
The Path of Honour,The Path of Honour,path of honour,film,1939.0,1939 film,92.97,92.97,1,1,Al Bayda,Al Bayda,Al Bayda
The Enigma of the Shah,The Enigma of the Shah,enigma of the shah,film,,Iranian historical drama film,92.59,92.59,1,1,Mohammad Reza I of Iran,Mohammad Reza I of Iran,Mohammad Reza I of Iran
The Shah (book),The Shah,shah,novel,2011.0,2011 book by Abbas Milani,92.59,92.59,1,1,Mohammad Reza I of Iran,Mohammad Reza I of Iran,Mohammad Reza I of Iran
Shah of Shahs (book),Shah of Shahs,shah of shahs,novel,1982.0,1982 book by Ryszard Kapuściński,92.59,92.59,1,1,Mohammad Reza I of Iran,Mohammad Reza I of Iran,Mohammad Reza I of Iran
Sällskapsresan,Sällskapsresan,sallskapsresan,film,1980.0,1980 Swedish comedy film,92.49,92.49,1,1,Gran Canaria,Gran Canaria,Gran Canaria
Once and for All (film),Once and for All,once and for all,film,1996.0,1996 Spanish film,92.49,92.49,1,1,Gran Canaria,Gran Canaria,Gran Canaria
A una isla de ti,A una isla de ti,una isla de ti,film,2026.0,2026 Spanish film,92.49,92.49,1,1,Gran Canaria,Gran Canaria,Gran Canaria
Girl's Night Out (2015 film),Girl's Night Out,girls night out,film,2015.0,2015 Spanish film,92.49,92.49,1,1,Gran Canaria,Gran Canaria,Gran Canaria
Como un relámpago,Como un relámpago,como un relampago,film,1996.0,1996 film by Miguel Hermoso,92.49,92.49,1,1,Gran Canaria,Gran Canaria,Gran Canaria
The Island Princess (film),The Island Princess,island princess,film,1954.0,1954 film,92.49,92.49,1,1,Gran Canaria,Gran Canaria,Gran Canaria
Maspalomas (film),Maspalomas,maspalomas,film,2025.0,2025 Spanish film,92.49,92.49,1,1,Gran Canaria,Gran Canaria,Gran Canaria
Ma Mère,Ma Mère,ma mere,film,2004.0,2004 film by Christophe Honoré,92.49,92.49,1,1,Gran Canaria,Gran Canaria,Gran Canaria
Wild Oats (film),Wild Oats,wild oats,film,2016.0,2016 American film,92.49,92.49,1,1,Gran Canaria,Gran Canaria,Gran Canaria
Young Lady Chatterley,Young Lady Chatterley,young lady chatterley,film,1977.0,1977 American film,92.36,92.36,1,1,Lady Chatterley,Lady Chatterley,Lady Chatterley
Lady Chatterley (film),Lady Chatterley,lady chatterley,film,2006.0,2006 French film,92.36,92.36,1,1,Lady Chatterley,Lady Chatterley,Lady Chatterley
Edakallu Guddada Mele,Edakallu Guddada Mele,edakallu guddada mele,film,1973.0,1973 Indian film,92.36,92.36,1,1,Lady Chatterley,Lady Chatterley,Lady Chatterley
Lady Chatterley's Lover (1955 film),Lady Chatterley's Lover,lady chatterleys lover,film,1955.0,1955 French film,92.36,92.36,1,1,Lady Chatterley,Lady Chatterley,Lady Chatterley
Lady Chatterley In Tokyo,Lady Chatterley In Tokyo,lady chatterley in tokyo,film,1977.0,1977 Japanese film,92.36,92.36,1,1,Lady Chatterley,Lady Chatterley,Lady Chatterley
Lady Chatterley's Lover (1981 film),Lady Chatterley's Lover,lady chatterleys lover,film,1981.0,1981 film by Just Jaeckin,92.36,92.36,1,1,Lady Chatterley,Lady Chatterley,Lady Chatterley
Lady Chatterley's Lover (2022 film),Lady Chatterley's Lover,lady chatterleys lover,film,2022.0,2022 film by Laure de Clermont-Tonnerre,92.36,92.36,1,1,Lady Chatterley,Lady Chatterley,Lady Chatterley
Sarapancharam,Sarapancharam,sarapancharam,film,1979.0,1979 Indian film,92.36,92.36,1,1,Lady Chatterley,Lady Chatterley,Lady Chatterley
Young Lady Chatterley II,Young Lady Chatterley II,young lady chatterley ii,film,1985.0,1985 American film,92.36,92.36,1,1,Lady Chatterley,Lady Chatterley,Lady Chatterley
Duse (film),Duse,duse,film,,Biographical film directed by Pietro Marcello,91.91,91.91,1,1,Gabriele D'Annunzio,Gabriele D'Annunzio,Gabriele D'Annunzio
Fiume o morte!,Fiume o morte!,fiume o morte,film,2025.0,2025 film by Igor Bezinović,91.91,91.91,1,1,Gabriele D'Annunzio,Gabriele D'Annunzio,Gabriele D'Annunzio
D'Annunzio (film),D'Annunzio,dannunzio,film,1987.0,1987 Italian film,91.91,91.91,1,1,Gabriele D'Annunzio,Gabriele D'Annunzio,Gabriele D'Annunzio
The Bad Poet,The Bad Poet,bad poet,film,2020.0,2020 Italian biographical drama film,91.91,91.91,1,1,Gabriele D'Annunzio,Gabriele D'Annunzio,Gabriele D'Annunzio
Eleonora Duse (film),Eleonora Duse,eleonora duse,film,1947.0,1947 Italian film,91.91,91.91,1,1,Gabriele D'Annunzio,Gabriele D'Annunzio,Gabriele D'Annunzio
Due mafiosi contro Al Capone,Due mafiosi contro Al Capone,due mafiosi contro al capone,film,1966.0,1966 Italian film,91.76,0.0,1,0,Al Capone,Al Capone,
Al Capone (film),Al Capone,al capone,film,1959.0,1959 film,91.76,0.0,1,0,Al Capone,Al Capone,
Night at the Museum: Battle of the Smithsonian,Night at the Museum: Battle of the Smithsonian,night at the museum battle of the smithsonian,film,2009.0,2009 film directed by Shawn Levy,91.76,0.0,1,0,Al Capone,Al Capone,
Gangster Land,Gangster Land,gangster land,film,2017.0,2017 American film,91.76,0.0,1,0,Al Capone,Al Capone,
The St. Valentine's Day Massacre (film),The St. Valentine's Day Massacre,st. valentines day massacre,film,1967.0,1967 film by Roger Corman,91.76,0.0,1,0,Al Capone,Al Capone,
Scarface (1932 film),Scarface,scarface,film,1932.0,1932 film by Howard Hawks,91.76,0.0,1,0,Al Capone,Al Capone,
The Untouchables (film),The Untouchables,untouchables,film,1987.0,1987 American crime film directed by Brian De Palma,91.76,0.0,1,0,Al Capone,Al Capone,
Zelig,Zelig,zelig,film,1983.0,1983 film by Woody Allen,91.76,0.0,1,0,Al Capone,Al Capone,
The Family Stone,The Family Stone,family stone,film,2005.0,2005 film by Thomas Bezucha,91.61,91.61,1,1,American Sign Language,American Sign Language,American Sign Language
Godzilla vs. Kong,Godzilla vs. Kong,godzilla vs. kong,film,2021.0,2021 American film by Adam Wingard,91.61,91.61,1,1,American Sign Language,American Sign Language,American Sign Language
Echoes from a Sombre Empire,Echoes from a Sombre Empire,echoes from a sombre empire,film,1990.0,1990 German film,91.61,91.61,1,1,Central African Republic,Central African Republic,Central African Republic
Man of a Thousand Faces (film),Man of a Thousand Faces,man of a thousand faces,film,1957.0,1957 film by Joseph Pevney,91.61,91.61,1,1,American Sign Language,American Sign Language,American Sign Language
Marlee Matlin: Not Alone Anymore,Marlee Matlin: Not Alone Anymore,marlee matlin not alone anymore,film,2025.0,2025 American film,91.61,91.61,1,1,American Sign Language,American Sign Language,American Sign Language
Miracle on 34th Street (1994 film),Miracle on 34th Street,miracle on 34th street,film,1994.0,1994 film by Les Mayfield,91.61,91.61,1,1,American Sign Language,American Sign Language,American Sign Language
Mockingbird Don't Sing,Mockingbird Don't Sing,mockingbird dont sing,film,2001.0,2001 film by Harry Bromley Davenport,91.61,91.61,1,1,American Sign Language,American Sign Language,American Sign Language
Nine Lives (2005 film),Nine Lives,nine lives,film,2005.0,2005 American film,91.61,91.61,1,1,American Sign Language,American Sign Language,American Sign Language
No Ordinary Hero: The SuperDeafy Movie,No Ordinary Hero: The SuperDeafy Movie,no ordinary hero the superdeafy movie,film,2013.0,2013 American film,91.61,91.61,1,1,American Sign Language,American Sign Language,American Sign Language
Orphan (2009 film),Orphan,orphan,film,2009.0,Film by Jaume Collet-Serra,91.61,91.61,1,1,American Sign Language,American Sign Language,American Sign Language
Compensation (film),Compensation,compensation,film,1999.0,1999 American film,91.61,91.61,1,1,American Sign Language,American Sign Language,American Sign Language
Children of a Lesser God (film),Children of a Lesser God,children of a lesser god,film,1986.0,1986 film directed by Randa Haines,91.61,91.61,1,1,American Sign Language,American Sign Language,American Sign Language
Travels in the Congo (film),Travels in the Congo,travels in the congo,film,1927.0,1927 film,91.61,91.61,1,1,Central African Republic,Central African Republic,Central African Republic
A Quiet Place Part II,A Quiet Place Part II,quiet place part ii,film,2020.0,2020 film by John Krasinski,91.61,91.61,1,1,American Sign Language,American Sign Language,American Sign Language
Preservation of the Sign Language,Preservation of the Sign Language,preservation of the sign language,film,1913.0,1913 American film,91.61,91.61,1,1,American Sign Language,American Sign Language,American Sign Language
Hush (2016 feature film),Hush,hush,film,2016.0,2016 film by Mike Flanagan,91.61,91.61,1,1,American Sign Language,American Sign Language,American Sign Language
The Hammer (2010 film),The Hammer,hammer,film,2010.0,2010 American film,91.61,91.61,1,1,American Sign Language,American Sign Language,American Sign Language
Helen Keller in Her Story,Helen Keller in Her Story,helen keller in her story,film,1954.0,1954 film by Nancy Hamilton,91.61,91.61,1,1,American Sign Language,American Sign Language,American Sign Language
Sign Gene,Sign Gene,sign gene,film,2017.0,2017 superhero film by Emilio Insolera - deaf film,91.61,91.61,1,1,American Sign Language,American Sign Language,American Sign Language
The Silent Hour,The Silent Hour,silent hour,film,2024.0,2024 film by Brad Anderson,91.61,91.61,1,1,American Sign Language,American Sign Language,American Sign Language
Sound and Fury (film),Sound and Fury,sound and fury,film,2000.0,2000 American film,91.61,91.61,1,1,American Sign Language,American Sign Language,American Sign Language
Sound of Metal,Sound of Metal,sound of metal,film,2019.0,2019 film by Darius Marder,91.61,91.61,1,1,American Sign Language,American Sign Language,American Sign Language
There Will Be Blood,There Will Be Blood,there will be blood,film,2007.0,2007 film by Paul Thomas Anderson,91.61,91.61,1,1,American Sign Language,American Sign Language,American Sign Language
The Tingler,The Tingler,tingler,film,1959.0,1959 horror film,91.61,91.61,1,1,American Sign Language,American Sign Language,American Sign Language
Universal Signs,Universal Signs,universal signs,film,2008.0,2008 American film,91.61,91.61,1,1,American Sign Language,American Sign Language,American Sign Language
What's the Worst That Could Happen?,What's the Worst That Could Happen?,whats the worst that could happen,film,2001.0,2001 American comedy film by Sam Weisman,91.61,91.61,1,1,American Sign Language,American Sign Language,American Sign Language
Dawn of the Planet of the Apes,Dawn of the Planet of the Apes,dawn of the planet of the apes,film,2014.0,2014 American film by Matt Reeves,91.61,91.61,1,1,American Sign Language,American Sign Language,American Sign Language
Dead & Breakfast,Dead & Breakfast,dead & breakfast,film,2004.0,2004 American film,91.61,91.61,1,1,American Sign Language,American Sign Language,American Sign Language
Deaf Jam,Deaf Jam,deaf jam,film,2011.0,2011 American film,91.61,91.61,1,1,American Sign Language,American Sign Language,American Sign Language
Deafula,Deafula,deafula,film,1975.0,1975 American horror film by Peter Wolf,91.61,91.61,1,1,American Sign Language,American Sign Language,American Sign Language
In the Company of Men,In the Company of Men,in the company of men,film,1997.0,1997 American film,91.61,91.61,1,1,American Sign Language,American Sign Language,American Sign Language
Koko: A Talking Gorilla,Koko: A Talking Gorilla,koko a talking gorilla,film,1978.0,1978 French film,91.61,91.61,1,1,American Sign Language,American Sign Language,American Sign Language
Lake Windfall,Lake Windfall,lake windfall,film,2013.0,2013 American film,91.61,91.61,1,1,American Sign Language,American Sign Language,American Sign Language
Listen to Your Heart (2010 film),Listen to Your Heart,listen to your heart,film,2010.0,2010 American film,91.61,91.61,1,1,American Sign Language,American Sign Language,American Sign Language
A Quiet Place,A Quiet Place,quiet place,film,2018.0,2018 film by John Krasinski,91.61,91.61,1,1,American Sign Language,American Sign Language,American Sign Language
A Quiet Place (film series),A Quiet Place (film series),quiet place film series,film,,American horror film series,91.61,91.61,1,1,American Sign Language,American Sign Language,American Sign Language
The Quiet,The Quiet,quiet,film,2005.0,2005 American film,91.61,91.61,1,1,American Sign Language,American Sign Language,American Sign Language
Rise of the Planet of the Apes,Rise of the Planet of the Apes,rise of the planet of the apes,film,2011.0,2011 film by Rupert Wyatt,91.61,91.61,1,1,American Sign Language,American Sign Language,American Sign Language
The River Wild,The River Wild,river wild,film,1994.0,1994 film by Curtis Hanson,91.61,91.61,1,1,American Sign Language,American Sign Language,American Sign Language
See Spot Run,See Spot Run,see spot run,film,2001.0,2001 film by John Whitesell,91.61,91.61,1,1,American Sign Language,American Sign Language,American Sign Language
See What I Say,See What I Say,see what i say,film,1981.0,1981 film,91.61,91.61,1,1,American Sign Language,American Sign Language,American Sign Language
Words (film),Words,words,film,2010.0,2010 American film,91.61,91.61,1,1,American Sign Language,American Sign Language,American Sign Language
Glory (1989 film),Glory,glory,film,1989.0,1989 film directed by Edward Zwick,91.31,0.0,1,0,South Carolina,South Carolina,
The Afflicted (film),The Afflicted,afflicted,film,2011.0,2011 American film,91.31,0.0,1,0,South Carolina,South Carolina,
Asylum (2008 film),Asylum,asylum,film,2008.0,2008 American film,91.31,0.0,1,0,South Carolina,South Carolina,
Bastard Out of Carolina (film),Bastard Out of Carolina,bastard out of carolina,film,1996.0,1996 film by Anjelica Huston,91.31,0.0,1,0,South Carolina,South Carolina,
Beautiful Creatures (2013 film),Beautiful Creatures,beautiful creatures,film,2013.0,2013 film by Richard LaGravenese,91.31,0.0,1,0,South Carolina,South Carolina,
Beach Music (novel),Beach Music,beach music,novel,1995.0,1995 novel by Pat Conroy,91.31,0.0,1,0,South Carolina,South Carolina,
Bastard Out of Carolina,Bastard Out of Carolina,bastard out of carolina,novel,1992.0,1992 novel by Dorothy Allison,91.31,0.0,1,0,South Carolina,South Carolina,
The Valley of Hate,The Valley of Hate,valley of hate,film,1924.0,1924 film,91.31,0.0,1,0,South Carolina,South Carolina,
Under Cover (1987 film),Under Cover,under cover,film,1987.0,1987 American film,91.31,0.0,1,0,South Carolina,South Carolina,
Take Shelter,Take Shelter,take shelter,film,2011.0,2011 American psychological thriller film,91.31,0.0,1,0,South Carolina,South Carolina,
Swimming (film),Swimming,swimming,film,2000.0,2000 American film,91.31,0.0,1,0,South Carolina,South Carolina,
Staying Together (film),Staying Together,staying together,film,1989.0,1989 film by Lee Grant,91.31,0.0,1,0,South Carolina,South Carolina,
Sophie and the Rising Sun (film),Sophie and the Rising Sun,sophie and the rising sun,film,2016.0,2016 American film,91.31,0.0,1,0,South Carolina,South Carolina,
Slither (2006 film),Slither,slither,film,2006.0,Science fiction comedy horror film by James Gunn,91.31,0.0,1,0,South Carolina,South Carolina,
The Sisterhood of the Traveling Pants (film),The Sisterhood of the Traveling Pants,sisterhood of the traveling pants,film,2005.0,2005 American film directed by Ken Kwapis,91.31,0.0,1,0,South Carolina,South Carolina,
Perfect Harmony (film),Perfect Harmony,perfect harmony,film,1991.0,1991 film by Will Mackenzie,91.31,0.0,1,0,South Carolina,South Carolina,
Nightmare (1981 film),Nightmare,nightmare,film,1981.0,1981 American slasher film directed by Romano Scavolini,91.31,0.0,1,0,South Carolina,South Carolina,
Nightjohn (film),Nightjohn,nightjohn,film,1996.0,1996 American TV film,91.31,0.0,1,0,South Carolina,South Carolina,
The New Daughter,The New Daughter,new daughter,film,2009.0,2009 American film,91.31,0.0,1,0,South Carolina,South Carolina,
Miss March,Miss March,miss march,film,2009.0,2009 film by Trevor Moore and Zach Cregger,91.31,0.0,1,0,South Carolina,South Carolina,
The Marine,The Marine,marine,film,2006.0,2006 action film by John Bonito,91.31,0.0,1,0,South Carolina,South Carolina,
Magic Mike XXL,Magic Mike XXL,magic mike xxl,film,2015.0,2015 film by Gregory Jacobs,91.31,0.0,1,0,South Carolina,South Carolina,
Little Red Wagon,Little Red Wagon,little red wagon,film,2012.0,2012 American film,91.31,0.0,1,0,South Carolina,South Carolina,
Jonah Hex (film),Jonah Hex,jonah hex,film,2010.0,2010 film,91.31,0.0,1,0,South Carolina,South Carolina,
The Inspection,The Inspection,inspection,film,2022.0,2022 American film,91.31,0.0,1,0,South Carolina,South Carolina,
Harriet (film),Harriet,harriet,film,2019.0,2019 American biographical film directed by Kasi Lemmons,91.31,0.0,1,0,South Carolina,South Carolina,
Hacksaw Ridge,Hacksaw Ridge,hacksaw ridge,film,2016.0,2016 film by Mel Gibson,91.31,0.0,1,0,South Carolina,South Carolina,
The Great Santini,The Great Santini,great santini,film,1979.0,1979 film by Lewis John Carlino,91.31,0.0,1,0,South Carolina,South Carolina,
Gospel Hill,Gospel Hill,gospel hill,film,2008.0,2008 film by Giancarlo Esposito,91.31,0.0,1,0,South Carolina,South Carolina,
Fireball 500,Fireball 500,fireball 500,film,1966.0,1966 film by William Asher,91.31,0.0,1,0,South Carolina,South Carolina,
The Eyes of Tammy Faye (2021 film),The Eyes of Tammy Faye,eyes of tammy faye,film,2021.0,2021 film by Michael Showalter,91.31,0.0,1,0,South Carolina,South Carolina,
Safety (2020 film),Safety,safety,film,2020.0,2020 film by Reginald Hudlin,91.31,0.0,1,0,South Carolina,South Carolina,
The Secret Life of Bees (film),The Secret Life of Bees,secret life of bees,film,2008.0,2008 American drama film directed by Gina Prince-Bythewood,91.31,0.0,1,0,South Carolina,South Carolina,
Shag (film),Shag,shag,film,1988.0,1988 film by Zelda Barron,91.31,0.0,1,0,South Carolina,South Carolina,
The Black Gauntlet,The Black Gauntlet,black gauntlet,novel,1860.0,1860 novel by Mary Howard Schoolcraft,91.31,0.0,1,0,South Carolina,South Carolina,
Break No Bones,Break No Bones,break no bones,novel,2006.0,2006 novel by Kathy Reichs,91.31,0.0,1,0,South Carolina,South Carolina,
Brown Girl Dreaming,Brown Girl Dreaming,brown girl dreaming,novel,2014.0,2014 book by Jacqueline Woodson,91.31,0.0,1,0,South Carolina,South Carolina,
Carolina Moon (novel),Carolina Moon,carolina moon,novel,2000.0,2000 novel by Nora Roberts,91.31,0.0,1,0,South Carolina,South Carolina,
Toil of the Brave,Toil of the Brave,toil of the brave,novel,1946.0,1946 American novel by Inglis Fletcher,91.31,0.0,1,0,South Carolina,South Carolina,
Virals (novel),Virals,virals,novel,2010.0,2010 novel by Kathy Reichs,91.31,0.0,1,0,South Carolina,South Carolina,
A Woman Called Fancy,A Woman Called Fancy,woman called fancy,novel,1951.0,1951 novel,91.31,0.0,1,0,South Carolina,South Carolina,
The Yemassee,The Yemassee,yemassee,novel,1835.0,1835 novel by William Gilmore Simms,91.31,0.0,1,0,South Carolina,South Carolina,
Let My People Go (book),Let My People Go,let my people go,novel,,Book by Patricia McKissack,91.31,0.0,1,0,South Carolina,South Carolina,
The Institute (King novel),The Institute (King novel),institute king novel,novel,2019.0,2019 novel by Stephen King,91.31,0.0,1,0,South Carolina,South Carolina,
Cast Two Shadows,Cast Two Shadows,cast two shadows,novel,1998.0,1998 novel by Ann Rinaldi,91.31,0.0,1,0,South Carolina,South Carolina,
Carrion Comfort,Carrion Comfort,carrion comfort,novel,1989.0,1989 novel by Dan Simmons,91.31,0.0,1,0,South Carolina,South Carolina,
Seizure (Reichs novel),Seizure (Reichs novel),seizure reichs novel,novel,,Reichs novel,91.31,0.0,1,0,South Carolina,South Carolina,
The Sisterhood of the Traveling Pants (novel),The Sisterhood of the Traveling Pants,sisterhood of the traveling pants,novel,2001.0,2001 novel by Ann Brashares,91.31,0.0,1,0,South Carolina,South Carolina,
A Solitary Blue,A Solitary Blue,solitary blue,novel,1983.0,1983 novel by Cynthia Voigt,91.31,0.0,1,0,South Carolina,South Carolina,
The Secret Life of Bees (novel),The Secret Life of Bees,secret life of bees,novel,2001.0,2001 book by Sue Monk Kidd,91.31,0.0,1,0,South Carolina,South Carolina,
Porgy (novel),Porgy,porgy,novel,1925.0,1925 novel by DuBose Heyward,91.31,0.0,1,0,South Carolina,South Carolina,
My Best Friend's Exorcism,My Best Friend's Exorcism,my best friends exorcism,novel,2016.0,2016 novel by Grady Hendrix,91.31,0.0,1,0,South Carolina,South Carolina,
Mamba's Daughters,Mamba's Daughters,mambas daughters,novel,1929.0,1929 novel by DuBose Heyward,91.31,0.0,1,0,South Carolina,South Carolina,
Radio (2003 film),Radio,radio,film,2003.0,2003 biographical sports drama film by Mike Tollin,91.31,0.0,1,0,South Carolina,South Carolina,
The Prince of Tides,The Prince of Tides,prince of tides,film,1991.0,1991 American film by Barbra Streisand,91.31,0.0,1,0,South Carolina,South Carolina,
The Pistol: The Birth of a Legend,The Pistol: The Birth of a Legend,pistol the birth of a legend,film,1991.0,1991 US sports film by Frank C. Schröder,91.31,0.0,1,0,South Carolina,South Carolina,
I Thought My Soul Would Rise and Fly,I Thought My Soul Would Rise and Fly,i thought my soul would rise and fly,novel,,Children's book,91.31,0.0,1,0,South Carolina,South Carolina,
Hume's Fork (novel),Hume's Fork,humes fork,novel,2007.0,2007 novel,91.31,0.0,1,0,South Carolina,South Carolina,
The House Behind the Cedars (book),The House Behind the Cedars,house behind the cedars,novel,1900.0,1900 novel by Charles W. Chesnutt,91.31,0.0,1,0,South Carolina,South Carolina,
Horse-Shoe Robinson,Horse-Shoe Robinson,horse-shoe robinson,novel,1835.0,1835 novel by John P. Kennedy,91.31,0.0,1,0,South Carolina,South Carolina,
Brother Future,Brother Future,brother future,film,1991.0,1991 film by Roy Campanella II,91.31,0.0,1,0,South Carolina,South Carolina,
Burden (2018 film),Burden,burden,film,2018.0,2018 American drama film,91.31,0.0,1,0,South Carolina,South Carolina,
Death Sentence (2007 film),Death Sentence,death sentence,film,2007.0,Film by James Wan,91.31,0.0,1,0,South Carolina,South Carolina,
Doc Hollywood,Doc Hollywood,doc hollywood,film,1991.0,1991 American romantic comedy film,91.31,0.0,1,0,South Carolina,South Carolina,
Conrack,Conrack,conrack,film,1974.0,1974 film by Martin Ritt,91.31,0.0,1,0,South Carolina,South Carolina,
Days of Thunder,Days of Thunder,days of thunder,film,1990.0,1990 film by Tony Scott,91.31,0.0,1,0,South Carolina,South Carolina,
Code (novel),Code,code,novel,2013.0,2013 novel by Kathy Reichs and Brendan Reichs,91.31,0.0,1,0,South Carolina,South Carolina,
Drums of Autumn,Drums of Autumn,drums of autumn,novel,1996.0,"1996 ""Outlander"" novel by Diana Gabaldon",91.31,0.0,1,0,South Carolina,South Carolina,
Ella Minnow Pea,Ella Minnow Pea,ella minnow pea,novel,2001.0,2001 novel by Mark Dunn,91.31,0.0,1,0,South Carolina,South Carolina,
Enemy in the House,Enemy in the House,enemy in the house,novel,1962.0,1962 mystery novel by Mignon G. Eberhart,91.31,0.0,1,0,South Carolina,South Carolina,
Exposure (Reichs novel),Exposure (Reichs novel),exposure reichs novel,novel,2014.0,2014 novel by Kathy Reichs,91.31,0.0,1,0,South Carolina,South Carolina,
The Great Santini (novel),The Great Santini,great santini,novel,1976.0,1976 novel by Pat Conroy,91.31,0.0,1,0,South Carolina,South Carolina,
Full Metal Jacket,Full Metal Jacket,full metal jacket,film,1987.0,1987 war film by Stanley Kubrick,91.31,0.0,1,0,South Carolina,South Carolina,
The Big Chill (film),The Big Chill,big chill,film,1983.0,1983 film by Lawrence Kasdan,91.31,0.0,1,0,South Carolina,South Carolina,
The Scotswoman,The Scotswoman,scotswoman,novel,1954.0,1954 American novel by Inglis Fletcher,91.31,0.0,1,0,South Carolina,South Carolina,
South of Broad,South of Broad,south of broad,novel,2009.0,2009 novel by Pat Conroy,91.31,0.0,1,0,South Carolina,South Carolina,
Scarlet Sister Mary,Scarlet Sister Mary,scarlet sister mary,novel,1928.0,1928 novel by Julia Peterkin,91.31,0.0,1,0,South Carolina,South Carolina,
The Prince of Tides (novel),The Prince of Tides,prince of tides,novel,1986.0,1986 novel by Pat Conroy,91.31,0.0,1,0,South Carolina,South Carolina,
The Lords of Discipline,The Lords of Discipline,lords of discipline,novel,1980.0,1980 novel by Pat Conroy,91.31,0.0,1,0,South Carolina,South Carolina,
Saints at the River,Saints at the River,saints at the river,novel,2004.0,2004 novel by Ron Rash,91.31,0.0,1,0,South Carolina,South Carolina,
Ilsa (novel),Ilsa,ilsa,novel,1946.0,1946 novel by Madeleine L'Engle,91.31,0.0,1,0,South Carolina,South Carolina,
Marco Polo (1962 film),Marco Polo,marco polo,film,1962.0,1962 film,91.18,91.18,1,1,Marco Polo,Marco Polo,Marco Polo
Marco (1973 film),Marco,marco,film,1973.0,1973 film,91.18,91.18,1,1,Marco Polo,Marco Polo,Marco Polo
The Adventures of Marco Polo,The Adventures of Marco Polo,adventures of marco polo,film,1938.0,1938 adventure film directed by Archie Mayo,91.18,91.18,1,1,Marco Polo,Marco Polo,Marco Polo
Marco the Magnificent,Marco the Magnificent,marco the magnificent,film,1965.0,1965 French film,91.18,91.18,1,1,Marco Polo,Marco Polo,Marco Polo
Marco Polo Junior Versus the Red Dragon,Marco Polo Junior Versus the Red Dragon,marco polo junior versus the red dragon,film,1972.0,1972 Australian film,91.18,91.18,1,1,Marco Polo,Marco Polo,Marco Polo
Perón: apuntes para una biografía,Perón: apuntes para una biografía,peron apuntes para una biografia,film,2010.0,2010 Argentine film,91.13,91.13,1,1,Juan Perón,Juan Perón,Juan Perón
"Puerta de Hierro, el exilio de Perón","Puerta de Hierro, el exilio de Perón",puerta de hierro el exilio de peron,film,2012.0,2012 Argentine film,91.13,91.13,1,1,Juan Perón,Juan Perón,Juan Perón
Star Wars Battlefront II: Inferno Squad,Star Wars Battlefront II: Inferno Squad,star wars battlefront ii inferno squad,novel,,Star Wars book,91.02,0.0,1,0,Star Wars,Star Wars,
Star Wars Jedi: Battle Scars,Star Wars Jedi: Battle Scars,star wars jedi battle scars,novel,2023.0,2023 Star Wars novel by Sam Maggs,91.02,0.0,1,0,Star Wars,Star Wars,
Star Wars: The Old Republic (novel series),Star Wars: The Old Republic (novel series),star wars the old republic novel series,novel,,2010s science fiction novel series,91.02,0.0,1,0,Star Wars,Star Wars,
The Concept of Active Defence in China's Military Strategy,The Concept of Active Defence in China's Military Strategy,concept of active defence in chinas military strategy,novel,,Academic book about military strategy in China,90.72,90.72,1,1,People's Republic of China,People's Republic of China,People's Republic of China
God's Not Dead 2,God's Not Dead 2,gods not dead 2,film,2016.0,2016 film by Harold Cronk,90.72,90.72,1,1,"Little Rock, Arkansas","Little Rock, Arkansas","Little Rock, Arkansas"
Criminal Defense in China,Criminal Defense in China,criminal defense in china,novel,2016.0,2016 book by Terence C. Halliday and Sida Liu,90.72,90.72,1,1,People's Republic of China,People's Republic of China,People's Republic of China
Towncraft (film),Towncraft,towncraft,film,2007.0,2007 American film,90.72,90.72,1,1,"Little Rock, Arkansas","Little Rock, Arkansas","Little Rock, Arkansas"
Cruiser 'Varyag',Cruiser 'Varyag',cruiser varyag,film,1946.0,1946 film by Viktor Eisymont,90.72,90.72,1,1,Russo-Japanese War,Russo-Japanese War,Russo-Japanese War
The Prisoner of Sakura,The Prisoner of Sakura,prisoner of sakura,film,2019.0,2019 Japanese film,90.72,90.72,1,1,Russo-Japanese War,Russo-Japanese War,Russo-Japanese War
The Shore of Salvation,The Shore of Salvation,shore of salvation,film,1990.0,1990 USSR-North Korean film,90.72,90.72,1,1,Russo-Japanese War,Russo-Japanese War,Russo-Japanese War
"An Amorous History of the Silver Screen: Shanghai Cinema, 1896–1937","An Amorous History of the Silver Screen: Shanghai Cinema, 1896–1937",amorous history of the silver screen shanghai cinema 1896–1937,novel,2005.0,2005 book by Zhang Zhen,90.72,90.72,1,1,People's Republic of China,People's Republic of China,People's Republic of China
Annals and Memoirs of the Court of Peking,Annals and Memoirs of the Court of Peking,annals and memoirs of the court of peking,novel,1914.0,1914 book by Backhouse and Bland,90.72,90.72,1,1,People's Republic of China,People's Republic of China,People's Republic of China
The Avoidable War,The Avoidable War,avoidable war,novel,2022.0,2022 book by Kevin Rudd,90.72,90.72,1,1,People's Republic of China,People's Republic of China,People's Republic of China
Mouse (2026 film),Mouse,mouse,film,2026.0,2026 American film,90.72,90.72,1,1,"Little Rock, Arkansas","Little Rock, Arkansas","Little Rock, Arkansas"
Chinese Communist Espionage,Chinese Communist Espionage,chinese communist espionage,novel,,Book by Peter Mattis and Matthew Brazil,90.72,90.72,1,1,People's Republic of China,People's Republic of China,People's Republic of China
The Coming Conflict with China,The Coming Conflict with China,coming conflict with china,novel,1997.0,1997 strategic foresight book,90.72,90.72,1,1,People's Republic of China,People's Republic of China,People's Republic of China
Chinese Shadows,Chinese Shadows,chinese shadows,novel,,Book by Simon Leys,90.72,90.72,1,1,People's Republic of China,People's Republic of China,People's Republic of China
The Coming China Wars,The Coming China Wars,coming china wars,novel,,Book by Peter Navarro,90.72,90.72,1,1,People's Republic of China,People's Republic of China,People's Republic of China
Daddy and Them,Daddy and Them,daddy and them,film,2001.0,2001 film by Billy Bob Thornton,90.72,90.72,1,1,"Little Rock, Arkansas","Little Rock, Arkansas","Little Rock, Arkansas"
Becoming Activists in Global China,Becoming Activists in Global China,becoming activists in global china,novel,,Book by Andrew Junker,90.72,90.72,1,1,People's Republic of China,People's Republic of China,People's Republic of China
The Battle for Asia,The Battle for Asia,battle for asia,novel,1941.0,1941 book by Edgar Snow,90.72,90.72,1,1,People's Republic of China,People's Republic of China,People's Republic of China
Gang War: Bangin' In Little Rock,Gang War: Bangin' In Little Rock,gang war bangin in little rock,film,1994.0,1994 American film,90.72,90.72,1,1,"Little Rock, Arkansas","Little Rock, Arkansas","Little Rock, Arkansas"
"Bend, Not Break","Bend, Not Break",bend not break,novel,,Book by Ping Fu,90.72,90.72,1,1,People's Republic of China,People's Republic of China,People's Republic of China
Breakneck: China's Quest to Engineer the Future,Breakneck: China's Quest to Engineer the Future,breakneck chinas quest to engineer the future,novel,2025.0,2025 book,90.72,90.72,1,1,People's Republic of China,People's Republic of China,People's Republic of China
Book of Gods and Strange Things,Book of Gods and Strange Things,book of gods and strange things,novel,,Ancient Chinese geography book,90.72,90.72,1,1,People's Republic of China,People's Republic of China,People's Republic of China
Blockchain Chicken Farm,Blockchain Chicken Farm,blockchain chicken farm,novel,2020.0,2020 book by Xiaowei Wang,90.72,90.72,1,1,People's Republic of China,People's Republic of China,People's Republic of China
Children of Marx and Coca-Cola,Children of Marx and Coca-Cola,children of marx and coca-cola,novel,2009.0,2009 book by Xiaoping Lin,90.72,90.72,1,1,People's Republic of China,People's Republic of China,People's Republic of China
The Inflationary Spiral,The Inflationary Spiral,inflationary spiral,novel,1958.0,1958 book by Chang Kia-ngau,90.72,90.72,1,1,People's Republic of China,People's Republic of China,People's Republic of China
The Party: The Secret World of China's Communist Rulers,The Party: The Secret World of China's Communist Rulers,party the secret world of chinas communist rulers,novel,,Book by Richard McGregor,90.72,90.72,1,1,People's Republic of China,People's Republic of China,People's Republic of China
One's Company,One's Company,ones company,novel,,Book by Peter Fleming,90.72,90.72,1,1,People's Republic of China,People's Republic of China,People's Republic of China
On a Chinese Screen,On a Chinese Screen,on a chinese screen,novel,1922.0,1922 travel book by W. Somerset Maugham,90.72,90.72,1,1,People's Republic of China,People's Republic of China,People's Republic of China
On China,On China,on china,novel,,Book by Henry Kissinger,90.72,90.72,1,1,People's Republic of China,People's Republic of China,People's Republic of China
A New Silk Road,A New Silk Road,new silk road,novel,2021.0,2021 book by Kingshuk Nag,90.72,90.72,1,1,People's Republic of China,People's Republic of China,People's Republic of China
News from Tartary,News from Tartary,news from tartary,novel,1936.0,1936 travel book by Peter Fleming,90.72,90.72,1,1,People's Republic of China,People's Republic of China,People's Republic of China
Language Atlas of China,Language Atlas of China,language atlas of china,novel,1987.0,Book published in 1987 and 1989,90.72,90.72,1,1,People's Republic of China,People's Republic of China,People's Republic of China
A Leaf in the Storm,A Leaf in the Storm,leaf in the storm,novel,1941.0,1941 novel by Lin Yutang,90.72,90.72,1,1,People's Republic of China,People's Republic of China,People's Republic of China
Invitation to a Banquet,Invitation to a Banquet,invitation to a banquet,novel,2023.0,2023 book by Fuchsia Dunlop,90.72,90.72,1,1,People's Republic of China,People's Republic of China,People's Republic of China
Journey to a War,Journey to a War,journey to a war,novel,1939.0,1939 book by W. H. Auden and Christopher Isherwood,90.72,90.72,1,1,People's Republic of China,People's Republic of China,People's Republic of China
Leon Trotsky on China,Leon Trotsky on China,leon trotsky on china,novel,1976.0,1976 posthumous book by Leon Trotsky,90.72,90.72,1,1,People's Republic of China,People's Republic of China,People's Republic of China
The Lost Geopoetic Horizon of Li Jieren,The Lost Geopoetic Horizon of Li Jieren,lost geopoetic horizon of li jieren,novel,2015.0,2015 book by Kenny Ng,90.72,90.72,1,1,People's Republic of China,People's Republic of China,People's Republic of China
The Adventures of Ichabod and Mr. Toad,The Adventures of Ichabod and Mr. Toad,adventures of ichabod and mr. toad,film,1949.0,1949 film,90.72,90.72,1,1,"\""The Legend of Sleepy Hollow\","\""The Legend of Sleepy Hollow\","\""The Legend of Sleepy Hollow\"
Enemies and Friends,Enemies and Friends,enemies and friends,novel,1967.0,1967 book by Lyman P. Van Slyke,90.72,90.72,1,1,People's Republic of China,People's Republic of China,People's Republic of China
The Dragon in the Land of Snows,The Dragon in the Land of Snows,dragon in the land of snows,novel,1999.0,1999 book by Tsering Shakya,90.72,90.72,1,1,People's Republic of China,People's Republic of China,People's Republic of China
Divers voyages et missions du père Alexandre de Rhodes,Divers voyages et missions du père Alexandre de Rhodes,divers voyages et missions du pere alexandre de rhodes,novel,,1653 book by Alexandre de Rhodes,90.72,90.72,1,1,People's Republic of China,People's Republic of China,People's Republic of China
Destruction and Sorrow Beneath the Heavens,Destruction and Sorrow Beneath the Heavens,destruction and sorrow beneath the heavens,novel,2004.0,2004 book by László Krasznahorkai,90.72,90.72,1,1,People's Republic of China,People's Republic of China,People's Republic of China
Death by a Thousand Cuts (book),Death by a Thousand Cuts,death by a thousand cuts,novel,2008.0,2008 book by Timothy Brook and Gregory Blue,90.72,90.72,1,1,People's Republic of China,People's Republic of China,People's Republic of China
De Christiana expeditione apud Sinas,De Christiana expeditione apud Sinas,de christiana expeditione apud sinas,novel,,Book by Nicolas Trigault,90.72,90.72,1,1,People's Republic of China,People's Republic of China,People's Republic of China
Daughter of Han: The Autobiography of a Chinese Working Woman,Daughter of Han: The Autobiography of a Chinese Working Woman,daughter of han the autobiography of a chinese working woman,novel,1945.0,1945 book by Ida Pruitt,90.72,90.72,1,1,People's Republic of China,People's Republic of China,People's Republic of China
A Mortal Flower,A Mortal Flower,mortal flower,novel,,Book by Han Suyin,90.72,90.72,1,1,People's Republic of China,People's Republic of China,People's Republic of China
A Ming Society,A Ming Society,ming society,novel,1996.0,1996 book by John W. Dardess,90.72,90.72,1,1,People's Republic of China,People's Republic of China,People's Republic of China
Hungry Ghosts: Mao's Secret Famine,Hungry Ghosts: Mao's Secret Famine,hungry ghosts maos secret famine,novel,1998.0,1998 book by Jasper Becker,90.72,90.72,1,1,People's Republic of China,People's Republic of China,People's Republic of China
The Immobile Empire,The Immobile Empire,immobile empire,novel,1989.0,1989 book by Alain Peyrefitte,90.72,90.72,1,1,People's Republic of China,People's Republic of China,People's Republic of China
China After Mao (book),China After Mao,china after mao,novel,2022.0,2022 book by Frank Dikötter,90.72,90.72,1,1,People's Republic of China,People's Republic of China,People's Republic of China
China and Russia,China and Russia,china and russia,novel,2023.0,2023 book by Philip Snow,90.72,90.72,1,1,People's Republic of China,People's Republic of China,People's Republic of China
"China and the West, 1858–1861","China and the West, 1858–1861",china and the west 1858–1861,novel,1964.0,1964 academic book by Masataka Banno,90.72,90.72,1,1,People's Republic of China,People's Republic of China,People's Republic of China
China at War,China at War,china at war,novel,2017.0,2017 book by sinologist Hans van de Ven,90.72,90.72,1,1,People's Republic of China,People's Republic of China,People's Republic of China
China Candid,China Candid,china candid,novel,,Book by Sang Ye,90.72,90.72,1,1,People's Republic of China,People's Republic of China,People's Republic of China
China Fights Back,China Fights Back,china fights back,novel,,Book by Agnes Smedley about Communist forces in the Sino-Japanese War,90.72,90.72,1,1,People's Republic of China,People's Republic of China,People's Republic of China
China Illustrata,China Illustrata,china illustrata,novel,,Book by Athanasius Kircher,90.72,90.72,1,1,People's Republic of China,People's Republic of China,People's Republic of China
Falun Gong and the Future of China,Falun Gong and the Future of China,falun gong and the future of china,novel,2008.0,2008 book by David Ownby,90.72,90.72,1,1,People's Republic of China,People's Republic of China,People's Republic of China
Fanshen,Fanshen,fanshen,novel,1966.0,1966 book by William Hinton on China,90.72,90.72,1,1,People's Republic of China,People's Republic of China,People's Republic of China
Fin-de-Siècle Splendor,Fin-de-Siècle Splendor,fin-de-siecle splendor,novel,1997.0,Book by David Der-Wei Wang (1997),90.72,90.72,1,1,People's Republic of China,People's Republic of China,People's Republic of China
The Forbidden Game,The Forbidden Game,forbidden game,novel,2014.0,2014 book by Dan Washburn,90.72,90.72,1,1,People's Republic of China,People's Republic of China,People's Republic of China
The Good Women of China,The Good Women of China,good women of china,novel,,Book by Xue Xinran,90.72,90.72,1,1,People's Republic of China,People's Republic of China,People's Republic of China
How Asia Got Rich,How Asia Got Rich,how asia got rich,novel,2002.0,2002 book by Edith Terry,90.72,90.72,1,1,People's Republic of China,People's Republic of China,People's Republic of China
The Hundred-Year Marathon,The Hundred-Year Marathon,hundred-year marathon,novel,2015.0,2015 book by Michael Pillsbury,90.72,90.72,1,1,People's Republic of China,People's Republic of China,People's Republic of China
Chinese Lessons,Chinese Lessons,chinese lessons,novel,,Book by John Pomfret,90.72,90.72,1,1,People's Republic of China,People's Republic of China,People's Republic of China
China Under the Empress Dowager,China Under the Empress Dowager,china under the empress dowager,novel,1910.0,1910 book by Bland and Backhouse,90.72,90.72,1,1,People's Republic of China,People's Republic of China,People's Republic of China
China's Spiritual Need and Claims,China's Spiritual Need and Claims,chinas spiritual need and claims,novel,1865.0,1865 book written by James Hudson Taylor,90.72,90.72,1,1,People's Republic of China,People's Republic of China,People's Republic of China
The Smurfs: The Legend of Smurfy Hollow,The Smurfs: The Legend of Smurfy Hollow,smurfs the legend of smurfy hollow,film,2013.0,2013 American film,90.72,90.72,1,1,"\""The Legend of Sleepy Hollow\","\""The Legend of Sleepy Hollow\","\""The Legend of Sleepy Hollow\"
Resurrection (2022 film),Resurrection,resurrection,film,2022.0,Film by Andrew Semans,90.72,0.0,1,0,"Albany, New York","Albany, New York",
The Headless Horseman (1922 film),The Headless Horseman,headless horseman,film,1922.0,1922 film,90.72,90.72,1,1,"\""The Legend of Sleepy Hollow\","\""The Legend of Sleepy Hollow\","\""The Legend of Sleepy Hollow\"
Sleepy Hollow (film),Sleepy Hollow,sleepy hollow,film,1999.0,1999 film by Tim Burton,90.72,90.72,1,1,"\""The Legend of Sleepy Hollow\","\""The Legend of Sleepy Hollow\","\""The Legend of Sleepy Hollow\"
This Is My Life (1992 film),This Is My Life,this is my life,film,1992.0,1992 film by Nora Ephron,90.72,0.0,1,0,"Albany, New York","Albany, New York",
Firestarter (novel),Firestarter,firestarter,novel,1980.0,1980 novel by Stephen King,90.72,0.0,1,0,"Albany, New York","Albany, New York",
Another Man's Treasure (novel),Another Man's Treasure,another mans treasure,novel,2011.0,2011 novel by James V. O'Connor,90.72,0.0,1,0,"Albany, New York","Albany, New York",
"The Way, Way Back","The Way, Way Back",way way back,film,2013.0,2013 American comedy-drama film by Nat Faxon and Jim Rash,90.72,0.0,1,0,"Albany, New York","Albany, New York",
The Company You Keep (film),The Company You Keep,company you keep,film,2012.0,2012 film by Robert Redford,90.72,0.0,1,0,"Albany, New York","Albany, New York",
The Good Mother (2023 film),The Good Mother,good mother,film,2023.0,American film by Miles Joris-Peyrafitte,90.72,0.0,1,0,"Albany, New York","Albany, New York",
The Kiss (1988 film),The Kiss,kiss,film,1988.0,1988 Canadian dark fantasy horror drama film by Pen Densham,90.72,0.0,1,0,"Albany, New York","Albany, New York",
The New Chinese Empire,The New Chinese Empire,new chinese empire,novel,2003.0,2003 book by Ross Terrill,90.72,90.72,1,1,People's Republic of China,People's Republic of China,People's Republic of China
Roscoe (novel),Roscoe,roscoe,novel,,Book by William Kennedy,90.72,0.0,1,0,"Albany, New York","Albany, New York",
Hitchcock/Truffaut,Hitchcock/Truffaut,hitchcock/truffaut,novel,1966.0,1966 book by François Truffaut about Alfred Hitchcock,90.3,0.0,1,0,Alfred Hitchcock,Alfred Hitchcock,
Alfred Hitchcock and the Making of Psycho,Alfred Hitchcock and the Making of Psycho,alfred hitchcock and the making of psycho,novel,,Book by Stephen Rebello,90.3,0.0,1,0,Alfred Hitchcock,Alfred Hitchcock,
The Twelve Lives of Alfred Hitchcock,The Twelve Lives of Alfred Hitchcock,twelve lives of alfred hitchcock,novel,2021.0,2021 book by Edward White,90.3,0.0,1,0,Alfred Hitchcock,Alfred Hitchcock,
The Pale Blue Eye,The Pale Blue Eye,pale blue eye,film,2022.0,2022 American film directed by Scott Cooper,90.06,90.06,1,1,Edgar Allan Poe,Edgar Allan Poe,Edgar Allan Poe
Gas-s-s-s,Gas-s-s-s,gas-s-s-s,film,1970.0,1970 film by Roger Corman,90.06,90.06,1,1,Edgar Allan Poe,Edgar Allan Poe,Edgar Allan Poe
Edgar Allen Poe (film),Edgar Allen Poe,edgar allen poe,film,1909.0,1909 film,90.06,90.06,1,1,Edgar Allan Poe,Edgar Allan Poe,Edgar Allan Poe
The Loves of Edgar Allan Poe,The Loves of Edgar Allan Poe,loves of edgar allan poe,film,1942.0,1942 film by Harry Lachman,90.06,90.06,1,1,Edgar Allan Poe,Edgar Allan Poe,Edgar Allan Poe
The Raven (2012 film),The Raven,raven,film,2012.0,2012 film by James McTeigue,90.06,90.06,1,1,Edgar Allan Poe,Edgar Allan Poe,Edgar Allan Poe
Castle of Blood,Castle of Blood,castle of blood,film,1964.0,1964 film,90.06,90.06,1,1,Edgar Allan Poe,Edgar Allan Poe,Edgar Allan Poe
The Death of Poe,The Death of Poe,death of poe,film,2004.0,2004 American film,90.06,90.06,1,1,Edgar Allan Poe,Edgar Allan Poe,Edgar Allan Poe
The Man with a Cloak,The Man with a Cloak,man with a cloak,film,1951.0,1951 film by Fletcher Markle,90.06,90.06,1,1,Edgar Allan Poe,Edgar Allan Poe,Edgar Allan Poe
Web of the Spider,Web of the Spider,web of the spider,film,1971.0,1971 film,90.06,90.06,1,1,Edgar Allan Poe,Edgar Allan Poe,Edgar Allan Poe
Madame Curie (film),Madame Curie,madame curie,film,1943.0,1943 American film by Mervyn LeRoy,89.95,89.95,1,1,Marie Curie,Marie Curie,Marie Curie
Les Palmes de M. Schutz,Les Palmes de M. Schutz,les palmes de m. schutz,film,1997.0,1997 film,89.95,89.95,1,1,Marie Curie,Marie Curie,Marie Curie
Marie Curie: The Courage of Knowledge,Marie Curie: The Courage of Knowledge,marie curie the courage of knowledge,film,2016.0,2016 film by Marie Noëlle,89.95,89.95,1,1,Marie Curie,Marie Curie,Marie Curie
Namira (book),Namira,namira,novel,,Persian book about Ashura (Islamic event),89.85,89.85,1,1,Husayn ibn Ali,Husayn ibn Ali,Husayn ibn Ali
Reflection on the Ashura movement,Reflection on the Ashura movement,reflection on the ashura movement,novel,,Book about Ashura (Islamic holy event) in Persian language,89.85,89.85,1,1,Husayn ibn Ali,Husayn ibn Ali,Husayn ibn Ali
Lohoof,Lohoof,lohoof,novel,,Shia book,89.85,89.85,1,1,Husayn ibn Ali,Husayn ibn Ali,Husayn ibn Ali
Malcolm X: A Life of Reinvention,Malcolm X: A Life of Reinvention,malcolm x a life of reinvention,novel,2011.0,2011 book by Manning Marable,89.8,89.8,1,1,Malcolm X,Malcolm X,Malcolm X
Bar 51,Bar 51,bar 51,film,1986.0,1986 Israeli film,89.68,89.68,1,1,Tel Aviv,Tel Aviv,Tel Aviv
Say Amen,Say Amen,say amen,film,2005.0,2005 Israeli film,89.68,89.68,1,1,Tel Aviv,Tel Aviv,Tel Aviv
The Road to Where,The Road to Where,road to where,film,2016.0,2016 Israeli historical drama film,89.68,89.68,1,1,Tel Aviv,Tel Aviv,Tel Aviv
The Point Men (2001 film),The Point Men,point men,film,2001.0,2001 film by John Glen,89.68,89.68,1,1,Tel Aviv,Tel Aviv,Tel Aviv
Drive (2019 film),Drive,drive,film,2019.0,2019 Indian film directed by Tarun Mansukhani,89.68,89.68,1,1,Tel Aviv,Tel Aviv,Tel Aviv
The House on Chelouche Street,The House on Chelouche Street,house on chelouche street,film,1973.0,1973 Israeli film,89.68,89.68,1,1,Tel Aviv,Tel Aviv,Tel Aviv
Alex Holeh Ahavah,Alex Holeh Ahavah,alex holeh ahavah,film,1986.0,1986 film by Boaz Davidson,89.68,89.68,1,1,Tel Aviv,Tel Aviv,Tel Aviv
Alila (film),Alila,alila,film,2003.0,2003 film by Amos Gitai,89.68,89.68,1,1,Tel Aviv,Tel Aviv,Tel Aviv
Shoshana (film),Shoshana,shoshana,film,2023.0,2023 film,89.68,89.68,1,1,Tel Aviv,Tel Aviv,Tel Aviv
Deadly Outbreak,Deadly Outbreak,deadly outbreak,film,1996.0,1996 film,89.68,89.68,1,1,Tel Aviv,Tel Aviv,Tel Aviv
Damascus Cover,Damascus Cover,damascus cover,film,2017.0,2017 political thriller film,89.68,89.68,1,1,Tel Aviv,Tel Aviv,Tel Aviv
Cupcakes (film),Cupcakes,cupcakes,film,2013.0,2013 Israeli film,89.68,89.68,1,1,Tel Aviv,Tel Aviv,Tel Aviv
Crescendo (2019 film),Crescendo,crescendo,film,2019.0,2019 German drama film directed by Dror Zahavi,89.68,89.68,1,1,Tel Aviv,Tel Aviv,Tel Aviv
Lupo!,Lupo!,lupo,film,1971.0,1971 Israeli film,89.68,89.68,1,1,Tel Aviv,Tel Aviv,Tel Aviv
Life According to Agfa,Life According to Agfa,life according to agfa,film,1992.0,1992 Israeli film,89.68,89.68,1,1,Tel Aviv,Tel Aviv,Tel Aviv
Lemon Popsicle,Lemon Popsicle,lemon popsicle,film,1978.0,1978 film by Boaz Davidson,89.68,89.68,1,1,Tel Aviv,Tel Aviv,Tel Aviv
Yossi (film),Yossi,yossi,film,2012.0,2012 Israeli film,89.68,89.68,1,1,Tel Aviv,Tel Aviv,Tel Aviv
Fifty-Fifty (1971 film),Fifty-Fifty,fifty-fifty,film,1971.0,1971 Israeli film,89.68,89.68,1,1,Tel Aviv,Tel Aviv,Tel Aviv
Fill the Void,Fill the Void,fill the void,film,2012.0,2012 Israeli film,89.68,89.68,1,1,Tel Aviv,Tel Aviv,Tel Aviv
Foxtrot (2017 film),Foxtrot,foxtrot,film,2017.0,2017 film,89.68,89.68,1,1,Tel Aviv,Tel Aviv,Tel Aviv
Going Steady (1979 film),Going Steady,going steady,film,1979.0,1979 Israeli film,89.68,89.68,1,1,Tel Aviv,Tel Aviv,Tel Aviv
The Thin Line (1980 film),The Thin Line,thin line,film,1980.0,1980 film,89.68,89.68,1,1,Tel Aviv,Tel Aviv,Tel Aviv
In Between (2016 film),In Between,in between,film,2016.0,2016 film by Maysaloun Hamoud,89.68,89.68,1,1,Tel Aviv,Tel Aviv,Tel Aviv
Japan Japan,Japan Japan,japan japan,film,2007.0,2007 Israeli film,89.68,89.68,1,1,Tel Aviv,Tel Aviv,Tel Aviv
Late Summer Blues,Late Summer Blues,late summer blues,film,1987.0,1987 Israeli film,89.68,89.68,1,1,Tel Aviv,Tel Aviv,Tel Aviv
Desperado Square,Desperado Square,desperado square,film,2001.0,2001 film directed by Benny Torati,89.68,89.68,1,1,Tel Aviv,Tel Aviv,Tel Aviv
Dizengoff 99,Dizengoff 99,dizengoff 99,film,1979.0,1979 Israeli film,89.68,89.68,1,1,Tel Aviv,Tel Aviv,Tel Aviv
Down There (film),Down There,down there,film,2006.0,2006 film by Chantal Akerman,89.68,89.68,1,1,Tel Aviv,Tel Aviv,Tel Aviv
Traduire,Traduire,traduire,film,2011.0,2011 French film,89.68,89.68,1,1,Tel Aviv,Tel Aviv,Tel Aviv
Summertime Blues (1984 film),Summertime Blues,summertime blues,film,1984.0,1984 Israeli film,89.68,89.68,1,1,Tel Aviv,Tel Aviv,Tel Aviv
Sublet (film),Sublet,sublet,film,2020.0,2020 film,89.68,89.68,1,1,Tel Aviv,Tel Aviv,Tel Aviv
Snails in the Rain,Snails in the Rain,snails in the rain,film,2013.0,2013 Israeli film,89.68,89.68,1,1,Tel Aviv,Tel Aviv,Tel Aviv
Waltz with Bashir,Waltz with Bashir,waltz with bashir,film,2008.0,2008 Israeli adult animated war docudrama film by Ari Folman,89.68,89.68,1,1,Tel Aviv,Tel Aviv,Tel Aviv
Yana's Friends,Yana's Friends,yanas friends,film,1999.0,1999 Israeli film,89.68,89.68,1,1,Tel Aviv,Tel Aviv,Tel Aviv
Would You Have Sex with an Arab?,Would You Have Sex with an Arab?,would you have sex with an arab,film,2011.0,2011 film,89.68,89.68,1,1,Tel Aviv,Tel Aviv,Tel Aviv
A Woman's Case,A Woman's Case,womans case,film,1969.0,1969 Israeli film,89.68,89.68,1,1,Tel Aviv,Tel Aviv,Tel Aviv
Metzitzim,Metzitzim,metzitzim,film,1972.0,1972 Israeli film,89.68,89.68,1,1,Tel Aviv,Tel Aviv,Tel Aviv
Wisdom of the Pretzel,Wisdom of the Pretzel,wisdom of the pretzel,film,2002.0,2002 Israeli film,89.68,89.68,1,1,Tel Aviv,Tel Aviv,Tel Aviv
Urban Feel,Urban Feel,urban feel,film,1998.0,1998 Israeli film,89.68,89.68,1,1,Tel Aviv,Tel Aviv,Tel Aviv
Undressing Israel: Gay Men in the Promised Land,Undressing Israel: Gay Men in the Promised Land,undressing israel gay men in the promised land,film,2012.0,2012 Israeli film,89.68,89.68,1,1,Tel Aviv,Tel Aviv,Tel Aviv
Blaumilch Canal,Blaumilch Canal,blaumilch canal,film,1969.0,1969 Israeli film,89.68,89.68,1,1,Tel Aviv,Tel Aviv,Tel Aviv
America (2022 film),America,america,film,2022.0,2022 film,89.68,89.68,1,1,Tel Aviv,Tel Aviv,Tel Aviv
The Contract (1971 film),The Contract,contract,film,1971.0,1971 Israeli film directed by Menahem Golan,89.68,89.68,1,1,Tel Aviv,Tel Aviv,Tel Aviv
The Belle from Gaza,The Belle from Gaza,belle from gaza,film,2024.0,2024 film by Yolande Zauberman,89.68,89.68,1,1,Tel Aviv,Tel Aviv,Tel Aviv
Star Trek: Rihannsu,Star Trek: Rihannsu,star trek rihannsu,novel,,Novel series,89.63,89.63,1,1,Star Trek,Star Trek,Star Trek
Betrayal (Tilton novel),Betrayal (Tilton novel),betrayal tilton novel,novel,1994.0,1994 novel by Lois Tilton,89.63,89.63,1,1,Star Trek,Star Trek,Star Trek
The 34th Rule,The 34th Rule,34th rule,novel,1999.0,1999 novel by Armin Shimerman and David R. George III,89.63,89.63,1,1,Star Trek,Star Trek,Star Trek
Star Trek (novel),Star Trek,star trek,novel,2009.0,2009 novel by Alan Dean Foster,89.63,89.63,1,1,Star Trek,Star Trek,Star Trek
Proud Helios,Proud Helios,proud helios,novel,1995.0,1995 novel by Melissa Scott,89.63,89.63,1,1,Star Trek,Star Trek,Star Trek
The Heart of the Warrior,The Heart of the Warrior,heart of the warrior,novel,,Book by John Gregory Betancourt,89.63,89.63,1,1,Star Trek,Star Trek,Star Trek
A Stitch in Time (Robinson novel),A Stitch in Time (Robinson novel),stitch in time robinson novel,novel,2000.0,2000 Star Trek: Deep Space Nine novel by Andrew Robinson,89.63,89.63,1,1,Star Trek,Star Trek,Star Trek
The Ashes of Eden,The Ashes of Eden,ashes of eden,novel,1995.0,1995 novel,89.62,89.62,1,1,Star Trek: The Next Generation,Star Trek: The Next Generation,Star Trek: The Next Generation
Imzadi,Imzadi,imzadi,novel,,Novel by Peter David,89.62,89.62,1,1,Star Trek: The Next Generation,Star Trek: The Next Generation,Star Trek: The Next Generation
Planet X (novel),Planet X,planet x,novel,1998.0,1998 novel by Michael Jan Friedman,89.62,89.62,1,1,Star Trek: The Next Generation,Star Trek: The Next Generation,Star Trek: The Next Generation
Star Trek: The Q Continuum,Star Trek: The Q Continuum,star trek the q continuum,novel,,Book by Greg Cox,89.62,89.62,1,1,Star Trek: The Next Generation,Star Trek: The Next Generation,Star Trek: The Next Generation
Survivors (Lorrah novel),Survivors (Lorrah novel),survivors lorrah novel,novel,1989.0,1989 novel by Jean Lorrah,89.62,89.62,1,1,Star Trek: The Next Generation,Star Trek: The Next Generation,Star Trek: The Next Generation
Q-Squared,Q-Squared,q-squared,novel,,Novel by Peter David,89.62,89.62,1,1,Star Trek: The Next Generation,Star Trek: The Next Generation,Star Trek: The Next Generation
Vendetta (David novel),Vendetta (David novel),vendetta david novel,novel,1991.0,1991 tie-in novel by Peter David,89.62,89.62,1,1,Star Trek: The Next Generation,Star Trek: The Next Generation,Star Trek: The Next Generation
Death in Winter,Death in Winter,death in winter,novel,,Novel by Michael Jan Friedman,89.62,89.62,1,1,Star Trek: The Next Generation,Star Trek: The Next Generation,Star Trek: The Next Generation
Resistance (Dillard novel),Resistance (Dillard novel),resistance dillard novel,novel,,Star Trek: The Next Generation novel,89.62,89.62,1,1,Star Trek: The Next Generation,Star Trek: The Next Generation,Star Trek: The Next Generation
The Return (Shatner novel),The Return (Shatner novel),return shatner novel,novel,1996.0,1996 novel by William Shatner,89.62,89.62,1,1,Star Trek: The Next Generation,Star Trek: The Next Generation,Star Trek: The Next Generation
Balance of Power (Ab Hugh novel),Balance of Power (Ab Hugh novel),balance of power ab hugh novel,novel,1994.0,1994 novel by Dafydd ab Hugh,89.62,89.62,1,1,Star Trek: The Next Generation,Star Trek: The Next Generation,Star Trek: The Next Generation
"I, Q","I, Q",i q,novel,1999.0,1999 novel by John de Lancie and Peter David,89.62,89.62,1,1,Star Trek: The Next Generation,Star Trek: The Next Generation,Star Trek: The Next Generation
Immortal Coil,Immortal Coil,immortal coil,novel,2002.0,"Book by Jeffrey Lang, from 2002",89.62,89.62,1,1,Star Trek: The Next Generation,Star Trek: The Next Generation,Star Trek: The Next Generation
The Devil's Heart,The Devil's Heart,devils heart,novel,1993.0,1993 novel by Carmen Carter,89.62,89.62,1,1,Star Trek: The Next Generation,Star Trek: The Next Generation,Star Trek: The Next Generation
John Adams (book),John Adams,john adams,novel,2001.0,2001 book by David McCullough,89.62,89.62,1,1,John Adams & John Quincy Adams,John Adams & John Quincy Adams,John Adams & John Quincy Adams
Federation (novel),Federation,federation,novel,,Star Trek novel by Judith and Garfield Reeves-Stevens,89.62,89.62,1,1,Star Trek: The Next Generation,Star Trek: The Next Generation,Star Trek: The Next Generation
Dark Mirror (Duane novel),Dark Mirror (Duane novel),dark mirror duane novel,novel,,Star Trek novel,89.62,89.62,1,1,Star Trek: The Next Generation,Star Trek: The Next Generation,Star Trek: The Next Generation
Q-in-Law,Q-in-Law,q-in-law,novel,,Novel by Peter David,89.62,89.62,1,1,Star Trek: The Next Generation,Star Trek: The Next Generation,Star Trek: The Next Generation
The Peacekeepers,The Peacekeepers,peacekeepers,novel,1988.0,1988 Star Trek: The Next Generation novel by Gene DeWeese,89.62,89.62,1,1,Star Trek: The Next Generation,Star Trek: The Next Generation,Star Trek: The Next Generation
Strike Zone (novel),Strike Zone,strike zone,novel,1989.0,1989 novel by Peter David,89.62,89.62,1,1,Star Trek: The Next Generation,Star Trek: The Next Generation,Star Trek: The Next Generation
Marilyn: A Biography,Marilyn: A Biography,marilyn a biography,novel,1973.0,1973 book,89.46,0.0,1,0,Marilyn Monroe,Marilyn Monroe,
The Legend of Marilyn Monroe,The Legend of Marilyn Monroe,legend of marilyn monroe,film,1966.0,1966 American film,89.46,0.0,1,0,Marilyn Monroe,Marilyn Monroe,
Marilyn (1963 film),Marilyn,marilyn,film,1963.0,1963 American film,89.46,0.0,1,0,Marilyn Monroe,Marilyn Monroe,
The Last Sitting,The Last Sitting,last sitting,novel,,Book and photo shoot of Marilyn Monroe,89.46,0.0,1,0,Marilyn Monroe,Marilyn Monroe,
"Goodbye, Norma Jean","Goodbye, Norma Jean",goodbye norma jean,film,1976.0,1976 American film,89.46,0.0,1,0,Marilyn Monroe,Marilyn Monroe,
"Goodnight, Sweet Marilyn","Goodnight, Sweet Marilyn",goodnight sweet marilyn,film,1989.0,1989 American film,89.46,0.0,1,0,Marilyn Monroe,Marilyn Monroe,
My Week with Marilyn,My Week with Marilyn,my week with marilyn,film,2011.0,2011 film directed by Simon Curtis,89.46,0.0,1,0,Marilyn Monroe,Marilyn Monroe,
Bloody Daddy,Bloody Daddy,bloody daddy,film,2023.0,2023 film directed by Ali Abbas Zafar,89.12,89.12,1,1,Abu Dhabi,Abu Dhabi,Abu Dhabi
Dishoom,Dishoom,dishoom,film,2016.0,2016 Indian film,89.12,89.12,1,1,Abu Dhabi,Abu Dhabi,Abu Dhabi
DJ: Duvvada Jagannadham,DJ: Duvvada Jagannadham,dj duvvada jagannadham,film,2017.0,2017 Indian action comedy film by Harish Shankar,89.12,89.12,1,1,Abu Dhabi,Abu Dhabi,Abu Dhabi
Jeannette: The Childhood of Joan of Arc,Jeannette: The Childhood of Joan of Arc,jeannette the childhood of joan of arc,film,2017.0,2017 film,88.85,0.0,1,0,Joan of Arc,Joan of Arc,
Joan of Arc (1935 film),Joan of Arc,joan of arc,film,1935.0,1935 film,88.85,0.0,1,0,Joan of Arc,Joan of Arc,
Joan of Arc (1900 film),Joan of Arc,joan of arc,film,1900.0,1900 French film,88.85,0.0,1,0,Joan of Arc,Joan of Arc,
Joan of Arc (2019 film),Joan of Arc,joan of arc,film,2019.0,2019 film,88.85,0.0,1,0,Joan of Arc,Joan of Arc,
The Messenger: The Story of Joan of Arc,The Messenger: The Story of Joan of Arc,messenger the story of joan of arc,film,1999.0,1999 film by Luc Besson,88.85,0.0,1,0,Joan of Arc,Joan of Arc,
R.I.P.D. 2: Rise of the Damned,R.I.P.D. 2: Rise of the Damned,r.i.p.d. 2 rise of the damned,film,2022.0,2022 film by Paul Leyden,88.85,0.0,1,0,Joan of Arc,Joan of Arc,
Saint Joan (1957 film),Saint Joan,saint joan,film,1957.0,1957 film,88.85,0.0,1,0,Joan of Arc,Joan of Arc,
Daughters of Destiny (film),Daughters of Destiny,daughters of destiny,film,1954.0,1954 French film,88.85,0.0,1,0,Joan of Arc,Joan of Arc,
The Trial of Joan of Arc,The Trial of Joan of Arc,trial of joan of arc,film,1962.0,1962 film,88.85,0.0,1,0,Joan of Arc,Joan of Arc,
Joan the Maid,Joan the Maid,joan the maid,film,1994.0,1994 French film,88.85,0.0,1,0,Joan of Arc,Joan of Arc,
Joan of Arc at the Stake,Joan of Arc at the Stake,joan of arc at the stake,film,1954.0,1954 Italian film,88.85,0.0,1,0,Joan of Arc,Joan of Arc,
Joan the Woman,Joan the Woman,joan the woman,film,1916.0,1916 film,88.85,0.0,1,0,Joan of Arc,Joan of Arc,
The Silence of Joan,The Silence of Joan,silence of joan,film,2011.0,2011 French film,88.85,0.0,1,0,Joan of Arc,Joan of Arc,
Saint Joan the Maid,Saint Joan the Maid,saint joan the maid,film,1929.0,1929 film,88.85,0.0,1,0,Joan of Arc,Joan of Arc,
Joan of Arc (1948 film),Joan of Arc,joan of arc,film,1948.0,1948 film by Victor Fleming,88.85,0.0,1,0,Joan of Arc,Joan of Arc,
No Man's Land (1987 film),No Man's Land,no mans land,film,1987.0,American crime drama film by Peter Werner,88.7,0.0,1,0,San Diego,San Diego,
Most Likely to Succeed (film),Most Likely to Succeed,most likely to succeed,film,2015.0,2015 film,88.7,0.0,1,0,San Diego,San Diego,
"My Son, My Son, What Have Ye Done","My Son, My Son, What Have Ye Done",my son my son what have ye done,film,2009.0,2009 American film,88.7,0.0,1,0,San Diego,San Diego,
My Blue Heaven (1990 American film),My Blue Heaven,my blue heaven,film,1990.0,1990 American comedy film,88.7,0.0,1,0,San Diego,San Diego,
Murder and Cocktails,Murder and Cocktails,murder and cocktails,film,2024.0,2024 film by Henry Barrial,88.7,0.0,1,0,San Diego,San Diego,
The Mating Call,The Mating Call,mating call,film,1928.0,1928 film,88.7,0.0,1,0,San Diego,San Diego,
Lucky Lady,Lucky Lady,lucky lady,film,1975.0,1975 film by Stanley Donen,88.7,0.0,1,0,San Diego,San Diego,
Lords of Dogtown,Lords of Dogtown,lords of dogtown,film,2005.0,2005 American film,88.7,0.0,1,0,San Diego,San Diego,
The Longest Yard (2005 film),The Longest Yard,longest yard,film,2005.0,2005 film by Peter Segal,88.7,0.0,1,0,San Diego,San Diego,
Little Nikita,Little Nikita,little nikita,film,1988.0,1988 film by Richard Benjamin,88.7,0.0,1,0,San Diego,San Diego,
Mr. Wrong,Mr. Wrong,mr. wrong,film,1996.0,1996 film by Nick Castle,88.7,0.0,1,0,San Diego,San Diego,
Miracle at Manchester,Miracle at Manchester,miracle at manchester,film,2022.0,2022 film by Eddie McClintock,88.7,0.0,1,0,San Diego,San Diego,
Mighty Oak,Mighty Oak,mighty oak,film,2020.0,2020 American film by Sean McNamara,88.7,0.0,1,0,San Diego,San Diego,
Rainbows End (Vinge novel),Rainbows End (Vinge novel),rainbows end vinge novel,novel,2006.0,2006 novel by Vernor Vinge,88.7,0.0,1,0,San Diego,San Diego,
Now and on Earth,Now and on Earth,now and on earth,novel,1942.0,1942 novel by Jim Thompson,88.7,0.0,1,0,San Diego,San Diego,
Mexican WhiteBoy,Mexican WhiteBoy,mexican whiteboy,novel,2008.0,2008 novel by Matt de la Peña,88.7,0.0,1,0,San Diego,San Diego,
The Last Laugh (The Hardy Boys),The Last Laugh (The Hardy Boys),last laugh the hardy boys,novel,1990.0,1990 novel by Franklin W. Dixon,88.7,0.0,1,0,San Diego,San Diego,
The Hungry Tide,The Hungry Tide,hungry tide,novel,2004.0,2004 book by Amitav Ghosh,88.7,0.0,1,0,San Diego,San Diego,
Blood Hunt (novel),Blood Hunt,blood hunt,novel,1995.0,1995 novel by Ian Rankin,88.7,0.0,1,0,San Diego,San Diego,
Armageddon (novel),Armageddon,armageddon,novel,2003.0,2003 novel by Tim LaHaye and Jerry B. Jenkins,88.7,0.0,1,0,San Diego,San Diego,
The Abortion: An Historical Romance 1966,The Abortion: An Historical Romance 1966,abortion an historical romance 1966,novel,,Novel by Richard Brautigan,88.7,0.0,1,0,San Diego,San Diego,
The Power Agent,The Power Agent,power agent,film,2020.0,2020 film by Mark Atkinson,88.7,0.0,1,0,San Diego,San Diego,
The Playground (film),The Playground,playground,film,2017.0,2017 film by Edreace Purmul,88.7,0.0,1,0,San Diego,San Diego,
Paul (2011 film),Paul,paul,film,2011.0,2011 film by Greg Mottola,88.7,0.0,1,0,San Diego,San Diego,
Paranormal Activity 2,Paranormal Activity 2,paranormal activity 2,film,2010.0,2010 film by Tod Williams,88.7,0.0,1,0,San Diego,San Diego,
Paranormal Activity,Paranormal Activity,paranormal activity,film,2007.0,2007 film by Oren Peli,88.7,0.0,1,0,San Diego,San Diego,
Timescape,Timescape,timescape,novel,1980.0,1980 novel by Gregory Benford,88.7,0.0,1,0,San Diego,San Diego,
The Remnant (novel),The Remnant,remnant,novel,,Tenth book in the Left Behind series by Tim LaHaye and Jerry B. Jenkins,88.7,0.0,1,0,San Diego,San Diego,
Rats Saw God,Rats Saw God,rats saw god,novel,1996.0,1996 book by Rob Thomas,88.7,0.0,1,0,San Diego,San Diego,
The Flying Fleet,The Flying Fleet,flying fleet,film,1929.0,1929 film by George W. Hill,88.7,0.0,1,0,San Diego,San Diego,
Flirting with Disaster (film),Flirting with Disaster,flirting with disaster,film,1996.0,1996 film by David O. Russell,88.7,0.0,1,0,San Diego,San Diego,
Flight Command,Flight Command,flight command,film,1940.0,1940 American film,88.7,0.0,1,0,San Diego,San Diego,
The Fifth of November,The Fifth of November,fifth of november,film,2018.0,2018 film by Javier Augusto Nunez,88.7,0.0,1,0,San Diego,San Diego,
Fatty at San Diego,Fatty at San Diego,fatty at san diego,film,1913.0,1913 film,88.7,0.0,1,0,San Diego,San Diego,
Fatty and Mabel at the San Diego Exposition,Fatty and Mabel at the San Diego Exposition,fatty and mabel at the san diego exposition,film,1915.0,1915 film,88.7,0.0,1,0,San Diego,San Diego,
A Family Affair (2001 film),A Family Affair,family affair,film,2001.0,2001 lesbian romantic comedy film by Helen Lesnick,88.7,0.0,1,0,San Diego,San Diego,
The Evil Rises,The Evil Rises,evil rises,film,2018.0,2018 film by Daniel Florenzano,88.7,0.0,1,0,San Diego,San Diego,
Everybody Dies by the End,Everybody Dies by the End,everybody dies by the end,film,2022.0,2022 film by Ian Tripp and Ryan Schafer,88.7,0.0,1,0,San Diego,San Diego,
The Eternal Sea,The Eternal Sea,eternal sea,film,1955.0,1955 film by John H. Auer,88.7,0.0,1,0,San Diego,San Diego,
The Endless (film),The Endless,endless,film,2017.0,2017 film by Justin Benson and Aaron Moorhead,88.7,0.0,1,0,San Diego,San Diego,
Emanuelle and the White Slave Trade,Emanuelle and the White Slave Trade,emanuelle and the white slave trade,film,1978.0,1978 Italian sexploitation film,88.7,0.0,1,0,San Diego,San Diego,
Driven (2018 film),Driven,driven,film,2018.0,2018 film,88.7,0.0,1,0,San Diego,San Diego,
Leave 'Em Laughing (2020 film),Leave 'Em Laughing,leave em laughing,film,2020.0,2020 film by Chris Cashman,88.7,0.0,1,0,San Diego,San Diego,
Kung Fu Ghost,Kung Fu Ghost,kung fu ghost,film,2022.0,2022 film by Jennifer N. Linch,88.7,0.0,1,0,San Diego,San Diego,
K-9: P.I.,K-9: P.I.,k-9 p.i.,film,2002.0,2002 American film,88.7,0.0,1,0,San Diego,San Diego,
K-9 (film),K-9,k-9,film,1989.0,1989 film by Rod Daniel,88.7,0.0,1,0,San Diego,San Diego,
Jay and Silent Bob Reboot,Jay and Silent Bob Reboot,jay and silent bob reboot,film,2019.0,2019 film directed by Kevin Smith,88.7,0.0,1,0,San Diego,San Diego,
In the Tall Grass (film),In the Tall Grass,in the tall grass,film,2019.0,2019 film by Vincenzo Natali,88.7,0.0,1,0,San Diego,San Diego,
I Cover the Waterfront,I Cover the Waterfront,i cover the waterfront,film,1933.0,1933 film,88.7,0.0,1,0,San Diego,San Diego,
I Am Not a Hipster,I Am Not a Hipster,i am not a hipster,film,2012.0,2012 American film,88.7,0.0,1,0,San Diego,San Diego,
Hush (2016 short film),Hush,hush,film,2016.0,2016 horror film by Michael Lewis Foster,88.7,0.0,1,0,San Diego,San Diego,
Heaven & Earth (1993 film),Heaven & Earth,heaven & earth,film,1993.0,1993 film directed by Oliver Stone,88.7,0.0,1,0,San Diego,San Diego,
Hardcore (1979 film),Hardcore,hardcore,film,1979.0,1979 American crime drama film by Paul Schrader,88.7,0.0,1,0,San Diego,San Diego,
Hacksaw (film),Hacksaw,hacksaw,film,2020.0,2020 found footage horror film by Anthony Leone,88.7,0.0,1,0,San Diego,San Diego,
Going Ape!,Going Ape!,going ape,film,1981.0,1981 film by Jeremy Joe Kronsberg,88.7,0.0,1,0,San Diego,San Diego,
Glass Casa,Glass Casa,glass casa,film,2024.0,2024 film,88.7,0.0,1,0,San Diego,San Diego,
Ghostline,Ghostline,ghostline,film,2014.0,2014 film by Dean Whitney,88.7,0.0,1,0,San Diego,San Diego,
Gardens of the Night,Gardens of the Night,gardens of the night,film,2008.0,2008 American film,88.7,0.0,1,0,San Diego,San Diego,
Our Barrio,Our Barrio,our barrio,film,2016.0,2016 film by Ryan Casselman,88.7,0.0,1,0,San Diego,San Diego,
On Swift Horses,On Swift Horses,on swift horses,film,2024.0,2024 film by Daniel Minahan,88.7,0.0,1,0,San Diego,San Diego,
Oh Lucy! (2017 film),Oh Lucy!,oh lucy,film,2017.0,Film by Atsuko Hirayanagi,88.7,0.0,1,0,San Diego,San Diego,
Battle Cry (film),Battle Cry,battle cry,film,1955.0,1955 film by Raoul Walsh,88.7,0.0,1,0,San Diego,San Diego,
Bang Bang (2011 film),Bang Bang,bang bang,film,2011.0,2011 American film,88.7,0.0,1,0,San Diego,San Diego,
Babel (film),Babel,babel,film,2006.0,2006 film by Alejandro González Iñárritu,88.7,0.0,1,0,San Diego,San Diego,
A Force of One,A Force of One,force of one,film,1979.0,1979 film by Paul Aaron,88.7,0.0,1,0,San Diego,San Diego,
The Big Mouth,The Big Mouth,big mouth,film,1967.0,1967 film by Jerry Lewis,88.7,0.0,1,0,San Diego,San Diego,
Francis in the Navy,Francis in the Navy,francis in the navy,film,1955.0,1955 film by Arthur Lubin,88.7,0.0,1,0,San Diego,San Diego,
Frost: Portrait of a Vampire,Frost: Portrait of a Vampire,frost portrait of a vampire,film,2002.0,2002 American film,88.7,0.0,1,0,San Diego,San Diego,
Battle: Los Angeles,Battle: Los Angeles,battle los angeles,film,2011.0,2011 film by Jonathan Liebesman,88.7,0.0,1,0,San Diego,San Diego,
Bring It On (film),Bring It On,bring it on,film,2000.0,2000 film directed by Peyton Reed,88.7,0.0,1,0,San Diego,San Diego,
Carving a Life,Carving a Life,carving a life,film,2017.0,2017 American film by Terry Ross,88.7,0.0,1,0,San Diego,San Diego,
Chubasco (film),Chubasco,chubasco,film,1968.0,1968 film,88.7,0.0,1,0,San Diego,San Diego,
The Condor (film),The Condor,condor,film,2007.0,2007 film by Steven E. Gordon,88.7,0.0,1,0,San Diego,San Diego,
Continuance (film),Continuance,continuance,film,2021.0,2021 film by Tony Olmos,88.7,0.0,1,0,San Diego,San Diego,
Bloody Wednesday (film),Bloody Wednesday,bloody wednesday,film,1988.0,1988 film,88.7,0.0,1,0,San Diego,San Diego,
Borderline (1980 film),Borderline,borderline,film,1980.0,American action drama film by Jerrold Freedman,88.7,0.0,1,0,San Diego,San Diego,
The Boys in Company C,The Boys in Company C,boys in company c,film,1978.0,1978 film directed by Sidney J. Furie,88.7,0.0,1,0,San Diego,San Diego,
Daydream Hotel,Daydream Hotel,daydream hotel,film,2017.0,2017 film by Tony Perri,88.7,0.0,1,0,San Diego,San Diego,
Dangerous Curves (1988 film),Dangerous Curves,dangerous curves,film,1988.0,1988 film by David Lewis,88.7,0.0,1,0,San Diego,San Diego,
Daisy Belle (film),Daisy Belle,daisy belle,film,2018.0,2018 film by William Wall,88.7,0.0,1,0,San Diego,San Diego,
Demolition Man (film),Demolition Man,demolition man,film,1993.0,1993 film by Marco Brambilla,88.7,0.0,1,0,San Diego,San Diego,
Down in San Diego,Down in San Diego,down in san diego,film,1941.0,1941 film by Robert B. Sinclair,88.7,0.0,1,0,San Diego,San Diego,
Deviant (2018 film),Deviant,deviant,film,2018.0,2018 film by Benjamin Howard,88.7,0.0,1,0,San Diego,San Diego,
The $5 Movie,The $5 Movie,$5 movie,film,2001.0,2001 film by Devin Scott,88.7,0.0,1,0,San Diego,San Diego,
1 Night in San Diego,1 Night in San Diego,1 night in san diego,film,2020.0,2020 American comedy film,88.7,0.0,1,0,San Diego,San Diego,
16-Love,16-Love,16-love,film,2012.0,2012 romantic comedy film directed by Adam Lipsius,88.7,0.0,1,0,San Diego,San Diego,
Adalynn,Adalynn,adalynn,film,2023.0,2023 film by Jacob Byrd,88.7,0.0,1,0,San Diego,San Diego,
Anchorman: The Legend of Ron Burgundy,Anchorman: The Legend of Ron Burgundy,anchorman the legend of ron burgundy,film,2004.0,2004 film by Adam McKay,88.7,0.0,1,0,San Diego,San Diego,
Anchorman 2: The Legend Continues,Anchorman 2: The Legend Continues,anchorman 2 the legend continues,film,2013.0,2013 film by Adam McKay,88.7,0.0,1,0,San Diego,San Diego,
Aquarium of the Dead,Aquarium of the Dead,aquarium of the dead,film,2021.0,2021 film by Glenn Miller,88.7,0.0,1,0,San Diego,San Diego,
The Arrival (1991 film),The Arrival,arrival,film,1991.0,1991 American science fiction horror film,88.7,0.0,1,0,San Diego,San Diego,
Attack of the Killer Tomatoes,Attack of the Killer Tomatoes,attack of the killer tomatoes,film,1978.0,1978 film by John DeBello,88.7,0.0,1,0,San Diego,San Diego,
Attack of the Killer Tomatoes: Organic Intelligence,Attack of the Killer Tomatoes: Organic Intelligence,attack of the killer tomatoes organic intelligence,film,2026.0,2026 American film,88.7,0.0,1,0,San Diego,San Diego,
The Vagabond King (1956 film),The Vagabond King,vagabond king,film,1956.0,1956 American film,88.65,88.65,1,1,François Villon,François Villon,François Villon
The Oubliette,The Oubliette,oubliette,film,1914.0,1914 film,88.65,88.65,1,1,François Villon,François Villon,François Villon
The Vagabond King (1930 film),The Vagabond King,vagabond king,film,1930.0,1930 film,88.65,88.65,1,1,François Villon,François Villon,François Villon
The Adventures of François Villon,The Adventures of François Villon,adventures of francois villon,film,,Film series,88.65,88.65,1,1,François Villon,François Villon,François Villon
The Beloved Rogue,The Beloved Rogue,beloved rogue,film,1927.0,1927 film by Alan Crosland,88.65,88.65,1,1,François Villon,François Villon,François Villon
François Villon (film),François Villon,francois villon,film,1945.0,1945 French film,88.65,88.65,1,1,François Villon,François Villon,François Villon
The Higher Law (1914 film),The Higher Law,higher law,film,1914.0,1914 film,88.65,88.65,1,1,François Villon,François Villon,François Villon
If I Were King (1920 film),If I Were King,if i were king,film,1920.0,1920 film by J. Gordon Edwards,88.65,88.65,1,1,François Villon,François Villon,François Villon
If I Were King,If I Were King,if i were king,film,1938.0,1938 film by Frank Lloyd,88.65,88.65,1,1,François Villon,François Villon,François Villon
Super Sleuth Christmas Movie,Super Sleuth Christmas Movie,super sleuth christmas movie,film,2007.0,2007 American film,88.53,88.53,1,1,Santa Claus,Santa Claus,Santa Claus
A Wish for Wings That Work,A Wish for Wings That Work,wish for wings that work,novel,1991.0,1991 American children's book and TV special,88.53,88.53,1,1,Santa Claus,Santa Claus,Santa Claus
Annabelle's Wish,Annabelle's Wish,annabelles wish,film,1997.0,1997 film,88.53,88.53,1,1,Santa Claus,Santa Claus,Santa Claus
Rudolph the Red-Nosed Reindeer (1948 film),Rudolph the Red-Nosed Reindeer,rudolph the red-nosed reindeer,film,1948.0,1948 American film,88.53,88.53,1,1,Santa Claus,Santa Claus,Santa Claus
Rudolph the Red-Nosed Reindeer: The Movie,Rudolph the Red-Nosed Reindeer: The Movie,rudolph the red-nosed reindeer the movie,film,1998.0,1998 animated film by William R. Kowalchuk,88.53,88.53,1,1,Santa Claus,Santa Claus,Santa Claus
The Hundred-Year Christmas,The Hundred-Year Christmas,hundred-year christmas,novel,,Book by David Morrell,88.53,88.53,1,1,Santa Claus,Santa Claus,Santa Claus
Rudolph the Red-Nosed Reindeer and the Island of Misfit Toys,Rudolph the Red-Nosed Reindeer and the Island of Misfit Toys,rudolph the red-nosed reindeer and the island of misfit toys,film,2001.0,2001 animated film,88.53,88.53,1,1,Santa Claus,Santa Claus,Santa Claus
Blizzard (2003 film),Blizzard,blizzard,film,2003.0,2003 American film,88.53,88.53,1,1,Santa Claus,Santa Claus,Santa Claus
Christmas Is Here Again,Christmas Is Here Again,christmas is here again,film,2007.0,2007 American film,88.53,88.53,1,1,Santa Claus,Santa Claus,Santa Claus
The Flight Before Christmas (2008 film),The Flight Before Christmas,flight before christmas,film,2008.0,2008 Finnish animated film,88.53,88.53,1,1,Santa Claus,Santa Claus,Santa Claus
Grandma Got Run Over by a Reindeer (film),Grandma Got Run Over by a Reindeer,grandma got run over by a reindeer,film,2000.0,2000 film by Phil Roman,88.53,88.53,1,1,Santa Claus,Santa Claus,Santa Claus
"Little Brother, Big Trouble: A Christmas Adventure","Little Brother, Big Trouble: A Christmas Adventure",little brother big trouble a christmas adventure,film,2012.0,2012 film,88.53,88.53,1,1,Santa Claus,Santa Claus,Santa Claus
Prancer (film),Prancer,prancer,film,1989.0,1989 film by John D. Hancock,88.53,88.53,1,1,Santa Claus,Santa Claus,Santa Claus
Santa's Husband,Santa's Husband,santas husband,novel,2017.0,2017 children's book by Daniel Kibblesmith,88.53,88.53,1,1,Santa Claus,Santa Claus,Santa Claus
Santa Claus and His Elves,Santa Claus and His Elves,santa claus and his elves,novel,1981.0,1981 Finnish book about Joulupukki by Mauri Kunnas,88.53,88.53,1,1,Santa Claus,Santa Claus,Santa Claus
Roads (novel),Roads,roads,novel,,Fantasy novel by Seabury Quinn,88.53,88.53,1,1,Santa Claus,Santa Claus,Santa Claus
Rascal Does Not Dream,Rascal Does Not Dream,rascal does not dream,novel,,Japanese light novel series and its adaptations,88.53,88.53,1,1,Santa Claus,Santa Claus,Santa Claus
Miracle on 34th Street (novella),Miracle on 34th Street (novella),miracle on 34th street novella,novel,1947.0,1947 book by Valentine Davies,88.53,88.53,1,1,Santa Claus,Santa Claus,Santa Claus
The Life and Adventures of Santa Claus,The Life and Adventures of Santa Claus,life and adventures of santa claus,novel,1902.0,1902 children's book by L. Frank Baum,88.53,88.53,1,1,Santa Claus,Santa Claus,Santa Claus
Kringle (novel),Kringle,kringle,novel,2005.0,2005 book by Tony Abbott,88.53,88.53,1,1,Santa Claus,Santa Claus,Santa Claus
The Immortal Nicholas,The Immortal Nicholas,immortal nicholas,novel,2015.0,2015 novel by Glenn Beck,88.53,88.53,1,1,Santa Claus,Santa Claus,Santa Claus
Swallows and Amazons (2016 film),Swallows and Amazons,swallows and amazons,film,2016.0,2016 British film by Philippa Lowthorpe,88.29,88.29,1,1,Lake District,Lake District,Lake District
The Windermere Children,The Windermere Children,windermere children,film,2020.0,2020 British biographical tv film,88.29,88.29,1,1,Lake District,Lake District,Lake District
Withnail and I,Withnail and I,withnail and i,film,1987.0,1987 British film by Bruce Robinson,88.29,88.29,1,1,Lake District,Lake District,Lake District
"The Catholic Church and the Holocaust, 1930–1965","The Catholic Church and the Holocaust, 1930–1965",catholic church and the holocaust 1930–1965,novel,,Book by Michael Phayer,88.29,88.29,1,1,Pope Pius XII,Pope Pius XII,Pope Pius XII
Hitler's Pope,Hitler's Pope,hitlers pope,novel,1999.0,1999 book by John Cornwell,88.29,88.29,1,1,Pope Pius XII,Pope Pius XII,Pope Pius XII
The Myth of Hitler's Pope,The Myth of Hitler's Pope,myth of hitlers pope,novel,2005.0,2005 book by David G. Dalin,88.29,88.29,1,1,Pope Pius XII,Pope Pius XII,Pope Pius XII
"Pius XII, The Holocaust, and the Cold War","Pius XII, The Holocaust, and the Cold War",pius xii the holocaust and the cold war,novel,2008.0,2008 book by Michael Phayer,88.29,88.29,1,1,Pope Pius XII,Pope Pius XII,Pope Pius XII
A Tale of Two Cities (1922 film),A Tale of Two Cities,tale of two cities,film,1922.0,1922 film,88.29,88.29,1,1,"\""A Tale of Two Cities\","\""A Tale of Two Cities\","\""A Tale of Two Cities\"
A Tale of Two Cities (1935 film),A Tale of Two Cities,tale of two cities,film,1935.0,"1935 film by Robert Zigler Leonard, Jack Conway",88.29,88.29,1,1,"\""A Tale of Two Cities\","\""A Tale of Two Cities\","\""A Tale of Two Cities\"
A Tale of Two Cities (1958 film),A Tale of Two Cities,tale of two cities,film,1958.0,1958 film,88.29,88.29,1,1,"\""A Tale of Two Cities\","\""A Tale of Two Cities\","\""A Tale of Two Cities\"
Bad Monkeys,Bad Monkeys,bad monkeys,novel,2007.0,2007 psychological thriller novel by Matt Ruff,88.29,0.0,1,0,Las Vegas,Las Vegas,
Black Money (novel),Black Money,black money,novel,1966.0,1966 novel by Ross Macdonald,88.29,0.0,1,0,Las Vegas,Las Vegas,
Dragonfish (novel),Dragonfish,dragonfish,novel,2015.0,2015 novel by Vu Tran,88.29,0.0,1,0,Las Vegas,Las Vegas,
Fear and Loathing in Las Vegas,Fear and Loathing in Las Vegas,fear and loathing in las vegas,novel,1971.0,1971 novel by Hunter S. Thompson,88.29,0.0,1,0,Las Vegas,Las Vegas,
Trick 'r Treat,Trick 'r Treat,trick r treat,film,2007.0,2007 American film by Michael Dougherty,88.29,88.29,1,1,"\""Little Red Riding Hood\","\""Little Red Riding Hood\","\""Little Red Riding Hood\"
A Wicked Tale,A Wicked Tale,wicked tale,film,2005.0,2005 Singaporean film,88.29,88.29,1,1,"\""Little Red Riding Hood\","\""Little Red Riding Hood\","\""Little Red Riding Hood\"
28 Days Later,28 Days Later,28 days later,film,2002.0,2002 film by Danny Boyle,88.29,88.29,1,1,Lake District,Lake District,Lake District
Killer's Moon,Killer's Moon,killers moon,film,1978.0,1978 British horror film directed by Alan Birkinshaw,88.29,88.29,1,1,Lake District,Lake District,Lake District
Let Sleeping Corpses Lie (film),Let Sleeping Corpses Lie,let sleeping corpses lie,film,1974.0,1974 horror film directed by Jorge Grau,88.29,88.29,1,1,Lake District,Lake District,Lake District
Miss Potter,Miss Potter,miss potter,film,2006.0,2006 film by Chris Noonan,88.29,88.29,1,1,Lake District,Lake District,Lake District
Pandaemonium (film),Pandaemonium,pandaemonium,film,2000.0,2000 film by Julien Temple,88.29,88.29,1,1,Lake District,Lake District,Lake District
Peter Rabbit 2: The Runaway,Peter Rabbit 2: The Runaway,peter rabbit 2 the runaway,film,2021.0,2021 film by Will Gluck,88.29,88.29,1,1,Lake District,Lake District,Lake District
Swallows and Amazons (1974 film),Swallows and Amazons,swallows and amazons,film,1974.0,1974 British film by Claude Whatham,88.29,88.29,1,1,Lake District,Lake District,Lake District
The Amazing Colossal Man,The Amazing Colossal Man,amazing colossal man,film,1957.0,1957 film by Bert I. Gordon,88.29,0.0,1,0,Las Vegas,Las Vegas,
Angry Video Game Nerd: The Movie,Angry Video Game Nerd: The Movie,angry video game nerd the movie,film,2014.0,2014 film by James Rolfe,88.29,0.0,1,0,Las Vegas,Las Vegas,
The Ant Bully (film),The Ant Bully,ant bully,film,2006.0,2006 American animated film,88.29,0.0,1,0,Las Vegas,Las Vegas,
Army of the Dead,Army of the Dead,army of the dead,film,2021.0,2021 film by Zack Snyder,88.29,0.0,1,0,Las Vegas,Las Vegas,
Austin Powers: International Man of Mystery,Austin Powers: International Man of Mystery,austin powers international man of mystery,film,1997.0,1997 film by Jay Roach,88.29,0.0,1,0,Las Vegas,Las Vegas,
Bachelor Party Vegas,Bachelor Party Vegas,bachelor party vegas,film,2006.0,2006 American film,88.29,0.0,1,0,Las Vegas,Las Vegas,
Back on the Strip,Back on the Strip,back on the strip,film,2023.0,2023 American comedy film,88.29,0.0,1,0,Las Vegas,Las Vegas,
The Pope's Dilemma,The Pope's Dilemma,popes dilemma,novel,2015.0,2015 book by Jacques Kornberg,88.29,88.29,1,1,Pope Pius XII,Pope Pius XII,Pope Pius XII
The Pope's Jews,The Pope's Jews,popes jews,novel,,Book by Gordon Thomas,88.29,88.29,1,1,Pope Pius XII,Pope Pius XII,Pope Pius XII
Three Popes and the Jews,Three Popes and the Jews,three popes and the jews,novel,1967.0,1967 book by Pinchas Lapide,88.29,88.29,1,1,Pope Pius XII,Pope Pius XII,Pope Pius XII
Under His Very Windows,Under His Very Windows,under his very windows,novel,2000.0,2000 book by Susan Zuccotti,88.29,88.29,1,1,Pope Pius XII,Pope Pius XII,Pope Pius XII
The Dark Knight Rises,The Dark Knight Rises,dark knight rises,film,2012.0,2012 film by Christopher Nolan,88.29,88.29,1,1,"\""A Tale of Two Cities\","\""A Tale of Two Cities\","\""A Tale of Two Cities\"
The Only Way (1926 film),The Only Way,only way,film,1926.0,1926 film by Herbert Wilcox,88.29,88.29,1,1,"\""A Tale of Two Cities\","\""A Tale of Two Cities\","\""A Tale of Two Cities\"
Start the Revolution Without Me,Start the Revolution Without Me,start the revolution without me,film,1970.0,1970 film by Bud Yorkin,88.29,88.29,1,1,"\""A Tale of Two Cities\","\""A Tale of Two Cities\","\""A Tale of Two Cities\"
A Tale of Two Cities (1911 film),A Tale of Two Cities,tale of two cities,film,1911.0,1911 film,88.29,88.29,1,1,"\""A Tale of Two Cities\","\""A Tale of Two Cities\","\""A Tale of Two Cities\"
A Tale of Two Cities (1917 film),A Tale of Two Cities,tale of two cities,film,1917.0,1917 American film,88.29,88.29,1,1,"\""A Tale of Two Cities\","\""A Tale of Two Cities\","\""A Tale of Two Cities\"
Bob & Carol & Ted & Alice,Bob & Carol & Ted & Alice,bob & carol & ted & alice,film,1969.0,1969 film by Paul Mazursky,88.29,0.0,1,0,Las Vegas,Las Vegas,
Bolt (2008 film),Bolt,bolt,film,2008.0,2008 American Walt Disney animated film,88.29,0.0,1,0,Las Vegas,Las Vegas,
Bubble Boy (film),Bubble Boy,bubble boy,film,2001.0,2001 comedy film,88.29,0.0,1,0,Las Vegas,Las Vegas,
Bugsy,Bugsy,bugsy,film,1991.0,1991 biographical film by Barry Levinson,88.29,0.0,1,0,Las Vegas,Las Vegas,
The Center of the World,The Center of the World,center of the world,film,2001.0,2001 film by Wayne Wang,88.29,0.0,1,0,Las Vegas,Las Vegas,
Christy (2025 American film),Christy,christy,film,2025.0,2025 American biographical drama film,88.29,0.0,1,0,Las Vegas,Las Vegas,
Come Back to Me (2014 film),Come Back to Me,come back to me,film,2014.0,American psychological horror film,88.29,0.0,1,0,Las Vegas,Las Vegas,
Handbook for Mortals,Handbook for Mortals,handbook for mortals,novel,2017.0,2017 novel by Lani Sarem,88.29,0.0,1,0,Las Vegas,Las Vegas,
Leaving Las Vegas (novel),Leaving Las Vegas,leaving las vegas,novel,1990.0,1990 novel by John O'Brien,88.29,0.0,1,0,Las Vegas,Las Vegas,
Lords of St. Thomas,Lords of St. Thomas,lords of st. thomas,novel,2018.0,2018 novel by Jackson Ellis,88.29,0.0,1,0,Las Vegas,Las Vegas,
The Mirror Thief,The Mirror Thief,mirror thief,novel,2016.0,2016 novel by Martin Seay,88.29,0.0,1,0,Las Vegas,Las Vegas,
The Narrows (Connelly novel),The Narrows (Connelly novel),narrows connelly novel,novel,,Tenth novel about Harry Bosch by Michael Connelly,88.29,0.0,1,0,Las Vegas,Las Vegas,
The Naturals (novel series),The Naturals (novel series),naturals novel series,novel,,American novel series by Jennifer Lynn Barnes,88.29,0.0,1,0,Las Vegas,Las Vegas,
Stag Dance (novel),Stag Dance,stag dance,novel,2025.0,2025 book by Torrey Peters,88.29,0.0,1,0,Las Vegas,Las Vegas,
The Desert Rose,The Desert Rose,desert rose,novel,1983.0,1983 novel by Larry McMurtry,88.29,0.0,1,0,Las Vegas,Las Vegas,
21 (2008 film),21,21,film,2008.0,2008 film by Robert Luketic,88.29,0.0,1,0,Las Vegas,Las Vegas,
The Adventures of Tom Sawyer (1938 film),The Adventures of Tom Sawyer,adventures of tom sawyer,film,1938.0,1938 American film directed by Norman Taurog,88.29,88.29,1,1,Adventures of Tom Sawyer,Adventures of Tom Sawyer,Adventures of Tom Sawyer
Tom and Huck,Tom and Huck,tom and huck,film,1995.0,1995 American film,88.29,88.29,1,1,Adventures of Tom Sawyer,Adventures of Tom Sawyer,Adventures of Tom Sawyer
Tom Sawyer (1907 film),Tom Sawyer,tom sawyer,film,1907.0,1907 film produced by Kalem Studios,88.29,88.29,1,1,Adventures of Tom Sawyer,Adventures of Tom Sawyer,Adventures of Tom Sawyer
Tom Sawyer (1917 film),Tom Sawyer,tom sawyer,film,1917.0,1917 comedy-drama film directed by William Desmond Taylor,88.29,88.29,1,1,Adventures of Tom Sawyer,Adventures of Tom Sawyer,Adventures of Tom Sawyer
Tom Sawyer (1930 film),Tom Sawyer,tom sawyer,film,1930.0,1930 film,88.29,88.29,1,1,Adventures of Tom Sawyer,Adventures of Tom Sawyer,Adventures of Tom Sawyer
Tom Sawyer (1973 film),Tom Sawyer,tom sawyer,film,1973.0,1973 film directed by Don Taylor,88.29,88.29,1,1,Adventures of Tom Sawyer,Adventures of Tom Sawyer,Adventures of Tom Sawyer
Tom Sawyer (2000 film),Tom Sawyer,tom sawyer,film,2000.0,2000 American film,88.29,88.29,1,1,Adventures of Tom Sawyer,Adventures of Tom Sawyer,Adventures of Tom Sawyer
Battle Beneath the Earth,Battle Beneath the Earth,battle beneath the earth,film,1967.0,1967 British film by Montgomery Tully,88.29,0.0,1,0,Las Vegas,Las Vegas,
Beavis and Butt-Head Do America,Beavis and Butt-Head Do America,beavis and butt-head do america,film,1996.0,1996 film by Mike Judge,88.29,0.0,1,0,Las Vegas,Las Vegas,
Best of the Best II,Best of the Best II,best of the best ii,film,1993.0,1993 film,88.29,0.0,1,0,Las Vegas,Las Vegas,
Beyond Desire,Beyond Desire,beyond desire,film,1995.0,1995 American film,88.29,0.0,1,0,Las Vegas,Las Vegas,
The Big Short (film),The Big Short,big short,film,2015.0,2015 American biographical drama film directed by Adam McKay,88.29,0.0,1,0,Las Vegas,Las Vegas,
Black Moon Rising,Black Moon Rising,black moon rising,film,1986.0,1986 film by Harley Cokeliss,88.29,0.0,1,0,Las Vegas,Las Vegas,
Blackjack (1978 film),Blackjack,blackjack,film,1978.0,1978 American crime drama film,88.29,0.0,1,0,Las Vegas,Las Vegas,
Blade Runner 2049,Blade Runner 2049,blade runner 2049,film,2017.0,2017 film by Denis Villeneuve,88.29,0.0,1,0,Las Vegas,Las Vegas,
Blood Valley: Seed's Revenge,Blood Valley: Seed's Revenge,blood valley seeds revenge,film,2014.0,2014 film,88.29,0.0,1,0,Las Vegas,Las Vegas,
The Cut (2024 film),The Cut,cut,film,2024.0,2024 film directed by Sean Ellis,88.29,0.0,1,0,Las Vegas,Las Vegas,
Dark City (1950 film),Dark City,dark city,film,1950.0,1950 film by William Dieterle,88.29,0.0,1,0,Las Vegas,Las Vegas,
Dasavathaaram,Dasavathaaram,dasavathaaram,film,2008.0,2008 film directed by K. S. Ravikumar,88.29,0.0,1,0,Las Vegas,Las Vegas,
Deal (2008 film),Deal,deal,film,2008.0,2008 film by Gil Cates Jr.,88.29,0.0,1,0,Las Vegas,Las Vegas,
Death in the Desert (film),Death in the Desert,death in the desert,film,2015.0,2015 American film,88.29,0.0,1,0,Las Vegas,Las Vegas,
The Debtors,The Debtors,debtors,film,1999.0,1999 film,88.29,0.0,1,0,Las Vegas,Las Vegas,
Detour (2016 film),Detour,detour,film,2016.0,2016 British thriller film,88.29,0.0,1,0,Las Vegas,Las Vegas,
Con Air,Con Air,con air,film,1997.0,1997 American action thriller film by Simon West,88.29,0.0,1,0,Las Vegas,Las Vegas,
The Conmen in Vegas,The Conmen in Vegas,conmen in vegas,film,1999.0,1999 Hong Kong film by Wong Jing,88.29,0.0,1,0,Las Vegas,Las Vegas,
Earth to Echo,Earth to Echo,earth to echo,film,2014.0,2014 film directed by Dave Green,88.29,0.0,1,0,Las Vegas,Las Vegas,
Cool World,Cool World,cool world,film,1992.0,1992 American film by Ralph Bakshi,88.29,0.0,1,0,Las Vegas,Las Vegas,
The Cooler,The Cooler,cooler,film,2003.0,2003 film by Wayne Kramer,88.29,0.0,1,0,Las Vegas,Las Vegas,
Corvette Summer,Corvette Summer,corvette summer,film,1978.0,1978 adventure comedy film by Matthew Robbins,88.29,0.0,1,0,Las Vegas,Las Vegas,
Crashing Las Vegas,Crashing Las Vegas,crashing las vegas,film,1956.0,1956 film by Jean Yarbrough,88.29,0.0,1,0,Las Vegas,Las Vegas,
Crazy Mama,Crazy Mama,crazy mama,film,1975.0,1975 film by Jonathan Demme,88.29,0.0,1,0,Las Vegas,Las Vegas,
Creed II,Creed II,creed ii,film,2018.0,2018 film by Steven Caple Jr.,88.29,0.0,1,0,Las Vegas,Las Vegas,
Easy's Waltz,Easy's Waltz,easys waltz,film,,American film,88.29,0.0,1,0,Las Vegas,Las Vegas,
Edie & Pen,Edie & Pen,edie & pen,film,1996.0,1996 American film,88.29,0.0,1,0,Las Vegas,Las Vegas,
The Electric Horseman,The Electric Horseman,electric horseman,film,1979.0,1979 film by Sydney Pollack,88.29,0.0,1,0,Las Vegas,Las Vegas,
Electrick Children,Electrick Children,electrick children,film,2012.0,2012 American film,88.29,0.0,1,0,Las Vegas,Las Vegas,
Everybody's Fine (2009 film),Everybody's Fine,everybodys fine,film,2009.0,2009 film by Kirk Jones,88.29,0.0,1,0,Las Vegas,Las Vegas,
Falling Sky,Falling Sky,falling sky,film,1998.0,1998 American film,88.29,0.0,1,0,Las Vegas,Las Vegas,
The Family Plan,The Family Plan,family plan,film,2023.0,2023 film by Simon Cellan Jones,88.29,0.0,1,0,Las Vegas,Las Vegas,
Tom Sawyer & Huckleberry Finn,Tom Sawyer & Huckleberry Finn,tom sawyer & huckleberry finn,film,2014.0,2014 American film,88.29,88.29,1,1,Adventures of Tom Sawyer,Adventures of Tom Sawyer,Adventures of Tom Sawyer
"Tom Sawyer, Detective (film)","Tom Sawyer, Detective",tom sawyer detective,film,1938.0,1938 film by Louis King,88.29,88.29,1,1,Adventures of Tom Sawyer,Adventures of Tom Sawyer,Adventures of Tom Sawyer
Fear and Loathing in Las Vegas (film),Fear and Loathing in Las Vegas,fear and loathing in las vegas,film,1998.0,1998 film by Terry Gilliam,88.29,0.0,1,0,Las Vegas,Las Vegas,
Fever Pitch (1985 film),Fever Pitch,fever pitch,film,1985.0,1985 film by Richard Brooks,88.29,0.0,1,0,Las Vegas,Las Vegas,
Finding Amanda,Finding Amanda,finding amanda,film,2008.0,2008 American film,88.29,0.0,1,0,Las Vegas,Las Vegas,
Flying Blind (film),Flying Blind,flying blind,film,1941.0,1941 film by Frank McDonald,88.29,0.0,1,0,Las Vegas,Las Vegas,
Frank & Lola,Frank & Lola,frank & lola,film,2016.0,2016 American film,88.29,0.0,1,0,Las Vegas,Las Vegas,
Friendship!,Friendship!,friendship,film,2010.0,2010 German film,88.29,0.0,1,0,Las Vegas,Las Vegas,
Fright Night (2011 film),Fright Night,fright night,film,2011.0,2011 film by Craig Gillespie,88.29,0.0,1,0,Las Vegas,Las Vegas,
The Wedding March (1928 film),The Wedding March,wedding march,film,1928.0,1928 film,88.29,88.29,1,1,Austro-Hungarian Empire,Austro-Hungarian Empire,Austro-Hungarian Empire
The Death of Stalinism in Bohemia,The Death of Stalinism in Bohemia,death of stalinism in bohemia,film,1990.0,1990 British film,88.29,88.29,1,1,Josef Stalin,Josef Stalin,Josef Stalin
The Defense of Tsaritsyn,The Defense of Tsaritsyn,defense of tsaritsyn,film,1942.0,1942 Soviet drama film,88.29,88.29,1,1,Josef Stalin,Josef Stalin,Josef Stalin
Gone with the Pope,Gone with the Pope,gone with the pope,film,2010.0,2010 American film,88.29,0.0,1,0,Las Vegas,Las Vegas,
Good Kill,Good Kill,good kill,film,2014.0,2014 film,88.29,0.0,1,0,Las Vegas,Las Vegas,
Fanboys (film),Fanboys,fanboys,film,2009.0,2009 film by Kyle Newman,88.29,0.0,1,0,Las Vegas,Las Vegas,
Fatale (film),Fatale,fatale,film,2020.0,2020 American psychological thriller film by Deon Taylor,88.29,0.0,1,0,Las Vegas,Las Vegas,
Funny Money (1983 film),Funny Money,funny money,film,1983.0,1983 British film by James Kenelm Clarke,88.29,0.0,1,0,Las Vegas,Las Vegas,
The Gambler (1974 film),The Gambler,gambler,film,1974.0,1974 film,88.29,0.0,1,0,Las Vegas,Las Vegas,
Get Carter (2000 film),Get Carter,get carter,film,2000.0,2000 film by Stephen Kay,88.29,0.0,1,0,Las Vegas,Las Vegas,
Get Him to the Greek,Get Him to the Greek,get him to the greek,film,2010.0,2010 American comedy film by Nicholas Stoller,88.29,0.0,1,0,Las Vegas,Las Vegas,
The Girl Next Door (2004 film),The Girl Next Door,girl next door,film,2004.0,2004 film by Luke Greenfield,88.29,0.0,1,0,Las Vegas,Las Vegas,
Go (1999 film),Go,go,film,1999.0,1999 film by Doug Liman,88.29,0.0,1,0,Las Vegas,Las Vegas,
Going in Style,Going in Style,going in style,film,1979.0,1979 film by Martin Brest,88.29,0.0,1,0,Las Vegas,Las Vegas,
Divorzio a Las Vegas,Divorzio a Las Vegas,divorzio a las vegas,film,2020.0,2020 Italian comedy film,88.29,0.0,1,0,Las Vegas,Las Vegas,
Dodgeball: A True Underdog Story,Dodgeball: A True Underdog Story,dodgeball a true underdog story,film,2004.0,2004 sports comedy film by Rawson Thurber,88.29,0.0,1,0,Las Vegas,Las Vegas,
Linen from Ireland,Linen from Ireland,linen from ireland,film,1939.0,1939 film,88.29,88.29,1,1,Austro-Hungarian Empire,Austro-Hungarian Empire,Austro-Hungarian Empire
The Marriage Nest,The Marriage Nest,marriage nest,film,1927.0,1927 film,88.29,88.29,1,1,Austro-Hungarian Empire,Austro-Hungarian Empire,Austro-Hungarian Empire
The Millennial Bee,The Millennial Bee,millennial bee,film,1983.0,1983 Czech film,88.29,88.29,1,1,Austro-Hungarian Empire,Austro-Hungarian Empire,Austro-Hungarian Empire
On Secret Service,On Secret Service,on secret service,film,1933.0,1933 film by Arthur B. Woods,88.29,88.29,1,1,Austro-Hungarian Empire,Austro-Hungarian Empire,Austro-Hungarian Empire
Red Psalm,Red Psalm,red psalm,film,1972.0,1972 Hungarian film,88.29,88.29,1,1,Austro-Hungarian Empire,Austro-Hungarian Empire,Austro-Hungarian Empire
The Round-Up (1966 film),The Round-Up,round-up,film,1966.0,1966 Hungarian film,88.29,88.29,1,1,Austro-Hungarian Empire,Austro-Hungarian Empire,Austro-Hungarian Empire
Sarajevo (1940 French film),Sarajevo,sarajevo,film,1940.0,1940 film,88.29,88.29,1,1,Austro-Hungarian Empire,Austro-Hungarian Empire,Austro-Hungarian Empire
The Stone Cross (film),The Stone Cross,stone cross,film,1968.0,1968 film by Leonid Osyka,88.29,88.29,1,1,Austro-Hungarian Empire,Austro-Hungarian Empire,Austro-Hungarian Empire
The Strauss Dynasty,The Strauss Dynasty,strauss dynasty,film,1991.0,1991 Austrian film,88.29,88.29,1,1,Austro-Hungarian Empire,Austro-Hungarian Empire,Austro-Hungarian Empire
Summer in Tyrol,Summer in Tyrol,summer in tyrol,film,1964.0,1964 film,88.29,88.29,1,1,Austro-Hungarian Empire,Austro-Hungarian Empire,Austro-Hungarian Empire
Sunshine (1999 film),Sunshine,sunshine,film,1999.0,1999 film by István Szabó,88.29,88.29,1,1,Austro-Hungarian Empire,Austro-Hungarian Empire,Austro-Hungarian Empire
Tales of Old Vienna,Tales of Old Vienna,tales of old vienna,film,1923.0,1923 film,88.29,88.29,1,1,Austro-Hungarian Empire,Austro-Hungarian Empire,Austro-Hungarian Empire
Theodor Herzl (film),Theodor Herzl,theodor herzl,film,1921.0,1921 film,88.29,88.29,1,1,Austro-Hungarian Empire,Austro-Hungarian Empire,Austro-Hungarian Empire
Tragedy in the House of Habsburg,Tragedy in the House of Habsburg,tragedy in the house of habsburg,film,1924.0,1924 film,88.29,88.29,1,1,Austro-Hungarian Empire,Austro-Hungarian Empire,Austro-Hungarian Empire
Trotta (film),Trotta,trotta,film,1971.0,1971 German film,88.29,88.29,1,1,Austro-Hungarian Empire,Austro-Hungarian Empire,Austro-Hungarian Empire
Vienna 1910,Vienna 1910,vienna 1910,film,1943.0,1943 film,88.29,88.29,1,1,Austro-Hungarian Empire,Austro-Hungarian Empire,Austro-Hungarian Empire
Tourmaline (novel),Tourmaline,tourmaline,novel,,Australian novel by Randolph Stow,88.29,88.29,1,1,Western Australia,Western Australia,Western Australia
Upsurge,Upsurge,upsurge,novel,,Novel by J. M. Harcourt,88.29,88.29,1,1,Western Australia,Western Australia,Western Australia
The Young Desire It,The Young Desire It,young desire it,novel,1937.0,1937 novel by Kenneth Mackenzie,88.29,88.29,1,1,Western Australia,Western Australia,Western Australia
1914 (film),1914,1914,film,1931.0,1931 film,88.29,88.29,1,1,Austro-Hungarian Empire,Austro-Hungarian Empire,Austro-Hungarian Empire
Austeria,Austeria,austeria,film,1983.0,1983 Polish film,88.29,88.29,1,1,Austro-Hungarian Empire,Austro-Hungarian Empire,Austro-Hungarian Empire
The Bachelor (1990 film),The Bachelor,bachelor,film,1990.0,1990 film,88.29,88.29,1,1,Austro-Hungarian Empire,Austro-Hungarian Empire,Austro-Hungarian Empire
Colonel Redl,Colonel Redl,colonel redl,film,1985.0,1985 Hungarian film,88.29,88.29,1,1,Austro-Hungarian Empire,Austro-Hungarian Empire,Austro-Hungarian Empire
Das falsche Gewicht,Das falsche Gewicht,das falsche gewicht,film,1971.0,1971 West German drama film,88.29,88.29,1,1,Austro-Hungarian Empire,Austro-Hungarian Empire,Austro-Hungarian Empire
Dishonored (film),Dishonored,dishonored,film,1931.0,1931 American film,88.29,88.29,1,1,Austro-Hungarian Empire,Austro-Hungarian Empire,Austro-Hungarian Empire
The Good Soldier Schweik (1956 film),The Good Soldier Schweik,good soldier schweik,film,1956.0,1956 Czechoslovak comedy film,88.29,88.29,1,1,Austro-Hungarian Empire,Austro-Hungarian Empire,Austro-Hungarian Empire
The Great Waltz (1938 film),The Great Waltz,great waltz,film,1938.0,1938 American film,88.29,88.29,1,1,Austro-Hungarian Empire,Austro-Hungarian Empire,Austro-Hungarian Empire
Her Corporal,Her Corporal,her corporal,film,1956.0,1956 film,88.29,88.29,1,1,Austro-Hungarian Empire,Austro-Hungarian Empire,Austro-Hungarian Empire
The Illusionist (2006 film),The Illusionist,illusionist,film,2006.0,American romantic mystery film by Neil Burger,88.29,88.29,1,1,Austro-Hungarian Empire,Austro-Hungarian Empire,Austro-Hungarian Empire
Immortal Waltz,Immortal Waltz,immortal waltz,film,1939.0,1939 film,88.29,88.29,1,1,Austro-Hungarian Empire,Austro-Hungarian Empire,Austro-Hungarian Empire
Imperial and Royal Field Marshal (1956 film),Imperial and Royal Field Marshal,imperial and royal field marshal,film,1956.0,1956 film,88.29,88.29,1,1,Austro-Hungarian Empire,Austro-Hungarian Empire,Austro-Hungarian Empire
Lady Dracula,Lady Dracula,lady dracula,film,1977.0,1977 West German film,88.29,88.29,1,1,Austro-Hungarian Empire,Austro-Hungarian Empire,Austro-Hungarian Empire
Dirt Music,Dirt Music,dirt music,novel,,Novel by Tim Winton,88.29,88.29,1,1,Western Australia,Western Australia,Western Australia
Eyrie (novel),Eyrie,eyrie,novel,,Book by Tim Winton,88.29,88.29,1,1,Western Australia,Western Australia,Western Australia
Forever to Remain,Forever to Remain,forever to remain,novel,1948.0,1948 novel by E.V. Timms,88.29,88.29,1,1,Western Australia,Western Australia,Western Australia
The Fur,The Fur,fur,novel,2004.0,2004 novel by Nathan Hobby,88.29,88.29,1,1,Western Australia,Western Australia,Western Australia
Gilgamesh (novel),Gilgamesh,gilgamesh,novel,2001.0,2001 novel by Joan London,88.29,88.29,1,1,Western Australia,Western Australia,Western Australia
Jasper Jones,Jasper Jones,jasper jones,novel,2009.0,2009 novel by Craig Silvey,88.29,88.29,1,1,Western Australia,Western Australia,Western Australia
Justin Bayard,Justin Bayard,justin bayard,novel,1955.0,1955 novel by Jon Cleary,88.29,88.29,1,1,Western Australia,Western Australia,Western Australia
The Light Between Oceans,The Light Between Oceans,light between oceans,novel,2012.0,2012 novel by M. L. Stedman,88.29,88.29,1,1,Western Australia,Western Australia,Western Australia
Locust Summer,Locust Summer,locust summer,novel,2021.0,2021 novel by David Allan-Petale,88.29,88.29,1,1,Western Australia,Western Australia,Western Australia
The Lucky Galah,The Lucky Galah,lucky galah,novel,,Book by Tracy Sorensen,88.29,88.29,1,1,Western Australia,Western Australia,Western Australia
Moondyne,Moondyne,moondyne,film,1879.0,1879 novel by John Boyle O'Reilly and 1913 Australian film,88.29,88.29,1,1,Western Australia,Western Australia,Western Australia
Red Dog (novel),Red Dog,red dog,novel,2002.0,2002 novel by Louis de Bernières,88.29,88.29,1,1,Western Australia,Western Australia,Western Australia
Stark (novel),Stark,stark,novel,1989.0,1989 novel by Ben Elton,88.29,88.29,1,1,Western Australia,Western Australia,Western Australia
Strange Objects,Strange Objects,strange objects,novel,1990.0,1990 novel by Gary Crew,88.29,88.29,1,1,Western Australia,Western Australia,Western Australia
That Deadman Dance,That Deadman Dance,that deadman dance,novel,2010.0,2010 Australian novel by Kim Scott,88.29,88.29,1,1,Western Australia,Western Australia,Western Australia
To the Islands,To the Islands,to the islands,novel,1958.0,1958 novel by Randolph Stow,88.29,88.29,1,1,Western Australia,Western Australia,Western Australia
Stone Bros.,Stone Bros.,stone bros.,film,2009.0,2009 Australian film,88.29,88.29,1,1,Western Australia,Western Australia,Western Australia
The Surfer (2024 film),The Surfer,surfer,film,2024.0,Film by Lorcan Finnegan,88.29,88.29,1,1,Western Australia,Western Australia,Western Australia
Sweet As,Sweet As,sweet as,film,2022.0,2022 Australian film,88.29,88.29,1,1,Western Australia,Western Australia,Western Australia
These Final Hours,These Final Hours,these final hours,film,2013.0,2013 thriller film by Zak Hilditch,88.29,88.29,1,1,Western Australia,Western Australia,Western Australia
Three Summers,Three Summers,three summers,film,2017.0,2017 Australian film,88.29,88.29,1,1,Western Australia,Western Australia,Western Australia
Wolf Creek (film),Wolf Creek,wolf creek,film,2005.0,2005 Australian horror film by Greg McLean,88.29,88.29,1,1,Western Australia,Western Australia,Western Australia
Wolf Creek 2,Wolf Creek 2,wolf creek 2,film,2013.0,2013 horror film,88.29,88.29,1,1,Western Australia,Western Australia,Western Australia
After Darkness (novel),After Darkness,after darkness,novel,2014.0,2014 novel by Christine Piper,88.29,88.29,1,1,Western Australia,Western Australia,Western Australia
Back of Sunset,Back of Sunset,back of sunset,novel,,Book by Jon Cleary,88.29,88.29,1,1,Western Australia,Western Australia,Western Australia
Benang: From the Heart,Benang: From the Heart,benang from the heart,novel,1999.0,1999 novel by Indigenous Australian author Kim Scott,88.29,88.29,1,1,Western Australia,Western Australia,Western Australia
Beyond the Black Stump,Beyond the Black Stump,beyond the black stump,novel,1956.0,1956 novel by Nevil Shute,88.29,88.29,1,1,Western Australia,Western Australia,Western Australia
The Boy in the Bush,The Boy in the Bush,boy in the bush,novel,1924.0,1924 novel by D. H. Lawrence and Mollie Skinner,88.29,88.29,1,1,Western Australia,Western Australia,Western Australia
Breath (novel),Breath,breath,novel,2008.0,2008 novel by Tim Winton,88.29,88.29,1,1,Western Australia,Western Australia,Western Australia
Cloudstreet,Cloudstreet,cloudstreet,novel,,Novel by Tim Winton,88.29,88.29,1,1,Western Australia,Western Australia,Western Australia
Coonardoo,Coonardoo,coonardoo,novel,1929.0,1929 novel by Katharine Susannah Prichard,88.29,88.29,1,1,Western Australia,Western Australia,Western Australia
Destroying Avalon,Destroying Avalon,destroying avalon,novel,2006.0,2006 teen novel by Kate McCaffrey,88.29,88.29,1,1,Western Australia,Western Australia,Western Australia
The Light Between Oceans (film),The Light Between Oceans,light between oceans,film,2016.0,2016 romantic drama film by Derek Cianfrance,88.29,88.29,1,1,Western Australia,Western Australia,Western Australia
Looking for Grace,Looking for Grace,looking for grace,film,2015.0,2015 film,88.29,88.29,1,1,Western Australia,Western Australia,Western Australia
Lucky Miles,Lucky Miles,lucky miles,film,2007.0,2007 Australian film,88.29,88.29,1,1,Western Australia,Western Australia,Western Australia
Our Generation (film),Our Generation,our generation,film,2010.0,2010 Australian film,88.29,88.29,1,1,Western Australia,Western Australia,Western Australia
Quigley Down Under,Quigley Down Under,quigley down under,film,1990.0,1990 western film by Simon Wincer,88.29,88.29,1,1,Western Australia,Western Australia,Western Australia
Rabbit-Proof Fence,Rabbit-Proof Fence,rabbit-proof fence,film,2002.0,2002 Australian film by Phillip Noyce,88.29,88.29,1,1,Western Australia,Western Australia,Western Australia
Rams (2020 film),Rams,rams,film,2020.0,2020 Australian film directed by Jeremy Sims,88.29,88.29,1,1,Western Australia,Western Australia,Western Australia
Tom Thumb and Little Red Riding Hood,Tom Thumb and Little Red Riding Hood,tom thumb and little red riding hood,film,1962.0,1962 Mexican film,88.29,88.29,1,1,"\""Little Red Riding Hood\","\""Little Red Riding Hood\","\""Little Red Riding Hood\"
Red Dog: True Blue,Red Dog: True Blue,red dog true blue,film,2016.0,2016 film directed by Kriv Stenders,88.29,88.29,1,1,Western Australia,Western Australia,Western Australia
Roadgames,Roadgames,roadgames,film,1981.0,1981 Australian film,88.29,88.29,1,1,Western Australia,Western Australia,Western Australia
Runt (2024 film),Runt,runt,film,2024.0,2024 Australian family film,88.29,88.29,1,1,Western Australia,Western Australia,Western Australia
Satellite Boy,Satellite Boy,satellite boy,film,2012.0,2012 Australian film,88.29,88.29,1,1,Western Australia,Western Australia,Western Australia
September (2007 film),September,september,film,2007.0,2007 Australian film,88.29,88.29,1,1,Western Australia,Western Australia,Western Australia
Shame (1988 film),Shame,shame,film,1988.0,1988 Australian film,88.29,88.29,1,1,Western Australia,Western Australia,Western Australia
Shine (film),Shine,shine,film,1996.0,1996 film by Scott Hicks,88.29,88.29,1,1,Western Australia,Western Australia,Western Australia
Son of a Gun (film),Son of a Gun,son of a gun,film,2014.0,2014 film by Julius Avery,88.29,88.29,1,1,Western Australia,Western Australia,Western Australia
The Inner Circle (1991 film),The Inner Circle,inner circle,film,1991.0,1991 drama film directed by Andrei Konchalovsky,88.29,88.29,1,1,Josef Stalin,Josef Stalin,Josef Stalin
"Khrustalyov, My Car!","Khrustalyov, My Car!",khrustalyov my car,film,1998.0,1998 film by Aleksei Yuryevich German,88.29,88.29,1,1,Josef Stalin,Josef Stalin,Josef Stalin
Red Monarch,Red Monarch,red monarch,film,1983.0,1983 British film by Jack Gold,88.29,88.29,1,1,Josef Stalin,Josef Stalin,Josef Stalin
Russian Rhapsody (film),Russian Rhapsody,russian rhapsody,film,1944.0,1944 film by Bob Clampett,88.29,88.29,1,1,Josef Stalin,Josef Stalin,Josef Stalin
State Funeral (2019 film),State Funeral,state funeral,film,2019.0,2019 film,88.29,88.29,1,1,Josef Stalin,Josef Stalin,Josef Stalin
The Unforgettable Year 1919,The Unforgettable Year 1919,unforgettable year 1919,film,1951.0,1951 film by Mikheil Chiaureli,88.29,88.29,1,1,Josef Stalin,Josef Stalin,Josef Stalin
The Vow (1946 film),The Vow,vow,film,1946.0,1946 film by Mikheil Chiaureli,88.29,88.29,1,1,Josef Stalin,Josef Stalin,Josef Stalin
The Gift to Stalin,The Gift to Stalin,gift to stalin,film,2008.0,2008 Kazakh film,88.29,88.29,1,1,Josef Stalin,Josef Stalin,Josef Stalin
Go Karts (film),Go Karts,go karts,film,2019.0,2019 film by Owen Trevor,88.29,88.29,1,1,Western Australia,Western Australia,Western Australia
H Is for Happiness,H Is for Happiness,h is for happiness,film,2019.0,2019 film directed by John Sheedy,88.29,88.29,1,1,Western Australia,Western Australia,Western Australia
Japanese Story,Japanese Story,japanese story,film,2003.0,2003 Australian film,88.29,88.29,1,1,Western Australia,Western Australia,Western Australia
Jasper Jones (film),Jasper Jones,jasper jones,film,2017.0,2017 Australian film,88.29,88.29,1,1,Western Australia,Western Australia,Western Australia
Kill Me Three Times,Kill Me Three Times,kill me three times,film,2014.0,2014 film,88.29,88.29,1,1,Western Australia,Western Australia,Western Australia
Koko: A Red Dog Story,Koko: A Red Dog Story,koko a red dog story,film,2019.0,2019 film directed by Aaron McCann and Dominic Pearce,88.29,88.29,1,1,Western Australia,Western Australia,Western Australia
Land Without Women,Land Without Women,land without women,film,1929.0,1929 film,88.29,88.29,1,1,Western Australia,Western Australia,Western Australia
Last Train to Freo,Last Train to Freo,last train to freo,film,2006.0,2006 Australian film,88.29,88.29,1,1,Western Australia,Western Australia,Western Australia
Chasing Comets,Chasing Comets,chasing comets,film,2018.0,2018 film,88.29,88.29,1,1,Australian rules football,Australian rules football,Australian rules football
The Club (1980 film),The Club,club,film,1980.0,1980 Australian film,88.29,88.29,1,1,Australian rules football,Australian rules football,Australian rules football
The Great Macarthy,The Great Macarthy,great macarthy,film,1975.0,1975 Australian film,88.29,88.29,1,1,Australian rules football,Australian rules football,Australian rules football
Joffa: The Movie,Joffa: The Movie,joffa the movie,film,2010.0,2010 Australian film,88.29,88.29,1,1,Australian rules football,Australian rules football,Australian rules football
The Merger (film),The Merger,merger,film,2018.0,2018 Australian film,88.29,88.29,1,1,Australian rules football,Australian rules football,Australian rules football
Valentine's Day (2008 film),Valentine's Day,valentines day,film,2008.0,2007 Australian comedy TV film,88.29,88.29,1,1,Australian rules football,Australian rules football,Australian rules football
Birthright (2025 film),Birthright,birthright,film,2025.0,Australian comedy film,88.29,88.29,1,1,Western Australia,Western Australia,Western Australia
Blackfellas,Blackfellas,blackfellas,film,1993.0,1993 Australian film,88.29,88.29,1,1,Western Australia,Western Australia,Western Australia
Bran Nue Dae (film),Bran Nue Dae,bran nue dae,film,2009.0,2009 Australian film,88.29,88.29,1,1,Western Australia,Western Australia,Western Australia
Breath (2017 film),Breath,breath,film,2017.0,2017 Australian film,88.29,88.29,1,1,Western Australia,Western Australia,Western Australia
Contact (2009 film),Contact,contact,film,2009.0,2009 Australian film,88.29,88.29,1,1,Western Australia,Western Australia,Western Australia
Red Dog (film),Red Dog,red dog,film,2011.0,2011 Australian comedy-drama film,88.29,88.29,1,1,Western Australia,Western Australia,Western Australia
Dirt Music (film),Dirt Music,dirt music,film,,Film based on an Australian novel,88.29,88.29,1,1,Western Australia,Western Australia,Western Australia
Drift (2013 Australian film),Drift,drift,film,2013.0,2013 Australian film,88.29,88.29,1,1,Western Australia,Western Australia,Western Australia
Extraction (2020 film),Extraction,extraction,film,2020.0,American film by Sam Hargrave,88.29,88.29,1,1,Western Australia,Western Australia,Western Australia
Gallipoli (1981 film),Gallipoli,gallipoli,film,1981.0,1981 Australian film by Peter Weir,88.29,88.29,1,1,Western Australia,Western Australia,Western Australia
Act of Providence,Act of Providence,act of providence,novel,1959.0,1959 novella by Joseph Payne Brennan,88.29,88.29,1,1,"Providence, Rhode Island","Providence, Rhode Island","Providence, Rhode Island"
Blinder (film),Blinder,blinder,film,2013.0,2013 Australian film,88.29,88.29,1,1,Australian rules football,Australian rules football,Australian rules football
Little Red Riding Hood (1953 film),Little Red Riding Hood,little red riding hood,film,1953.0,1953 film,88.29,88.29,1,1,"\""Little Red Riding Hood\","\""Little Red Riding Hood\","\""Little Red Riding Hood\"
Little Red Riding Hood (1954 film),Little Red Riding Hood,little red riding hood,film,1954.0,1954 film,88.29,88.29,1,1,"\""Little Red Riding Hood\","\""Little Red Riding Hood\","\""Little Red Riding Hood\"
Little Red Riding Hood (1997 film),Little Red Riding Hood,little red riding hood,film,1997.0,1997 American film,88.29,88.29,1,1,"\""Little Red Riding Hood\","\""Little Red Riding Hood\","\""Little Red Riding Hood\"
Little Red Riding Hood (2022 film),Little Red Riding Hood,little red riding hood,film,2022.0,2022 Russian film,88.29,88.29,1,1,"\""Little Red Riding Hood\","\""Little Red Riding Hood\","\""Little Red Riding Hood\"
Once upon a Crime (2023 film),Once upon a Crime,once upon a crime,film,2023.0,2023 film by Yūichi Fukuda,88.29,88.29,1,1,"\""Little Red Riding Hood\","\""Little Red Riding Hood\","\""Little Red Riding Hood\"
Red Riding Hood (1901 film),Red Riding Hood,red riding hood,film,1901.0,1901 French film,88.29,88.29,1,1,"\""Little Red Riding Hood\","\""Little Red Riding Hood\","\""Little Red Riding Hood\"
Red Riding Hood (1987 film),Red Riding Hood,red riding hood,film,1987.0,1987 film,88.29,88.29,1,1,"\""Little Red Riding Hood\","\""Little Red Riding Hood\","\""Little Red Riding Hood\"
Red Riding Hood (2003 film),Red Riding Hood,red riding hood,film,2003.0,2003 Italian film,88.29,88.29,1,1,"\""Little Red Riding Hood\","\""Little Red Riding Hood\","\""Little Red Riding Hood\"
Red Riding Hood (2006 film),Red Riding Hood,red riding hood,film,2006.0,2006 American film,88.29,88.29,1,1,"\""Little Red Riding Hood\","\""Little Red Riding Hood\","\""Little Red Riding Hood\"
Red Riding Hood (2011 film),Red Riding Hood,red riding hood,film,2011.0,2011 film by Catherine Hardwicke,88.29,88.29,1,1,"\""Little Red Riding Hood\","\""Little Red Riding Hood\","\""Little Red Riding Hood\"
Red Riding Hoodwinked,Red Riding Hoodwinked,red riding hoodwinked,film,1955.0,1955 film,88.29,88.29,1,1,"\""Little Red Riding Hood\","\""Little Red Riding Hood\","\""Little Red Riding Hood\"
Redux Riding Hood,Redux Riding Hood,redux riding hood,film,1997.0,1997 American film,88.29,88.29,1,1,"\""Little Red Riding Hood\","\""Little Red Riding Hood\","\""Little Red Riding Hood\"
Rotkäppchen,Rotkäppchen,rotkappchen,film,1962.0,1962 film,88.29,88.29,1,1,"\""Little Red Riding Hood\","\""Little Red Riding Hood\","\""Little Red Riding Hood\"
Little Red Riding Hood (1920 film),Little Red Riding Hood,little red riding hood,film,1920.0,1920 film,88.29,88.29,1,1,"\""Little Red Riding Hood\","\""Little Red Riding Hood\","\""Little Red Riding Hood\"
Australian Rules (film),Australian Rules,australian rules,film,2002.0,2002 Australian film,88.29,88.29,1,1,Australian rules football,Australian rules football,Australian rules football
The Case of Charles Dexter Ward,The Case of Charles Dexter Ward,case of charles dexter ward,novel,,Novel by H. P. Lovecraft,88.29,88.29,1,1,"Providence, Rhode Island","Providence, Rhode Island","Providence, Rhode Island"
The Drowning Girl,The Drowning Girl,drowning girl,novel,2012.0,2012 novel by Caitlín R. Kiernan,88.29,88.29,1,1,"Providence, Rhode Island","Providence, Rhode Island","Providence, Rhode Island"
Italian Lessons,Italian Lessons,italian lessons,novel,2007.0,2007 novel by Peter Pezzelli,88.29,88.29,1,1,"Providence, Rhode Island","Providence, Rhode Island","Providence, Rhode Island"
Providence (Kepnes novel),Providence (Kepnes novel),providence kepnes novel,novel,2018.0,2018 novel by Caroline Kepnes,88.29,88.29,1,1,"Providence, Rhode Island","Providence, Rhode Island","Providence, Rhode Island"
The Secrets of Midwives,The Secrets of Midwives,secrets of midwives,novel,2015.0,2015 novel by Sally Hepworth,88.29,88.29,1,1,"Providence, Rhode Island","Providence, Rhode Island","Providence, Rhode Island"
Something Upstairs,Something Upstairs,something upstairs,novel,1988.0,1988 young adult historical thriller fiction novel by Avi,88.29,88.29,1,1,"Providence, Rhode Island","Providence, Rhode Island","Providence, Rhode Island"
The True Confessions of Charlotte Doyle,The True Confessions of Charlotte Doyle,true confessions of charlotte doyle,novel,1990.0,1990 historical novel by Avi,88.29,88.29,1,1,"Providence, Rhode Island","Providence, Rhode Island","Providence, Rhode Island"
Black XXX-Mas,Black XXX-Mas,black xxx-mas,film,1999.0,1999 Belgian film,88.29,88.29,1,1,"\""Little Red Riding Hood\","\""Little Red Riding Hood\","\""Little Red Riding Hood\"
Book Revue,Book Revue,book revue,film,1946.0,1946 film by Bob Clampett,88.29,88.29,1,1,"\""Little Red Riding Hood\","\""Little Red Riding Hood\","\""Little Red Riding Hood\"
The Company of Wolves,The Company of Wolves,company of wolves,film,1984.0,1984 film by Neil Jordan,88.29,88.29,1,1,"\""Little Red Riding Hood\","\""Little Red Riding Hood\","\""Little Red Riding Hood\"
Deadtime Stories (film),Deadtime Stories,deadtime stories,film,1986.0,1986 American film,88.29,88.29,1,1,"\""Little Red Riding Hood\","\""Little Red Riding Hood\","\""Little Red Riding Hood\"
Freeway (1996 film),Freeway,freeway,film,1996.0,1996 film by Matthew Bright,88.29,88.29,1,1,"\""Little Red Riding Hood\","\""Little Red Riding Hood\","\""Little Red Riding Hood\"
Into the Woods (film),Into the Woods,into the woods,film,2014.0,2014 film produced by Walt Disney Pictures,88.29,88.29,1,1,"\""Little Red Riding Hood\","\""Little Red Riding Hood\","\""Little Red Riding Hood\"
Little Dead Rotting Hood,Little Dead Rotting Hood,little dead rotting hood,film,2016.0,2016 horror film directed by Jared Cohn,88.29,88.29,1,1,"\""Little Red Riding Hood\","\""Little Red Riding Hood\","\""Little Red Riding Hood\"
Crush (2009 Australian film),Crush,crush,film,2009.0,2009 Australian film,88.29,88.29,1,1,Western Australia,Western Australia,Western Australia
Spider-Man: No Way Home,Spider-Man: No Way Home,spider-man no way home,film,2021.0,2021 Marvel Studios film,88.1,88.1,1,1,Grand Canyon,Grand Canyon,Grand Canyon
Thunderbird 6,Thunderbird 6,thunderbird 6,film,1968.0,1968 British puppet film by David Lane,88.1,88.1,1,1,Grand Canyon,Grand Canyon,Grand Canyon
Winchester (film),Winchester,winchester,film,2018.0,2018 film by Michael and Peter Spierig,88.1,88.1,1,1,San Jose,San Jose,San Jose
Searching (film),Searching,searching,film,2018.0,2018 film by Aneesh Chaganty,88.1,88.1,1,1,San Jose,San Jose,San Jose
Kill the Messenger (2014 film),Kill the Messenger,kill the messenger,film,2014.0,2014 American biographical film,88.1,88.1,1,1,San Jose,San Jose,San Jose
Chironjeeb Mujib,Chironjeeb Mujib,chironjeeb mujib,film,2021.0,2021 Bengali film based on life of Bangabandhu,87.84,87.84,1,1,Sheikh Mujibur Rahman,Sheikh Mujibur Rahman,Sheikh Mujibur Rahman
Bangladesh: A Legacy of Blood,Bangladesh: A Legacy of Blood,bangladesh a legacy of blood,novel,1986.0,1986 book by Anthony Mascarenhas,87.84,87.84,1,1,Sheikh Mujibur Rahman,Sheikh Mujibur Rahman,Sheikh Mujibur Rahman
Mujib Amar Pita,Mujib Amar Pita,mujib amar pita,film,2021.0,2021 Bangladeshi film,87.84,87.84,1,1,Sheikh Mujibur Rahman,Sheikh Mujibur Rahman,Sheikh Mujibur Rahman
Hasina: A Daughter's Tale,Hasina: A Daughter's Tale,hasina a daughters tale,film,,Bangladeshi historical docudrama film,87.84,87.84,1,1,Sheikh Mujibur Rahman,Sheikh Mujibur Rahman,Sheikh Mujibur Rahman
August 1975 (film),August 1975,august 1975,film,,Bangladeshi political drama film,87.84,87.84,1,1,Sheikh Mujibur Rahman,Sheikh Mujibur Rahman,Sheikh Mujibur Rahman
Khoka Theke Bangabandhu Jatir Pita,Khoka Theke Bangabandhu Jatir Pita,khoka theke bangabandhu jatir pita,film,2021.0,2021 Bangladeshi full-length animated feature film,87.84,87.84,1,1,Sheikh Mujibur Rahman,Sheikh Mujibur Rahman,Sheikh Mujibur Rahman
Mujib Bhai,Mujib Bhai,mujib bhai,film,2023.0,2023 Bangladeshi animated feature film based on the life of Sheikh Mujibur Rahman,87.84,87.84,1,1,Sheikh Mujibur Rahman,Sheikh Mujibur Rahman,Sheikh Mujibur Rahman
Tungiparar Miya Bhai,Tungiparar Miya Bhai,tungiparar miya bhai,film,2021.0,Bengali film based on life of Bangabandhu released in 2021,87.84,87.84,1,1,Sheikh Mujibur Rahman,Sheikh Mujibur Rahman,Sheikh Mujibur Rahman
Huey Tum Ajnabi,Huey Tum Ajnabi,huey tum ajnabi,film,2023.0,2023 Pakistani film by Kamran Shahid,87.84,87.84,1,1,Sheikh Mujibur Rahman,Sheikh Mujibur Rahman,Sheikh Mujibur Rahman
The Glass Menagerie (1987 film),The Glass Menagerie,glass menagerie,film,1987.0,1987 film by Paul Newman,87.75,0.0,1,0,St. Louis,St. Louis,
The Great St. Louis Bank Robbery,The Great St. Louis Bank Robbery,great st. louis bank robbery,film,1959.0,1959 American film,87.75,0.0,1,0,St. Louis,St. Louis,
The Sleeper (2012 film),The Sleeper,sleeper,film,2012.0,2012 American film,87.75,0.0,1,0,St. Louis,St. Louis,
Self/less,Self/less,self/less,film,2015.0,2015 film by Tarsem,87.75,0.0,1,0,St. Louis,St. Louis,
Red Dragon (2002 film),Red Dragon,red dragon,film,2002.0,Thriller film directed by Brett Ratner,87.75,0.0,1,0,St. Louis,St. Louis,
American Flyers,American Flyers,american flyers,film,1985.0,1985 American sports drama film,87.75,0.0,1,0,St. Louis,St. Louis,
America Ammayi (film),America Ammayi,america ammayi,film,1976.0,1976 Indian film,87.75,0.0,1,0,St. Louis,St. Louis,
Possessed (2000 film),Possessed,possessed,film,2000.0,2000 American horror film,87.75,0.0,1,0,St. Louis,St. Louis,
"Planes, Trains and Automobiles","Planes, Trains and Automobiles",planes trains and automobiles,film,1987.0,1987 film by John Hughes,87.75,0.0,1,0,St. Louis,St. Louis,
Affliction (novel),Affliction,affliction,novel,2013.0,2013 novel by Laurell K. Hamilton,87.75,0.0,1,0,St. Louis,St. Louis,
Betsey Brown,Betsey Brown,betsey brown,novel,1985.0,1985 novel by Ntozake Shange,87.75,0.0,1,0,St. Louis,St. Louis,
Parenthood (film),Parenthood,parenthood,film,1989.0,1989 film by Ron Howard,87.75,0.0,1,0,St. Louis,St. Louis,
Plainsman and the Lady,Plainsman and the Lady,plainsman and the lady,film,1946.0,1946 film by Joseph Kane,87.75,0.0,1,0,St. Louis,St. Louis,
The Glass Menagerie (1950 film),The Glass Menagerie,glass menagerie,film,1950.0,1950 film,87.75,0.0,1,0,St. Louis,St. Louis,
Wells Fargo (film),Wells Fargo,wells fargo,film,1937.0,1937 film by Frank Lloyd,87.75,0.0,1,0,St. Louis,St. Louis,
Steel (1997 film),Steel,steel,film,1997.0,Superhero film by Kenneth Johnson,87.75,0.0,1,0,St. Louis,St. Louis,
The Spirit of St. Louis (film),The Spirit of St. Louis,spirit of st. louis,film,1957.0,1957 film by Billy Wilder,87.75,0.0,1,0,St. Louis,St. Louis,
Spanish Lake (film),Spanish Lake,spanish lake,film,2014.0,2014 American film,87.75,0.0,1,0,St. Louis,St. Louis,
Danse Macabre (novel),Danse Macabre,danse macabre,novel,2006.0,2006 novel by Laurell K. Hamilton,87.75,0.0,1,0,St. Louis,St. Louis,
Guilty Pleasures (novel),Guilty Pleasures,guilty pleasures,novel,1993.0,1993 novel by Laurell K. Hamilton,87.75,0.0,1,0,St. Louis,St. Louis,
Habibi (novel),Habibi,habibi,novel,1997.0,1997 book by Naomi Shihab Nye,87.75,0.0,1,0,St. Louis,St. Louis,
The Hollow Man (Simmons novel),The Hollow Man (Simmons novel),hollow man simmons novel,novel,1992.0,1992 novel by Dan Simmons,87.75,0.0,1,0,St. Louis,St. Louis,
Jack (Robinson novel),Jack (Robinson novel),jack robinson novel,novel,,Novel by Marilynne Robinson,87.75,0.0,1,0,St. Louis,St. Louis,
The Killing Dance,The Killing Dance,killing dance,novel,1997.0,1997 novel by Laurell K. Hamilton,87.75,0.0,1,0,St. Louis,St. Louis,
National Lampoon's Vacation,National Lampoon's Vacation,national lampoons vacation,film,1983.0,1983 film by Harold Ramis,87.75,0.0,1,0,St. Louis,St. Louis,
One Night at McCool's,One Night at McCool's,one night at mccools,film,2001.0,2001 film by Harald Zwart,87.75,0.0,1,0,St. Louis,St. Louis,
Padamati Sandhya Ragam,Padamati Sandhya Ragam,padamati sandhya ragam,film,1987.0,1987 Indian film,87.75,0.0,1,0,St. Louis,St. Louis,
Cerulean Sins,Cerulean Sins,cerulean sins,novel,2003.0,2003 novel by Laurell K. Hamilton,87.75,0.0,1,0,St. Louis,St. Louis,
Burnt Offerings (Hamilton novel),Burnt Offerings (Hamilton novel),burnt offerings hamilton novel,novel,1998.0,1998 novel by Laurell K. Hamilton,87.75,0.0,1,0,St. Louis,St. Louis,
A Matter of Time (Cook novel),A Matter of Time (Cook novel),matter of time cook novel,novel,1985.0,1985 novel by Glen Cook,87.75,0.0,1,0,St. Louis,St. Louis,
The Lost Boy (novella),The Lost Boy (novella),lost boy novella,novel,,Novella by Thomas Wolfe,87.75,0.0,1,0,St. Louis,St. Louis,
The Laughing Corpse,The Laughing Corpse,laughing corpse,novel,1994.0,1994 novel by Laurell K. Hamilton,87.75,0.0,1,0,St. Louis,St. Louis,
The Steam Man of the Prairies,The Steam Man of the Prairies,steam man of the prairies,novel,1868.0,1868 novel by Edward S. Ellis,87.75,0.0,1,0,St. Louis,St. Louis,
The Winning Team,The Winning Team,winning team,film,1952.0,1952 American film by Lewis Seiler,87.75,0.0,1,0,St. Louis,St. Louis,
What's Love Got to Do with It (1993 film),What's Love Got to Do with It,whats love got to do with it,film,1993.0,1993 film directed by Brian Gibson,87.75,0.0,1,0,St. Louis,St. Louis,
White Palace (film),White Palace,white palace,film,1990.0,1990 film by Luis Mandoki,87.75,0.0,1,0,St. Louis,St. Louis,
Voyeurs & Savages,Voyeurs & Savages,voyeurs & savages,novel,1998.0,1998 novel by Alfred A. Yuson,87.75,0.0,1,0,St. Louis,St. Louis,
The Pruitt-Igoe Myth,The Pruitt-Igoe Myth,pruitt-igoe myth,film,2011.0,2011 American film,87.75,0.0,1,0,St. Louis,St. Louis,
The Pride of St. Louis,The Pride of St. Louis,pride of st. louis,film,1952.0,1952 film by Harmon Jones,87.75,0.0,1,0,St. Louis,St. Louis,
The Wedding People,The Wedding People,wedding people,novel,2024.0,2024 novel by Alison Espach,87.75,0.0,1,0,St. Louis,St. Louis,
Meet Me in St. Louis (novel),Meet Me in St. Louis,meet me in st. louis,novel,1942.0,1942 novel by Sally Benson,87.75,0.0,1,0,St. Louis,St. Louis,
It Happens Every Spring,It Happens Every Spring,it happens every spring,film,1949.0,1949 science fiction sports comedy film by Lloyd Bacon,87.75,0.0,1,0,St. Louis,St. Louis,
Narcissus in Chains,Narcissus in Chains,narcissus in chains,novel,2001.0,2001 novel by Laurell K. Hamilton,87.75,0.0,1,0,St. Louis,St. Louis,
The Twenty-Seventh City,The Twenty-Seventh City,twenty-seventh city,novel,,Novel by Jonathan Franzen,87.75,0.0,1,0,St. Louis,St. Louis,
This Tender Land,This Tender Land,this tender land,novel,2019.0,2019 novel written by William Kent Krueger,87.75,0.0,1,0,St. Louis,St. Louis,
Bloody Bones (novel),Bloody Bones,bloody bones,novel,1996.0,1996 novel by Laurell K. Hamilton,87.75,0.0,1,0,St. Louis,St. Louis,
Bullet (novel),Bullet,bullet,novel,2010.0,2010 novel by Laurell K. Hamilton,87.75,0.0,1,0,St. Louis,St. Louis,
Kept Husbands,Kept Husbands,kept husbands,film,1931.0,1931 film by Lloyd Bacon,87.75,0.0,1,0,St. Louis,St. Louis,
King of the Hill (1993 film),King of the Hill,king of the hill,film,1993.0,1993 film by Steven Soderbergh,87.75,0.0,1,0,St. Louis,St. Louis,
The Crisis (novel),The Crisis,crisis,novel,,Novel by Winston Churchill,87.75,0.0,1,0,St. Louis,St. Louis,
Interstate 60,Interstate 60,interstate 60,film,2002.0,2002 film by Bob Gale,87.75,0.0,1,0,St. Louis,St. Louis,
Manhunter (film),Manhunter,manhunter,film,1986.0,1986 film by Michael Mann,87.75,0.0,1,0,St. Louis,St. Louis,
The Makings of You,The Makings of You,makings of you,film,,American film,87.75,0.0,1,0,St. Louis,St. Louis,
The Lucky Ones (film),The Lucky Ones,lucky ones,film,2008.0,2008 film by Neil Burger,87.75,0.0,1,0,St. Louis,St. Louis,
The Layover (film),The Layover,layover,film,2017.0,2017 film by William H. Macy,87.75,0.0,1,0,St. Louis,St. Louis,
The Jerk,The Jerk,jerk,film,1979.0,1979 film by Carl Reiner,87.75,0.0,1,0,St. Louis,St. Louis,
Monument to the Dream,Monument to the Dream,monument to the dream,film,1967.0,1967 film,87.75,0.0,1,0,St. Louis,St. Louis,
Marshall's Miracle,Marshall's Miracle,marshalls miracle,film,2015.0,2015 American film,87.75,0.0,1,0,St. Louis,St. Louis,
Meet Me at the Fair,Meet Me at the Fair,meet me at the fair,film,1953.0,1953 film by Douglas Sirk,87.75,0.0,1,0,St. Louis,St. Louis,
The Game of Their Lives (2005 film),The Game of Their Lives,game of their lives,film,2005.0,Film by David Anspaugh,87.75,0.0,1,0,St. Louis,St. Louis,
Death Race 2000,Death Race 2000,death race 2000,film,1975.0,1975 action film directed by Paul Bartel,87.75,0.0,1,0,St. Louis,St. Louis,
Fighting Father Dunne,Fighting Father Dunne,fighting father dunne,film,1948.0,1948 film directed by Ted Tetzlaff,87.75,0.0,1,0,St. Louis,St. Louis,
A City Decides,A City Decides,city decides,film,1956.0,1956 film,87.75,0.0,1,0,St. Louis,St. Louis,
The Big Brass Ring,The Big Brass Ring,big brass ring,film,1999.0,1999 American film,87.75,0.0,1,0,St. Louis,St. Louis,
Atomic Homefront,Atomic Homefront,atomic homefront,film,2017.0,2017 American film,87.75,0.0,1,0,St. Louis,St. Louis,
Cocaine Bear,Cocaine Bear,cocaine bear,film,2023.0,2023 film directed by Elizabeth Banks,87.75,0.0,1,0,St. Louis,St. Louis,
The Hoodlum Priest,The Hoodlum Priest,hoodlum priest,film,1961.0,1961 American film directed by Irvin Kershner,87.75,0.0,1,0,St. Louis,St. Louis,
Birth of the Dragon,Birth of the Dragon,birth of the dragon,film,2016.0,2016 film by George Nolfi,87.5,87.5,1,1,Bruce Lee,Bruce Lee,Bruce Lee
Super Dragon: The Bruce Lee Story,Super Dragon: The Bruce Lee Story,super dragon the bruce lee story,film,1974.0,1974 Hong Kong film by Shih Ti,87.5,87.5,1,1,Bruce Lee,Bruce Lee,Bruce Lee
Dragon: The Bruce Lee Story,Dragon: The Bruce Lee Story,dragon the bruce lee story,film,1993.0,1993 film by Rob Cohen,87.5,87.5,1,1,Bruce Lee,Bruce Lee,Bruce Lee
I Am Bruce Lee,I Am Bruce Lee,i am bruce lee,film,2012.0,2012 American film,87.5,87.5,1,1,Bruce Lee,Bruce Lee,Bruce Lee
Bruce Lee: The Curse of the Dragon,Bruce Lee: The Curse of the Dragon,bruce lee the curse of the dragon,film,1993.0,1993 American film,87.5,87.5,1,1,Bruce Lee,Bruce Lee,Bruce Lee
Black Rose II,Black Rose II,black rose ii,film,1997.0,1997 Hong Kong film by Jeffrey Lau and Corey Yuen,87.48,0.0,1,0,Hong Kong,Hong Kong,
Blind Detective,Blind Detective,blind detective,film,2013.0,2013 Hong Kong-Chinese film by Johnnie To,87.48,0.0,1,0,Hong Kong,Hong Kong,
Blackhat (film),Blackhat,blackhat,film,2015.0,2015 film by Michael Mann,87.48,0.0,1,0,Hong Kong,Hong Kong,
Baadshah (2013 film),Baadshah,baadshah,film,2013.0,2013 film by Srinu Vaitla,87.48,0.0,1,0,Hong Kong,Hong Kong,
Awarapan,Awarapan,awarapan,film,2007.0,2007 film by Mohit Suri,87.48,0.0,1,0,Hong Kong,Hong Kong,
Avengers Confidential: Black Widow & Punisher,Avengers Confidential: Black Widow & Punisher,avengers confidential black widow & punisher,film,2014.0,2014 superhero anime film based on Marvel characters,87.48,0.0,1,0,Hong Kong,Hong Kong,
Bloody Brotherhood,Bloody Brotherhood,bloody brotherhood,film,1989.0,1989 Hong Kong film by Wang Lung-wei,87.48,0.0,1,0,Hong Kong,Hong Kong,
Bloodsport (film),Bloodsport,bloodsport,film,1988.0,1988 film by Newt Arnold,87.48,0.0,1,0,Hong Kong,Hong Kong,
Blood Stained Tradewinds,Blood Stained Tradewinds,blood stained tradewinds,film,1990.0,1990 Hong Kong film by Chor Yuen,87.48,0.0,1,0,Hong Kong,Hong Kong,
Gweilo: Memories of a Hong Kong Childhood,Gweilo: Memories of a Hong Kong Childhood,gweilo memories of a hong kong childhood,novel,2004.0,2004 book by Martin Booth,87.48,0.0,1,0,Hong Kong,Hong Kong,
China Rich Girlfriend,China Rich Girlfriend,china rich girlfriend,novel,2015.0,2015 romantic comedy novel by Kevin Kwan,87.48,0.0,1,0,Hong Kong,Hong Kong,
"C'est la vie, mon chéri","C'est la vie, mon chéri",cest la vie mon cheri,film,1993.0,1993 Hong Kong film by Derek Yee,87.48,0.0,1,0,Hong Kong,Hong Kong,
Bullets Over Summer,Bullets Over Summer,bullets over summer,film,1999.0,1999 Hong Kong film by Wilson Yip,87.48,0.0,1,0,Hong Kong,Hong Kong,
Bullets of Love,Bullets of Love,bullets of love,film,2001.0,2001 Hong Kong film by Andrew Lau,87.48,0.0,1,0,Hong Kong,Hong Kong,
Bullet in the Head,Bullet in the Head,bullet in the head,film,1990.0,1990 Hong Kong film by John Woo,87.48,0.0,1,0,Hong Kong,Hong Kong,
Bullet for Hire,Bullet for Hire,bullet for hire,film,1991.0,1991 Hong Kong film by Yuen Chun-man,87.48,0.0,1,0,Hong Kong,Hong Kong,
Buddy Cops,Buddy Cops,buddy cops,film,2016.0,2016 Hong Kong-Chinese film by Peter Chik,87.48,0.0,1,0,Hong Kong,Hong Kong,
The Bucket List,The Bucket List,bucket list,film,2007.0,2007 comedy-drama film by Rob Reiner,87.48,0.0,1,0,Hong Kong,Hong Kong,
Brothers (2007 film),Brothers,brothers,film,2007.0,2007 Hong Kong film by Derek Chiu,87.48,0.0,1,0,Hong Kong,Hong Kong,
Threat Vector,Threat Vector,threat vector,novel,2012.0,2012 thriller novel by Tom Clancy,87.48,0.0,1,0,Hong Kong,Hong Kong,
Tai-Pan (novel),Tai-Pan,tai-pan,novel,1966.0,1966 historical novel by James Clavell,87.48,0.0,1,0,Hong Kong,Hong Kong,
River of Smoke,River of Smoke,river of smoke,novel,2011.0,2011 novel by Amitav Ghosh,87.48,0.0,1,0,Hong Kong,Hong Kong,
The Piano Teacher (Lee novel),The Piano Teacher (Lee novel),piano teacher lee novel,novel,2009.0,2009 novel by Janice Y. K. Lee,87.48,0.0,1,0,Hong Kong,Hong Kong,
Peking & The Tulip Affair,Peking & The Tulip Affair,peking & the tulip affair,novel,1969.0,1969 novel by Arnold Marmor,87.48,0.0,1,0,Hong Kong,Hong Kong,
The Painted Veil (novel),The Painted Veil,painted veil,novel,1925.0,1925 novel by W. Somerset Maugham,87.48,0.0,1,0,Hong Kong,Hong Kong,
The Pacific Between,The Pacific Between,pacific between,novel,2006.0,2006 novel by Raymond K. Wong,87.48,0.0,1,0,Hong Kong,Hong Kong,
La Brassiere,La Brassiere,la brassiere,film,2001.0,2001 Hong Kong film by Chan Hing-ka,87.48,0.0,1,0,Hong Kong,Hong Kong,
Bounty Hunters (2016 film),Bounty Hunters,bounty hunters,film,2016.0,2016 Chinese-South Korean-Hong Kong film by Shin Terra,87.48,0.0,1,0,Hong Kong,Hong Kong,
The Bounty (2012 film),The Bounty,bounty,film,2012.0,2012 Hong Kong film by Fung Chi-keung,87.48,0.0,1,0,Hong Kong,Hong Kong,
Born Wild (film),Born Wild,born wild,film,2001.0,2001 Hong Kong film by Patrick Leung,87.48,0.0,1,0,Hong Kong,Hong Kong,
Bomb Disposal Officer: Baby Bomb,Bomb Disposal Officer: Baby Bomb,bomb disposal officer baby bomb,film,1994.0,1994 Hong Kong film by Jamie Luk,87.48,0.0,1,0,Hong Kong,Hong Kong,
Bodyguards and Assassins,Bodyguards and Assassins,bodyguards and assassins,film,2009.0,2009 Hong Kong film by Teddy Chan,87.48,0.0,1,0,Hong Kong,Hong Kong,
The Bodyguard from Beijing,The Bodyguard from Beijing,bodyguard from beijing,film,1994.0,1994 Hong Kong film by Corey Yuen,87.48,0.0,1,0,Hong Kong,Hong Kong,
Boarding Gate,Boarding Gate,boarding gate,film,2007.0,2007 French film,87.48,0.0,1,0,Hong Kong,Hong Kong,
Blossoms Under Somewhere,Blossoms Under Somewhere,blossoms under somewhere,film,2024.0,2024 Hong Kong film by Riley Yip,87.48,0.0,1,0,Hong Kong,Hong Kong,
Gunmetal Gray,Gunmetal Gray,gunmetal gray,novel,2017.0,2017 novel by Mark Greaney,87.48,0.0,1,0,Hong Kong,Hong Kong,
Ghostwritten (novel),Ghostwritten,ghostwritten,novel,1999.0,1999 novel by David Mitchell,87.48,0.0,1,0,Hong Kong,Hong Kong,
Fragrant Harbour,Fragrant Harbour,fragrant harbour,novel,2002.0,2002 novel by John Lanchester,87.48,0.0,1,0,Hong Kong,Hong Kong,
Flood of Fire,Flood of Fire,flood of fire,novel,2015.0,2015 novel by Amitav Ghosh,87.48,0.0,1,0,Hong Kong,Hong Kong,
Exciting Times,Exciting Times,exciting times,novel,2020.0,2020 novel by Naoise Dolan,87.48,0.0,1,0,Hong Kong,Hong Kong,
Dragon Flame,Dragon Flame,dragon flame,novel,1966.0,1966 novel by Manning Lee Stokes,87.48,0.0,1,0,Hong Kong,Hong Kong,
The Clue of the Hissing Serpent,The Clue of the Hissing Serpent,clue of the hissing serpent,novel,1974.0,1974 book by Franklin W. Dixon,87.48,0.0,1,0,Hong Kong,Hong Kong,
The Black Panther Warriors,The Black Panther Warriors,black panther warriors,film,1993.0,1993 Hong Kong film by Clarence Fok,87.48,0.0,1,0,Hong Kong,Hong Kong,
Black Mask (film),Black Mask,black mask,film,1996.0,1996 Hong Kong film by Daniel Lee,87.48,0.0,1,0,Hong Kong,Hong Kong,
Black Comedy (film),Black Comedy,black comedy,film,2014.0,2014 Hong Kong film by Wilson Chin,87.48,0.0,1,0,Hong Kong,Hong Kong,
Black Cobra Woman,Black Cobra Woman,black cobra woman,film,1976.0,1976 Italian film,87.48,0.0,1,0,Hong Kong,Hong Kong,
Bishonen (film),Bishonen,bishonen,film,1998.0,1998 Hong Kong film by Yonfan,87.48,0.0,1,0,Hong Kong,Hong Kong,
The Big Heat (1988 film),The Big Heat,big heat,film,1988.0,1988 Hong Kong film by Johnnie To and Andrew Kam,87.48,0.0,1,0,Hong Kong,Hong Kong,
Big Brother (2018 film),Big Brother,big brother,film,2018.0,2018 Hong Kong film by Kam Ka-wai,87.48,0.0,1,0,Hong Kong,Hong Kong,
Beyond the Dream,Beyond the Dream,beyond the dream,film,2019.0,2019 Hong Kong film by Kiwi Chow,87.48,0.0,1,0,Hong Kong,Hong Kong,
Between the Devil and the Deep Blue Sea (film),Between the Devil and the Deep Blue Sea,between the devil and the deep blue sea,film,1995.0,1995 film,87.48,0.0,1,0,Hong Kong,Hong Kong,
The Brothers (1979 film),The Brothers,brothers,film,1979.0,1979 Hong Kong film by Hua Shan,87.48,0.0,1,0,Hong Kong,Hong Kong,
Brokedown Palace,Brokedown Palace,brokedown palace,film,1999.0,1999 film by Jonathan Kaplan,87.48,0.0,1,0,Hong Kong,Hong Kong,
Brief Encounter in Shinjuku,Brief Encounter in Shinjuku,brief encounter in shinjuku,film,1990.0,1990 Hong Kong film by Gordon Chan,87.48,0.0,1,0,Hong Kong,Hong Kong,
Breakout Brothers 2,Breakout Brothers 2,breakout brothers 2,film,2022.0,2022 Hong Kong film by Mak Ho-pong,87.48,0.0,1,0,Hong Kong,Hong Kong,
Breakout Brothers,Breakout Brothers,breakout brothers,film,2020.0,2020 Hong Kong film by Mak Ho-pong,87.48,0.0,1,0,Hong Kong,Hong Kong,
Breaking News (2004 film),Breaking News,breaking news,film,2004.0,2004 Hong Kong film by Johnnie To,87.48,0.0,1,0,Hong Kong,Hong Kong,
Break Up Club,Break Up Club,break up club,film,2010.0,2010 Hong Kong film by Barbara Wong,87.48,0.0,1,0,Hong Kong,Hong Kong,
Beast Cops,Beast Cops,beast cops,film,1998.0,1998 Hong Kong film by Gordon Chan and Dante Lam,87.48,0.0,1,0,Hong Kong,Hong Kong,
Beach Spike,Beach Spike,beach spike,film,2011.0,2011 Hong Kong film by Tony Tang,87.48,0.0,1,0,Hong Kong,Hong Kong,
Black Ransom,Black Ransom,black ransom,film,2010.0,2010 Hong Kong film by Wong Jing,87.48,0.0,1,0,Hong Kong,Hong Kong,
Amphetamine (film),Amphetamine,amphetamine,film,2010.0,2010 Hong Kong film by Scud,87.48,0.0,1,0,Hong Kong,Hong Kong,
Always Be the Winners,Always Be the Winners,always be the winners,film,1994.0,1994 Hong Kong film by Jacky Pang,87.48,0.0,1,0,Hong Kong,Hong Kong,
The World of Suzie Wong,The World of Suzie Wong,world of suzie wong,novel,1957.0,1957 British novel,87.48,0.0,1,0,Hong Kong,Hong Kong,
Tintorettor Jishu (novel),Tintorettor Jishu,tintorettor jishu,novel,1983.0,1983 novel by Satyajit Ray,87.48,0.0,1,0,Hong Kong,Hong Kong,
Noble House (novel),Noble House,noble house,novel,1981.0,1981 novel by James Clavell,87.48,0.0,1,0,Hong Kong,Hong Kong,
"No Deals, Mr. Bond","No Deals, Mr. Bond",no deals mr. bond,novel,,Novel by John Gardner (British writer),87.48,0.0,1,0,Hong Kong,Hong Kong,
Nine Dragons (novel),Nine Dragons,nine dragons,novel,,Fourteenth novel about Harry Bosch by Michael Connelly,87.48,0.0,1,0,Hong Kong,Hong Kong,
Music on the Bamboo Radio,Music on the Bamboo Radio,music on the bamboo radio,novel,1997.0,1997 novel by Martin Booth,87.48,0.0,1,0,Hong Kong,Hong Kong,
The Monkey King (Mo novel),The Monkey King (Mo novel),monkey king mo novel,novel,1978.0,1978 novel by Timothy Mo,87.48,0.0,1,0,Hong Kong,Hong Kong,
A Many-Splendoured Thing,A Many-Splendoured Thing,many-splendoured thing,novel,1952.0,1952 novel by Han Suyin,87.48,0.0,1,0,Hong Kong,Hong Kong,
Macao (novel),Macao,macao,novel,1968.0,1968 novel by Manning Lee Stokes,87.48,0.0,1,0,Hong Kong,Hong Kong,
Kowloon Tong (novel),Kowloon Tong,kowloon tong,novel,1997.0,1997 novel by Paul Theroux,87.48,0.0,1,0,Hong Kong,Hong Kong,
3 Days of a Blind Girl,3 Days of a Blind Girl,3 days of a blind girl,film,1993.0,1993 Hong Kong film by Chan Wing-Chiu,87.48,0.0,1,0,Hong Kong,Hong Kong,
Aces Go Places,Aces Go Places,aces go places,film,1982.0,1982 Hong Kong film by Eric Tsang,87.48,0.0,1,0,Hong Kong,Hong Kong,
Aces Go Places 2,Aces Go Places 2,aces go places 2,film,1983.0,1983 Hong Kong film by Eric Tsang,87.48,0.0,1,0,Hong Kong,Hong Kong,
The Adventurers (1995 film),The Adventurers,adventurers,film,1995.0,1995 Hong Kong film by Ringo Lam,87.48,0.0,1,0,Hong Kong,Hong Kong,
A Countess from Hong Kong,A Countess from Hong Kong,countess from hong kong,film,1967.0,1967 British film by Charlie Chaplin,87.48,0.0,1,0,Hong Kong,Hong Kong,
Aces Go Places 3,Aces Go Places 3,aces go places 3,film,1984.0,1984 Hong Kong film by Tsui Hark,87.48,0.0,1,0,Hong Kong,Hong Kong,
Aegan,Aegan,aegan,film,2008.0,2008 film by Raju Sundaram,87.48,0.0,1,0,Hong Kong,Hong Kong,
A-1 Headline,A-1 Headline,a-1 headline,film,2004.0,2004 Hong Kong film by Gordon Chan,87.48,0.0,1,0,Hong Kong,Hong Kong,
2000 AD (film),2000 AD,2000 ad,film,2000.0,2000 Hong Kong-Singaporean film by Gordon Chan,87.48,0.0,1,0,Hong Kong,Hong Kong,
2002 (film),2002,2002,film,2001.0,2001 Hong Kong film by Wilson Yip,87.48,0.0,1,0,Hong Kong,Hong Kong,
Banzaï,Banzaï,banzai,film,1983.0,1983 French film,87.48,0.0,1,0,Hong Kong,Hong Kong,
Ballistic Kiss,Ballistic Kiss,ballistic kiss,film,1998.0,1998 Hong Kong film by Donnie Yen,87.48,0.0,1,0,Hong Kong,Hong Kong,
Accident (2009 film),Accident,accident,film,2009.0,2009 Hong Kong film by Soi Cheang,87.48,0.0,1,0,Hong Kong,Hong Kong,
An Abandoned Team,An Abandoned Team,abandoned team,film,2024.0,2024 Hong Kong film by Tomas Lee,87.48,0.0,1,0,Hong Kong,Hong Kong,
A Better Tomorrow II,A Better Tomorrow II,better tomorrow ii,film,1987.0,1987 Hong Kong film by John Woo,87.48,0.0,1,0,Hong Kong,Hong Kong,
Best of the Best (1992 film),Best of the Best,best of the best,film,1992.0,1992 Hong Kong film by Herman Yau,87.48,0.0,1,0,Hong Kong,Hong Kong,
Besieged City,Besieged City,besieged city,film,2008.0,2008 Hong Kong film by Lawrence Ah Mon,87.48,0.0,1,0,Hong Kong,Hong Kong,
Behind the Yellow Line,Behind the Yellow Line,behind the yellow line,film,1984.0,1984 Hong Kong film by Taylor Wong,87.48,0.0,1,0,Hong Kong,Hong Kong,
Badges of Fury,Badges of Fury,badges of fury,film,2013.0,2013 Chinese-Hong Kong film by Wong Tsz-ming,87.48,0.0,1,0,Hong Kong,Hong Kong,
The Bachelor's Swan Song,The Bachelor's Swan Song,bachelors swan song,film,1989.0,1989 Hong Kong film by Derek Yee,87.48,0.0,1,0,Hong Kong,Hong Kong,
Aces Go Places 5: The Terracotta Hit,Aces Go Places 5: The Terracotta Hit,aces go places 5 the terracotta hit,film,1989.0,1989 Hong Kong film by Lau Kar-leung,87.48,0.0,1,0,Hong Kong,Hong Kong,
"Afraid of Nothing, the Jobless King","Afraid of Nothing, the Jobless King",afraid of nothing the jobless king,film,1999.0,1999 Hong Kong film by Joe Ma,87.48,0.0,1,0,Hong Kong,Hong Kong,
A Better Tomorrow,A Better Tomorrow,better tomorrow,film,1986.0,1986 Hong Kong film by John Woo,87.48,0.0,1,0,Hong Kong,Hong Kong,
All About Ah-Long,All About Ah-Long,all about ah-long,film,1989.0,1989 Hong Kong film by Johnnie To,87.48,0.0,1,0,Hong Kong,Hong Kong,
Beast Stalker,Beast Stalker,beast stalker,film,2008.0,2008 Hong Kong film by Dante Lam,87.48,0.0,1,0,Hong Kong,Hong Kong,
Beauty and the Breast,Beauty and the Breast,beauty and the breast,film,2002.0,2002 Hong Kong film by Raymond Yip,87.48,0.0,1,0,Hong Kong,Hong Kong,
All of a Sudden (1996 film),All of a Sudden,all of a sudden,film,1996.0,1996 Hong Kong film by Herman Yau,87.48,0.0,1,0,Hong Kong,Hong Kong,
All for the Winner,All for the Winner,all for the winner,film,1990.0,1990 Hong Kong film by Jeffrey Lau and Corey Yuen,87.48,0.0,1,0,Hong Kong,Hong Kong,
All U Need Is Love,All U Need Is Love,all u need is love,film,2021.0,2021 Hong Kong film by Vincent Kok,87.48,0.0,1,0,Hong Kong,Hong Kong,
"All's Well, Ends Well","All's Well, Ends Well",alls well ends well,film,1992.0,1992 Hong Kong film by Clifton Ko,87.48,0.0,1,0,Hong Kong,Hong Kong,
Already Tomorrow in Hong Kong,Already Tomorrow in Hong Kong,already tomorrow in hong kong,film,2015.0,2015 American-Hong Kong film by Emily Ting,87.48,0.0,1,0,Hong Kong,Hong Kong,
"All's Well, Ends Well 2012","All's Well, Ends Well 2012",alls well ends well 2012,film,2012.0,2012 Hong Kong film by Chan Hing-ka and Janet Chun,87.48,0.0,1,0,Hong Kong,Hong Kong,
The Amsterdam Kill,The Amsterdam Kill,amsterdam kill,film,1977.0,1977 Hong Kong-American film by Robert Clouse,87.48,0.0,1,0,Hong Kong,Hong Kong,
Anita (2021 film),Anita,anita,film,2021.0,2021 Hong Kong film by Longman Leung,87.48,0.0,1,0,Hong Kong,Hong Kong,
Anna Magdalena,Anna Magdalena,anna magdalena,film,1998.0,1998 Hong Kong film by Yee Chung-man,87.48,0.0,1,0,Hong Kong,Hong Kong,
The Art of War (film),The Art of War,art of war,film,2000.0,2000 film by Christian Duguay,87.48,0.0,1,0,Hong Kong,Hong Kong,
As Tears Go By (film),As Tears Go By,as tears go by,film,1988.0,1988 Hong Kong film by Wong Kar-wai,87.48,0.0,1,0,Hong Kong,Hong Kong,
As the Light Goes Out,As the Light Goes Out,as the light goes out,film,2014.0,2014 Hong Kong film by Derek Kwok,87.48,0.0,1,0,Hong Kong,Hong Kong,
As Time Goes By (1997 film),As Time Goes By,as time goes by,film,1997.0,1997 Taiwanese film,87.48,0.0,1,0,Hong Kong,Hong Kong,
92 Legendary La Rose Noire,92 Legendary La Rose Noire,92 legendary la rose noire,film,1992.0,1992 Hong Kong film by Jeffrey Lau,87.48,0.0,1,0,Hong Kong,Hong Kong,
97 Aces Go Places,97 Aces Go Places,97 aces go places,film,1997.0,1997 Hong Kong film by Chin Kar-lok,87.48,0.0,1,0,Hong Kong,Hong Kong,
100 Ways to Murder Your Wife,100 Ways to Murder Your Wife,100 ways to murder your wife,film,1986.0,1986 Hong Kong film by Kenny Bee,87.48,0.0,1,0,Hong Kong,Hong Kong,
Miss Congeniality (film),Miss Congeniality,miss congeniality,film,2000.0,2000 film by Donald Petrie,87.34,0.0,1,0,San Antonio,San Antonio,
My Two Loves,My Two Loves,my two loves,film,1986.0,1986 film directed by Noel Black,87.34,0.0,1,0,San Antonio,San Antonio,
Pee-wee's Big Adventure,Pee-wee's Big Adventure,pee-wees big adventure,film,1985.0,1985 film by Tim Burton,87.34,0.0,1,0,San Antonio,San Antonio,
The Alamo (2004 film),The Alamo,alamo,film,2004.0,2004 epic war film by John Lee Hancock,87.34,0.0,1,0,San Antonio,San Antonio,
Rolling Thunder (film),Rolling Thunder,rolling thunder,film,1977.0,1977 film directed by John Flynn,87.34,0.0,1,0,San Antonio,San Antonio,
The Tall Men (film),The Tall Men,tall men,film,1955.0,1955 film by Raoul Walsh,87.34,0.0,1,0,San Antonio,San Antonio,
Midnight Special (film),Midnight Special,midnight special,film,2016.0,2016 film by Jeff Nichols,87.34,0.0,1,0,San Antonio,San Antonio,
The Immortal Alamo,The Immortal Alamo,immortal alamo,film,1911.0,1911 film,87.34,0.0,1,0,San Antonio,San Antonio,
Alamo: The Price of Freedom,Alamo: The Price of Freedom,alamo the price of freedom,film,1988.0,1988 film by Kieth Merrill,87.34,0.0,1,0,San Antonio,San Antonio,
De sangre chicana,De sangre chicana,de sangre chicana,film,1974.0,1974 film by Joselito Rodríguez,87.34,0.0,1,0,San Antonio,San Antonio,
Cloak & Dagger (1984 film),Cloak & Dagger,cloak & dagger,film,1984.0,1984 film,87.34,0.0,1,0,San Antonio,San Antonio,
Still Breathing (film),Still Breathing,still breathing,film,1997.0,1997 American film,87.34,0.0,1,0,San Antonio,San Antonio,
San Antonio (film),San Antonio,san antonio,film,1945.0,1945 western Technicolor film,87.34,0.0,1,0,San Antonio,San Antonio,
The Alamo (1960 film),The Alamo,alamo,film,1960.0,1960 film by John Wayne,87.34,0.0,1,0,San Antonio,San Antonio,
The Big Brawl,The Big Brawl,big brawl,film,1980.0,1980 film by Robert Clouse,87.34,0.0,1,0,San Antonio,San Antonio,
Frege: Philosophy of Language,Frege: Philosophy of Language,frege philosophy of language,novel,1973.0,1973 book by Michael Dummett,87.15,0.0,1,0,Gottlob Frege,Gottlob Frege,
Dutch: A Memoir of Ronald Reagan,Dutch: A Memoir of Ronald Reagan,dutch a memoir of ronald reagan,novel,1999.0,1999 book by Edmund Morris,87.12,0.0,1,0,Ronald Reagan,Ronald Reagan,
Killing Reagan,Killing Reagan,killing reagan,novel,2015.0,2015 popular history book,87.12,0.0,1,0,Ronald Reagan,Ronald Reagan,
Killing Reagan (film),Killing Reagan,killing reagan,film,2016.0,2016 US drama film,87.12,0.0,1,0,Ronald Reagan,Ronald Reagan,
True Reagan,True Reagan,true reagan,novel,2016.0,2016 book by James Rosebush,87.12,0.0,1,0,Ronald Reagan,Ronald Reagan,
Reagan's War,Reagan's War,reagans war,novel,2002.0,2002 book by Peter Schweizer,87.12,0.0,1,0,Ronald Reagan,Ronald Reagan,
Reagan: His Life and Legend,Reagan: His Life and Legend,reagan his life and legend,novel,2024.0,2024 book by Max Boot,87.12,0.0,1,0,Ronald Reagan,Ronald Reagan,
In the Days of McKinley,In the Days of McKinley,in the days of mckinley,novel,,History book by Margaret Leech,87.07,87.07,1,1,William McKinley,William McKinley,William McKinley
The Crystal Spirit,The Crystal Spirit,crystal spirit,novel,1966.0,1966 book by George Woodcock,87.01,0.0,1,0,George Orwell,George Orwell,
Why Orwell Matters,Why Orwell Matters,why orwell matters,novel,2002.0,2002 book by Christopher Hitchens,87.01,0.0,1,0,George Orwell,George Orwell,
Orwell's Roses,Orwell's Roses,orwells roses,novel,2021.0,2021 book by Rebecca Solnit,87.01,0.0,1,0,George Orwell,George Orwell,
Jurassic World: Fallen Kingdom,Jurassic World: Fallen Kingdom,jurassic world fallen kingdom,film,2018.0,2018 film by J. A. Bayona,86.99,0.0,1,0,Costa Rica,Costa Rica,
The Last Thing He Wanted (film),The Last Thing He Wanted,last thing he wanted,film,2020.0,2020 film,86.99,0.0,1,0,Costa Rica,Costa Rica,
Maikol Yordan de Viaje Perdido,Maikol Yordan de Viaje Perdido,maikol yordan de viaje perdido,film,2014.0,2014 Costa Rican film,86.99,0.0,1,0,Costa Rica,Costa Rica,
Domingo and the Mist,Domingo and the Mist,domingo and the mist,film,2022.0,2022 Costa Rican film,86.99,0.0,1,0,Costa Rica,Costa Rica,
Fast & Furious 6,Fast & Furious 6,fast & furious 6,film,2013.0,2013 film by Justin Lin,86.99,0.0,1,0,Costa Rica,Costa Rica,
Island of the Sharks,Island of the Sharks,island of the sharks,film,1999.0,1999 American film,86.99,0.0,1,0,Costa Rica,Costa Rica,
Jurassic Park III,Jurassic Park III,jurassic park iii,film,2001.0,2001 film by Joe Johnston,86.99,0.0,1,0,Costa Rica,Costa Rica,
Cocorí,Cocorí,cocori,novel,1947.0,1947 children's novel by Joaquín Gutiérrez,86.99,0.0,1,0,Costa Rica,Costa Rica,
The Lost World (Crichton novel),The Lost World (Crichton novel),lost world crichton novel,novel,1995.0,1995 novel by Michael Crichton,86.99,0.0,1,0,Costa Rica,Costa Rica,
El Cielo Rojo,El Cielo Rojo,el cielo rojo,film,2008.0,2008 Costa Rican film,86.99,0.0,1,0,Costa Rica,Costa Rica,
Club Dread,Club Dread,club dread,film,2004.0,2004 film by Jay Chandrasekhar,86.99,0.0,1,0,Costa Rica,Costa Rica,
All Things Await,All Things Await,all things await,novel,2016.0,2016 novel by Seth Clabough,86.99,0.0,1,0,Costa Rica,Costa Rica,
Surf School,Surf School,surf school,film,2006.0,2006 film by Joel Silverman,86.99,0.0,1,0,Costa Rica,Costa Rica,
Sister & Sister,Sister & Sister,sister & sister,film,2023.0,2023 film by Kattia González,86.99,0.0,1,0,Costa Rica,Costa Rica,
Morbius (film),Morbius,morbius,film,2022.0,2022 film by Daniel Espinosa,86.99,0.0,1,0,Costa Rica,Costa Rica,
A Boyfriend's Presentation,A Boyfriend's Presentation,boyfriends presentation,film,2019.0,2019 Costa Rican comedy film,86.99,0.0,1,0,Costa Rica,Costa Rica,
130 Children,130 Children,130 children,film,2022.0,2022 Chilean film,86.99,0.0,1,0,Costa Rica,Costa Rica,
"The Altar Boy, the Priest and the Gardener","The Altar Boy, the Priest and the Gardener",altar boy the priest and the gardener,film,2025.0,2025 Costa Rican film,86.99,0.0,1,0,Costa Rica,Costa Rica,
Bite (film),Bite,bite,film,2015.0,2015 Canadian film,86.99,0.0,1,0,Costa Rica,Costa Rica,
The New Gladiators (film),The New Gladiators,new gladiators,film,2002.0,2002 American film,86.95,0.0,1,0,Elvis Presley,Elvis Presley,
Priscilla (film),Priscilla,priscilla,film,2023.0,2023 film by Sofia Coppola,86.95,0.0,1,0,Elvis Presley,Elvis Presley,
Protecting the King,Protecting the King,protecting the king,film,2007.0,2007 American film,86.95,0.0,1,0,Elvis Presley,Elvis Presley,
This Is Elvis,This Is Elvis,this is elvis,film,1981.0,1981 film by Andrew Solt,86.95,0.0,1,0,Elvis Presley,Elvis Presley,
Child Bride: The Untold Story of Priscilla Beaulieu Presley,Child Bride: The Untold Story of Priscilla Beaulieu Presley,child bride the untold story of priscilla beaulieu presley,novel,1997.0,1997 book by Suzanne Finstad,86.95,0.0,1,0,Elvis Presley,Elvis Presley,
Dead Elvis (book),Dead Elvis,dead elvis,novel,1991.0,1991 book by Greil Marcus,86.95,0.0,1,0,Elvis Presley,Elvis Presley,
Elvis and Gladys,Elvis and Gladys,elvis and gladys,novel,1985.0,1985 book by Elaine Dundy,86.95,0.0,1,0,Elvis Presley,Elvis Presley,
Elvis and Me,Elvis and Me,elvis and me,novel,,Book by Priscilla Presley,86.95,0.0,1,0,Elvis Presley,Elvis Presley,
Mystery Train (book),Mystery Train,mystery train,novel,1975.0,1975 book by Greil Marcus,86.95,0.0,1,0,Elvis Presley,Elvis Presley,
Elvis on Tour,Elvis on Tour,elvis on tour,film,1972.0,1972 film by Robert Abel,86.95,0.0,1,0,Elvis Presley,Elvis Presley,
Elvis Presley: The Searcher,Elvis Presley: The Searcher,elvis presley the searcher,film,2018.0,2018 American film,86.95,0.0,1,0,Elvis Presley,Elvis Presley,
Elvis: That's the Way It Is,Elvis: That's the Way It Is,elvis thats the way it is,film,1970.0,1970 film by Denis Sanders,86.95,0.0,1,0,Elvis Presley,Elvis Presley,
EPiC: Elvis Presley in Concert,EPiC: Elvis Presley in Concert,epic elvis presley in concert,film,2025.0,2025 film by Baz Luhrmann,86.95,0.0,1,0,Elvis Presley,Elvis Presley,
Finding Graceland,Finding Graceland,finding graceland,film,1998.0,1998 American film,86.95,0.0,1,0,Elvis Presley,Elvis Presley,
Heartbreak Hotel (film),Heartbreak Hotel,heartbreak hotel,film,1988.0,1988 film by Chris Columbus,86.95,0.0,1,0,Elvis Presley,Elvis Presley,
Lonely Street (film),Lonely Street,lonely street,film,2008.0,2008 American film,86.95,0.0,1,0,Elvis Presley,Elvis Presley,
Choosing Truman,Choosing Truman,choosing truman,novel,1994.0,1994 book by historian Robert Hugh Ferrell,86.76,86.76,1,1,Harry Truman,Harry Truman,Harry Truman
Dear Bess,Dear Bess,dear bess,novel,1983.0,"1983 book of Harry S. Truman writings, edited by historian Robert Hugh Ferrell",86.76,86.76,1,1,Harry Truman,Harry Truman,Harry Truman
Harry S. Truman: A Life,Harry S. Truman: A Life,harry s. truman a life,novel,1994.0,1994 book by historian Robert Hugh Ferrell,86.76,86.76,1,1,Harry Truman,Harry Truman,Harry Truman
Off the Record: The Private Papers of Harry S. Truman,Off the Record: The Private Papers of Harry S. Truman,off the record the private papers of harry s. truman,novel,1980.0,1980 book of Truman's writings edited by historian Robert Hugh Ferrell,86.76,86.76,1,1,Harry Truman,Harry Truman,Harry Truman
Truman (book),Truman,truman,novel,1992.0,1992 book by David McCullough,86.76,86.76,1,1,Harry Truman,Harry Truman,Harry Truman
Lo sconosciuto di San Marino,Lo sconosciuto di San Marino,lo sconosciuto di san marino,film,1946.0,1946 Italian film,86.73,86.73,1,1,San Marino,San Marino,San Marino
Danton (1931 film),Danton,danton,film,1931.0,1931 film,86.72,86.72,1,1,Georges Danton,Georges Danton,Georges Danton
Danton (1932 film),Danton,danton,film,1932.0,1932 film,86.72,86.72,1,1,Georges Danton,Georges Danton,Georges Danton
Danton (1983 film),Danton,danton,film,1983.0,1983 French film,86.72,86.72,1,1,Georges Danton,Georges Danton,Georges Danton
Loag Dar Loag,Loag Dar Loag,loag dar loag,novel,2019.0,2019 book by Farrukh Sohail Goindi,86.72,86.72,1,1,Zulfikar Ali Bhutto,Zulfikar Ali Bhutto,Zulfikar Ali Bhutto
Zulfi Bhutto of Pakistan,Zulfi Bhutto of Pakistan,zulfi bhutto of pakistan,novel,1993.0,1993 book by Stanley Wolpert,86.72,86.72,1,1,Zulfikar Ali Bhutto,Zulfikar Ali Bhutto,Zulfikar Ali Bhutto
Danton (1921 film),Danton,danton,film,1921.0,1921 film,86.72,86.72,1,1,Georges Danton,Georges Danton,Georges Danton
Greenland (film),Greenland,greenland,film,2020.0,2020 film by Ric Roman Waugh,86.64,86.64,1,1,"Atlanta, Georgia","Atlanta, Georgia","Atlanta, Georgia"
Like a Boss (film),Like a Boss,like a boss,film,2020.0,2020 film by Miguel Arteta,86.64,86.64,1,1,"Atlanta, Georgia","Atlanta, Georgia","Atlanta, Georgia"
Drumline (film),Drumline,drumline,film,2002.0,2002 American film directed by Charles Stone III,86.64,86.64,1,1,"Atlanta, Georgia","Atlanta, Georgia","Atlanta, Georgia"
Due Date,Due Date,due date,film,2010.0,2010 film by Todd Phillips,86.64,86.64,1,1,"Atlanta, Georgia","Atlanta, Georgia","Atlanta, Georgia"
Escape Plan 2: Hades,Escape Plan 2: Hades,escape plan 2 hades,film,2018.0,2018 film by Steven C. Miller,86.64,86.64,1,1,"Atlanta, Georgia","Atlanta, Georgia","Atlanta, Georgia"
False Face (film),False Face,false face,film,1977.0,1977 American film,86.64,86.64,1,1,"Atlanta, Georgia","Atlanta, Georgia","Atlanta, Georgia"
Fled,Fled,fled,film,1996.0,1996 film directed by Kevin Hooks,86.64,86.64,1,1,"Atlanta, Georgia","Atlanta, Georgia","Atlanta, Georgia"
East/West,East/West,east/west,film,1999.0,1999 film by Régis Wargnier,86.64,0.0,1,0,Russian Revolution,Russian Revolution,
The End of St. Petersburg,The End of St. Petersburg,end of st. petersburg,film,1927.0,1927 film,86.64,0.0,1,0,Russian Revolution,Russian Revolution,
The Fall of the Romanoffs,The Fall of the Romanoffs,fall of the romanoffs,film,1917.0,1917 American film,86.64,0.0,1,0,Russian Revolution,Russian Revolution,
The Great Dawn,The Great Dawn,great dawn,film,1938.0,1938 film by Mikheil Chiaureli,86.64,0.0,1,0,Russian Revolution,Russian Revolution,
The Heritage of Love,The Heritage of Love,heritage of love,film,2016.0,2016 Russian film,86.64,0.0,1,0,Russian Revolution,Russian Revolution,
His Excellency (1928 film),His Excellency,his excellency,film,1928.0,1928 film,86.64,0.0,1,0,Russian Revolution,Russian Revolution,
In Memory of Sergo Ordzhonikidze,In Memory of Sergo Ordzhonikidze,in memory of sergo ordzhonikidze,film,1937.0,1937 film by Dziga Vertov,86.64,0.0,1,0,Russian Revolution,Russian Revolution,
Ivan Pavlov (film),Ivan Pavlov,ivan pavlov,film,1949.0,1949 Soviet film,86.64,0.0,1,0,Russian Revolution,Russian Revolution,
Knight Without Armour,Knight Without Armour,knight without armour,film,1937.0,1937 film by Jacques Feyder,86.64,0.0,1,0,Russian Revolution,Russian Revolution,
Silver Sparrow,Silver Sparrow,silver sparrow,novel,2011.0,2011 novel,86.64,86.64,1,1,"Atlanta, Georgia","Atlanta, Georgia","Atlanta, Georgia"
The Stand,The Stand,stand,novel,1978.0,1978 novel by Stephen King,86.64,86.64,1,1,"Atlanta, Georgia","Atlanta, Georgia","Atlanta, Georgia"
Anastasia (1997 film),Anastasia,anastasia,film,1997.0,1997 film by Don Bluth and Gary Goldman,86.64,0.0,1,0,Russian Revolution,Russian Revolution,
At the Mercy of Men,At the Mercy of Men,at the mercy of men,film,1918.0,1918 film,86.64,0.0,1,0,Russian Revolution,Russian Revolution,
Balalaika (film),Balalaika,balalaika,film,1939.0,1939 film by Reinhold Schünzel,86.64,0.0,1,0,Russian Revolution,Russian Revolution,
The Blackguard,The Blackguard,blackguard,film,1925.0,1925 British-German film by Graham Cutts,86.64,0.0,1,0,Russian Revolution,Russian Revolution,
British Agent,British Agent,british agent,film,1934.0,1934 film by Michael Curtiz,86.64,0.0,1,0,Russian Revolution,Russian Revolution,
Men of the Sea,Men of the Sea,men of the sea,film,1938.0,1938 Soviet film,86.64,0.0,1,0,Russian Revolution,Russian Revolution,
Mockery (1927 film),Mockery,mockery,film,1927.0,1927 film by Benjamin Christensen,86.64,0.0,1,0,Russian Revolution,Russian Revolution,
Morphine (film),Morphine,morphine,film,2008.0,2008 Russian drama film,86.64,0.0,1,0,Russian Revolution,Russian Revolution,
Moscow–Shanghai,Moscow–Shanghai,moscow–shanghai,film,1936.0,1936 film,86.64,0.0,1,0,Russian Revolution,Russian Revolution,
Nicholas and Alexandra,Nicholas and Alexandra,nicholas and alexandra,film,1971.0,1971 biographical film directed by Franklin J. Schaffner,86.64,0.0,1,0,Russian Revolution,Russian Revolution,
October: Ten Days That Shook the World,October: Ten Days That Shook the World,october ten days that shook the world,film,1928.0,1928 film,86.64,0.0,1,0,Russian Revolution,Russian Revolution,
Optimistic Tragedy (film),Optimistic Tragedy,optimistic tragedy,film,1963.0,1963 Soviet film,86.64,0.0,1,0,Russian Revolution,Russian Revolution,
Outskirts (film),Outskirts,outskirts,film,1933.0,1933 Soviet film,86.64,0.0,1,0,Russian Revolution,Russian Revolution,
Rasputin (1928 film),Rasputin,rasputin,film,1928.0,1928 film,86.64,0.0,1,0,Russian Revolution,Russian Revolution,
Dirty Grandpa,Dirty Grandpa,dirty grandpa,film,2016.0,2016 film by Dan Mazer,86.64,86.64,1,1,"Atlanta, Georgia","Atlanta, Georgia","Atlanta, Georgia"
Don't Waste Your Pretty,Don't Waste Your Pretty,dont waste your pretty,film,,Comedt-drama film by Tamara Bass,86.64,86.64,1,1,"Atlanta, Georgia","Atlanta, Georgia","Atlanta, Georgia"
Siberia (1926 film),Siberia,siberia,film,1926.0,1926 film directed by Victor Schertzinger,86.64,0.0,1,0,Russian Revolution,Russian Revolution,
Stories About Lenin,Stories About Lenin,stories about lenin,film,1957.0,1957 Soviet film,86.64,0.0,1,0,Russian Revolution,Russian Revolution,
Tempest (1928 film),Tempest,tempest,film,1928.0,1928 film by Sam Taylor,86.64,0.0,1,0,Russian Revolution,Russian Revolution,
Tsar to Lenin,Tsar to Lenin,tsar to lenin,film,1937.0,1937 American film,86.64,0.0,1,0,Russian Revolution,Russian Revolution,
The Circle of Death,The Circle of Death,circle of death,film,1922.0,1922 film,86.64,0.0,1,0,Russian Revolution,Russian Revolution,
The Vyborg Side,The Vyborg Side,vyborg side,film,1939.0,1939 film by Grigori Kozintsev and Leonid Trauberg,86.64,0.0,1,0,Russian Revolution,Russian Revolution,
Women of Ryazan,Women of Ryazan,women of ryazan,film,1927.0,1927 film,86.64,0.0,1,0,Russian Revolution,Russian Revolution,
Zare (film),Zare,zare,film,1926.0,1926 film,86.64,0.0,1,0,Russian Revolution,Russian Revolution,
All Together Now (2020 film),All Together Now,all together now,film,2020.0,2020 American drama film,86.64,86.64,1,1,"Portland, Oregon","Portland, Oregon","Portland, Oregon"
Antitrust (film),Antitrust,antitrust,film,2001.0,2001 techno thriller film by Peter Howitt,86.64,86.64,1,1,"Portland, Oregon","Portland, Oregon","Portland, Oregon"
Are We There Yet? (film),Are We There Yet?,are we there yet,film,2005.0,2005 film by Brian Levant,86.64,86.64,1,1,"Portland, Oregon","Portland, Oregon","Portland, Oregon"
"Arresting Power: Resisting Police Violence in Portland, Oregon","Arresting Power: Resisting Police Violence in Portland, Oregon",arresting power resisting police violence in portland oregon,film,2015.0,2015 American film,86.64,86.64,1,1,"Portland, Oregon","Portland, Oregon","Portland, Oregon"
The Auteur,The Auteur,auteur,film,2008.0,2008 American film,86.64,86.64,1,1,"Portland, Oregon","Portland, Oregon","Portland, Oregon"
Bad Samaritan (film),Bad Samaritan,bad samaritan,film,2018.0,2018 American film,86.64,86.64,1,1,"Portland, Oregon","Portland, Oregon","Portland, Oregon"
Lenin in October,Lenin in October,lenin in october,film,1937.0,1937 Soviet film,86.64,0.0,1,0,Russian Revolution,Russian Revolution,
All My Lenins,All My Lenins,all my lenins,film,1997.0,1997 film by Hardi Volmer,86.64,0.0,1,0,Russian Revolution,Russian Revolution,
Bigger Than the Sky,Bigger Than the Sky,bigger than the sky,film,2005.0,2005 American film,86.64,86.64,1,1,"Portland, Oregon","Portland, Oregon","Portland, Oregon"
Blood Song,Blood Song,blood song,film,1982.0,1982 American slasher film directed by Alan J. Levi,86.64,86.64,1,1,"Portland, Oregon","Portland, Oregon","Portland, Oregon"
Blue Like Jazz (film),Blue Like Jazz,blue like jazz,film,2012.0,2012 American film,86.64,86.64,1,1,"Portland, Oregon","Portland, Oregon","Portland, Oregon"
Body of Evidence (1993 film),Body of Evidence,body of evidence,film,1993.0,1993 film by Uli Edel,86.64,86.64,1,1,"Portland, Oregon","Portland, Oregon","Portland, Oregon"
Lullaby (1937 film),Lullaby,lullaby,film,1937.0,1937 film by Dziga Vertov,86.64,0.0,1,0,Russian Revolution,Russian Revolution,
Brainsmasher... A Love Story,Brainsmasher... A Love Story,brainsmasher... a love story,film,1993.0,1993 American film,86.64,86.64,1,1,"Portland, Oregon","Portland, Oregon","Portland, Oregon"
Breaking In (1989 film),Breaking In,breaking in,film,1989.0,1989 film by Bill Forsyth,86.64,86.64,1,1,"Portland, Oregon","Portland, Oregon","Portland, Oregon"
C.O.G.,C.O.G.,c.o.g.,film,2013.0,2013 American film,86.64,86.64,1,1,"Portland, Oregon","Portland, Oregon","Portland, Oregon"
Cold Weather,Cold Weather,cold weather,film,2010.0,2010 American film,86.64,86.64,1,1,"Portland, Oregon","Portland, Oregon","Portland, Oregon"
DarkGame,DarkGame,darkgame,film,,British crime thriller film,86.64,86.64,1,1,"Portland, Oregon","Portland, Oregon","Portland, Oregon"
"Don't Worry, He Won't Get Far on Foot","Don't Worry, He Won't Get Far on Foot",dont worry he wont get far on foot,film,2018.0,2018 film directed by Gus Van Sant,86.64,86.64,1,1,"Portland, Oregon","Portland, Oregon","Portland, Oregon"
Door to Door (film),Door to Door,door to door,film,2002.0,2002 made for TV film,86.64,86.64,1,1,"Portland, Oregon","Portland, Oregon","Portland, Oregon"
Drugstore Cowboy,Drugstore Cowboy,drugstore cowboy,film,1989.0,1989 film by Gus Van Sant,86.64,86.64,1,1,"Portland, Oregon","Portland, Oregon","Portland, Oregon"
Eban and Charley,Eban and Charley,eban and charley,film,2000.0,2000 film,86.64,86.64,1,1,"Portland, Oregon","Portland, Oregon","Portland, Oregon"
Red Bells II,Red Bells II,red bells ii,film,1983.0,1983 Soviet film,86.64,0.0,1,0,Russian Revolution,Russian Revolution,
The Romanovs: An Imperial Family,The Romanovs: An Imperial Family,romanovs an imperial family,film,2001.0,2001 Russian film,86.64,0.0,1,0,Russian Revolution,Russian Revolution,
Feast of Love,Feast of Love,feast of love,film,2007.0,2007 film by Robert Benton,86.64,86.64,1,1,"Portland, Oregon","Portland, Oregon","Portland, Oregon"
Film Geek (2005 film),Film Geek,film geek,film,2005.0,2005 film,86.64,86.64,1,1,"Portland, Oregon","Portland, Oregon","Portland, Oregon"
Foxfire (1996 film),Foxfire,foxfire,film,1996.0,1996 American film,86.64,86.64,1,1,"Portland, Oregon","Portland, Oregon","Portland, Oregon"
Free Willy,Free Willy,free willy,film,1993.0,1993 adventure drama film,86.64,86.64,1,1,"Portland, Oregon","Portland, Oregon","Portland, Oregon"
The Volga Boatman (1926 film),The Volga Boatman,volga boatman,film,1926.0,American silent film by Cecil B. DeMille,86.64,0.0,1,0,Russian Revolution,Russian Revolution,
Gone (2012 film),Gone,gone,film,2012.0,2012 American film,86.64,86.64,1,1,"Portland, Oregon","Portland, Oregon","Portland, Oregon"
House of Last Things,House of Last Things,house of last things,film,2013.0,2013 American film,86.64,86.64,1,1,"Portland, Oregon","Portland, Oregon","Portland, Oregon"
The Hunted (2003 film),The Hunted,hunted,film,2003.0,2003 American action thriller film,86.64,86.64,1,1,"Portland, Oregon","Portland, Oregon","Portland, Oregon"
"I, Tonya","I, Tonya",i tonya,film,2017.0,2017 film by Craig Gillespie,86.64,86.64,1,1,"Portland, Oregon","Portland, Oregon","Portland, Oregon"
If I Stay (film),If I Stay,if i stay,film,2014.0,2014 American film,86.64,86.64,1,1,"Portland, Oregon","Portland, Oregon","Portland, Oregon"
Imaginary Crimes,Imaginary Crimes,imaginary crimes,film,1994.0,1994 American film,86.64,86.64,1,1,"Portland, Oregon","Portland, Oregon","Portland, Oregon"
Intruder (2016 film),Intruder,intruder,film,2016.0,2016 American film,86.64,86.64,1,1,"Portland, Oregon","Portland, Oregon","Portland, Oregon"
Ironheart (film),Ironheart,ironheart,film,1992.0,1992 film by Robert Clouse,86.64,86.64,1,1,"Portland, Oregon","Portland, Oregon","Portland, Oregon"
Jackass: The Movie,Jackass: The Movie,jackass the movie,film,2002.0,2002 American reality comedy film,86.64,86.64,1,1,"Portland, Oregon","Portland, Oregon","Portland, Oregon"
Bandits (2001 film),Bandits,bandits,film,2001.0,2001 film directed by Barry Levinson,86.64,86.64,1,1,"Portland, Oregon","Portland, Oregon","Portland, Oregon"
Bigfoot Family,Bigfoot Family,bigfoot family,film,2020.0,2020 animated film,86.64,86.64,1,1,"Portland, Oregon","Portland, Oregon","Portland, Oregon"
Lean on Pete,Lean on Pete,lean on pete,film,2017.0,2017 film by Andrew Haigh,86.64,86.64,1,1,"Portland, Oregon","Portland, Oregon","Portland, Oregon"
Leave No Trace (film),Leave No Trace,leave no trace,film,2018.0,2018 film directed by Debra Granik,86.64,86.64,1,1,"Portland, Oregon","Portland, Oregon","Portland, Oregon"
Little Wing (2024 film),Little Wing,little wing,film,2024.0,Film by Dean Israelite,86.64,86.64,1,1,"Portland, Oregon","Portland, Oregon","Portland, Oregon"
Locked (film),Locked,locked,film,2025.0,2025 film by David Yarovesky,86.64,86.64,1,1,"Portland, Oregon","Portland, Oregon","Portland, Oregon"
Bongwater (film),Bongwater,bongwater,film,1998.0,1998 American film,86.64,86.64,1,1,"Portland, Oregon","Portland, Oregon","Portland, Oregon"
Mr. Brooks,Mr. Brooks,mr. brooks,film,2007.0,2007 American film,86.64,86.64,1,1,"Portland, Oregon","Portland, Oregon","Portland, Oregon"
Music Within,Music Within,music within,film,2007.0,2007 American film,86.64,86.64,1,1,"Portland, Oregon","Portland, Oregon","Portland, Oregon"
My Own Private Idaho,My Own Private Idaho,my own private idaho,film,1991.0,1991 film by Gus Van Sant,86.64,86.64,1,1,"Portland, Oregon","Portland, Oregon","Portland, Oregon"
My Own Private River,My Own Private River,my own private river,film,2011.0,2011 American drama film,86.64,86.64,1,1,"Portland, Oregon","Portland, Oregon","Portland, Oregon"
Night Always Comes,Night Always Comes,night always comes,film,2025.0,2025 film by Benjamin Caron,86.64,86.64,1,1,"Portland, Oregon","Portland, Oregon","Portland, Oregon"
Paranoid Park (film),Paranoid Park,paranoid park,film,2007.0,2007 American independent coming-of-age teen psychological drama film by Gus Van Sant,86.64,86.64,1,1,"Portland, Oregon","Portland, Oregon","Portland, Oregon"
Pig (2021 film),Pig,pig,film,2021.0,American film by Michael Sarnoski,86.64,86.64,1,1,"Portland, Oregon","Portland, Oregon","Portland, Oregon"
Portland Exposé,Portland Exposé,portland expose,film,1957.0,1957 film by Harold D. Schuster,86.64,86.64,1,1,"Portland, Oregon","Portland, Oregon","Portland, Oregon"
Ramona and Beezus,Ramona and Beezus,ramona and beezus,film,2010.0,2010 film by Elizabeth Allen,86.64,86.64,1,1,"Portland, Oregon","Portland, Oregon","Portland, Oregon"
The Edge of Seventeen,The Edge of Seventeen,edge of seventeen,film,2016.0,2016 film by Kelly Fremon Craig,86.64,86.64,1,1,"Portland, Oregon","Portland, Oregon","Portland, Oregon"
Extraordinary Measures (film),Extraordinary Measures,extraordinary measures,film,2010.0,2010 American film,86.64,86.64,1,1,"Portland, Oregon","Portland, Oregon","Portland, Oregon"
Shiver (2012 film),Shiver,shiver,film,2012.0,2012 American film,86.64,86.64,1,1,"Portland, Oregon","Portland, Oregon","Portland, Oregon"
Short Circuit (1986 film),Short Circuit,short circuit,film,1986.0,1986 film by John Badham,86.64,86.64,1,1,"Portland, Oregon","Portland, Oregon","Portland, Oregon"
Showing Up,Showing Up,showing up,film,2022.0,2022 film by Kelly Reichardt,86.64,86.64,1,1,"Portland, Oregon","Portland, Oregon","Portland, Oregon"
The Son of Bigfoot,The Son of Bigfoot,son of bigfoot,film,2017.0,2017 animated fantasy comedy film,86.64,86.64,1,1,"Portland, Oregon","Portland, Oregon","Portland, Oregon"
Fresh (2022 film),Fresh,fresh,film,2022.0,2022 film by Mimi Cave,86.64,86.64,1,1,"Portland, Oregon","Portland, Oregon","Portland, Oregon"
The Temp (film),The Temp,temp,film,1993.0,1993 American film,86.64,86.64,1,1,"Portland, Oregon","Portland, Oregon","Portland, Oregon"
Timmy Failure: Mistakes Were Made,Timmy Failure: Mistakes Were Made,timmy failure mistakes were made,film,2020.0,2020 film by Tom McCarthy,86.64,86.64,1,1,"Portland, Oregon","Portland, Oregon","Portland, Oregon"
To All the Boys I've Loved Before (film),To All the Boys I've Loved Before,to all the boys ive loved before,film,2018.0,2018 film by Susan Johnson,86.64,86.64,1,1,"Portland, Oregon","Portland, Oregon","Portland, Oregon"
To All the Boys: Always and Forever,To All the Boys: Always and Forever,to all the boys always and forever,film,2021.0,2021 film directed by Michael Fimognari,86.64,86.64,1,1,"Portland, Oregon","Portland, Oregon","Portland, Oregon"
To All the Boys: P.S. I Still Love You,To All the Boys: P.S. I Still Love You,to all the boys p.s. i still love you,film,2020.0,2020 film directed by Michael Fimognari,86.64,86.64,1,1,"Portland, Oregon","Portland, Oregon","Portland, Oregon"
Trapped (2002 film),Trapped,trapped,film,2002.0,2002 American film,86.64,86.64,1,1,"Portland, Oregon","Portland, Oregon","Portland, Oregon"
Twin Peaks: Fire Walk with Me,Twin Peaks: Fire Walk with Me,twin peaks fire walk with me,film,1992.0,1992 American film by David Lynch,86.64,86.64,1,1,"Portland, Oregon","Portland, Oregon","Portland, Oregon"
Twinless,Twinless,twinless,film,2025.0,2025 film by James Sweeney,86.64,86.64,1,1,"Portland, Oregon","Portland, Oregon","Portland, Oregon"
Untraceable,Untraceable,untraceable,film,2008.0,2008 film by Gregory Hoblit,86.64,86.64,1,1,"Portland, Oregon","Portland, Oregon","Portland, Oregon"
John Tucker Must Die,John Tucker Must Die,john tucker must die,film,2006.0,2006 film by Betty Thomas,86.64,86.64,1,1,"Portland, Oregon","Portland, Oregon","Portland, Oregon"
The Lathe of Heaven (film),The Lathe of Heaven,lathe of heaven,film,1980.0,1980 film by David Loxton,86.64,86.64,1,1,"Portland, Oregon","Portland, Oregon","Portland, Oregon"
All Systems Down,All Systems Down,all systems down,novel,2018.0,2018 novel by Sam Boush,86.64,86.64,1,1,"Portland, Oregon","Portland, Oregon","Portland, Oregon"
Beezus and Ramona,Beezus and Ramona,beezus and ramona,novel,,Novel by Beverly Cleary,86.64,86.64,1,1,"Portland, Oregon","Portland, Oregon","Portland, Oregon"
Darius the Great Is Not Okay,Darius the Great Is Not Okay,darius the great is not okay,novel,2018.0,2018 young adult novel by Adib Khorram,86.64,86.64,1,1,"Portland, Oregon","Portland, Oregon","Portland, Oregon"
Ellen Tebbits,Ellen Tebbits,ellen tebbits,novel,,Novel by Beverly Cleary,86.64,86.64,1,1,"Portland, Oregon","Portland, Oregon","Portland, Oregon"
Mala Noche,Mala Noche,mala noche,film,1988.0,1988 American film,86.64,86.64,1,1,"Portland, Oregon","Portland, Oregon","Portland, Oregon"
Fifty Shades of Grey,Fifty Shades of Grey,fifty shades of grey,novel,2011.0,2011 erotic romance novel by E.L. James,86.64,86.64,1,1,"Portland, Oregon","Portland, Oregon","Portland, Oregon"
"Gone, But Not Forgotten (novel)","Gone, But Not Forgotten",gone but not forgotten,novel,1993.0,1993 novel by Phillip Margolin,86.64,86.64,1,1,"Portland, Oregon","Portland, Oregon","Portland, Oregon"
Hard Rain Falling,Hard Rain Falling,hard rain falling,novel,,Book by Don Carpenter,86.64,86.64,1,1,"Portland, Oregon","Portland, Oregon","Portland, Oregon"
Henry and Beezus,Henry and Beezus,henry and beezus,novel,,Novel by Beverly Cleary,86.64,86.64,1,1,"Portland, Oregon","Portland, Oregon","Portland, Oregon"
Henry and Ribsy,Henry and Ribsy,henry and ribsy,novel,,Novel by Beverly Cleary,86.64,86.64,1,1,"Portland, Oregon","Portland, Oregon","Portland, Oregon"
Henry and the Clubhouse,Henry and the Clubhouse,henry and the clubhouse,novel,,Novel by Beverly Cleary,86.64,86.64,1,1,"Portland, Oregon","Portland, Oregon","Portland, Oregon"
Henry and the Paper Route,Henry and the Paper Route,henry and the paper route,novel,,Novel by Beverly Cleary,86.64,86.64,1,1,"Portland, Oregon","Portland, Oregon","Portland, Oregon"
Henry Huggins (novel),Henry Huggins,henry huggins,novel,1950.0,1950 book by Beverly Cleary,86.64,86.64,1,1,"Portland, Oregon","Portland, Oregon","Portland, Oregon"
Juliet Takes a Breath,Juliet Takes a Breath,juliet takes a breath,novel,,Young adult novel by Gabby Rivera,86.64,86.64,1,1,"Portland, Oregon","Portland, Oregon","Portland, Oregon"
Say Uncle (film),Say Uncle,say uncle,film,2005.0,2005 film,86.64,86.64,1,1,"Portland, Oregon","Portland, Oregon","Portland, Oregon"
She's in Portland,She's in Portland,shes in portland,film,2020.0,2020 American film,86.64,86.64,1,1,"Portland, Oregon","Portland, Oregon","Portland, Oregon"
Otis Spofford,Otis Spofford,otis spofford,novel,,Novel by Beverly Cleary,86.64,86.64,1,1,"Portland, Oregon","Portland, Oregon","Portland, Oregon"
Paranoid Park (novel),Paranoid Park,paranoid park,novel,2006.0,2006 novel by Blake Nelson,86.64,86.64,1,1,"Portland, Oregon","Portland, Oregon","Portland, Oregon"
Piecing Me Together,Piecing Me Together,piecing me together,novel,2017.0,2017 children's book by Renee Watson,86.64,86.64,1,1,"Portland, Oregon","Portland, Oregon","Portland, Oregon"
Ramona (novel series),Ramona (novel series),ramona novel series,novel,,Novel series by Beverly Cleary,86.64,86.64,1,1,"Portland, Oregon","Portland, Oregon","Portland, Oregon"
Tag (2018 film),Tag,tag,film,2018.0,2018 film by Jeff Tomsic,86.64,86.64,1,1,"Portland, Oregon","Portland, Oregon","Portland, Oregon"
A Dog's Way Home (novel),A Dog's Way Home,dogs way home,novel,2017.0,2017 novel by W. Bruce Cameron,86.64,86.64,1,1,"Denver, Colorado","Denver, Colorado","Denver, Colorado"
"Kiss Me, Judas","Kiss Me, Judas",kiss me judas,novel,1998.0,1998 novel by Will Christopher Baer,86.64,86.64,1,1,"Denver, Colorado","Denver, Colorado","Denver, Colorado"
The Poet (novel),The Poet,poet,novel,,First novel about Jack McEvoy by Michael Connelly,86.64,86.64,1,1,"Denver, Colorado","Denver, Colorado","Denver, Colorado"
The Probability Broach,The Probability Broach,probability broach,novel,,Science fiction novel by L. Neil Smith,86.64,86.64,1,1,"Denver, Colorado","Denver, Colorado","Denver, Colorado"
Purity (novel),Purity,purity,novel,2015.0,"English-language novel by Franzen, published in 2015",86.64,86.64,1,1,"Denver, Colorado","Denver, Colorado","Denver, Colorado"
Strands of Sunlight,Strands of Sunlight,strands of sunlight,novel,1994.0,1994 novel by Gael Baudino,86.64,86.64,1,1,"Denver, Colorado","Denver, Colorado","Denver, Colorado"
Almost Christmas (film),Almost Christmas,almost christmas,film,2016.0,2016 film by David E. Talbert,86.64,86.64,1,1,"Atlanta, Georgia","Atlanta, Georgia","Atlanta, Georgia"
ATL (film),ATL,atl,film,2006.0,2006 American comedy-drama film by Chris Robinson,86.64,86.64,1,1,"Atlanta, Georgia","Atlanta, Georgia","Atlanta, Georgia"
Back in Action (2025 film),Back in Action,back in action,film,2025.0,Film by Seth Gordon,86.64,86.64,1,1,"Atlanta, Georgia","Atlanta, Georgia","Atlanta, Georgia"
The Wrong Missy,The Wrong Missy,wrong missy,film,2020.0,2020 film by Tyler Spindel,86.64,86.64,1,1,"Portland, Oregon","Portland, Oregon","Portland, Oregon"
Zero Effect,Zero Effect,zero effect,film,1998.0,1998 American film,86.64,86.64,1,1,"Portland, Oregon","Portland, Oregon","Portland, Oregon"
"Big Mommas: Like Father, Like Son","Big Mommas: Like Father, Like Son",big mommas like father like son,film,2011.0,2011 film by John Whitesell,86.64,86.64,1,1,"Atlanta, Georgia","Atlanta, Georgia","Atlanta, Georgia"
Body and Soul (1925 film),Body and Soul,body and soul,film,1925.0,1925 film directed by Oscar Micheaux,86.64,86.64,1,1,"Atlanta, Georgia","Atlanta, Georgia","Atlanta, Georgia"
Boss Level,Boss Level,boss level,film,2020.0,2020 science fiction action film by Joe Carnahan,86.64,86.64,1,1,"Atlanta, Georgia","Atlanta, Georgia","Atlanta, Georgia"
The Deep End of the Ocean (film),The Deep End of the Ocean,deep end of the ocean,film,1999.0,1999 film by Ulu Grosbard,86.64,86.64,1,1,"Madison, Wisconsin","Madison, Wisconsin","Madison, Wisconsin"
Fifty Shades Darker,Fifty Shades Darker,fifty shades darker,novel,2012.0,2012 erotic romance novel by E. L. James,86.64,86.64,1,1,"Portland, Oregon","Portland, Oregon","Portland, Oregon"
Mosaic (novel),Mosaic,mosaic,novel,1996.0,1996 novel by Jeri Taylor,86.64,86.64,1,1,Star Trek: Voyager,Star Trek: Voyager,Star Trek: Voyager
The Barefoot Emperor,The Barefoot Emperor,barefoot emperor,film,2019.0,2019 film,86.64,0.0,1,0,Bosnia and Herzegovina,Bosnia and Herzegovina,
Battle of Neretva (film),Battle of Neretva,battle of neretva,film,1969.0,1969 film directed by Veljko Bulajić,86.64,0.0,1,0,Bosnia and Herzegovina,Bosnia and Herzegovina,
Blood Brothers (1935 film),Blood Brothers,blood brothers,film,1935.0,1935 film,86.64,0.0,1,0,Bosnia and Herzegovina,Bosnia and Herzegovina,
The Bridge (1969 film),The Bridge,bridge,film,1969.0,Yugoslav war film directed by Hajrudin Krvavac,86.64,0.0,1,0,Bosnia and Herzegovina,Bosnia and Herzegovina,
Circles (film),Circles,circles,film,2013.0,2013 film,86.64,0.0,1,0,Bosnia and Herzegovina,Bosnia and Herzegovina,
The Dagger (1999 film),The Dagger,dagger,film,1999.0,1999 Serbia and Montenegro film,86.64,0.0,1,0,Bosnia and Herzegovina,Bosnia and Herzegovina,
The Day That Shook the World,The Day That Shook the World,day that shook the world,film,1975.0,1975 Czech film,86.64,0.0,1,0,Bosnia and Herzegovina,Bosnia and Herzegovina,
Ramona and Her Father,Ramona and Her Father,ramona and her father,novel,,Novel by Beverly Cleary,86.64,86.64,1,1,"Portland, Oregon","Portland, Oregon","Portland, Oregon"
The Lathe of Heaven,The Lathe of Heaven,lathe of heaven,novel,1971.0,1971 novel by Ursula K. Le Guin,86.64,86.64,1,1,"Portland, Oregon","Portland, Oregon","Portland, Oregon"
The Librarianist,The Librarianist,librarianist,novel,2023.0,2023 novel by Patrick deWitt,86.64,86.64,1,1,"Portland, Oregon","Portland, Oregon","Portland, Oregon"
"Ramona Quimby, Age 8","Ramona Quimby, Age 8",ramona quimby age 8,novel,1981.0,1981 novel by Beverly Cleary,86.64,86.64,1,1,"Portland, Oregon","Portland, Oregon","Portland, Oregon"
Ramona the Brave,Ramona the Brave,ramona the brave,novel,,Novel by Beverly Cleary,86.64,86.64,1,1,"Portland, Oregon","Portland, Oregon","Portland, Oregon"
Ramona's World,Ramona's World,ramonas world,novel,,Novel by Beverly Cleary,86.64,86.64,1,1,"Portland, Oregon","Portland, Oregon","Portland, Oregon"
Ribsy,Ribsy,ribsy,novel,,Novel by Beverly Cleary,86.64,86.64,1,1,"Portland, Oregon","Portland, Oregon","Portland, Oregon"
The Death Cure,The Death Cure,death cure,novel,2011.0,2011 novel by James Dashner,86.64,86.64,1,1,"Denver, Colorado","Denver, Colorado","Denver, Colorado"
Fuse (film),Fuse,fuse,film,2003.0,2003 film,86.64,0.0,1,0,Bosnia and Herzegovina,Bosnia and Herzegovina,
Hanka (film),Hanka,hanka,film,1955.0,1955 film,86.64,0.0,1,0,Bosnia and Herzegovina,Bosnia and Herzegovina,
The Last Bridge,The Last Bridge,last bridge,film,1954.0,1954 film,86.64,0.0,1,0,Bosnia and Herzegovina,Bosnia and Herzegovina,
Life Is a Miracle,Life Is a Miracle,life is a miracle,film,2004.0,2004 Serbia and Montenegro film,86.64,0.0,1,0,Bosnia and Herzegovina,Bosnia and Herzegovina,
Little Hands (2011 film),Little Hands,little hands,film,2011.0,2011 film,86.64,0.0,1,0,Bosnia and Herzegovina,Bosnia and Herzegovina,
Metastases (film),Metastases,metastases,film,2009.0,2009 Croatian crime drama film,86.64,0.0,1,0,Bosnia and Herzegovina,Bosnia and Herzegovina,
Miracle in Bosnia,Miracle in Bosnia,miracle in bosnia,film,1995.0,1995 Bosnia and Herzegovina film,86.64,0.0,1,0,Bosnia and Herzegovina,Bosnia and Herzegovina,
No One's Child,No One's Child,no ones child,film,2014.0,2014 Serbian film,86.64,0.0,1,0,Bosnia and Herzegovina,Bosnia and Herzegovina,
On the Path,On the Path,on the path,film,2010.0,2010 film,86.64,0.0,1,0,Bosnia and Herzegovina,Bosnia and Herzegovina,
Beauty Shop,Beauty Shop,beauty shop,film,2005.0,2005 American comedy film by Bille Woodruff,86.64,86.64,1,1,"Atlanta, Georgia","Atlanta, Georgia","Atlanta, Georgia"
Ben 10: Alien Swarm,Ben 10: Alien Swarm,ben 10 alien swarm,film,2009.0,2009 film directed by Alex Winter,86.64,86.64,1,1,"Atlanta, Georgia","Atlanta, Georgia","Atlanta, Georgia"
The Peaks of Zelengora,The Peaks of Zelengora,peaks of zelengora,film,1976.0,1976 Yugoslavian film,86.64,0.0,1,0,Bosnia and Herzegovina,Bosnia and Herzegovina,
"Pretty Village, Pretty Flame","Pretty Village, Pretty Flame",pretty village pretty flame,film,1996.0,1996 Serbian film,86.64,0.0,1,0,Bosnia and Herzegovina,Bosnia and Herzegovina,
Under Wildwood,Under Wildwood,under wildwood,novel,2012.0,2012 novel by Colin Meloy,86.64,86.64,1,1,"Portland, Oregon","Portland, Oregon","Portland, Oregon"
Wildwood (novel),Wildwood,wildwood,novel,2011.0,2011 novel by Colin Meloy,86.64,86.64,1,1,"Portland, Oregon","Portland, Oregon","Portland, Oregon"
Wildwood Imperium,Wildwood Imperium,wildwood imperium,novel,2014.0,2014 novel by Colin Meloy,86.64,86.64,1,1,"Portland, Oregon","Portland, Oregon","Portland, Oregon"
Savior (film),Savior,savior,film,1998.0,1998 American film,86.64,0.0,1,0,Bosnia and Herzegovina,Bosnia and Herzegovina,
Selam (film),Selam,selam,film,2013.0,2013 drama film directed by Levent Demirkale,86.64,0.0,1,0,Bosnia and Herzegovina,Bosnia and Herzegovina,
Silent Gunpowder,Silent Gunpowder,silent gunpowder,film,1990.0,1990 Yugoslavian film,86.64,0.0,1,0,Bosnia and Herzegovina,Bosnia and Herzegovina,
Summer in the Golden Valley,Summer in the Golden Valley,summer in the golden valley,film,2003.0,"2003 Bosnia and Herzegovina, France, United Kingdom film",86.64,0.0,1,0,Bosnia and Herzegovina,Bosnia and Herzegovina,
The Tour (film),The Tour,tour,film,2008.0,2008 Serbian film,86.64,0.0,1,0,Bosnia and Herzegovina,Bosnia and Herzegovina,
Ulysses' Gaze,Ulysses' Gaze,ulysses gaze,film,1995.0,1995 Greek war drama film,86.64,0.0,1,0,Bosnia and Herzegovina,Bosnia and Herzegovina,
Walter Defends Sarajevo,Walter Defends Sarajevo,walter defends sarajevo,film,1972.0,1972 film by Hajrudin Krvavac,86.64,0.0,1,0,Bosnia and Herzegovina,Bosnia and Herzegovina,
When Father Was Away on Business,When Father Was Away on Business,when father was away on business,film,1985.0,1985 film by Emir Kusturica,86.64,0.0,1,0,Bosnia and Herzegovina,Bosnia and Herzegovina,
When Santa Was a Communist,When Santa Was a Communist,when santa was a communist,film,2024.0,2024 Bosnia and Herzegovina film,86.64,0.0,1,0,Bosnia and Herzegovina,Bosnia and Herzegovina,
Ramona and Her Mother,Ramona and Her Mother,ramona and her mother,novel,1978.0,1978 novel by Beverly Cleary,86.64,86.64,1,1,"Portland, Oregon","Portland, Oregon","Portland, Oregon"
Ramona Forever,Ramona Forever,ramona forever,novel,1984.0,1984 children's novel by Beverly Cleary,86.64,86.64,1,1,"Portland, Oregon","Portland, Oregon","Portland, Oregon"
Ready to Rumble,Ready to Rumble,ready to rumble,film,2000.0,2000 film by Brian Robbins,86.64,86.64,1,1,"Atlanta, Georgia","Atlanta, Georgia","Atlanta, Georgia"
The Real McCoy (film),The Real McCoy,real mccoy,film,1993.0,1993 American film,86.64,86.64,1,1,"Atlanta, Georgia","Atlanta, Georgia","Atlanta, Georgia"
Do You Remember Dolly Bell?,Do You Remember Dolly Bell?,do you remember dolly bell,film,1981.0,1981 Yugoslavian film,86.64,0.0,1,0,Bosnia and Herzegovina,Bosnia and Herzegovina,
Dreamers (2009 film),Dreamers,dreamers,film,2009.0,2009 Bosnia and Herzegovina film,86.64,0.0,1,0,Bosnia and Herzegovina,Bosnia and Herzegovina,
Excursion (film),Excursion,excursion,film,2023.0,2023 Bosnia and Herzegovina film,86.64,0.0,1,0,Bosnia and Herzegovina,Bosnia and Herzegovina,
Nightmare (Topčić novel),Nightmare (Topčić novel),nightmare topcic novel,novel,1997.0,1997 Bosnian novel by Zlatko Topčić,86.64,0.0,1,0,Bosnia and Herzegovina,Bosnia and Herzegovina,
One Minute Out,One Minute Out,one minute out,novel,2020.0,2020 novel by Mark Greaney,86.64,0.0,1,0,Bosnia and Herzegovina,Bosnia and Herzegovina,
Overture (novel),Overture,overture,novel,2018.0,2018 novel by Bosnian writer Zlatko Topčić,86.64,0.0,1,0,Bosnia and Herzegovina,Bosnia and Herzegovina,
Safet Sušić (novel),Safet Sušić,safet susic,novel,2007.0,2007 novel by Bosnian writer Zlatko Topčić,86.64,0.0,1,0,Bosnia and Herzegovina,Bosnia and Herzegovina,
The Scent of Rain in the Balkans,The Scent of Rain in the Balkans,scent of rain in the balkans,novel,1986.0,1986 novel by Gordana Kuić,86.64,0.0,1,0,Bosnia and Herzegovina,Bosnia and Herzegovina,
Seven Terrors,Seven Terrors,seven terrors,novel,2010.0,2010 book by Selvedin Avdić,86.64,0.0,1,0,Bosnia and Herzegovina,Bosnia and Herzegovina,
The Red Colored Grey Truck,The Red Colored Grey Truck,red colored grey truck,film,2004.0,2004 Serbia and Montenegro film,86.64,0.0,1,0,Bosnia and Herzegovina,Bosnia and Herzegovina,
Remake (2003 film),Remake,remake,film,2003.0,2003 Bosnia and Herzegovina film,86.64,0.0,1,0,Bosnia and Herzegovina,Bosnia and Herzegovina,
Renegades (2017 film),Renegades,renegades,film,2017.0,2017 film,86.64,0.0,1,0,Bosnia and Herzegovina,Bosnia and Herzegovina,
The Parade (film),The Parade,parade,film,2011.0,2011 film by Srđan Dragojević,86.64,0.0,1,0,Bosnia and Herzegovina,Bosnia and Herzegovina,
The Pavilion (film),The Pavilion,pavilion,film,2025.0,2025 Bosnian dark comedy film,86.64,0.0,1,0,Bosnia and Herzegovina,Bosnia and Herzegovina,
The Final Word (novel),The Final Word,final word,novel,2011.0,2011 Bosnian novel by Zlatko Topčić,86.64,0.0,1,0,Bosnia and Herzegovina,Bosnia and Herzegovina,
"I, Danilo","I, Danilo",i danilo,novel,1960.0,1960 novel by Derviš Sušić,86.64,0.0,1,0,Bosnia and Herzegovina,Bosnia and Herzegovina,
Thank You for Your Service (2017 film),Thank You for Your Service,thank you for your service,film,2017.0,2017 film by Jason Hall,86.64,86.64,1,1,"Atlanta, Georgia","Atlanta, Georgia","Atlanta, Georgia"
This Is Spinal Tap,This Is Spinal Tap,this is spinal tap,film,1984.0,1984 mockumentary comedy film directed by Rob Reiner,86.64,86.64,1,1,"Atlanta, Georgia","Atlanta, Georgia","Atlanta, Georgia"
Triple 9,Triple 9,triple 9,film,2016.0,2016 film by John Hillcoat,86.64,86.64,1,1,"Atlanta, Georgia","Atlanta, Georgia","Atlanta, Georgia"
Flight (2012 film),Flight,flight,film,2012.0,2012 drama film by Robert Zemeckis,86.64,86.64,1,1,"Atlanta, Georgia","Atlanta, Georgia","Atlanta, Georgia"
We're the Millers,We're the Millers,were the millers,film,2013.0,2013 film by Rawson Marshall Thurber,86.64,86.64,1,1,"Denver, Colorado","Denver, Colorado","Denver, Colorado"
The Dog Star,The Dog Star,dog star,novel,1950.0,1950 novel by Donald Windham,86.64,86.64,1,1,"Atlanta, Georgia","Atlanta, Georgia","Atlanta, Georgia"
The Forged Note,The Forged Note,forged note,novel,1915.0,1915 novel by Oscar Micheaux,86.64,86.64,1,1,"Atlanta, Georgia","Atlanta, Georgia","Atlanta, Georgia"
I Am Princess X,I Am Princess X,i am princess x,novel,2015.0,2015 novel by Cherie Priest,86.64,86.64,1,1,"Atlanta, Georgia","Atlanta, Georgia","Atlanta, Georgia"
Internet Girls,Internet Girls,internet girls,novel,,Young adult novel series by Lauren Myracle,86.64,86.64,1,1,"Atlanta, Georgia","Atlanta, Georgia","Atlanta, Georgia"
A Man in Full,A Man in Full,man in full,novel,1998.0,1998 novel by Tom Wolfe,86.64,86.64,1,1,"Atlanta, Georgia","Atlanta, Georgia","Atlanta, Georgia"
Rhett Butler's People,Rhett Butler's People,rhett butlers people,novel,,Book by Donald McCaig,86.64,86.64,1,1,"Atlanta, Georgia","Atlanta, Georgia","Atlanta, Georgia"
Scarlett (Ripley novel),Scarlett (Ripley novel),scarlett ripley novel,novel,1991.0,1991 novel by Alexandra Ripley,86.64,86.64,1,1,"Atlanta, Georgia","Atlanta, Georgia","Atlanta, Georgia"
The Players Club,The Players Club,players club,film,1998.0,1998 film directed by Ice Cube,86.64,86.64,1,1,"Atlanta, Georgia","Atlanta, Georgia","Atlanta, Georgia"
Praise This,Praise This,praise this,film,2023.0,2023 American film,86.64,86.64,1,1,"Atlanta, Georgia","Atlanta, Georgia","Atlanta, Georgia"
Invasion U.S.A. (1985 film),Invasion U.S.A.,invasion u.s.a.,film,1985.0,1985 American film by Joseph Zito,86.64,86.64,1,1,"Atlanta, Georgia","Atlanta, Georgia","Atlanta, Georgia"
Into the Wild (film),Into the Wild,into the wild,film,2007.0,2007 American biographical film by Sean Penn,86.64,86.64,1,1,"Atlanta, Georgia","Atlanta, Georgia","Atlanta, Georgia"
How High 2,How High 2,how high 2,film,2019.0,2019 film by Bruce Leddy,86.64,86.64,1,1,"Atlanta, Georgia","Atlanta, Georgia","Atlanta, Georgia"
The House Next Door: Meet the Blacks 2,The House Next Door: Meet the Blacks 2,house next door meet the blacks 2,film,2021.0,2021 film by Deon Taylor,86.64,86.64,1,1,"Atlanta, Georgia","Atlanta, Georgia","Atlanta, Georgia"
Cannibal Apocalypse,Cannibal Apocalypse,cannibal apocalypse,film,1980.0,1980 film,86.64,86.64,1,1,"Atlanta, Georgia","Atlanta, Georgia","Atlanta, Georgia"
Susi Susanti: Love All,Susi Susanti: Love All,susi susanti love all,film,2019.0,2019 Indonesian film,86.64,86.64,1,1,"Atlanta, Georgia","Atlanta, Georgia","Atlanta, Georgia"
Superfly (2018 film),Superfly,superfly,film,2018.0,Film by Director X,86.64,86.64,1,1,"Atlanta, Georgia","Atlanta, Georgia","Atlanta, Georgia"
Beethoven's 3rd (film),Beethoven's 3rd,beethovens 3rd,film,2000.0,2000 film by David M. Evans,86.64,86.64,1,1,"Denver, Colorado","Denver, Colorado","Denver, Colorado"
Them: A Novel,Them: A Novel,them a novel,novel,2007.0,2007 novel by Nathan McCall,86.64,86.64,1,1,"Atlanta, Georgia","Atlanta, Georgia","Atlanta, Georgia"
Actor Martinez,Actor Martinez,actor martinez,film,2016.0,2016 American film,86.64,86.64,1,1,"Denver, Colorado","Denver, Colorado","Denver, Colorado"
"June 28, 1914 (novel)","June 28, 1914",june 28 1914,novel,2019.0,2019 novel by Bosnian writer Zlatko Topčić,86.64,0.0,1,0,Bosnia and Herzegovina,Bosnia and Herzegovina,
Line of Sight (novel),Line of Sight,line of sight,novel,2018.0,2018 novel by Mike Maden,86.64,0.0,1,0,Bosnia and Herzegovina,Bosnia and Herzegovina,
Lump of Sun,Lump of Sun,lump of sun,novel,1958.0,1958 novel by Zaim Topčić,86.64,0.0,1,0,Bosnia and Herzegovina,Bosnia and Herzegovina,
Richard Jewell (film),Richard Jewell,richard jewell,film,2019.0,2019 American biographical drama film directed by Clint Eastwood,86.64,86.64,1,1,"Atlanta, Georgia","Atlanta, Georgia","Atlanta, Georgia"
Bare Skin,Bare Skin,bare skin,novel,2004.0,2004 novel by Zlatko Topčić,86.64,0.0,1,0,Bosnia and Herzegovina,Bosnia and Herzegovina,
Death and the Dervish,Death and the Dervish,death and the dervish,novel,1966.0,1966 novel by Meša Selimović,86.64,0.0,1,0,Bosnia and Herzegovina,Bosnia and Herzegovina,
Sud (1999 film),Sud,sud,film,1999.0,1999 film,86.64,86.64,1,1,"Atlanta, Georgia","Atlanta, Georgia","Atlanta, Georgia"
"Love, Simon","Love, Simon",love simon,film,2018.0,2018 American teen romantic comedy drama film,86.64,86.64,1,1,"Atlanta, Georgia","Atlanta, Georgia","Atlanta, Georgia"
Little (film),Little,little,film,2019.0,2019 film by Tina Gordon Chism,86.64,86.64,1,1,"Atlanta, Georgia","Atlanta, Georgia","Atlanta, Georgia"
Life as We Know It (film),Life as We Know It,life as we know it,film,2010.0,2010 film by Greg Berlanti,86.64,86.64,1,1,"Atlanta, Georgia","Atlanta, Georgia","Atlanta, Georgia"
Ride Along (film),Ride Along,ride along,film,,American buddy cop comedy film,86.64,86.64,1,1,"Atlanta, Georgia","Atlanta, Georgia","Atlanta, Georgia"
Gates to Paradise,Gates to Paradise,gates to paradise,film,1968.0,1968 British film by Andrzej Wajda,86.64,0.0,1,0,Children's Crusade,Children's Crusade,
Lionheart (1987 film),Lionheart,lionheart,film,1987.0,1987 adventure film directed by Franklin J. Schaffner,86.64,0.0,1,0,Children's Crusade,Children's Crusade,
Little Crusader,Little Crusader,little crusader,film,2017.0,2017 Czech historical drama film,86.64,0.0,1,0,Children's Crusade,Children's Crusade,
Away We Go,Away We Go,away we go,film,2009.0,2009 American film,86.64,86.64,1,1,"Madison, Wisconsin","Madison, Wisconsin","Madison, Wisconsin"
The Bye Bye Man,The Bye Bye Man,bye bye man,film,2017.0,2017 horror film directed by Stacy Title,86.64,86.64,1,1,"Madison, Wisconsin","Madison, Wisconsin","Madison, Wisconsin"
Ride Along 2,Ride Along 2,ride along 2,film,,American buddy cop comedy film,86.64,86.64,1,1,"Atlanta, Georgia","Atlanta, Georgia","Atlanta, Georgia"
Ali and Nino (film),Ali and Nino,ali and nino,film,2016.0,2016 British film,86.64,0.0,1,0,Russian Revolution,Russian Revolution,
School Daze,School Daze,school daze,film,1988.0,1988 film by Spike Lee,86.64,86.64,1,1,"Atlanta, Georgia","Atlanta, Georgia","Atlanta, Georgia"
Sharky's Machine,Sharky's Machine,sharkys machine,film,1981.0,1981 film by Burt Reynolds,86.64,86.64,1,1,"Atlanta, Georgia","Atlanta, Georgia","Atlanta, Georgia"
Simran (film),Simran,simran,film,2017.0,2017 film directed by Hansal Mehta,86.64,86.64,1,1,"Atlanta, Georgia","Atlanta, Georgia","Atlanta, Georgia"
Six Pack (film),Six Pack,six pack,film,1982.0,1982 film by Daniel Petrie,86.64,86.64,1,1,"Atlanta, Georgia","Atlanta, Georgia","Atlanta, Georgia"
The Black Phone,The Black Phone,black phone,film,2021.0,2021 film by Scott Derrickson,86.64,86.64,1,1,"Denver, Colorado","Denver, Colorado","Denver, Colorado"
The Chase (1991 film),The Chase,chase,film,1991.0,1991 film by Paul Wendkos,86.64,86.64,1,1,"Denver, Colorado","Denver, Colorado","Denver, Colorado"
Denver and Rio Grande (film),Denver and Rio Grande,denver and rio grande,film,1952.0,1952 film,86.64,86.64,1,1,"Denver, Colorado","Denver, Colorado","Denver, Colorado"
Ladybugs (film),Ladybugs,ladybugs,film,1992.0,1992 American film,86.64,86.64,1,1,"Denver, Colorado","Denver, Colorado","Denver, Colorado"
The Order (2024 film),The Order,order,film,2024.0,2024 film by Justin Kurzel,86.64,86.64,1,1,"Denver, Colorado","Denver, Colorado","Denver, Colorado"
Resurrecting the Champ,Resurrecting the Champ,resurrecting the champ,film,2007.0,2007 film by Rod Lurie,86.64,86.64,1,1,"Denver, Colorado","Denver, Colorado","Denver, Colorado"
Shoplifters of the World,Shoplifters of the World,shoplifters of the world,film,,American comedy film by Stephen Kijak,86.64,86.64,1,1,"Denver, Colorado","Denver, Colorado","Denver, Colorado"
Things to Do in Denver When You're Dead,Things to Do in Denver When You're Dead,things to do in denver when youre dead,film,1995.0,1995 film by Gary Fleder,86.64,86.64,1,1,"Denver, Colorado","Denver, Colorado","Denver, Colorado"
Under Siege 2: Dark Territory,Under Siege 2: Dark Territory,under siege 2 dark territory,film,1995.0,1995 American film,86.64,86.64,1,1,"Denver, Colorado","Denver, Colorado","Denver, Colorado"
Vanishing Point (1971 film),Vanishing Point,vanishing point,film,1971.0,1971 film directed by Richard C. Sarafian,86.64,86.64,1,1,"Denver, Colorado","Denver, Colorado","Denver, Colorado"
Slaughter (2009 film),Slaughter,slaughter,film,2009.0,2009 American film,86.64,86.64,1,1,"Atlanta, Georgia","Atlanta, Georgia","Atlanta, Georgia"
The Slugger's Wife,The Slugger's Wife,sluggers wife,film,1985.0,1985 film by Hal Ashby,86.64,86.64,1,1,"Atlanta, Georgia","Atlanta, Georgia","Atlanta, Georgia"
Snow on tha Bluff,Snow on tha Bluff,snow on tha bluff,film,2011.0,2011 film directed by Damon Russell,86.64,86.64,1,1,"Atlanta, Georgia","Atlanta, Georgia","Atlanta, Georgia"
Stomp the Yard,Stomp the Yard,stomp the yard,film,2007.0,2007 film by Sylvain White,86.64,86.64,1,1,"Atlanta, Georgia","Atlanta, Georgia","Atlanta, Georgia"
Game Night (film),Game Night,game night,film,2018.0,2018 film by John Francis Daley and Jonathan Goldstein,86.64,86.64,1,1,"Atlanta, Georgia","Atlanta, Georgia","Atlanta, Georgia"
Get Low (film),Get Low,get low,film,2010.0,2010 American drama film,86.64,86.64,1,1,"Atlanta, Georgia","Atlanta, Georgia","Atlanta, Georgia"
Lila & Eve,Lila & Eve,lila & eve,film,2015.0,2015 American film,86.64,86.64,1,1,"Atlanta, Georgia","Atlanta, Georgia","Atlanta, Georgia"
Pitch Perfect,Pitch Perfect,pitch perfect,film,2012.0,2012 film by Jason Moore,86.64,86.64,1,1,"Atlanta, Georgia","Atlanta, Georgia","Atlanta, Georgia"
Sabotage (2014 film),Sabotage,sabotage,film,2014.0,2014 film by David Ayer,86.64,86.64,1,1,"Atlanta, Georgia","Atlanta, Georgia","Atlanta, Georgia"
Little Darlings,Little Darlings,little darlings,film,1980.0,1980 teen comedy-drama film by Ronald F. Maxwell,86.64,86.64,1,1,"Atlanta, Georgia","Atlanta, Georgia","Atlanta, Georgia"
An American Marriage,An American Marriage,american marriage,novel,2018.0,2018 novel by Tayari Jones,86.64,86.64,1,1,"Atlanta, Georgia","Atlanta, Georgia","Atlanta, Georgia"
Martian Through Georgia,Martian Through Georgia,martian through georgia,film,1962.0,1962 film,86.64,86.64,1,1,"Atlanta, Georgia","Atlanta, Georgia","Atlanta, Georgia"
Meet the Browns (film),Meet the Browns,meet the browns,film,2008.0,2008 American romance film,86.64,86.64,1,1,"Atlanta, Georgia","Atlanta, Georgia","Atlanta, Georgia"
Meet Wally Sparks,Meet Wally Sparks,meet wally sparks,film,1997.0,1997 American comedy film,86.64,86.64,1,1,"Atlanta, Georgia","Atlanta, Georgia","Atlanta, Georgia"
No Good Deed (2014 film),No Good Deed,no good deed,film,2014.0,2014 American film,86.64,86.64,1,1,"Atlanta, Georgia","Atlanta, Georgia","Atlanta, Georgia"
Papa (2012 South Korean film),Papa,papa,film,2012.0,2012 South Korean film,86.64,86.64,1,1,"Atlanta, Georgia","Atlanta, Georgia","Atlanta, Georgia"
The Parallax View,The Parallax View,parallax view,film,1974.0,1974 US political thriller film by Alan J. Pakula,86.64,86.64,1,1,"Atlanta, Georgia","Atlanta, Georgia","Atlanta, Georgia"
Parental Guidance (film),Parental Guidance,parental guidance,film,2012.0,2012 film by Andy Fickman,86.64,86.64,1,1,"Atlanta, Georgia","Atlanta, Georgia","Atlanta, Georgia"
The Night Listener (film),The Night Listener,night listener,film,2006.0,2006 film by Patrick Stettner,86.64,86.64,1,1,"Madison, Wisconsin","Madison, Wisconsin","Madison, Wisconsin"
The Prince & Me,The Prince & Me,prince & me,film,2004.0,2004 American romantic comedy film,86.64,86.64,1,1,"Madison, Wisconsin","Madison, Wisconsin","Madison, Wisconsin"
About Schmidt,About Schmidt,about schmidt,film,2002.0,2002 American film,86.64,86.64,1,1,"Denver, Colorado","Denver, Colorado","Denver, Colorado"
Life of the Party (2018 film),Life of the Party,life of the party,film,2018.0,2018 film by Ben Falcone,86.64,86.64,1,1,"Atlanta, Georgia","Atlanta, Georgia","Atlanta, Georgia"
Life-Size 2,Life-Size 2,life-size 2,film,2018.0,2018 film directed by Steven Tsuchida,86.64,86.64,1,1,"Atlanta, Georgia","Atlanta, Georgia","Atlanta, Georgia"
This Kind of Trouble,This Kind of Trouble,this kind of trouble,novel,2025.0,2025 novel by Tochi Eze,86.64,86.64,1,1,"Atlanta, Georgia","Atlanta, Georgia","Atlanta, Georgia"
Through the Valley of the Nest of Spiders,Through the Valley of the Nest of Spiders,through the valley of the nest of spiders,novel,2012.0,2012 novel by Samuel R. Delany,86.64,86.64,1,1,"Atlanta, Georgia","Atlanta, Georgia","Atlanta, Georgia"
Triptych (Slaughter novel),Triptych (Slaughter novel),triptych slaughter novel,novel,2006.0,2006 novel by Karin Slaughter,86.64,86.64,1,1,"Atlanta, Georgia","Atlanta, Georgia","Atlanta, Georgia"
After the Fire Over Russia,After the Fire Over Russia,after the fire over russia,film,1929.0,1929 film,86.64,0.0,1,0,Russian Revolution,Russian Revolution,
Buddha's Little Finger (film),Buddha's Little Finger,buddhas little finger,film,2015.0,2015 film,86.64,0.0,1,0,Russian Revolution,Russian Revolution,
Darktown (novel),Darktown,darktown,novel,2016.0,2016 novel by Thomas Mullen,86.64,86.64,1,1,"Atlanta, Georgia","Atlanta, Georgia","Atlanta, Georgia"
Captive (2015 film),Captive,captive,film,2015.0,2015 American film,86.64,86.64,1,1,"Atlanta, Georgia","Atlanta, Georgia","Atlanta, Georgia"
The Change-Up,The Change-Up,change-up,film,2011.0,2011 film by David Dobkin,86.64,86.64,1,1,"Atlanta, Georgia","Atlanta, Georgia","Atlanta, Georgia"
Contagion (2011 film),Contagion,contagion,film,2011.0,American medical disaster thriller film by Steven Soderbergh,86.64,86.64,1,1,"Atlanta, Georgia","Atlanta, Georgia","Atlanta, Georgia"
Convergence (2015 film),Convergence,convergence,film,2015.0,2015 American film,86.64,86.64,1,1,"Atlanta, Georgia","Atlanta, Georgia","Atlanta, Georgia"
Crackheads Gone Wild,Crackheads Gone Wild,crackheads gone wild,film,2006.0,2006 American film,86.64,86.64,1,1,"Atlanta, Georgia","Atlanta, Georgia","Atlanta, Georgia"
Dashing Through the Snow,Dashing Through the Snow,dashing through the snow,film,2023.0,2023 film by Tim Story,86.64,86.64,1,1,"Atlanta, Georgia","Atlanta, Georgia","Atlanta, Georgia"
DeKalb Elementary,DeKalb Elementary,dekalb elementary,film,2017.0,2017 American film,86.64,86.64,1,1,"Atlanta, Georgia","Atlanta, Georgia","Atlanta, Georgia"
Strays (2023 film),Strays,strays,film,2023.0,American film by Josh Greenbaum,86.64,86.64,1,1,"Atlanta, Georgia","Atlanta, Georgia","Atlanta, Georgia"
Kinky (film),Kinky,kinky,film,2018.0,2018 American film,86.64,86.64,1,1,"Atlanta, Georgia","Atlanta, Georgia","Atlanta, Georgia"
The Affair of the Necklace,The Affair of the Necklace,affair of the necklace,film,2001.0,2001 film by Charles Shyer,86.42,86.42,1,1,Marie Antoinette,Marie Antoinette,Marie Antoinette
Royal Affairs in Versailles,Royal Affairs in Versailles,royal affairs in versailles,film,1954.0,1954 French film,86.42,86.42,1,1,Marie Antoinette,Marie Antoinette,Marie Antoinette
Chevalier (2022 film),Chevalier,chevalier,film,2022.0,American film by Stephen Williams,86.42,86.42,1,1,Marie Antoinette,Marie Antoinette,Marie Antoinette
Cagliostro (1929 film),Cagliostro,cagliostro,film,1929.0,1929 film,86.42,86.42,1,1,Marie Antoinette,Marie Antoinette,Marie Antoinette
Black Magic (1949 film),Black Magic,black magic,film,1949.0,1949 film,86.42,86.42,1,1,Marie Antoinette,Marie Antoinette,Marie Antoinette
L'Autrichienne (film),L'Autrichienne,lautrichienne,film,1990.0,1990 French film,86.42,86.42,1,1,Marie Antoinette,Marie Antoinette,Marie Antoinette
The Rose of Versailles (film),The Rose of Versailles,rose of versailles,film,2025.0,2025 film by Ai Yoshimura,86.42,86.42,1,1,Marie Antoinette,Marie Antoinette,Marie Antoinette
Marie Antoinette (2006 film),Marie Antoinette,marie antoinette,film,2006.0,2006 film directed by Sofia Coppola,86.42,86.42,1,1,Marie Antoinette,Marie Antoinette,Marie Antoinette
Marie Antoinette (1938 film),Marie Antoinette,marie antoinette,film,1938.0,1938 film by W. S. Van Dyke,86.42,86.42,1,1,Marie Antoinette,Marie Antoinette,Marie Antoinette
Lady Oscar (film),Lady Oscar,lady oscar,film,1979.0,1979 French-Japanese film,86.42,86.42,1,1,Marie Antoinette,Marie Antoinette,Marie Antoinette
The Flood (2024 film),The Flood,flood,film,2024.0,2024 film directed by Gianluca Jodice,86.42,86.42,1,1,Marie Antoinette,Marie Antoinette,Marie Antoinette
The Queen's Necklace (1929 film),The Queen's Necklace,queens necklace,film,1929.0,1929 film,86.42,86.42,1,1,Marie Antoinette,Marie Antoinette,Marie Antoinette
The Queen's Necklace (1946 film),The Queen's Necklace,queens necklace,film,1946.0,1946 French film,86.42,86.42,1,1,Marie Antoinette,Marie Antoinette,Marie Antoinette
"Marie Antoinette, the Love of a King","Marie Antoinette, the Love of a King",marie antoinette the love of a king,film,1922.0,1922 film,86.42,86.42,1,1,Marie Antoinette,Marie Antoinette,Marie Antoinette
Marie Antoinette Queen of France,Marie Antoinette Queen of France,marie antoinette queen of france,film,1956.0,1956 film,86.42,86.42,1,1,Marie Antoinette,Marie Antoinette,Marie Antoinette
"Farewell, My Queen","Farewell, My Queen",farewell my queen,film,2012.0,2012 film,86.42,86.42,1,1,Marie Antoinette,Marie Antoinette,Marie Antoinette
Albino Alligator,Albino Alligator,albino alligator,film,1996.0,1996 American film,86.29,0.0,1,0,New Orleans,New Orleans,
Fast Charlie,Fast Charlie,fast charlie,film,2023.0,2023 American film by Phillip Noyce,86.29,0.0,1,0,New Orleans,New Orleans,
Father of Invention,Father of Invention,father of invention,film,2010.0,2010 film,86.29,0.0,1,0,New Orleans,New Orleans,
The Adventures of the American Rabbit,The Adventures of the American Rabbit,adventures of the american rabbit,film,1986.0,1986 film directed by Fred Wolf and Nobutaka Nishizawa,86.29,0.0,1,0,New Orleans,New Orleans,
Adventures of Captain Fabian,Adventures of Captain Fabian,adventures of captain fabian,film,1951.0,1951 film by Robert Florey,86.29,0.0,1,0,New Orleans,New Orleans,
Captain Rebel,Captain Rebel,captain rebel,novel,1956.0,1956 novel,86.29,0.0,1,0,New Orleans,New Orleans,
Coming Through Slaughter,Coming Through Slaughter,coming through slaughter,novel,1976.0,1976 novel by Michael Ondaatje,86.29,0.0,1,0,New Orleans,New Orleans,
A Confederacy of Dunces,A Confederacy of Dunces,confederacy of dunces,novel,1980.0,1980 novel by John Kennedy Toole,86.29,0.0,1,0,New Orleans,New Orleans,
The Expendables (2010 film),The Expendables,expendables,film,2010.0,2010 film by Sylvester Stallone,86.29,0.0,1,0,New Orleans,New Orleans,
All Dogs Go to Heaven,All Dogs Go to Heaven,all dogs go to heaven,film,1989.0,1989 animated film directed by Don Bluth,86.29,0.0,1,0,New Orleans,New Orleans,
The Tin Roof Blowdown,The Tin Roof Blowdown,tin roof blowdown,novel,2007.0,2007 crime novel by James Lee Burke,86.29,0.0,1,0,New Orleans,New Orleans,
Dead and Alive (Koontz novel),Dead and Alive (Koontz novel),dead and alive koontz novel,novel,2009.0,2009 novel by Dean Koontz,86.29,0.0,1,0,New Orleans,New Orleans,
Definitely Dead,Definitely Dead,definitely dead,novel,2006.0,2006 book by Charlaine Harris,86.29,0.0,1,0,New Orleans,New Orleans,
Exquisite Corpse (novel),Exquisite Corpse,exquisite corpse,novel,1996.0,1996 novel by Poppy Z. Brite,86.29,0.0,1,0,New Orleans,New Orleans,
The Baltimore Bullet,The Baltimore Bullet,baltimore bullet,film,1980.0,1980 film by Robert Ellis Miller,86.29,0.0,1,0,New Orleans,New Orleans,
Armed Response (2017 film),Armed Response,armed response,film,2017.0,2017 American film,86.29,0.0,1,0,New Orleans,New Orleans,
Avenging Force,Avenging Force,avenging force,film,1986.0,1986 American action film,86.29,0.0,1,0,New Orleans,New Orleans,
Baller Blockin',Baller Blockin',baller blockin,film,2000.0,2000 American film,86.29,0.0,1,0,New Orleans,New Orleans,
The Beyond (1981 film),The Beyond,beyond,film,1981.0,1981 Italian supernatural horror film directed by Lucio Fulci,86.29,0.0,1,0,New Orleans,New Orleans,
The Big Easy (film),The Big Easy,big easy,film,1986.0,1986 film by Jim McBride,86.29,0.0,1,0,New Orleans,New Orleans,
Big Easy Queens,Big Easy Queens,big easy queens,film,2023.0,2023 American film,86.29,0.0,1,0,New Orleans,New Orleans,
Big Shark,Big Shark,big shark,film,2023.0,2023 American adventure film by Tommy Wiseau,86.29,0.0,1,0,New Orleans,New Orleans,
Bill & Ted Face the Music,Bill & Ted Face the Music,bill & ted face the music,film,2020.0,2020 science fiction comedy film,86.29,0.0,1,0,New Orleans,New Orleans,
Beasts of the Southern Wild,Beasts of the Southern Wild,beasts of the southern wild,film,2012.0,2012 film by Benh Zeitlin,86.29,0.0,1,0,New Orleans,New Orleans,
Bed of Roses (1933 film),Bed of Roses,bed of roses,film,1933.0,1933 film,86.29,0.0,1,0,New Orleans,New Orleans,
Belle of the Nineties,Belle of the Nineties,belle of the nineties,film,1934.0,1934 American Western film by Leo McCarey,86.29,0.0,1,0,New Orleans,New Orleans,
Manon Lescaut,Manon Lescaut,manon lescaut,novel,,1731 novel by Abbé Prévost,86.29,0.0,1,0,New Orleans,New Orleans,
Liquor (novel series),Liquor (novel series),liquor novel series,novel,2004.0,2004 novel series by Poppy Z. Brite,86.29,0.0,1,0,New Orleans,New Orleans,
Last Shot: A Final Four Mystery,Last Shot: A Final Four Mystery,last shot a final four mystery,novel,,Novel by John Feinstein,86.29,0.0,1,0,New Orleans,New Orleans,
Memnoch the Devil,Memnoch the Devil,memnoch the devil,novel,1995.0,1995 novel by Anne Rice,86.29,0.0,1,0,New Orleans,New Orleans,
The Passenger (McCarthy novel),The Passenger (McCarthy novel),passenger mccarthy novel,novel,2022.0,2022 novel by Cormac McCarthy,86.29,0.0,1,0,New Orleans,New Orleans,
The Neon Rain,The Neon Rain,neon rain,novel,1987.0,1987 novel by James Lee Burke,86.29,0.0,1,0,New Orleans,New Orleans,
Nick (novel),Nick,nick,novel,2021.0,2021 novel by Michael Farris Smith,86.29,0.0,1,0,New Orleans,New Orleans,
Out of the Easy,Out of the Easy,out of the easy,novel,,Young adult novel by Ruta Sepetys,86.29,0.0,1,0,New Orleans,New Orleans,
Saratoga Trunk (novel),Saratoga Trunk,saratoga trunk,novel,,Novel by Edna Ferber,86.29,0.0,1,0,New Orleans,New Orleans,
Prodigal Son (novel),Prodigal Son,prodigal son,novel,2005.0,2005 novel by Dean Koontz,86.29,0.0,1,0,New Orleans,New Orleans,
The Pelican Brief,The Pelican Brief,pelican brief,novel,,Novel by John Grisham,86.29,0.0,1,0,New Orleans,New Orleans,
Sarny (novel),Sarny,sarny,novel,1997.0,1997 novel by Gary Paulsen,86.29,0.0,1,0,New Orleans,New Orleans,
With This Ring (novel),With This Ring,with this ring,novel,,British Mystery Novel,86.29,0.0,1,0,New Orleans,New Orleans,
A Walk on the Wild Side,A Walk on the Wild Side,walk on the wild side,novel,1956.0,1956 novel by Nelson Algren,86.29,0.0,1,0,New Orleans,New Orleans,
Twelve Bar Blues (novel),Twelve Bar Blues,twelve bar blues,novel,2001.0,2001 novel by Patrick Neate,86.29,0.0,1,0,New Orleans,New Orleans,
Birth of the Blues,Birth of the Blues,birth of the blues,film,1941.0,1941 film by Victor Schertzinger,86.29,0.0,1,0,New Orleans,New Orleans,
The Broken Mask,The Broken Mask,broken mask,film,1928.0,1928 film,86.29,0.0,1,0,New Orleans,New Orleans,
Buccaneer's Girl,Buccaneer's Girl,buccaneers girl,film,1950.0,1950 film by Frederick de Cordova,86.29,0.0,1,0,New Orleans,New Orleans,
Bullet to the Head,Bullet to the Head,bullet to the head,film,2012.0,"2012 American film, director Walter Hill",86.29,0.0,1,0,New Orleans,New Orleans,
C'mon C'mon (film),C'mon C'mon,cmon cmon,film,2021.0,2021 American film,86.29,0.0,1,0,New Orleans,New Orleans,
The Feast of All Saints (novel),The Feast of All Saints,feast of all saints,novel,1979.0,1979 novel by Anne Rice,86.29,0.0,1,0,New Orleans,New Orleans,
Five Smooth Stones,Five Smooth Stones,five smooth stones,novel,1966.0,American novel by Ann Fairbairn published in 1966,86.29,0.0,1,0,New Orleans,New Orleans,
French Silk,French Silk,french silk,novel,,Book by Sandra Brown,86.29,0.0,1,0,New Orleans,New Orleans,
The Ghost Belonged to Me,The Ghost Belonged to Me,ghost belonged to me,novel,1975.0,1975 novel by Richard Peck,86.29,0.0,1,0,New Orleans,New Orleans,
The Haunted Showboat,The Haunted Showboat,haunted showboat,novel,1957.0,1957 novel by Carolyn Keene,86.29,0.0,1,0,New Orleans,New Orleans,
"Hitty, Her First Hundred Years","Hitty, Her First Hundred Years",hitty her first hundred years,novel,1929.0,1929 novel by Rachel Field,86.29,0.0,1,0,New Orleans,New Orleans,
Hotel (Hailey novel),Hotel (Hailey novel),hotel hailey novel,novel,1965.0,1965 novel by Arthur Hailey,86.29,0.0,1,0,New Orleans,New Orleans,
The Indigo Necklace,The Indigo Necklace,indigo necklace,novel,1945.0,1945 mystery novel by Frances Crane,86.29,0.0,1,0,New Orleans,New Orleans,
Interview with the Vampire,Interview with the Vampire,interview with the vampire,novel,1976.0,1976 novel by Anne Rice,86.29,0.0,1,0,New Orleans,New Orleans,
The Story of a Bad Boy,The Story of a Bad Boy,story of a bad boy,novel,1870.0,1870 book by Thomas Bailey Aldrich,86.29,0.0,1,0,New Orleans,New Orleans,
The Cutting Season,The Cutting Season,cutting season,novel,2012.0,2012 novel by Attica Locke,86.29,0.0,1,0,New Orleans,New Orleans,
Things We Lost to the Water,Things We Lost to the Water,things we lost to the water,novel,2021.0,2021 debut novel by Eric Nguyen,86.29,0.0,1,0,New Orleans,New Orleans,
Arizona to Broadway,Arizona to Broadway,arizona to broadway,film,1933.0,1933 film,86.29,0.0,1,0,New Orleans,New Orleans,
Angel Heart,Angel Heart,angel heart,film,1987.0,1987 film by Alan Parker,86.29,0.0,1,0,New Orleans,New Orleans,
American Heist,American Heist,american heist,film,2014.0,2014 film,86.29,0.0,1,0,New Orleans,New Orleans,
Created Equal (film),Created Equal,created equal,film,2017.0,2017 American film,86.29,0.0,1,0,New Orleans,New Orleans,
Contraband (2012 film),Contraband,contraband,film,2012.0,2012 film by Baltasar Kormákur,86.29,0.0,1,0,New Orleans,New Orleans,
The Cincinnati Kid,The Cincinnati Kid,cincinnati kid,film,1965.0,1965 sports drama film by Norman Jewison,86.29,0.0,1,0,New Orleans,New Orleans,
Christmas Holiday,Christmas Holiday,christmas holiday,film,1944.0,"1944 film by Robert Siodmak, Felix Jackson",86.29,0.0,1,0,New Orleans,New Orleans,
Chef (2014 film),Chef,chef,film,2014.0,Comedy film by Jon Favreau,86.29,0.0,1,0,New Orleans,New Orleans,
The Chaperone (2011 film),The Chaperone,chaperone,film,2011.0,Film by Stephen Herek,86.29,0.0,1,0,New Orleans,New Orleans,
The Channel (film),The Channel,channel,film,2023.0,2023 American film,86.29,0.0,1,0,New Orleans,New Orleans,
Cat People (1982 film),Cat People,cat people,film,1982.0,1982 film by Paul Schrader,86.29,0.0,1,0,New Orleans,New Orleans,
Candyman: Farewell to the Flesh,Candyman: Farewell to the Flesh,candyman farewell to the flesh,film,1995.0,1995 film by Bill Condon,86.29,0.0,1,0,New Orleans,New Orleans,
Dark Angel (1996 film),Dark Angel,dark angel,film,1996.0,American thriller film by Robert Iscove,86.29,0.0,1,0,New Orleans,New Orleans,
Déjà Vu (2006 film),Déjà Vu,deja vu,film,2006.0,2006 film by Tony Scott,86.29,0.0,1,0,New Orleans,New Orleans,
Dixiana (film),Dixiana,dixiana,film,1930.0,1930 film directed by Luther Reed,86.29,0.0,1,0,New Orleans,New Orleans,
Dixie (film),Dixie,dixie,film,1943.0,1943 film by A. Edward Sutherland,86.29,0.0,1,0,New Orleans,New Orleans,
Fighting with My Family,Fighting with My Family,fighting with my family,film,2019.0,2019 film by Stephen Merchant,86.29,0.0,1,0,New Orleans,New Orleans,
Fire with Fire (2012 film),Fire with Fire,fire with fire,film,2012.0,2012 American action thriller film by David Barrett,86.29,0.0,1,0,New Orleans,New Orleans,
The Flame of New Orleans,The Flame of New Orleans,flame of new orleans,film,1941.0,1941 film,86.29,0.0,1,0,New Orleans,New Orleans,
Flame of the Argentine,Flame of the Argentine,flame of the argentine,film,1926.0,1926 film,86.29,0.0,1,0,New Orleans,New Orleans,
Docks of New Orleans,Docks of New Orleans,docks of new orleans,film,1948.0,1948 film by Derwin Abrahams,86.29,0.0,1,0,New Orleans,New Orleans,
Double Jeopardy (1999 film),Double Jeopardy,double jeopardy,film,1999.0,1999 crime thriller film by Bruce Beresford,86.29,0.0,1,0,New Orleans,New Orleans,
Double Trouble (1984 film),Double Trouble,double trouble,film,1984.0,1984 Italian film,86.29,0.0,1,0,New Orleans,New Orleans,
Down by Law (film),Down by Law,down by law,film,1986.0,1986 film by Jim Jarmusch,86.29,0.0,1,0,New Orleans,New Orleans,
Dracula 2000,Dracula 2000,dracula 2000,film,2000.0,2000 film by Patrick Lussier,86.29,0.0,1,0,New Orleans,New Orleans,
Dragon Eyes,Dragon Eyes,dragon eyes,film,2012.0,2012 film by John Hyams,86.29,0.0,1,0,New Orleans,New Orleans,
Drum (1976 film),Drum,drum,film,1976.0,1976 film by Steve Carver,86.29,0.0,1,0,New Orleans,New Orleans,
Elsa & Fred (2014 film),Elsa & Fred,elsa & fred,film,2014.0,2014 American film,86.29,0.0,1,0,New Orleans,New Orleans,
Escape Plan (film),Escape Plan,escape plan,film,2013.0,2013 American prison action thriller film by Mikael Håfström,86.29,0.0,1,0,New Orleans,New Orleans,
Black and Blue (2019 film),Black and Blue,black and blue,film,2019.0,Film directed by Deon Taylor,86.29,0.0,1,0,New Orleans,New Orleans,
Black as Night,Black as Night,black as night,film,2021.0,2021 Horror film directed by Mariette Lee Go,86.29,0.0,1,0,New Orleans,New Orleans,
Blue Bayou (film),Blue Bayou,blue bayou,film,2021.0,2021 American film,86.29,0.0,1,0,New Orleans,New Orleans,
Daddy's Home (film),Daddy's Home,daddys home,film,2015.0,2015 buddy comedy film,86.29,0.0,1,0,New Orleans,New Orleans,
The Curious Case of Benjamin Button (film),The Curious Case of Benjamin Button,curious case of benjamin button,film,2008.0,2008 film by David Fincher,86.29,0.0,1,0,New Orleans,New Orleans,
The Crimson Gardenia,The Crimson Gardenia,crimson gardenia,film,1919.0,1919 American film,86.29,0.0,1,0,New Orleans,New Orleans,
Ghetto Stories (film),Ghetto Stories,ghetto stories,film,2010.0,2010 film directed by John McDougall,86.29,0.0,1,0,New Orleans,New Orleans,
The Gambler from Natchez,The Gambler from Natchez,gambler from natchez,film,1954.0,1954 film by Henry Levin,86.29,0.0,1,0,New Orleans,New Orleans,
Galveston (film),Galveston,galveston,film,2018.0,2018 American film,86.29,0.0,1,0,New Orleans,New Orleans,
The Fugitive Kind,The Fugitive Kind,fugitive kind,film,1960.0,1960 film by Sidney Lumet,86.29,0.0,1,0,New Orleans,New Orleans,
French Quarter (film),French Quarter,french quarter,film,1978.0,1978 American film,86.29,0.0,1,0,New Orleans,New Orleans,
Freedia Got a Gun,Freedia Got a Gun,freedia got a gun,film,2020.0,2020 American film,86.29,0.0,1,0,New Orleans,New Orleans,
Frankie and Johnny (1966 film),Frankie and Johnny,frankie and johnny,film,1966.0,1966 film by Frederick de Cordova,86.29,0.0,1,0,New Orleans,New Orleans,
The Foxes of Harrow,The Foxes of Harrow,foxes of harrow,film,1947.0,1947 film by John M. Stahl,86.29,0.0,1,0,New Orleans,New Orleans,
Focus (2015 film),Focus,focus,film,2015.0,2015 American film,86.29,0.0,1,0,New Orleans,New Orleans,
Buddy (Herlong novel),Buddy (Herlong novel),buddy herlong novel,novel,2012.0,2012 novel by M.H. Herlong,86.29,0.0,1,0,New Orleans,New Orleans,
8 Ball Bunny,8 Ball Bunny,8 ball bunny,film,1950.0,1950 film by Chuck Jones,86.29,0.0,1,0,New Orleans,New Orleans,
13 Sins,13 Sins,13 sins,film,2014.0,2014 film by Daniel Stamm,86.29,0.0,1,0,New Orleans,New Orleans,
Abbott and Costello Go to Mars,Abbott and Costello Go to Mars,abbott and costello go to mars,film,1953.0,1953 film by Charles Lamont,86.29,0.0,1,0,New Orleans,New Orleans,
The Invisible Host,The Invisible Host,invisible host,novel,1930.0,1930 novel by Gwen Bristow and Bruce Manning,86.29,0.0,1,0,New Orleans,New Orleans,
Island Beneath the Sea,Island Beneath the Sea,island beneath the sea,novel,2009.0,2009 novel by Isabel Allende,86.29,0.0,1,0,New Orleans,New Orleans,
Jitterbug Perfume,Jitterbug Perfume,jitterbug perfume,novel,1984.0,1984 novel by Tom Robbins,86.29,0.0,1,0,New Orleans,New Orleans,
Joy (Hunt novel),Joy (Hunt novel),joy hunt novel,novel,1990.0,1990 novel by Marsha Hunt,86.29,0.0,1,0,New Orleans,New Orleans,
Girls Trip,Girls Trip,girls trip,film,2017.0,2017 American film by Malcolm D. Lee,86.29,0.0,1,0,New Orleans,New Orleans,
Glory Alley,Glory Alley,glory alley,film,1952.0,1952 American film by Raoul Walsh,86.29,0.0,1,0,New Orleans,New Orleans,
God's Gift,God's Gift,gods gift,film,2006.0,2006 film directed by Master P,86.29,0.0,1,0,New Orleans,New Orleans,
The Gun in Betty Lou's Handbag,The Gun in Betty Lou's Handbag,gun in betty lous handbag,film,1992.0,1992 film by Allan Moyle,86.29,0.0,1,0,New Orleans,New Orleans,
Hands of Stone,Hands of Stone,hands of stone,film,2016.0,2016 film,86.29,0.0,1,0,New Orleans,New Orleans,
Addie Pray,Addie Pray,addie pray,novel,1971.0,1971 novel by Joe David Brown,86.29,0.0,1,0,New Orleans,New Orleans,
The Awakening (Chopin novel),The Awakening (Chopin novel),awakening chopin novel,novel,1899.0,1899 novel by Kate Chopin,86.29,0.0,1,0,New Orleans,New Orleans,
Balefire (novel series),Balefire (novel series),balefire novel series,novel,,Fantasy novel series,86.29,0.0,1,0,New Orleans,New Orleans,
The Black God's Drums,The Black God's Drums,black gods drums,novel,2018.0,2018 speculative fiction novella by P. Djèlí Clark,86.29,0.0,1,0,New Orleans,New Orleans,
Black Sunday (novel),Black Sunday,black sunday,novel,1975.0,1975 novel by American writer Thomas Harris,86.29,0.0,1,0,New Orleans,New Orleans,
Blackwood Farm,Blackwood Farm,blackwood farm,novel,2002.0,2002 novel by Anne Rice,86.29,0.0,1,0,New Orleans,New Orleans,
Blood Canticle,Blood Canticle,blood canticle,novel,2003.0,2003 novel by Anne Rice,86.29,0.0,1,0,New Orleans,New Orleans,
Sangdil,Sangdil,sangdil,film,1952.0,1952 film by R.C. Talwar,86.25,0.0,1,0,Jane Eyre,Jane Eyre,
Orphan of Lowood,Orphan of Lowood,orphan of lowood,film,1926.0,1926 film,86.25,0.0,1,0,Jane Eyre,Jane Eyre,
Woman and Wife,Woman and Wife,woman and wife,film,1918.0,1918 film,86.25,0.0,1,0,Jane Eyre,Jane Eyre,
Shanti Nilayam,Shanti Nilayam,shanti nilayam,film,1969.0,1969 Indian film,86.25,0.0,1,0,Jane Eyre,Jane Eyre,
Jane Eyre (1910 film),Jane Eyre,jane eyre,film,1910.0,1910 American film,86.25,0.0,1,0,Jane Eyre,Jane Eyre,
Jane Eyre (1934 film),Jane Eyre,jane eyre,film,1934.0,1934 film by Christy Cabanne,86.25,0.0,1,0,Jane Eyre,Jane Eyre,
Jane Eyre (1943 film),Jane Eyre,jane eyre,film,1943.0,Film by Robert Stevenson,86.25,0.0,1,0,Jane Eyre,Jane Eyre,
Jane Eyre (1970 film),Jane Eyre,jane eyre,film,1970.0,1970 British film,86.25,0.0,1,0,Jane Eyre,Jane Eyre,
Jane Eyre (2011 film),Jane Eyre,jane eyre,film,2011.0,2011 film by Cary Joji Fukunaga,86.25,0.0,1,0,Jane Eyre,Jane Eyre,
Jane Eyre (1996 film),Jane Eyre,jane eyre,film,1996.0,1996 film directed by Franco Zeffirelli,86.25,0.0,1,0,Jane Eyre,Jane Eyre,
Bedi Bandavalu,Bedi Bandavalu,bedi bandavalu,film,1968.0,1968 Indian film,86.25,0.0,1,0,Jane Eyre,Jane Eyre,
I Walked with a Zombie,I Walked with a Zombie,i walked with a zombie,film,1943.0,1943 film by Jacques Tourneur,86.25,0.0,1,0,Jane Eyre,Jane Eyre,
Einstein's Cosmos,Einstein's Cosmos,einsteins cosmos,novel,2004.0,2004 book by Michio Kaku,86.23,0.0,1,0,Albert Einstein,Albert Einstein,
Einstein in Oxford,Einstein in Oxford,einstein in oxford,novel,2024.0,2024 book by Andrew Robinson,86.23,0.0,1,0,Albert Einstein,Albert Einstein,
Einstein on the Run,Einstein on the Run,einstein on the run,novel,2019.0,2019 book by Andrew Robinson,86.23,0.0,1,0,Albert Einstein,Albert Einstein,
Albert Einstein: Creator and Rebel,Albert Einstein: Creator and Rebel,albert einstein creator and rebel,novel,,Book by Banesh Hoffmann,86.23,0.0,1,0,Albert Einstein,Albert Einstein,
Einstein and Religion,Einstein and Religion,einstein and religion,novel,1999.0,1999 book by Max Jammer,86.23,0.0,1,0,Albert Einstein,Albert Einstein,
Einstein: His Life and Universe,Einstein: His Life and Universe,einstein his life and universe,novel,,Book by Walter Isaacson,86.23,0.0,1,0,Albert Einstein,Albert Einstein,
I Am Albert Einstein,I Am Albert Einstein,i am albert einstein,novel,,Book by Brad Meltzer,86.23,0.0,1,0,Albert Einstein,Albert Einstein,
On Ayn Rand,On Ayn Rand,on ayn rand,novel,,Book by Allan Gotthelf,86.2,86.2,1,1,Ayn Rand,Ayn Rand,Ayn Rand
Ayn Rand: The Russian Radical,Ayn Rand: The Russian Radical,ayn rand the russian radical,novel,,Book by Chris Matthew Sciabarra,86.2,86.2,1,1,Ayn Rand,Ayn Rand,Ayn Rand
Who Is Ayn Rand?,Who Is Ayn Rand?,who is ayn rand,novel,1962.0,1962 book by Nathaniel and Barbara Branden,86.2,86.2,1,1,Ayn Rand,Ayn Rand,Ayn Rand
Objectivism: The Philosophy of Ayn Rand,Objectivism: The Philosophy of Ayn Rand,objectivism the philosophy of ayn rand,novel,1991.0,1991 book by Leonard Peikoff,86.2,86.2,1,1,Ayn Rand,Ayn Rand,Ayn Rand
Breaking the Heart of the World,Breaking the Heart of the World,breaking the heart of the world,novel,2001.0,2001 book by John M. Cooper,86.1,86.1,1,1,Woodrow Wilson,Woodrow Wilson,Woodrow Wilson
Edith and Woodrow,Edith and Woodrow,edith and woodrow,novel,2001.0,2001 book by Phyllis Lee Levin,86.1,86.1,1,1,Woodrow Wilson,Woodrow Wilson,Woodrow Wilson
Vanity Fair (1932 film),Vanity Fair,vanity fair,film,1932.0,1932 film,86.0,86.0,1,1,Vanity Fair,Vanity Fair,Vanity Fair
Becky Sharp (film),Becky Sharp,becky sharp,film,1935.0,"1935 film by Rouben Mamoulian, Lowell Sherman",86.0,86.0,1,1,Vanity Fair,Vanity Fair,Vanity Fair
Vanity Fair (1911 film),Vanity Fair,vanity fair,film,1911.0,1911 American film,86.0,86.0,1,1,Vanity Fair,Vanity Fair,Vanity Fair
Vanity Fair (1915 film),Vanity Fair,vanity fair,film,1915.0,1915 film,86.0,86.0,1,1,Vanity Fair,Vanity Fair,Vanity Fair
Vanity Fair (1922 film),Vanity Fair,vanity fair,film,1922.0,1922 film,86.0,86.0,1,1,Vanity Fair,Vanity Fair,Vanity Fair
Vanity Fair (1923 film),Vanity Fair,vanity fair,film,1923.0,1923 film,86.0,86.0,1,1,Vanity Fair,Vanity Fair,Vanity Fair
Vanity Fair (2004 film),Vanity Fair,vanity fair,film,2004.0,2004 film,86.0,86.0,1,1,Vanity Fair,Vanity Fair,Vanity Fair
Trailer Park Boys: The Movie,Trailer Park Boys: The Movie,trailer park boys the movie,film,2006.0,2006 Canadian film,85.87,85.87,1,1,Nova Scotia,Nova Scotia,Nova Scotia
Weirdos (film),Weirdos,weirdos,film,2016.0,2016 Canadian film,85.87,85.87,1,1,Nova Scotia,Nova Scotia,Nova Scotia
World War Z (film),World War Z,world war z,film,2013.0,2013 film by Marc Forster,85.87,85.87,1,1,Nova Scotia,Nova Scotia,Nova Scotia
Wildhood,Wildhood,wildhood,film,2021.0,2021 Canadian coming-of-age film,85.87,85.87,1,1,Nova Scotia,Nova Scotia,Nova Scotia
Yellow Canary (film),Yellow Canary,yellow canary,film,1943.0,1943 film by Herbert Wilcox,85.87,85.87,1,1,Nova Scotia,Nova Scotia,Nova Scotia
Trailer Park Boys: Don't Legalize It,Trailer Park Boys: Don't Legalize It,trailer park boys dont legalize it,film,2014.0,2014 Canadian film,85.87,85.87,1,1,Nova Scotia,Nova Scotia,Nova Scotia
Hailey Rose,Hailey Rose,hailey rose,film,2023.0,2023 Canadian comedy-drama film,85.87,85.87,1,1,Nova Scotia,Nova Scotia,Nova Scotia
Goon: Last of the Enforcers,Goon: Last of the Enforcers,goon last of the enforcers,film,2017.0,2017 Canadian film,85.87,85.87,1,1,Nova Scotia,Nova Scotia,Nova Scotia
The Hanging Garden (film),The Hanging Garden,hanging garden,film,1997.0,1997 British-Canadian film,85.87,85.87,1,1,Nova Scotia,Nova Scotia,Nova Scotia
Werewolf (2016 film),Werewolf,werewolf,film,2016.0,2016 film,85.87,85.87,1,1,Nova Scotia,Nova Scotia,Nova Scotia
Take This Waltz (film),Take This Waltz,take this waltz,film,2011.0,2011 film by Sarah Polley,85.87,85.87,1,1,Nova Scotia,Nova Scotia,Nova Scotia
The Story of Adele H.,The Story of Adele H.,story of adele h.,film,1975.0,1975 film by François Truffaut,85.87,85.87,1,1,Nova Scotia,Nova Scotia,Nova Scotia
Speak It! From the Heart of Black Nova Scotia,Speak It! From the Heart of Black Nova Scotia,speak it from the heart of black nova scotia,film,1992.0,1992 Canadian film,85.87,85.87,1,1,Nova Scotia,Nova Scotia,Nova Scotia
Something About Love (film),Something About Love,something about love,film,1988.0,1988 film,85.87,85.87,1,1,Nova Scotia,Nova Scotia,Nova Scotia
Self Defense (1983 film),Self Defense,self defense,film,1983.0,1983 Canadian film,85.87,85.87,1,1,Nova Scotia,Nova Scotia,Nova Scotia
Goin' Down the Road,Goin' Down the Road,goin down the road,film,1970.0,1970 Canadian film,85.87,85.87,1,1,Nova Scotia,Nova Scotia,Nova Scotia
"Dawn, Her Dad and the Tractor","Dawn, Her Dad and the Tractor",dawn her dad and the tractor,film,2021.0,2021 Canadian drama film,85.87,85.87,1,1,Nova Scotia,Nova Scotia,Nova Scotia
Monica's News,Monica's News,monicas news,film,2024.0,2024 Canadian film,85.87,85.87,1,1,Nova Scotia,Nova Scotia,Nova Scotia
The Neptune Factor,The Neptune Factor,neptune factor,film,1973.0,1973 film by Daniel Petrie,85.87,85.87,1,1,Nova Scotia,Nova Scotia,Nova Scotia
My Bloody Valentine (film),My Bloody Valentine,my bloody valentine,film,1981.0,1981 Canadian slasher film,85.87,85.87,1,1,Nova Scotia,Nova Scotia,Nova Scotia
Moving Day (2012 film),Moving Day,moving day,film,2012.0,2012 Canadian film,85.87,85.87,1,1,Nova Scotia,Nova Scotia,Nova Scotia
Across the Line (2015 film),Across the Line,across the line,film,2015.0,2015 Canadian film,85.87,85.87,1,1,Nova Scotia,Nova Scotia,Nova Scotia
At the Place of Ghosts,At the Place of Ghosts,at the place of ghosts,film,2025.0,2025 Canadian thriller film,85.87,85.87,1,1,Nova Scotia,Nova Scotia,Nova Scotia
The Bay Boy,The Bay Boy,bay boy,film,1984.0,1984 film,85.87,85.87,1,1,Nova Scotia,Nova Scotia,Nova Scotia
Blackbird (2012 film),Blackbird,blackbird,film,2012.0,2012 Canadian film,85.87,85.87,1,1,Nova Scotia,Nova Scotia,Nova Scotia
Cloudburst (2011 film),Cloudburst,cloudburst,film,2011.0,Canadian-American comedy-drama film,85.87,85.87,1,1,Nova Scotia,Nova Scotia,Nova Scotia
Maudie (film),Maudie,maudie,film,2016.0,2016 film,85.87,85.87,1,1,Nova Scotia,Nova Scotia,Nova Scotia
Mass for Shut-Ins,Mass for Shut-Ins,mass for shut-ins,film,2017.0,2017 Canadian film directed by Winston DeGiobbi,85.87,85.87,1,1,Nova Scotia,Nova Scotia,Nova Scotia
Marion Bridge (film),Marion Bridge,marion bridge,film,2002.0,2002 Canadian film,85.87,85.87,1,1,Nova Scotia,Nova Scotia,Nova Scotia
Margaret's Museum,Margaret's Museum,margarets museum,film,1995.0,1995 film by Mort Ransen,85.87,85.87,1,1,Nova Scotia,Nova Scotia,Nova Scotia
Look at Me (2024 film),Look at Me,look at me,film,2024.0,2024 Canadian comedy-drama film,85.87,85.87,1,1,Nova Scotia,Nova Scotia,Nova Scotia
The Queen of My Dreams,The Queen of My Dreams,queen of my dreams,film,2023.0,2023 Canadian-Pakistani drama film,85.87,85.87,1,1,Nova Scotia,Nova Scotia,Nova Scotia
Poor Boy's Game,Poor Boy's Game,poor boys game,film,,Canadian drama film by Clement virgo,85.87,85.87,1,1,Nova Scotia,Nova Scotia,Nova Scotia
Pit Pony (film),Pit Pony,pit pony,film,1997.0,1997 Canadian film,85.87,85.87,1,1,Nova Scotia,Nova Scotia,Nova Scotia
Pirate's Passage,Pirate's Passage,pirates passage,film,2015.0,2015 Canadian animated adventure film,85.87,85.87,1,1,Nova Scotia,Nova Scotia,Nova Scotia
Peace by Chocolate (film),Peace by Chocolate,peace by chocolate,film,2021.0,2021 Canadian film,85.87,85.87,1,1,Nova Scotia,Nova Scotia,Nova Scotia
Night Blooms,Night Blooms,night blooms,film,2021.0,2021 Canadian film,85.87,85.87,1,1,Nova Scotia,Nova Scotia,Nova Scotia
New Waterford Girl,New Waterford Girl,new waterford girl,film,1999.0,1999 film by Allan Moyle,85.87,85.87,1,1,Nova Scotia,Nova Scotia,Nova Scotia
Evangeline (1914 film),Evangeline,evangeline,film,1914.0,1914 Canadian film,85.87,85.87,1,1,Nova Scotia,Nova Scotia,Nova Scotia
Echoes of a Summer,Echoes of a Summer,echoes of a summer,film,1976.0,1976 film by Don Taylor,85.87,85.87,1,1,Nova Scotia,Nova Scotia,Nova Scotia
Don't Knock the Ox,Don't Knock the Ox,dont knock the ox,film,1970.0,1970 film by Tony Ianzelo,85.87,85.87,1,1,Nova Scotia,Nova Scotia,Nova Scotia
The Third Walker,The Third Walker,third walker,film,1978.0,1978 Canadian film,85.87,85.87,1,1,Nova Scotia,Nova Scotia,Nova Scotia
Kung Fu Elliot,Kung Fu Elliot,kung fu elliot,film,2014.0,2014 Canadian film,85.87,85.87,1,1,Nova Scotia,Nova Scotia,Nova Scotia
The Kidnappers,The Kidnappers,kidnappers,film,1953.0,1953 film,85.87,85.87,1,1,Nova Scotia,Nova Scotia,Nova Scotia
High Tide at Noon,High Tide at Noon,high tide at noon,film,1957.0,1957 film,85.87,85.87,1,1,Nova Scotia,Nova Scotia,Nova Scotia
The Healer (2016 film),The Healer,healer,film,2016.0,2016 Spanish-Canadian-American film,85.87,85.87,1,1,Nova Scotia,Nova Scotia,Nova Scotia
Trailer Park Boys: Countdown to Liquor Day,Trailer Park Boys: Countdown to Liquor Day,trailer park boys countdown to liquor day,film,2009.0,2009 film by Mike Clattenburg,85.87,85.87,1,1,Nova Scotia,Nova Scotia,Nova Scotia
Little Lorraine (film),Little Lorraine,little lorraine,film,2025.0,2025 Canadian crime drama film,85.87,85.87,1,1,Nova Scotia,Nova Scotia,Nova Scotia
Life Classes,Life Classes,life classes,film,1987.0,1987 Canadian film,85.87,85.87,1,1,Nova Scotia,Nova Scotia,Nova Scotia
Lakeview (film),Lakeview,lakeview,film,2024.0,2024 Canadian film,85.87,85.87,1,1,Nova Scotia,Nova Scotia,Nova Scotia
To the Moon (2024 film),To the Moon,to the moon,film,2024.0,2024 Canadian film,85.87,85.87,1,1,Nova Scotia,Nova Scotia,Nova Scotia
Touch & Go (2002 film),Touch & Go,touch & go,film,2002.0,Canadian comedy film,85.87,85.87,1,1,Nova Scotia,Nova Scotia,Nova Scotia
Childhoods (film),Childhoods,childhoods,film,2007.0,2007 French film,85.73,0.0,1,0,Orson Welles,Orson Welles,
Me and Orson Welles,Me and Orson Welles,me and orson welles,film,2008.0,2008 film,85.73,0.0,1,0,Orson Welles,Orson Welles,
Mank,Mank,mank,film,2020.0,2020 film by David Fincher,85.73,0.0,1,0,Orson Welles,Orson Welles,
Cradle Will Rock,Cradle Will Rock,cradle will rock,film,1999.0,1999 American historical drama film,85.73,0.0,1,0,Orson Welles,Orson Welles,
Fade to Black (2006 film),Fade to Black,fade to black,film,2006.0,2006 British film,85.73,0.0,1,0,Orson Welles,Orson Welles,
RKO 281,RKO 281,rko 281,film,1999.0,1999 film by Benjamin Ross about the making of Citizen Kane (1941),85.73,0.0,1,0,Orson Welles,Orson Welles,
A Very Natural Thing,A Very Natural Thing,very natural thing,film,1974.0,1974 American film,85.72,85.72,1,1,Cape Cod,Cape Cod,Cape Cod
Year by the Sea,Year by the Sea,year by the sea,film,2016.0,2016 American film,85.72,85.72,1,1,Cape Cod,Cape Cod,Cape Cod
Wild About Harry (2009 film),Wild About Harry,wild about harry,film,2009.0,2009 American film,85.72,85.72,1,1,Cape Cod,Cape Cod,Cape Cod
The Lightkeepers,The Lightkeepers,lightkeepers,film,2009.0,2009 film by Daniel Adams,85.72,85.72,1,1,Cape Cod,Cape Cod,Cape Cod
The Golden Boys,The Golden Boys,golden boys,film,2008.0,2008 American film,85.72,85.72,1,1,Cape Cod,Cape Cod,Cape Cod
Chappaquiddick (film),Chappaquiddick,chappaquiddick,film,2017.0,2017 film by John Curran,85.72,85.72,1,1,Cape Cod,Cape Cod,Cape Cod
Where Are the Children?,Where Are the Children?,where are the children,film,1986.0,1986 American film,85.72,85.72,1,1,Cape Cod,Cape Cod,Cape Cod
That's My Boy (2012 film),That's My Boy,thats my boy,film,2012.0,2012 film by Sean Anders,85.72,85.72,1,1,Cape Cod,Cape Cod,Cape Cod
Summer of Mesa,Summer of Mesa,summer of mesa,film,2020.0,2020 American film,85.72,85.72,1,1,Cape Cod,Cape Cod,Cape Cod
Men in Black II,Men in Black II,men in black ii,film,2002.0,2002 science fiction action film directed by Barry Sonnenfeld,85.72,85.72,1,1,Cape Cod,Cape Cod,Cape Cod
Remain (film),Remain,remain,film,,Upcoming film by M. Night Shyamalan,85.72,85.72,1,1,Cape Cod,Cape Cod,Cape Cod
Daisy Kenyon,Daisy Kenyon,daisy kenyon,film,1947.0,1947 film by Otto Preminger,85.72,85.72,1,1,Cape Cod,Cape Cod,Cape Cod
The Finest Hours (2016 film),The Finest Hours,finest hours,film,2016.0,2016 film by Craig Gillespie,85.72,85.72,1,1,Cape Cod,Cape Cod,Cape Cod
Arjun (2004 film),Arjun,arjun,film,2004.0,2004 film by Gunasekhar,85.61,85.61,1,1,Madura Island,Madura Island,Madura Island
Aarvam,Aarvam,aarvam,film,2010.0,2010 Indian film,85.61,85.61,1,1,Madura Island,Madura Island,Madura Island
Karuppu Pulsar,Karuppu Pulsar,karuppu pulsar,film,2026.0,2026 Tamil film,85.61,85.61,1,1,Madura Island,Madura Island,Madura Island
Atrangi Re,Atrangi Re,atrangi re,film,2021.0,2021 film by Aanand L. Rai,85.61,85.61,1,1,Madura Island,Madura Island,Madura Island
Aadukalam,Aadukalam,aadukalam,film,2011.0,2011 film by Vetrimaaran,85.61,85.61,1,1,Madura Island,Madura Island,Madura Island
The Adamant Girl,The Adamant Girl,adamant girl,film,2024.0,2024 Indian film,85.61,85.61,1,1,Madura Island,Madura Island,Madura Island
Thagaraaru,Thagaraaru,thagaraaru,film,2013.0,2013 Indian film by Ganesh Vinaayac,85.61,85.61,1,1,Madura Island,Madura Island,Madura Island
Jigarthanda (2014 film),Jigarthanda,jigarthanda,film,2014.0,2014 Indian film by Karthik Subbaraj,85.61,85.61,1,1,Madura Island,Madura Island,Madura Island
Jagame Thandhiram,Jagame Thandhiram,jagame thandhiram,film,2021.0,2021 film by Karthik Subbaraj,85.61,85.61,1,1,Madura Island,Madura Island,Madura Island
Billa Pandi,Billa Pandi,billa pandi,film,2018.0,2018 Indian Tamil-language film,85.61,85.61,1,1,Madura Island,Madura Island,Madura Island
Goripalayam,Goripalayam,goripalayam,film,2010.0,2010 Indian film,85.61,85.61,1,1,Madura Island,Madura Island,Madura Island
Goa (2010 film),Goa,goa,film,2010.0,2010 film by Venkat Prabhu,85.61,85.61,1,1,Madura Island,Madura Island,Madura Island
Gemini Ganeshanum Suruli Raajanum,Gemini Ganeshanum Suruli Raajanum,gemini ganeshanum suruli raajanum,film,2017.0,2017 Indian Tamil-language film by Odam Ilavarasu,85.61,85.61,1,1,Madura Island,Madura Island,Madura Island
Dhandayuthapani,Dhandayuthapani,dhandayuthapani,film,2007.0,2007 Indian film,85.61,85.61,1,1,Madura Island,Madura Island,Madura Island
Devarattam,Devarattam,devarattam,film,2019.0,2019 Indian action drama film by M. Muthaiah,85.61,85.61,1,1,Madura Island,Madura Island,Madura Island
C/O Kaadhal,C/O Kaadhal,c/o kaadhal,film,2021.0,2021 film directed by Hemambar Jasthi,85.61,85.61,1,1,Madura Island,Madura Island,Madura Island
Karnan (2021 film),Karnan,karnan,film,2021.0,2021 film by Mari Selvaraj,85.61,85.61,1,1,Madura Island,Madura Island,Madura Island
Kaalakkoothu,Kaalakkoothu,kaalakkoothu,film,2018.0,2018 Indian film,85.61,85.61,1,1,Madura Island,Madura Island,Madura Island
Kannadadda Kiran Bedi,Kannadadda Kiran Bedi,kannadadda kiran bedi,film,2009.0,2009 Indian film,85.61,85.61,1,1,Madura Island,Madura Island,Madura Island
Kombuseevi,Kombuseevi,kombuseevi,film,2025.0,2025 Tamil gangster drama film,85.61,85.61,1,1,Madura Island,Madura Island,Madura Island
Kullanari Koottam,Kullanari Koottam,kullanari koottam,film,,Indian Tamil romantic comedy film,85.61,85.61,1,1,Madura Island,Madura Island,Madura Island
Aarathu Sinam,Aarathu Sinam,aarathu sinam,film,2016.0,2016 Indian film by Arivazhagan,85.61,85.61,1,1,Madura Island,Madura Island,Madura Island
Jigarthanda DoubleX,Jigarthanda DoubleX,jigarthanda doublex,film,2023.0,2023 Indian action film,85.61,85.61,1,1,Madura Island,Madura Island,Madura Island
Vilai,Vilai,vilai,film,2010.0,2010 Indian film,85.61,85.61,1,1,Madura Island,Madura Island,Madura Island
Madurai Veeran (2007 film),Madurai Veeran,madurai veeran,film,2007.0,2007 Indian film,85.61,85.61,1,1,Madura Island,Madura Island,Madura Island
Mayandi Kudumbathar,Mayandi Kudumbathar,mayandi kudumbathar,film,2009.0,2009 Indian film,85.61,85.61,1,1,Madura Island,Madura Island,Madura Island
Madurai Veeran (1956 film),Madurai Veeran,madurai veeran,film,1956.0,1956 film by D. Yoganand,85.61,85.61,1,1,Madura Island,Madura Island,Madura Island
Maathi Yosi,Maathi Yosi,maathi yosi,film,2010.0,2010 film by Nandha Periyasamy,85.61,85.61,1,1,Madura Island,Madura Island,Madura Island
Madura Veeran,Madura Veeran,madura veeran,film,2018.0,2018 Indian film,85.61,85.61,1,1,Madura Island,Madura Island,Madura Island
Maaman,Maaman,maaman,film,2025.0,2025 Tamil film by Prasanth Pandiyaraj,85.61,85.61,1,1,Madura Island,Madura Island,Madura Island
Meenakshi Sundareshwar,Meenakshi Sundareshwar,meenakshi sundareshwar,film,2021.0,2021 Indian romantic comedy film by Vivek Soni,85.61,85.61,1,1,Madura Island,Madura Island,Madura Island
Murattu Kaalai (1980 film),Murattu Kaalai,murattu kaalai,film,1980.0,1980 film by S. P. Muthuraman,85.61,85.61,1,1,Madura Island,Madura Island,Madura Island
Milaga,Milaga,milaga,film,2010.0,2010 Indian film,85.61,85.61,1,1,Madura Island,Madura Island,Madura Island
Mersal,Mersal,mersal,film,2017.0,2017 Indian film directed by Atlee,85.61,85.61,1,1,Madura Island,Madura Island,Madura Island
Nagareega Komali,Nagareega Komali,nagareega komali,film,2006.0,2006 Indian film,85.61,85.61,1,1,Madura Island,Madura Island,Madura Island
Madurai Sambavam,Madurai Sambavam,madurai sambavam,film,2009.0,2009 film by Youreka,85.61,85.61,1,1,Madura Island,Madura Island,Madura Island
Ayothi,Ayothi,ayothi,film,2023.0,2023 Indian film,85.61,85.61,1,1,Madura Island,Madura Island,Madura Island
Oru Nodi,Oru Nodi,oru nodi,film,2024.0,2024 Indian film,85.61,85.61,1,1,Madura Island,Madura Island,Madura Island
Thooku Medai,Thooku Medai,thooku medai,film,1982.0,1982 Indian film,85.61,85.61,1,1,Madura Island,Madura Island,Madura Island
Thalaivan Thalaivii,Thalaivan Thalaivii,thalaivan thalaivii,film,2025.0,2025 Indian Tamil film by Pandiraj,85.61,85.61,1,1,Madura Island,Madura Island,Madura Island
They Call Him OG,They Call Him OG,they call him og,film,2025.0,2025 Indian film by Sujeeth,85.61,85.61,1,1,Madura Island,Madura Island,Madura Island
Idhu Kathirvelan Kadhal,Idhu Kathirvelan Kadhal,idhu kathirvelan kadhal,film,2014.0,2014 Indian film by S. R. Prabhakaran,85.61,85.61,1,1,Madura Island,Madura Island,Madura Island
Petta (film),Petta,petta,film,2019.0,2019 Indian film by Karthik Subbaraj,85.61,85.61,1,1,Madura Island,Madura Island,Madura Island
Poochandi,Poochandi,poochandi,film,2022.0,2022 Malaysian Tamil-language thriller film,85.61,85.61,1,1,Madura Island,Madura Island,Madura Island
Rajinimurugan,Rajinimurugan,rajinimurugan,film,2016.0,2016 Tamil comedy film directed by Ponram,85.61,85.61,1,1,Madura Island,Madura Island,Madura Island
Subramaniapuram,Subramaniapuram,subramaniapuram,film,2008.0,2008 Indian period action film,85.61,85.61,1,1,Madura Island,Madura Island,Madura Island
Veera Dheera Sooran,Veera Dheera Sooran,veera dheera sooran,film,2025.0,2025 Indian film by S. U. Arun Kumar,85.61,85.61,1,1,Madura Island,Madura Island,Madura Island
Valimai,Valimai,valimai,film,2022.0,2022 film directed by H. Vinoth,85.61,85.61,1,1,Madura Island,Madura Island,Madura Island
Vettaiyaadu Vilaiyaadu,Vettaiyaadu Vilaiyaadu,vettaiyaadu vilaiyaadu,film,2006.0,2006 film directed by Gautham Menon,85.61,85.61,1,1,Madura Island,Madura Island,Madura Island
Thillana Mohanambal,Thillana Mohanambal,thillana mohanambal,film,1968.0,1968 film by A. P. Nagarajan,85.61,85.61,1,1,Madura Island,Madura Island,Madura Island
Kuzhandaiyum Deivamum,Kuzhandaiyum Deivamum,kuzhandaiyum deivamum,film,1965.0,1965 film by Krishnan–Panju,85.61,85.61,1,1,Madura Island,Madura Island,Madura Island
Arlington Park (novel),Arlington Park,arlington park,novel,,Novel by Rachel Cusk,85.56,0.0,1,0,Virginia Woolf,Virginia Woolf,
The Hours (novel),The Hours,hours,novel,1998.0,1998 novel by Michael Cunningham,85.56,0.0,1,0,Virginia Woolf,Virginia Woolf,
The Assignment (1997 film),The Assignment,assignment,film,1997.0,1997 film,85.18,0.0,1,0,Cold War,Cold War,
Etter Rubicon,Etter Rubicon,etter rubicon,film,1987.0,1987 Norwegian film,85.18,0.0,1,0,Cold War,Cold War,
Escape from East Berlin,Escape from East Berlin,escape from east berlin,film,1962.0,1962 film by Robert Siodmak,85.18,0.0,1,0,Cold War,Cold War,
Face to Face with Communism,Face to Face with Communism,face to face with communism,film,1951.0,1951 American film,85.18,0.0,1,0,Cold War,Cold War,
Executive Action (film),Executive Action,executive action,film,1973.0,1973 political thriller film by David Miller,85.18,0.0,1,0,Cold War,Cold War,
The Fearmakers,The Fearmakers,fearmakers,film,1958.0,1958 film by Jacques Tourneur,85.18,0.0,1,0,Cold War,Cold War,
Fight for Us,Fight for Us,fight for us,film,1989.0,1989 Filipino film,85.18,0.0,1,0,Cold War,Cold War,
Firehead,Firehead,firehead,film,1991.0,1991 American film,85.18,0.0,1,0,Cold War,Cold War,
Firebird (film),Firebird,firebird,film,2021.0,2021 film by Peeter Rebane,85.18,0.0,1,0,Cold War,Cold War,
Fly Me to the Moon (2008 film),Fly Me to the Moon,fly me to the moon,film,2008.0,2008 film,85.18,0.0,1,0,Cold War,Cold War,
A Foreign Affair,A Foreign Affair,foreign affair,film,1948.0,1948 film by Billy Wilder,85.18,0.0,1,0,Cold War,Cold War,
First Man (film),First Man,first man,film,2018.0,2018 American biographical drama film by Damien Chazelle,85.18,0.0,1,0,Cold War,Cold War,
Flame (1996 film),Flame,flame,film,1996.0,1996 film by Ingrid Sinclair,85.18,0.0,1,0,Cold War,Cold War,
Formosa Betrayed (film),Formosa Betrayed,formosa betrayed,film,2009.0,2009 American political thriller film by Adam Kane,85.18,0.0,1,0,Cold War,Cold War,
Forward March Hare,Forward March Hare,forward march hare,film,1953.0,1953 film,85.18,0.0,1,0,Cold War,Cold War,
The Gladiators (film),The Gladiators,gladiators,film,1969.0,1969 Swedish film,85.18,0.0,1,0,Cold War,Cold War,
Freiheit (film),Freiheit,freiheit,film,1966.0,1966 film,85.18,0.0,1,0,Cold War,Cold War,
Colossus: The Forbin Project,Colossus: The Forbin Project,colossus the forbin project,film,1970.0,1970 film by Joseph Sargent,85.18,0.0,1,0,Cold War,Cold War,
Countdown (1967 film),Countdown,countdown,film,1967.0,1967 film by Robert Altman,85.18,0.0,1,0,Cold War,Cold War,
Blind Justice (1988 film),Blind Justice,blind justice,film,1988.0,1988 British film,85.18,0.0,1,0,Cold War,Cold War,
Bukit Kepong (film),Bukit Kepong,bukit kepong,film,1981.0,1981 Malaysian war film,85.18,0.0,1,0,Cold War,Cold War,
Bulletproof (1988 film),Bulletproof,bulletproof,film,1988.0,1988 American action film directed by Steve Carver,85.18,0.0,1,0,Cold War,Cold War,
The Call of the Sea (1951 film),The Call of the Sea,call of the sea,film,1951.0,1951 film,85.18,0.0,1,0,Cold War,Cold War,
Captive of the Desert,Captive of the Desert,captive of the desert,film,1990.0,1990 film,85.18,0.0,1,0,Cold War,Cold War,
The Coldest Game,The Coldest Game,coldest game,film,2019.0,2019 Polish film,85.18,0.0,1,0,Cold War,Cold War,
Dangerous Moves,Dangerous Moves,dangerous moves,film,1984.0,1984 Swiss film,85.18,0.0,1,0,Cold War,Cold War,
The Detached Mission,The Detached Mission,detached mission,film,1985.0,1985 Soviet film,85.18,0.0,1,0,Cold War,Cold War,
Cuba Crossing,Cuba Crossing,cuba crossing,film,1980.0,1980 film,85.18,0.0,1,0,Cold War,Cold War,
The Dancer Upstairs (film),The Dancer Upstairs,dancer upstairs,film,2002.0,2002 film by John Malkovich,85.18,0.0,1,0,Cold War,Cold War,
Dien Bien Phu (film),Dien Bien Phu,dien bien phu,film,1992.0,1992 French film,85.18,0.0,1,0,Cold War,Cold War,
Doppelgänger (2023 film),Doppelgänger,doppelganger,film,2023.0,2023 Polish film by Jan Holoubek,85.18,0.0,1,0,Cold War,Cold War,
Eminent Domain (film),Eminent Domain,eminent domain,film,1990.0,1990 film by John Irvin,85.18,0.0,1,0,Cold War,Cold War,
Duck and Cover (film),Duck and Cover,duck and cover,film,1952.0,1952 American civil defense film,85.18,0.0,1,0,Cold War,Cold War,
At a French Fireside,At a French Fireside,at a french fireside,film,1963.0,1963 film,85.18,0.0,1,0,Cold War,Cold War,
The Atomic City,The Atomic City,atomic city,film,1952.0,1952 film by Jerry Hopper,85.18,0.0,1,0,Cold War,Cold War,
The Bamboo Saucer,The Bamboo Saucer,bamboo saucer,film,1968.0,1968 film,85.18,0.0,1,0,Cold War,Cold War,
Barbara (2012 film),Barbara,barbara,film,2012.0,2012 film,85.18,0.0,1,0,Cold War,Cold War,
Barcelona (film),Barcelona,barcelona,film,1994.0,1994 film by Whit Stillman,85.18,0.0,1,0,Cold War,Cold War,
Batman: The Dark Knight Returns (film),Batman: The Dark Knight Returns,batman the dark knight returns,film,2012.0,2012 American two-part animated film directed by Jay Oliva,85.18,0.0,1,0,Cold War,Cold War,
The Beast (1988 film),The Beast,beast,film,1988.0,1988 American war film directed by Kevin Reynolds,85.18,0.0,1,0,Cold War,Cold War,
The Beast of Yucca Flats,The Beast of Yucca Flats,beast of yucca flats,film,1961.0,1961 film by Coleman Francis,85.18,0.0,1,0,Cold War,Cold War,
Beyond the Curtain,Beyond the Curtain,beyond the curtain,film,1960.0,1960 British film by Compton Bennett,85.18,0.0,1,0,Cold War,Cold War,
Black Is Beltza II: Ainhoa,Black Is Beltza II: Ainhoa,black is beltza ii ainhoa,film,2022.0,2022 film,85.18,0.0,1,0,Cold War,Cold War,
Action of the Tiger,Action of the Tiger,action of the tiger,film,1957.0,1957 film by Terence Young,85.18,0.0,1,0,Cold War,Cold War,
Albino (film),Albino,albino,film,1976.0,1976 film,85.18,0.0,1,0,Cold War,Cold War,
Among Wolves,Among Wolves,among wolves,film,1985.0,1985 film,85.18,0.0,1,0,Cold War,Cold War,
Anna (2019 feature film),Anna,anna,film,2019.0,2019 film by Luc Besson,85.18,0.0,1,0,Cold War,Cold War,
April Captains,April Captains,april captains,film,2000.0,2000 film by Maria de Medeiros,85.18,0.0,1,0,Cold War,Cold War,
Balloon (2018 film),Balloon,balloon,film,2018.0,2018 German drama film,85.18,0.0,1,0,Cold War,Cold War,
And to My Nephew Albert I Leave the Island What I Won off Fatty Hagan in a Poker Game,And to My Nephew Albert I Leave the Island What I Won off Fatty Hagan in a Poker Game,and to my nephew albert i leave the island what i won off fatty hagan in a poker game,novel,,Novel by David Forrest,85.18,0.0,1,0,Cold War,Cold War,
The Journey (1959 film),The Journey,journey,film,1959.0,1959 American drama film by Anatole Litvak,85.18,0.0,1,0,Cold War,Cold War,
JFK (film),JFK,jfk,film,1991.0,1991 American political thriller film directed by Oliver Stone,85.18,0.0,1,0,Cold War,Cold War,
Ishtar (film),Ishtar,ishtar,film,1987.0,1987 film by Elaine May,85.18,0.0,1,0,Cold War,Cold War,
The Iron Giant,The Iron Giant,iron giant,film,1999.0,1999 animated film by Brad Bird,85.18,0.0,1,0,Cold War,Cold War,
The House of the Spirits (film),The House of the Spirits,house of the spirits,film,1993.0,1993 drama film directed by Bille August,85.18,0.0,1,0,Cold War,Cold War,
Honor Bound (1988 film),Honor Bound,honor bound,film,1988.0,1988 American film,85.18,0.0,1,0,Cold War,Cold War,
Hong Kong (film),Hong Kong,hong kong,film,1952.0,1952 film by Lewis R. Foster,85.18,0.0,1,0,Cold War,Cold War,
Homerun (film),Homerun,homerun,film,2003.0,2003 Singaporean film,85.18,0.0,1,0,Cold War,Cold War,
"Hail, Caesar!","Hail, Caesar!",hail caesar,film,2016.0,2016 film directed by Joel and Ethan Coen,85.18,0.0,1,0,Cold War,Cold War,
Guardians of the Formula,Guardians of the Formula,guardians of the formula,film,2023.0,2023 Serbian film,85.18,0.0,1,0,Cold War,Cold War,
Ground Zero (1987 film),Ground Zero,ground zero,film,1987.0,1987 Australian film,85.18,0.0,1,0,Cold War,Cold War,
The Good German,The Good German,good german,film,2006.0,2006 film by Steven Soderbergh,85.18,0.0,1,0,Cold War,Cold War,
Kaff auch Mare Crisium,Kaff auch Mare Crisium,kaff auch mare crisium,novel,1960.0,1960 novel by Arno Schmidt,85.18,0.0,1,0,Cold War,Cold War,
The Butter Battle Book,The Butter Battle Book,butter battle book,novel,1984.0,1984 children's book by Dr. Seuss,85.18,0.0,1,0,Cold War,Cold War,
A Boy and His Dog,A Boy and His Dog,boy and his dog,novel,,Post-apocalyptic novella cycle by Harlan Ellison,85.18,0.0,1,0,Cold War,Cold War,
The 101-Year-Old Man Who Skipped Out on the Bill and Disappeared,The 101-Year-Old Man Who Skipped Out on the Bill and Disappeared,101-year-old man who skipped out on the bill and disappeared,film,2016.0,2016 Swedish comedy film,85.18,0.0,1,0,Cold War,Cold War,
Little Women (1994 film),Little Women,little women,film,1994.0,1994 film by Gillian Armstrong,85.09,85.09,1,1,Little Women,Little Women,Little Women
Little Women (2019 film),Little Women,little women,film,2019.0,2019 American film by Greta Gerwig,85.09,85.09,1,1,Little Women,Little Women,Little Women
Little Women (2018 film),Little Women,little women,film,2018.0,2018 American film,85.09,85.09,1,1,Little Women,Little Women,Little Women
Little Women (1918 film),Little Women,little women,film,1918.0,1918 American film,85.09,85.09,1,1,Little Women,Little Women,Little Women
Little Women (1933 film),Little Women,little women,film,1933.0,1933 film by George Cukor,85.09,85.09,1,1,Little Women,Little Women,Little Women
Little Women (1949 film),Little Women,little women,film,1949.0,1949 film by Mervyn LeRoy,85.09,85.09,1,1,Little Women,Little Women,Little Women
Little Women (1917 film),Little Women,little women,film,1917.0,1917 British film,85.09,85.09,1,1,Little Women,Little Women,Little Women
Washington's Spies,Washington's Spies,washingtons spies,novel,2006.0,2006 American history book by Alexander Rose,85.02,85.02,1,1,George Washington,George Washington,George Washington
What If? (essays),What If? (essays),what if essays,novel,1999.0,1999 book edited by Robert Cowley,85.02,85.02,1,1,George Washington,George Washington,George Washington
Washington's Crossing (book),Washington's Crossing,washingtons crossing,novel,,Book by David Hackett Fischer,85.02,85.02,1,1,George Washington,George Washington,George Washington
Washington: A Life,Washington: A Life,washington a life,novel,,Book by Ron Chernow,85.02,85.02,1,1,George Washington,George Washington,George Washington
Feed (1992 film),Feed,feed,film,1992.0,1992 American film,84.96,84.96,1,1,Bill Clinton,Bill Clinton,Bill Clinton
The War Room,The War Room,war room,film,1993.0,1993 American film,84.96,84.96,1,1,Bill Clinton,Bill Clinton,Bill Clinton
Spin (1995 film),Spin,spin,film,1995.0,1995 film,84.96,84.96,1,1,Bill Clinton,Bill Clinton,Bill Clinton
The Special Relationship (film),The Special Relationship,special relationship,film,2010.0,2010 film by Richard Loncraine,84.96,84.96,1,1,Bill Clinton,Bill Clinton,Bill Clinton
Contempt: A Memoir of the Clinton Investigation,Contempt: A Memoir of the Clinton Investigation,contempt a memoir of the clinton investigation,novel,2018.0,2018 book by Ken Starr,84.96,84.96,1,1,Bill Clinton,Bill Clinton,Bill Clinton
No One Left to Lie To,No One Left to Lie To,no one left to lie to,novel,1999.0,1999 book by Christopher Hitchens,84.96,84.96,1,1,Bill Clinton,Bill Clinton,Bill Clinton
Primary Colors (film),Primary Colors,primary colors,film,1998.0,1998 American film,84.96,84.96,1,1,Bill Clinton,Bill Clinton,Bill Clinton
William Tell (2024 film),William Tell,william tell,film,2024.0,Historical action film by Nick Hamm,84.77,84.77,1,1,William Tell,William Tell,William Tell
William Tell (1934 film),William Tell,william tell,film,1934.0,1934 German film,84.77,84.77,1,1,William Tell,William Tell,William Tell
William Tell (1949 film),William Tell,william tell,film,1949.0,1949 Italian film,84.77,84.77,1,1,William Tell,William Tell,William Tell
William Tell (1960 film),William Tell,william tell,film,1960.0,1960 Swiss film,84.77,84.77,1,1,William Tell,William Tell,William Tell
Ana (2020 film),Ana,ana,film,2020.0,2020 American film,84.72,84.72,1,1,Puerto Rico,Puerto Rico,Puerto Rico
Assassins (1995 film),Assassins,assassins,film,1995.0,1995 American film,84.72,84.72,1,1,Puerto Rico,Puerto Rico,Puerto Rico
Ángel (film),Ángel,angel,film,2007.0,2007 Puerto Rican film,84.72,84.72,1,1,Puerto Rico,Puerto Rico,Puerto Rico
Broche de Oro,Broche de Oro,broche de oro,film,2012.0,2012 film directed by Raúl Marchand Sánchez,84.72,84.72,1,1,Puerto Rico,Puerto Rico,Puerto Rico
Una aventura llamada Menudo,Una aventura llamada Menudo,una aventura llamada menudo,film,1982.0,1982 film by Orestes Trucco,84.72,84.72,1,1,Puerto Rico,Puerto Rico,Puerto Rico
Captain Ron,Captain Ron,captain ron,film,1992.0,1992 film by Thom Eberhardt,84.72,84.72,1,1,Puerto Rico,Puerto Rico,Puerto Rico
200 Cartas,200 Cartas,200 cartas,film,2013.0,2013 Puerto Rican independent film,84.72,84.72,1,1,Puerto Rico,Puerto Rico,Puerto Rico
12 Hours,12 Hours,12 hours,film,2001.0,2001 film by Raúl Marchand Sánchez,84.72,84.72,1,1,Puerto Rico,Puerto Rico,Puerto Rico
5-Headed Shark Attack,5-Headed Shark Attack,5-headed shark attack,film,2017.0,2017 film,84.72,84.72,1,1,Puerto Rico,Puerto Rico,Puerto Rico
The Man from Toronto (2022 film),The Man from Toronto,man from toronto,film,2022.0,2022 film by Patrick Hughes,84.72,84.72,1,1,Puerto Rico,Puerto Rico,Puerto Rico
The Man with My Face (film),The Man with My Face,man with my face,film,1951.0,1951 film by Edward Montagne,84.72,84.72,1,1,Puerto Rico,Puerto Rico,Puerto Rico
Mr. Moto in Danger Island,Mr. Moto in Danger Island,mr. moto in danger island,film,1939.0,1939 film by Herbert I. Leeds,84.72,84.72,1,1,Puerto Rico,Puerto Rico,Puerto Rico
Art of Love (2022 film),Art of Love,art of love,film,2022.0,2022 Puerto Rican film,84.72,84.72,1,1,Puerto Rico,Puerto Rico,Puerto Rico
Frankenstein Meets the Space Monster,Frankenstein Meets the Space Monster,frankenstein meets the space monster,film,1965.0,1965 sci-fi film directed by Robert Gaffney,84.72,84.72,1,1,Puerto Rico,Puerto Rico,Puerto Rico
If Beale Street Could Talk (film),If Beale Street Could Talk,if beale street could talk,film,2018.0,2018 film directed by Barry Jenkins,84.72,84.72,1,1,Puerto Rico,Puerto Rico,Puerto Rico
La Habanera,La Habanera,la habanera,film,1937.0,1937 film,84.72,84.72,1,1,Puerto Rico,Puerto Rico,Puerto Rico
Fuego en el alma,Fuego en el alma,fuego en el alma,film,2005.0,2005 Puerto Rican film,84.72,84.72,1,1,Puerto Rico,Puerto Rico,Puerto Rico
Fascination Amour,Fascination Amour,fascination amour,film,1999.0,1999 Hong Kong film by Herman Yau,84.72,84.72,1,1,Puerto Rico,Puerto Rico,Puerto Rico
Feel the Noise,Feel the Noise,feel the noise,film,2007.0,2007 American film,84.72,84.72,1,1,Puerto Rico,Puerto Rico,Puerto Rico
Force of Nature (2020 film),Force of Nature,force of nature,film,2020.0,Film by Michael Polish,84.72,84.72,1,1,Puerto Rico,Puerto Rico,Puerto Rico
Fascination (2004 film),Fascination,fascination,film,2004.0,2004 film,84.72,84.72,1,1,Puerto Rico,Puerto Rico,Puerto Rico
El cimarrón (film),El cimarrón,el cimarron,film,2007.0,2007 film directed by Iván Dariel Ortíz,84.72,84.72,1,1,Puerto Rico,Puerto Rico,Puerto Rico
Conexión Caribe,Conexión Caribe,conexion caribe,film,1984.0,1984 film directed by Orestes Trucco,84.72,84.72,1,1,Puerto Rico,Puerto Rico,Puerto Rico
The Do-Over,The Do-Over,do-over,film,2016.0,2016 American film,84.72,84.72,1,1,Puerto Rico,Puerto Rico,Puerto Rico
Casi casi,Casi casi,casi casi,film,2006.0,"2006 film by Jaime Vallés, Tony Vallés",84.72,84.72,1,1,Puerto Rico,Puerto Rico,Puerto Rico
SeaFire,SeaFire,seafire,novel,,Novel by John Gardner (British writer),84.72,84.72,1,1,Puerto Rico,Puerto Rico,Puerto Rico
The Ghost at Skeleton Rock,The Ghost at Skeleton Rock,ghost at skeleton rock,novel,1958.0,1958 book by Franklin W. Dixon,84.72,84.72,1,1,Puerto Rico,Puerto Rico,Puerto Rico
The Rum Diary (novel),The Rum Diary,rum diary,novel,,Novel by Hunter S. Thompson,84.72,84.72,1,1,Puerto Rico,Puerto Rico,Puerto Rico
Last Woman on Earth,Last Woman on Earth,last woman on earth,film,1960.0,1960 American science-fiction film directed by Roger Corman,84.72,84.72,1,1,Puerto Rico,Puerto Rico,Puerto Rico
Romance in Puerto Rico,Romance in Puerto Rico,romance in puerto rico,film,1962.0,1962 Mexican film,84.72,84.72,1,1,Puerto Rico,Puerto Rico,Puerto Rico
What Happened to Santiago,What Happened to Santiago,what happened to santiago,film,1989.0,1989 film by Jacobo Morales,84.72,84.72,1,1,Puerto Rico,Puerto Rico,Puerto Rico
Welcome to the Jungle (2013 film),Welcome to the Jungle,welcome to the jungle,film,2013.0,2013 American comedy film,84.72,84.72,1,1,Puerto Rico,Puerto Rico,Puerto Rico
Under Suspicion (2000 film),Under Suspicion,under suspicion,film,2000.0,Thriller film by Stephen Hopkins,84.72,84.72,1,1,Puerto Rico,Puerto Rico,Puerto Rico
The Filthy Five,The Filthy Five,filthy five,novel,1967.0,1967 novel by Manning Lee Stokes,84.72,84.72,1,1,Puerto Rico,Puerto Rico,Puerto Rico
A Show of Force,A Show of Force,show of force,film,1990.0,1990 film by Bruno Barreto,84.72,84.72,1,1,Puerto Rico,Puerto Rico,Puerto Rico
The Secret of the Purple Reef,The Secret of the Purple Reef,secret of the purple reef,film,1960.0,1960 film by William Witney,84.72,84.72,1,1,Puerto Rico,Puerto Rico,Puerto Rico
The Rum Diary (film),The Rum Diary,rum diary,film,2011.0,2011 film by Bruce Robinson,84.72,84.72,1,1,Puerto Rico,Puerto Rico,Puerto Rico
Tropical Love,Tropical Love,tropical love,film,1921.0,1921 film,84.72,84.72,1,1,Puerto Rico,Puerto Rico,Puerto Rico
Replicas (film),Replicas,replicas,film,2018.0,2018 film by Jeffrey Nachmanoff,84.72,84.72,1,1,Puerto Rico,Puerto Rico,Puerto Rico
Q & A (film),Q & A,q & a,film,1990.0,1990 film by Sidney Lumet,84.72,84.72,1,1,Puerto Rico,Puerto Rico,Puerto Rico
The Punisher (2004 film),The Punisher,punisher,film,2004.0,Crime thriller film by Jonathan Hensleigh,84.72,84.72,1,1,Puerto Rico,Puerto Rico,Puerto Rico
A Military Base in Hell,A Military Base in Hell,military base in hell,film,1985.0,1985 Iranian film,84.55,84.55,1,1,Iran & Iraq,Iran & Iraq,Iran & Iraq
Midday Adventures: Trace of Blood,Midday Adventures: Trace of Blood,midday adventures trace of blood,film,2019.0,2019 Iranian film,84.55,84.55,1,1,Iran & Iraq,Iran & Iraq,Iran & Iraq
The Marriage of the Blessed,The Marriage of the Blessed,marriage of the blessed,film,1988.0,1988 Iranian film,84.55,84.55,1,1,Iran & Iraq,Iran & Iraq,Iran & Iraq
Majnoon (film),Majnoon,majnoon,film,2024.0,2024 Iranian film,84.55,84.55,1,1,Iran & Iraq,Iran & Iraq,Iran & Iraq
The Lost Strait,The Lost Strait,lost strait,film,2018.0,2018 Iranian film,84.55,84.55,1,1,Iran & Iraq,Iran & Iraq,Iran & Iraq
Leily Is with Me,Leily Is with Me,leily is with me,film,1996.0,1996 Iranian film,84.55,84.55,1,1,Iran & Iraq,Iran & Iraq,Iran & Iraq
In the Alleys of Love,In the Alleys of Love,in the alleys of love,film,1991.0,1991 Iranian film,84.55,84.55,1,1,Iran & Iraq,Iran & Iraq,Iran & Iraq
The Immigrant (1990 film),The Immigrant,immigrant,film,1990.0,1990 Iranian film by Ebrahim Hatamikia,84.55,84.55,1,1,Iran & Iraq,Iran & Iraq,Iran & Iraq
Identity (1987 film),Identity,identity,film,1987.0,1987 Iranian film by Ebrahim Hatamikia,84.55,84.55,1,1,Iran & Iraq,Iran & Iraq,Iran & Iraq
Horizon (1989 film),Horizon,horizon,film,1989.0,1989 Iranian film,84.55,84.55,1,1,Iran & Iraq,Iran & Iraq,Iran & Iraq
Gilaneh (film),Gilaneh,gilaneh,film,2004.0,2004 Iranian film,84.55,84.55,1,1,Iran & Iraq,Iran & Iraq,Iran & Iraq
Gharib (film),Gharib,gharib,film,2023.0,Iranian 2023 film,84.55,84.55,1,1,Iran & Iraq,Iran & Iraq,Iran & Iraq
From Karkheh to Rhein,From Karkheh to Rhein,from karkheh to rhein,film,1993.0,1993 Iranian film,84.55,84.55,1,1,Iran & Iraq,Iran & Iraq,Iran & Iraq
The Flag Bearer,The Flag Bearer,flag bearer,film,1984.0,1984 Iranian film by Shahriar Bahrani,84.55,84.55,1,1,Iran & Iraq,Iran & Iraq,Iran & Iraq
Ekhrajiha,Ekhrajiha,ekhrajiha,film,2007.0,2007 film,84.55,84.55,1,1,Iran & Iraq,Iran & Iraq,Iran & Iraq
Eagles (1985 film),Eagles,eagles,film,1985.0,1985 Iranian film,84.55,84.55,1,1,Iran & Iraq,Iran & Iraq,Iran & Iraq
Never So Few,Never So Few,never so few,film,1959.0,1959 film by John Sturges,84.55,84.55,1,1,Myanmar Burma,Myanmar Burma,Myanmar Burma
Moon Over Burma,Moon Over Burma,moon over burma,film,1940.0,1940 American film,84.55,84.55,1,1,Myanmar Burma,Myanmar Burma,Myanmar Burma
Merrill's Marauders (film),Merrill's Marauders,merrills marauders,film,1962.0,1962 film by Samuel Fuller,84.55,84.55,1,1,Myanmar Burma,Myanmar Burma,Myanmar Burma
Mandalay (film),Mandalay,mandalay,film,1934.0,1934 film by Michael Curtiz,84.55,84.55,1,1,Myanmar Burma,Myanmar Burma,Myanmar Burma
MA - Cry of Silence,MA - Cry of Silence,ma - cry of silence,film,2024.0,2024 Burmese film,84.55,84.55,1,1,Myanmar Burma,Myanmar Burma,Myanmar Burma
The Long and the Short and the Tall (film),The Long and the Short and the Tall,long and the short and the tall,film,1961.0,1961 British film by Leslie Norman,84.55,84.55,1,1,Myanmar Burma,Myanmar Burma,Myanmar Burma
The Legend of Suriyothai,The Legend of Suriyothai,legend of suriyothai,film,2001.0,2001 film by Chatrichalerm Yukol,84.55,84.55,1,1,Myanmar Burma,Myanmar Burma,Myanmar Burma
Last to Surrender,Last to Surrender,last to surrender,film,1998.0,1998 film directed by David Mitchell,84.55,84.55,1,1,Myanmar Burma,Myanmar Burma,Myanmar Burma
Largo Winch II,Largo Winch II,largo winch ii,film,2011.0,2011 French film,84.55,84.55,1,1,Myanmar Burma,Myanmar Burma,Myanmar Burma
Lalkar,Lalkar,lalkar,film,1972.0,1972 Indian film,84.55,84.55,1,1,Myanmar Burma,Myanmar Burma,Myanmar Burma
The Lady (2011 film),The Lady,lady,film,2011.0,2011 film by Luc Besson,84.55,84.55,1,1,Myanmar Burma,Myanmar Burma,Myanmar Burma
Kyan Sit Min,Kyan Sit Min,kyan sit min,film,2005.0,2005 Burmese film,84.55,84.55,1,1,Myanmar Burma,Myanmar Burma,Myanmar Burma
King Naresuan (film),King Naresuan,king naresuan,film,2007.0,Six-part Thai historical drama film series (2007–2015),84.55,84.55,1,1,Myanmar Burma,Myanmar Burma,Myanmar Burma
Lima a Hundred Years from Now,Lima a Hundred Years from Now,lima a hundred years from now,novel,,Peruvian science fiction novel,84.55,84.55,1,1,"Lima, Peru","Lima, Peru","Lima, Peru"
In Praise of the Stepmother,In Praise of the Stepmother,in praise of the stepmother,novel,1988.0,1988 novel by Mario Vargas Llosa,84.55,84.55,1,1,"Lima, Peru","Lima, Peru","Lima, Peru"
The Dancer Upstairs (novel),The Dancer Upstairs,dancer upstairs,novel,,Novel by Nicholas Shakespeare,84.55,84.55,1,1,"Lima, Peru","Lima, Peru","Lima, Peru"
Bombs Over Burma,Bombs Over Burma,bombs over burma,film,1943.0,1943 film by Joseph H. Lewis,84.55,84.55,1,1,Myanmar Burma,Myanmar Burma,Myanmar Burma
Beyond Rangoon,Beyond Rangoon,beyond rangoon,film,1995.0,1995 American film,84.55,84.55,1,1,Myanmar Burma,Myanmar Burma,Myanmar Burma
Anegan,Anegan,anegan,film,2015.0,2015 Indian film directed by K. V. Anand,84.55,84.55,1,1,Myanmar Burma,Myanmar Burma,Myanmar Burma
Onegin (2024 film),Onegin,onegin,film,2024.0,2024 Russian film,84.55,84.55,1,1,Eugene Onegin,Eugene Onegin,Eugene Onegin
Onegin (1999 film),Onegin,onegin,film,1999.0,1999 film,84.55,84.55,1,1,Eugene Onegin,Eugene Onegin,Eugene Onegin
Eugene Onegin (1959 film),Eugene Onegin,eugene onegin,film,1959.0,1959 Soviet film,84.55,84.55,1,1,Eugene Onegin,Eugene Onegin,Eugene Onegin
Eugene Onegin (1911 film),Eugene Onegin,eugene onegin,film,1911.0,1911 Russian film,84.55,84.55,1,1,Eugene Onegin,Eugene Onegin,Eugene Onegin
Wuthering Heights (2026 film),Wuthering Heights,wuthering heights,film,2026.0,2026 romantic drama film by Emerald Fennell,84.55,84.55,1,1,"\""Wuthering Heights\","\""Wuthering Heights\","\""Wuthering Heights\"
Wuthering Heights (2011 film),Wuthering Heights,wuthering heights,film,2011.0,2011 British film,84.55,84.55,1,1,"\""Wuthering Heights\","\""Wuthering Heights\","\""Wuthering Heights\"
Wuthering Heights (2003 film),Wuthering Heights,wuthering heights,film,2003.0,2003 film directed by Suri Krishnamma,84.55,84.55,1,1,"\""Wuthering Heights\","\""Wuthering Heights\","\""Wuthering Heights\"
Wuthering Heights (1998 film),Wuthering Heights,wuthering heights,film,1998.0,1998 British film,84.55,84.55,1,1,"\""Wuthering Heights\","\""Wuthering Heights\","\""Wuthering Heights\"
Wuthering Heights (1988 film),Wuthering Heights,wuthering heights,film,1988.0,1988 Japanese film,84.55,84.55,1,1,"\""Wuthering Heights\","\""Wuthering Heights\","\""Wuthering Heights\"
Wuthering Heights (1978 TV serial),Wuthering Heights,wuthering heights,novel,1978.0,"British TV adaptation of the novel ""Wuthering Heights"" by Emily Brontë",84.55,84.55,1,1,"\""Wuthering Heights\","\""Wuthering Heights\","\""Wuthering Heights\"
Burma VJ,Burma VJ,burma vj,film,2008.0,2008 Danish film,84.55,84.55,1,1,Myanmar Burma,Myanmar Burma,Myanmar Burma
Burma Convoy,Burma Convoy,burma convoy,film,1942.0,1942 film by Noel M. Smith,84.55,84.55,1,1,Myanmar Burma,Myanmar Burma,Myanmar Burma
Broken Dreams: Stories from the Myanmar Coup,Broken Dreams: Stories from the Myanmar Coup,broken dreams stories from the myanmar coup,film,2023.0,2023 Burmese film,84.55,84.55,1,1,Myanmar Burma,Myanmar Burma,Myanmar Burma
Burmese Days,Burmese Days,burmese days,novel,1934.0,1934 novel by George Orwell,84.55,84.55,1,1,Myanmar Burma,Myanmar Burma,Myanmar Burma
Anna Lombard,Anna Lombard,anna lombard,novel,,Book by Annie Sophie Cory,84.55,84.55,1,1,Myanmar Burma,Myanmar Burma,Myanmar Burma
Yesterday's Enemy,Yesterday's Enemy,yesterdays enemy,film,1959.0,1959 British film,84.55,84.55,1,1,Myanmar Burma,Myanmar Burma,Myanmar Burma
A Yank on the Burma Road,A Yank on the Burma Road,yank on the burma road,film,1942.0,1942 film by George B. Seitz,84.55,84.55,1,1,Myanmar Burma,Myanmar Burma,Myanmar Burma
Vinyan,Vinyan,vinyan,film,2008.0,2008 drama horror film,84.55,84.55,1,1,Myanmar Burma,Myanmar Burma,Myanmar Burma
Tigress of King River,Tigress of King River,tigress of king river,film,2002.0,2002 Thai film,84.55,84.55,1,1,Myanmar Burma,Myanmar Burma,Myanmar Burma
Rangoon Rowdy,Rangoon Rowdy,rangoon rowdy,film,1979.0,1979 Indian film,84.55,84.55,1,1,Myanmar Burma,Myanmar Burma,Myanmar Burma
Rangoon (2017 Tamil film),Rangoon,rangoon,film,2017.0,2017 Indian film by Rajkumar Periasamy,84.55,84.55,1,1,Myanmar Burma,Myanmar Burma,Myanmar Burma
Rangoon (2017 Hindi film),Rangoon,rangoon,film,2017.0,2017 Indian Hindi-language period war film directed by Vishal Bhardwaj,84.55,84.55,1,1,Myanmar Burma,Myanmar Burma,Myanmar Burma
The Purple Plain,The Purple Plain,purple plain,film,1954.0,1954 film,84.55,84.55,1,1,Myanmar Burma,Myanmar Burma,Myanmar Burma
Pudhukottaiyilirundhu Saravanan,Pudhukottaiyilirundhu Saravanan,pudhukottaiyilirundhu saravanan,film,2004.0,2004 Indian film,84.55,84.55,1,1,Myanmar Burma,Myanmar Burma,Myanmar Burma
Penn (film),Penn,penn,film,1954.0,1954 Indian film,84.55,84.55,1,1,Myanmar Burma,Myanmar Burma,Myanmar Burma
Operation Bottleneck,Operation Bottleneck,operation bottleneck,film,1961.0,1961 film by Edward L. Cahn,84.55,84.55,1,1,Myanmar Burma,Myanmar Burma,Myanmar Burma
Jiu Jitsu (film),Jiu Jitsu,jiu jitsu,film,2020.0,2020 film by Dimitri Logothetis,84.55,84.55,1,1,Myanmar Burma,Myanmar Burma,Myanmar Burma
A Home Too Far,A Home Too Far,home too far,film,1990.0,1990 Taiwanese film,84.55,84.55,1,1,Myanmar Burma,Myanmar Burma,Myanmar Burma
The Hasty Heart,The Hasty Heart,hasty heart,film,1949.0,1949 British film by Vincent Sherman,84.55,84.55,1,1,Myanmar Burma,Myanmar Burma,Myanmar Burma
The Last Days of Pompeii (1959 film),The Last Days of Pompeii,last days of pompeii,film,1959.0,1959 film,84.55,84.55,1,1,Last Days of Pompeii,Last Days of Pompeii,Last Days of Pompeii
The Last Days of Pompeii (1950 film),The Last Days of Pompeii,last days of pompeii,film,1950.0,"1950 film directed by Paolo Moffa, Marcel L'Herbier",84.55,84.55,1,1,Last Days of Pompeii,Last Days of Pompeii,Last Days of Pompeii
The Last Days of Pompeii (1935 film),The Last Days of Pompeii,last days of pompeii,film,1935.0,"1935 film by Merian C. Cooper, Ernest B. Schoedsack",84.55,84.55,1,1,Last Days of Pompeii,Last Days of Pompeii,Last Days of Pompeii
The Last Days of Pompeii (1926 film),The Last Days of Pompeii,last days of pompeii,film,1926.0,1926 film,84.55,84.55,1,1,Last Days of Pompeii,Last Days of Pompeii,Last Days of Pompeii
The Last Days of Pompeii (1913 film),The Last Days of Pompeii,last days of pompeii,film,1913.0,1913 Italian film,84.55,84.55,1,1,Last Days of Pompeii,Last Days of Pompeii,Last Days of Pompeii
The Last Days of Pompeii (1908 film),The Last Days of Pompeii,last days of pompeii,film,1908.0,1908 Italian film,84.55,84.55,1,1,Last Days of Pompeii,Last Days of Pompeii,Last Days of Pompeii
Jone or the Last Days of Pompeii,Jone or the Last Days of Pompeii,jone or the last days of pompeii,film,1913.0,1913 Italian film,84.55,84.55,1,1,Last Days of Pompeii,Last Days of Pompeii,Last Days of Pompeii
Saving Fish from Drowning,Saving Fish from Drowning,saving fish from drowning,novel,2005.0,2005 novel by Amy Tan,84.55,84.55,1,1,Myanmar Burma,Myanmar Burma,Myanmar Burma
The Sapphire,The Sapphire,sapphire,novel,1933.0,1933 novel by A. E. W. Mason,84.55,84.55,1,1,Myanmar Burma,Myanmar Burma,Myanmar Burma
The Purple Plain (novel),The Purple Plain,purple plain,novel,1947.0,1947 novel,84.55,84.55,1,1,Myanmar Burma,Myanmar Burma,Myanmar Burma
The Piano Tuner,The Piano Tuner,piano tuner,novel,2002.0,2002 novel by Daniel Mason,84.55,84.55,1,1,Myanmar Burma,Myanmar Burma,Myanmar Burma
Burma Sahib,Burma Sahib,burma sahib,novel,2024.0,2024 novel by Paul Theroux,84.55,84.55,1,1,Myanmar Burma,Myanmar Burma,Myanmar Burma
The Glass Palace,The Glass Palace,glass palace,novel,,Historical fiction novel by Amitav Ghosh,84.55,84.55,1,1,Myanmar Burma,Myanmar Burma,Myanmar Burma
Wuthering Heights (1959 film),Wuthering Heights,wuthering heights,film,1959.0,1959 film by Alan Burke,84.55,84.55,1,1,"\""Wuthering Heights\","\""Wuthering Heights\","\""Wuthering Heights\"
Wuthering Heights (1954 film),Wuthering Heights,wuthering heights,film,1954.0,1954 Mexican film,84.55,84.55,1,1,"\""Wuthering Heights\","\""Wuthering Heights\","\""Wuthering Heights\"
Wuthering Heights (1939 film),Wuthering Heights,wuthering heights,film,1939.0,1939 film by William Wyler,84.55,84.55,1,1,"\""Wuthering Heights\","\""Wuthering Heights\","\""Wuthering Heights\"
Ready Player One,Ready Player One,ready player one,novel,2011.0,2011 science fiction novel by Ernest Cline,84.55,84.55,1,1,"Columbus, Ohio","Columbus, Ohio","Columbus, Ohio"
Jennie Gerhardt,Jennie Gerhardt,jennie gerhardt,novel,1911.0,1911 novel by Theodore Dreiser,84.55,84.55,1,1,"Columbus, Ohio","Columbus, Ohio","Columbus, Ohio"
Teachers (film),Teachers,teachers,film,1984.0,1984 film by Arthur Hiller,84.55,84.55,1,1,"Columbus, Ohio","Columbus, Ohio","Columbus, Ohio"
"Objective, Burma!","Objective, Burma!",objective burma,film,1945.0,1945 film by Raoul Walsh,84.55,84.55,1,1,Myanmar Burma,Myanmar Burma,Myanmar Burma
Nya (film),Nya,nya,film,2017.0,2017 Burmese film,84.55,84.55,1,1,Myanmar Burma,Myanmar Burma,Myanmar Burma
Ninja: Shadow of a Tear,Ninja: Shadow of a Tear,ninja shadow of a tear,film,2013.0,2013 American martial arts film,84.55,84.55,1,1,Myanmar Burma,Myanmar Burma,Myanmar Burma
A Gesture Life,A Gesture Life,gesture life,novel,1999.0,1999 novel written by Chang-Rae Lee,84.55,84.55,1,1,Myanmar Burma,Myanmar Burma,Myanmar Burma
Forests of the Night (Cleary novel),Forests of the Night (Cleary novel),forests of the night cleary novel,novel,,Book by Jon Cleary,84.55,84.55,1,1,Myanmar Burma,Myanmar Burma,Myanmar Burma
Elephant Run,Elephant Run,elephant run,novel,2007.0,2007 novel by Roland Smith,84.55,84.55,1,1,Myanmar Burma,Myanmar Burma,Myanmar Burma
Wuthering Heights (1970 film),Wuthering Heights,wuthering heights,film,1970.0,1970 romantic drama film directed by Robert Fuest,84.55,84.55,1,1,"\""Wuthering Heights\","\""Wuthering Heights\","\""Wuthering Heights\"
Oonche Log (1985 film),Oonche Log,oonche log,film,1985.0,1985 Indian film,84.55,84.55,1,1,"\""Wuthering Heights\","\""Wuthering Heights\","\""Wuthering Heights\"
Hurlevent,Hurlevent,hurlevent,film,1985.0,1985 French film,84.55,84.55,1,1,"\""Wuthering Heights\","\""Wuthering Heights\","\""Wuthering Heights\"
Hulchul (1951 film),Hulchul,hulchul,film,1951.0,1951 film,84.55,84.55,1,1,"\""Wuthering Heights\","\""Wuthering Heights\","\""Wuthering Heights\"
Hihintayin Kita sa Langit,Hihintayin Kita sa Langit,hihintayin kita sa langit,film,1991.0,1991 romantic drama film by Carlos Siguion-Reyna,84.55,84.55,1,1,"\""Wuthering Heights\","\""Wuthering Heights\","\""Wuthering Heights\"
Emily Brontë's Wuthering Heights,Emily Brontë's Wuthering Heights,emily brontes wuthering heights,film,1992.0,1992 British film,84.55,84.55,1,1,"\""Wuthering Heights\","\""Wuthering Heights\","\""Wuthering Heights\"
Dil Diya Dard Liya,Dil Diya Dard Liya,dil diya dard liya,film,1966.0,1966 Indian film,84.55,84.55,1,1,"\""Wuthering Heights\","\""Wuthering Heights\","\""Wuthering Heights\"
Dehleez (film),Dehleez,dehleez,film,1983.0,1983 Pakistani film,84.55,84.55,1,1,"\""Wuthering Heights\","\""Wuthering Heights\","\""Wuthering Heights\"
Arzoo (1950 film),Arzoo,arzoo,film,1950.0,1950 Indian film,84.55,84.55,1,1,"\""Wuthering Heights\","\""Wuthering Heights\","\""Wuthering Heights\"
My Fairy Tail Love Story,My Fairy Tail Love Story,my fairy tail love story,film,2018.0,2018 Filipino film,84.55,84.55,1,1,"\""The Little Mermaid\","\""The Little Mermaid\","\""The Little Mermaid\"
The Mermaid (2016 film),The Mermaid,mermaid,film,2016.0,2016 Chinese-Hong Kong film by Stephen Chow,84.55,84.55,1,1,"\""The Little Mermaid\","\""The Little Mermaid\","\""The Little Mermaid\"
Mermaid (2007 film),Mermaid,mermaid,film,2007.0,2007 Russian film,84.55,84.55,1,1,"\""The Little Mermaid\","\""The Little Mermaid\","\""The Little Mermaid\"
The Lure (2015 film),The Lure,lure,film,2015.0,2015 film by Agnieszka Smoczyńska,84.55,84.55,1,1,"\""The Little Mermaid\","\""The Little Mermaid\","\""The Little Mermaid\"
The Little Mermaid (2018 film),The Little Mermaid,little mermaid,film,2018.0,2018 film by Chris Bouchard,84.55,84.55,1,1,"\""The Little Mermaid\","\""The Little Mermaid\","\""The Little Mermaid\"
The Little Mermaid (2023 film),The Little Mermaid,little mermaid,film,2023.0,American film by Rob Marshall,84.55,84.55,1,1,"\""The Little Mermaid\","\""The Little Mermaid\","\""The Little Mermaid\"
Wuthering Heights (1920 film),Wuthering Heights,wuthering heights,film,1920.0,1920 film,84.55,84.55,1,1,"\""Wuthering Heights\","\""Wuthering Heights\","\""Wuthering Heights\"
Juanita (2019 film),Juanita,juanita,film,2019.0,2019 American drama film,84.55,84.55,1,1,"Columbus, Ohio","Columbus, Ohio","Columbus, Ohio"
Bones and All,Bones and All,bones and all,film,2022.0,2022 film by Luca Guadagnino,84.55,84.55,1,1,"Columbus, Ohio","Columbus, Ohio","Columbus, Ohio"
Body Brokers,Body Brokers,body brokers,film,2021.0,2021 American film,84.55,84.55,1,1,"Columbus, Ohio","Columbus, Ohio","Columbus, Ohio"
Walnut Tree (2020 film),Walnut Tree,walnut tree,film,2020.0,2020 Iranian film,84.55,84.55,1,1,Iran & Iraq,Iran & Iraq,Iran & Iraq
Transition (1989 film),Transition,transition,film,1989.0,1989 film directed by Kamal Tabrizi,84.55,84.55,1,1,Iran & Iraq,Iran & Iraq,Iran & Iraq
Track 143,Track 143,track 143,film,2014.0,2014 Iranian film,84.55,84.55,1,1,Iran & Iraq,Iran & Iraq,Iran & Iraq
The Third Day (2007 film),The Third Day,third day,film,2007.0,2007 Iranian film,84.55,84.55,1,1,Iran & Iraq,Iran & Iraq,Iran & Iraq
Standing in the Dust,Standing in the Dust,standing in the dust,film,2016.0,2016 Iranian film,84.55,84.55,1,1,Iran & Iraq,Iran & Iraq,Iran & Iraq
Sheida (film),Sheida,sheida,film,1999.0,1999 Iranian film,84.55,84.55,1,1,Iran & Iraq,Iran & Iraq,Iran & Iraq
The Scout (1989 film),The Scout,scout,film,1989.0,1989 Iranian film,84.55,84.55,1,1,Iran & Iraq,Iran & Iraq,Iran & Iraq
The Red Ribbon,The Red Ribbon,red ribbon,film,1999.0,1999 Iranian film,84.55,84.55,1,1,Iran & Iraq,Iran & Iraq,Iran & Iraq
Rahaei,Rahaei,rahaei,film,1982.0,1982 Iranian film,84.55,84.55,1,1,Iran & Iraq,Iran & Iraq,Iran & Iraq
The Queen (2012 film),The Queen,queen,film,2012.0,2012 Iranian film,84.55,84.55,1,1,Iran & Iraq,Iran & Iraq,Iran & Iraq
The Passage (Iranian film),The Passage (Iranian film),passage iranian film,film,1986.0,1986 Iranian film,84.55,84.55,1,1,Iran & Iraq,Iran & Iraq,Iran & Iraq
"My Enemy, My Brother","My Enemy, My Brother",my enemy my brother,film,2015.0,2015 Canadian film,84.55,84.55,1,1,Iran & Iraq,Iran & Iraq,Iran & Iraq
The Little Mermaid (1976 Russian film),The Little Mermaid,little mermaid,film,1976.0,1976 Soviet film,84.55,84.55,1,1,"\""The Little Mermaid\","\""The Little Mermaid\","\""The Little Mermaid\"
Conversation in The Cathedral,Conversation in The Cathedral,conversation in the cathedral,novel,1969.0,1969 novel by Mario Vargas Llosa,84.55,84.55,1,1,"Lima, Peru","Lima, Peru","Lima, Peru"
The Bad Girl,The Bad Girl,bad girl,novel,2006.0,2006 novel by Mario Vargas Llosa,84.55,84.55,1,1,"Lima, Peru","Lima, Peru","Lima, Peru"
Aunt Julia and the Scriptwriter,Aunt Julia and the Scriptwriter,aunt julia and the scriptwriter,novel,1977.0,1977 novel by Mario Vargas Llosa,84.55,84.55,1,1,"Lima, Peru","Lima, Peru","Lima, Peru"
Duel (2004 film),Duel,duel,film,2004.0,2004 Iranian film,84.55,84.55,1,1,Iran & Iraq,Iran & Iraq,Iran & Iraq
Che (2014 film),Che,che,film,2014.0,2014 Iranian war film,84.55,84.55,1,1,Iran & Iraq,Iran & Iraq,Iran & Iraq
Bomb: A Love Story,Bomb: A Love Story,bomb a love story,film,2018.0,2018 Iranian film,84.55,84.55,1,1,Iran & Iraq,Iran & Iraq,Iran & Iraq
Big Drum Under Left Foot,Big Drum Under Left Foot,big drum under left foot,film,2004.0,2004 Iranian film,84.55,84.55,1,1,Iran & Iraq,Iran & Iraq,Iran & Iraq
The Bear (2012 film),The Bear,bear,film,2012.0,2012 Iranian film,84.55,84.55,1,1,Iran & Iraq,Iran & Iraq,Iran & Iraq
The Abadanis,The Abadanis,abadanis,film,,Film directed by Kyanoush Ayari,84.55,84.55,1,1,Iran & Iraq,Iran & Iraq,Iran & Iraq
Abadan 1160,Abadan 1160,abadan 1160,film,2020.0,2020 Iranian film,84.55,84.55,1,1,Iran & Iraq,Iran & Iraq,Iran & Iraq
125 Years Memory,125 Years Memory,125 years memory,film,2015.0,2015 Japanese film directed by Mitsutoshi Tanaka,84.55,84.55,1,1,Iran & Iraq,Iran & Iraq,Iran & Iraq
23 People (film),23 People,23 people,film,2019.0,2019 film by Mehdi Jafari,84.55,84.55,1,1,Iran & Iraq,Iran & Iraq,Iran & Iraq
A World for Julius (novel),A World for Julius,world for julius,novel,1970.0,1970 postmodern novel by Alfredo Bryce,84.55,84.55,1,1,"Lima, Peru","Lima, Peru","Lima, Peru"
The Time of the Hero,The Time of the Hero,time of the hero,novel,,Novel by Mario Vargas Llosa,84.55,84.55,1,1,"Lima, Peru","Lima, Peru","Lima, Peru"
The Storyteller (Vargas Llosa novel),The Storyteller (Vargas Llosa novel),storyteller vargas llosa novel,novel,1987.0,1987 novel by Mario Vargas Llosa,84.55,84.55,1,1,"Lima, Peru","Lima, Peru","Lima, Peru"
The Neighborhood (novel),The Neighborhood,neighborhood,novel,2016.0,2016 novel by Mario Vargas Llosa,84.55,84.55,1,1,"Lima, Peru","Lima, Peru","Lima, Peru"
Hard Target 2,Hard Target 2,hard target 2,film,2016.0,2016 film by Roel Reiné,84.55,84.55,1,1,Myanmar Burma,Myanmar Burma,Myanmar Burma
Grand Tour (film),Grand Tour,grand tour,film,2024.0,2024 film by Miguel Gomes,84.55,84.55,1,1,Myanmar Burma,Myanmar Burma,Myanmar Burma
Golden Kingdom,Golden Kingdom,golden kingdom,film,2015.0,2015 American film,84.55,84.55,1,1,Myanmar Burma,Myanmar Burma,Myanmar Burma
The Gemini,The Gemini,gemini,film,2016.0,2016 Burmese film,84.55,84.55,1,1,Myanmar Burma,Myanmar Burma,Myanmar Burma
Francis (film),Francis,francis,film,1950.0,1950 film by Arthur Lubin,84.55,84.55,1,1,Myanmar Burma,Myanmar Burma,Myanmar Burma
The Evil Within (1970 film),The Evil Within,evil within,film,1970.0,1970 Indian film,84.55,84.55,1,1,Myanmar Burma,Myanmar Burma,Myanmar Burma
Escape to Burma,Escape to Burma,escape to burma,film,1955.0,1955 film by Allan Dwan,84.55,84.55,1,1,Myanmar Burma,Myanmar Burma,Myanmar Burma
En Magan (1945 film),En Magan,en magan,film,1945.0,1945 Indian film,84.55,84.55,1,1,Myanmar Burma,Myanmar Burma,Myanmar Burma
Death Whisperer 3,Death Whisperer 3,death whisperer 3,film,2025.0,2025 Thai film by Narit Yuvaboon,84.55,84.55,1,1,Myanmar Burma,Myanmar Burma,Myanmar Burma
Code Name: Wild Geese,Code Name: Wild Geese,code name wild geese,film,1984.0,1984 film,84.55,84.55,1,1,Myanmar Burma,Myanmar Burma,Myanmar Burma
China Girl (1942 film),China Girl,china girl,film,1942.0,1942 film by Henry Hathaway,84.55,84.55,1,1,Myanmar Burma,Myanmar Burma,Myanmar Burma
The Burmese Harp (1985 film),The Burmese Harp,burmese harp,film,1985.0,1985 Japanese film,84.55,84.55,1,1,Myanmar Burma,Myanmar Burma,Myanmar Burma
The Burmese Harp (1956 film),The Burmese Harp,burmese harp,film,1956.0,1956 film by Kon Ichikawa,84.55,84.55,1,1,Myanmar Burma,Myanmar Burma,Myanmar Burma
The Little Mermaid (1976 Czech film),The Little Mermaid,little mermaid,film,1976.0,1976 Czech film,84.55,84.55,1,1,"\""The Little Mermaid\","\""The Little Mermaid\","\""The Little Mermaid\"
I Was a Swiss Banker,I Was a Swiss Banker,i was a swiss banker,film,2007.0,2007 Swiss film,84.55,84.55,1,1,"\""The Little Mermaid\","\""The Little Mermaid\","\""The Little Mermaid\"
Fantasía... 3,Fantasía... 3,fantasia... 3,film,1966.0,1966 Spanish film,84.55,84.55,1,1,"\""The Little Mermaid\","\""The Little Mermaid\","\""The Little Mermaid\"
Settle for More,Settle for More,settle for more,novel,,Book by Megyn Kelly,84.43,0.0,1,0,Donald Trump,Donald Trump,
So Help Me God (book),So Help Me God,so help me god,novel,2022.0,2022 book by Mike Pence,84.43,0.0,1,0,Donald Trump,Donald Trump,
Think Big and Kick Ass,Think Big and Kick Ass,think big and kick ass,novel,2007.0,2007 book by Donald Trump and Bill Zanker,84.43,0.0,1,0,Donald Trump,Donald Trump,
The Trumps: Three Generations That Built an Empire,The Trumps: Three Generations That Built an Empire,trumps three generations that built an empire,novel,2000.0,2000 book by Gwenda Blair,84.43,0.0,1,0,Donald Trump,Donald Trump,
TrumpNation,TrumpNation,trumpnation,novel,,Book by Timothy L. O'Brien,84.43,0.0,1,0,Donald Trump,Donald Trump,
Trumped! (book),Trumped!,trumped,novel,1991.0,1991 book about Donald Trump,84.43,0.0,1,0,Donald Trump,Donald Trump,
Trump: The Art of the Comeback,Trump: The Art of the Comeback,trump the art of the comeback,novel,1997.0,1997 book by Donald Trump and Kate Bohner,84.43,0.0,1,0,Donald Trump,Donald Trump,
Triggered (book),Triggered,triggered,novel,2019.0,2019 book by Donald Trump Jr.,84.43,0.0,1,0,Donald Trump,Donald Trump,
The Faith of Donald J. Trump,The Faith of Donald J. Trump,faith of donald j. trump,novel,2018.0,2018 book by David Brody and Scott Lamb,84.43,0.0,1,0,Donald Trump,Donald Trump,
Hoax (book),Hoax,hoax,novel,,Book by Brian Stelter,84.43,0.0,1,0,Donald Trump,Donald Trump,
Fascism: A Warning,Fascism: A Warning,fascism a warning,novel,2018.0,2018 book by Madeleine Albright,84.43,0.0,1,0,Donald Trump,Donald Trump,
What Were We Thinking,What Were We Thinking,what were we thinking,novel,2020.0,2020 book by Carlos Lozada,84.43,0.0,1,0,Donald Trump,Donald Trump,
Who Could Ever Love You,Who Could Ever Love You,who could ever love you,novel,2024.0,2024 book by Mary L. Trump,84.43,0.0,1,0,Donald Trump,Donald Trump,
I Alone Can Fix It,I Alone Can Fix It,i alone can fix it,novel,2021.0,2021 book about Donald Trump's presidency,84.43,0.0,1,0,Donald Trump,Donald Trump,
How to Steal a Presidential Election,How to Steal a Presidential Election,how to steal a presidential election,novel,2024.0,2024 book by Lawrence Lessig,84.43,0.0,1,0,Donald Trump,Donald Trump,
It Came from Something Awful,It Came from Something Awful,it came from something awful,novel,2019.0,2019 book by Dale Beran,84.43,0.0,1,0,Donald Trump,Donald Trump,
The Internationalists (book),The Internationalists,internationalists,novel,2024.0,2024 book by Alexander Ward,84.43,0.0,1,0,Donald Trump,Donald Trump,
In Trump We Trust,In Trump We Trust,in trump we trust,novel,2016.0,2016 book by Ann Coulter,84.43,0.0,1,0,Donald Trump,Donald Trump,
Insane Clown President,Insane Clown President,insane clown president,novel,2017.0,2017 book by Matt Taibbi,84.43,0.0,1,0,Donald Trump,Donald Trump,
Landslide (Wolff book),Landslide (Wolff book),landslide wolff book,novel,2021.0,2021 book by Michael Wolff,84.43,0.0,1,0,Donald Trump,Donald Trump,
Midas Touch (book),Midas Touch,midas touch,novel,2011.0,2011 book by Donald Trump and Robert Kiyosaki,84.43,0.0,1,0,Donald Trump,Donald Trump,
Media Madness,Media Madness,media madness,novel,2018.0,2018 book by Howard Kurtz,84.43,0.0,1,0,Donald Trump,Donald Trump,
Lucky Loser (book),Lucky Loser,lucky loser,novel,2024.0,2024 book about Donald J. Trump by Russ Buettner and Susanne Craig,84.43,0.0,1,0,Donald Trump,Donald Trump,
Pizza Man (1991 film),Pizza Man,pizza man,film,1991.0,1991 American film,84.43,0.0,1,0,Donald Trump,Donald Trump,
The Trump Prophecy,The Trump Prophecy,trump prophecy,film,2018.0,2018 Christian drama film,84.43,0.0,1,0,Donald Trump,Donald Trump,
Trump vs. the Illuminati,Trump vs. the Illuminati,trump vs. the illuminati,film,2020.0,2020 American film,84.43,0.0,1,0,Donald Trump,Donald Trump,
Network of Lies,Network of Lies,network of lies,novel,2023.0,2023 book by Brian Stelter,84.43,0.0,1,0,Donald Trump,Donald Trump,
Resistance Is Futile!,Resistance Is Futile!,resistance is futile,novel,2018.0,2018 book by Ann Coulter,84.43,0.0,1,0,Donald Trump,Donald Trump,
Russian Roulette (Isikoff and Corn book),Russian Roulette (Isikoff and Corn book),russian roulette isikoff and corn book,novel,2018.0,2018 book by Michael Isikoff and David Corn,84.43,0.0,1,0,Donald Trump,Donald Trump,
The Apprentice (2024 film),The Apprentice,apprentice,film,2024.0,2024 film by Ali Abbasi,84.43,0.0,1,0,Donald Trump,Donald Trump,
Donald Trump's The Art of the Deal: The Movie,Donald Trump's The Art of the Deal: The Movie,donald trumps the art of the deal the movie,film,2016.0,2016 American film,84.43,0.0,1,0,Donald Trump,Donald Trump,
The Art of the Deal,The Art of the Deal,art of the deal,novel,1987.0,1987 book by Donald Trump and Tony Schwartz,84.43,0.0,1,0,Donald Trump,Donald Trump,
Trump 101,Trump 101,trump 101,novel,2006.0,2006 book by Donald Trump and Meredith McIver,84.43,0.0,1,0,Donald Trump,Donald Trump,
Trump Tower (novel),Trump Tower,trump tower,novel,2011.0,2011 book by Jeffrey Robinson,84.43,0.0,1,0,Donald Trump,Donald Trump,
Trump: Surviving at the Top,Trump: Surviving at the Top,trump surviving at the top,novel,1990.0,1990 book by Donald Trump and Charles Leerhsen,84.43,0.0,1,0,Donald Trump,Donald Trump,
Vindicating Trump,Vindicating Trump,vindicating trump,film,2024.0,2024 American film,84.43,0.0,1,0,Donald Trump,Donald Trump,
Dark Star Rising,Dark Star Rising,dark star rising,novel,2018.0,2018 book by Gary Lachman,84.43,0.0,1,0,Donald Trump,Donald Trump,
The Conservative Case for Trump,The Conservative Case for Trump,conservative case for trump,novel,2016.0,2016 book,84.43,0.0,1,0,Donald Trump,Donald Trump,
Devil's Bargain,Devil's Bargain,devils bargain,novel,2016.0,Book about Donald Trump's 2016 presidential campaign,84.43,0.0,1,0,Donald Trump,Donald Trump,
Country Lads,Country Lads,country lads,film,,Short New Zealand patriotic propaganda film,84.33,0.0,1,0,New Zealand,New Zealand,
The Convert,The Convert,convert,film,2023.0,2023 drama film by Lee Tamahori,84.33,0.0,1,0,New Zealand,New Zealand,
Constance (1984 film),Constance,constance,film,1984.0,1984 New Zealand film,84.33,0.0,1,0,New Zealand,New Zealand,
Cloud Atlas (film),Cloud Atlas,cloud atlas,film,2012.0,2012 film directed by Tom Tykwer and the Wachowskis,84.33,0.0,1,0,New Zealand,New Zealand,
Dagg Day Afternoon,Dagg Day Afternoon,dagg day afternoon,film,1977.0,1977 New Zealand comedy film,84.33,0.0,1,0,New Zealand,New Zealand,
Dangerous Orphans,Dangerous Orphans,dangerous orphans,film,1986.0,1986 New Zealand action film,84.33,0.0,1,0,New Zealand,New Zealand,
The Dark Horse (2014 film),The Dark Horse,dark horse,film,2014.0,2014 New Zealand film,84.33,0.0,1,0,New Zealand,New Zealand,
Death Warmed Up,Death Warmed Up,death warmed up,film,1984.0,1984 New Zealand film,84.33,0.0,1,0,New Zealand,New Zealand,
Falling Inn Love,Falling Inn Love,falling inn love,film,2019.0,2019 American film,84.33,0.0,1,0,New Zealand,New Zealand,
Arriving Tuesday,Arriving Tuesday,arriving tuesday,film,1985.0,1985 New Zealand romantic comedy film,84.33,0.0,1,0,New Zealand,New Zealand,
Bad Taste,Bad Taste,bad taste,film,1987.0,1987 film by Peter Jackson,84.33,0.0,1,0,New Zealand,New Zealand,
Bavagaru Bagunnara,Bavagaru Bagunnara,bavagaru bagunnara,film,1998.0,1998 film by Jayanth C. Paranjee,84.33,0.0,1,0,New Zealand,New Zealand,
The Departure of the Second Contingent for the Boer War,The Departure of the Second Contingent for the Boer War,departure of the second contingent for the boer war,film,1900.0,1900 New Zealand film,84.33,0.0,1,0,New Zealand,New Zealand,
Eagle vs Shark,Eagle vs Shark,eagle vs shark,film,2007.0,2007 film by Taika Waititi,84.33,0.0,1,0,New Zealand,New Zealand,
Everest (2015 film),Everest,everest,film,2015.0,2015 film directed by Baltasar Kormákur,84.33,0.0,1,0,New Zealand,New Zealand,
Everything We Loved,Everything We Loved,everything we loved,film,2014.0,2014 New Zealand film,84.33,0.0,1,0,New Zealand,New Zealand,
Heavenly Creatures,Heavenly Creatures,heavenly creatures,film,1994.0,1994 New Zealand biographical film by Peter Jackson,84.33,0.0,1,0,New Zealand,New Zealand,
Hei Tiki,Hei Tiki,hei tiki,film,1935.0,1935 film,84.33,0.0,1,0,New Zealand,New Zealand,
Hinemoa (1913 film),Hinemoa,hinemoa,film,1913.0,1913 French film,84.33,0.0,1,0,New Zealand,New Zealand,
Hinemoa (1914 film),Hinemoa,hinemoa,film,1914.0,1914 New Zealand film,84.33,0.0,1,0,New Zealand,New Zealand,
How Chief Te Ponga Won His Bride,How Chief Te Ponga Won His Bride,how chief te ponga won his bride,film,1913.0,1913 film,84.33,0.0,1,0,New Zealand,New Zealand,
Hunt for the Wilderpeople,Hunt for the Wilderpeople,hunt for the wilderpeople,film,2016.0,2016 film by Taika Waititi,84.33,0.0,1,0,New Zealand,New Zealand,
In Search of the Castaways (film),In Search of the Castaways,in search of the castaways,film,1962.0,1962 film by Robert Stevenson,84.33,0.0,1,0,New Zealand,New Zealand,
Jaal: The Trap,Jaal: The Trap,jaal the trap,film,2003.0,2003 Indian film,84.33,0.0,1,0,New Zealand,New Zealand,
Journey for Three,Journey for Three,journey for three,film,,New Zealand black-and-white immigration propaganda film,84.33,0.0,1,0,New Zealand,New Zealand,
Carbine's Heritage,Carbine's Heritage,carbines heritage,film,1927.0,1927 film,84.33,0.0,1,0,New Zealand,New Zealand,
The Changeover (film),The Changeover,changeover,film,2017.0,2017 New Zealand film,84.33,0.0,1,0,New Zealand,New Zealand,
The Children of Captain Grant (film),The Children of Captain Grant,children of captain grant,film,1936.0,1936 Soviet film,84.33,0.0,1,0,New Zealand,New Zealand,
Gone Up North for a While,Gone Up North for a While,gone up north for a while,film,1972.0,1972 New Zealand film,84.33,0.0,1,0,New Zealand,New Zealand,
Goodbye Pork Pie,Goodbye Pork Pie,goodbye pork pie,film,1981.0,1981 film by Geoff Murphy,84.33,0.0,1,0,New Zealand,New Zealand,
Green Dolphin Street (film),Green Dolphin Street,green dolphin street,film,1947.0,1947 film by Victor Saville,84.33,0.0,1,0,New Zealand,New Zealand,
Head South,Head South,head south,film,,New Zealand comedy drama film,84.33,0.0,1,0,New Zealand,New Zealand,
Many Kisses Later,Many Kisses Later,many kisses later,film,2009.0,2009 Italian film,84.33,0.0,1,0,New Zealand,New Zealand,
Mahana (film),Mahana,mahana,film,2016.0,2016 film by Lee Tamahori,84.33,0.0,1,0,New Zealand,New Zealand,
Life of Josutty,Life of Josutty,life of josutty,film,2015.0,2015 Indian film,84.33,0.0,1,0,New Zealand,New Zealand,
The Lie (2024 film),The Lie,lie,film,2024.0,2024 New Zealand film,84.33,0.0,1,0,New Zealand,New Zealand,
Bellbird (film),Bellbird,bellbird,film,2018.0,2018 film directed by Hamish Bennett,84.33,0.0,1,0,New Zealand,New Zealand,
Bookworm (film),Bookworm,bookworm,film,,New Zealand comedy drama film by Ant Timpson,84.33,0.0,1,0,New Zealand,New Zealand,
Ka Whawhai Tonu,Ka Whawhai Tonu,ka whawhai tonu,film,,New Zealand historical drama film by Michael Jonathan,84.33,0.0,1,0,New Zealand,New Zealand,
The Legend of Zorro,The Legend of Zorro,legend of zorro,film,2005.0,2005 swashbuckler film by Martin Campbell,84.33,0.0,1,0,New Zealand,New Zealand,
Jubilee (2000 film),Jubilee,jubilee,film,2000.0,New Zealand comedy drama film directed by Michael Hurst,84.33,0.0,1,0,New Zealand,New Zealand,
The Price of Milk,The Price of Milk,price of milk,film,2000.0,2000 New Zealand film,84.33,0.0,1,0,New Zealand,New Zealand,
Predicament (2010 film),Predicament,predicament,film,2010.0,2010 New Zealand film,84.33,0.0,1,0,New Zealand,New Zealand,
Pork Pie (film),Pork Pie,pork pie,film,2017.0,2017 New Zealand film,84.33,0.0,1,0,New Zealand,New Zealand,
Players (2012 film),Players,players,film,2012.0,2012 Indian film by Abbas and Mustan Burmawalla,84.33,0.0,1,0,New Zealand,New Zealand,
Pallet on the Floor,Pallet on the Floor,pallet on the floor,film,1986.0,1986 film,84.33,0.0,1,0,New Zealand,New Zealand,
Opening of the Auckland Industrial and Mining Exhibition,Opening of the Auckland Industrial and Mining Exhibition,opening of the auckland industrial and mining exhibition,film,1898.0,1898 New Zealand film,84.33,0.0,1,0,New Zealand,New Zealand,
On the Friendly Road,On the Friendly Road,on the friendly road,film,1936.0,1936 New Zealand film,84.33,0.0,1,0,New Zealand,New Zealand,
No One Can Hear You (film),No One Can Hear You,no one can hear you,film,2001.0,2001 film New Zealand thriller,84.33,0.0,1,0,New Zealand,New Zealand,
No Māori Allowed,No Māori Allowed,no maori allowed,film,2022.0,2022 New Zealand film,84.33,0.0,1,0,New Zealand,New Zealand,
Ngati,Ngati,ngati,film,1987.0,1987 New Zealand film,84.33,0.0,1,0,New Zealand,New Zealand,
Never Say Die (1988 film),Never Say Die,never say die,film,1988.0,1988 New Zealand film,84.33,0.0,1,0,New Zealand,New Zealand,
Forgive Us All,Forgive Us All,forgive us all,film,,New Zealand horror film by Jordana Stott,84.33,0.0,1,0,New Zealand,New Zealand,
Fly Away Home,Fly Away Home,fly away home,film,1996.0,1996 film by Carroll Ballard,84.33,0.0,1,0,New Zealand,New Zealand,
Fleeting Beauty,Fleeting Beauty,fleeting beauty,film,2004.0,2004 New Zealand film,84.33,0.0,1,0,New Zealand,New Zealand,
The Mountain (2024 film),The Mountain,mountain,film,2024.0,New Zealand comedy drama film by Rachel House,84.33,0.0,1,0,New Zealand,New Zealand,
The Moon Is Upside Down,The Moon Is Upside Down,moon is upside down,film,,New Zealand comedy drama film by Loren Taylor,84.33,0.0,1,0,New Zealand,New Zealand,
Mr. Wrong (1985 film),Mr. Wrong,mr. wrong,film,1985.0,1985 New Zealand horror film,84.33,0.0,1,0,New Zealand,New Zealand,
Millie Lies Low,Millie Lies Low,millie lies low,film,2021.0,2021 New Zealand film,84.33,0.0,1,0,New Zealand,New Zealand,
Memory & Desire,Memory & Desire,memory & desire,film,1998.0,1998 film by Niki Caro,84.33,0.0,1,0,New Zealand,New Zealand,
Mega Time Squad,Mega Time Squad,mega time squad,film,2018.0,2018 New Zealand film,84.33,0.0,1,0,New Zealand,New Zealand,
Mauri (film),Mauri,mauri,film,1988.0,1988 New Zealand film by Merata Mita,84.33,0.0,1,0,New Zealand,New Zealand,
Mark II (film),Mark II,mark ii,film,1986.0,1986 New Zealand road film,84.33,0.0,1,0,New Zealand,New Zealand,
A Maori Maid's Love,A Maori Maid's Love,maori maids love,film,1916.0,1916 Australian film,84.33,0.0,1,0,New Zealand,New Zealand,
Bread and Roses (1993 film),Bread and Roses,bread and roses,film,1993.0,1993 New Zealand biographical film,84.33,0.0,1,0,New Zealand,New Zealand,
Boy (2010 film),Boy,boy,film,2010.0,2010 film by Taika Waititi,84.33,0.0,1,0,New Zealand,New Zealand,
Braindead (film),Braindead,braindead,film,1992.0,1992 film by Peter Jackson,84.33,0.0,1,0,New Zealand,New Zealand,
Cape Forlorn,Cape Forlorn,cape forlorn,film,1931.0,1931 film,84.33,0.0,1,0,New Zealand,New Zealand,
50 Ways of Saying Fabulous,50 Ways of Saying Fabulous,50 ways of saying fabulous,film,2005.0,2005 New Zealand drama film,84.33,0.0,1,0,New Zealand,New Zealand,
Angel Mine,Angel Mine,angel mine,film,1978.0,1978 New Zealand fantasy fiction film,84.33,0.0,1,0,New Zealand,New Zealand,
Black Sheep (2006 New Zealand film),Black Sheep,black sheep,film,2006.0,New Zealand comedy horror film by Jonathan King,84.33,0.0,1,0,New Zealand,New Zealand,
The Birth of New Zealand,The Birth of New Zealand,birth of new zealand,film,1922.0,1922 film,84.33,0.0,1,0,New Zealand,New Zealand,
Mulan (2020 film),Mulan,mulan,film,2020.0,Disney film by Niki Caro,84.33,0.0,1,0,New Zealand,New Zealand,
Beyond Reasonable Doubt (1980 film),Beyond Reasonable Doubt,beyond reasonable doubt,film,1980.0,1980 New Zealand film,84.33,0.0,1,0,New Zealand,New Zealand,
Muru (film),Muru,muru,film,2022.0,2022 New Zealand historical action film,84.33,0.0,1,0,New Zealand,New Zealand,
The Navigator: A Medieval Odyssey,The Navigator: A Medieval Odyssey,navigator a medieval odyssey,film,1988.0,1988 New Zealand film,84.33,0.0,1,0,New Zealand,New Zealand,
The Bloke from Freeman's Bay,The Bloke from Freeman's Bay,bloke from freemans bay,film,1920.0,1920 New Zealand short comedy film,84.33,0.0,1,0,New Zealand,New Zealand,
Bride Flight,Bride Flight,bride flight,film,2008.0,2008 film,84.33,0.0,1,0,New Zealand,New Zealand,
Bungee Jumping of Their Own,Bungee Jumping of Their Own,bungee jumping of their own,film,2001.0,2001 film by Kim Dae-seung,84.33,0.0,1,0,New Zealand,New Zealand,
Came a Hot Friday,Came a Hot Friday,came a hot friday,film,1985.0,1985 film by Ian Mune,84.33,0.0,1,0,New Zealand,New Zealand,
An Angel at My Table,An Angel at My Table,angel at my table,film,1990.0,1990 film by Jane Campion,84.33,0.0,1,0,New Zealand,New Zealand,
Richard (film),Richard,richard,film,1972.0,1972 American film,84.26,0.0,1,0,Richard Nixon,Richard Nixon,
Secret Honor,Secret Honor,secret honor,film,1984.0,1984 film by Robert Altman,84.26,0.0,1,0,Richard Nixon,Richard Nixon,
Men of Crisis: The Harvey Wallinger Story,Men of Crisis: The Harvey Wallinger Story,men of crisis the harvey wallinger story,film,1971.0,1971 American film,84.26,0.0,1,0,Richard Nixon,Richard Nixon,
The Assassination of Richard Nixon,The Assassination of Richard Nixon,assassination of richard nixon,film,2004.0,2004 film,84.26,0.0,1,0,Richard Nixon,Richard Nixon,
Another Nice Mess,Another Nice Mess,another nice mess,film,1972.0,1972 film by Bob Einstein,84.26,0.0,1,0,Richard Nixon,Richard Nixon,
Nixon (film),Nixon,nixon,film,1995.0,1995 film by Oliver Stone,84.26,0.0,1,0,Richard Nixon,Richard Nixon,
Emergency (2025 film),Emergency,emergency,film,2025.0,2025 Indian film by Kangana Ranaut,84.26,0.0,1,0,Richard Nixon,Richard Nixon,
The Selling of the President 1968,The Selling of the President 1968,selling of the president 1968,novel,1969.0,1969 book by Joe McGinniss,84.26,0.0,1,0,Richard Nixon,Richard Nixon,
Dick (film),Dick,dick,film,1999.0,1999 film by Andrew Fleming,84.26,0.0,1,0,Richard Nixon,Richard Nixon,
Four More Years,Four More Years,four more years,film,1972.0,1972 film,84.26,0.0,1,0,Richard Nixon,Richard Nixon,
Six Crises,Six Crises,six crises,novel,1962.0,1962 book by Richard Nixon,84.26,0.0,1,0,Richard Nixon,Richard Nixon,
Crooked (novel),Crooked,crooked,novel,2015.0,2015 novel by Austin Grossman,84.26,0.0,1,0,Richard Nixon,Richard Nixon,
White House Madness,White House Madness,white house madness,film,1975.0,1975 American film,84.26,0.0,1,0,Richard Nixon,Richard Nixon,
The Nixon Administration and the Death of Allende's Chile,The Nixon Administration and the Death of Allende's Chile,nixon administration and the death of allendes chile,novel,2005.0,2005 book by Jonathan Haslam,84.26,0.0,1,0,Richard Nixon,Richard Nixon,
Our Gang (novel),Our Gang,our gang,novel,,Novel by Philip Roth,84.26,0.0,1,0,Richard Nixon,Richard Nixon,
Hot Resort,Hot Resort,hot resort,film,1985.0,1985 American film,84.07,84.07,1,1,St. Kitts,St. Kitts,St. Kitts
The Laundromat (2019 film),The Laundromat,laundromat,film,2019.0,2019 film by Steven Soderbergh,84.07,84.07,1,1,St. Kitts,St. Kitts,St. Kitts
Shabaash Mithu,Shabaash Mithu,shabaash mithu,film,2022.0,2022 Indian sports biographical film,84.07,84.07,1,1,St. Kitts,St. Kitts,St. Kitts
65 Revisited,65 Revisited,65 revisited,film,2007.0,2007 American film,84.01,0.0,1,0,Bob Dylan,Bob Dylan,
Festival (1967 film),Festival,festival,film,1967.0,1967 film by Murray Lerner,84.01,0.0,1,0,Bob Dylan,Bob Dylan,
Safe Men,Safe Men,safe men,film,1998.0,1998 film,83.82,0.0,1,0,Rhode Island,Rhode Island,
Stewie Griffin: The Untold Story,Stewie Griffin: The Untold Story,stewie griffin the untold story,film,2005.0,2005 direct-to-video film by Pete Michaels,83.82,0.0,1,0,Rhode Island,Rhode Island,
Tenebrae (film),Tenebrae,tenebrae,film,1982.0,1982 Italian giallo film by Dario Argento,83.82,0.0,1,0,Rhode Island,Rhode Island,
Stuck (2007 film),Stuck,stuck,film,2007.0,2007 Canadian film,83.82,0.0,1,0,Rhode Island,Rhode Island,
The Resurrected,The Resurrected,resurrected,film,1991.0,1991 film directed by Dan O'Bannon,83.82,0.0,1,0,Rhode Island,Rhode Island,
Reversal of Fortune,Reversal of Fortune,reversal of fortune,film,1990.0,1990 film by Barbet Schroeder,83.82,0.0,1,0,Rhode Island,Rhode Island,
The Viking (1928 film),The Viking,viking,film,1928.0,1928 film by Roy William Neill,83.82,0.0,1,0,Rhode Island,Rhode Island,
Mr. North,Mr. North,mr. north,film,1988.0,1988 film by Danny Huston,83.82,0.0,1,0,Rhode Island,Rhode Island,
A Wake in Providence (film),A Wake in Providence,wake in providence,film,1999.0,1999 American film,83.82,0.0,1,0,Rhode Island,Rhode Island,
The Witches of Eastwick (film),The Witches of Eastwick,witches of eastwick,film,1987.0,1987 film by George Miller,83.82,0.0,1,0,Rhode Island,Rhode Island,
The Sisterhood of the Traveling Pants 2,The Sisterhood of the Traveling Pants 2,sisterhood of the traveling pants 2,film,2008.0,2008 film directed by Sanaa Hamri,83.82,0.0,1,0,Rhode Island,Rhode Island,
The Secret Heart,The Secret Heart,secret heart,film,1946.0,1946 film by Robert Zigler Leonard,83.82,0.0,1,0,Rhode Island,Rhode Island,
There's Something About Mary,There's Something About Mary,theres something about mary,film,1998.0,1998 film by Peter Farrelly and Bobby Farrelly,83.82,0.0,1,0,Rhode Island,Rhode Island,
The Survivor (2021 film),The Survivor,survivor,film,2021.0,2021 Canada-US biographical drama film,83.82,0.0,1,0,Rhode Island,Rhode Island,
Ricky Stanicky,Ricky Stanicky,ricky stanicky,film,2024.0,2024 comedy film directed by Peter Farrelly,83.82,0.0,1,0,Rhode Island,Rhode Island,
Pawtucket Rising,Pawtucket Rising,pawtucket rising,film,2008.0,2008 American film,83.82,0.0,1,0,Rhode Island,Rhode Island,
Osmosis Jones,Osmosis Jones,osmosis jones,film,2001.0,2001 live-action/animated film,83.82,0.0,1,0,Rhode Island,Rhode Island,
Other People's Money,Other People's Money,other peoples money,film,1991.0,1991 film by Norman Jewison,83.82,0.0,1,0,Rhode Island,Rhode Island,
Outside Providence (film),Outside Providence,outside providence,film,1999.0,1999 American teen stoner comedy film directed by Michael Corrente,83.82,0.0,1,0,Rhode Island,Rhode Island,
My Old School (2013 film),My Old School,my old school,film,2013.0,2013 American film,83.82,0.0,1,0,Rhode Island,Rhode Island,
Clockers (novel),Clockers,clockers,novel,1992.0,1992 book by Richard Price,83.8,0.0,1,0,New Jersey,New Jersey,
Confessions of a Teenage Drama Queen (novel),Confessions of a Teenage Drama Queen,confessions of a teenage drama queen,novel,1999.0,1999 book by Dyan Sheldon,83.8,0.0,1,0,New Jersey,New Jersey,
The Brief Wondrous Life of Oscar Wao,The Brief Wondrous Life of Oscar Wao,brief wondrous life of oscar wao,novel,2007.0,2007 novel by Junot Díaz,83.8,0.0,1,0,New Jersey,New Jersey,
Call of the Jersey Devil,Call of the Jersey Devil,call of the jersey devil,novel,2013.0,2013 novel by Aurelio Voltaire,83.8,0.0,1,0,New Jersey,New Jersey,
Camino Island,Camino Island,camino island,novel,2017.0,2017 novel by John Grisham,83.8,0.0,1,0,New Jersey,New Jersey,
The Candy Butcher's Farewell,The Candy Butcher's Farewell,candy butchers farewell,novel,1964.0,1964 novel by Lester Goran,83.8,0.0,1,0,New Jersey,New Jersey,
Cheaper by the Dozen,Cheaper by the Dozen,cheaper by the dozen,novel,1948.0,1948 novel by Gilbreth and Gilbreth Carey,83.8,0.0,1,0,New Jersey,New Jersey,
Chicken Trek,Chicken Trek,chicken trek,novel,1987.0,1987 novel by Stephen Manes,83.8,0.0,1,0,New Jersey,New Jersey,
Alone in the Dark (1982 film),Alone in the Dark,alone in the dark,film,1982.0,1982 American slasher film by Jack Sholder,83.8,0.0,1,0,New Jersey,New Jersey,
American Desi,American Desi,american desi,film,2001.0,2001 film by Piyush Dinker Pandya,83.8,0.0,1,0,New Jersey,New Jersey,
The Cookout,The Cookout,cookout,film,2004.0,2004 film by Lance Rivera,83.8,0.0,1,0,New Jersey,New Jersey,
Cop Land,Cop Land,cop land,film,1997.0,1997 American crime drama film by James Mangold,83.8,0.0,1,0,New Jersey,New Jersey,
Cosmopolitan (film),Cosmopolitan,cosmopolitan,film,2003.0,2003 American film,83.8,0.0,1,0,New Jersey,New Jersey,
Coyote Ugly,Coyote Ugly,coyote ugly,film,2000.0,2000 film by David McNally,83.8,0.0,1,0,New Jersey,New Jersey,
The Crew (2000 film),The Crew,crew,film,2000.0,2000 film by Michael Dinner,83.8,0.0,1,0,New Jersey,New Jersey,
The Crossing (2000 film),The Crossing,crossing,film,2000.0,2000 film directed by Robert Harmon,83.8,0.0,1,0,New Jersey,New Jersey,
Crutch (film),Crutch,crutch,film,2004.0,2004 American film,83.8,0.0,1,0,New Jersey,New Jersey,
The Abstinence Teacher,The Abstinence Teacher,abstinence teacher,novel,2007.0,2007 novel by Tom Perrotta,83.8,0.0,1,0,New Jersey,New Jersey,
The Accursed (Oates novel),The Accursed (Oates novel),accursed oates novel,novel,,Book by Joyce Carol Oates,83.8,0.0,1,0,New Jersey,New Jersey,
The Anomaly (novel),The Anomaly,anomaly,novel,2020.0,2020 novel by Hervé Le Tellier,83.8,0.0,1,0,New Jersey,New Jersey,
"Are You There God? It's Me, Margaret.","Are You There God? It's Me, Margaret.",are you there god its me margaret.,novel,1970.0,1970 novel by Judy Blume,83.8,0.0,1,0,New Jersey,New Jersey,
Bannertail,Bannertail,bannertail,novel,1922.0,1922 novel by Ernest Thompson Seton,83.8,0.0,1,0,New Jersey,New Jersey,
Born Confused,Born Confused,born confused,novel,2002.0,2002 novel by Tanuja Desai Hidier,83.8,0.0,1,0,New Jersey,New Jersey,
"Alice, Sweet Alice","Alice, Sweet Alice",alice sweet alice,film,1976.0,1976 American slasher film by Alfred Sole,83.8,0.0,1,0,New Jersey,New Jersey,
The Adventures of Buckaroo Banzai Across the 8th Dimension,The Adventures of Buckaroo Banzai Across the 8th Dimension,adventures of buckaroo banzai across the 8th dimension,film,1984.0,1984 American science fiction film by W. D. Richter,83.8,0.0,1,0,New Jersey,New Jersey,
Forever... (novel),Forever...,forever...,novel,1975.0,1975 novel by Judy Blume,83.8,0.0,1,0,New Jersey,New Jersey,
The Fighting Ground,The Fighting Ground,fighting ground,novel,1984.0,1984 children's novel by Avi,83.8,0.0,1,0,New Jersey,New Jersey,
August Underground,August Underground,august underground,film,2001.0,2001 American exploitation horror film directed by Fred Vogel,83.8,0.0,1,0,New Jersey,New Jersey,
Aqua Teen Hunger Force Colon Movie Film for Theaters,Aqua Teen Hunger Force Colon Movie Film for Theaters,aqua teen hunger force colon movie film for theaters,film,2007.0,2007 film directed by Matt Maiellaro and Dave Willis,83.8,0.0,1,0,New Jersey,New Jersey,
Everyman (novel),Everyman,everyman,novel,2006.0,2006 novel by Philip Roth,83.8,0.0,1,0,New Jersey,New Jersey,
Boy Meets Boy (novel),Boy Meets Boy,boy meets boy,novel,2003.0,2003 novel by David Levithan,83.8,0.0,1,0,New Jersey,New Jersey,
The Hoboken Chicken Emergency,The Hoboken Chicken Emergency,hoboken chicken emergency,novel,1977.0,1977 children's book by Daniel and Jill Pinkwater,83.8,0.0,1,0,New Jersey,New Jersey,
Heroes (novel),Heroes,heroes,novel,,Novel by Robert Cormier,83.8,0.0,1,0,New Jersey,New Jersey,
Halfway House (novel),Halfway House,halfway house,novel,1936.0,1936 novel by Ellery Queen,83.8,0.0,1,0,New Jersey,New Jersey,
Gut Symmetries,Gut Symmetries,gut symmetries,novel,1997.0,1997 novel by Jeanette Winterson,83.8,0.0,1,0,New Jersey,New Jersey,
Garden State (novel),Garden State,garden state,novel,1992.0,1992 novel by Rick Moody,83.8,0.0,1,0,New Jersey,New Jersey,
A Friend of the Family (novel),A Friend of the Family,friend of the family,novel,2009.0,2009 novel by Lauren Grodstein,83.8,0.0,1,0,New Jersey,New Jersey,
Friday the 13th: Church of the Divine Psychopath,Friday the 13th: Church of the Divine Psychopath,friday the 13th church of the divine psychopath,novel,2005.0,2005 novel by Scott S. Phillips,83.8,0.0,1,0,New Jersey,New Jersey,
Confessions of a Teenage Drama Queen,Confessions of a Teenage Drama Queen,confessions of a teenage drama queen,film,2004.0,2004 film by Sara Sugarman,83.8,0.0,1,0,New Jersey,New Jersey,
Coneheads (film),Coneheads,coneheads,film,1993.0,1993 film by Steve Barron,83.8,0.0,1,0,New Jersey,New Jersey,
The Collingswood Story,The Collingswood Story,collingswood story,film,2002.0,2002 American film,83.8,0.0,1,0,New Jersey,New Jersey,
Election (novel),Election,election,novel,1998.0,1998 novel by Tom Perrotta,83.8,0.0,1,0,New Jersey,New Jersey,
Dear Edward,Dear Edward,dear edward,novel,2020.0,2020 American novel,83.8,0.0,1,0,New Jersey,New Jersey,
Deal Breaker,Deal Breaker,deal breaker,novel,1995.0,1995 thriller novel by Harlan Coben,83.8,0.0,1,0,New Jersey,New Jersey,
Damascus House,Damascus House,damascus house,novel,2016.0,2016 book by Corrina Wycoff,83.8,0.0,1,0,New Jersey,New Jersey,
Creepers (novel),Creepers,creepers,novel,2005.0,2005 novel by David Morrell,83.8,0.0,1,0,New Jersey,New Jersey,
A Boy's Own Story,A Boy's Own Story,boys own story,novel,1982.0,1982 novel by Edmund White,83.8,0.0,1,0,New Jersey,New Jersey,
The 4:30 Movie (film),The 4:30 Movie,430 movie,film,,Film by Kevin Smith,83.8,0.0,1,0,New Jersey,New Jersey,
A.I. Artificial Intelligence,A.I. Artificial Intelligence,a.i. artificial intelligence,film,2001.0,2001 film by Steven Spielberg,83.8,0.0,1,0,New Jersey,New Jersey,
54 (film),54,54,film,1998.0,1998 film by Mark Christopher,83.8,0.0,1,0,New Jersey,New Jersey,
According to Greta,According to Greta,according to greta,film,2009.0,2009 film by Nancy Bardawil,83.8,0.0,1,0,New Jersey,New Jersey,
Achchamundu! Achchamundu!,Achchamundu! Achchamundu!,achchamundu achchamundu,film,2009.0,2009 Indian film,83.8,0.0,1,0,New Jersey,New Jersey,
Admission (film),Admission,admission,film,2013.0,2013 American film,83.8,0.0,1,0,New Jersey,New Jersey,
The Addams Family (2019 film),The Addams Family,addams family,film,2019.0,2019 film by Conrad Vernon and Greg Tiernan,83.8,0.0,1,0,New Jersey,New Jersey,
Adventures of Power,Adventures of Power,adventures of power,film,2008.0,2008 film by Ari Gold,83.8,0.0,1,0,New Jersey,New Jersey,
13th Child,13th Child,13th child,film,2002.0,2002 American film,83.8,0.0,1,0,New Jersey,New Jersey,
Florence Adler Swims Forever,Florence Adler Swims Forever,florence adler swims forever,novel,2020.0,2020 novel by Rachel Beanland,83.8,0.0,1,0,New Jersey,New Jersey,
The Boy Who Went Away,The Boy Who Went Away,boy who went away,novel,,Book by Eli Gottlieb,83.8,0.0,1,0,New Jersey,New Jersey,
"Class of Nuke 'Em High 3: The Good, the Bad and the Subhumanoid","Class of Nuke 'Em High 3: The Good, the Bad and the Subhumanoid",class of nuke em high 3 the good the bad and the subhumanoid,film,1994.0,1994 American film,83.8,0.0,1,0,New Jersey,New Jersey,
Class of Nuke 'Em High,Class of Nuke 'Em High,class of nuke em high,film,1986.0,1986 American film,83.8,0.0,1,0,New Jersey,New Jersey,
Clerks III,Clerks III,clerks iii,film,2022.0,2022 comedy film by Kevin Smith,83.8,0.0,1,0,New Jersey,New Jersey,
Artie Lange's Beer League,Artie Lange's Beer League,artie langes beer league,film,2006.0,2006 film by Frank Sebastiano,83.8,0.0,1,0,New Jersey,New Jersey,
"Are You There God? It's Me, Margaret. (film)","Are You There God? It's Me, Margaret.",are you there god its me margaret.,film,2023.0,2023 film by Kelly Fremon Craig,83.8,0.0,1,0,New Jersey,New Jersey,
The Angrez,The Angrez,angrez,film,2005.0,2005 Indian film,83.8,0.0,1,0,New Jersey,New Jersey,
Clerks II,Clerks II,clerks ii,film,2006.0,2006 film directed by Kevin Smith,83.8,0.0,1,0,New Jersey,New Jersey,
Clerks (film),Clerks,clerks,film,1994.0,1994 film by Kevin Smith,83.8,0.0,1,0,New Jersey,New Jersey,
Another Day Another Life,Another Day Another Life,another day another life,film,2009.0,2009 American film,83.8,0.0,1,0,New Jersey,New Jersey,
"Anytown, USA (film)","Anytown, USA",anytown usa,film,2005.0,2005 American film,83.8,0.0,1,0,New Jersey,New Jersey,
Anna to the Infinite Power,Anna to the Infinite Power,anna to the infinite power,film,1983.0,1983 film by Robert Wiemer,83.8,0.0,1,0,New Jersey,New Jersey,
Noah's Ark (Pinkney book),Noah's Ark (Pinkney book),noahs ark pinkney book,novel,,Book by Jerry Pinkney,83.77,83.77,1,1,Noah's Ark,Noah's Ark,Noah's Ark
The Adorable Outcast,The Adorable Outcast,adorable outcast,film,1928.0,1928 film directed by Norman Dawn,83.72,83.72,1,1,World Ocean,World Ocean,World Ocean
Adventure Island (film),Adventure Island,adventure island,film,1947.0,1947 American film,83.72,83.72,1,1,World Ocean,World Ocean,World Ocean
Adventure's End,Adventure's End,adventures end,film,1937.0,1937 film,83.72,83.72,1,1,World Ocean,World Ocean,World Ocean
Air Devils,Air Devils,air devils,film,1938.0,1938 film by John Rawlins,83.72,83.72,1,1,World Ocean,World Ocean,World Ocean
Ebb Tide (1922 film),Ebb Tide,ebb tide,film,1922.0,1922 film by George Melford,83.72,83.72,1,1,World Ocean,World Ocean,World Ocean
Coral Reefs (film),Coral Reefs,coral reefs,film,1939.0,1939 German film,83.72,83.72,1,1,World Ocean,World Ocean,World Ocean
The Devil in the Bottle,The Devil in the Bottle,devil in the bottle,film,1935.0,1935 film,83.72,83.72,1,1,World Ocean,World Ocean,World Ocean
Bird of Paradise (1932 film),Bird of Paradise,bird of paradise,film,1932.0,1932 film by King Vidor,83.72,83.72,1,1,World Ocean,World Ocean,World Ocean
Battle of Blood Island,Battle of Blood Island,battle of blood island,film,1960.0,1960 film,83.72,83.72,1,1,World Ocean,World Ocean,World Ocean
Aloma of the South Seas (1941 film),Aloma of the South Seas,aloma of the south seas,film,1941.0,1941 film by Alfred Santell,83.72,83.72,1,1,World Ocean,World Ocean,World Ocean
The Blue Lagoon (1949 film),The Blue Lagoon,blue lagoon,film,1949.0,1949 film by Frank Launder,83.72,83.72,1,1,World Ocean,World Ocean,World Ocean
The Blue Lagoon (1980 film),The Blue Lagoon,blue lagoon,film,1980.0,American film by Randal Kleiser,83.72,83.72,1,1,World Ocean,World Ocean,World Ocean
Call of the South Seas,Call of the South Seas,call of the south seas,film,1944.0,1944 film by John English,83.72,83.72,1,1,World Ocean,World Ocean,World Ocean
Brown on Resolution (film),Brown on Resolution,brown on resolution,film,1935.0,1935 British film by Anthony Asquith and Walter Forde,83.72,83.72,1,1,World Ocean,World Ocean,World Ocean
Captain Calamity (film),Captain Calamity,captain calamity,film,1936.0,1936 film by John Reinhardt,83.72,83.72,1,1,World Ocean,World Ocean,World Ocean
Cast Away,Cast Away,cast away,film,2000.0,2000 film by Robert Zemeckis,83.72,83.72,1,1,World Ocean,World Ocean,World Ocean
Bird of Paradise (1951 film),Bird of Paradise,bird of paradise,film,1951.0,1951 drama film directed by Delmer Daves,83.72,83.72,1,1,World Ocean,World Ocean,World Ocean
Atoll K,Atoll K,atoll k,film,1951.0,1951 French film,83.72,83.72,1,1,World Ocean,World Ocean,World Ocean
Devil Monster,Devil Monster,devil monster,film,1936.0,1936 American film,83.72,83.72,1,1,World Ocean,World Ocean,World Ocean
Boy of the South Seas,Boy of the South Seas,boy of the south seas,novel,,Novel by Eunice Tietjens,83.72,83.72,1,1,World Ocean,World Ocean,World Ocean
The Blue Lagoon (novel),The Blue Lagoon,blue lagoon,novel,1908.0,1908 novel by Henry De Vere Stacpoole,83.72,83.72,1,1,World Ocean,World Ocean,World Ocean
The Big War,The Big War,big war,novel,1957.0,1957 novel by Anton Myrer,83.72,83.72,1,1,World Ocean,World Ocean,World Ocean
Beat Not the Bones,Beat Not the Bones,beat not the bones,novel,1952.0,1952 novel by Charlotte Jay,83.72,83.72,1,1,World Ocean,World Ocean,World Ocean
The Beach of Falesá,The Beach of Falesá,beach of falesa,novel,1892.0,1892 novella by Robert Louis Stevenson,83.72,83.72,1,1,World Ocean,World Ocean,World Ocean
Angel Island (novel),Angel Island,angel island,novel,1914.0,1914 novel by Inez Haynes Gillmore,83.72,83.72,1,1,World Ocean,World Ocean,World Ocean
Aline and Valcour,Aline and Valcour,aline and valcour,novel,,1795 novel by the Marquis de Sade,83.72,83.72,1,1,World Ocean,World Ocean,World Ocean
Wake Island (film),Wake Island,wake island,film,1942.0,1942 action drama war film by John Farrow,83.72,83.72,1,1,World Ocean,World Ocean,World Ocean
Voodoo Island,Voodoo Island,voodoo island,film,1957.0,1957 film by Reginald Le Borg,83.72,83.72,1,1,World Ocean,World Ocean,World Ocean
Venus of the South Seas,Venus of the South Seas,venus of the south seas,film,1924.0,1924 film,83.72,83.72,1,1,World Ocean,World Ocean,World Ocean
Untamed Women,Untamed Women,untamed women,film,1952.0,1952 film,83.72,83.72,1,1,World Ocean,World Ocean,World Ocean
Two Lost Worlds,Two Lost Worlds,two lost worlds,film,1950.0,1950 film by Norman Dawn,83.72,83.72,1,1,World Ocean,World Ocean,World Ocean
Ten Thousand Miles in the Southern Cross,Ten Thousand Miles in the Southern Cross,ten thousand miles in the southern cross,film,1922.0,1922 film by George Herrmann Tarr,83.72,83.72,1,1,World Ocean,World Ocean,World Ocean
Aloma of the South Seas (1926 film),Aloma of the South Seas,aloma of the south seas,film,1926.0,1926 film,83.72,83.72,1,1,World Ocean,World Ocean,World Ocean
Aloha Oe (film),Aloha Oe,aloha oe,film,1915.0,1915 American film,83.72,83.72,1,1,World Ocean,World Ocean,World Ocean
All the Brothers Were Valiant,All the Brothers Were Valiant,all the brothers were valiant,film,1953.0,1953 film by Richard Thorpe,83.72,83.72,1,1,World Ocean,World Ocean,World Ocean
South Seas genre,South Seas genre,south seas genre,film,,Literary and film genre,83.72,83.72,1,1,World Ocean,World Ocean,World Ocean
South Sea Woman,South Sea Woman,south sea woman,film,1953.0,1953 film by Arthur Lubin,83.72,83.72,1,1,World Ocean,World Ocean,World Ocean
Her Jungle Love,Her Jungle Love,her jungle love,film,1938.0,1938 film,83.72,83.72,1,1,World Ocean,World Ocean,World Ocean
Hell Ship Mutiny,Hell Ship Mutiny,hell ship mutiny,film,1957.0,"1957 film by Elmo Williams, Lee Sholem",83.72,83.72,1,1,World Ocean,World Ocean,World Ocean
Hell in the Pacific,Hell in the Pacific,hell in the pacific,film,1968.0,1968 film by John Boorman,83.72,83.72,1,1,World Ocean,World Ocean,World Ocean
Hammerhead: Shark Frenzy,Hammerhead: Shark Frenzy,hammerhead shark frenzy,film,2005.0,2005 American film,83.72,83.72,1,1,World Ocean,World Ocean,World Ocean
From Hell It Came,From Hell It Came,from hell it came,film,1957.0,1957 American horror film,83.72,83.72,1,1,World Ocean,World Ocean,World Ocean
Freddy and the Song of the South Pacific,Freddy and the Song of the South Pacific,freddy and the song of the south pacific,film,1962.0,1962 film,83.72,83.72,1,1,World Ocean,World Ocean,World Ocean
The Flower of Hawaii (1953 film),The Flower of Hawaii,flower of hawaii,film,1953.0,1953 film,83.72,83.72,1,1,World Ocean,World Ocean,World Ocean
The Ferryman (2007 film),The Ferryman,ferryman,film,2007.0,2007 New Zealand horror film by Chris Graham,83.72,83.72,1,1,World Ocean,World Ocean,World Ocean
Enchanted Island (film),Enchanted Island,enchanted island,film,1958.0,1958 film by Allan Dwan,83.72,83.72,1,1,World Ocean,World Ocean,World Ocean
Ebb Tide (1937 film),Ebb Tide,ebb tide,film,1937.0,1937 film by James P. Hogan,83.72,83.72,1,1,World Ocean,World Ocean,World Ocean
Dinosaur Island (1994 film),Dinosaur Island,dinosaur island,film,1994.0,1994 film by Jim Wynorski and Fred Olen Ray,83.72,83.72,1,1,World Ocean,World Ocean,World Ocean
The Coral Island,The Coral Island,coral island,novel,1857.0,1857 novel by R. M. Ballantyne,83.72,83.72,1,1,World Ocean,World Ocean,World Ocean
Driftwood (1928 film),Driftwood,driftwood,film,1928.0,1928 film by Christy Cabanne,83.72,83.72,1,1,World Ocean,World Ocean,World Ocean
The Conjuror's Bird,The Conjuror's Bird,conjurors bird,novel,2005.0,2005 novel by Martin Davies,83.72,83.72,1,1,World Ocean,World Ocean,World Ocean
Call It Courage,Call It Courage,call it courage,novel,1940.0,1940 novel by Armstrong Sperry,83.72,83.72,1,1,World Ocean,World Ocean,World Ocean
Cage on the Sea,Cage on the Sea,cage on the sea,novel,1998.0,1998 novel by Kaoru Ohno,83.72,83.72,1,1,World Ocean,World Ocean,World Ocean
Meg: A Novel of Deep Terror,Meg: A Novel of Deep Terror,meg a novel of deep terror,novel,,Science-fiction horror novel by Steve Alten,83.72,83.72,1,1,World Ocean,World Ocean,World Ocean
Mardi,Mardi,mardi,novel,1849.0,1849 book by Herman Melville,83.72,83.72,1,1,World Ocean,World Ocean,World Ocean
Lost Laysen,Lost Laysen,lost laysen,novel,1996.0,1996 novella by Margaret Mitchell,83.72,83.72,1,1,World Ocean,World Ocean,World Ocean
The Last Ship (novel),The Last Ship,last ship,novel,1988.0,1988 novel by William Brinkley,83.72,83.72,1,1,World Ocean,World Ocean,World Ocean
L (novel),L,l,novel,1999.0,1999 Norwegian novel,83.72,83.72,1,1,World Ocean,World Ocean,World Ocean
Kensuke's Kingdom,Kensuke's Kingdom,kensukes kingdom,novel,,Children's novel by Michael Morpurgo,83.72,83.72,1,1,World Ocean,World Ocean,World Ocean
Isles of Despair,Isles of Despair,isles of despair,novel,1947.0,1947 novel by Ion Idriess,83.72,83.72,1,1,World Ocean,World Ocean,World Ocean
The Islands of Unwisdom,The Islands of Unwisdom,islands of unwisdom,novel,1949.0,1949 novel by Robert Graves,83.72,83.72,1,1,World Ocean,World Ocean,World Ocean
Island of the Sequined Love Nun,Island of the Sequined Love Nun,island of the sequined love nun,novel,,Novel by Christopher Moore,83.72,83.72,1,1,World Ocean,World Ocean,World Ocean
The Island of Doctor Moreau,The Island of Doctor Moreau,island of doctor moreau,novel,1896.0,1896 science fiction novel by H. G. Wells,83.72,83.72,1,1,World Ocean,World Ocean,World Ocean
The Invention of Morel,The Invention of Morel,invention of morel,novel,1940.0,1940 novel by Adolfo Bioy Casares,83.72,83.72,1,1,World Ocean,World Ocean,World Ocean
Swiss Family Robinson (1960 film),Swiss Family Robinson,swiss family robinson,film,1960.0,1960 US adventure film by Ken Annakin,83.72,83.72,1,1,World Ocean,World Ocean,World Ocean
Swiss Family Robinson (1940 film),Swiss Family Robinson,swiss family robinson,film,1940.0,1940 film by Edward Ludwig,83.72,83.72,1,1,World Ocean,World Ocean,World Ocean
Space Amoeba,Space Amoeba,space amoeba,film,1970.0,1970 Japanese kaiju film,83.72,83.72,1,1,World Ocean,World Ocean,World Ocean
"Heaven Knows, Mr. Allison (novel)","Heaven Knows, Mr. Allison",heaven knows mr. allison,novel,1952.0,1952 novel by Charles Shaw,83.72,83.72,1,1,World Ocean,World Ocean,World Ocean
Godfrey Morgan,Godfrey Morgan,godfrey morgan,novel,1882.0,1882 adventure novel by Jules Verne,83.72,83.72,1,1,World Ocean,World Ocean,World Ocean
Gilligan's Wake,Gilligan's Wake,gilligans wake,novel,2003.0,2003 novel by Tom Carson,83.72,83.72,1,1,World Ocean,World Ocean,World Ocean
The Gates of Morning,The Gates of Morning,gates of morning,novel,1925.0,1925 novel by Henry De Vere Stacpoole,83.72,83.72,1,1,World Ocean,World Ocean,World Ocean
The Garden of God,The Garden of God,garden of god,novel,1923.0,1923 novel by Henry De Vere Stacpoole,83.72,83.72,1,1,World Ocean,World Ocean,World Ocean
The Ebb-Tide,The Ebb-Tide,ebb-tide,novel,1894.0,1894 novella by Robert Louis Stevenson and Lloyd Osbourne,83.72,83.72,1,1,World Ocean,World Ocean,World Ocean
Don't Go Near the Water (novel),Don't Go Near the Water,dont go near the water,novel,1956.0,1956 novel by William Brinkley,83.72,83.72,1,1,World Ocean,World Ocean,World Ocean
Debatable Land,Debatable Land,debatable land,novel,1995.0,1995 novel by Candia McWilliam,83.72,83.72,1,1,World Ocean,World Ocean,World Ocean
The Deadly Isles,The Deadly Isles,deadly isles,novel,1969.0,1969 novel by Jack Vance,83.72,83.72,1,1,World Ocean,World Ocean,World Ocean
The Dark Crusader,The Dark Crusader,dark crusader,novel,1961.0,1961 novel by Alistair MacLean,83.72,83.72,1,1,World Ocean,World Ocean,World Ocean
Danny Dunn on a Desert Island,Danny Dunn on a Desert Island,danny dunn on a desert island,novel,1957.0,1957 novel by Raymond Abrashkin,83.72,83.72,1,1,World Ocean,World Ocean,World Ocean
The Crater (novel),The Crater,crater,novel,,Novel by James Fenimore Cooper,83.72,83.72,1,1,World Ocean,World Ocean,World Ocean
Hell Island,Hell Island,hell island,novel,,Novel by Matthew Reilly,83.72,83.72,1,1,World Ocean,World Ocean,World Ocean
The Hurricane (novel),The Hurricane,hurricane,novel,,Book by James Norman Hall,83.72,83.72,1,1,World Ocean,World Ocean,World Ocean
Imperium (Kracht novel),Imperium (Kracht novel),imperium kracht novel,novel,2012.0,2012 novel by Christian Kracht,83.72,83.72,1,1,World Ocean,World Ocean,World Ocean
In the Mirror (film),In the Mirror,in the mirror,film,2020.0,2020 Latvian film,83.67,0.0,1,0,Snow White,Snow White,
Mirror Mirror (film),Mirror Mirror,mirror mirror,film,2012.0,2012 film by Tarsem Singh,83.67,0.0,1,0,Snow White,Snow White,
Six-Gun Snow White,Six-Gun Snow White,six-gun snow white,novel,2013.0,2013 fantasy novella by Catherynne M. Valente,83.67,0.0,1,0,Snow White,Snow White,
Winter (Meyer novel),Winter (Meyer novel),winter meyer novel,novel,,Science fiction novel by Marissa Meyer,83.67,0.0,1,0,Snow White,Snow White,
Snow White: A Deadly Summer,Snow White: A Deadly Summer,snow white a deadly summer,film,2012.0,2012 American film,83.67,0.0,1,0,Snow White,Snow White,
Snow White and the Three Stooges,Snow White and the Three Stooges,snow white and the three stooges,film,1961.0,1961 film by Walter Lang,83.67,0.0,1,0,Snow White,Snow White,
Snow White and the Huntsman,Snow White and the Huntsman,snow white and the huntsman,film,2012.0,2012 film by Rupert Sanders,83.67,0.0,1,0,Snow White,Snow White,
Snow White (1961 film),Snow White,snow white,film,1961.0,1961 film,83.67,0.0,1,0,Snow White,Snow White,
Snow-White (1933 film),Snow-White,snow-white,film,1933.0,1933 film,83.67,0.0,1,0,Snow White,Snow White,
Snow White (1916 film),Snow White,snow white,film,1916.0,1916 American silent romantic fantasy film directed by J. Searle Dawley,83.67,0.0,1,0,Snow White,Snow White,
Snow White (1902 film),Snow White,snow white,film,1902.0,1902 American film,83.67,0.0,1,0,Snow White,Snow White,
The New Adventures of Snow White,The New Adventures of Snow White,new adventures of snow white,film,1969.0,1969 film directed by Rolf Thiele,83.67,0.0,1,0,Snow White,Snow White,
The Seven Dwarfs to the Rescue,The Seven Dwarfs to the Rescue,seven dwarfs to the rescue,film,1951.0,1951 Italian film,83.67,0.0,1,0,Snow White,Snow White,
"Mirror, Mirror (novel)","Mirror, Mirror",mirror mirror,novel,2003.0,2003 novel by Gregory Maguire,83.67,0.0,1,0,Snow White,Snow White,
"Mira, Mirror","Mira, Mirror",mira mirror,novel,2004.0,2004 young adult fantasy novel by Mette Ivie Harrison,83.67,0.0,1,0,Snow White,Snow White,
Fairest (novel),Fairest,fairest,novel,2006.0,2006 novel by Gail Carson Levine,83.67,0.0,1,0,Snow White,Snow White,
Sydney White,Sydney White,sydney white,film,2007.0,2007 film by Joe Nussbaum,83.67,0.0,1,0,Snow White,Snow White,
Snow White: The Power of Dwarfs,Snow White: The Power of Dwarfs,snow white the power of dwarfs,film,2014.0,2014 Chinese film,83.67,0.0,1,0,Snow White,Snow White,
Snow White: The Fairest of Them All,Snow White: The Fairest of Them All,snow white the fairest of them all,film,2001.0,2001 film directed by Caroline Thompson,83.67,0.0,1,0,Snow White,Snow White,
Snow White: A Tale of Terror,Snow White: A Tale of Terror,snow white a tale of terror,film,1997.0,1997 Gothic horror film by Michael Cohn,83.67,0.0,1,0,Snow White,Snow White,
Amulet (novel),Amulet,amulet,novel,1999.0,1999 novel by Roberto Bolaño,83.62,0.0,1,0,Mexico City,Mexico City,
Battles in the Desert,Battles in the Desert,battles in the desert,novel,1980.0,1980 novella written by José Emilio Pacheco,83.62,0.0,1,0,Mexico City,Mexico City,
Caramelo,Caramelo,caramelo,novel,2002.0,2002 epic novel by Sandra Cisneros,83.62,0.0,1,0,Mexico City,Mexico City,
Cry Macho,Cry Macho,cry macho,novel,1975.0,1975 American novel by N. Richard Nash,83.62,0.0,1,0,Mexico City,Mexico City,
De perfil,De perfil,de perfil,novel,,Book by José Agustín,83.62,0.0,1,0,Mexico City,Mexico City,
El vampiro de la colonia Roma,El vampiro de la colonia Roma,el vampiro de la colonia roma,novel,1979.0,1979 novel by Luis Zapata,83.62,0.0,1,0,Mexico City,Mexico City,
Tepeyac (film),Tepeyac,tepeyac,film,1917.0,1917 Mexican film,83.62,0.0,1,0,Mexico City,Mexico City,
Streetwalker (film),Streetwalker,streetwalker,film,1951.0,1951 film,83.62,0.0,1,0,Mexico City,Mexico City,
Terminator: Dark Fate,Terminator: Dark Fate,terminator dark fate,film,2019.0,2019 American film by Tim Miller,83.62,0.0,1,0,Mexico City,Mexico City,
The Three Happy Friends,The Three Happy Friends,three happy friends,film,1952.0,1952 film,83.62,0.0,1,0,Mexico City,Mexico City,
"Tlatelolco, verano del 68","Tlatelolco, verano del 68",tlatelolco verano del 68,film,2013.0,2013 Mexican film,83.62,0.0,1,0,Mexico City,Mexico City,
Tívoli (film),Tívoli,tivoli,film,1974.0,1974 Mexican film,83.62,0.0,1,0,Mexico City,Mexico City,
To Each His Life,To Each His Life,to each his life,film,1960.0,1960 film,83.62,0.0,1,0,Mexico City,Mexico City,
180° (film),180°,180°,film,2010.0,2010 Mexican film,83.62,0.0,1,0,Mexico City,Mexico City,
We Maids,We Maids,we maids,film,1951.0,1951 film by Zacarías Gómez Urquiza,83.62,0.0,1,0,Mexico City,Mexico City,
Zátopek (film),Zátopek,zatopek,film,2021.0,2021 Czech film,83.62,0.0,1,0,Mexico City,Mexico City,
Cry Macho (film),Cry Macho,cry macho,film,2021.0,2021 film directed by Clint Eastwood,83.62,0.0,1,0,Mexico City,Mexico City,
Disappear Completely,Disappear Completely,disappear completely,film,2022.0,2022 Mexican film,83.62,0.0,1,0,Mexico City,Mexico City,
The Evil That Men Do (film),The Evil That Men Do,evil that men do,film,1984.0,1984 film by J. Lee Thompson,83.62,0.0,1,0,Mexico City,Mexico City,
The Falcon and the Snowman,The Falcon and the Snowman,falcon and the snowman,film,1985.0,1985 film by John Schlesinger,83.62,0.0,1,0,Mexico City,Mexico City,
Eddie Reynolds y los ángeles de acero,Eddie Reynolds y los ángeles de acero,eddie reynolds y los angeles de acero,film,2014.0,2014 Mexican film,83.62,0.0,1,0,Mexico City,Mexico City,
Emilia Pérez,Emilia Pérez,emilia perez,film,2024.0,2024 film by Jacques Audiard,83.62,0.0,1,0,Mexico City,Mexico City,
At Midnight (2023 film),At Midnight,at midnight,film,2023.0,2023 Mexican film,83.62,0.0,1,0,Mexico City,Mexico City,
Bad Boys for Life,Bad Boys for Life,bad boys for life,film,2020.0,2020 film directed by Adil & Bilall,83.62,0.0,1,0,Mexico City,Mexico City,
The Black Scorpion (film),The Black Scorpion,black scorpion,film,1957.0,1957 film,83.62,0.0,1,0,Mexico City,Mexico City,
Where the Air Is Clear,Where the Air Is Clear,where the air is clear,novel,1958.0,1958 novel by Carlos Fuentes,83.62,0.0,1,0,Mexico City,Mexico City,
La tumba (novel),La tumba,la tumba,novel,1964.0,1964 novel by José Agustín,83.62,0.0,1,0,Mexico City,Mexico City,
Trouble (novel),Trouble,trouble,novel,,Book by Kate Christensen,83.62,0.0,1,0,Mexico City,Mexico City,
Tristessa,Tristessa,tristessa,novel,1960.0,1960 novella by Jack Kerouac,83.62,0.0,1,0,Mexico City,Mexico City,
The Triple Hoax,The Triple Hoax,triple hoax,novel,,57th book in the Nancy Drew Mystery Series,83.62,0.0,1,0,Mexico City,Mexico City,
Cronos (film),Cronos,cronos,film,1992.0,1992 film by Guillermo del Toro,83.62,0.0,1,0,Mexico City,Mexico City,
Cindy la Regia,Cindy la Regia,cindy la regia,film,2020.0,2020 Mexican film,83.62,0.0,1,0,Mexico City,Mexico City,
The Chipmunk Adventure,The Chipmunk Adventure,chipmunk adventure,film,1987.0,1987 animated film by Janice Karman,83.62,0.0,1,0,Mexico City,Mexico City,
Queer (novel),Queer,queer,novel,1985.0,1985 novella by William S. Burroughs,83.62,0.0,1,0,Mexico City,Mexico City,
Los días y los años,Los días y los años,los dias y los anos,novel,1968.0,Mexican novel chronicling the 1968 student movement,83.62,0.0,1,0,Mexico City,Mexico City,
Less (novel),Less,less,novel,2017.0,2017 satirical novel by Andrew Sean Greer,83.62,0.0,1,0,Mexico City,Mexico City,
The Heart of Jade,The Heart of Jade,heart of jade,novel,1942.0,1942 historical novel by Salvador de Madariaga,83.62,0.0,1,0,Mexico City,Mexico City,
Faces in the Crowd (novel),Faces in the Crowd,faces in the crowd,novel,2011.0,2011 novel by Valeria Luiselli,83.62,0.0,1,0,Mexico City,Mexico City,
Trade (film),Trade,trade,film,2007.0,2007 American film,83.62,0.0,1,0,Mexico City,Mexico City,
Veneno para las hadas,Veneno para las hadas,veneno para las hadas,film,1984.0,1984 Mexican film,83.62,0.0,1,0,Mexico City,Mexico City,
The Toast (film),The Toast,toast,film,2007.0,2007 Chilean film,83.62,0.0,1,0,Mexico City,Mexico City,
Signal to Noise (Moreno-Garcia novel),Signal to Noise (Moreno-Garcia novel),signal to noise moreno-garcia novel,novel,2015.0,2015 novel by Silvia Moreno-Garcia,83.62,0.0,1,0,Mexico City,Mexico City,
The Spirit of Science Fiction,The Spirit of Science Fiction,spirit of science fiction,novel,,Novel by Roberto Bolaño,83.62,0.0,1,0,Mexico City,Mexico City,
The Savage Detectives,The Savage Detectives,savage detectives,novel,1998.0,1998 novel by Roberto Bolaño,83.62,0.0,1,0,Mexico City,Mexico City,
Aventurera,Aventurera,aventurera,film,1950.0,1950 film by Alberto Gout Àbrego,83.62,0.0,1,0,Mexico City,Mexico City,
2033 (film),2033,2033,film,2009.0,2009 Mexican film,83.62,0.0,1,0,Mexico City,Mexico City,
Chicuarotes,Chicuarotes,chicuarotes,film,2019.0,2019 film,83.62,0.0,1,0,Mexico City,Mexico City,
Caltiki – The Immortal Monster,Caltiki – The Immortal Monster,caltiki – the immortal monster,film,1959.0,1959 film,83.62,0.0,1,0,Mexico City,Mexico City,
The Brainiac,The Brainiac,brainiac,film,1962.0,1962 film,83.62,0.0,1,0,Mexico City,Mexico City,
The Blood Stain,The Blood Stain,blood stain,film,1937.0,1937 Mexican film,83.62,0.0,1,0,Mexico City,Mexico City,
Chilangolandia,Chilangolandia,chilangolandia,film,2021.0,2021 Mexican film,83.62,0.0,1,0,Mexico City,Mexico City,
A.T.M. ¡A toda máquina!,A.T.M. ¡A toda máquina!,a.t.m. ¡a toda maquina,film,1951.0,1951 Mexican film,83.62,0.0,1,0,Mexico City,Mexico City,
After Lucia,After Lucia,after lucia,film,2012.0,2012 film,83.62,0.0,1,0,Mexico City,Mexico City,
All the Freckles in the World,All the Freckles in the World,all the freckles in the world,film,2019.0,2019 Mexican film directed by Yibrán Asuad,83.62,0.0,1,0,Mexico City,Mexico City,
The Gorgeous Hussy,The Gorgeous Hussy,gorgeous hussy,film,1936.0,1936 film by Clarence Brown,83.58,83.58,1,1,Andrew Jackson,Andrew Jackson,Andrew Jackson
The Eagle of the Sea,The Eagle of the Sea,eagle of the sea,film,1926.0,1926 film,83.58,83.58,1,1,Andrew Jackson,Andrew Jackson,Andrew Jackson
Davy Crockett: King of the Wild Frontier,Davy Crockett: King of the Wild Frontier,davy crockett king of the wild frontier,film,1955.0,1955 film by Norman Foster,83.58,83.58,1,1,Andrew Jackson,Andrew Jackson,Andrew Jackson
The Age of Jackson,The Age of Jackson,age of jackson,novel,1945.0,1945 book by Arthur Schlesinger Jr.,83.58,83.58,1,1,Andrew Jackson,Andrew Jackson,Andrew Jackson
Man of Conquest,Man of Conquest,man of conquest,film,1939.0,1939 film,83.58,83.58,1,1,Andrew Jackson,Andrew Jackson,Andrew Jackson
The President's Lady,The President's Lady,presidents lady,film,1953.0,1953 film directed by Henry Levin,83.58,83.58,1,1,Andrew Jackson,Andrew Jackson,Andrew Jackson
The Remarkable Andrew,The Remarkable Andrew,remarkable andrew,film,1942.0,1942 film by Stuart Heisler,83.58,83.58,1,1,Andrew Jackson,Andrew Jackson,Andrew Jackson
Lone Star (1952 film),Lone Star,lone star,film,1952.0,1952 film by Vincent Sherman,83.58,83.58,1,1,Andrew Jackson,Andrew Jackson,Andrew Jackson
American Lion (book),American Lion,american lion,novel,2008.0,2008 book by Jon Meacham,83.58,83.58,1,1,Andrew Jackson,Andrew Jackson,Andrew Jackson
Chances Are...,Chances Are...,chances are...,novel,2019.0,2019 novel by Richard Russo,83.54,0.0,1,0,Martha's Vineyard,Martha's Vineyard,
We Were Liars,We Were Liars,we were liars,novel,2014.0,2014 novel by E. Lockhart,83.54,0.0,1,0,Martha's Vineyard,Martha's Vineyard,
The Inkwell,The Inkwell,inkwell,film,1994.0,1994 American film,83.54,0.0,1,0,Martha's Vineyard,Martha's Vineyard,
Uproar in Damascus,Uproar in Damascus,uproar in damascus,film,1939.0,1939 German film,83.45,0.0,1,0,Ottoman Empire,Ottoman Empire,
The Veils of Bagdad,The Veils of Bagdad,veils of bagdad,film,1953.0,1953 American adventure film by George Sherman,83.45,0.0,1,0,Ottoman Empire,Ottoman Empire,
"Cry, the Beloved Country (1951 film)","Cry, the Beloved Country",cry the beloved country,film,1951.0,1951 British film by Zoltán Korda,83.44,0.0,1,0,South Africa,South Africa,
"Cry, the Beloved Country (1995 film)","Cry, the Beloved Country",cry the beloved country,film,1995.0,1995 South African film,83.44,0.0,1,0,South Africa,South Africa,
Dangerous Ground (1997 film),Dangerous Ground,dangerous ground,film,1997.0,1997 American film,83.44,0.0,1,0,South Africa,South Africa,
Africano (film),Africano,africano,film,2001.0,2001 Egyptian adventure comedy film by Amr Arafa,83.44,0.0,1,0,South Africa,South Africa,
Adventure in Diamonds,Adventure in Diamonds,adventure in diamonds,film,1940.0,1940 film by George Fitzmaurice,83.44,0.0,1,0,South Africa,South Africa,
Angus Buchan's Ordinary People,Angus Buchan's Ordinary People,angus buchans ordinary people,film,2012.0,2012 South African film,83.44,0.0,1,0,South Africa,South Africa,
Beast (2022 American film),Beast,beast,film,2022.0,Film directed by Baltasar Kormákur,83.44,0.0,1,0,South Africa,South Africa,
The Adventurers (1951 film),The Adventurers,adventurers,film,1951.0,1951 British film by David MacDonald,83.44,0.0,1,0,South Africa,South Africa,
Bakgat!,Bakgat!,bakgat,film,2008.0,2008 South African film,83.44,0.0,1,0,South Africa,South Africa,
Beauty (2011 film),Beauty,beauty,film,2011.0,2011 film,83.44,0.0,1,0,South Africa,South Africa,
Champagne (2014 film),Champagne,champagne,film,2014.0,2014 film by Emem Isong,83.44,0.0,1,0,South Africa,South Africa,
Chappie (film),Chappie,chappie,film,2015.0,2015 film directed by Neill Blomkamp,83.44,0.0,1,0,South Africa,South Africa,
Comrade Tambo's London Recruits,Comrade Tambo's London Recruits,comrade tambos london recruits,film,2024.0,2024 British film,83.44,0.0,1,0,South Africa,South Africa,
Coronation Street: Out of Africa,Coronation Street: Out of Africa,coronation street out of africa,film,2008.0,2008 British film,83.44,0.0,1,0,South Africa,South Africa,
Cry Freedom,Cry Freedom,cry freedom,film,1987.0,1987 British-American drama film,83.44,0.0,1,0,South Africa,South Africa,
The Bang Bang Club (film),The Bang Bang Club,bang bang club,film,2010.0,2010 film,83.44,0.0,1,0,South Africa,South Africa,
10 Days in Sun City,10 Days in Sun City,10 days in sun city,film,2017.0,2017 film directed by Adze Ugah,83.44,0.0,1,0,South Africa,South Africa,
3 Days to Go,3 Days to Go,3 days to go,film,2019.0,2019 South African drama film,83.44,0.0,1,0,South Africa,South Africa,
Embrace (novel),Embrace,embrace,novel,2001.0,2001 novel by Mark Behr,83.44,0.0,1,0,South Africa,South Africa,
Eagle in the Sky,Eagle in the Sky,eagle in the sky,novel,1974.0,1974 novel by Wilbur Smith,83.44,0.0,1,0,South Africa,South Africa,
Dusklands,Dusklands,dusklands,novel,1974.0,1974 debut novel by J. M. Coetzee,83.44,0.0,1,0,South Africa,South Africa,
Daniel (Mankell novel),Daniel (Mankell novel),daniel mankell novel,novel,2000.0,2000 novel by Henning Mankell,83.44,0.0,1,0,South Africa,South Africa,
"Cry, the Beloved Country","Cry, the Beloved Country",cry the beloved country,novel,1948.0,1948 novel by Alan Paton,83.44,0.0,1,0,South Africa,South Africa,
Cracks (novel),Cracks,cracks,novel,1999.0,1999 novel by Sheila Kohler,83.44,0.0,1,0,South Africa,South Africa,
The Covenant (novel),The Covenant,covenant,novel,1980.0,1980 novel by James A. Michener,83.44,0.0,1,0,South Africa,South Africa,
The Courtney Novels,The Courtney Novels,courtney novels,novel,,Novel series,83.44,0.0,1,0,South Africa,South Africa,
Bring It On: Worldwide Cheersmack,Bring It On: Worldwide Cheersmack,bring it on worldwide cheersmack,film,2017.0,2017 American film,83.44,0.0,1,0,South Africa,South Africa,
Blue Crush 2,Blue Crush 2,blue crush 2,film,2011.0,2011 American film,83.44,0.0,1,0,South Africa,South Africa,
Blended (film),Blended,blended,film,2014.0,2014 film directed by Frank Coraci,83.44,0.0,1,0,South Africa,South Africa,
The Camp of the Saints,The Camp of the Saints,camp of the saints,novel,1973.0,1973 novel by Jean Raspail,83.44,0.0,1,0,South Africa,South Africa,
The Ghost and the Darkness,The Ghost and the Darkness,ghost and the darkness,film,1996.0,1996 film by Stephen Hopkins,83.44,0.0,1,0,South Africa,South Africa,
Gangster's Paradise: Jerusalema,Gangster's Paradise: Jerusalema,gangsters paradise jerusalema,film,2008.0,2008 South African film,83.44,0.0,1,0,South Africa,South Africa,
Gaia (film),Gaia,gaia,film,2021.0,2021 South African film,83.44,0.0,1,0,South Africa,South Africa,
Friends (1993 film),Friends,friends,film,1993.0,1993 film by Elaine Proctor,83.44,0.0,1,0,South Africa,South Africa,
The Forgiven (2017 film),The Forgiven,forgiven,film,2017.0,2017 South African film,83.44,0.0,1,0,South Africa,South Africa,
Flatfoot in Africa,Flatfoot in Africa,flatfoot in africa,film,1978.0,1978 Italian film,83.44,0.0,1,0,South Africa,South Africa,
The Fiercest Heart,The Fiercest Heart,fiercest heart,film,1961.0,1961 film,83.44,0.0,1,0,South Africa,South Africa,
Faith like Potatoes,Faith like Potatoes,faith like potatoes,film,2006.0,2006 South African film,83.44,0.0,1,0,South Africa,South Africa,
Ebola Syndrome,Ebola Syndrome,ebola syndrome,film,1996.0,1996 Hong Kong exploitation film by Herman Yau,83.44,0.0,1,0,South Africa,South Africa,
Duma (2005 film),Duma,duma,film,2005.0,2005 American adventure film,83.44,0.0,1,0,South Africa,South Africa,
A Dry White Season,A Dry White Season,dry white season,film,1989.0,1989 film by Euzhan Palcy,83.44,0.0,1,0,South Africa,South Africa,
District 9,District 9,district 9,film,2009.0,2009 film by Neill Blomkamp,83.44,0.0,1,0,South Africa,South Africa,
Diamond City (film),Diamond City,diamond city,film,1949.0,1949 British film by David MacDonald,83.44,0.0,1,0,South Africa,South Africa,
Deep Blue Sea 3,Deep Blue Sea 3,deep blue sea 3,film,2020.0,2020 science-fiction horror comedy film,83.44,0.0,1,0,South Africa,South Africa,
The Demon (South African film),The Demon (South African film),demon south african film,film,1981.0,1981 South African slasher film,83.44,0.0,1,0,South Africa,South Africa,
Desert Nights,Desert Nights,desert nights,film,1929.0,1929 film,83.44,0.0,1,0,South Africa,South Africa,
Death Race 3: Inferno,Death Race 3: Inferno,death race 3 inferno,film,2013.0,2013 American action film directed by Roel Reiné,83.44,0.0,1,0,South Africa,South Africa,
Fiela's Child,Fiela's Child,fielas child,novel,1985.0,1985 novel by Dalene Matthee,83.44,0.0,1,0,South Africa,South Africa,
The Groote Park Murder,The Groote Park Murder,groote park murder,novel,1923.0,1923 novel,83.44,0.0,1,0,South Africa,South Africa,
Flowers in the Sand,Flowers in the Sand,flowers in the sand,novel,2011.0,2011 historical fiction novel by Clive Algar,83.44,0.0,1,0,South Africa,South Africa,
July's People,July's People,julys people,novel,1981.0,1981 novel by Nadine Gordimer,83.44,0.0,1,0,South Africa,South Africa,
Jess (novel),Jess,jess,novel,1887.0,1887 novel by H. Rider Haggard,83.44,0.0,1,0,South Africa,South Africa,
An Instant in the Wind,An Instant in the Wind,instant in the wind,novel,1975.0,1975 novel by André Brink,83.44,0.0,1,0,South Africa,South Africa,
Rumours of Rain,Rumours of Rain,rumours of rain,novel,1978.0,1978 novel by André Brink,83.44,0.0,1,0,South Africa,South Africa,
Red Dust (novel),Red Dust,red dust,novel,,Novel by Gillian Slovo,83.44,0.0,1,0,South Africa,South Africa,
Rage (Smith novel),Rage (Smith novel),rage smith novel,novel,1987.0,1987 novel by Wilbur Smith,83.44,0.0,1,0,South Africa,South Africa,
A Question of Power,A Question of Power,question of power,novel,1973.0,1973 novel by Bessie Head,83.44,0.0,1,0,South Africa,South Africa,
The Promise (Galgut novel),The Promise (Galgut novel),promise galgut novel,novel,2021.0,2021 novel by Damon Galgut,83.44,0.0,1,0,South Africa,South Africa,
The Claw (novel),The Claw,claw,novel,1911.0,1911 novel,83.44,0.0,1,0,South Africa,South Africa,
A Change of Climate,A Change of Climate,change of climate,novel,1994.0,1994 book by Hilary Mantel,83.44,0.0,1,0,South Africa,South Africa,
A Chain of Voices,A Chain of Voices,chain of voices,novel,1982.0,1982 novel by André Brink,83.44,0.0,1,0,South Africa,South Africa,
The Pickup,The Pickup,pickup,novel,2001.0,2001 novel by Nadine Gordimer,83.44,0.0,1,0,South Africa,South Africa,
The Persistence of Memory (novel),The Persistence of Memory,persistence of memory,novel,2004.0,2004 novel,83.44,0.0,1,0,South Africa,South Africa,
October (novel),October,october,novel,2014.0,2014 novel by Zoë Wicomb,83.44,0.0,1,0,South Africa,South Africa,
Nada the Lily,Nada the Lily,nada the lily,novel,1892.0,1892 novel by Henry Rider Haggard,83.44,0.0,1,0,South Africa,South Africa,
My Son's Story,My Son's Story,my sons story,novel,1990.0,1990 novel by Nadine Gordimer,83.44,0.0,1,0,South Africa,South Africa,
Mhudi,Mhudi,mhudi,novel,1930.0,1930 novel by Sol Plaatje,83.44,0.0,1,0,South Africa,South Africa,
Mary of Marion Isle,Mary of Marion Isle,mary of marion isle,novel,1929.0,1929 novel by H. Rider Haggard,83.44,0.0,1,0,South Africa,South Africa,
Makanna,Makanna,makanna,novel,1834.0,1834 novel,83.44,0.0,1,0,South Africa,South Africa,
The Long Journey of Poppie Nongena,The Long Journey of Poppie Nongena,long journey of poppie nongena,novel,1978.0,1978 novel by Elsa Joubert,83.44,0.0,1,0,South Africa,South Africa,
Lion's Blood,Lion's Blood,lions blood,novel,2002.0,2002 novel by Steven Barnes,83.44,0.0,1,0,South Africa,South Africa,
Ladysmith (novel),Ladysmith,ladysmith,novel,1999.0,1999 novel by Giles Foden,83.44,0.0,1,0,South Africa,South Africa,
Kings of the Water,Kings of the Water,kings of the water,novel,2009.0,2009 novel by Mark Behr,83.44,0.0,1,0,South Africa,South Africa,
King Solomon's Mines,King Solomon's Mines,king solomons mines,novel,1885.0,1885 novel by H. Rider Haggard,83.44,0.0,1,0,South Africa,South Africa,
Diamond Walkers,Diamond Walkers,diamond walkers,film,1965.0,1965 film,83.44,0.0,1,0,South Africa,South Africa,
Diamond Safari (1958 film),Diamond Safari,diamond safari,film,1958.0,1958 film by Gerald Mayer,83.44,0.0,1,0,South Africa,South Africa,
Diamond Frontier,Diamond Frontier,diamond frontier,film,1940.0,1940 film by Harold D. Schuster,83.44,0.0,1,0,South Africa,South Africa,
In the Heart of the Country,In the Heart of the Country,in the heart of the country,novel,1977.0,1977 novel by J. M. Coetzee,83.44,0.0,1,0,South Africa,South Africa,
Imaginings of Sand,Imaginings of Sand,imaginings of sand,novel,1996.0,1996 novel by André Brink,83.44,0.0,1,0,South Africa,South Africa,
Prester John (novel),Prester John,prester john,novel,1910.0,1910 adventure novel by John Buchan,83.44,0.0,1,0,South Africa,South Africa,
The Power of One (novel),The Power of One,power of one,novel,1989.0,1989 novel by Bryce Courtenay,83.44,0.0,1,0,South Africa,South Africa,
Power of the Sword,Power of the Sword,power of the sword,novel,1986.0,1986 novel by Wilbur Smith,83.44,0.0,1,0,South Africa,South Africa,
Dark Victory (book),Dark Victory,dark victory,novel,2003.0,2003 book by David Marr and Marian Wilkinson,82.9,82.9,1,1,John Howard,John Howard,John Howard
The Howard Paradox,The Howard Paradox,howard paradox,novel,2007.0,2007 book by Michael Wesley,82.9,82.9,1,1,John Howard,John Howard,John Howard
God Under Howard,God Under Howard,god under howard,novel,2005.0,2005 book by Marion Maddox,82.9,82.9,1,1,John Howard,John Howard,John Howard
Save Your Legs!,Save Your Legs!,save your legs,film,2012.0,2012 Australian film,82.9,82.9,1,1,Sachin Tendulkar,Sachin Tendulkar,Sachin Tendulkar
Sachin: A Billion Dreams,Sachin: A Billion Dreams,sachin a billion dreams,film,2017.0,2017 film by James Erskine,82.9,82.9,1,1,Sachin Tendulkar,Sachin Tendulkar,Sachin Tendulkar
"Not Happy, John","Not Happy, John",not happy john,novel,,Book by Margo Kingston,82.9,82.9,1,1,John Howard,John Howard,John Howard
The Finest Hours (1964 film),The Finest Hours,finest hours,film,1964.0,1964 British film by Peter Baylis,82.68,0.0,1,0,Winston Churchill,Winston Churchill,
Into the Storm (2009 film),Into the Storm,into the storm,film,2009.0,2009 biographical film,82.68,0.0,1,0,Winston Churchill,Winston Churchill,
De Gaulle (2020 film),De Gaulle,de gaulle,film,2020.0,2020 French film,82.68,0.0,1,0,Winston Churchill,Winston Churchill,
Darkest Hour (film),Darkest Hour,darkest hour,film,2017.0,2017 biographical war drama film by Joe Wright,82.68,0.0,1,0,Winston Churchill,Winston Churchill,
Tea with Mussolini,Tea with Mussolini,tea with mussolini,film,1999.0,1999 film by Franco Zeffirelli,82.61,0.0,1,0,Benito Mussolini,Benito Mussolini,
Tokio Jokio,Tokio Jokio,tokio jokio,film,1943.0,1943 film directed by Norman McCabe,82.61,0.0,1,0,Benito Mussolini,Benito Mussolini,
Sawdust Caesar,Sawdust Caesar,sawdust caesar,novel,1935.0,1935 book by George Seldes,82.61,0.0,1,0,Benito Mussolini,Benito Mussolini,
The Pope and Mussolini,The Pope and Mussolini,pope and mussolini,novel,2014.0,2014 book by David Kertzer,82.61,0.0,1,0,Benito Mussolini,Benito Mussolini,
Mussolini's War,Mussolini's War,mussolinis war,novel,2020.0,2020 book by John Gooch,82.61,0.0,1,0,Benito Mussolini,Benito Mussolini,
M. Son of the Century,M. Son of the Century,m. son of the century,novel,2018.0,2018 novel by Antonio Scurati,82.61,0.0,1,0,Benito Mussolini,Benito Mussolini,
You Nazty Spy!,You Nazty Spy!,you nazty spy,film,1940.0,1940 American film by Jules White,82.61,0.0,1,0,Benito Mussolini,Benito Mussolini,
Vincere,Vincere,vincere,film,2009.0,2009 Italian film,82.61,0.0,1,0,Benito Mussolini,Benito Mussolini,
The Assassination of Matteotti,The Assassination of Matteotti,assassination of matteotti,film,1973.0,1973 Italian film,82.61,0.0,1,0,Benito Mussolini,Benito Mussolini,
Mussolini and I,Mussolini and I,mussolini and i,film,1985.0,1985 docudrama film directed by Alberto Negrin,82.61,0.0,1,0,Benito Mussolini,Benito Mussolini,
Lion of the Desert,Lion of the Desert,lion of the desert,film,1981.0,1981 film by Moustapha Akkad,82.61,0.0,1,0,Benito Mussolini,Benito Mussolini,
Last Days of Mussolini,Last Days of Mussolini,last days of mussolini,film,1974.0,1974 Italian film,82.61,0.0,1,0,Benito Mussolini,Benito Mussolini,
I'm Back (film),I'm Back,im back,film,2018.0,2018 Italian film,82.61,0.0,1,0,Benito Mussolini,Benito Mussolini,
I Met the Walrus,I Met the Walrus,i met the walrus,film,2007.0,2007 Canadian film,82.54,82.54,1,1,John Lennon,John Lennon,John Lennon
The Killing of John Lennon,The Killing of John Lennon,killing of john lennon,film,2006.0,2006 British film,82.54,82.54,1,1,John Lennon,John Lennon,John Lennon
LennoNYC,LennoNYC,lennonyc,film,2010.0,2010 American film,82.54,82.54,1,1,John Lennon,John Lennon,John Lennon
The Hours and Times,The Hours and Times,hours and times,film,1992.0,1992 drama film directed by Christopher Münch,82.54,82.54,1,1,John Lennon,John Lennon,John Lennon
Chapter 27,Chapter 27,chapter 27,film,2007.0,2007 film,82.54,82.54,1,1,John Lennon,John Lennon,John Lennon
Bush on the Couch,Bush on the Couch,bush on the couch,novel,2002.0,2002 book exploring the mind of then-U.S. president George W. Bush,82.36,0.0,1,0,George W. Bush,George W. Bush,
The Worst Person in the World (book),The Worst Person in the World,worst person in the world,novel,,Book by Keith Olbermann,82.36,0.0,1,0,George W. Bush,George W. Bush,
Terror and Liberalism,Terror and Liberalism,terror and liberalism,novel,2003.0,2003 book by Paul Berman,82.36,0.0,1,0,George W. Bush,George W. Bush,
Stupid White Men,Stupid White Men,stupid white men,novel,2001.0,2001 book by American filmmaker Michael Moore,82.36,0.0,1,0,George W. Bush,George W. Bush,
Rogue Nation (book),Rogue Nation,rogue nation,novel,2003.0,2003 book by Clyde Prestowitz,82.36,0.0,1,0,George W. Bush,George W. Bush,
The Republican War on Science,The Republican War on Science,republican war on science,novel,2005.0,2005 book by Chris Mooney,82.36,0.0,1,0,George W. Bush,George W. Bush,
The Prosecution of George W. Bush for Murder,The Prosecution of George W. Bush for Murder,prosecution of george w. bush for murder,novel,2008.0,2008 book by Vincent Bugliosi,82.36,0.0,1,0,George W. Bush,George W. Bush,
The Price of Loyalty,The Price of Loyalty,price of loyalty,novel,2004.0,2004 book by Ron Suskind,82.36,0.0,1,0,George W. Bush,George W. Bush,
The Madness of King George (book),The Madness of King George,madness of king george,novel,2004.0,2004 book by Michael K. Smith and Matt Wuerker,82.36,0.0,1,0,George W. Bush,George W. Bush,
Lies and the Lying Liars Who Tell Them,Lies and the Lying Liars Who Tell Them,lies and the lying liars who tell them,novel,2003.0,2003 book by Al Franken,82.36,0.0,1,0,George W. Bush,George W. Bush,
Known and Unknown: A Memoir,Known and Unknown: A Memoir,known and unknown a memoir,novel,2011.0,2011 autobiographical book by Donald Rumsfeld,82.36,0.0,1,0,George W. Bush,George W. Bush,
Royal Waltz,Royal Waltz,royal waltz,film,1936.0,1936 film,82.3,82.3,1,1,Empress Elisabeth of Austria,Empress Elisabeth of Austria,Empress Elisabeth of Austria
The Royal Waltz (1955 film),The Royal Waltz,royal waltz,film,1955.0,1955 film,82.3,82.3,1,1,Empress Elisabeth of Austria,Empress Elisabeth of Austria,Empress Elisabeth of Austria
Corsage (film),Corsage,corsage,film,2022.0,2022 film by Marie Kreutzer,82.3,82.3,1,1,Empress Elisabeth of Austria,Empress Elisabeth of Austria,Empress Elisabeth of Austria
The Secret of Mayerling,The Secret of Mayerling,secret of mayerling,film,1949.0,1949 film,82.3,82.3,1,1,Empress Elisabeth of Austria,Empress Elisabeth of Austria,Empress Elisabeth of Austria
Lissi und der wilde Kaiser,Lissi und der wilde Kaiser,lissi und der wilde kaiser,film,2007.0,2007 German film,82.3,82.3,1,1,Empress Elisabeth of Austria,Empress Elisabeth of Austria,Empress Elisabeth of Austria
Queen Elizabeth (1940 film),Queen Elizabeth,queen elizabeth,film,1940.0,1940 film,82.3,82.3,1,1,Empress Elisabeth of Austria,Empress Elisabeth of Austria,Empress Elisabeth of Austria
Sisi & I,Sisi & I,sisi & i,film,2023.0,2023 film by Frauke Finsterwalder,82.3,82.3,1,1,Empress Elisabeth of Austria,Empress Elisabeth of Austria,Empress Elisabeth of Austria
Sissi (film),Sissi,sissi,film,1955.0,1955 film by Ernst Marischka,82.3,82.3,1,1,Empress Elisabeth of Austria,Empress Elisabeth of Austria,Empress Elisabeth of Austria
Sissi – The Young Empress,Sissi – The Young Empress,sissi – the young empress,film,1956.0,1956 Austrian film,82.3,82.3,1,1,Empress Elisabeth of Austria,Empress Elisabeth of Austria,Empress Elisabeth of Austria
The Mystery of Oberwald,The Mystery of Oberwald,mystery of oberwald,film,1980.0,1980 film,82.3,82.3,1,1,Empress Elisabeth of Austria,Empress Elisabeth of Austria,Empress Elisabeth of Austria
The King Steps Out,The King Steps Out,king steps out,film,1936.0,1936 film by Josef von Sternberg,82.3,82.3,1,1,Empress Elisabeth of Austria,Empress Elisabeth of Austria,Empress Elisabeth of Austria
The Fate of the House of Habsburg,The Fate of the House of Habsburg,fate of the house of habsburg,film,1928.0,1928 film,82.3,82.3,1,1,Empress Elisabeth of Austria,Empress Elisabeth of Austria,Empress Elisabeth of Austria
Elisabeth of Austria (film),Elisabeth of Austria,elisabeth of austria,film,1931.0,1931 film,82.3,82.3,1,1,Empress Elisabeth of Austria,Empress Elisabeth of Austria,Empress Elisabeth of Austria
The Eagle with Two Heads,The Eagle with Two Heads,eagle with two heads,film,1948.0,1948 French film,82.3,82.3,1,1,Empress Elisabeth of Austria,Empress Elisabeth of Austria,Empress Elisabeth of Austria
Sissi – Fateful Years of an Empress,Sissi – Fateful Years of an Empress,sissi – fateful years of an empress,film,1957.0,1957 film by Ernst Marischka,82.3,82.3,1,1,Empress Elisabeth of Austria,Empress Elisabeth of Austria,Empress Elisabeth of Austria
North from Thursday,North from Thursday,north from thursday,novel,,Book by Jon Cleary,82.22,82.22,1,1,New Guinea,New Guinea,New Guinea
Showdown (Flynn novel),Showdown (Flynn novel),showdown flynn novel,novel,,Romantic adventure novel by Errol Flynn,82.22,82.22,1,1,New Guinea,New Guinea,New Guinea
Cannibal Adventure,Cannibal Adventure,cannibal adventure,novel,1972.0,1972 children's novel by Willard Price,82.22,82.22,1,1,New Guinea,New Guinea,New Guinea
Stone Age Warriors,Stone Age Warriors,stone age warriors,film,1991.0,1991 Hong Kong film by Stanley Tong,82.22,82.22,1,1,New Guinea,New Guinea,New Guinea
The Last Wave,The Last Wave,last wave,film,1977.0,1977 film by Peter Weir,81.84,81.84,1,1,"Sydney, Australia","Sydney, Australia","Sydney, Australia"
Murder Song,Murder Song,murder song,novel,1990.0,1990 book by Jon Cleary,81.84,81.84,1,1,"Sydney, Australia","Sydney, Australia","Sydney, Australia"
Number 96 (film),Number 96,number 96,film,1974.0,1974 Australian film,81.84,81.84,1,1,"Sydney, Australia","Sydney, Australia","Sydney, Australia"
Orange (2010 film),Orange,orange,film,2010.0,2010 film by Bhaskar,81.84,81.84,1,1,"Sydney, Australia","Sydney, Australia","Sydney, Australia"
The Playmaker (novel),The Playmaker,playmaker,novel,1987.0,1987 novel by Thomas Keneally,81.84,81.84,1,1,"Sydney, Australia","Sydney, Australia","Sydney, Australia"
The Tribe (novel),The Tribe,tribe,novel,2014.0,2014 Australian novel by Michael Mohammed Ahmad,81.84,81.84,1,1,"Sydney, Australia","Sydney, Australia","Sydney, Australia"
The Transit of Venus,The Transit of Venus,transit of venus,novel,1980.0,1980 novel by Shirley Hazzard,81.84,81.84,1,1,"Sydney, Australia","Sydney, Australia","Sydney, Australia"
Tirra Lirra by the River,Tirra Lirra by the River,tirra lirra by the river,novel,1978.0,1978 novel by Jessica Anderson,81.84,81.84,1,1,"Sydney, Australia","Sydney, Australia","Sydney, Australia"
The Timeless Land,The Timeless Land,timeless land,novel,,Novel by Eleanor Dark,81.84,81.84,1,1,"Sydney, Australia","Sydney, Australia","Sydney, Australia"
That Empty Feeling,That Empty Feeling,that empty feeling,novel,,Book by Peter Corris,81.84,81.84,1,1,"Sydney, Australia","Sydney, Australia","Sydney, Australia"
Ten Things I Hate About Me,Ten Things I Hate About Me,ten things i hate about me,novel,2006.0,2006 young adult novel by Randa Abdel-Fattah,81.84,81.84,1,1,"Sydney, Australia","Sydney, Australia","Sydney, Australia"
The Tax Inspector,The Tax Inspector,tax inspector,novel,,Novel by Peter Carey,81.84,81.84,1,1,"Sydney, Australia","Sydney, Australia","Sydney, Australia"
Taronga,Taronga,taronga,novel,1986.0,1986 novel by Victor Kelleher,81.84,81.84,1,1,"Sydney, Australia","Sydney, Australia","Sydney, Australia"
Taking Shelter,Taking Shelter,taking shelter,novel,1989.0,1989 novel by Australian writer Jessica Anderson,81.84,81.84,1,1,"Sydney, Australia","Sydney, Australia","Sydney, Australia"
Somewhere Around the Corner,Somewhere Around the Corner,somewhere around the corner,novel,,Novel by Jackie French,81.84,81.84,1,1,"Sydney, Australia","Sydney, Australia","Sydney, Australia"
Now You See Me 2,Now You See Me 2,now you see me 2,film,2016.0,2016 film directed by Jon M. Chu,81.84,81.84,1,1,"Sydney, Australia","Sydney, Australia","Sydney, Australia"
A Note to God,A Note to God,note to god,film,2017.0,2017 Indonesian film,81.84,81.84,1,1,"Sydney, Australia","Sydney, Australia","Sydney, Australia"
An Ordinary Lunacy,An Ordinary Lunacy,ordinary lunacy,novel,,Book by Jessica Anderson,81.84,81.84,1,1,"Sydney, Australia","Sydney, Australia","Sydney, Australia"
"Now and Then, Amen","Now and Then, Amen",now and then amen,novel,,Book by Jon Cleary,81.84,81.84,1,1,"Sydney, Australia","Sydney, Australia","Sydney, Australia"
Puberty Blues (novel),Puberty Blues,puberty blues,novel,,Book by Gabrielle Carey and Kathy Lette,81.84,81.84,1,1,"Sydney, Australia","Sydney, Australia","Sydney, Australia"
Love & Virtue,Love & Virtue,love & virtue,novel,2021.0,2021 novel by Diana Reid,81.84,81.84,1,1,"Sydney, Australia","Sydney, Australia","Sydney, Australia"
Lost Property (Moloney novel),Lost Property (Moloney novel),lost property moloney novel,novel,2005.0,2005 young adult novel,81.84,81.84,1,1,"Sydney, Australia","Sydney, Australia","Sydney, Australia"
Looking for Alibrandi (novel),Looking for Alibrandi,looking for alibrandi,novel,1992.0,1992 Australian novel by Melina Marchetta,81.84,81.84,1,1,"Sydney, Australia","Sydney, Australia","Sydney, Australia"
Keane of Kalgoorlie (novel),Keane of Kalgoorlie,keane of kalgoorlie,novel,1907.0,1907 novel by Arthur Wright,81.84,81.84,1,1,"Sydney, Australia","Sydney, Australia","Sydney, Australia"
Jonah (novel),Jonah,jonah,novel,,Novel by Louis Stone,81.84,81.84,1,1,"Sydney, Australia","Sydney, Australia","Sydney, Australia"
Jimmy Brockett,Jimmy Brockett,jimmy brockett,novel,1951.0,1951 novel by Dal Stivens,81.84,81.84,1,1,"Sydney, Australia","Sydney, Australia","Sydney, Australia"
Indelible Ink,Indelible Ink,indelible ink,novel,,Book by Fiona McGregor,81.84,81.84,1,1,"Sydney, Australia","Sydney, Australia","Sydney, Australia"
Inappropriation,Inappropriation,inappropriation,novel,2018.0,2018 novel by Lexi Freiman,81.84,81.84,1,1,"Sydney, Australia","Sydney, Australia","Sydney, Australia"
In Certain Circles,In Certain Circles,in certain circles,novel,,Book by Elizabeth Harrower,81.84,81.84,1,1,"Sydney, Australia","Sydney, Australia","Sydney, Australia"
The Husband's Secret,The Husband's Secret,husbands secret,novel,2013.0,2013 novel by Liane Moriarty,81.84,81.84,1,1,"Sydney, Australia","Sydney, Australia","Sydney, Australia"
A House Is Built,A House Is Built,house is built,novel,1929.0,1929 novel by M. Barnard Eldershaw,81.84,81.84,1,1,"Sydney, Australia","Sydney, Australia","Sydney, Australia"
The Unknown Industrial Prisoner,The Unknown Industrial Prisoner,unknown industrial prisoner,novel,1971.0,1971 novel by David Ireland,81.84,81.84,1,1,"Sydney, Australia","Sydney, Australia","Sydney, Australia"
Assassination (1967 film),Assassination,assassination,film,1967.0,1967 Italian film,81.84,81.84,1,1,East & West Germany,East & West Germany,East & West Germany
The American Success Company,The American Success Company,american success company,film,1980.0,1980 film by William Richert,81.84,81.84,1,1,East & West Germany,East & West Germany,East & West Germany
Almanya: Welcome to Germany,Almanya: Welcome to Germany,almanya welcome to germany,film,2011.0,2011 film,81.84,81.84,1,1,East & West Germany,East & West Germany,East & West Germany
Ali: Fear Eats the Soul,Ali: Fear Eats the Soul,ali fear eats the soul,film,1974.0,1974 film,81.84,81.84,1,1,East & West Germany,East & West Germany,East & West Germany
Utshob,Utshob,utshob,film,2025.0,2025 Bangladeshi film,81.84,81.84,1,1,"\""A Christmas Carol\","\""A Christmas Carol\","\""A Christmas Carol\"
Spirited (film),Spirited,spirited,film,2022.0,2022 film by Sean Anders,81.84,81.84,1,1,"\""A Christmas Carol\","\""A Christmas Carol\","\""A Christmas Carol\"
Scrooged,Scrooged,scrooged,film,1988.0,1988 film by Richard Donner,81.84,81.84,1,1,"\""A Christmas Carol\","\""A Christmas Carol\","\""A Christmas Carol\"
"Scrooge, or, Marley's Ghost","Scrooge, or, Marley's Ghost",scrooge or marleys ghost,film,1901.0,1901 film directed by Walter R. Booth,81.84,81.84,1,1,"\""A Christmas Carol\","\""A Christmas Carol\","\""A Christmas Carol\"
Scrooge & Marley (2012 film),Scrooge & Marley,scrooge & marley,film,2012.0,2012 film by Richard Knight Jr. and Peter Neville,81.84,81.84,1,1,"\""A Christmas Carol\","\""A Christmas Carol\","\""A Christmas Carol\"
Scrooge (1970 film),Scrooge,scrooge,film,1970.0,1970 film by Ronald Neame,81.84,81.84,1,1,"\""A Christmas Carol\","\""A Christmas Carol\","\""A Christmas Carol\"
Scrooge (1951 film),Scrooge,scrooge,film,1951.0,1951 film by Brian Desmond Hurst,81.84,81.84,1,1,"\""A Christmas Carol\","\""A Christmas Carol\","\""A Christmas Carol\"
Scrooge (1935 film),Scrooge,scrooge,film,1935.0,1935 British fantasy film directed by Henry Edwards,81.84,81.84,1,1,"\""A Christmas Carol\","\""A Christmas Carol\","\""A Christmas Carol\"
G (2002 film),G,g,film,2002.0,2002 film,81.84,81.84,1,1,"\""The Great Gatsby\","\""The Great Gatsby\","\""The Great Gatsby\"
Affluenza (film),Affluenza,affluenza,film,2014.0,2014 American film,81.84,81.84,1,1,"\""The Great Gatsby\","\""The Great Gatsby\","\""The Great Gatsby\"
Casino Raiders,Casino Raiders,casino raiders,film,1989.0,1989 Hong Kong film by Jimmy Heung and Wong Jing,81.84,81.84,1,1,East & West Germany,East & West Germany,East & West Germany
Carnival Story,Carnival Story,carnival story,film,1954.0,1954 film,81.84,81.84,1,1,East & West Germany,East & West Germany,East & West Germany
The Captain from Cologne,The Captain from Cologne,captain from cologne,film,1956.0,1956 film,81.84,81.84,1,1,East & West Germany,East & West Germany,East & West Germany
Cadence (film),Cadence,cadence,film,1990.0,1990 film by Martin Sheen,81.84,81.84,1,1,East & West Germany,East & West Germany,East & West Germany
The Bofors Gun,The Bofors Gun,bofors gun,film,1968.0,1968 British drama film by Jack Gold,81.84,81.84,1,1,East & West Germany,East & West Germany,East & West Germany
The Blue Angel (1959 film),The Blue Angel,blue angel,film,1959.0,1959 film,81.84,81.84,1,1,East & West Germany,East & West Germany,East & West Germany
A Black Veil for Lisa,A Black Veil for Lisa,black veil for lisa,film,1968.0,1968 film,81.84,81.84,1,1,East & West Germany,East & West Germany,East & West Germany
Birth of the Beatles,Birth of the Beatles,birth of the beatles,film,1979.0,1979 biopic film directed by Richard Marquand,81.84,81.84,1,1,East & West Germany,East & West Germany,East & West Germany
The Big Show (1961 film),The Big Show,big show,film,1961.0,1961 film,81.84,81.84,1,1,East & West Germany,East & West Germany,East & West Germany
Berlin Blues (film),Berlin Blues,berlin blues,film,2003.0,2003 film,81.84,81.84,1,1,East & West Germany,East & West Germany,East & West Germany
Bedtime Story (1964 film),Bedtime Story,bedtime story,film,1964.0,Film by Ralph Levy,81.84,81.84,1,1,East & West Germany,East & West Germany,East & West Germany
Backfire (1964 film),Backfire,backfire,film,1964.0,1964 film,81.84,81.84,1,1,East & West Germany,East & West Germany,East & West Germany
Backbeat (film),Backbeat,backbeat,film,1994.0,1994 film by Iain Softley,81.84,81.84,1,1,East & West Germany,East & West Germany,East & West Germany
The Baader Meinhof Complex,The Baader Meinhof Complex,baader meinhof complex,film,2008.0,2008 German drama film,81.84,81.84,1,1,East & West Germany,East & West Germany,East & West Germany
Baader (film),Baader,baader,film,2002.0,2002 German film,81.84,81.84,1,1,East & West Germany,East & West Germany,East & West Germany
Atomic Blonde,Atomic Blonde,atomic blonde,film,2017.0,2017 film by David Leitch,81.84,81.84,1,1,East & West Germany,East & West Germany,East & West Germany
The Devil's Nightmare,The Devil's Nightmare,devils nightmare,film,1971.0,1971 film,81.84,81.84,1,1,East & West Germany,East & West Germany,East & West Germany
Demons 2,Demons 2,demons 2,film,1986.0,1986 Italian film,81.84,81.84,1,1,East & West Germany,East & West Germany,East & West Germany
Demons (1985 film),Demons,demons,film,1985.0,1985 Italian horror film directed by Lamberto Bava,81.84,81.84,1,1,East & West Germany,East & West Germany,East & West Germany
Dead Season,Dead Season,dead season,film,1968.0,1968 Soviet film,81.84,81.84,1,1,East & West Germany,East & West Germany,East & West Germany
Dead Run (film),Dead Run,dead run,film,1967.0,1967 film,81.84,81.84,1,1,East & West Germany,East & West Germany,East & West Germany
Dead Pigeon on Beethoven Street,Dead Pigeon on Beethoven Street,dead pigeon on beethoven street,film,1972.0,1972 film,81.84,81.84,1,1,East & West Germany,East & West Germany,East & West Germany
The Daughter of Hamburg,The Daughter of Hamburg,daughter of hamburg,film,1958.0,1958 French film,81.84,81.84,1,1,East & West Germany,East & West Germany,East & West Germany
A Dandy in Aspic,A Dandy in Aspic,dandy in aspic,film,1968.0,1968 British spy film directed by Anthony Mann,81.84,81.84,1,1,East & West Germany,East & West Germany,East & West Germany
The Copper (1958 film),The Copper,copper,film,1958.0,1958 film,81.84,81.84,1,1,East & West Germany,East & West Germany,East & West Germany
Confessions of a Dangerous Mind (film),Confessions of a Dangerous Mind,confessions of a dangerous mind,film,2002.0,2002 film directed by George Clooney,81.84,81.84,1,1,East & West Germany,East & West Germany,East & West Germany
The Condemned Village,The Condemned Village,condemned village,film,1952.0,1952 film,81.84,81.84,1,1,East & West Germany,East & West Germany,East & West Germany
The Condemned of Altona (film),The Condemned of Altona,condemned of altona,film,1962.0,1962 film,81.84,81.84,1,1,East & West Germany,East & West Germany,East & West Germany
The Church (1989 film),The Church,church,film,1989.0,1989 Italian film,81.84,81.84,1,1,East & West Germany,East & West Germany,East & West Germany
Christiane F. (film),Christiane F.,christiane f.,film,1981.0,1981 film by Uli Edel,81.84,81.84,1,1,East & West Germany,East & West Germany,East & West Germany
The Chosen Ones (2014 film),The Chosen Ones,chosen ones,film,2014.0,2014 German film directed by Christoph Röhl,81.84,81.84,1,1,East & West Germany,East & West Germany,East & West Germany
Child's Play (1992 film),Child's Play,childs play,film,1992.0,1992 film,81.84,81.84,1,1,East & West Germany,East & West Germany,East & West Germany
Andersson's Kalle (1922 film),Andersson's Kalle,anderssons kalle,film,1922.0,1922 film,81.84,81.84,1,1,"Stockholm, Sweden","Stockholm, Sweden","Stockholm, Sweden"
Adolf Strongarm,Adolf Strongarm,adolf strongarm,film,1937.0,1937 film directed by Sigurd Wallén,81.84,81.84,1,1,"Stockholm, Sweden","Stockholm, Sweden","Stockholm, Sweden"
1939 (film),1939,1939,film,1989.0,1989 film,81.84,81.84,1,1,"Stockholm, Sweden","Stockholm, Sweden","Stockholm, Sweden"
Who Framed Roger Rabbit,Who Framed Roger Rabbit,who framed roger rabbit,film,1988.0,1988 film directed by Robert Zemeckis,81.84,81.84,1,1,Marvin the Martian,Marvin the Martian,Marvin the Martian
Marvin the Martian in the Third Dimension,Marvin the Martian in the Third Dimension,marvin the martian in the third dimension,film,1996.0,1996 film,81.84,81.84,1,1,Marvin the Martian,Marvin the Martian,Marvin the Martian
Mad as a Mars Hare,Mad as a Mars Hare,mad as a mars hare,film,1963.0,1963 film,81.84,81.84,1,1,Marvin the Martian,Marvin the Martian,Marvin the Martian
Looney Tunes: Rabbits Run,Looney Tunes: Rabbits Run,looney tunes rabbits run,film,2015.0,2015 American film,81.84,81.84,1,1,Marvin the Martian,Marvin the Martian,Marvin the Martian
Looney Tunes: Back in Action,Looney Tunes: Back in Action,looney tunes back in action,film,2003.0,2003 film by Joe Dante,81.84,81.84,1,1,Marvin the Martian,Marvin the Martian,Marvin the Martian
The Hasty Hare,The Hasty Hare,hasty hare,film,1952.0,1952 film by Chuck Jones,81.84,81.84,1,1,Marvin the Martian,Marvin the Martian,Marvin the Martian
Hare-Way to the Stars,Hare-Way to the Stars,hare-way to the stars,film,1958.0,1958 film,81.84,81.84,1,1,Marvin the Martian,Marvin the Martian,Marvin the Martian
Duck Dodgers in the 24½th Century,Duck Dodgers in the 24½th Century,duck dodgers in the 241⁄2th century,film,1953.0,1953 film by Chuck Jones,81.84,81.84,1,1,Marvin the Martian,Marvin the Martian,Marvin the Martian
Duck Dodgers and the Return of the 24½th Century,Duck Dodgers and the Return of the 24½th Century,duck dodgers and the return of the 241⁄2th century,film,1980.0,1980 film,81.84,81.84,1,1,Marvin the Martian,Marvin the Martian,Marvin the Martian
Close Encounters of the Third Kind,Close Encounters of the Third Kind,close encounters of the third kind,film,1977.0,1977 science fiction film by Steven Spielberg,81.84,81.84,1,1,Marvin the Martian,Marvin the Martian,Marvin the Martian
The East Frisian Report,The East Frisian Report,east frisian report,film,1973.0,1973 film by Walter Boos,81.84,81.84,1,1,East & West Germany,East & West Germany,East & West Germany
Dollars (film),Dollars,dollars,film,1971.0,1971 film by Richard Brooks,81.84,81.84,1,1,East & West Germany,East & West Germany,East & West Germany
The Dirty Game,The Dirty Game,dirty game,film,1965.0,1965 film,81.84,81.84,1,1,East & West Germany,East & West Germany,East & West Germany
Café Lunchrasten,Café Lunchrasten,cafe lunchrasten,film,1954.0,1954 film,81.84,81.84,1,1,"Stockholm, Sweden","Stockholm, Sweden","Stockholm, Sweden"
The Buttercup Chain,The Buttercup Chain,buttercup chain,film,1970.0,1970 British film by Robert Ellis Miller,81.84,81.84,1,1,"Stockholm, Sweden","Stockholm, Sweden","Stockholm, Sweden"
Bröllopsfotografen,Bröllopsfotografen,brollopsfotografen,film,2009.0,2009 Swedish film,81.84,81.84,1,1,"Stockholm, Sweden","Stockholm, Sweden","Stockholm, Sweden"
Brita in the Merchant's House,Brita in the Merchant's House,brita in the merchants house,film,1946.0,1946 film,81.84,81.84,1,1,"Stockholm, Sweden","Stockholm, Sweden","Stockholm, Sweden"
Breaking Point (1975 film),Breaking Point,breaking point,film,1975.0,1975 Swedish thriller film,81.84,81.84,1,1,"Stockholm, Sweden","Stockholm, Sweden","Stockholm, Sweden"
The Boys of Number Fifty Seven,The Boys of Number Fifty Seven,boys of number fifty seven,film,1935.0,1935 film,81.84,81.84,1,1,"Stockholm, Sweden","Stockholm, Sweden","Stockholm, Sweden"
Blonde in Bondage,Blonde in Bondage,blonde in bondage,film,1957.0,1957 Swedish film by Robert Brandt,81.84,81.84,1,1,"Stockholm, Sweden","Stockholm, Sweden","Stockholm, Sweden"
The Bjorck Family,The Bjorck Family,bjorck family,film,1940.0,1940 film,81.84,81.84,1,1,"Stockholm, Sweden","Stockholm, Sweden","Stockholm, Sweden"
Beyond Dreams,Beyond Dreams,beyond dreams,film,2017.0,2017 Swedish film directed by Rojda Sekersöz,81.84,81.84,1,1,"Stockholm, Sweden","Stockholm, Sweden","Stockholm, Sweden"
The Bells of the Old Town,The Bells of the Old Town,bells of the old town,film,1946.0,1946 film,81.84,81.84,1,1,"Stockholm, Sweden","Stockholm, Sweden","Stockholm, Sweden"
Augusta's Little Misstep,Augusta's Little Misstep,augustas little misstep,film,1933.0,1933 film,81.84,81.84,1,1,"Stockholm, Sweden","Stockholm, Sweden","Stockholm, Sweden"
Anita: Swedish Nymphet,Anita: Swedish Nymphet,anita swedish nymphet,film,1973.0,1973 film by Torgny Wickman,81.84,81.84,1,1,"Stockholm, Sweden","Stockholm, Sweden","Stockholm, Sweden"
Andersson's Kalle on Top Form,Andersson's Kalle on Top Form,anderssons kalle on top form,film,1973.0,1973 film,81.84,81.84,1,1,"Stockholm, Sweden","Stockholm, Sweden","Stockholm, Sweden"
Andersson's Kalle (1972 film),Andersson's Kalle,anderssons kalle,film,1972.0,1972 film,81.84,81.84,1,1,"Stockholm, Sweden","Stockholm, Sweden","Stockholm, Sweden"
Andersson's Kalle (1950 film),Andersson's Kalle,anderssons kalle,film,1950.0,1950 film,81.84,81.84,1,1,"Stockholm, Sweden","Stockholm, Sweden","Stockholm, Sweden"
Andersson's Kalle (1934 film),Andersson's Kalle,anderssons kalle,film,1934.0,1934 film,81.84,81.84,1,1,"Stockholm, Sweden","Stockholm, Sweden","Stockholm, Sweden"
A Night in the Archipelago,A Night in the Archipelago,night in the archipelago,film,1953.0,1953 film,81.84,81.84,1,1,"Stockholm, Sweden","Stockholm, Sweden","Stockholm, Sweden"
Night Child (1956 film),Night Child,night child,film,1956.0,1956 film,81.84,81.84,1,1,"Stockholm, Sweden","Stockholm, Sweden","Stockholm, Sweden"
Eva Goes Aboard,Eva Goes Aboard,eva goes aboard,film,1934.0,1934 Swedish comedy film,81.84,81.84,1,1,"Stockholm, Sweden","Stockholm, Sweden","Stockholm, Sweden"
Encounters in the Twilight,Encounters in the Twilight,encounters in the twilight,film,1957.0,1957 film,81.84,81.84,1,1,"Stockholm, Sweden","Stockholm, Sweden","Stockholm, Sweden"
Easy Money III: Life Deluxe,Easy Money III: Life Deluxe,easy money iii life deluxe,film,2013.0,2013 Swedish film,81.84,81.84,1,1,"Stockholm, Sweden","Stockholm, Sweden","Stockholm, Sweden"
A Dreamer's Journey,A Dreamer's Journey,dreamers journey,film,1957.0,1957 film,81.84,81.84,1,1,"Stockholm, Sweden","Stockholm, Sweden","Stockholm, Sweden"
Doctor Glas (1942 film),Doctor Glas,doctor glas,film,1942.0,1942 film,81.84,81.84,1,1,"Stockholm, Sweden","Stockholm, Sweden","Stockholm, Sweden"
Dark Journey (1937 film),Dark Journey,dark journey,film,1937.0,1937 British film by Victor Saville,81.84,81.84,1,1,"Stockholm, Sweden","Stockholm, Sweden","Stockholm, Sweden"
Dante's Mysteries,Dante's Mysteries,dantes mysteries,film,1931.0,1931 film,81.84,81.84,1,1,"Stockholm, Sweden","Stockholm, Sweden","Stockholm, Sweden"
Dangerous Ways,Dangerous Ways,dangerous ways,film,1942.0,1942 film,81.84,81.84,1,1,"Stockholm, Sweden","Stockholm, Sweden","Stockholm, Sweden"
Crime in the Sun,Crime in the Sun,crime in the sun,film,1947.0,1947 film,81.84,81.84,1,1,"Stockholm, Sweden","Stockholm, Sweden","Stockholm, Sweden"
A Crime (1940 film),A Crime,crime,film,1940.0,1940 film,81.84,81.84,1,1,"Stockholm, Sweden","Stockholm, Sweden","Stockholm, Sweden"
The Counterfeit Traitor,The Counterfeit Traitor,counterfeit traitor,film,1962.0,1962 film by George Seaton,81.84,81.84,1,1,"Stockholm, Sweden","Stockholm, Sweden","Stockholm, Sweden"
City of My Dreams (film),City of My Dreams,city of my dreams,film,1976.0,1976 film,81.84,81.84,1,1,"Stockholm, Sweden","Stockholm, Sweden","Stockholm, Sweden"
Children's Island (film),Children's Island,childrens island,film,1980.0,1980 film,81.84,81.84,1,1,"Stockholm, Sweden","Stockholm, Sweden","Stockholm, Sweden"
Call Girl (2012 film),Call Girl,call girl,film,2012.0,2012 Swedish drama film directed by Mikael Marcimain,81.84,81.84,1,1,"Stockholm, Sweden","Stockholm, Sweden","Stockholm, Sweden"
Between Summer's Longing and Winter's End,Between Summer's Longing and Winter's End,between summers longing and winters end,novel,2002.0,2002 novel by Leif G. W. Persson,81.84,81.84,1,1,"Stockholm, Sweden","Stockholm, Sweden","Stockholm, Sweden"
Attila (novel),Attila,attila,novel,1975.0,1975 novel by Klas Östergren,81.84,81.84,1,1,"Stockholm, Sweden","Stockholm, Sweden","Stockholm, Sweden"
Attentatet i Pålsjö skog,Attentatet i Pålsjö skog,attentatet i palsjo skog,novel,1996.0,1996 novel by Hans Alfredson,81.84,81.84,1,1,"Stockholm, Sweden","Stockholm, Sweden","Stockholm, Sweden"
Are U 4 Real?,Are U 4 Real?,are u 4 real,novel,2001.0,2001 novel by Sara Kadefors,81.84,81.84,1,1,"Stockholm, Sweden","Stockholm, Sweden","Stockholm, Sweden"
Alone (novella),Alone (novella),alone novella,novel,,Book by August Strindberg,81.84,81.84,1,1,"Stockholm, Sweden","Stockholm, Sweden","Stockholm, Sweden"
The Aesthetics of Resistance,The Aesthetics of Resistance,aesthetics of resistance,novel,1975.0,1975–81 novel by Peter Weiss,81.84,81.84,1,1,"Stockholm, Sweden","Stockholm, Sweden","Stockholm, Sweden"
Rötmånad,Rötmånad,rotmanad,film,1970.0,1970 Swedish film,81.84,81.84,1,1,"Stockholm, Sweden","Stockholm, Sweden","Stockholm, Sweden"
Docking the Boat,Docking the Boat,docking the boat,film,1965.0,1965 Swedish film,81.84,81.84,1,1,"Stockholm, Sweden","Stockholm, Sweden","Stockholm, Sweden"
The Prize (1963 film),The Prize,prize,film,1963.0,1963 film by Mark Robson,81.84,81.84,1,1,"Stockholm, Sweden","Stockholm, Sweden","Stockholm, Sweden"
Pod banderą miłości,Pod banderą miłości,pod bandera miłosci,film,1929.0,1929 film,81.84,81.84,1,1,"Stockholm, Sweden","Stockholm, Sweden","Stockholm, Sweden"
Peggy on a Spree,Peggy on a Spree,peggy on a spree,film,1946.0,1946 film,81.84,81.84,1,1,"Stockholm, Sweden","Stockholm, Sweden","Stockholm, Sweden"
Out of an Old Man's Head,Out of an Old Man's Head,out of an old mans head,film,1968.0,1968 Swedish film,81.84,81.84,1,1,"Stockholm, Sweden","Stockholm, Sweden","Stockholm, Sweden"
Only a Waiter,Only a Waiter,only a waiter,film,1959.0,1959 film,81.84,81.84,1,1,"Stockholm, Sweden","Stockholm, Sweden","Stockholm, Sweden"
On a Bench in a Park,On a Bench in a Park,on a bench in a park,film,1960.0,1960 film,81.84,81.84,1,1,"Stockholm, Sweden","Stockholm, Sweden","Stockholm, Sweden"
The Night Watchman's Wife,The Night Watchman's Wife,night watchmans wife,film,1947.0,1947 film,81.84,81.84,1,1,"Stockholm, Sweden","Stockholm, Sweden","Stockholm, Sweden"
Night Light (film),Night Light,night light,film,1957.0,1957 film,81.84,81.84,1,1,"Stockholm, Sweden","Stockholm, Sweden","Stockholm, Sweden"
Gregorius (novel),Gregorius,gregorius,novel,,Book by Bengt Ohlsson,81.84,81.84,1,1,"Stockholm, Sweden","Stockholm, Sweden","Stockholm, Sweden"
Gentlemen (novel),Gentlemen,gentlemen,novel,1980.0,1980 novel by Klas Östergren,81.84,81.84,1,1,"Stockholm, Sweden","Stockholm, Sweden","Stockholm, Sweden"
Gangsters (novel),Gangsters,gangsters,novel,2005.0,2005 novel by Klas Östergren,81.84,81.84,1,1,"Stockholm, Sweden","Stockholm, Sweden","Stockholm, Sweden"
Fattiga riddare och stora svenskar,Fattiga riddare och stora svenskar,fattiga riddare och stora svenskar,novel,1983.0,1983 novel by Klas Östergren,81.84,81.84,1,1,"Stockholm, Sweden","Stockholm, Sweden","Stockholm, Sweden"
Fantomerna,Fantomerna,fantomerna,novel,1978.0,1978 Klas Östergren novel,81.84,81.84,1,1,"Stockholm, Sweden","Stockholm, Sweden","Stockholm, Sweden"
Evil (novel),Evil,evil,novel,1981.0,1981 novel by Jan Guillou,81.84,81.84,1,1,"Stockholm, Sweden","Stockholm, Sweden","Stockholm, Sweden"
Everything I Don't Remember,Everything I Don't Remember,everything i dont remember,novel,2015.0,2015 novel by Jonas Hassen Khemiri,81.84,81.84,1,1,"Stockholm, Sweden","Stockholm, Sweden","Stockholm, Sweden"
England Made Me (novel),England Made Me,england made me,novel,1935.0,1935 novel by Graham Greene,81.84,81.84,1,1,"Stockholm, Sweden","Stockholm, Sweden","Stockholm, Sweden"
Easy Money (novel),Easy Money,easy money,novel,2006.0,2006 novel by Jens Lapidus,81.84,81.84,1,1,"Stockholm, Sweden","Stockholm, Sweden","Stockholm, Sweden"
Doctor Glas,Doctor Glas,doctor glas,novel,,Epistolary novel by Hjalmar Söderberg,81.84,81.84,1,1,"Stockholm, Sweden","Stockholm, Sweden","Stockholm, Sweden"
Den sista cigaretten,Den sista cigaretten,den sista cigaretten,novel,2009.0,2009 novel by Klas Östergren,81.84,81.84,1,1,"Stockholm, Sweden","Stockholm, Sweden","Stockholm, Sweden"
Crisis (Boye novel),Crisis (Boye novel),crisis boye novel,novel,1934.0,1934 autobiographical novel by Karin Boye,81.84,81.84,1,1,"Stockholm, Sweden","Stockholm, Sweden","Stockholm, Sweden"
City of My Dreams,City of My Dreams,city of my dreams,novel,,Novel by Per Anders Fogelström,81.84,81.84,1,1,"Stockholm, Sweden","Stockholm, Sweden","Stockholm, Sweden"
City novels,City novels,city novels,novel,,Book series by Per Anders Fogelström,81.84,81.84,1,1,"Stockholm, Sweden","Stockholm, Sweden","Stockholm, Sweden"
City in the World,City in the World,city in the world,novel,,Book by Per Anders Fogelström,81.84,81.84,1,1,"Stockholm, Sweden","Stockholm, Sweden","Stockholm, Sweden"
Children of Their City,Children of Their City,children of their city,novel,1962.0,1962 novel by Per Anders Fogelström,81.84,81.84,1,1,"Stockholm, Sweden","Stockholm, Sweden","Stockholm, Sweden"
Garage Days,Garage Days,garage days,film,2002.0,2002 Australian film,81.84,81.84,1,1,"Sydney, Australia","Sydney, Australia","Sydney, Australia"
Footy Legends,Footy Legends,footy legends,film,2006.0,2006 Australian film,81.84,81.84,1,1,"Sydney, Australia","Sydney, Australia","Sydney, Australia"
Remember the City,Remember the City,remember the city,novel,1964.0,1964 novel by Per Anders Fogelström,81.84,81.84,1,1,"Stockholm, Sweden","Stockholm, Sweden","Stockholm, Sweden"
The Red Room (Strindberg novel),The Red Room (Strindberg novel),red room strindberg novel,novel,,Novel by August Strindberg,81.84,81.84,1,1,"Stockholm, Sweden","Stockholm, Sweden","Stockholm, Sweden"
The Prize (novel),The Prize,prize,novel,1962.0,1962 novel by Irving Wallace,81.84,81.84,1,1,"Stockholm, Sweden","Stockholm, Sweden","Stockholm, Sweden"
När det känns att det håller på ta slut,När det känns att det håller på ta slut,nar det kanns att det haller pa ta slut,novel,,Book by Stig Larsson,81.84,81.84,1,1,"Stockholm, Sweden","Stockholm, Sweden","Stockholm, Sweden"
Martin Birck's Youth,Martin Birck's Youth,martin bircks youth,novel,1901.0,1901 novella by Hjalmar Söderberg,81.84,81.84,1,1,"Stockholm, Sweden","Stockholm, Sweden","Stockholm, Sweden"
Let the Right One In (novel),Let the Right One In,let the right one in,novel,,Swedish novel by John Ajvide Lindqvist,81.84,81.84,1,1,"Stockholm, Sweden","Stockholm, Sweden","Stockholm, Sweden"
Krilon,Krilon,krilon,novel,,Novel series by Eyvind Johnson,81.84,81.84,1,1,"Stockholm, Sweden","Stockholm, Sweden","Stockholm, Sweden"
Jack (Lundell novel),Jack (Lundell novel),jack lundell novel,novel,1976.0,1976 novel by Ulf Lundell,81.84,81.84,1,1,"Stockholm, Sweden","Stockholm, Sweden","Stockholm, Sweden"
Ismael (novel),Ismael,ismael,novel,1977.0,1977 novel by Klas Östergren,81.84,81.84,1,1,"Stockholm, Sweden","Stockholm, Sweden","Stockholm, Sweden"
In the Land of Twilight,In the Land of Twilight,in the land of twilight,novel,1994.0,1994 book by Astrid Lindgren,81.84,81.84,1,1,"Stockholm, Sweden","Stockholm, Sweden","Stockholm, Sweden"
In a City Transformed,In a City Transformed,in a city transformed,novel,1966.0,1966 novel by Per Anders Fogelström,81.84,81.84,1,1,"Stockholm, Sweden","Stockholm, Sweden","Stockholm, Sweden"
High Jinx,High Jinx,high jinx,novel,1986.0,"1986 novel by William F. Buckley, Jr.",81.84,81.84,1,1,"Stockholm, Sweden","Stockholm, Sweden","Stockholm, Sweden"
Hässelby (novel),Hässelby,hasselby,novel,2007.0,2007 novel by Johan Harstad,81.84,81.84,1,1,"Stockholm, Sweden","Stockholm, Sweden","Stockholm, Sweden"
Handling the Undead,Handling the Undead,handling the undead,novel,,Book by John Ajvide Lindqvist,81.84,81.84,1,1,"Stockholm, Sweden","Stockholm, Sweden","Stockholm, Sweden"
Keroro Gunso the Super Movie 4: Gekishin Dragon Warriors,Keroro Gunso the Super Movie 4: Gekishin Dragon Warriors,keroro gunso the super movie 4 gekishin dragon warriors,film,2009.0,2009 Japanese film,81.84,81.84,1,1,"Sydney, Australia","Sydney, Australia","Sydney, Australia"
Kangaroo (1952 film),Kangaroo,kangaroo,film,1952.0,1952 film by Lewis Milestone,81.84,81.84,1,1,"Sydney, Australia","Sydney, Australia","Sydney, Australia"
The Intruders (1969 film),The Intruders,intruders,film,1969.0,1969 Australian film,81.84,81.84,1,1,"Sydney, Australia","Sydney, Australia","Sydney, Australia"
Innocent Prey,Innocent Prey,innocent prey,film,1991.0,1991 Australian thriller film,81.84,81.84,1,1,"Sydney, Australia","Sydney, Australia","Sydney, Australia"
Independence Day (1996 film),Independence Day,independence day,film,1996.0,1996 science fiction action film by Roland Emmerich,81.84,81.84,1,1,"Sydney, Australia","Sydney, Australia","Sydney, Australia"
The Inbetweeners 2,The Inbetweeners 2,inbetweeners 2,film,2014.0,2014 film directed by Damon Beesley and Iain Morris,81.84,81.84,1,1,"Sydney, Australia","Sydney, Australia","Sydney, Australia"
Idiot Box (film),Idiot Box,idiot box,film,1996.0,1996 Australian film,81.84,81.84,1,1,"Sydney, Australia","Sydney, Australia","Sydney, Australia"
I Met a Girl (film),I Met a Girl,i met a girl,film,2020.0,2020 Australian film,81.84,81.84,1,1,"Sydney, Australia","Sydney, Australia","Sydney, Australia"
Howling III,Howling III,howling iii,film,1987.0,1987 film by Philippe Mora,81.84,81.84,1,1,"Sydney, Australia","Sydney, Australia","Sydney, Australia"
How to Make Gravy (film),How to Make Gravy,how to make gravy,film,2024.0,2024 Australian drama film,81.84,81.84,1,1,"Sydney, Australia","Sydney, Australia","Sydney, Australia"
Housos vs. Authority,Housos vs. Authority,housos vs. authority,film,2012.0,2012 Australian film,81.84,81.84,1,1,"Sydney, Australia","Sydney, Australia","Sydney, Australia"
Hindi Vindi,Hindi Vindi,hindi vindi,film,2025.0,2025 Australian drama film,81.84,81.84,1,1,"Sydney, Australia","Sydney, Australia","Sydney, Australia"
Heyy Babyy,Heyy Babyy,heyy babyy,film,2007.0,2007 film by Sajid Khan,81.84,81.84,1,1,"Sydney, Australia","Sydney, Australia","Sydney, Australia"
Heatwave (film),Heatwave,heatwave,film,1982.0,1982 Australian film,81.84,81.84,1,1,"Sydney, Australia","Sydney, Australia","Sydney, Australia"
He Died with a Felafel in His Hand (film),He Died with a Felafel in His Hand,he died with a felafel in his hand,film,2001.0,2001 film by Richard Lowenstein,81.84,81.84,1,1,"Sydney, Australia","Sydney, Australia","Sydney, Australia"
Gone (2007 film),Gone,gone,film,2007.0,2007 film,81.84,81.84,1,1,"Sydney, Australia","Sydney, Australia","Sydney, Australia"
Not Suitable for Children,Not Suitable for Children,not suitable for children,film,2012.0,2012 Australian film,81.84,81.84,1,1,"Sydney, Australia","Sydney, Australia","Sydney, Australia"
Nobody Runs Forever,Nobody Runs Forever,nobody runs forever,film,1968.0,1968 British film by Ralph Thomas,81.84,81.84,1,1,"Sydney, Australia","Sydney, Australia","Sydney, Australia"
Muriel's Wedding,Muriel's Wedding,muriels wedding,film,1994.0,1994 film by P. J. Hogan,81.84,81.84,1,1,"Sydney, Australia","Sydney, Australia","Sydney, Australia"
Money Movers,Money Movers,money movers,film,1978.0,1978 Australian film,81.84,81.84,1,1,"Sydney, Australia","Sydney, Australia","Sydney, Australia"
Mission: Impossible 2,Mission: Impossible 2,mission impossible 2,film,2000.0,2000 film by John Woo,81.84,81.84,1,1,"Sydney, Australia","Sydney, Australia","Sydney, Australia"
Mechanic: Resurrection,Mechanic: Resurrection,mechanic resurrection,film,2016.0,2016 American action thriller film,81.84,81.84,1,1,"Sydney, Australia","Sydney, Australia","Sydney, Australia"
Manny Lewis,Manny Lewis,manny lewis,film,2015.0,2015 Australian film,81.84,81.84,1,1,"Sydney, Australia","Sydney, Australia","Sydney, Australia"
The Man from Hong Kong,The Man from Hong Kong,man from hong kong,film,1975.0,1975 film by Brian Trenchard-Smith,81.84,81.84,1,1,"Sydney, Australia","Sydney, Australia","Sydney, Australia"
Lunana: A Yak in the Classroom,Lunana: A Yak in the Classroom,lunana a yak in the classroom,film,2019.0,2019 film,81.84,81.84,1,1,"Sydney, Australia","Sydney, Australia","Sydney, Australia"
Looking for Alibrandi (film),Looking for Alibrandi,looking for alibrandi,film,2000.0,2000 Australian film,81.84,81.84,1,1,"Sydney, Australia","Sydney, Australia","Sydney, Australia"
Little Fish (2005 film),Little Fish,little fish,film,2005.0,2005 Australian film by Rowan Woods,81.84,81.84,1,1,"Sydney, Australia","Sydney, Australia","Sydney, Australia"
The Little Death (2014 film),The Little Death,little death,film,2014.0,2014 Australian film,81.84,81.84,1,1,"Sydney, Australia","Sydney, Australia","Sydney, Australia"
Listen to the Lion (film),Listen to the Lion,listen to the lion,film,1977.0,1977 Australian film,81.84,81.84,1,1,"Sydney, Australia","Sydney, Australia","Sydney, Australia"
Under Capricorn (novel),Under Capricorn,under capricorn,novel,1937.0,1937 novel by Australian author helen Simpson,81.84,81.84,1,1,"Sydney, Australia","Sydney, Australia","Sydney, Australia"
Lantana (film),Lantana,lantana,film,2001.0,2001 film by Ray Lawrence,81.84,81.84,1,1,"Sydney, Australia","Sydney, Australia","Sydney, Australia"
Ladies in Black (film),Ladies in Black,ladies in black,film,2018.0,2018 Australian film by Bruce Beresford,81.84,81.84,1,1,"Sydney, Australia","Sydney, Australia","Sydney, Australia"
The Harp in the South,The Harp in the South,harp in the south,novel,1948.0,1948 novel by Ruth Park,81.84,81.84,1,1,"Sydney, Australia","Sydney, Australia","Sydney, Australia"
The Green Laurel,The Green Laurel,green laurel,novel,,Book by Eleanor Spence,81.84,81.84,1,1,"Sydney, Australia","Sydney, Australia","Sydney, Australia"
A Good Recovery,A Good Recovery,good recovery,novel,,Book by Arthur Wright,81.84,81.84,1,1,"Sydney, Australia","Sydney, Australia","Sydney, Australia"
Raajakumara,Raajakumara,raajakumara,film,2017.0,2017 Indian film,81.84,81.84,1,1,"Sydney, Australia","Sydney, Australia","Sydney, Australia"
The Pyjama Girl Case,The Pyjama Girl Case,pyjama girl case,film,1978.0,1978 Italian film,81.84,81.84,1,1,"Sydney, Australia","Sydney, Australia","Sydney, Australia"
Puberty Blues (film),Puberty Blues,puberty blues,film,1981.0,1981 Australian film,81.84,81.84,1,1,"Sydney, Australia","Sydney, Australia","Sydney, Australia"
Playing Beatie Bow (film),Playing Beatie Bow,playing beatie bow,film,1986.0,1986 Australian film,81.84,81.84,1,1,"Sydney, Australia","Sydney, Australia","Sydney, Australia"
Paws (film),Paws,paws,film,1997.0,1997 Australian film,81.84,81.84,1,1,"Sydney, Australia","Sydney, Australia","Sydney, Australia"
Paperback Hero (1999 film),Paperback Hero,paperback hero,film,1999.0,1999 Australian film,81.84,81.84,1,1,"Sydney, Australia","Sydney, Australia","Sydney, Australia"
Paper Planes (film),Paper Planes,paper planes,film,2015.0,2015 Australian film,81.84,81.84,1,1,"Sydney, Australia","Sydney, Australia","Sydney, Australia"
Pacific Rim Uprising,Pacific Rim Uprising,pacific rim uprising,film,2018.0,2018 film by Steven S. DeKnight,81.84,81.84,1,1,"Sydney, Australia","Sydney, Australia","Sydney, Australia"
Our Lips Are Sealed (film),Our Lips Are Sealed,our lips are sealed,film,2000.0,2000 American film,81.84,81.84,1,1,"Sydney, Australia","Sydney, Australia","Sydney, Australia"
Poor Man's Orange,Poor Man's Orange,poor mans orange,novel,1949.0,1949 novel by Ruth Park,81.84,81.84,1,1,"Sydney, Australia","Sydney, Australia","Sydney, Australia"
Private Down Under,Private Down Under,private down under,novel,2012.0,2012 Private series book by James Patterson,81.84,81.84,1,1,"Sydney, Australia","Sydney, Australia","Sydney, Australia"
Helga's Web,Helga's Web,helgas web,novel,,Book by Jon Cleary,81.84,81.84,1,1,"Sydney, Australia","Sydney, Australia","Sydney, Australia"
He Died with a Felafel in His Hand,He Died with a Felafel in His Hand,he died with a felafel in his hand,novel,1994.0,1994 book by John Birmingham,81.84,81.84,1,1,"Sydney, Australia","Sydney, Australia","Sydney, Australia"
The Solid Mandala,The Solid Mandala,solid mandala,novel,,Novel by Patrick White,81.84,81.84,1,1,"Sydney, Australia","Sydney, Australia","Sydney, Australia"
Seven Poor Men of Sydney,Seven Poor Men of Sydney,seven poor men of sydney,novel,,Book by Christina Stead,81.84,81.84,1,1,"Sydney, Australia","Sydney, Australia","Sydney, Australia"
Seven Little Australians,Seven Little Australians,seven little australians,novel,,Book by Ethel Turner,81.84,81.84,1,1,"Sydney, Australia","Sydney, Australia","Sydney, Australia"
Sand Monkeys,Sand Monkeys,sand monkeys,novel,,Book by Joanne Horniman,81.84,81.84,1,1,"Sydney, Australia","Sydney, Australia","Sydney, Australia"
A Room Made of Leaves,A Room Made of Leaves,room made of leaves,novel,2020.0,2020 novel by Australian author Kate Grenville,81.84,81.84,1,1,"Sydney, Australia","Sydney, Australia","Sydney, Australia"
A Rogue's Luck,A Rogue's Luck,rogues luck,novel,1909.0,1909 novel by Arthur Wright,81.84,81.84,1,1,"Sydney, Australia","Sydney, Australia","Sydney, Australia"
The River Ophelia,The River Ophelia,river ophelia,novel,1995.0,1995 novel by Justine Ettler,81.84,81.84,1,1,"Sydney, Australia","Sydney, Australia","Sydney, Australia"
Riders in the Chariot,Riders in the Chariot,riders in the chariot,novel,1961.0,1961 novel by Patrick White,81.84,81.84,1,1,"Sydney, Australia","Sydney, Australia","Sydney, Australia"
Ride on Stranger (novel),Ride on Stranger,ride on stranger,novel,1943.0,1943 novel by Kylie Tennant,81.84,81.84,1,1,"Sydney, Australia","Sydney, Australia","Sydney, Australia"
The Refuge (novel),The Refuge,refuge,novel,1954.0,1954 novel by Kenneth Mackenzie,81.84,81.84,1,1,"Sydney, Australia","Sydney, Australia","Sydney, Australia"
The Racketty Street Gang,The Racketty Street Gang,racketty street gang,novel,,Book by L. H. Evers,81.84,81.84,1,1,"Sydney, Australia","Sydney, Australia","Sydney, Australia"
Questions of Travel,Questions of Travel,questions of travel,novel,,Book by Michelle de Kretser,81.84,81.84,1,1,"Sydney, Australia","Sydney, Australia","Sydney, Australia"
The Vivisector,The Vivisector,vivisector,novel,1970.0,1970 novel by Patrick White,81.84,81.84,1,1,"Sydney, Australia","Sydney, Australia","Sydney, Australia"
The Pound Era,The Pound Era,pound era,novel,1971.0,1971 book by Hugh Kenner,81.72,0.0,1,0,Ezra Pound,Ezra Pound,
A ZBC of Ezra Pound,A ZBC of Ezra Pound,zbc of ezra pound,novel,,Book by Christine Brooke-Rose,81.72,0.0,1,0,Ezra Pound,Ezra Pound,
Reading Pound Reading,Reading Pound Reading,reading pound reading,novel,,Book on Ezra Pound by Kathryne V. Lindberg,81.72,0.0,1,0,Ezra Pound,Ezra Pound,
Conservative Victory,Conservative Victory,conservative victory,novel,2010.0,2010 book by Sean Hannity,81.7,0.0,1,0,Barack Obama,Barack Obama,
Obama Mama,Obama Mama,obama mama,film,2014.0,2014 American film,81.7,0.0,1,0,Barack Obama,Barack Obama,
Little Obama,Little Obama,little obama,film,2010.0,2010 Indonesian film,81.7,0.0,1,0,Barack Obama,Barack Obama,
I Want Your Money,I Want Your Money,i want your money,film,2010.0,2010 American film,81.7,0.0,1,0,Barack Obama,Barack Obama,
The Road We've Traveled,The Road We've Traveled,road weve traveled,film,2012.0,2012 film directed by Davis Guggenheim,81.7,0.0,1,0,Barack Obama,Barack Obama,
The Final Year,The Final Year,final year,film,2017.0,2017 American film,81.7,0.0,1,0,Barack Obama,Barack Obama,
Southside with You,Southside with You,southside with you,film,2016.0,2016 American film,81.7,0.0,1,0,Barack Obama,Barack Obama,
Tere Bin Laden: Dead or Alive,Tere Bin Laden: Dead or Alive,tere bin laden dead or alive,film,2016.0,2016 film directed by Abhishek Sharma,81.7,0.0,1,0,Barack Obama,Barack Obama,
Art for Obama,Art for Obama,art for obama,novel,2009.0,2009 book edited by Shepard Fairey and Jennifer Gross,81.7,0.0,1,0,Barack Obama,Barack Obama,
Catastrophe (Morris and McGann book),Catastrophe (Morris and McGann book),catastrophe morris and mcgann book,novel,2009.0,2009 book,81.7,0.0,1,0,Barack Obama,Barack Obama,
In the President's Secret Service,In the President's Secret Service,in the presidents secret service,novel,2009.0,2009 book by Ronald Kessler,81.7,0.0,1,0,Barack Obama,Barack Obama,
The Audacity of Hope,The Audacity of Hope,audacity of hope,novel,,Book by Barack Obama,81.7,0.0,1,0,Barack Obama,Barack Obama,
Culture of Corruption,Culture of Corruption,culture of corruption,novel,2009.0,2009 book by Michelle Malkin,81.7,0.0,1,0,Barack Obama,Barack Obama,
Dreams from My Father,Dreams from My Father,dreams from my father,novel,,Book by Barack Obama,81.7,0.0,1,0,Barack Obama,Barack Obama,
Obama's Last Stand,Obama's Last Stand,obamas last stand,novel,,Book by Glenn Thrush,81.7,0.0,1,0,Barack Obama,Barack Obama,
Obama Zombies,Obama Zombies,obama zombies,novel,2010.0,2010 book written by Jason Mattera,81.7,0.0,1,0,Barack Obama,Barack Obama,
The Obama Syndrome,The Obama Syndrome,obama syndrome,novel,,Book by Tariq Ali,81.7,0.0,1,0,Barack Obama,Barack Obama,
Obama: From Promise to Power,Obama: From Promise to Power,obama from promise to power,novel,,Book by David Mendell,81.7,0.0,1,0,Barack Obama,Barack Obama,
The Case Against Barack Obama,The Case Against Barack Obama,case against barack obama,novel,2008.0,2008 book by David Freddoso,81.7,0.0,1,0,Barack Obama,Barack Obama,
Between Barack and a Hard Place,Between Barack and a Hard Place,between barack and a hard place,novel,2009.0,2009 book by Tim Wise,81.7,0.0,1,0,Barack Obama,Barack Obama,
The Obama Diaries,The Obama Diaries,obama diaries,novel,2010.0,2010 book by Laura Ingraham,81.7,0.0,1,0,Barack Obama,Barack Obama,
Buyer's Remorse (book),Buyer's Remorse,buyers remorse,novel,2016.0,2016 book by Bill Press,81.7,0.0,1,0,Barack Obama,Barack Obama,
Dreams from My Real Father,Dreams from My Real Father,dreams from my real father,film,2012.0,2012 American film,81.7,0.0,1,0,Barack Obama,Barack Obama,
Barry (2016 film),Barry,barry,film,2016.0,2016 film by Vikram Gandhi,81.7,0.0,1,0,Barack Obama,Barack Obama,
Citizen's Briefing Book,Citizen's Briefing Book,citizens briefing book,novel,,Book of recommendations made to President Barack Obama,81.7,0.0,1,0,Barack Obama,Barack Obama,
The Obama Identity,The Obama Identity,obama identity,novel,2010.0,2010 novel by Edward Klein and John LeBoutillier,81.7,0.0,1,0,Barack Obama,Barack Obama,
O: A Presidential Novel,O: A Presidential Novel,o a presidential novel,novel,2011.0,2011 novel by an anonymous author,81.7,0.0,1,0,Barack Obama,Barack Obama,
The Obama Nation,The Obama Nation,obama nation,novel,,Book by Jerome Corsi,81.7,0.0,1,0,Barack Obama,Barack Obama,
Lieutenant Kijé (film),Lieutenant Kijé,lieutenant kije,film,1934.0,1934 Soviet film,81.69,81.69,1,1,Paul I,Paul I,Paul I
Sword of God (novel),Sword of God,sword of god,novel,2007.0,2007 thriller novel by Chris Kuzneski,81.69,81.69,1,1,Saudi Arabia,Saudi Arabia,Saudi Arabia
The Patriot (1938 film),The Patriot,patriot,film,1938.0,1938 film,81.69,81.69,1,1,Paul I,Paul I,Paul I
The Patriot (1928 film),The Patriot,patriot,film,1928.0,1928 film,81.69,81.69,1,1,Paul I,Paul I,Paul I
Pugachev (1978 film),Pugachev,pugachev,film,1978.0,1978 Soviet film,81.69,81.69,1,1,Paul I,Paul I,Paul I
Poor Poor Paul,Poor Poor Paul,poor poor paul,film,2003.0,2003 film,81.69,81.69,1,1,Paul I,Paul I,Paul I
Suvorov (film),Suvorov,suvorov,film,1941.0,"1941 film by Mikhail Doller, Vsevolod Pudovkin",81.69,81.69,1,1,Paul I,Paul I,Paul I
Women of Sand and Myrrh,Women of Sand and Myrrh,women of sand and myrrh,novel,,Novel by Hanan al-Shaykh,81.69,81.69,1,1,Saudi Arabia,Saudi Arabia,Saudi Arabia
Attack from the Sea,Attack from the Sea,attack from the sea,film,1953.0,1953 film by Mikhail Romm,81.69,81.69,1,1,Paul I,Paul I,Paul I
Locos de amor: mi primer amor,Locos de amor: mi primer amor,locos de amor mi primer amor,film,2025.0,2025 Peruvian film,81.48,81.48,1,1,Punta del Este,Punta del Este,Punta del Este
Kékszakállú,Kékszakállú,kekszakallu,film,2016.0,2016 film,81.48,81.48,1,1,Punta del Este,Punta del Este,Punta del Este
Lovecraft's Book,Lovecraft's Book,lovecrafts book,novel,1985.0,1985 novel by Richard A. Lupoff,81.41,81.41,1,1,H.P. Lovecraft,H.P. Lovecraft,H.P. Lovecraft
"H. P. Lovecraft: Against the World, Against Life","H. P. Lovecraft: Against the World, Against Life",h. p. lovecraft against the world against life,novel,1991.0,1991 book by Michel Houellebecq,81.41,81.41,1,1,H.P. Lovecraft,H.P. Lovecraft,H.P. Lovecraft
Lovecraft's Providence and Adjacent Parts,Lovecraft's Providence and Adjacent Parts,lovecrafts providence and adjacent parts,novel,,"Book by Henry L. P. Beckwith, Jr.",81.41,81.41,1,1,H.P. Lovecraft,H.P. Lovecraft,H.P. Lovecraft
Black Beauty (2020 film),Black Beauty,black beauty,film,2020.0,2020 film,81.23,81.23,1,1,Black Beauty,Black Beauty,Black Beauty
Black Beauty (1994 film),Black Beauty,black beauty,film,1994.0,1994 family drama film,81.23,81.23,1,1,Black Beauty,Black Beauty,Black Beauty
Black Beauty (1978 film),Black Beauty,black beauty,film,1978.0,1978 film,81.23,81.23,1,1,Black Beauty,Black Beauty,Black Beauty
Your Obedient Servant (film),Your Obedient Servant,your obedient servant,film,1917.0,1917 silent film,81.23,81.23,1,1,Black Beauty,Black Beauty,Black Beauty
Black Beauty (1921 film),Black Beauty,black beauty,film,1921.0,1921 film,81.23,81.23,1,1,Black Beauty,Black Beauty,Black Beauty
Black Beauty (1971 film),Black Beauty,black beauty,film,1971.0,1971 British film by James Hill,81.23,81.23,1,1,Black Beauty,Black Beauty,Black Beauty
Black Beauty (1946 film),Black Beauty,black beauty,film,1946.0,1946 film,81.23,81.23,1,1,Black Beauty,Black Beauty,Black Beauty
Winnie Mandela (film),Winnie Mandela,winnie mandela,film,2011.0,2011 film by Darrell Roodt,81.21,81.21,1,1,Nelson Mandela,Nelson Mandela,Nelson Mandela
Mandela (1996 film),Mandela,mandela,film,1996.0,1996 film,81.21,81.21,1,1,Nelson Mandela,Nelson Mandela,Nelson Mandela
Madame Butterfly (1954 film),Madame Butterfly,madame butterfly,film,1954.0,1954 film directed by Carmine Gallone,80.95,80.95,1,1,Madame Butterfly,Madame Butterfly,Madame Butterfly
Madame Butterfly (1915 film),Madame Butterfly,madame butterfly,film,1915.0,1915 film by Sidney Olcott,80.95,80.95,1,1,Madame Butterfly,Madame Butterfly,Madame Butterfly
Madame Butterfly (1932 film),Madame Butterfly,madame butterfly,film,1932.0,1932 film,80.95,80.95,1,1,Madame Butterfly,Madame Butterfly,Madame Butterfly
The Water Horse: Legend of the Deep,The Water Horse: Legend of the Deep,water horse legend of the deep,film,2007.0,2007 American film,80.4,80.4,1,1,Loch Ness,Loch Ness,Loch Ness
What a Whopper,What a Whopper,what a whopper,film,1961.0,1961 British film by Gilbert Gunn,80.4,80.4,1,1,Loch Ness,Loch Ness,Loch Ness
The Secret of the Loch,The Secret of the Loch,secret of the loch,film,1934.0,1934 film,80.4,80.4,1,1,Loch Ness,Loch Ness,Loch Ness
L'Enchanteur,L'Enchanteur,lenchanteur,novel,1984.0,French 1984 novel,80.35,80.35,1,1,Holy Grail,Holy Grail,Holy Grail
Perlesvaus,Perlesvaus,perlesvaus,novel,,13th-century Arthurian novel,80.35,80.35,1,1,Holy Grail,Holy Grail,Holy Grail
Nova (novel),Nova,nova,novel,1968.0,1968 science fiction novel by Samuel R. Delany,80.35,80.35,1,1,Holy Grail,Holy Grail,Holy Grail
The Nonexistent Knight,The Nonexistent Knight,nonexistent knight,novel,1959.0,1959 fantasy novel by Italo Calvino,80.35,80.35,1,1,Holy Grail,Holy Grail,Holy Grail
The Hidden Treasure of Glaston,The Hidden Treasure of Glaston,hidden treasure of glaston,novel,1946.0,1946 novel by Eleanore M. Jewett,80.35,80.35,1,1,Holy Grail,Holy Grail,Holy Grail
The Silver Chalice,The Silver Chalice,silver chalice,novel,1952.0,1952 American novel by Thomas B. Costain,80.35,80.35,1,1,Holy Grail,Holy Grail,Holy Grail
Rat Scabies and The Holy Grail,Rat Scabies and The Holy Grail,rat scabies and the holy grail,novel,2005.0,2005 book by Christopher Dawes,80.35,80.35,1,1,Holy Grail,Holy Grail,Holy Grail
Der Rote Ritter,Der Rote Ritter,der rote ritter,novel,1993.0,1993 novel by Adolf Muschg,80.35,80.35,1,1,Holy Grail,Holy Grail,Holy Grail
The Light Beyond the Forest,The Light Beyond the Forest,light beyond the forest,novel,1979.0,1979 children's novel by Rosemary Sutcliff,80.35,80.35,1,1,Holy Grail,Holy Grail,Holy Grail
The Da Vinci Code,The Da Vinci Code,da vinci code,novel,2003.0,2003 novel by Dan Brown,80.35,80.35,1,1,Holy Grail,Holy Grail,Holy Grail
The Alice B. Toklas Cook Book,The Alice B. Toklas Cook Book,alice b. toklas cook book,novel,1954.0,1954 book by Alice B. Toklas,80.3,0.0,1,0,Gertrude Stein,Gertrude Stein,
Gertrude and Alice,Gertrude and Alice,gertrude and alice,novel,1981.0,1981 book by Diana Souhami,80.3,0.0,1,0,Gertrude Stein,Gertrude Stein,
Sparrow (1993 film),Sparrow,sparrow,film,1993.0,1993 film by Franco Zeffirelli,80.28,80.28,1,1,Mt. Etna,Mt. Etna,Mt. Etna
Revolt in the Stars,Revolt in the Stars,revolt in the stars,film,1977.0,1977 science fiction film screenplay written by L. Ron Hubbard,80.28,80.28,1,1,Mt. Etna,Mt. Etna,Mt. Etna
Toilers of the Sea (1923 film),Toilers of the Sea,toilers of the sea,film,1923.0,1923 silent film,80.28,80.28,1,1,Mt. Etna,Mt. Etna,Mt. Etna
The Mysterious Island (1905 film),The Mysterious Island,mysterious island,film,1905.0,1905 French film,80.28,80.28,1,1,Mt. Etna,Mt. Etna,Mt. Etna
Søren Kierkegaard as Philosopher,Søren Kierkegaard as Philosopher,søren kierkegaard as philosopher,novel,1986.0,1986 book by Harald Høffding,80.19,80.19,1,1,Søren Kierkegaard,Søren Kierkegaard,Søren Kierkegaard
Kierkegaardian Studies,Kierkegaardian Studies,kierkegaardian studies,novel,,Book on philosophy,80.19,80.19,1,1,Søren Kierkegaard,Søren Kierkegaard,Søren Kierkegaard
Therapy (Lodge novel),Therapy (Lodge novel),therapy lodge novel,novel,1995.0,1995 novel by David Lodge,80.19,80.19,1,1,Søren Kierkegaard,Søren Kierkegaard,Søren Kierkegaard
The 6th Man,The 6th Man,6th man,film,1997.0,1997 American film,80.04,80.04,1,1,British Columbia,British Columbia,British Columbia
2 Frogs in the West,2 Frogs in the West,2 frogs in the west,film,2010.0,2010 Canadian film,80.04,80.04,1,1,British Columbia,British Columbia,British Columbia
12 Rounds 2: Reloaded,12 Rounds 2: Reloaded,12 rounds 2 reloaded,film,2013.0,2013 American film,80.04,80.04,1,1,British Columbia,British Columbia,British Columbia
Wild Goat Surf,Wild Goat Surf,wild goat surf,film,2023.0,2023 Canadian drama film,80.04,80.04,1,1,British Columbia,British Columbia,British Columbia
The Islander (Rylant novel),The Islander (Rylant novel),islander rylant novel,novel,1998.0,1998 novel by Cynthia Rylant,80.04,80.04,1,1,British Columbia,British Columbia,British Columbia
Kolymsky Heights,Kolymsky Heights,kolymsky heights,novel,1994.0,1994 thriller novel by Lionel Davidson,80.04,80.04,1,1,British Columbia,British Columbia,British Columbia
Landslide (novel),Landslide,landslide,novel,1967.0,1967 novel by Desmond Bagley,80.04,80.04,1,1,British Columbia,British Columbia,British Columbia
Mrs. Mike,Mrs. Mike,mrs. mike,novel,1947.0,1947 book by Benedict Freedman,80.04,80.04,1,1,British Columbia,British Columbia,British Columbia
The 6th Day,The 6th Day,6th day,film,2000.0,2000 film directed by Roger Spottiswoode,80.04,80.04,1,1,British Columbia,British Columbia,British Columbia
Vixen!,Vixen!,vixen,film,1968.0,1968 film by Russ Meyer,80.04,80.04,1,1,British Columbia,British Columbia,British Columbia
Walls (1984 film),Walls,walls,film,1984.0,1984 Canadian film,80.04,80.04,1,1,British Columbia,British Columbia,British Columbia
The Sweet Hereafter (film),The Sweet Hereafter,sweet hereafter,film,1997.0,1997 film,80.04,80.04,1,1,British Columbia,British Columbia,British Columbia
The Trap (1966 film),The Trap,trap,film,1966.0,1966 UK-Canadian film by Sidney Hayers,80.04,80.04,1,1,British Columbia,British Columbia,British Columbia
César Cascabel,César Cascabel,cesar cascabel,novel,1890.0,1890 novel by Jules Verne,80.04,80.04,1,1,British Columbia,British Columbia,British Columbia
The Cure for Death by Lightning,The Cure for Death by Lightning,cure for death by lightning,novel,1995.0,1995 novel by Gail Anderson-Dargatz,80.04,80.04,1,1,British Columbia,British Columbia,British Columbia
The Double Hook,The Double Hook,double hook,novel,1959.0,1959 novel by Sheila Watson,80.04,80.04,1,1,British Columbia,British Columbia,British Columbia
The Gathering (Armstrong novel),The Gathering (Armstrong novel),gathering armstrong novel,novel,2011.0,2011 novel by Kelley Armstrong,80.04,80.04,1,1,British Columbia,British Columbia,British Columbia
Girlfriend in a Coma (novel),Girlfriend in a Coma,girlfriend in a coma,novel,1998.0,1998 novel by Douglas Coupland,80.04,80.04,1,1,British Columbia,British Columbia,British Columbia
The Golden Pine Cone,The Golden Pine Cone,golden pine cone,novel,1994.0,1994 novel by Catherine Anthony Clark,80.04,80.04,1,1,British Columbia,British Columbia,British Columbia
I Heard the Owl Call My Name,I Heard the Owl Call My Name,i heard the owl call my name,novel,1967.0,1967 novel by Margaret Craven,80.04,80.04,1,1,British Columbia,British Columbia,British Columbia
Neal 'n' Nikki,Neal 'n' Nikki,neal n nikki,film,2005.0,2005 Indian film,80.04,80.04,1,1,British Columbia,British Columbia,British Columbia
Portraits from a Fire,Portraits from a Fire,portraits from a fire,film,2021.0,2021 Canadian comedy-drama film,80.04,80.04,1,1,British Columbia,British Columbia,British Columbia
Recoil (2011 film),Recoil,recoil,film,2011.0,2012 Canadian film,80.04,80.04,1,1,British Columbia,British Columbia,British Columbia
Proxyhawks,Proxyhawks,proxyhawks,film,1971.0,1971 Canadian film,80.04,80.04,1,1,British Columbia,British Columbia,British Columbia
Protection (2000 film),Protection,protection,film,2000.0,2000 Canadian film,80.04,80.04,1,1,British Columbia,British Columbia,British Columbia
Rupert's Land (film),Rupert's Land,ruperts land,film,1998.0,1998 Canadian film,80.04,80.04,1,1,British Columbia,British Columbia,British Columbia
The Supreme Kid,The Supreme Kid,supreme kid,film,1976.0,1976 Canadian film,80.04,80.04,1,1,British Columbia,British Columbia,British Columbia
A Simple Curve,A Simple Curve,simple curve,film,,Canadian drama film,80.04,80.04,1,1,British Columbia,British Columbia,British Columbia
"Sasquatch, the Legend of Bigfoot","Sasquatch, the Legend of Bigfoot",sasquatch the legend of bigfoot,film,1976.0,1976 American film,80.04,80.04,1,1,British Columbia,British Columbia,British Columbia
Sweet Summer Pow Wow,Sweet Summer Pow Wow,sweet summer pow wow,film,2025.0,2025 Canadian film,80.04,80.04,1,1,British Columbia,British Columbia,British Columbia
This Was the Time,This Was the Time,this was the time,film,1970.0,1970 Canadian film,80.04,80.04,1,1,British Columbia,British Columbia,British Columbia
One Week (2008 film),One Week,one week,film,2008.0,2008 Canadian film,80.04,80.04,1,1,British Columbia,British Columbia,British Columbia
October Ferry to Gabriola,October Ferry to Gabriola,october ferry to gabriola,novel,1970.0,1970 novel by Malcolm Lowry,80.04,80.04,1,1,British Columbia,British Columbia,British Columbia
Sea of Tranquility (novel),Sea of Tranquility,sea of tranquility,novel,2022.0,2022 novel by Emily St. John Mandel,80.04,80.04,1,1,British Columbia,British Columbia,British Columbia
People We Meet on Vacation (film),People We Meet on Vacation,people we meet on vacation,film,2026.0,2026 film by Brett Haley,80.04,80.04,1,1,British Columbia,British Columbia,British Columbia
The Mystery at Devil's Paw,The Mystery at Devil's Paw,mystery at devils paw,novel,,Book by Franklin W. Dixon,80.04,80.04,1,1,British Columbia,British Columbia,British Columbia
Until Branches Bend,Until Branches Bend,until branches bend,film,2022.0,2022 Canadian film,80.04,80.04,1,1,British Columbia,British Columbia,British Columbia
"Alice, I Think (novel)","Alice, I Think",alice i think,novel,2000.0,2000 novel by Susan Juby,80.04,80.04,1,1,British Columbia,British Columbia,British Columbia
Before I Wake (Wiersema novel),Before I Wake (Wiersema novel),before i wake wiersema novel,novel,2006.0,2006 novel by Robert J. Wiersema,80.04,80.04,1,1,British Columbia,British Columbia,British Columbia
Awake and Dreaming,Awake and Dreaming,awake and dreaming,novel,1996.0,1996 novel by Kit Pearson,80.04,80.04,1,1,British Columbia,British Columbia,British Columbia
The Assassin's Song,The Assassin's Song,assassins song,novel,2007.0,2007 novel by M. G. Vassanji,80.04,80.04,1,1,British Columbia,British Columbia,British Columbia
Cariboo Runaway,Cariboo Runaway,cariboo runaway,novel,1976.0,1976 young adult novel by Sandy Frances Duncan,80.04,80.04,1,1,British Columbia,British Columbia,British Columbia
Son of a Trickster,Son of a Trickster,son of a trickster,novel,2017.0,2017 novel by Eden Robinson,80.04,80.04,1,1,British Columbia,British Columbia,British Columbia
A Tale for the Time Being,A Tale for the Time Being,tale for the time being,novel,2013.0,2013 novel by Ruth Ozeki,80.04,80.04,1,1,British Columbia,British Columbia,British Columbia
Never Cry Wolf (film),Never Cry Wolf,never cry wolf,film,1983.0,1983 film by Carroll Ballard,80.04,80.04,1,1,British Columbia,British Columbia,British Columbia
Henry V (1989 film),Henry V,henry v,film,1989.0,1989 British historical drama film,79.91,79.91,1,1,Hundred Years' War,Hundred Years' War,Hundred Years' War
War Gods of Babylon,War Gods of Babylon,war gods of babylon,film,1962.0,1962 Italian film,79.91,0.0,1,0,Middle East,Middle East,
Surrogates,Surrogates,surrogates,film,2009.0,2009 American science fiction action film by Jonathan Mostow,79.91,0.0,1,0,Middle East,Middle East,
The Last Duel (2021 film),The Last Duel,last duel,film,2021.0,2021 film by Ridley Scott,79.91,79.91,1,1,Hundred Years' War,Hundred Years' War,Hundred Years' War
A Walk with Love and Death,A Walk with Love and Death,walk with love and death,film,1969.0,1969 film directed by John Huston,79.91,79.91,1,1,Hundred Years' War,Hundred Years' War,Hundred Years' War
Timeline (2003 film),Timeline,timeline,film,2003.0,2003 film by Richard Donner,79.91,79.91,1,1,Hundred Years' War,Hundred Years' War,Hundred Years' War
The Winged Horse,The Winged Horse,winged horse,film,1932.0,1932 film,79.91,0.0,1,0,Middle East,Middle East,
Wrong Is Right,Wrong Is Right,wrong is right,film,1982.0,1982 film by Richard Brooks,79.91,0.0,1,0,Middle East,Middle East,
Trident Force,Trident Force,trident force,film,1988.0,1988 action film starring Anthony Alonzo,79.91,0.0,1,0,Middle East,Middle East,
Sinbad and the Minotaur,Sinbad and the Minotaur,sinbad and the minotaur,film,2011.0,2011 Australian film,79.91,0.0,1,0,Middle East,Middle East,
Syriana,Syriana,syriana,film,2005.0,2005 film by Stephen Gaghan,79.91,0.0,1,0,Middle East,Middle East,
Adémaï in the Middle Ages,Adémaï in the Middle Ages,ademai in the middle ages,film,1935.0,1935 film,79.91,79.91,1,1,Hundred Years' War,Hundred Years' War,Hundred Years' War
Du Guesclin (film),Du Guesclin,du guesclin,film,1949.0,1949 film,79.91,79.91,1,1,Hundred Years' War,Hundred Years' War,Hundred Years' War
The Dark Avenger,The Dark Avenger,dark avenger,film,1955.0,1955 British film by Henry Levin,79.91,79.91,1,1,Hundred Years' War,Hundred Years' War,Hundred Years' War
Henry V (1944 film),Henry V,henry v,film,1944.0,1944 British film by Laurence Olivier,79.91,79.91,1,1,Hundred Years' War,Hundred Years' War,Hundred Years' War
Why Freud Was Wrong,Why Freud Was Wrong,why freud was wrong,novel,1995.0,1995 book by Richard Webster,79.89,0.0,1,0,Sigmund Freud,Sigmund Freud,
The Passions of the Mind,The Passions of the Mind,passions of the mind,novel,,Book by Irving Stone,79.89,0.0,1,0,Sigmund Freud,Sigmund Freud,
Freud and Philosophy,Freud and Philosophy,freud and philosophy,novel,1965.0,1965 book by Paul Ricœur,79.89,0.0,1,0,Sigmund Freud,Sigmund Freud,
Philosophical Essays on Freud,Philosophical Essays on Freud,philosophical essays on freud,novel,1982.0,1982 book edited by Richard Wollheim and James Hopkins,79.89,0.0,1,0,Sigmund Freud,Sigmund Freud,
Freud: A Life for Our Time,Freud: A Life for Our Time,freud a life for our time,novel,1988.0,1988 book by Peter Gay,79.89,0.0,1,0,Sigmund Freud,Sigmund Freud,
The Memory Wars,The Memory Wars,memory wars,novel,1995.0,1995 book by Frederick Crews,79.89,0.0,1,0,Sigmund Freud,Sigmund Freud,
Decline and Fall of the Freudian Empire,Decline and Fall of the Freudian Empire,decline and fall of the freudian empire,novel,1985.0,1985 book by Hans Eysenck,79.89,0.0,1,0,Sigmund Freud,Sigmund Freud,
The Discovery of the Unconscious,The Discovery of the Unconscious,discovery of the unconscious,novel,1970.0,1970 book by Henri Ellenberger,79.89,0.0,1,0,Sigmund Freud,Sigmund Freud,
Life Against Death,Life Against Death,life against death,novel,1959.0,1959 book by Norman O. Brown,79.89,0.0,1,0,Sigmund Freud,Sigmund Freud,
Freud: The Mind of the Moralist,Freud: The Mind of the Moralist,freud the mind of the moralist,novel,1959.0,1959 book by Philip Rieff,79.89,0.0,1,0,Sigmund Freud,Sigmund Freud,
The Life and Work of Sigmund Freud,The Life and Work of Sigmund Freud,life and work of sigmund freud,novel,1953.0,1953–1957 book by Ernest Jones,79.89,0.0,1,0,Sigmund Freud,Sigmund Freud,
"Freud, Biologist of the Mind","Freud, Biologist of the Mind",freud biologist of the mind,novel,1979.0,1979 book by Frank Sulloway,79.89,0.0,1,0,Sigmund Freud,Sigmund Freud,
The Assault on Truth,The Assault on Truth,assault on truth,novel,1984.0,1984 book by Jeffrey Moussaieff Masson,79.89,0.0,1,0,Sigmund Freud,Sigmund Freud,
Eros and Civilization,Eros and Civilization,eros and civilization,novel,1955.0,1955 book by Herbert Marcuse,79.89,0.0,1,0,Sigmund Freud,Sigmund Freud,
The Dark Ground of Spirit,The Dark Ground of Spirit,dark ground of spirit,novel,2011.0,2011 book by Sean J. McGrath,79.89,0.0,1,0,Sigmund Freud,Sigmund Freud,
The Freudian Fallacy,The Freudian Fallacy,freudian fallacy,novel,1983.0,1983 book by Elizabeth M. Thornton,79.89,0.0,1,0,Sigmund Freud,Sigmund Freud,
Before She Was Harriet,Before She Was Harriet,before she was harriet,novel,2017.0,2017 book by Lesa Cline-Ransome,79.85,79.85,1,1,Harriet Tubman,Harriet Tubman,Harriet Tubman
Fire on the Mountain (Bisson novel),Fire on the Mountain (Bisson novel),fire on the mountain bisson novel,novel,1988.0,1988 novel by Terry Bisson,79.85,79.85,1,1,Harriet Tubman,Harriet Tubman,Harriet Tubman
"Combee: Harriet Tubman, the Combahee River Raid, and Black Freedom During the Civil War","Combee: Harriet Tubman, the Combahee River Raid, and Black Freedom During the Civil War",combee harriet tubman the combahee river raid and black freedom during the civil war,novel,2024.0,2024 book by Edda L. Fields-Black,79.85,79.85,1,1,Harriet Tubman,Harriet Tubman,Harriet Tubman
Minty (book),Minty,minty,novel,1996.0,1996 book by Alan Schroeder and illustrated by Jerry Pinkeney,79.85,79.85,1,1,Harriet Tubman,Harriet Tubman,Harriet Tubman
Moses: When Harriet Tubman Led Her People to Freedom,Moses: When Harriet Tubman Led Her People to Freedom,moses when harriet tubman led her people to freedom,novel,2006.0,2006 children's book by Carole Boston Weatherford,79.85,79.85,1,1,Harriet Tubman,Harriet Tubman,Harriet Tubman
The Railroad to Freedom,The Railroad to Freedom,railroad to freedom,novel,1932.0,1932 book by Hildegarde Swift,79.85,79.85,1,1,Harriet Tubman,Harriet Tubman,Harriet Tubman
A Woman Called Moses (novel),A Woman Called Moses,woman called moses,novel,1976.0,1976 novel by Marcy Heidish,79.85,79.85,1,1,Harriet Tubman,Harriet Tubman,Harriet Tubman
No Dorai,No Dorai,no dorai,film,,Bangladeshi drama film,79.81,79.81,1,1,Cox's Bazar,Cox's Bazar,Cox's Bazar
Priyotoma,Priyotoma,priyotoma,film,2023.0,Bangladeshi film (2023),79.81,79.81,1,1,Cox's Bazar,Cox's Bazar,Cox's Bazar
Networker Baire,Networker Baire,networker baire,film,2021.0,2021 film directed by Mizanur Rahman Aryan,79.81,79.81,1,1,Cox's Bazar,Cox's Bazar,Cox's Bazar
Angaar (2016 film),Angaar,angaar,film,2016.0,2016 Bangladeshi film,79.81,79.81,1,1,Cox's Bazar,Cox's Bazar,Cox's Bazar
Central Park (1932 film),Central Park,central park,film,1932.0,1932 film,79.76,79.76,1,1,Central Park,Central Park,Central Park
Madagascar (2005 film),Madagascar,madagascar,film,2005.0,DreamWorks Animation film,79.76,79.76,1,1,Central Park,Central Park,Central Park
And Tango Makes Three,And Tango Makes Three,and tango makes three,novel,2005.0,2005 children's book by Peter Parnell and Justin Richardson,79.76,79.76,1,1,Central Park,Central Park,Central Park
Son of God (film),Son of God,son of god,film,2014.0,2014 American film,79.63,79.63,1,1,Adam and Eve,Adam and Eve,Adam and Eve
Year One (film),Year One,year one,film,2009.0,2009 American adventure comedy film,79.63,79.63,1,1,Adam and Eve,Adam and Eve,Adam and Eve
The Tragedy of Man (film),The Tragedy of Man,tragedy of man,film,2011.0,2011 Hungarian film,79.63,79.63,1,1,Adam and Eve,Adam and Eve,Adam and Eve
Stuck on You!,Stuck on You!,stuck on you,film,1982.0,"1982 film by Michael Herz, Lloyd Kaufman",79.63,79.63,1,1,Adam and Eve,Adam and Eve,Adam and Eve
Second Time Lucky,Second Time Lucky,second time lucky,film,1984.0,1984 film by Michael Anderson,79.63,79.63,1,1,Adam and Eve,Adam and Eve,Adam and Eve
Wakefield Poole's Bible,Wakefield Poole's Bible,wakefield pooles bible,film,1973.0,1973 American film,79.63,79.63,1,1,Adam and Eve,Adam and Eve,Adam and Eve
Jeremy Corbyn: Accidental Hero,Jeremy Corbyn: Accidental Hero,jeremy corbyn accidental hero,novel,,Book by W Stephen Gilbert,79.58,79.58,1,1,Jeremy Corbyn,Jeremy Corbyn,Jeremy Corbyn
Comrade Corbyn,Comrade Corbyn,comrade corbyn,novel,2016.0,2016 book by Rosa Prince,79.58,79.58,1,1,Jeremy Corbyn,Jeremy Corbyn,Jeremy Corbyn
Corbyn: The Strange Rebirth of Radical Politics,Corbyn: The Strange Rebirth of Radical Politics,corbyn the strange rebirth of radical politics,novel,2016.0,2016 book by Richard Seymour,79.58,79.58,1,1,Jeremy Corbyn,Jeremy Corbyn,Jeremy Corbyn
The Left's Jewish Problem,The Left's Jewish Problem,lefts jewish problem,novel,2016.0,2016 book by Dave Rich,79.58,79.58,1,1,Jeremy Corbyn,Jeremy Corbyn,Jeremy Corbyn
The 100 most prominent Serbs,The 100 most prominent Serbs,100 most prominent serbs,novel,1993.0,Serbian book (1993),79.48,0.0,1,0,Nikola Tesla,Nikola Tesla,
"The Inventions, Researches, and Writings of Nikola Tesla","The Inventions, Researches, and Writings of Nikola Tesla",inventions researches and writings of nikola tesla,novel,1894.0,1894 book by Thomas Commerford Martin,79.48,0.0,1,0,Nikola Tesla,Nikola Tesla,
"Colorado Springs Notes, 1899–1900","Colorado Springs Notes, 1899–1900",colorado springs notes 1899–1900,novel,1978.0,1978 book compiled and edited by Aleksandar Marinčić and Vojin Popović,79.48,0.0,1,0,Nikola Tesla,Nikola Tesla,
The Man Who Invented the Twentieth Century,The Man Who Invented the Twentieth Century,man who invented the twentieth century,novel,,Book by Robert Lomas,79.48,0.0,1,0,Nikola Tesla,Nikola Tesla,
My Inventions: The Autobiography of Nikola Tesla,My Inventions: The Autobiography of Nikola Tesla,my inventions the autobiography of nikola tesla,novel,,Book by Nikola Tesla,79.48,0.0,1,0,Nikola Tesla,Nikola Tesla,
Prodigal Genius,Prodigal Genius,prodigal genius,novel,,Book by John Joseph O'Neill,79.48,0.0,1,0,Nikola Tesla,Nikola Tesla,
Wizard: The Life and Times of Nikola Tesla,Wizard: The Life and Times of Nikola Tesla,wizard the life and times of nikola tesla,novel,,Book by Marc Seifer,79.48,0.0,1,0,Nikola Tesla,Nikola Tesla,
The Fault in Our Stars,The Fault in Our Stars,fault in our stars,novel,2012.0,2012 novel by John Green,79.3,79.3,1,1,Anne Frank,Anne Frank,Anne Frank
Anne Frank and Me,Anne Frank and Me,anne frank and me,novel,2001.0,2001 novel,79.3,79.3,1,1,Anne Frank,Anne Frank,Anne Frank
The Cat Who Lived with Anne Frank,The Cat Who Lived with Anne Frank,cat who lived with anne frank,novel,2019.0,2019 children's book,79.3,79.3,1,1,Anne Frank,Anne Frank,Anne Frank
The Diary of Anne Frank (1995 film),The Diary of Anne Frank,diary of anne frank,film,1995.0,1995 film by Akinori Nagaoka,79.3,79.3,1,1,Anne Frank,Anne Frank,Anne Frank
The Diary of Anne Frank (1980 film),The Diary of Anne Frank,diary of anne frank,film,1980.0,1980 American biographical-drama film,79.3,79.3,1,1,Anne Frank,Anne Frank,Anne Frank
The Diary of Anne Frank (1967 film),The Diary of Anne Frank,diary of anne frank,film,1967.0,1967 TV film directed by Alex Segal,79.3,79.3,1,1,Anne Frank,Anne Frank,Anne Frank
Bawaal,Bawaal,bawaal,film,2023.0,2023 film directed by Nitesh Tiwari,79.3,79.3,1,1,Anne Frank,Anne Frank,Anne Frank
Anne B. Real,Anne B. Real,anne b. real,film,2003.0,2003 film,79.3,79.3,1,1,Anne Frank,Anne Frank,Anne Frank
Where Is Anne Frank,Where Is Anne Frank,where is anne frank,film,2021.0,2021 magic realism film about Anne Frank,79.3,79.3,1,1,Anne Frank,Anne Frank,Anne Frank
The Ghost Writer,The Ghost Writer,ghost writer,novel,1979.0,1979 novel by Philip Roth,79.3,79.3,1,1,Anne Frank,Anne Frank,Anne Frank
Searching for Anne Frank,Searching for Anne Frank,searching for anne frank,novel,2003.0,2003 book,79.3,79.3,1,1,Anne Frank,Anne Frank,Anne Frank
Anne Frank: The Biography,Anne Frank: The Biography,anne frank the biography,novel,,Book by Melissa Müller,79.3,79.3,1,1,Anne Frank,Anne Frank,Anne Frank
Das Tagebuch der Anne Frank,Das Tagebuch der Anne Frank,das tagebuch der anne frank,film,2016.0,2016 German film,79.3,79.3,1,1,Anne Frank,Anne Frank,Anne Frank
My Best Friend Anne Frank,My Best Friend Anne Frank,my best friend anne frank,film,2021.0,2021 Dutch film directed by Ben Sombogaart,79.3,79.3,1,1,Anne Frank,Anne Frank,Anne Frank
The Fault in Our Stars (film),The Fault in Our Stars,fault in our stars,film,2014.0,2014 romantic drama film,79.3,79.3,1,1,Anne Frank,Anne Frank,Anne Frank
The Master of Petersburg,The Master of Petersburg,master of petersburg,novel,1994.0,1994 novel by J. M. Coetzee,79.19,79.19,1,1,Fyodor Dostoevsky,Fyodor Dostoevsky,Fyodor Dostoevsky
Problems of Dostoevsky's Poetics,Problems of Dostoevsky's Poetics,problems of dostoevskys poetics,novel,1963.0,1963 book by Mikhail Bakhtin,79.19,79.19,1,1,Fyodor Dostoevsky,Fyodor Dostoevsky,Fyodor Dostoevsky
Oru Sankeerthanam Pole,Oru Sankeerthanam Pole,oru sankeerthanam pole,novel,,Book by Perumbadavam Sreedharan,79.19,79.19,1,1,Fyodor Dostoevsky,Fyodor Dostoevsky,Fyodor Dostoevsky
War in the Highlands,War in the Highlands,war in the highlands,film,1998.0,1998 film by Francis Reusser,79.06,79.06,1,1,Napoleonic Wars,Napoleonic Wars,Napoleonic Wars
Union of Salvation (film),Union of Salvation,union of salvation,film,2019.0,2019 Russian film,79.06,79.06,1,1,Napoleonic Wars,Napoleonic Wars,Napoleonic Wars
Wibbel the Tailor (1939 film),Wibbel the Tailor,wibbel the tailor,film,1939.0,1939 film,79.06,79.06,1,1,Napoleonic Wars,Napoleonic Wars,Napoleonic Wars
What the Stones Tell,What the Stones Tell,what the stones tell,film,1925.0,1925 film,79.06,79.06,1,1,Napoleonic Wars,Napoleonic Wars,Napoleonic Wars
Yorck,Yorck,yorck,film,1931.0,1931 film,79.06,79.06,1,1,Napoleonic Wars,Napoleonic Wars,Napoleonic Wars
Women and Brigands,Women and Brigands,women and brigands,film,1950.0,1950 film,79.06,79.06,1,1,Napoleonic Wars,Napoleonic Wars,Napoleonic Wars
The Secret of St. Ives,The Secret of St. Ives,secret of st. ives,film,1949.0,1949 film by Phil Rosen,79.06,79.06,1,1,Napoleonic Wars,Napoleonic Wars,Napoleonic Wars
Raffl,Raffl,raffl,film,1985.0,1985 film,79.06,79.06,1,1,Napoleonic Wars,Napoleonic Wars,Napoleonic Wars
The Saragossa Manuscript (film),The Saragossa Manuscript,saragossa manuscript,film,1965.0,1965 Polish film,79.06,79.06,1,1,Napoleonic Wars,Napoleonic Wars,Napoleonic Wars
The Rebel (1932 film),The Rebel,rebel,film,1932.0,1932 film,79.06,79.06,1,1,Napoleonic Wars,Napoleonic Wars,Napoleonic Wars
Marshal Forwards (film),Marshal Forwards,marshal forwards,film,1932.0,1932 film,79.06,79.06,1,1,Napoleonic Wars,Napoleonic Wars,Napoleonic Wars
The Marquis of Bolibar,The Marquis of Bolibar,marquis of bolibar,film,1922.0,1922 film,79.06,79.06,1,1,Napoleonic Wars,Napoleonic Wars,Napoleonic Wars
Lützow's Wild Hunt (film),Lützow's Wild Hunt,lutzows wild hunt,film,1927.0,1927 German silent war film,79.06,79.06,1,1,Napoleonic Wars,Napoleonic Wars,Napoleonic Wars
Love and Death,Love and Death,love and death,film,1975.0,1975 film by Woody Allen,79.06,79.06,1,1,Napoleonic Wars,Napoleonic Wars,Napoleonic Wars
Prinz Louis Ferdinand,Prinz Louis Ferdinand,prinz louis ferdinand,film,1927.0,1927 German silent film by Hans Behrendt,79.06,79.06,1,1,Napoleonic Wars,Napoleonic Wars,Napoleonic Wars
Sept hommes et une garce,Sept hommes et une garce,sept hommes et une garce,film,1967.0,1967 French film,79.06,79.06,1,1,Napoleonic Wars,Napoleonic Wars,Napoleonic Wars
Squadron of Flying Hussars,Squadron of Flying Hussars,squadron of flying hussars,film,1980.0,1980 Soviet war film,79.06,79.06,1,1,Napoleonic Wars,Napoleonic Wars,Napoleonic Wars
That Hamilton Woman,That Hamilton Woman,that hamilton woman,film,1941.0,1941 film by Alexander Korda,79.06,79.06,1,1,Napoleonic Wars,Napoleonic Wars,Napoleonic Wars
Zigano,Zigano,zigano,film,1925.0,1925 film,79.06,79.06,1,1,Napoleonic Wars,Napoleonic Wars,Napoleonic Wars
The Young Mr. Pitt,The Young Mr. Pitt,young mr. pitt,film,1942.0,1942 British film,79.06,79.06,1,1,Napoleonic Wars,Napoleonic Wars,Napoleonic Wars
Lola the Coalgirl,Lola the Coalgirl,lola the coalgirl,film,1952.0,1952 film,79.06,79.06,1,1,Napoleonic Wars,Napoleonic Wars,Napoleonic Wars
Lloyd's of London (film),Lloyd's of London,lloyds of london,film,1936.0,1936 film by Henry King,79.06,79.06,1,1,Napoleonic Wars,Napoleonic Wars,Napoleonic Wars
Fabiola (1918 film),Fabiola,fabiola,film,1918.0,1918 Italian film,79.05,0.0,1,0,Roman Empire,Roman Empire,
Hercules Against Rome,Hercules Against Rome,hercules against rome,film,1964.0,1964 film,79.05,0.0,1,0,Roman Empire,Roman Empire,
Hannibal (1959 film),Hannibal,hannibal,film,1959.0,1959 film,79.05,0.0,1,0,Roman Empire,Roman Empire,
Här kommer bärsärkarna,Här kommer bärsärkarna,har kommer barsarkarna,film,1965.0,1965 film,79.05,0.0,1,0,Roman Empire,Roman Empire,
Alone Against Rome,Alone Against Rome,alone against rome,film,1962.0,1962 film,79.05,0.0,1,0,Roman Empire,Roman Empire,
Centurians of Rome,Centurians of Rome,centurians of rome,film,1981.0,1981 American film,79.05,0.0,1,0,Roman Empire,Roman Empire,
Challenge of the Gladiator,Challenge of the Gladiator,challenge of the gladiator,film,1965.0,1965 Italian film,79.05,0.0,1,0,Roman Empire,Roman Empire,
The Column,The Column,column,film,1968.0,1968 Romanian film,79.05,0.0,1,0,Roman Empire,Roman Empire,
Gladiators of Rome (film),Gladiators of Rome,gladiators of rome,film,2012.0,2012 Italian film,79.05,0.0,1,0,Roman Empire,Roman Empire,
Dragon Blade (film),Dragon Blade,dragon blade,film,2015.0,2015 Chinese-Hong Kong film by Daniel Lee,79.05,0.0,1,0,Roman Empire,Roman Empire,
Deux heures moins le quart avant Jésus-Christ,Deux heures moins le quart avant Jésus-Christ,deux heures moins le quart avant jesus-christ,film,1982.0,1982 French film,79.05,0.0,1,0,Roman Empire,Roman Empire,
Constantine and the Cross,Constantine and the Cross,constantine and the cross,film,1961.0,1961 film,79.05,0.0,1,0,Roman Empire,Roman Empire,
Gladiator of Rome,Gladiator of Rome,gladiator of rome,film,1962.0,1962 film,79.05,0.0,1,0,Roman Empire,Roman Empire,
Fire Over Rome,Fire Over Rome,fire over rome,film,1965.0,1965 Italian film,79.05,0.0,1,0,Roman Empire,Roman Empire,
The Fall of Rome (film),The Fall of Rome,fall of rome,film,1963.0,1963 Italian film,79.05,0.0,1,0,Roman Empire,Roman Empire,
Fabiola (1949 film),Fabiola,fabiola,film,1949.0,1949 film,79.05,0.0,1,0,Roman Empire,Roman Empire,
Baghi Sipahi (1958 film),Baghi Sipahi,baghi sipahi,film,1958.0,1958 film by Bhagwaan Das Varma,79.05,0.0,1,0,Roman Empire,Roman Empire,
Humanity Through the Ages,Humanity Through the Ages,humanity through the ages,film,1908.0,1908 French film,79.05,0.0,1,0,Roman Empire,Roman Empire,
The Inquiry (2006 film),The Inquiry,inquiry,film,2006.0,2006 Italian film,79.05,0.0,1,0,Roman Empire,Roman Empire,
Gold for the Caesars,Gold for the Caesars,gold for the caesars,film,1963.0,1963 film,79.05,0.0,1,0,Roman Empire,Roman Empire,
The Arena (2001 film),The Arena,arena,film,2001.0,2001 film by Timur Bekmambetov,79.05,0.0,1,0,Roman Empire,Roman Empire,
Amazons and Gladiators,Amazons and Gladiators,amazons and gladiators,film,2001.0,2001 film by Zachary Weintraub,79.05,0.0,1,0,Roman Empire,Roman Empire,
The Arena (1974 film),The Arena,arena,film,1974.0,1974 film,79.05,0.0,1,0,Roman Empire,Roman Empire,
Grab Hands and Run,Grab Hands and Run,grab hands and run,novel,1995.0,1995 book by Frances Temple,79.03,79.03,1,1,El Salvador,El Salvador,El Salvador
Sólo de noche vienes,Sólo de noche vienes,solo de noche vienes,film,1965.0,1965 Mexican film,79.03,79.03,1,1,El Salvador,El Salvador,El Salvador
What Lucía Saw,What Lucía Saw,what lucia saw,film,2022.0,2022 film,79.03,79.03,1,1,El Salvador,El Salvador,El Salvador
Wasp Network (film),Wasp Network,wasp network,film,2019.0,2019 film by Olivier Assayas,79.03,79.03,1,1,El Salvador,El Salvador,El Salvador
Voces inocentes,Voces inocentes,voces inocentes,film,2004.0,2004 film,79.03,79.03,1,1,El Salvador,El Salvador,El Salvador
El Jetón,El Jetón,el jeton,novel,1936.0,1936 novel by Arturo Ambrogi,79.03,79.03,1,1,El Salvador,El Salvador,El Salvador
One Day of Life,One Day of Life,one day of life,novel,,Book by Manlio Argueta,79.03,79.03,1,1,El Salvador,El Salvador,El Salvador
Reign of Terror (film),Reign of Terror,reign of terror,film,1949.0,1949 film by Anthony Mann,79.0,79.0,1,1,Maximilien Robespierre,Maximilien Robespierre,Maximilien Robespierre
In the Mountains of Yugoslavia,In the Mountains of Yugoslavia,in the mountains of yugoslavia,film,1946.0,1946 Soviet film,78.82,78.82,1,1,Josip Broz Tito,Josip Broz Tito,Josip Broz Tito
"Houston, We Have a Problem! (film)","Houston, We Have a Problem!",houston we have a problem,film,2016.0,2016 film,78.82,78.82,1,1,Josip Broz Tito,Josip Broz Tito,Josip Broz Tito
We Will Be the World Champions,We Will Be the World Champions,we will be the world champions,film,2015.0,2015 film,78.82,78.82,1,1,Josip Broz Tito,Josip Broz Tito,Josip Broz Tito
Josef (film),Josef,josef,film,2011.0,2011 Croatian film,78.82,78.82,1,1,Josip Broz Tito,Josip Broz Tito,Josip Broz Tito
Guns of War,Guns of War,guns of war,film,1974.0,1974 Yugoslavian film,78.82,78.82,1,1,Josip Broz Tito,Josip Broz Tito,Josip Broz Tito
Underground (1995 film),Underground,underground,film,1995.0,1995 film directed by Emir Kusturica,78.82,78.82,1,1,Josip Broz Tito,Josip Broz Tito,Josip Broz Tito
Tito and Me,Tito and Me,tito and me,film,1992.0,1992 Serbian film,78.82,78.82,1,1,Josip Broz Tito,Josip Broz Tito,Josip Broz Tito
Battleship Potemkin,Battleship Potemkin,battleship potemkin,film,1925.0,1925 film by Sergei Eisenstein,78.62,78.62,1,1,Black Sea,Black Sea,Black Sea
Cheburashka (2023 film),Cheburashka,cheburashka,film,2023.0,2023 Russian film,78.62,78.62,1,1,Black Sea,Black Sea,Black Sea
The Gods of Atlantis,The Gods of Atlantis,gods of atlantis,novel,2011.0,2011 novel by David Gibbins,78.62,78.62,1,1,Black Sea,Black Sea,Black Sea
Forgotten Experiment,Forgotten Experiment,forgotten experiment,film,2023.0,2023 Russian science fiction film,78.62,78.62,1,1,Black Sea,Black Sea,Black Sea
The Duel (2010 film),The Duel,duel,film,2010.0,2010 American film,78.62,78.62,1,1,Black Sea,Black Sea,Black Sea
Cheburashka 2,Cheburashka 2,cheburashka 2,film,2026.0,2026 Russian film,78.62,78.62,1,1,Black Sea,Black Sea,Black Sea
Russian South,Russian South,russian south,film,,Russian comedy film,78.62,78.62,1,1,Black Sea,Black Sea,Black Sea
Subterfuge (1996 film),Subterfuge,subterfuge,film,1996.0,1996 American film,78.62,78.62,1,1,Black Sea,Black Sea,Black Sea
The Legend of Ochi,The Legend of Ochi,legend of ochi,film,2025.0,2025 film by Isaiah Saxon,78.62,78.62,1,1,Black Sea,Black Sea,Black Sea
August (2025 film),August,august,film,2025.0,2025 Russian film,78.58,0.0,1,0,Soviet Union,Soviet Union,
Autumn Marathon,Autumn Marathon,autumn marathon,film,1979.0,1979 Russian film by Georgiy Daneliya,78.58,0.0,1,0,Soviet Union,Soviet Union,
Babiy Yar (film),Babiy Yar,babiy yar,film,2003.0,2003 film,78.58,0.0,1,0,Soviet Union,Soviet Union,
Ballad of a Soldier,Ballad of a Soldier,ballad of a soldier,film,1959.0,1959 Soviet war romance film by Grigory Chukhray,78.58,0.0,1,0,Soviet Union,Soviet Union,
Beware of the Car,Beware of the Car,beware of the car,film,1966.0,1966 Soviet crime comedy drama film,78.58,0.0,1,0,Soviet Union,Soviet Union,
Billion Dollar Brain,Billion Dollar Brain,billion dollar brain,film,1967.0,1967 British film by Ken Russell,78.58,0.0,1,0,Soviet Union,Soviet Union,
Birds over the City,Birds over the City,birds over the city,film,1974.0,1974 Soviet film,78.58,0.0,1,0,Soviet Union,Soviet Union,
Brothel Lights,Brothel Lights,brothel lights,film,2011.0,2011 Russian film,78.58,0.0,1,0,Soviet Union,Soviet Union,
By the Bluest of Seas,By the Bluest of Seas,by the bluest of seas,film,1935.0,1935 film,78.58,0.0,1,0,Soviet Union,Soviet Union,
The Cigarette Girl from Mosselprom,The Cigarette Girl from Mosselprom,cigarette girl from mosselprom,film,1924.0,1924 film,78.58,0.0,1,0,Soviet Union,Soviet Union,
Child 44 (film),Child 44,child 44,film,2015.0,2015 film,78.58,0.0,1,0,Soviet Union,Soviet Union,
Champion of the World (2021 film),Champion of the World,champion of the world,film,2021.0,2021 Russian film,78.58,0.0,1,0,Soviet Union,Soviet Union,
By the Lake,By the Lake,by the lake,film,1969.0,1969 Soviet film,78.58,0.0,1,0,Soviet Union,Soviet Union,
A Captive in the Land,A Captive in the Land,captive in the land,film,1990.0,1990 film,78.58,0.0,1,0,Soviet Union,Soviet Union,
Cargo 200 (film),Cargo 200,cargo 200,film,2007.0,2007 Russian film,78.58,0.0,1,0,Soviet Union,Soviet Union,
"Attention, Turtle!","Attention, Turtle!",attention turtle,film,1970.0,1970 film,78.58,0.0,1,0,Soviet Union,Soviet Union,
Afonya,Afonya,afonya,film,1975.0,1975 film,78.58,0.0,1,0,Soviet Union,Soviet Union,
The Age of Pioneers,The Age of Pioneers,age of pioneers,film,2017.0,2017 film,78.58,0.0,1,0,Soviet Union,Soviet Union,
Circus (1936 film),Circus,circus,film,1936.0,1936 film by Grigori Aleksandrov,78.58,0.0,1,0,Soviet Union,Soviet Union,
Green Van,Green Van,green van,film,1959.0,1959 Soviet film,78.58,0.0,1,0,Soviet Union,Soviet Union,
His Name Was Not Listed,His Name Was Not Listed,his name was not listed,film,2025.0,2025 Russian film,78.58,0.0,1,0,Soviet Union,Soviet Union,
Air (2023 Russian film),Air,air,film,2023.0,2023 Russian film,78.58,0.0,1,0,Soviet Union,Soviet Union,
Air Crew,Air Crew,air crew,film,1979.0,1979 film by Alexander Mitta,78.58,0.0,1,0,Soviet Union,Soviet Union,
AK-47 (2020 film),AK-47,ak-47,film,2020.0,2020 Russian film,78.58,0.0,1,0,Soviet Union,Soviet Union,
Arsenal (1929 film),Arsenal,arsenal,film,1929.0,1929 film by Oleksandr Dovzhenko,78.58,0.0,1,0,Soviet Union,Soviet Union,
Foucault (Deleuze book),Foucault (Deleuze book),foucault deleuze book,novel,1986.0,1986 book by Gilles Deleuze,78.55,78.55,1,1,Michel Foucault,Michel Foucault,Michel Foucault
Foucault (Merquior book),Foucault (Merquior book),foucault merquior book,novel,1985.0,1985 book by José Guilherme Merquior,78.55,78.55,1,1,Michel Foucault,Michel Foucault,Michel Foucault
The Lives of Michel Foucault,The Lives of Michel Foucault,lives of michel foucault,novel,1993.0,1993 book by David Macey,78.55,78.55,1,1,Michel Foucault,Michel Foucault,Michel Foucault
The Passion of Michel Foucault,The Passion of Michel Foucault,passion of michel foucault,novel,1993.0,1993 book by James Miller,78.55,78.55,1,1,Michel Foucault,Michel Foucault,Michel Foucault
Thinkers of the New Left,Thinkers of the New Left,thinkers of the new left,novel,1985.0,1985 book by Roger Scruton,78.55,78.55,1,1,Michel Foucault,Michel Foucault,Michel Foucault
Virtually Normal,Virtually Normal,virtually normal,novel,1995.0,1995 book by Andrew Sullivan,78.55,78.55,1,1,Michel Foucault,Michel Foucault,Michel Foucault
Small Country: An African Childhood,Small Country: An African Childhood,small country an african childhood,film,2020.0,2020 film,78.5,78.5,1,1,Buru Island,Buru Island,Buru Island
Small Country,Small Country,small country,novel,2016.0,2016 novel by Gaël Faye,78.5,78.5,1,1,Buru Island,Buru Island,Buru Island
"Gito, l'ingrat","Gito, l'ingrat",gito lingrat,film,1992.0,1992 Burundian film,78.5,78.5,1,1,Buru Island,Buru Island,Buru Island
Neptune Frost,Neptune Frost,neptune frost,film,2021.0,2021 American-Rwandan film,78.5,78.5,1,1,Buru Island,Buru Island,Buru Island
Primeval (film),Primeval,primeval,film,2007.0,2007 American horror film by Michael Katleman,78.5,78.5,1,1,Buru Island,Buru Island,Buru Island
The Conclave,The Conclave,conclave,film,2006.0,2006 drama film about the 1458 Papal election,78.45,0.0,1,0,Vatican City,Vatican City,
Conclave (film),Conclave,conclave,film,2024.0,2024 film by Edward Berger,78.45,0.0,1,0,Vatican City,Vatican City,
Deliver Us (film),Deliver Us,deliver us,film,2023.0,2023 American horror film,78.45,0.0,1,0,Vatican City,Vatican City,
End of Days (film),End of Days,end of days,film,1999.0,1999 film by Peter Hyams,78.45,0.0,1,0,Vatican City,Vatican City,
EuroTrip,EuroTrip,eurotrip,film,2004.0,2004 film by Jeff Schaffer,78.45,0.0,1,0,Vatican City,Vatican City,
Hudson Hawk,Hudson Hawk,hudson hawk,film,1991.0,1991 American film by Michael Lehmann,78.45,0.0,1,0,Vatican City,Vatican City,
In the Name of the Pope King,In the Name of the Pope King,in the name of the pope king,film,1977.0,1977 Italian film,78.45,0.0,1,0,Vatican City,Vatican City,
Mission: Impossible III,Mission: Impossible III,mission impossible iii,film,2006.0,2006 film by J. J. Abrams,78.45,0.0,1,0,Vatican City,Vatican City,
Monsignor (film),Monsignor,monsignor,film,1982.0,1982 film by Frank Perry,78.45,0.0,1,0,Vatican City,Vatican City,
Mother Teresa of Calcutta (film),Mother Teresa of Calcutta,mother teresa of calcutta,film,2003.0,2003 Film,78.45,0.0,1,0,Vatican City,Vatican City,
Operation St. Peter's,Operation St. Peter's,operation st. peters,film,1967.0,1967 film directed by Lucio Fulci,78.45,0.0,1,0,Vatican City,Vatican City,
"Brother Sun, Sister Moon","Brother Sun, Sister Moon",brother sun sister moon,film,1972.0,1972 Italian film,78.45,0.0,1,0,Vatican City,Vatican City,
Pope Joan (2009 film),Pope Joan,pope joan,film,2009.0,2009 German film,78.45,0.0,1,0,Vatican City,Vatican City,
The Pope Must Die,The Pope Must Die,pope must die,film,1991.0,1991 British film by Peter Richardson,78.45,0.0,1,0,Vatican City,Vatican City,
The Rite (2011 film),The Rite,rite,film,2011.0,2011 film,78.45,0.0,1,0,Vatican City,Vatican City,
Fast X,Fast X,fast x,film,2023.0,2023 film by Louis Leterrier,78.45,0.0,1,0,Vatican City,Vatican City,
Pope Joan (1972 film),Pope Joan,pope joan,film,1972.0,1972 film by Michael Anderson,78.45,0.0,1,0,Vatican City,Vatican City,
The Abdication,The Abdication,abdication,film,1974.0,1974 British film by Anthony Harvey,78.45,0.0,1,0,Vatican City,Vatican City,
The Agony and the Ecstasy (film),The Agony and the Ecstasy,agony and the ecstasy,film,1965.0,1965 film by Carol Reed,78.45,0.0,1,0,Vatican City,Vatican City,
Amen.,Amen.,amen.,film,2002.0,2002 film by Costa-Gavras,78.45,0.0,1,0,Vatican City,Vatican City,
The Bankers of God: The Calvi Affair,The Bankers of God: The Calvi Affair,bankers of god the calvi affair,film,2002.0,2002 Italian film,78.45,0.0,1,0,Vatican City,Vatican City,
Cabrini (film),Cabrini,cabrini,film,2024.0,2024 American film by Alejandro Gómez,78.45,0.0,1,0,Vatican City,Vatican City,
The Cardinal,The Cardinal,cardinal,film,1963.0,1963 film by Otto Preminger,78.45,0.0,1,0,Vatican City,Vatican City,
Il commissario Lo Gatto,Il commissario Lo Gatto,il commissario lo gatto,film,1986.0,1986 film,78.45,0.0,1,0,Vatican City,Vatican City,
Saving Grace (1986 film),Saving Grace,saving grace,film,1986.0,1986 film by Robert M. Young,78.45,0.0,1,0,Vatican City,Vatican City,
The Shoes of the Fisherman (film),The Shoes of the Fisherman,shoes of the fisherman,film,1968.0,1968 film by Michael Anderson,78.45,0.0,1,0,Vatican City,Vatican City,
The Two Popes,The Two Popes,two popes,film,2019.0,2019 film directed by Fernando Meirelles,78.45,0.0,1,0,Vatican City,Vatican City,
James Tont operazione D.U.E.,James Tont operazione D.U.E.,james tont operazione d.u.e.,film,1966.0,1966 film,78.45,0.0,1,0,Vatican City,Vatican City,
What a Beautiful Day (film),What a Beautiful Day,what a beautiful day,film,2011.0,2011 Italian film,78.45,0.0,1,0,Vatican City,Vatican City,
We Have a Pope (film),We Have a Pope,we have a pope,film,2011.0,2011 Italian film,78.45,0.0,1,0,Vatican City,Vatican City,
The Vatican Tapes,The Vatican Tapes,vatican tapes,film,2015.0,2015 American film,78.45,0.0,1,0,Vatican City,Vatican City,
Walking Tall (2004 film),Walking Tall,walking tall,film,2004.0,2004 American vigilante action film,78.3,0.0,1,0,Green Berets,Green Berets,
White House Down,White House Down,white house down,film,2013.0,2013 American action film by Roland Emmerich,78.3,0.0,1,0,Green Berets,Green Berets,
Big Sur (novel),Big Sur,big sur,novel,1962.0,1962 novel by Jack Kerouac,78.12,78.12,1,1,Big Sur,Big Sur,Big Sur
Machita (film),Machita,machita,film,1944.0,1944 film,78.07,78.07,1,1,Buda & Pest,Buda & Pest,Buda & Pest
The Nutcracker and the Four Realms,The Nutcracker and the Four Realms,nutcracker and the four realms,film,2018.0,2018 American film,78.07,78.07,1,1,"\""The Nutcracker\","\""The Nutcracker\","\""The Nutcracker\"
Professor Hannibal,Professor Hannibal,professor hannibal,film,1956.0,1956 film,78.07,78.07,1,1,Buda & Pest,Buda & Pest,Buda & Pest
The Princess (1983 film),The Princess,princess,film,1983.0,1983 Hungarian film by Pál Erdőss,78.07,78.07,1,1,Buda & Pest,Buda & Pest,Buda & Pest
Orphan (2025 film),Orphan,orphan,film,2025.0,Hungarian drama film,78.07,78.07,1,1,Buda & Pest,Buda & Pest,Buda & Pest
One Hundred Thousand Dollars,One Hundred Thousand Dollars,one hundred thousand dollars,film,1940.0,1940 film,78.07,78.07,1,1,Buda & Pest,Buda & Pest,Buda & Pest
Nijinsky (film),Nijinsky,nijinsky,film,1980.0,1980 film by Herbert Ross,78.07,78.07,1,1,Buda & Pest,Buda & Pest,Buda & Pest
Much Ado About Emmi,Much Ado About Emmi,much ado about emmi,film,1940.0,1940 film,78.07,78.07,1,1,Buda & Pest,Buda & Pest,Buda & Pest
Mission: Impossible – Ghost Protocol,Mission: Impossible – Ghost Protocol,mission impossible – ghost protocol,film,2011.0,2011 film by Brad Bird,78.07,78.07,1,1,Buda & Pest,Buda & Pest,Buda & Pest
Dream (2023 film),Dream,dream,film,2023.0,2023 South Korean film by Lee Byeong-heon,78.07,78.07,1,1,Buda & Pest,Buda & Pest,Buda & Pest
A Hungarian Fairy Tale,A Hungarian Fairy Tale,hungarian fairy tale,film,1987.0,1987 Hungarian film,78.07,78.07,1,1,Buda & Pest,Buda & Pest,Buda & Pest
Hungary's Revival,Hungary's Revival,hungarys revival,film,1939.0,1939 film,78.07,78.07,1,1,Buda & Pest,Buda & Pest,Buda & Pest
I Was Jack Mortimer,I Was Jack Mortimer,i was jack mortimer,film,1935.0,1935 film,78.07,78.07,1,1,Buda & Pest,Buda & Pest,Buda & Pest
I'll Go to the Minister,I'll Go to the Minister,ill go to the minister,film,1962.0,1962 Hungarian film,78.07,78.07,1,1,Buda & Pest,Buda & Pest,Buda & Pest
Idyll in Budapest,Idyll in Budapest,idyll in budapest,film,1941.0,1941 film,78.07,78.07,1,1,Buda & Pest,Buda & Pest,Buda & Pest
In July (film),In July,in july,film,2000.0,"2000 Germany, Turkey film",78.07,78.07,1,1,Buda & Pest,Buda & Pest,Buda & Pest
In Praise of Older Women (1978 film),In Praise of Older Women,in praise of older women,film,1978.0,1978 film,78.07,78.07,1,1,Buda & Pest,Buda & Pest,Buda & Pest
It Always Ends That Way,It Always Ends That Way,it always ends that way,film,1939.0,1939 film,78.07,78.07,1,1,Buda & Pest,Buda & Pest,Buda & Pest
It Happened in Budapest,It Happened in Budapest,it happened in budapest,film,1944.0,1944 film,78.07,78.07,1,1,Buda & Pest,Buda & Pest,Buda & Pest
Jewel Thief (2025 film),Jewel Thief,jewel thief,film,2025.0,2025 Indian film by Kookie Gulati and Robbie Grewal,78.07,78.07,1,1,Buda & Pest,Buda & Pest,Buda & Pest
To Catch a Spy,To Catch a Spy,to catch a spy,film,1971.0,1971 British film,78.07,78.07,1,1,"Bucharest, Romania","Bucharest, Romania","Bucharest, Romania"
Toni Erdmann,Toni Erdmann,toni erdmann,film,2016.0,2016 film by Maren Ade,78.07,78.07,1,1,"Bucharest, Romania","Bucharest, Romania","Bucharest, Romania"
F9 (film),F9,f9,film,2021.0,2021 film by Justin Lin,78.07,78.07,1,1,"Bucharest, Romania","Bucharest, Romania","Bucharest, Romania"
The Gay Diplomat,The Gay Diplomat,gay diplomat,film,1931.0,1931 film,78.07,78.07,1,1,"Bucharest, Romania","Bucharest, Romania","Bucharest, Romania"
The Minister's Friend,The Minister's Friend,ministers friend,film,1939.0,1939 film,78.07,78.07,1,1,Buda & Pest,Buda & Pest,Buda & Pest
City of Fear (1965 film),City of Fear,city of fear,film,1965.0,1965 film by Peter Bezencenet,78.07,78.07,1,1,Buda & Pest,Buda & Pest,Buda & Pest
The Csardas King,The Csardas King,csardas king,film,1958.0,1958 film,78.07,78.07,1,1,Buda & Pest,Buda & Pest,Buda & Pest
Czardas of Hearts,Czardas of Hearts,czardas of hearts,film,1951.0,1951 film,78.07,78.07,1,1,Buda & Pest,Buda & Pest,Buda & Pest
Detective Sherdil,Detective Sherdil,detective sherdil,film,2025.0,2025 Indian film,78.07,78.07,1,1,Buda & Pest,Buda & Pest,Buda & Pest
The District!,The District!,district,film,2004.0,2004 Hungarian film,78.07,78.07,1,1,Buda & Pest,Buda & Pest,Buda & Pest
Don Juan's Last Adventure,Don Juan's Last Adventure,don juans last adventure,film,1958.0,1958 film,78.07,78.07,1,1,Buda & Pest,Buda & Pest,Buda & Pest
Howling V: The Rebirth,Howling V: The Rebirth,howling v the rebirth,film,1989.0,1989 film by Neal Sundstrom,78.07,78.07,1,1,Buda & Pest,Buda & Pest,Buda & Pest
Fried Green Tomatoes at the Whistle Stop Cafe,Fried Green Tomatoes at the Whistle Stop Cafe,fried green tomatoes at the whistle stop cafe,novel,1987.0,1987 novel by Fannie Flagg,78.07,78.07,1,1,"Birmingham, Alabama","Birmingham, Alabama","Birmingham, Alabama"
The Grand Seduction,The Grand Seduction,grand seduction,film,2013.0,2013 Canadian film,78.07,0.0,1,0,Newfoundland and Labrador,Newfoundland and Labrador,
Chances: The Women of Magdalene,Chances: The Women of Magdalene,chances the women of magdalene,film,2006.0,2006 American film,78.07,0.0,1,0,"Nashville, Tennessee","Nashville, Tennessee",
Country Roads Christmas,Country Roads Christmas,country roads christmas,film,,American-Canadian film,78.07,0.0,1,0,"Nashville, Tennessee","Nashville, Tennessee",
Gigi & Nate,Gigi & Nate,gigi & nate,film,2022.0,2022 American film,78.07,0.0,1,0,"Nashville, Tennessee","Nashville, Tennessee",
I Can Only Imagine (film),I Can Only Imagine,i can only imagine,film,2018.0,2018 American drama film directed by Erwin Brothers,78.07,0.0,1,0,"Nashville, Tennessee","Nashville, Tennessee",
I Can Only Imagine 2,I Can Only Imagine 2,i can only imagine 2,film,2026.0,2026 American film,78.07,0.0,1,0,"Nashville, Tennessee","Nashville, Tennessee",
I Hate New Year's,I Hate New Year's,i hate new years,film,,American film,78.07,0.0,1,0,"Nashville, Tennessee","Nashville, Tennessee",
The Last Movie Star,The Last Movie Star,last movie star,film,2017.0,2017 film by Adam Rifkin,78.07,0.0,1,0,"Nashville, Tennessee","Nashville, Tennessee",
The Neon Highway,The Neon Highway,neon highway,film,2024.0,2024 American film,78.07,0.0,1,0,"Nashville, Tennessee","Nashville, Tennessee",
Percy Jackson & the Olympians: The Lightning Thief,Percy Jackson & the Olympians: The Lightning Thief,percy jackson & the olympians the lightning thief,film,2010.0,2010 film by Chris Columbus,78.07,0.0,1,0,"Nashville, Tennessee","Nashville, Tennessee",
A Week Away,A Week Away,week away,film,2021.0,2021 film directed by Roman White,78.07,0.0,1,0,"Nashville, Tennessee","Nashville, Tennessee",
4 Little Girls,4 Little Girls,4 little girls,film,1997.0,1997 film by Spike Lee,78.07,78.07,1,1,"Birmingham, Alabama","Birmingham, Alabama","Birmingham, Alabama"
Ajnabee (2001 film),Ajnabee,ajnabee,film,2001.0,2001 film by Abbas–Mustan,78.07,78.07,1,1,Swiss Confederation,Swiss Confederation,Swiss Confederation
Homegoing (Gyasi novel),Homegoing (Gyasi novel),homegoing gyasi novel,novel,2016.0,2016 novel by Yaa Gyasi,78.07,78.07,1,1,"Birmingham, Alabama","Birmingham, Alabama","Birmingham, Alabama"
I Still Dream About You,I Still Dream About You,i still dream about you,novel,2010.0,2010 novel by Fannie Flagg,78.07,78.07,1,1,"Birmingham, Alabama","Birmingham, Alabama","Birmingham, Alabama"
Looking for Alaska,Looking for Alaska,looking for alaska,novel,2005.0,2005 novel by John Green,78.07,78.07,1,1,"Birmingham, Alabama","Birmingham, Alabama","Birmingham, Alabama"
The Adventure of Faustus Bidgood,The Adventure of Faustus Bidgood,adventure of faustus bidgood,film,1986.0,1986 film by Andy Jones and Mike Jones,78.07,0.0,1,0,Newfoundland and Labrador,Newfoundland and Labrador,
Bayo (film),Bayo,bayo,film,1985.0,1985 film,78.07,0.0,1,0,Newfoundland and Labrador,Newfoundland and Labrador,
"The Beast from 20,000 Fathoms","The Beast from 20,000 Fathoms",beast from 20000 fathoms,film,1953.0,1953 monster film by Eugène Lourié,78.07,0.0,1,0,Newfoundland and Labrador,Newfoundland and Labrador,
Black Conflux,Black Conflux,black conflux,film,2019.0,2019 Canadian drama film,78.07,0.0,1,0,Newfoundland and Labrador,Newfoundland and Labrador,
Blackwood (1976 film),Blackwood,blackwood,film,1976.0,1976 film by Tony Ianzelo,78.07,0.0,1,0,Newfoundland and Labrador,Newfoundland and Labrador,
Blueberry Grunt,Blueberry Grunt,blueberry grunt,film,2025.0,2025 Canadian drama film,78.07,0.0,1,0,Newfoundland and Labrador,Newfoundland and Labrador,
Body and Bones,Body and Bones,body and bones,film,2019.0,2019 Canadian film,78.07,0.0,1,0,Newfoundland and Labrador,Newfoundland and Labrador,
Crown and Anchor (film),Crown and Anchor,crown and anchor,film,2018.0,2018 Canadian drama film,78.07,0.0,1,0,Newfoundland and Labrador,Newfoundland and Labrador,
Danny (2014 film),Danny,danny,film,2014.0,2014 Canadian film,78.07,0.0,1,0,Newfoundland and Labrador,Newfoundland and Labrador,
The Divine Ryans,The Divine Ryans,divine ryans,film,1999.0,1999 Canadian film,78.07,0.0,1,0,Newfoundland and Labrador,Newfoundland and Labrador,
Down to the Dirt,Down to the Dirt,down to the dirt,film,2008.0,2008 Canadian film,78.07,0.0,1,0,Newfoundland and Labrador,Newfoundland and Labrador,
Extraordinary Visitor,Extraordinary Visitor,extraordinary visitor,film,1998.0,1998 Canadian film,78.07,0.0,1,0,Newfoundland and Labrador,Newfoundland and Labrador,
The Cheese Factory in the Hamlet,The Cheese Factory in the Hamlet,cheese factory in the hamlet,film,1958.0,1958 film,78.07,78.07,1,1,Swiss Confederation,Swiss Confederation,Swiss Confederation
Grown Up Movie Star,Grown Up Movie Star,grown up movie star,film,2010.0,2010 Canadian film,78.07,0.0,1,0,Newfoundland and Labrador,Newfoundland and Labrador,
Hangashore,Hangashore,hangashore,film,2025.0,2025 Canadian thriller film,78.07,0.0,1,0,Newfoundland and Labrador,Newfoundland and Labrador,
How to Be Deadly,How to Be Deadly,how to be deadly,film,2014.0,2014 Canadian film,78.07,0.0,1,0,Newfoundland and Labrador,Newfoundland and Labrador,
Hunting Pignut,Hunting Pignut,hunting pignut,film,2016.0,2016 Canadian film,78.07,0.0,1,0,Newfoundland and Labrador,Newfoundland and Labrador,
Island in the Sky (1953 film),Island in the Sky,island in the sky,film,1953.0,1953 film by William A. Wellman,78.07,0.0,1,0,Newfoundland and Labrador,Newfoundland and Labrador,
John and the Missus,John and the Missus,john and the missus,film,1986.0,1986 Canadian film,78.07,0.0,1,0,Newfoundland and Labrador,Newfoundland and Labrador,
The Legend of the North Wind,The Legend of the North Wind,legend of the north wind,film,1992.0,1992 Spanish film,78.07,0.0,1,0,Newfoundland and Labrador,Newfoundland and Labrador,
Anna Karenina (1997 film),Anna Karenina,anna karenina,film,1997.0,1997 American period drama film,78.07,78.07,1,1,"\""Anna Karenina\","\""Anna Karenina\","\""Anna Karenina\"
Anna Karenina (2012 film),Anna Karenina,anna karenina,film,2012.0,2012 film by Joe Wright,78.07,78.07,1,1,"\""Anna Karenina\","\""Anna Karenina\","\""Anna Karenina\"
Love (1927 American film),Love,love,film,1927.0,1927 film by Edmund Goulding,78.07,78.07,1,1,"\""Anna Karenina\","\""Anna Karenina\","\""Anna Karenina\"
Panakkaari,Panakkaari,panakkaari,film,1953.0,1953 Indian film,78.07,78.07,1,1,"\""Anna Karenina\","\""Anna Karenina\","\""Anna Karenina\"
The River of Love (1960 film),The River of Love,river of love,film,1960.0,1960 film,78.07,78.07,1,1,"\""Anna Karenina\","\""Anna Karenina\","\""Anna Karenina\"
13 Frightened Girls,13 Frightened Girls,13 frightened girls,film,1963.0,1963 Cold War spy film directed by William Castle,78.07,78.07,1,1,Swiss Confederation,Swiss Confederation,Swiss Confederation
The Abominable Dr. Phibes,The Abominable Dr. Phibes,abominable dr. phibes,film,1971.0,1971 film by Robert Fuest,78.07,78.07,1,1,Swiss Confederation,Swiss Confederation,Swiss Confederation
After Tonight,After Tonight,after tonight,film,1933.0,1933 film,78.07,78.07,1,1,Swiss Confederation,Swiss Confederation,Swiss Confederation
The Death of Mario Ricci,The Death of Mario Ricci,death of mario ricci,film,1983.0,1983 film,78.07,78.07,1,1,Swiss Confederation,Swiss Confederation,Swiss Confederation
Asambhav,Asambhav,asambhav,film,2004.0,2004 Indian film,78.07,78.07,1,1,Swiss Confederation,Swiss Confederation,Swiss Confederation
Assignment to Kill,Assignment to Kill,assignment to kill,film,1968.0,1968 film by Sheldon Reynolds,78.07,78.07,1,1,Swiss Confederation,Swiss Confederation,Swiss Confederation
Aur Pyaar Ho Gaya,Aur Pyaar Ho Gaya,aur pyaar ho gaya,film,1997.0,1997 film by Rahul Rawail,78.07,78.07,1,1,Swiss Confederation,Swiss Confederation,Swiss Confederation
The Bay of Silence,The Bay of Silence,bay of silence,film,2020.0,2020 thriller film,78.07,78.07,1,1,Swiss Confederation,Swiss Confederation,Swiss Confederation
"Beresina, or the Last Days of Switzerland","Beresina, or the Last Days of Switzerland",beresina or the last days of switzerland,film,1999.0,1999 film by Daniel Schmid,78.07,78.07,1,1,Swiss Confederation,Swiss Confederation,Swiss Confederation
Betrayal (1929 film),Betrayal,betrayal,film,1929.0,1929 film,78.07,78.07,1,1,Swiss Confederation,Swiss Confederation,Swiss Confederation
Bloodline (1979 film),Bloodline,bloodline,film,1979.0,Film by Terence Young,78.07,78.07,1,1,Swiss Confederation,Swiss Confederation,Swiss Confederation
Bread and Chocolate,Bread and Chocolate,bread and chocolate,film,1974.0,1974 Italian film,78.07,78.07,1,1,Swiss Confederation,Swiss Confederation,Swiss Confederation
Bridal Suite,Bridal Suite,bridal suite,film,1939.0,1939 film by Wilhelm Thiele,78.07,78.07,1,1,Swiss Confederation,Swiss Confederation,Swiss Confederation
Buddy's Theatre,Buddy's Theatre,buddys theatre,film,1935.0,1935 film,78.07,78.07,1,1,Swiss Confederation,Swiss Confederation,Swiss Confederation
Bulldog Drummond's Peril,Bulldog Drummond's Peril,bulldog drummonds peril,film,1938.0,1938 film by James P. Hogan,78.07,78.07,1,1,Swiss Confederation,Swiss Confederation,Swiss Confederation
Caprice (1967 film),Caprice,caprice,film,1967.0,1967 film by Frank Tashlin,78.07,78.07,1,1,Swiss Confederation,Swiss Confederation,Swiss Confederation
The Challenge (1938 film),The Challenge,challenge,film,1938.0,1938 British film by Milton Rosmer and Luis Trenker,78.07,78.07,1,1,Swiss Confederation,Swiss Confederation,Swiss Confederation
The Champion of Pontresina,The Champion of Pontresina,champion of pontresina,film,1934.0,1934 film,78.07,78.07,1,1,Swiss Confederation,Swiss Confederation,Swiss Confederation
Chaplin (film),Chaplin,chaplin,film,1992.0,1992 film by Richard Attenborough,78.07,78.07,1,1,Swiss Confederation,Swiss Confederation,Swiss Confederation
The Eiger Sanction (novel),The Eiger Sanction,eiger sanction,novel,,Book by Trevanian,78.07,78.07,1,1,Swiss Confederation,Swiss Confederation,Swiss Confederation
Chi lavora è perduto,Chi lavora è perduto,chi lavora e perduto,film,1963.0,1963 film,78.07,78.07,1,1,Swiss Confederation,Swiss Confederation,Swiss Confederation
Chori Chori Chupke Chupke,Chori Chori Chupke Chupke,chori chori chupke chupke,film,2001.0,2001 film by Abbas-Mustan,78.07,78.07,1,1,Swiss Confederation,Swiss Confederation,Swiss Confederation
Cloak and Dagger (1946 film),Cloak and Dagger,cloak and dagger,film,1946.0,1946 film by Fritz Lang,78.07,78.07,1,1,Swiss Confederation,Swiss Confederation,Swiss Confederation
Condorman,Condorman,condorman,film,1981.0,1981 film by Charles Jarrott,78.07,78.07,1,1,Swiss Confederation,Swiss Confederation,Swiss Confederation
Conny and Peter Make Music,Conny and Peter Make Music,conny and peter make music,film,1960.0,1960 film,78.07,78.07,1,1,Swiss Confederation,Swiss Confederation,Swiss Confederation
The Consequences of Love,The Consequences of Love,consequences of love,film,2004.0,2004 Italian film,78.07,78.07,1,1,Swiss Confederation,Swiss Confederation,Swiss Confederation
The Constant Nymph (1943 film),The Constant Nymph,constant nymph,film,1943.0,1943 romantic drama film by Edmund Goulding,78.07,78.07,1,1,Swiss Confederation,Swiss Confederation,Swiss Confederation
Courage Mountain,Courage Mountain,courage mountain,film,1990.0,1990 film,78.07,78.07,1,1,Swiss Confederation,Swiss Confederation,Swiss Confederation
Crime and Passion,Crime and Passion,crime and passion,film,1975.0,1975 West German film,78.07,78.07,1,1,Swiss Confederation,Swiss Confederation,Swiss Confederation
Crossing the Border (film),Crossing the Border,crossing the border,film,2006.0,2006 Spanish film,78.07,78.07,1,1,Swiss Confederation,Swiss Confederation,Swiss Confederation
A Cure for Wellness,A Cure for Wellness,cure for wellness,film,2016.0,2016 film,78.07,78.07,1,1,Swiss Confederation,Swiss Confederation,Swiss Confederation
The Curse of Frankenstein,The Curse of Frankenstein,curse of frankenstein,film,1957.0,1957 Hammer Horror film,78.07,78.07,1,1,Swiss Confederation,Swiss Confederation,Swiss Confederation
Daisy Miller (film),Daisy Miller,daisy miller,film,1974.0,1974 film by Peter Bogdanovich,78.07,78.07,1,1,Swiss Confederation,Swiss Confederation,Swiss Confederation
A Dangerous Method,A Dangerous Method,dangerous method,film,2011.0,2011 film by David Cronenberg,78.07,78.07,1,1,Swiss Confederation,Swiss Confederation,Swiss Confederation
Darr,Darr,darr,film,1993.0,1993 Bollywood film,78.07,78.07,1,1,Swiss Confederation,Swiss Confederation,Swiss Confederation
The Judge and His Hangman,The Judge and His Hangman,judge and his hangman,novel,1950.0,1950 novel by Friedrich Dürrenmatt,78.07,78.07,1,1,Swiss Confederation,Swiss Confederation,Swiss Confederation
Deuteronomium - Der Tag des jüngsten Gerichts,Deuteronomium - Der Tag des jüngsten Gerichts,deuteronomium - der tag des jungsten gerichts,film,2004.0,2004 Swiss film,78.07,78.07,1,1,Swiss Confederation,Swiss Confederation,Swiss Confederation
Diamonds Are Brittle,Diamonds Are Brittle,diamonds are brittle,film,1965.0,1965 French romantic crime thriller film by Nicolas Gessner,78.07,78.07,1,1,Swiss Confederation,Swiss Confederation,Swiss Confederation
Dilwale Dulhania Le Jayenge,Dilwale Dulhania Le Jayenge,dilwale dulhania le jayenge,film,1995.0,1995 film by Aditya Chopra,78.07,78.07,1,1,Swiss Confederation,Swiss Confederation,Swiss Confederation
Don 2,Don 2,don 2,film,2011.0,2011 Indian film directed by Farhan Akhtar,78.07,78.07,1,1,Swiss Confederation,Swiss Confederation,Swiss Confederation
Downhill Racer,Downhill Racer,downhill racer,film,1969.0,1969 film by Michael Ritchie,78.07,78.07,1,1,Swiss Confederation,Swiss Confederation,Swiss Confederation
Dusty Ermine,Dusty Ermine,dusty ermine,film,1936.0,1936 British film by Bernard Vorhaus,78.07,78.07,1,1,Swiss Confederation,Swiss Confederation,Swiss Confederation
The Assistant (Walser novel),The Assistant (Walser novel),assistant walser novel,novel,1908.0,1908 novel by Robert Walser,78.07,78.07,1,1,Swiss Confederation,Swiss Confederation,Swiss Confederation
Bloomability,Bloomability,bloomability,novel,,Novel by Sharon Creech,78.07,78.07,1,1,Swiss Confederation,Swiss Confederation,Swiss Confederation
Command Authority,Command Authority,command authority,novel,2013.0,2013 thriller novel by Tom Clancy,78.07,78.07,1,1,Swiss Confederation,Swiss Confederation,Swiss Confederation
Count Karlstein,Count Karlstein,count karlstein,novel,1982.0,1982 novel by Philip Pullman,78.07,78.07,1,1,Swiss Confederation,Swiss Confederation,Swiss Confederation
Daisy Miller,Daisy Miller,daisy miller,novel,1878.0,1878 novella by Henry James,78.07,78.07,1,1,Swiss Confederation,Swiss Confederation,Swiss Confederation
Dark Palace,Dark Palace,dark palace,novel,,Novel by Frank Moorhouse,78.07,78.07,1,1,Swiss Confederation,Swiss Confederation,Swiss Confederation
The Dogs of War (novel),The Dogs of War,dogs of war,novel,1974.0,1974 novel by Frederick Forsyth,78.07,78.07,1,1,Swiss Confederation,Swiss Confederation,Swiss Confederation
The Doomsday Conspiracy,The Doomsday Conspiracy,doomsday conspiracy,novel,1991.0,1991 novel by Sidney Sheldon,78.07,78.07,1,1,Swiss Confederation,Swiss Confederation,Swiss Confederation
Echoes (Steel novel),Echoes (Steel novel),echoes steel novel,novel,2004.0,2004 novel by Danielle Steel,78.07,78.07,1,1,Swiss Confederation,Swiss Confederation,Swiss Confederation
The Secret Pilgrim,The Secret Pilgrim,secret pilgrim,novel,1990.0,1990 spy novel by John le Carré,78.07,78.07,1,1,Swiss Confederation,Swiss Confederation,Swiss Confederation
Eisenvogel,Eisenvogel,eisenvogel,novel,,Book by Yangzom Brauen,78.07,78.07,1,1,Swiss Confederation,Swiss Confederation,Swiss Confederation
Elephants Can Remember,Elephants Can Remember,elephants can remember,novel,1972.0,1972 Poirot novel by Agatha Christie,78.07,78.07,1,1,Swiss Confederation,Swiss Confederation,Swiss Confederation
The Eyes of the Tiger,The Eyes of the Tiger,eyes of the tiger,novel,1965.0,1965 novel by Manning Lee Stokes,78.07,78.07,1,1,Swiss Confederation,Swiss Confederation,Swiss Confederation
The Finishing School (Spark novel),The Finishing School (Spark novel),finishing school spark novel,novel,2004.0,2004 novel by Muriel Spark,78.07,78.07,1,1,Swiss Confederation,Swiss Confederation,Swiss Confederation
Flashforward (novel),Flashforward,flashforward,novel,1999.0,1999 novel by Robert J. Sawyer,78.07,78.07,1,1,Swiss Confederation,Swiss Confederation,Swiss Confederation
Frankenstein,Frankenstein,frankenstein,novel,1818.0,1818 novel by Mary Shelley,78.07,78.07,1,1,Swiss Confederation,Swiss Confederation,Swiss Confederation
The Gray Man (novel),The Gray Man,gray man,novel,2009.0,2009 thriller novel by Mark Greaney,78.07,78.07,1,1,Swiss Confederation,Swiss Confederation,Swiss Confederation
The Gustav Sonata,The Gustav Sonata,gustav sonata,novel,2016.0,2016 novel by Rose Tremain,78.07,78.07,1,1,Swiss Confederation,Swiss Confederation,Swiss Confederation
The Headsman: The Abbaye des Vignerons,The Headsman: The Abbaye des Vignerons,headsman the abbaye des vignerons,novel,1833.0,1833 novel by James Fenimore Cooper,78.07,78.07,1,1,Swiss Confederation,Swiss Confederation,Swiss Confederation
Heaven Has No Favorites,Heaven Has No Favorites,heaven has no favorites,novel,,Book by Erich Maria Remarque,78.07,78.07,1,1,Swiss Confederation,Swiss Confederation,Swiss Confederation
Heidi,Heidi,heidi,novel,1880.0,1880–1881 Swiss novel by Johanna Spyri,78.07,78.07,1,1,Swiss Confederation,Swiss Confederation,Swiss Confederation
Ich werde hier sein im Sonnenschein und im Schatten,Ich werde hier sein im Sonnenschein und im Schatten,ich werde hier sein im sonnenschein und im schatten,novel,,Novel by Christian Kracht,78.07,78.07,1,1,Swiss Confederation,Swiss Confederation,Swiss Confederation
The Immoralist,The Immoralist,immoralist,novel,1902.0,1902 novel by André Gide,78.07,78.07,1,1,Swiss Confederation,Swiss Confederation,Swiss Confederation
In Spite of Thunder,In Spite of Thunder,in spite of thunder,novel,1960.0,1960 mystery novel by John Dickson Carr,78.07,78.07,1,1,Swiss Confederation,Swiss Confederation,Swiss Confederation
Inspector French's Greatest Case,Inspector French's Greatest Case,inspector frenchs greatest case,novel,1924.0,1924 novel,78.07,78.07,1,1,Swiss Confederation,Swiss Confederation,Swiss Confederation
The Scarlet Letter (1995 film),The Scarlet Letter,scarlet letter,film,1995.0,1995 film by Roland Joffé,78.07,78.07,1,1,"\""The Scarlet Letter\","\""The Scarlet Letter\","\""The Scarlet Letter\"
A King's Ransom,A King's Ransom,kings ransom,novel,2011.0,2011 novel by Jude Watson,78.07,78.07,1,1,Swiss Confederation,Swiss Confederation,Swiss Confederation
Klingsor's Last Summer,Klingsor's Last Summer,klingsors last summer,novel,1919.0,Hermann Hesse novella written in 1919,78.07,78.07,1,1,Swiss Confederation,Swiss Confederation,Swiss Confederation
The Ministry for the Future,The Ministry for the Future,ministry for the future,novel,,Science fiction novel by Kim Stanley Robinson,78.07,78.07,1,1,Swiss Confederation,Swiss Confederation,Swiss Confederation
Mountains Are Free,Mountains Are Free,mountains are free,novel,1930.0,1930 novel by Julia Davis Adams,78.07,78.07,1,1,Swiss Confederation,Swiss Confederation,Swiss Confederation
Night Train to Lisbon,Night Train to Lisbon,night train to lisbon,novel,2004.0,2004 novel by Pascal Mercier,78.07,78.07,1,1,Swiss Confederation,Swiss Confederation,Swiss Confederation
On Her Majesty's Secret Service (novel),On Her Majesty's Secret Service,on her majestys secret service,novel,1963.0,1963 espionage novel by Ian Fleming,78.07,78.07,1,1,Swiss Confederation,Swiss Confederation,Swiss Confederation
Panther's Moon,Panther's Moon,panthers moon,novel,1948.0,1948 novel,78.07,78.07,1,1,Swiss Confederation,Swiss Confederation,Swiss Confederation
A Perfect Spy,A Perfect Spy,perfect spy,novel,1986.0,1986 novel by John le Carré,78.07,78.07,1,1,Swiss Confederation,Swiss Confederation,Swiss Confederation
The Pirates! in an Adventure with the Romantics,The Pirates! in an Adventure with the Romantics,pirates in an adventure with the romantics,novel,,Fifth pirate novel by Gideon Defoe,78.07,78.07,1,1,Swiss Confederation,Swiss Confederation,Swiss Confederation
A Pocketful of Rye,A Pocketful of Rye,pocketful of rye,novel,1969.0,1969 novel by A. J. Cronin,78.07,78.07,1,1,Swiss Confederation,Swiss Confederation,Swiss Confederation
The Robber (novel),The Robber,robber,novel,1925.0,1925/1972 novel by Robert Walser,78.07,78.07,1,1,Swiss Confederation,Swiss Confederation,Swiss Confederation
Role of Honour,Role of Honour,role of honour,novel,,Novel by John Gardner (British writer),78.07,78.07,1,1,Swiss Confederation,Swiss Confederation,Swiss Confederation
Die schwarzen Brüder,Die schwarzen Brüder,die schwarzen bruder,novel,1940.0,1940–1941 book by Lisa Tetzner and Kurt Held,78.07,78.07,1,1,Swiss Confederation,Swiss Confederation,Swiss Confederation
The Scorpio Letters,The Scorpio Letters,scorpio letters,novel,1964.0,1964 novel,78.07,78.07,1,1,Swiss Confederation,Swiss Confederation,Swiss Confederation
Sebastian (Durrell novel),Sebastian (Durrell novel),sebastian durrell novel,novel,1983.0,1983 novel by Lawrence Durrell,78.07,78.07,1,1,Swiss Confederation,Swiss Confederation,Swiss Confederation
All for One (2024 film),All for One,all for one,film,2024.0,2024 French film,78.07,78.07,1,1,"\""The Three Musketeers\","\""The Three Musketeers\","\""The Three Musketeers\"
The Ski Bum,The Ski Bum,ski bum,novel,1969.0,1969 novel by Romain Gary,78.07,78.07,1,1,Swiss Confederation,Swiss Confederation,Swiss Confederation
A House Divided: Denmark Vesey's Rebellion,A House Divided: Denmark Vesey's Rebellion,house divided denmark veseys rebellion,film,1982.0,1982 film by Stan Lathan,78.07,0.0,1,0,"Charleston, South Carolina","Charleston, South Carolina",
The Long Night (2022 film),The Long Night,long night,film,2022.0,2022 horror film directed by Rich Ragsdale,78.07,0.0,1,0,"Charleston, South Carolina","Charleston, South Carolina",
The Lords of Discipline (film),The Lords of Discipline,lords of discipline,film,1983.0,1983 film by Franc Roddam,78.07,0.0,1,0,"Charleston, South Carolina","Charleston, South Carolina",
Rich in Love (1992 film),Rich in Love,rich in love,film,1992.0,1992 American film,78.07,0.0,1,0,"Charleston, South Carolina","Charleston, South Carolina",
Special Bulletin,Special Bulletin,special bulletin,film,1983.0,1983 American drama TV film by Edward Zwick,78.07,0.0,1,0,"Charleston, South Carolina","Charleston, South Carolina",
Easy A,Easy A,easy a,film,2010.0,2010 film by Will Gluck,78.07,78.07,1,1,"\""The Scarlet Letter\","\""The Scarlet Letter\","\""The Scarlet Letter\"
The Scarlet Letter (1908 film),The Scarlet Letter,scarlet letter,film,1908.0,1908 American film,78.07,78.07,1,1,"\""The Scarlet Letter\","\""The Scarlet Letter\","\""The Scarlet Letter\"
The Scarlet Letter (1911 film),The Scarlet Letter,scarlet letter,film,1911.0,1911 American film,78.07,78.07,1,1,"\""The Scarlet Letter\","\""The Scarlet Letter\","\""The Scarlet Letter\"
The Scarlet Letter (1913 film),The Scarlet Letter,scarlet letter,film,1913.0,1913 film by David Miles,78.07,78.07,1,1,"\""The Scarlet Letter\","\""The Scarlet Letter\","\""The Scarlet Letter\"
The Scarlet Letter (1917 film),The Scarlet Letter,scarlet letter,film,1917.0,1917 silent film adaption of The Scarlet Letter,78.07,78.07,1,1,"\""The Scarlet Letter\","\""The Scarlet Letter\","\""The Scarlet Letter\"
The Scarlet Letter (1922 film),The Scarlet Letter,scarlet letter,film,1922.0,1922 film,78.07,78.07,1,1,"\""The Scarlet Letter\","\""The Scarlet Letter\","\""The Scarlet Letter\"
The Scarlet Letter (1926 film),The Scarlet Letter,scarlet letter,film,1926.0,1926 film,78.07,78.07,1,1,"\""The Scarlet Letter\","\""The Scarlet Letter\","\""The Scarlet Letter\"
The Scarlet Letter (1934 film),The Scarlet Letter,scarlet letter,film,1934.0,1934 film by Robert G Vignola,78.07,78.07,1,1,"\""The Scarlet Letter\","\""The Scarlet Letter\","\""The Scarlet Letter\"
The Scarlet Letter (1973 film),The Scarlet Letter,scarlet letter,film,1973.0,1973 West German film,78.07,78.07,1,1,"\""The Scarlet Letter\","\""The Scarlet Letter\","\""The Scarlet Letter\"
Adalat (1977 film),Adalat,adalat,film,1977.0,1976 film directed by Narendra Bedi,78.07,78.07,1,1,Bombay Mumbai,Bombay Mumbai,Bombay Mumbai
75 Watts,75 Watts,75 watts,film,2011.0,2011 Canadian film,78.07,78.07,1,1,Tourette's Syndrome,Tourette's Syndrome,Tourette's Syndrome
Alive and Ticking,Alive and Ticking,alive and ticking,film,2011.0,2011 film,78.07,78.07,1,1,Tourette's Syndrome,Tourette's Syndrome,Tourette's Syndrome
Crazy Jones,Crazy Jones,crazy jones,film,2002.0,2002 American film,78.07,78.07,1,1,Tourette's Syndrome,Tourette's Syndrome,Tourette's Syndrome
Dirty Filthy Love,Dirty Filthy Love,dirty filthy love,film,2004.0,2004 British TV drama film,78.07,78.07,1,1,Tourette's Syndrome,Tourette's Syndrome,Tourette's Syndrome
Front of the Class,Front of the Class,front of the class,film,2008.0,2008 American TV film,78.07,78.07,1,1,Tourette's Syndrome,Tourette's Syndrome,Tourette's Syndrome
Hichki,Hichki,hichki,film,2018.0,2018 comedy drama film directed by Sidharth P. Malhotra,78.07,78.07,1,1,Tourette's Syndrome,Tourette's Syndrome,Tourette's Syndrome
I Swear (film),I Swear,i swear,film,2025.0,2025 film by Kirk Jones,78.07,78.07,1,1,Tourette's Syndrome,Tourette's Syndrome,Tourette's Syndrome
Matchstick Men,Matchstick Men,matchstick men,film,2003.0,2003 film by Ridley Scott,78.07,78.07,1,1,Tourette's Syndrome,Tourette's Syndrome,Tourette's Syndrome
Maze (2000 film),Maze,maze,film,2000.0,2000 American film,78.07,78.07,1,1,Tourette's Syndrome,Tourette's Syndrome,Tourette's Syndrome
Motherless Brooklyn,Motherless Brooklyn,motherless brooklyn,film,2019.0,2019 film by Edward Norton,78.07,78.07,1,1,Tourette's Syndrome,Tourette's Syndrome,Tourette's Syndrome
"Niagara, Niagara","Niagara, Niagara",niagara niagara,film,1997.0,1997 film,78.07,78.07,1,1,Tourette's Syndrome,Tourette's Syndrome,Tourette's Syndrome
Phoebe in Wonderland,Phoebe in Wonderland,phoebe in wonderland,film,2008.0,2008 American film,78.07,78.07,1,1,Tourette's Syndrome,Tourette's Syndrome,Tourette's Syndrome
The Road Within,The Road Within,road within,film,2014.0,2014 American film,78.07,78.07,1,1,Tourette's Syndrome,Tourette's Syndrome,Tourette's Syndrome
The Tic Code,The Tic Code,tic code,film,1998.0,1998 American film,78.07,78.07,1,1,Tourette's Syndrome,Tourette's Syndrome,Tourette's Syndrome
Vincent Wants to Sea,Vincent Wants to Sea,vincent wants to sea,film,2010.0,2010 film by Ralf Huettner,78.07,78.07,1,1,Tourette's Syndrome,Tourette's Syndrome,Tourette's Syndrome
Andhrawala,Andhrawala,andhrawala,film,2004.0,2004 film by Puri Jagannadh,78.07,78.07,1,1,Bombay Mumbai,Bombay Mumbai,Bombay Mumbai
D'Artagnan and Three Musketeers,D'Artagnan and Three Musketeers,dartagnan and three musketeers,film,1978.0,1978 film directed by George Jungvald-Khilkevitch,78.07,78.07,1,1,"\""The Three Musketeers\","\""The Three Musketeers\","\""The Three Musketeers\"
The Four Musketeers (1936 film),The Four Musketeers,four musketeers,film,1936.0,1936 Italian film,78.07,78.07,1,1,"\""The Three Musketeers\","\""The Three Musketeers\","\""The Three Musketeers\"
The Four Musketeers (1963 film),The Four Musketeers,four musketeers,film,1963.0,1963 film,78.07,78.07,1,1,"\""The Three Musketeers\","\""The Three Musketeers\","\""The Three Musketeers\"
The King's Musketeers,The King's Musketeers,kings musketeers,film,2018.0,2018 Italian comedy film,78.07,78.07,1,1,"\""The Three Musketeers\","\""The Three Musketeers\","\""The Three Musketeers\"
Knights of the Queen,Knights of the Queen,knights of the queen,film,1954.0,1954 film by Mauro Bolognini,78.07,78.07,1,1,"\""The Three Musketeers\","\""The Three Musketeers\","\""The Three Musketeers\"
Milady and the Musketeers,Milady and the Musketeers,milady and the musketeers,film,1952.0,1952 French film,78.07,78.07,1,1,"\""The Three Musketeers\","\""The Three Musketeers\","\""The Three Musketeers\"
The Musketeer,The Musketeer,musketeer,film,2001.0,2001 film by Peter Hyams,78.07,78.07,1,1,"\""The Three Musketeers\","\""The Three Musketeers\","\""The Three Musketeers\"
The Queen's Musketeers,The Queen's Musketeers,queens musketeers,film,1903.0,1903 French film,78.07,78.07,1,1,"\""The Three Musketeers\","\""The Three Musketeers\","\""The Three Musketeers\"
The Secret Mark of D'Artagnan,The Secret Mark of D'Artagnan,secret mark of dartagnan,film,1962.0,1962 film,78.07,78.07,1,1,"\""The Three Musketeers\","\""The Three Musketeers\","\""The Three Musketeers\"
Aamir (film),Aamir,aamir,film,2008.0,2008 Indian film,78.07,78.07,1,1,Bombay Mumbai,Bombay Mumbai,Bombay Mumbai
Aar Paar,Aar Paar,aar paar,film,1954.0,1954 Indian film,78.07,78.07,1,1,Bombay Mumbai,Bombay Mumbai,Bombay Mumbai
Aatank Hi Aatank,Aatank Hi Aatank,aatank hi aatank,film,1995.0,1995 Indian film,78.07,78.07,1,1,Bombay Mumbai,Bombay Mumbai,Bombay Mumbai
Aayna Ka Bayna,Aayna Ka Bayna,aayna ka bayna,film,2012.0,2012 Indian film,78.07,78.07,1,1,Bombay Mumbai,Bombay Mumbai,Bombay Mumbai
Abhimaan (1973 film),Abhimaan,abhimaan,film,1973.0,1973 film by Hrishikesh Mukherjee,78.07,78.07,1,1,Bombay Mumbai,Bombay Mumbai,Bombay Mumbai
Action Replayy,Action Replayy,action replayy,film,2010.0,2010 film by Vipul Amrutlal Shah,78.07,78.07,1,1,Bombay Mumbai,Bombay Mumbai,Bombay Mumbai
Baadshah (1999 film),Baadshah,baadshah,film,1999.0,1999 Indian film directed by Abbas–Mustan,78.07,78.07,1,1,Bombay Mumbai,Bombay Mumbai,Bombay Mumbai
Ae Watan Mere Watan,Ae Watan Mere Watan,ae watan mere watan,film,2024.0,2024 Indian film by Kannan lyer,78.07,78.07,1,1,Bombay Mumbai,Bombay Mumbai,Bombay Mumbai
Agneepath (1990 film),Agneepath,agneepath,film,1990.0,1990 film by Mukul Anand,78.07,78.07,1,1,Bombay Mumbai,Bombay Mumbai,Bombay Mumbai
Ahaan,Ahaan,ahaan,film,,Bollywood film,78.07,78.07,1,1,Bombay Mumbai,Bombay Mumbai,Bombay Mumbai
Aitbaar,Aitbaar,aitbaar,film,1985.0,1985 film,78.07,78.07,1,1,Bombay Mumbai,Bombay Mumbai,Bombay Mumbai
Ajoba,Ajoba,ajoba,film,2014.0,2014 Indian film,78.07,78.07,1,1,Bombay Mumbai,Bombay Mumbai,Bombay Mumbai
Akele Hum Akele Tum,Akele Hum Akele Tum,akele hum akele tum,film,1995.0,1995 Indian romantic drama film,78.07,78.07,1,1,Bombay Mumbai,Bombay Mumbai,Bombay Mumbai
Alexander the Great (2010 film),Alexander the Great,alexander the great,film,2010.0,2010 Indian film,78.07,78.07,1,1,Bombay Mumbai,Bombay Mumbai,Bombay Mumbai
All We Imagine as Light,All We Imagine as Light,all we imagine as light,film,2024.0,2024 film by Payal Kapadia,78.07,78.07,1,1,Bombay Mumbai,Bombay Mumbai,Bombay Mumbai
Aman Ke Farishtey,Aman Ke Farishtey,aman ke farishtey,film,2016.0,2016 Indian film,78.07,78.07,1,1,Bombay Mumbai,Bombay Mumbai,Bombay Mumbai
Amar Akbar Anthony,Amar Akbar Anthony,amar akbar anthony,film,1977.0,1977 Indian film directed by Manmohan Desai,78.07,78.07,1,1,Bombay Mumbai,Bombay Mumbai,Bombay Mumbai
Ameerin Aadhi-Bhagavan,Ameerin Aadhi-Bhagavan,ameerin aadhi-bhagavan,film,2013.0,2013 Indian film by Ameer Sultan,78.07,78.07,1,1,Bombay Mumbai,Bombay Mumbai,Bombay Mumbai
Amir Salman Shahrukh,Amir Salman Shahrukh,amir salman shahrukh,film,2017.0,2017 Indian film,78.07,78.07,1,1,Bombay Mumbai,Bombay Mumbai,Bombay Mumbai
Amrit (1986 film),Amrit,amrit,film,1986.0,1986 film by Mohan Kumar,78.07,78.07,1,1,Bombay Mumbai,Bombay Mumbai,Bombay Mumbai
Anari (1959 film),Anari,anari,film,1959.0,Indian comedy film,78.07,78.07,1,1,Bombay Mumbai,Bombay Mumbai,Bombay Mumbai
Andar Baahar,Andar Baahar,andar baahar,film,1984.0,1984 Indian film,78.07,78.07,1,1,Bombay Mumbai,Bombay Mumbai,Bombay Mumbai
The Expendables 3,The Expendables 3,expendables 3,film,2014.0,2014 film by Patrick Hughes,78.07,78.07,1,1,"Bucharest, Romania","Bucharest, Romania","Bucharest, Romania"
Angrakshak,Angrakshak,angrakshak,film,1995.0,1995 film by Ravi Raja Pinisetty,78.07,78.07,1,1,Bombay Mumbai,Bombay Mumbai,Bombay Mumbai
Anita (1967 film),Anita,anita,film,1967.0,1967 Indian film,78.07,78.07,1,1,Bombay Mumbai,Bombay Mumbai,Bombay Mumbai
Anjaan (2014 film),Anjaan,anjaan,film,2014.0,2014 Indian film by N. Lingusamy,78.07,78.07,1,1,Bombay Mumbai,Bombay Mumbai,Bombay Mumbai
Ankush (1986 film),Ankush,ankush,film,1986.0,1986 film by N. Chandra,78.07,78.07,1,1,Bombay Mumbai,Bombay Mumbai,Bombay Mumbai
Anmol Ghadi,Anmol Ghadi,anmol ghadi,film,1946.0,1946 film,78.07,78.07,1,1,Bombay Mumbai,Bombay Mumbai,Bombay Mumbai
Anpekshit,Anpekshit,anpekshit,film,1991.0,1991 Indian film,78.07,78.07,1,1,Bombay Mumbai,Bombay Mumbai,Bombay Mumbai
Appu (2000 film),Appu,appu,film,2000.0,2000 Indian film,78.07,78.07,1,1,Bombay Mumbai,Bombay Mumbai,Bombay Mumbai
Aranmanai Kaavalan,Aranmanai Kaavalan,aranmanai kaavalan,film,1994.0,1994 Indian film,78.07,78.07,1,1,Bombay Mumbai,Bombay Mumbai,Bombay Mumbai
Arjun Pandit (1999 film),Arjun Pandit,arjun pandit,film,1999.0,1999 Indian film,78.07,78.07,1,1,Bombay Mumbai,Bombay Mumbai,Bombay Mumbai
Arrambam,Arrambam,arrambam,film,2013.0,2013 Indian film by Vishnuvardhan,78.07,78.07,1,1,Bombay Mumbai,Bombay Mumbai,Bombay Mumbai
Ata Thambaycha Naay!,Ata Thambaycha Naay!,ata thambaycha naay,film,2025.0,2025 Indian Marathi-language film,78.07,78.07,1,1,Bombay Mumbai,Bombay Mumbai,Bombay Mumbai
Atithi Tum Kab Jaoge?,Atithi Tum Kab Jaoge?,atithi tum kab jaoge,film,2010.0,2010 film directed by Ashwni Dhir,78.07,78.07,1,1,Bombay Mumbai,Bombay Mumbai,Bombay Mumbai
Attack: Part 1,Attack: Part 1,attack part 1,film,2022.0,2022 action film by Lakshya Raj Anand,78.07,78.07,1,1,Bombay Mumbai,Bombay Mumbai,Bombay Mumbai
Aval (2017 film),Aval,aval,film,2017.0,2017 Indian horror film by Milind Rau,78.07,78.07,1,1,Bombay Mumbai,Bombay Mumbai,Bombay Mumbai
Avtaar,Avtaar,avtaar,film,1983.0,1983 film by Mohan Kumar,78.07,78.07,1,1,Bombay Mumbai,Bombay Mumbai,Bombay Mumbai
Teambuilding (film),Teambuilding,teambuilding,film,2022.0,2022 Romanian film,78.07,78.07,1,1,"Bucharest, Romania","Bucharest, Romania","Bucharest, Romania"
Baashha,Baashha,baashha,film,1995.0,1995 film by Suresh Krissna,78.07,78.07,1,1,Bombay Mumbai,Bombay Mumbai,Bombay Mumbai
Baazi (1995 film),Baazi,baazi,film,1995.0,1995 Indian film,78.07,78.07,1,1,Bombay Mumbai,Bombay Mumbai,Bombay Mumbai
Baazigar,Baazigar,baazigar,film,1993.0,1993 film directed by Abbas–Mustan,78.07,78.07,1,1,Bombay Mumbai,Bombay Mumbai,Bombay Mumbai
Babuji Ek Ticket Bambai,Babuji Ek Ticket Bambai,babuji ek ticket bambai,film,2017.0,2017 Indian film,78.07,78.07,1,1,Bombay Mumbai,Bombay Mumbai,Bombay Mumbai
Baby John (film),Baby John,baby john,film,2024.0,2024 film by Kalees,78.07,78.07,1,1,Bombay Mumbai,Bombay Mumbai,Bombay Mumbai
Bachchhan Paandey,Bachchhan Paandey,bachchhan paandey,film,2022.0,2022 Indian Hindi-language film by Farhad Samji,78.07,78.07,1,1,Bombay Mumbai,Bombay Mumbai,Bombay Mumbai
Bachchon Ka Khel,Bachchon Ka Khel,bachchon ka khel,film,1946.0,1946 Indian film,78.07,78.07,1,1,Bombay Mumbai,Bombay Mumbai,Bombay Mumbai
Charlie Countryman,Charlie Countryman,charlie countryman,film,2013.0,2013 American film,78.07,78.07,1,1,"Bucharest, Romania","Bucharest, Romania","Bucharest, Romania"
Child's Pose (film),Child's Pose,childs pose,film,2013.0,2013 film,78.07,78.07,1,1,"Bucharest, Romania","Bucharest, Romania","Bucharest, Romania"
Closer to the Moon,Closer to the Moon,closer to the moon,film,2013.0,2013 film by Nae Caranfil,78.07,78.07,1,1,"Bucharest, Romania","Bucharest, Romania","Bucharest, Romania"
Cu mâinile curate,Cu mâinile curate,cu mainile curate,film,1972.0,1972 film,78.07,78.07,1,1,"Bucharest, Romania","Bucharest, Romania","Bucharest, Romania"
The Death of Mr. Lazarescu,The Death of Mr. Lazarescu,death of mr. lazarescu,film,2005.0,2005 film,78.07,78.07,1,1,"Bucharest, Romania","Bucharest, Romania","Bucharest, Romania"
Do Not Expect Too Much from the End of the World,Do Not Expect Too Much from the End of the World,do not expect too much from the end of the world,film,2023.0,2023 Romanian comedy film,78.07,78.07,1,1,"Bucharest, Romania","Bucharest, Romania","Bucharest, Romania"
The Doorman (2020 film),The Doorman,doorman,film,2020.0,2020 action thriller film,78.07,78.07,1,1,"Bucharest, Romania","Bucharest, Romania","Bucharest, Romania"
Dracula in the Provinces,Dracula in the Provinces,dracula in the provinces,film,1975.0,1975 film directed by Lucio Fulci,78.07,78.07,1,1,"Bucharest, Romania","Bucharest, Romania","Bucharest, Romania"
Metronom (film),Metronom,metronom,film,2022.0,2022 Romanian film,78.07,78.07,1,1,"Bucharest, Romania","Bucharest, Romania","Bucharest, Romania"
Jupiter's Moon,Jupiter's Moon,jupiters moon,film,2017.0,2017 film,78.07,78.07,1,1,Buda & Pest,Buda & Pest,Buda & Pest
A Kind of America,A Kind of America,kind of america,film,2002.0,2002 Hungarian film,78.07,78.07,1,1,Buda & Pest,Buda & Pest,Buda & Pest
Kontroll,Kontroll,kontroll,film,2003.0,2003 film,78.07,78.07,1,1,Buda & Pest,Buda & Pest,Buda & Pest
A Strange Mask of Identity,A Strange Mask of Identity,strange mask of identity,film,1955.0,1955 film by Zoltán Várkonyi,78.07,78.07,1,1,Buda & Pest,Buda & Pest,Buda & Pest
Monsters.,Monsters.,monsters.,film,2019.0,2019 Romanian drama film,78.07,78.07,1,1,"Bucharest, Romania","Bucharest, Romania","Bucharest, Romania"
The New Year That Never Came,The New Year That Never Came,new year that never came,film,2024.0,2024 Romanian film by Bogdan Mureșanu,78.07,78.07,1,1,"Bucharest, Romania","Bucharest, Romania","Bucharest, Romania"
Philanthropy (film),Philanthropy,philanthropy,film,2002.0,2002 Romanian film,78.07,78.07,1,1,"Bucharest, Romania","Bucharest, Romania","Bucharest, Romania"
A Police Superintendent Accuses,A Police Superintendent Accuses,police superintendent accuses,film,1974.0,1974 Romanian film,78.07,78.07,1,1,"Bucharest, Romania","Bucharest, Romania","Bucharest, Romania"
Poveste de cartier,Poveste de cartier,poveste de cartier,film,2008.0,2008 film by Theodor Halacu-Nicon,78.07,78.07,1,1,"Bucharest, Romania","Bucharest, Romania","Bucharest, Romania"
The Protégé,The Protégé,protege,film,2021.0,2021 American action film,78.07,78.07,1,1,"Bucharest, Romania","Bucharest, Romania","Bucharest, Romania"
Quod Erat Demonstrandum (film),Quod Erat Demonstrandum,quod erat demonstrandum,film,2013.0,2013 Romanian film,78.07,78.07,1,1,"Bucharest, Romania","Bucharest, Romania","Bucharest, Romania"
The Saint (2017 film),The Saint,saint,film,2017.0,2017 film by Simon West,78.07,78.07,1,1,"Bucharest, Romania","Bucharest, Romania","Bucharest, Romania"
Shadow Man (2006 film),Shadow Man,shadow man,film,2006.0,2006 American film,78.07,78.07,1,1,"Bucharest, Romania","Bucharest, Romania","Bucharest, Romania"
Soldiers. Story from Ferentari,Soldiers. Story from Ferentari,soldiers. story from ferentari,film,2017.0,2017 Romanian drama film,78.07,78.07,1,1,"Bucharest, Romania","Bucharest, Romania","Bucharest, Romania"
Sorella di Clausura,Sorella di Clausura,sorella di clausura,film,2025.0,2025 romantic drama film by Ivana Mladenović,78.07,78.07,1,1,"Bucharest, Romania","Bucharest, Romania","Bucharest, Romania"
Miss President,Miss President,miss president,film,1935.0,1935 film,78.07,78.07,1,1,Buda & Pest,Buda & Pest,Buda & Pest
The Nutcracker (1967 film),The Nutcracker,nutcracker,film,1967.0,1967 Polish film,78.07,78.07,1,1,"\""The Nutcracker\","\""The Nutcracker\","\""The Nutcracker\"
Nutcracker: The Motion Picture,Nutcracker: The Motion Picture,nutcracker the motion picture,film,1986.0,1986 American film,78.07,78.07,1,1,"\""The Nutcracker\","\""The Nutcracker\","\""The Nutcracker\"
The Chequered Coat,The Chequered Coat,chequered coat,film,1940.0,1940 film,78.07,78.07,1,1,Buda & Pest,Buda & Pest,Buda & Pest
The Dean's December,The Dean's December,deans december,novel,1982.0,1982 novel by Saul Bellow,78.07,78.07,1,1,"Bucharest, Romania","Bucharest, Romania","Bucharest, Romania"
The Forbidden Forest,The Forbidden Forest,forbidden forest,novel,1955.0,1955 novel by Mircea Eliade,78.07,78.07,1,1,"Bucharest, Romania","Bucharest, Romania","Bucharest, Romania"
I Must Betray You,I Must Betray You,i must betray you,novel,,Historical fiction novel,78.07,78.07,1,1,"Bucharest, Romania","Bucharest, Romania","Bucharest, Romania"
Poor Dionis,Poor Dionis,poor dionis,novel,1872.0,1872 novel by Mihai Eminescu,78.07,78.07,1,1,"Bucharest, Romania","Bucharest, Romania","Bucharest, Romania"
Youth Without Youth (novella),Youth Without Youth (novella),youth without youth novella,novel,1976.0,1976 Romanian-language book by Mircea Eliade,78.07,78.07,1,1,"Bucharest, Romania","Bucharest, Romania","Bucharest, Romania"
The IMAX Nutcracker,The IMAX Nutcracker,imax nutcracker,film,,British film,78.07,78.07,1,1,"\""The Nutcracker\","\""The Nutcracker\","\""The Nutcracker\"
The Nutcracker (1993 film),The Nutcracker,nutcracker,film,1993.0,1993 American film,78.07,78.07,1,1,"\""The Nutcracker\","\""The Nutcracker\","\""The Nutcracker\"
Gala Suit,Gala Suit,gala suit,film,1949.0,1949 film,78.07,78.07,1,1,Buda & Pest,Buda & Pest,Buda & Pest
The Garden of Eden (1928 film),The Garden of Eden,garden of eden,film,1928.0,1928 film,78.07,78.07,1,1,Buda & Pest,Buda & Pest,Buda & Pest
The Great Flirtation,The Great Flirtation,great flirtation,film,1934.0,1934 film by Ralph Murphy,78.07,78.07,1,1,Buda & Pest,Buda & Pest,Buda & Pest
Guilty of Treason,Guilty of Treason,guilty of treason,film,1950.0,1950 film,78.07,78.07,1,1,Buda & Pest,Buda & Pest,Buda & Pest
Interview with a Hitman,Interview with a Hitman,interview with a hitman,film,2012.0,2012 British film,78.07,78.07,1,1,"Bucharest, Romania","Bucharest, Romania","Bucharest, Romania"
The Marriage Market (1941 film),The Marriage Market,marriage market,film,1941.0,1941 film,78.07,78.07,1,1,Buda & Pest,Buda & Pest,Buda & Pest
Dreams Die at Dawn,Dreams Die at Dawn,dreams die at dawn,film,1961.0,1961 Italian film,78.07,78.07,1,1,Buda & Pest,Buda & Pest,Buda & Pest
Édes Anna,Édes Anna,edes anna,film,1958.0,1958 film,78.07,78.07,1,1,Buda & Pest,Buda & Pest,Buda & Pest
Elk*rtuk,Elk*rtuk,elk*rtuk,film,2021.0,2021 Hungarian film,78.07,78.07,1,1,Buda & Pest,Buda & Pest,Buda & Pest
Etoile (film),Etoile,etoile,film,1989.0,1989 Italian film by Peter Del Monte,78.07,78.07,1,1,Buda & Pest,Buda & Pest,Buda & Pest
Explanation for Everything,Explanation for Everything,explanation for everything,film,2023.0,2023 film by Gábor Reisz,78.07,78.07,1,1,Buda & Pest,Buda & Pest,Buda & Pest
"Tuesday, After Christmas","Tuesday, After Christmas",tuesday after christmas,film,2010.0,2010 Romanian film,78.07,78.07,1,1,"Bucharest, Romania","Bucharest, Romania","Bucharest, Romania"
Watcher (film),Watcher,watcher,film,2022.0,2022 film by Chloe Okuno,78.07,78.07,1,1,"Bucharest, Romania","Bucharest, Romania","Bucharest, Romania"
Youth Without Youth (film),Youth Without Youth,youth without youth,film,2007.0,2007 film by Francis Ford Coppola,78.07,78.07,1,1,"Bucharest, Romania","Bucharest, Romania","Bucharest, Romania"
Craii de Curtea-Veche,Craii de Curtea-Veche,craii de curtea-veche,novel,1929.0,1929 novel by Mateiu Caragiale,78.07,78.07,1,1,"Bucharest, Romania","Bucharest, Romania","Bucharest, Romania"
Ladies in Love,Ladies in Love,ladies in love,film,1936.0,1936 film by Edward H. Griffith,78.07,78.07,1,1,Buda & Pest,Buda & Pest,Buda & Pest
Land of Angels,Land of Angels,land of angels,film,1962.0,1962 film,78.07,78.07,1,1,Buda & Pest,Buda & Pest,Buda & Pest
Left-Handed Angel,Left-Handed Angel,left-handed angel,film,1941.0,1941 film,78.07,78.07,1,1,Buda & Pest,Buda & Pest,Buda & Pest
Ein Lied von Liebe und Tod,Ein Lied von Liebe und Tod,ein lied von liebe und tod,film,1999.0,"1999 Germany, Hungary film",78.07,78.07,1,1,Buda & Pest,Buda & Pest,Buda & Pest
The Lilac Domino (film),The Lilac Domino,lilac domino,film,1937.0,1937 British film,78.07,78.07,1,1,Buda & Pest,Buda & Pest,Buda & Pest
"Hello, Peter!","Hello, Peter!",hello peter,film,1939.0,1939 film,78.07,78.07,1,1,Buda & Pest,Buda & Pest,Buda & Pest
The Bounds of Sense,The Bounds of Sense,bounds of sense,novel,1966.0,1966 book by Peter Strawson,77.62,77.62,1,1,Immanuel Kant,Immanuel Kant,Immanuel Kant
"Sex, Love, and Gender","Sex, Love, and Gender",sex love and gender,novel,2020.0,2020 book by Helga Varden,77.62,77.62,1,1,Immanuel Kant,Immanuel Kant,Immanuel Kant
The Matter of Critique,The Matter of Critique,matter of critique,novel,2000.0,2000 book edited by Andrea Rehberg and Rachel Ellen Jones,77.62,77.62,1,1,Immanuel Kant,Immanuel Kant,Immanuel Kant
Lessons on the Analytic of the Sublime,Lessons on the Analytic of the Sublime,lessons on the analytic of the sublime,novel,1991.0,1991 book by Jean-François Lyotard,77.62,77.62,1,1,Immanuel Kant,Immanuel Kant,Immanuel Kant
Kant on Practical Life,Kant on Practical Life,kant on practical life,novel,2013.0,2013 book by Kristi Sweet,77.62,77.62,1,1,Immanuel Kant,Immanuel Kant,Immanuel Kant
Kant and the Problem of Metaphysics,Kant and the Problem of Metaphysics,kant and the problem of metaphysics,novel,1929.0,1929 book by Martin Heidegger,77.62,77.62,1,1,Immanuel Kant,Immanuel Kant,Immanuel Kant
Kant (book),Kant,kant,novel,1982.0,1982 book by Roger Scruton,77.62,77.62,1,1,Immanuel Kant,Immanuel Kant,Immanuel Kant
Freedom and the End of Reason,Freedom and the End of Reason,freedom and the end of reason,novel,1989.0,1989 book by Richard Velkley,77.62,77.62,1,1,Immanuel Kant,Immanuel Kant,Immanuel Kant
Lucky: How Joe Biden Barely Won the Presidency,Lucky: How Joe Biden Barely Won the Presidency,lucky how joe biden barely won the presidency,novel,2021.0,2021 book,77.36,77.36,1,1,Joe Biden,Joe Biden,Joe Biden
"Independent: A Look Inside a Broken White House, Outside the Party Lines","Independent: A Look Inside a Broken White House, Outside the Party Lines",independent a look inside a broken white house outside the party lines,novel,2025.0,2025 book by Karine Jean-Pierre,77.36,77.36,1,1,Joe Biden,Joe Biden,Joe Biden
Liberal Privilege,Liberal Privilege,liberal privilege,novel,2020.0,2020 book by Donald Trump Jr,77.36,77.36,1,1,Joe Biden,Joe Biden,Joe Biden
107 Days,107 Days,107 days,novel,2025.0,2025 book by Kamala Harris,77.36,77.36,1,1,Joe Biden,Joe Biden,Joe Biden
Loving Pablo,Loving Pablo,loving pablo,film,2017.0,2017 film,77.33,77.33,1,1,Pablo Escobar,Pablo Escobar,Pablo Escobar
Escobar: Paradise Lost,Escobar: Paradise Lost,escobar paradise lost,film,2014.0,2014 film by Andrea Di Stefano,77.33,77.33,1,1,Pablo Escobar,Pablo Escobar,Pablo Escobar
The Infiltrator (2016 film),The Infiltrator,infiltrator,film,2016.0,2016 film directed by Brad Furman,77.33,77.33,1,1,Pablo Escobar,Pablo Escobar,Pablo Escobar
Blow (film),Blow,blow,film,2001.0,2001 film by Ted Demme,77.33,77.33,1,1,Pablo Escobar,Pablo Escobar,Pablo Escobar
Fraternity Vacation,Fraternity Vacation,fraternity vacation,film,1985.0,1985 American sex comedy teen film by James Frawley,77.31,77.31,1,1,Palm Springs,Palm Springs,Palm Springs
Flight to Nowhere,Flight to Nowhere,flight to nowhere,film,1946.0,1946 film by William Rowland,77.31,77.31,1,1,Palm Springs,Palm Springs,Palm Springs
High Sierra (film),High Sierra,high sierra,film,1941.0,1941 film by Raoul Walsh,77.31,77.31,1,1,Palm Springs,Palm Springs,Palm Springs
Just Getting Started (2017 film),Just Getting Started,just getting started,film,2017.0,2017 American film,77.31,77.31,1,1,Palm Springs,Palm Springs,Palm Springs
Little Birds (film),Little Birds,little birds,film,2011.0,2011 American film,77.31,77.31,1,1,Palm Springs,Palm Springs,Palm Springs
Mack & Rita,Mack & Rita,mack & rita,film,2022.0,2022 comedy film,77.31,77.31,1,1,Palm Springs,Palm Springs,Palm Springs
Palm Springs (1936 film),Palm Springs,palm springs,film,1936.0,1936 film,77.31,77.31,1,1,Palm Springs,Palm Springs,Palm Springs
Palm Springs (2020 film),Palm Springs,palm springs,film,2020.0,American film by Max Barbakow,77.31,77.31,1,1,Palm Springs,Palm Springs,Palm Springs
Palm Springs Weekend,Palm Springs Weekend,palm springs weekend,film,1963.0,1963 film directed by Norman Taurog,77.31,77.31,1,1,Palm Springs,Palm Springs,Palm Springs
The Deer Park,The Deer Park,deer park,novel,1955.0,1955 novel by Norman Mailer,77.31,77.31,1,1,Palm Springs,Palm Springs,Palm Springs
Bloodlines (Mead novel),Bloodlines (Mead novel),bloodlines mead novel,novel,2011.0,2011 novel by Richelle Mead,77.31,77.31,1,1,Palm Springs,Palm Springs,Palm Springs
Bloodlines (book series),Bloodlines (book series),bloodlines book series,novel,,Book series by Richelle Mead,77.31,77.31,1,1,Palm Springs,Palm Springs,Palm Springs
Betrayal (Steel novel),Betrayal (Steel novel),betrayal steel novel,novel,2012.0,2012 novel by Danielle Steel,77.31,77.31,1,1,Palm Springs,Palm Springs,Palm Springs
Visual Acoustics: The Modernism of Julius Shulman,Visual Acoustics: The Modernism of Julius Shulman,visual acoustics the modernism of julius shulman,film,2008.0,2008 American film,77.31,77.31,1,1,Palm Springs,Palm Springs,Palm Springs
Spa Weekend,Spa Weekend,spa weekend,film,,Upcoming American comedy film,77.31,77.31,1,1,Palm Springs,Palm Springs,Palm Springs
The Salton Sea (2002 film),The Salton Sea,salton sea,film,2002.0,2002 American film,77.31,77.31,1,1,Palm Springs,Palm Springs,Palm Springs
The Saint in Palm Springs,The Saint in Palm Springs,saint in palm springs,film,1941.0,1941 film by Jack Hively,77.31,77.31,1,1,Palm Springs,Palm Springs,Palm Springs
Daffy Duck's Quackbusters,Daffy Duck's Quackbusters,daffy ducks quackbusters,film,1988.0,1988 animated feature film,77.31,77.31,1,1,Palm Springs,Palm Springs,Palm Springs
Eating Out: The Open Weekend,Eating Out: The Open Weekend,eating out the open weekend,film,2012.0,2012 film by Q. Allan Brocka,77.31,77.31,1,1,Palm Springs,Palm Springs,Palm Springs
Drive a Crooked Road,Drive a Crooked Road,drive a crooked road,film,1954.0,1954 film by Richard Quine,77.31,77.31,1,1,Palm Springs,Palm Springs,Palm Springs
D.O.A. (1950 film),D.O.A.,d.o.a.,film,1950.0,1950 film by Rudolph Maté,77.31,77.31,1,1,Palm Springs,Palm Springs,Palm Springs
"After Dark, My Sweet","After Dark, My Sweet",after dark my sweet,film,1990.0,1990 American film noir by James Foley,77.31,77.31,1,1,Palm Springs,Palm Springs,Palm Springs
Behind the Candelabra,Behind the Candelabra,behind the candelabra,film,2013.0,2013 film,77.31,77.31,1,1,Palm Springs,Palm Springs,Palm Springs
About Fifty,About Fifty,about fifty,film,2011.0,2011 American film,77.31,77.31,1,1,Palm Springs,Palm Springs,Palm Springs
Future War 198X,Future War 198X,future war 198x,film,1982.0,1982 Japanese film,77.21,0.0,1,0,World War I,World War I,
Captive Women,Captive Women,captive women,film,1952.0,1952 American film by Stuart Gilmore,77.21,0.0,1,0,World War I,World War I,
The Cloverfield Paradox,The Cloverfield Paradox,cloverfield paradox,film,2018.0,2018 film by Julius Onah,77.21,0.0,1,0,World War I,World War I,
The Day the Earth Caught Fire,The Day the Earth Caught Fire,day the earth caught fire,film,1961.0,1961 British film by Val Guest,77.21,0.0,1,0,World War I,World War I,
Def-Con 4,Def-Con 4,def-con 4,film,1984.0,1984 Canadian film,77.21,0.0,1,0,World War I,World War I,
The Divide (2011 film),The Divide,divide,film,2011.0,2011 American horror film,77.21,0.0,1,0,World War I,World War I,
Equilibrium (film),Equilibrium,equilibrium,film,2002.0,2002 film by Kurt Wimmer,77.21,0.0,1,0,World War I,World War I,
The Evil Forest,The Evil Forest,evil forest,film,1951.0,1951 film,77.21,0.0,1,0,World War I,World War I,
Expend4bles,Expend4bles,expend4bles,film,2023.0,2023 film by Scott Waugh,77.21,0.0,1,0,World War I,World War I,
Sgt. Stubby: An American Hero,Sgt. Stubby: An American Hero,sgt. stubby an american hero,film,2018.0,2018 film,77.21,0.0,1,0,World War I,World War I,
Sergeant York (film),Sergeant York,sergeant york,film,1941.0,1941 biographical film directed by Howard Hawks,77.21,0.0,1,0,World War I,World War I,
Scapa Flow (film),Scapa Flow,scapa flow,film,1930.0,1930 film,77.21,0.0,1,0,World War I,World War I,
Richthofen (film),Richthofen,richthofen,film,1927.0,1927 film,77.21,0.0,1,0,World War I,World War I,
Regeneration (1997 film),Regeneration,regeneration,film,1997.0,1997 British film,77.21,0.0,1,0,World War I,World War I,
The Red Baron (2008 film),The Red Baron,red baron,film,2008.0,2008 film by Nikolai Müllerschön,77.21,0.0,1,0,World War I,World War I,
Paths of Glory,Paths of Glory,paths of glory,film,1957.0,1957 film by Stanley Kubrick,77.21,0.0,1,0,World War I,World War I,
Passchendaele (film),Passchendaele,passchendaele,film,2008.0,2008 Canadian film by Paul Gross,77.21,0.0,1,0,World War I,World War I,
The Kindly Ones (Powell novel),The Kindly Ones (Powell novel),kindly ones powell novel,novel,,Novel by Anthony Powell,77.21,0.0,1,0,World War I,World War I,
The 10th Victim,The 10th Victim,10th victim,film,1965.0,1965 film,77.21,0.0,1,0,World War I,World War I,
Aftershock (1990 film),Aftershock,aftershock,film,1990.0,1990 American film,77.21,0.0,1,0,World War I,World War I,
Akira (1988 film),Akira,akira,film,1988.0,1988 animated film by Katsuhiro Otomo,77.21,0.0,1,0,World War I,World War I,
American Assassin,American Assassin,american assassin,film,2017.0,2017 film by Michael Cuesta,77.21,0.0,1,0,World War I,World War I,
Appleseed (2004 film),Appleseed,appleseed,film,2004.0,2004 animated feature film directed by Shinji Aramaki,77.21,0.0,1,0,World War I,World War I,
The Big Bang (1987 film),The Big Bang,big bang,film,1987.0,1987 film directed by Picha,77.21,0.0,1,0,World War I,World War I,
Broken Arrow (1996 film),Broken Arrow,broken arrow,film,1996.0,1996 American action film by John Woo,77.21,0.0,1,0,World War I,World War I,
The Comedy of Charleroi,The Comedy of Charleroi,comedy of charleroi,novel,1934.0,1934 short story collection by Pierre Drieu La Rochelle,77.21,0.0,1,0,World War I,World War I,
William Kelly's War,William Kelly's War,william kellys war,film,2014.0,2014 Australian film,77.21,0.0,1,0,World War I,World War I,
The Water Diviner,The Water Diviner,water diviner,film,2014.0,2014 film by Russell Crowe,77.21,0.0,1,0,World War I,World War I,
The War Below,The War Below,war below,film,2021.0,2021 film,77.21,0.0,1,0,World War I,World War I,
Verdun: Visions of History,Verdun: Visions of History,verdun visions of history,film,1928.0,1928 film,77.21,0.0,1,0,World War I,World War I,
Testament of Youth (film),Testament of Youth,testament of youth,film,2014.0,2014 British film,77.21,0.0,1,0,World War I,World War I,
Tannenberg (film),Tannenberg,tannenberg,film,1932.0,1932 film,77.21,0.0,1,0,World War I,World War I,
Sin dejar rastros,Sin dejar rastros,sin dejar rastros,film,1918.0,1918 Argentine film,77.21,0.0,1,0,World War I,World War I,
The Life and Letters of Charles Darwin,The Life and Letters of Charles Darwin,life and letters of charles darwin,novel,,Book about Charles Darwin by Frances Darwin,77.0,77.0,1,1,Charles Darwin,Charles Darwin,Charles Darwin
Lincoln and Darwin,Lincoln and Darwin,lincoln and darwin,novel,2010.0,2010 book by James Lander,77.0,77.0,1,1,Charles Darwin,Charles Darwin,Charles Darwin
Why Darwin Matters,Why Darwin Matters,why darwin matters,novel,2006.0,2006 book by Michael Shermer,77.0,77.0,1,1,Charles Darwin,Charles Darwin,Charles Darwin
Genghis Khan and the Making of the Modern World,Genghis Khan and the Making of the Modern World,genghis khan and the making of the modern world,novel,2004.0,2004 book by Jack Weatherford,76.95,76.95,1,1,Genghis Khan,Genghis Khan,Genghis Khan
The Secret History of the Mongol Queens,The Secret History of the Mongol Queens,secret history of the mongol queens,novel,2010.0,2010 book by Jack Weatherford,76.95,76.95,1,1,Genghis Khan,Genghis Khan,Genghis Khan
Fast Times at Ridgemont High,Fast Times at Ridgemont High,fast times at ridgemont high,film,1982.0,1982 film directed by Amy Heckerling,76.87,0.0,1,0,San Fernando Valley,San Fernando Valley,
Foxes (film),Foxes,foxes,film,1980.0,1980 film by Adrian Lyne,76.87,0.0,1,0,San Fernando Valley,San Fernando Valley,
Forget Paris,Forget Paris,forget paris,film,1995.0,1995 film directed by Billy Crystall,76.87,0.0,1,0,San Fernando Valley,San Fernando Valley,
Down in the Valley (film),Down in the Valley,down in the valley,film,2005.0,2005 American film by David Jacobson,76.87,0.0,1,0,San Fernando Valley,San Fernando Valley,
Earth Girls Are Easy,Earth Girls Are Easy,earth girls are easy,film,1988.0,1988 film by Julien Temple,76.87,0.0,1,0,San Fernando Valley,San Fernando Valley,
Encino Man,Encino Man,encino man,film,1992.0,1992 film by Les Mayfield,76.87,0.0,1,0,San Fernando Valley,San Fernando Valley,
Every Which Way but Loose,Every Which Way but Loose,every which way but loose,film,1978.0,1978 film by James Fargo,76.87,0.0,1,0,San Fernando Valley,San Fernando Valley,
Magnolia (film),Magnolia,magnolia,film,1999.0,1999 film by Paul Thomas Anderson,76.87,0.0,1,0,San Fernando Valley,San Fernando Valley,
North Hollywood (film),North Hollywood,north hollywood,film,2021.0,2021 film directed by Mikey Alfred,76.87,0.0,1,0,San Fernando Valley,San Fernando Valley,
Plan 9 from Outer Space,Plan 9 from Outer Space,plan 9 from outer space,film,1957.0,1957 US film by Ed Wood,76.87,0.0,1,0,San Fernando Valley,San Fernando Valley,
Punch-Drunk Love,Punch-Drunk Love,punch-drunk love,film,2002.0,2002 film by Paul Thomas Anderson,76.87,0.0,1,0,San Fernando Valley,San Fernando Valley,
Blast from the Past (film),Blast from the Past,blast from the past,film,1999.0,1999 American romantic sci-fi comedy film by Hugh Wilson,76.87,0.0,1,0,San Fernando Valley,San Fernando Valley,
Boogie Nights,Boogie Nights,boogie nights,film,1997.0,1997 film by Paul Thomas Anderson,76.87,0.0,1,0,San Fernando Valley,San Fernando Valley,
The Brady Bunch Movie,The Brady Bunch Movie,brady bunch movie,film,1995.0,1995 film by Betty Thomas,76.87,0.0,1,0,San Fernando Valley,San Fernando Valley,
Buckaroo Bugs,Buckaroo Bugs,buckaroo bugs,film,1944.0,1944 short animated film by Bob Clampett,76.87,0.0,1,0,San Fernando Valley,San Fernando Valley,
The Sandlot,The Sandlot,sandlot,film,1993.0,1993 film by David Mickey Evans and Robert Gunter,76.87,0.0,1,0,San Fernando Valley,San Fernando Valley,
San Fernando Valley (film),San Fernando Valley,san fernando valley,film,1944.0,1944 film by John English,76.87,0.0,1,0,San Fernando Valley,San Fernando Valley,
San Andreas (film),San Andreas,san andreas,film,2015.0,2015 film by Brad Peyton,76.87,0.0,1,0,San Fernando Valley,San Fernando Valley,
The Karate Kid Part II,The Karate Kid Part II,karate kid part ii,film,1986.0,1986 American film,76.87,0.0,1,0,San Fernando Valley,San Fernando Valley,
The Karate Kid Part III,The Karate Kid Part III,karate kid part iii,film,1989.0,1989 American martial arts drama film,76.87,0.0,1,0,San Fernando Valley,San Fernando Valley,
The Karate Kid,The Karate Kid,karate kid,film,1984.0,1984 film by John Avildsen,76.87,0.0,1,0,San Fernando Valley,San Fernando Valley,
Licorice Pizza,Licorice Pizza,licorice pizza,film,2021.0,2021 film by Paul Thomas Anderson,76.87,0.0,1,0,San Fernando Valley,San Fernando Valley,
The Lonely Lady,The Lonely Lady,lonely lady,film,1983.0,1983 film by Peter Sasdy,76.87,0.0,1,0,San Fernando Valley,San Fernando Valley,
Cheaper by the Dozen (2022 film),Cheaper by the Dozen,cheaper by the dozen,film,2022.0,2022 film by Gail Lerner,76.87,0.0,1,0,San Fernando Valley,San Fernando Valley,
A Cinderella Story,A Cinderella Story,cinderella story,film,2004.0,2004 film by Mark Rosman,76.87,0.0,1,0,San Fernando Valley,San Fernando Valley,
Dancing at the Blue Iguana,Dancing at the Blue Iguana,dancing at the blue iguana,film,2000.0,2000 American film,76.87,0.0,1,0,San Fernando Valley,San Fernando Valley,
Day Shift (film),Day Shift,day shift,film,2022.0,2022 film by J. J. Perry,76.87,0.0,1,0,San Fernando Valley,San Fernando Valley,
We Are Your Friends (film),We Are Your Friends,we are your friends,film,2015.0,2015 American music drama film directed by Max Joseph,76.87,0.0,1,0,San Fernando Valley,San Fernando Valley,
Valley Girl (2020 film),Valley Girl,valley girl,film,2020.0,2020 film by Rachel Lee Goldenberg,76.87,0.0,1,0,San Fernando Valley,San Fernando Valley,
Thelma (2024 film),Thelma,thelma,film,2024.0,Film by Josh Margolin,76.87,0.0,1,0,San Fernando Valley,San Fernando Valley,
Starlet (film),Starlet,starlet,film,2012.0,2012 film,76.87,0.0,1,0,San Fernando Valley,San Fernando Valley,
2 Days in the Valley,2 Days in the Valley,2 days in the valley,film,1996.0,1996 film by John Herzfeld,76.87,0.0,1,0,San Fernando Valley,San Fernando Valley,
La Bamba (film),La Bamba,la bamba,film,1987.0,1987 biographical film by Luis Valdez,76.87,0.0,1,0,San Fernando Valley,San Fernando Valley,
The Bad News Bears,The Bad News Bears,bad news bears,film,1976.0,1976 film,76.87,0.0,1,0,San Fernando Valley,San Fernando Valley,
Safe (1995 film),Safe,safe,film,1995.0,1995 film,76.87,0.0,1,0,San Fernando Valley,San Fernando Valley,
Alice in Wonderland (2010 film),Alice in Wonderland,alice in wonderland,film,2010.0,Film by Tim Burton,76.78,0.0,1,0,United Kingdom,United Kingdom,
The Airzone Solution,The Airzone Solution,airzone solution,film,1993.0,1993 British film by Bill Baggs,76.78,0.0,1,0,United Kingdom,United Kingdom,
Aa Gaye Munde U.K. De,Aa Gaye Munde U.K. De,aa gaye munde u.k. de,film,2014.0,2014 film,76.78,0.0,1,0,United Kingdom,United Kingdom,
10 Lives,10 Lives,10 lives,film,2024.0,2024 film directed by Chris Jenkins,76.78,0.0,1,0,United Kingdom,United Kingdom,
All My Friends Hate Me,All My Friends Hate Me,all my friends hate me,film,2021.0,2021 film by Andrew Gaynord,76.78,0.0,1,0,United Kingdom,United Kingdom,
Villa!!,Villa!!,villa,film,1958.0,1958 film by James B. Clark,76.64,76.64,1,1,Pancho Villa,Pancho Villa,Pancho Villa
Viva Villa!,Viva Villa!,viva villa,film,1934.0,"1934 film by Howard Hawks, Jack Conway, William A. Wellman",76.64,76.64,1,1,Pancho Villa,Pancho Villa,Pancho Villa
Villa Rides,Villa Rides,villa rides,film,1968.0,"1968 film starring Yul Brynner, directed by Buzz Kulik",76.64,76.64,1,1,Pancho Villa,Pancho Villa,Pancho Villa
Viva Zapata!,Viva Zapata!,viva zapata,film,1952.0,1952 film by Elia Kazan,76.64,76.64,1,1,Pancho Villa,Pancho Villa,Pancho Villa
Starship Troopers 2: Hero of the Federation,Starship Troopers 2: Hero of the Federation,starship troopers 2 hero of the federation,film,2004.0,2004 film by Phil Tippett,76.6,76.6,1,1,Starship Troopers,Starship Troopers,Starship Troopers
Starship Troopers 3: Marauder,Starship Troopers 3: Marauder,starship troopers 3 marauder,film,2008.0,2008 film by Edward Neumeier,76.6,76.6,1,1,Starship Troopers,Starship Troopers,Starship Troopers
Starship Troopers (film),Starship Troopers,starship troopers,film,1997.0,1997 film by Paul Verhoeven,76.6,76.6,1,1,Starship Troopers,Starship Troopers,Starship Troopers
Starship Troopers: Invasion,Starship Troopers: Invasion,starship troopers invasion,film,2012.0,2012 film by Shinji Aramaki,76.6,76.6,1,1,Starship Troopers,Starship Troopers,Starship Troopers
Starship Troopers: Traitor of Mars,Starship Troopers: Traitor of Mars,starship troopers traitor of mars,film,2017.0,2017 film by Shinji Aramaki,76.6,76.6,1,1,Starship Troopers,Starship Troopers,Starship Troopers
The Apocalypse Code,The Apocalypse Code,apocalypse code,film,2007.0,2007 Russian film,76.49,76.49,1,1,Kuala Lumpur,Kuala Lumpur,Kuala Lumpur
Billa (2007 film),Billa,billa,film,2007.0,2007 Indian Tamil-language action thriller film by Vishnuvardhan,76.49,76.49,1,1,Kuala Lumpur,Kuala Lumpur,Kuala Lumpur
Blood Brothers (2025 film),Blood Brothers,blood brothers,film,2025.0,2025 Malaysian film,76.49,76.49,1,1,Kuala Lumpur,Kuala Lumpur,Kuala Lumpur
Do Lafzon Ki Kahani (film),Do Lafzon Ki Kahani,do lafzon ki kahani,film,2016.0,2016 Hindi film directed by Deepak Tijori,76.49,76.49,1,1,Kuala Lumpur,Kuala Lumpur,Kuala Lumpur
Don (2006 Hindi film),Don,don,film,2006.0,2006 Indian film directed by Farhan Akhtar,76.49,76.49,1,1,Kuala Lumpur,Kuala Lumpur,Kuala Lumpur
Entrapment (film),Entrapment,entrapment,film,1999.0,1999 film by Jon Amiel,76.49,76.49,1,1,Kuala Lumpur,Kuala Lumpur,Kuala Lumpur
Sheriff: Narko Integriti,Sheriff: Narko Integriti,sheriff narko integriti,film,2024.0,2024 film by Syafiq Yusof,76.49,76.49,1,1,Kuala Lumpur,Kuala Lumpur,Kuala Lumpur
Snow in Midsummer (film),Snow in Midsummer,snow in midsummer,film,2023.0,2023 Malaysian film,76.49,76.49,1,1,Kuala Lumpur,Kuala Lumpur,Kuala Lumpur
Soorma (film),Soorma,soorma,film,2018.0,2018 Indian film,76.49,76.49,1,1,Kuala Lumpur,Kuala Lumpur,Kuala Lumpur
Speed (2007 film),Speed,speed,film,2007.0,2007 Indian film,76.49,76.49,1,1,Kuala Lumpur,Kuala Lumpur,Kuala Lumpur
Supercop,Supercop,supercop,film,1992.0,1992 Hong Kong film by Stanley Tong,76.49,76.49,1,1,Kuala Lumpur,Kuala Lumpur,Kuala Lumpur
Talentime,Talentime,talentime,film,2009.0,2009 film by Yasmin Ahmad,76.49,76.49,1,1,Kuala Lumpur,Kuala Lumpur,Kuala Lumpur
Thunderbolts*,Thunderbolts*,thunderbolts*,film,2025.0,2025 Marvel Studios film,76.49,76.49,1,1,Kuala Lumpur,Kuala Lumpur,Kuala Lumpur
Venghai,Venghai,venghai,film,2011.0,2011 film by Hari,76.49,76.49,1,1,Kuala Lumpur,Kuala Lumpur,Kuala Lumpur
The Viral Factor,The Viral Factor,viral factor,film,2012.0,2012 Hong Kong-Chinese film by Dante Lam,76.49,76.49,1,1,Kuala Lumpur,Kuala Lumpur,Kuala Lumpur
Waltair Veerayya,Waltair Veerayya,waltair veerayya,film,2023.0,2023 film directed by Bobby Kolli,76.49,76.49,1,1,Kuala Lumpur,Kuala Lumpur,Kuala Lumpur
Pavane for an Infant,Pavane for an Infant,pavane for an infant,film,2024.0,2024 Malaysian-Hong Kong film by Chong Keat Aun,76.49,76.49,1,1,Kuala Lumpur,Kuala Lumpur,Kuala Lumpur
Peace Breaker (film),Peace Breaker,peace breaker,film,2017.0,2017 Chinese film,76.49,76.49,1,1,Kuala Lumpur,Kuala Lumpur,Kuala Lumpur
Polis Evo,Polis Evo,polis evo,film,2015.0,2015 Malaysian film,76.49,76.49,1,1,Kuala Lumpur,Kuala Lumpur,Kuala Lumpur
Polis Evo 2,Polis Evo 2,polis evo 2,film,2018.0,2018 Malaysian film,76.49,76.49,1,1,Kuala Lumpur,Kuala Lumpur,Kuala Lumpur
Polis Evo 3,Polis Evo 3,polis evo 3,film,2023.0,2023 Malaysian film,76.49,76.49,1,1,Kuala Lumpur,Kuala Lumpur,Kuala Lumpur
Shadow (2013 film),Shadow,shadow,film,2013.0,2013 Indian film,76.49,76.49,1,1,Kuala Lumpur,Kuala Lumpur,Kuala Lumpur
Masam Masam Manis,Masam Masam Manis,masam masam manis,film,1965.0,1965 film by P. Ramlee,76.49,76.49,1,1,Kuala Lumpur,Kuala Lumpur,Kuala Lumpur
Miss You like Crazy (film),Miss You like Crazy,miss you like crazy,film,2010.0,2010 Filipino romantic comedy film by Cathy Garcia-Molina,76.49,76.49,1,1,Kuala Lumpur,Kuala Lumpur,Kuala Lumpur
KL Special Force,KL Special Force,kl special force,film,2018.0,2018 film by Syafiq Yusof,76.49,76.49,1,1,Kuala Lumpur,Kuala Lumpur,Kuala Lumpur
Koi Tujh Sa Kahaan,Koi Tujh Sa Kahaan,koi tujh sa kahaan,film,2005.0,2005 film,76.49,76.49,1,1,Kuala Lumpur,Kuala Lumpur,Kuala Lumpur
Jalan Kembali: Bohsia 2,Jalan Kembali: Bohsia 2,jalan kembali bohsia 2,film,2012.0,2012 film by Syamsul Yusof,76.49,76.49,1,1,Kuala Lumpur,Kuala Lumpur,Kuala Lumpur
Kadaram Kondan,Kadaram Kondan,kadaram kondan,film,,Film directed by Rajesh M. Selva,76.49,76.49,1,1,Kuala Lumpur,Kuala Lumpur,Kuala Lumpur
Evolusi KL Drift 2,Evolusi KL Drift 2,evolusi kl drift 2,film,2010.0,2010 film by Syamsul Yusof,76.49,76.49,1,1,Kuala Lumpur,Kuala Lumpur,Kuala Lumpur
Evolusi KL Drift,Evolusi KL Drift,evolusi kl drift,film,2008.0,2008 action film by Syamsul Yusof,76.49,76.49,1,1,Kuala Lumpur,Kuala Lumpur,Kuala Lumpur
The Goldfinger,The Goldfinger,goldfinger,film,2023.0,2023 Hong Kong film by Felix Chong,76.49,76.49,1,1,Kuala Lumpur,Kuala Lumpur,Kuala Lumpur
Fulltime Killer,Fulltime Killer,fulltime killer,film,2001.0,2001 Hong Kong film by Johnnie To and Wai Ka-fai,76.49,76.49,1,1,Kuala Lumpur,Kuala Lumpur,Kuala Lumpur
The Book of Pooh: Stories from the Heart,The Book of Pooh: Stories from the Heart,book of pooh stories from the heart,film,2001.0,2001 film by Mitchell Kriegman,76.42,76.42,1,1,Winnie the Pooh,Winnie the Pooh,Winnie the Pooh
Christopher Robin (film),Christopher Robin,christopher robin,film,2018.0,2018 film by Marc Forster,76.42,76.42,1,1,Winnie the Pooh,Winnie the Pooh,Winnie the Pooh
The Many Adventures of Winnie the Pooh,The Many Adventures of Winnie the Pooh,many adventures of winnie the pooh,film,1977.0,1977 American animated anthology film produced by Walt Disney Productions,76.42,76.42,1,1,Winnie the Pooh,Winnie the Pooh,Winnie the Pooh
Fatal Venture,Fatal Venture,fatal venture,novel,1939.0,1939 novel,76.39,0.0,1,0,Northern Ireland,Northern Ireland,
The Horse with My Name,The Horse with My Name,horse with my name,novel,2002.0,2002 novel by Colin Bateman,76.39,0.0,1,0,Northern Ireland,Northern Ireland,
Lies of Silence,Lies of Silence,lies of silence,novel,,Book by Brian Moore,76.39,0.0,1,0,Northern Ireland,Northern Ireland,
Of Wee Sweetie Mice and Men,Of Wee Sweetie Mice and Men,of wee sweetie mice and men,novel,1996.0,1996 novel by Colin Bateman,76.39,0.0,1,0,Northern Ireland,Northern Ireland,
One by One in the Darkness,One by One in the Darkness,one by one in the darkness,novel,1996.0,1996 novel by Deidre Madden,76.39,0.0,1,0,Northern Ireland,Northern Ireland,
One Day in My Life,One Day in My Life,one day in my life,novel,1983.0,1983 novel by Bobby Sands,76.39,0.0,1,0,Northern Ireland,Northern Ireland,
Odd Man Out (novel),Odd Man Out,odd man out,novel,1945.0,1945 novel,76.39,0.0,1,0,Northern Ireland,Northern Ireland,
Man Overboard!,Man Overboard!,man overboard,novel,1936.0,1936 novel,76.39,0.0,1,0,Northern Ireland,Northern Ireland,
The Marching Season,The Marching Season,marching season,novel,1999.0,1999 novel by Daniel Silva,76.39,0.0,1,0,Northern Ireland,Northern Ireland,
No Bones,No Bones,no bones,novel,2001.0,2001 novel by Anna Burns,76.39,0.0,1,0,Northern Ireland,Northern Ireland,
A Son Called Gabriel,A Son Called Gabriel,son called gabriel,novel,2004.0,2004 novel by Damian McNicholl,76.39,0.0,1,0,Northern Ireland,Northern Ireland,
Sir John Magill's Last Journey,Sir John Magill's Last Journey,sir john magills last journey,novel,1930.0,1930 novel,76.39,0.0,1,0,Northern Ireland,Northern Ireland,
Shooting Sean,Shooting Sean,shooting sean,novel,2001.0,2001 novel by Colin Bateman,76.39,0.0,1,0,Northern Ireland,Northern Ireland,
Rosapenna,Rosapenna,rosapenna,novel,1983.0,1983 novel by Ola Bauer,76.39,0.0,1,0,Northern Ireland,Northern Ireland,
Reading in the Dark,Reading in the Dark,reading in the dark,novel,1996.0,1996 novel by Seamus Deane,76.39,0.0,1,0,Northern Ireland,Northern Ireland,
Cycle of Violence,Cycle of Violence,cycle of violence,novel,1995.0,1995 novel by Colin Bateman,76.39,0.0,1,0,Northern Ireland,Northern Ireland,
Bog Child,Bog Child,bog child,novel,2008.0,2008 historical novel by Siobhan Dowd,76.39,0.0,1,0,Northern Ireland,Northern Ireland,
A Breed of Heroes,A Breed of Heroes,breed of heroes,novel,,Book by Alan Judd,76.39,0.0,1,0,Northern Ireland,Northern Ireland,
Cal (novel),Cal,cal,novel,1983.0,1983 novel by Bernard MacLaverty,76.39,0.0,1,0,Northern Ireland,Northern Ireland,
Turbulent Priests,Turbulent Priests,turbulent priests,novel,1999.0,1999 novel by Colin Bateman,76.39,0.0,1,0,Northern Ireland,Northern Ireland,
Trespasses (novel),Trespasses,trespasses,novel,2022.0,2022 novel by Louise Kennedy,76.39,0.0,1,0,Northern Ireland,Northern Ireland,
The Temptation of Eileen Hughes,The Temptation of Eileen Hughes,temptation of eileen hughes,novel,1981.0,1981 novel by Brian Moore,76.39,0.0,1,0,Northern Ireland,Northern Ireland,
Cape of Good Hope (film),Cape of Good Hope,cape of good hope,film,2004.0,2004 South African film,76.36,76.36,1,1,Cape Town,Cape Town,Cape Town
Agent Vinod (2012 film),Agent Vinod,agent vinod,film,2012.0,2012 film by Sriram Raghavan,76.36,76.36,1,1,Cape Town,Cape Town,Cape Town
Bhai's Cafe,Bhai's Cafe,bhais cafe,film,2019.0,2019 South African film,76.36,76.36,1,1,Cape Town,Cape Town,Cape Town
Black Butterflies,Black Butterflies,black butterflies,film,2011.0,2011 Dutch film,76.36,76.36,1,1,Cape Town,Cape Town,Cape Town
Cargo to Capetown,Cargo to Capetown,cargo to capetown,film,1950.0,1950 film by Earl McEvoy,76.36,76.36,1,1,Cape Town,Cape Town,Cape Town
Eraser: Reborn,Eraser: Reborn,eraser reborn,film,2022.0,2022 American film,76.36,76.36,1,1,Cape Town,Cape Town,Cape Town
Dark Tide,Dark Tide,dark tide,film,2012.0,2012 American film,76.36,76.36,1,1,Cape Town,Cape Town,Cape Town
Cold Harbour (film),Cold Harbour,cold harbour,film,2013.0,2013 Mauritian film,76.36,76.36,1,1,Cape Town,Cape Town,Cape Town
Shark Attack 2,Shark Attack 2,shark attack 2,film,2000.0,2000 American film,76.36,76.36,1,1,Cape Town,Cape Town,Cape Town
More than Just a Game,More than Just a Game,more than just a game,film,2007.0,2007 South African film,76.36,76.36,1,1,Cape Town,Cape Town,Cape Town
Tess (2016 film),Tess,tess,film,2016.0,2016 South African film,76.36,76.36,1,1,Cape Town,Cape Town,Cape Town
Teen Maar,Teen Maar,teen maar,film,2011.0,2011 Indian film,76.36,76.36,1,1,Cape Town,Cape Town,Cape Town
Thou Art the Man (film),Thou Art the Man,thou art the man,film,1920.0,1920 film by Thomas N. Heffron,76.36,76.36,1,1,Cape Town,Cape Town,Cape Town
Na Maloom Afraad 2,Na Maloom Afraad 2,na maloom afraad 2,film,2017.0,2017 Pakistani film,76.36,76.36,1,1,Cape Town,Cape Town,Cape Town
Safe House (2012 film),Safe House,safe house,film,2012.0,2012 American film by Daniel Espinosa,76.36,76.36,1,1,Cape Town,Cape Town,Cape Town
Sea Point Days,Sea Point Days,sea point days,film,2008.0,2008 South African film,76.36,76.36,1,1,Cape Town,Cape Town,Cape Town
The Heart Is a Muscle (film),The Heart Is a Muscle,heart is a muscle,film,2025.0,2025 South African crime thriller film,76.36,76.36,1,1,Cape Town,Cape Town,Cape Town
Four Corners (film),Four Corners,four corners,film,2013.0,2013 film,76.36,76.36,1,1,Cape Town,Cape Town,Cape Town
Free Willy: Escape from Pirate's Cove,Free Willy: Escape from Pirate's Cove,free willy escape from pirates cove,film,2010.0,2010 American film,76.36,76.36,1,1,Cape Town,Cape Town,Cape Town
G20 (film),G20,g20,film,2025.0,2025 film by Patricia Riggen,76.36,76.36,1,1,Cape Town,Cape Town,Cape Town
Honey 3: Dare to Dance,Honey 3: Dare to Dance,honey 3 dare to dance,film,2016.0,2016 American film,76.36,76.36,1,1,Cape Town,Cape Town,Cape Town
Kya Love Story Hai,Kya Love Story Hai,kya love story hai,film,2007.0,2007 film,76.36,76.36,1,1,Cape Town,Cape Town,Cape Town
Luck (2009 film),Luck,luck,film,2009.0,2009 Indian Hindi film directed by Soham Shah,76.36,76.36,1,1,Cape Town,Cape Town,Cape Town
The Yacoubian Building,The Yacoubian Building,yacoubian building,novel,2002.0,2002 novel by Alaa Al Aswani,76.17,76.17,1,1,"Cairo, Egypt","Cairo, Egypt","Cairo, Egypt"
An Apartment Called Freedom,An Apartment Called Freedom,apartment called freedom,novel,1999.0,1999 novel by Dr. Ghazi Abdul Rahman Al Gosaibi,76.17,76.17,1,1,"Cairo, Egypt","Cairo, Egypt","Cairo, Egypt"
Anatomy of a Disappearance,Anatomy of a Disappearance,anatomy of a disappearance,novel,2011.0,2011 novel by Hisham Matar,76.17,76.17,1,1,"Cairo, Egypt","Cairo, Egypt","Cairo, Egypt"
What I Know About You,What I Know About You,what i know about you,novel,2023.0,2023 novel by Éric Chacour,76.17,76.17,1,1,"Cairo, Egypt","Cairo, Egypt","Cairo, Egypt"
The Arabian Nightmare,The Arabian Nightmare,arabian nightmare,novel,1983.0,1983 novel by Robert Irwin,76.17,76.17,1,1,"Cairo, Egypt","Cairo, Egypt","Cairo, Egypt"
Sahara (1919 film),Sahara,sahara,film,1919.0,1919 American dramatic film directed by Arthur Rosson,76.17,76.17,1,1,"Cairo, Egypt","Cairo, Egypt","Cairo, Egypt"
Wonder Woman 1984,Wonder Woman 1984,wonder woman 1984,film,2020.0,2020 American superhero film by Patty Jenkins,76.17,76.17,1,1,"Cairo, Egypt","Cairo, Egypt","Cairo, Egypt"
X-Men: Apocalypse,X-Men: Apocalypse,x-men apocalypse,film,2016.0,2016 film by Bryan Singer,76.17,76.17,1,1,"Cairo, Egypt","Cairo, Egypt","Cairo, Egypt"
The Yacoubian Building (film),The Yacoubian Building,yacoubian building,film,2006.0,2006 Egyptian film,76.17,76.17,1,1,"Cairo, Egypt","Cairo, Egypt","Cairo, Egypt"
Rommel's Treasure,Rommel's Treasure,rommels treasure,film,1955.0,1955 film,76.17,76.17,1,1,"Cairo, Egypt","Cairo, Egypt","Cairo, Egypt"
Transformers: Revenge of the Fallen,Transformers: Revenge of the Fallen,transformers revenge of the fallen,film,2009.0,2009 film by Michael Bay,76.17,76.17,1,1,"Cairo, Egypt","Cairo, Egypt","Cairo, Egypt"
Super Seven Calling Cairo,Super Seven Calling Cairo,super seven calling cairo,film,1965.0,1965 Italian film,76.17,76.17,1,1,"Cairo, Egypt","Cairo, Egypt","Cairo, Egypt"
South of Suez,South of Suez,south of suez,film,1940.0,1940 film,76.17,76.17,1,1,"Cairo, Egypt","Cairo, Egypt","Cairo, Egypt"
City of the Sun (Maio novel),City of the Sun (Maio novel),city of the sun maio novel,novel,2014.0,2014 novel by Juliana Maio,76.17,76.17,1,1,"Cairo, Egypt","Cairo, Egypt","Cairo, Egypt"
Sugar Street (novel),Sugar Street,sugar street,novel,,Novel by Naguib Mahfouz,76.17,76.17,1,1,"Cairo, Egypt","Cairo, Egypt","Cairo, Egypt"
Seeing a Large Cat,Seeing a Large Cat,seeing a large cat,novel,1997.0,1997 novel by Elizabeth Peters (Barbara Mertz),76.17,76.17,1,1,"Cairo, Egypt","Cairo, Egypt","Cairo, Egypt"
The Red Pyramid,The Red Pyramid,red pyramid,novel,2010.0,2010 novel by Rick Riordan,76.17,76.17,1,1,"Cairo, Egypt","Cairo, Egypt","Cairo, Egypt"
Palace Walk,Palace Walk,palace walk,novel,,Novel by Naguib Mahfouz,76.17,76.17,1,1,"Cairo, Egypt","Cairo, Egypt","Cairo, Egypt"
Children of Gebelawi,Children of Gebelawi,children of gebelawi,novel,1959.0,1959 novel by Naguib Mahfouz,76.17,76.17,1,1,"Cairo, Egypt","Cairo, Egypt","Cairo, Egypt"
The Beginning and the End (novel),The Beginning and the End,beginning and the end,novel,1949.0,1949 novel by Naguib Mahfouz,76.17,76.17,1,1,"Cairo, Egypt","Cairo, Egypt","Cairo, Egypt"
The Beggar (novella),The Beggar (novella),beggar novella,novel,1965.0,1965 novella by Nagieb Mahfoez,76.17,76.17,1,1,"Cairo, Egypt","Cairo, Egypt","Cairo, Egypt"
A Well-Trained Stray,A Well-Trained Stray,well-trained stray,novel,2014.0,2014 novel by Muhammad Aladdin,76.17,76.17,1,1,"Cairo, Egypt","Cairo, Egypt","Cairo, Egypt"
Palace of Desire (novel),Palace of Desire,palace of desire,novel,1957.0,1957 novel by Naguib Mahfouz,76.17,76.17,1,1,"Cairo, Egypt","Cairo, Egypt","Cairo, Egypt"
Nile Green (novel),Nile Green,nile green,novel,1943.0,1943 novel,76.17,76.17,1,1,"Cairo, Egypt","Cairo, Egypt","Cairo, Egypt"
The Night Manager,The Night Manager,night manager,novel,1993.0,1993 spy novel by John le Carré,76.17,76.17,1,1,"Cairo, Egypt","Cairo, Egypt","Cairo, Egypt"
Midaq Alley (novel),Midaq Alley,midaq alley,novel,1947.0,1947 novel by Naguib Mahfouz,76.17,76.17,1,1,"Cairo, Egypt","Cairo, Egypt","Cairo, Egypt"
An Imaginative Man,An Imaginative Man,imaginative man,novel,1895.0,1895 novel,76.17,76.17,1,1,"Cairo, Egypt","Cairo, Egypt","Cairo, Egypt"
The Gospel According to Adam,The Gospel According to Adam,gospel according to adam,novel,2006.0,2006 novel by Muhammad Aladdin,76.17,76.17,1,1,"Cairo, Egypt","Cairo, Egypt","Cairo, Egypt"
The Good Braider,The Good Braider,good braider,novel,2012.0,2012 novel by Terry Farish,76.17,76.17,1,1,"Cairo, Egypt","Cairo, Egypt","Cairo, Egypt"
America by Heart,America by Heart,america by heart,novel,2010.0,2010 book by Sarah Palin,76.03,76.03,1,1,Sarah Palin,Sarah Palin,Sarah Palin
Gents Without Cents,Gents Without Cents,gents without cents,film,1944.0,1944 film by Jules White,75.88,75.88,1,1,Niagara Falls,Niagara Falls,Niagara Falls
The First Time (1969 film),The First Time,first time,film,1969.0,1969 film by James Neilson,75.88,75.88,1,1,Niagara Falls,Niagara Falls,Niagara Falls
Disappearance at Clifton Hill,Disappearance at Clifton Hill,disappearance at clifton hill,film,2019.0,2019 Canadian thriller film,75.88,75.88,1,1,Niagara Falls,Niagara Falls,Niagara Falls
The Adventurous Sex,The Adventurous Sex,adventurous sex,film,1925.0,1925 film,75.88,75.88,1,1,Niagara Falls,Niagara Falls,Niagara Falls
Niagara (1953 film),Niagara,niagara,film,1953.0,1953 film by Henry Hathaway,75.88,75.88,1,1,Niagara Falls,Niagara Falls,Niagara Falls
Niagara (2022 film),Niagara,niagara,film,2022.0,2022 Canadian comedy-drama film,75.88,75.88,1,1,Niagara Falls,Niagara Falls,Niagara Falls
I Now Pronounce You Chuck & Larry,I Now Pronounce You Chuck & Larry,i now pronounce you chuck & larry,film,2007.0,2007 film by Dennis Dugan,75.88,75.88,1,1,Niagara Falls,Niagara Falls,Niagara Falls
Akkarakazhchakal: The Movie,Akkarakazhchakal: The Movie,akkarakazhchakal the movie,film,2011.0,2011 American film,75.88,75.88,1,1,Niagara Falls,Niagara Falls,Niagara Falls
Welcome to Dongmakgol,Welcome to Dongmakgol,welcome to dongmakgol,film,2005.0,2005 film by Park Gwang-hyun,75.66,75.66,1,1,North Korea,North Korea,North Korea
The Orphan Master's Son,The Orphan Master's Son,orphan masters son,novel,2012.0,2012 novel by Adam Johnson,75.66,75.66,1,1,North Korea,North Korea,North Korea
Under the Sun (2015 film),Under the Sun,under the sun,film,2015.0,2015 film,75.66,75.66,1,1,North Korea,North Korea,North Korea
True North (2020 film),True North,true north,film,2020.0,2020 animated film by Eiji Han Shimizu,75.66,75.66,1,1,North Korea,North Korea,North Korea
The Accidental Further Adventures of the Hundred-Year-Old Man,The Accidental Further Adventures of the Hundred-Year-Old Man,accidental further adventures of the hundred-year-old man,novel,2018.0,2018 comic novel written by Jonas Jonasson,75.66,75.66,1,1,North Korea,North Korea,North Korea
The Bridges at Toko-ri (novel),The Bridges at Toko-ri,bridges at toko-ri,novel,1953.0,1953 novella by James A. Michener,75.66,75.66,1,1,North Korea,North Korea,North Korea
The Descendants of Cain,The Descendants of Cain,descendants of cain,novel,1997.0,1997 novel by Hwang Sun-won,75.66,75.66,1,1,North Korea,North Korea,North Korea
Team America: World Police,Team America: World Police,team america world police,film,2004.0,2004 comedy film,75.66,75.66,1,1,North Korea,North Korea,North Korea
Full Force and Effect,Full Force and Effect,full force and effect,novel,2014.0,2014 novel by Mark Greaney,75.66,75.66,1,1,North Korea,North Korea,North Korea
Unsung Heroes,Unsung Heroes,unsung heroes,film,,North Korean film series,75.66,75.66,1,1,North Korea,North Korea,North Korea
"And in the Third Year, He Rose Again","And in the Third Year, He Rose Again",and in the third year he rose again,film,1980.0,1980 Spanish film,75.05,75.05,1,1,Francisco Franco,Francisco Franco,Francisco Franco
"Franco, ese hombre","Franco, ese hombre",franco ese hombre,film,1964.0,1964 film by José Luis Sáenz de Heredia,75.05,75.05,1,1,Francisco Franco,Francisco Franco,Francisco Franco
Madregilda,Madregilda,madregilda,film,,Spanish film,75.05,75.05,1,1,Francisco Franco,Francisco Franco,Francisco Franco
The Queen of Spain,The Queen of Spain,queen of spain,film,2016.0,2016 Spanish film,75.05,75.05,1,1,Francisco Franco,Francisco Franco,Francisco Franco
Wait for Me in Heaven,Wait for Me in Heaven,wait for me in heaven,film,1988.0,1988 Spanish film,75.05,75.05,1,1,Francisco Franco,Francisco Franco,Francisco Franco
While at War,While at War,while at war,film,,Spanish-Argentine war drama film,75.05,75.05,1,1,Francisco Franco,Francisco Franco,Francisco Franco
