term,section,page
Abraham and Isaac,The Bible,23
Adam and Eve,The Bible,23
alpha and omega,The Bible,23
angels,The Bible,23
Annunciation,The Bible,24
Antichrist,The Bible,24
Apocalypse,The Bible,24
Apocrypha,The Bible,24
"Apostles, the Twelve",The Bible,24
Ararat,The Bible,24
Armageddon,The Bible,24
"Ask, and it shall be given you",The Bible,24
"Babel, Tower of",The Bible,25
Babylon,The Bible,25
Bathsheba,The Bible,25
Beatitudes,The Bible,25
Beelzebub,The Bible,25
"beginning, In the",The Bible,25
Bethlehem,The Bible,25
Bible,The Bible,25
"brother’s keeper, Am I my",The Bible,25
burning bush,The Bible,25
Cain and Abel,The Bible,25
Calvary,The Bible,26
Cast thy bread upon the waters,The Bible,26
chapter and verse,The Bible,26
cherubim,The Bible,26
Chosen People,The Bible,26
Christ,The Bible,26
Christian,The Bible,26
coat of many colors,The Bible,26
covenant,The Bible,26
Creation,The Bible,27
crown of thorns,The Bible,27
Crucixion,The Bible,27
Damascus,The Bible,27
Daniel in the lions’ den,The Bible,27
David,The Bible,28
"dead bury their dead, Let the",The Bible,28
Dead Sea Scrolls,The Bible,28
disciples,The Bible,28
Do unto others as you would have them do unto,The Bible,28
"Dust thou art, and unto dust shalt thou return",The Bible,28
Ecclesiastes,The Bible,29
"Eden, Garden of",The Bible,29
Egypt,The Bible,29
Elijah,The Bible,29
Esther,The Bible,29
Eve,The Bible,29
Exodus,The Bible,29
an eye for an eye,The Bible,29
eye of a needle,The Bible,29
"faith, hope, and charity",The Bible,29
Fall of Man,The Bible,29
"Father, forgive them, for they know not",The Bible,30
"fatted calf, kill the",The Bible,30
forbidden fruit,The Bible,30
Four Horsemen,The Bible,30
"fruits ye shall know them, By their",The Bible,30
Gabriel,The Bible,30
Genesis,The Bible,30
Gentile,The Bible,30
what they,The Bible,30
"Get thee behind me, Satan",The Bible,30
"give than to receive, It is more blessed to",The Bible,30
go the extra mile,The Bible,30
"gold, frankincense, and myrrh",The Bible,30
golden calf,The Bible,30
Golgotha,The Bible,31
Good Samaritan,The Bible,31
Good Shepherd,The Bible,31
gospel,The Bible,31
Gospels,The Bible,31
Ham,The Bible,31
the handwriting on the wall,The Bible,31
He that is not with me is against me,The Bible,31
heaven (or heavens),The Bible,31
Hebrew,The Bible,31
Hebrews,The Bible,32
hell,The Bible,32
Herod the Great,The Bible,32
Holy Spirit,The Bible,32
Holy Writ,The Bible,32
"Innocents, Massacre  Slaughter of the",The Bible,32
Isaac,The Bible,32
Isaiah,The Bible,32
Israel,The Bible,32
Israelites,The Bible,32
Jacob and Esau,The Bible,32
Jacob’s ladder,The Bible,32
Jehovah,The Bible,32
Jeremiah,The Bible,32
Jerusalem,The Bible,32
Jesus,The Bible,33
Jews,The Bible,33
Jezebel,The Bible,33
Job,The Bible,33
Job’s comforters,The Bible,33
John the Baptist,The Bible,33
"John, the Gospel According to",The Bible,34
Jonah and the whale,The Bible,34
Jordan River,The Bible,34
Joseph and his brothers,The Bible,34
"Joseph, the husband of Mary",The Bible,34
Joshua,The Bible,34
Judas Iscariot,The Bible,34
"Judge not, that ye be not judged",The Bible,35
Judgment Day,The Bible,35
King James Bible,The Bible,35
Lamb of God,The Bible,35
landowing with milk and honey,The Bible,35
The last shall be rst,The Bible,35
The Last Supper,The Bible,35
Lazarus,The Bible,35
Let him who is without sin cast the rs,The Bible,36
Let there be light,The Bible,36
"The letter killeth, but the spirit giveth life",The Bible,36
Leviathan,The Bible,36
"lilies of the eld, Consider the",The Bible,36
loaves and shes,The Bible,36
Lord’s Prayer,The Bible,36
Lost Tribes of Israel,The Bible,37
Lot’s wife,The Bible,37
Love thy neighbor as thyself,The Bible,37
Love your enemies,The Bible,37
Lucifer,The Bible,37
"Luke, the Gospel According to",The Bible,37
Maccabees,The Bible,37
Magi,The Bible,37
mammon,The Bible,37
Man shall not live by bread alone,The Bible,37
manna from heaven,The Bible,37
Many are called but few are chosen,The Bible,37
"Mark, the Gospel According to",The Bible,37
Mary Magdalene,The Bible,37
"Mary, the mother of Jesus",The Bible,38
"Matthew, the Gospel According to",The Bible,38
The meek shall inherit the Earth,The Bible,38
Messiah,The Bible,38
Methuselah,The Bible,38
Michael,The Bible,38
millennium,The Bible,38
Moloch,The Bible,38
Mosaic law,The Bible,39
Moses,The Bible,39
"My God, my God, why hast thou forsaken me?",The Bible,39
Nativity,The Bible,39
Nazareth,The Bible,39
New Testament,The Bible,39
No man can serve two masters,The Bible,39
Noah and the Flood,The Bible,40
nothing new under the sun,The Bible,40
Old Testament,The Bible,40
olive branch,The Bible,40
original sin,The Bible,40
parables,The Bible,40
Passover,The Bible,40
patriarchs,Mythology and Folklore,41
Paul,Mythology and Folklore,41
pearl of great price,Mythology and Folklore,41
"pearls before swine, Cast not",Mythology and Folklore,41
Pentecost,Mythology and Folklore,41
Peter,Mythology and Folklore,41
pharaoh,Mythology and Folklore,42
Pharisees,Mythology and Folklore,42
Philistines,Mythology and Folklore,42
"Physician, heal thyself",Mythology and Folklore,42
"Pilate, Pontius",Mythology and Folklore,42
plagues of Egypt,Mythology and Folklore,42
Prodigal Son,Mythology and Folklore,42
Promised Land,Mythology and Folklore,43
prophet,Mythology and Folklore,43
A prophet is not without honor save in his own,Mythology and Folklore,43
country,Mythology and Folklore,43
"Psalms, Book of",Mythology and Folklore,43
Rachel,Mythology and Folklore,43
"Red Sea, parting of the",Mythology and Folklore,43
"Render unto Caesar the things which are Caesar’s,",Mythology and Folklore,43
and unto God the things that are God’s,Mythology and Folklore,43
Resurrection,Mythology and Folklore,44
"Revelation, Book of",Mythology and Folklore,44
Ruth,Mythology and Folklore,44
Sabbath,Mythology and Folklore,44
Salome,Mythology and Folklore,44
"salt of the Earth, Ye are the",Mythology and Folklore,44
salvation,Mythology and Folklore,44
Samson,Mythology and Folklore,44
Satan,Mythology and Folklore,44
Saul,Mythology and Folklore,45
Second Coming,Mythology and Folklore,45
Sermon on the Mount,Mythology and Folklore,45
serpent,Mythology and Folklore,45
"Sheba, Queen of",Mythology and Folklore,45
shibboleth,Mythology and Folklore,45
"Sinai, Mount",Mythology and Folklore,45
Sodom and Gomorrah,Mythology and Folklore,45
Solomon,Mythology and Folklore,45
Song of Solomon,Mythology and Folklore,45
Song of Songs,Mythology and Folklore,45
Temple,Mythology and Folklore,45
Ten Commandments,Mythology and Folklore,46
"thief in the night, like a",Mythology and Folklore,46
thirty pieces of silver,Mythology and Folklore,46
"Thomas, the doubting apostle",Mythology and Folklore,46
through a glass darkly,Mythology and Folklore,46
A time to be born and a time to die,Mythology and Folklore,46
tithe,Mythology and Folklore,46
tree of knowledge of good and evil,Mythology and Folklore,46
Turn the other cheek,Mythology and Folklore,46
Twenty-third Psalm,Mythology and Folklore,46
valley of the shadow of death,Mythology and Folklore,47
Vanity of vanities; all is vanity,Mythology and Folklore,47
The voice of one crying in the wilderness,Mythology and Folklore,47
Vulgate Bible,Mythology and Folklore,47
walking on water,Mythology and Folklore,47
"Whither thou goest, I will go",Mythology and Folklore,47
Wise Men,Mythology and Folklore,47
The wolf shall also dwell with the lamb,Mythology and Folklore,47
wolves in sheep’s clothing,Mythology and Folklore,47
"Zion, Mount",Mythology and Folklore,47
Achilles,Mythology and Folklore,49
Adonis,Mythology and Folklore,49
Aeneas,Mythology and Folklore,49
Agamemnon,Mythology and Folklore,49
Amazons,Mythology and Folklore,49
ambrosia,Mythology and Folklore,49
Antigone,Mythology and Folklore,49
Aphrodite,Mythology and Folklore,50
Apollo,Mythology and Folklore,50
apple of discord,Mythology and Folklore,50
Ares,Mythology and Folklore,50
Argonauts,Mythology and Folklore,50
Argus,Mythology and Folklore,50
Artemis,Mythology and Folklore,50
"Arthur, King",Mythology and Folklore,51
astrology,Mythology and Folklore,51
Athena,Mythology and Folklore,51
Atlantis,Mythology and Folklore,51
Atlas,Mythology and Folklore,51
Augean stables,Mythology and Folklore,51
Bacchus,Mythology and Folklore,51
Batman,Mythology and Folklore,51
“Beauty and the Beast”,Mythology and Folklore,52
Blarney Stone,Mythology and Folklore,52
Bluebeard,Mythology and Folklore,52
“The Boy Who Cried ‘Wolf’”,Mythology and Folklore,52
Brünnhilde,Mythology and Folklore,52
"Bunyan, Paul",Mythology and Folklore,52
Camelot,Mythology and Folklore,52
"carpet, magic",Mythology and Folklore,52
Cassandra,Mythology and Folklore,52
centaurs,Mythology and Folklore,52
Cerberus,Mythology and Folklore,52
Ceres,Mythology and Folklore,52
Charon,Mythology and Folklore,52
chimera,Mythology and Folklore,52
“Cinderella”,Mythology and Folklore,52
Circe,Mythology and Folklore,53
classical mythology,Mythology and Folklore,53
Cupid,Mythology and Folklore,53
Cyclops,Mythology and Folklore,53
Daedalus,Mythology and Folklore,53
"Damocles, sword of",Mythology and Folklore,53
Damon and Pythias,Mythology and Folklore,53
Delphic oracle,Mythology and Folklore,53
Demeter,Mythology and Folklore,54
Diana,Mythology and Folklore,54
Dido,Mythology and Folklore,54
Dionysus,Mythology and Folklore,54
Electra,Mythology and Folklore,54
elves,Mythology and Folklore,54
Elysian Fields,Mythology and Folklore,54
“The Emperor’s New Clothes”,Mythology and Folklore,54
Eros,Mythology and Folklore,54
Excalibur,Mythology and Folklore,54
fauns,Mythology and Folklore,54
Fountain of Youth,Mythology and Folklore,54
“The Fox and the Grapes”,Mythology and Folklore,54
Furies,Mythology and Folklore,54
Gaea,Mythology and Folklore,55
"Galahad, Sir",Mythology and Folklore,55
"Gawain, Sir",Mythology and Folklore,55
"George and the Dragon, Saint",Mythology and Folklore,55
"Godiva, Lady",Mythology and Folklore,55
Golden Fleece,Mythology and Folklore,55
“The Goose That Laid the Golden Eggs”,Mythology and Folklore,55
Gordian knot,Mythology and Folklore,55
Graces,Mythology and Folklore,55
"Grail, Holy",Mythology and Folklore,55
Grim Reaper,Mythology and Folklore,56
Groundhog Day,Mythology and Folklore,56
Guinevere,Mythology and Folklore,56
Hades,Mythology and Folklore,56
“Hansel and Gretel”,Mythology and Folklore,56
Harpies,Mythology and Folklore,56
Hector,Mythology and Folklore,56
Helen of Troy,Mythology and Folklore,56
"Henry, John",Mythology and Folklore,56
Hephaestus,Mythology and Folklore,56
Hera,Mythology and Folklore,56
Hercules,Mythology and Folklore,56
Hermes,Mythology and Folklore,56
Hiawatha,Mythology and Folklore,56
hobbits,Mythology and Folklore,56
Hymen,Mythology and Folklore,57
Icarus,Mythology and Folklore,57
Iphigenia,Mythology and Folklore,57
Iseult,Mythology and Folklore,57
Janus,Mythology and Folklore,57
Jason,Mythology and Folklore,57
Judgment of Paris,Mythology and Folklore,57
Juno,Mythology and Folklore,57
Jupiter,Mythology and Folklore,57
Labyrinth,Mythology and Folklore,57
"Lancelot, Sir",Mythology and Folklore,57
Laocoon,Mythology and Folklore,57
Leda and the swan,Mythology and Folklore,58
leprechauns,Mythology and Folklore,58
Lethe,Mythology and Folklore,58
Little John,Mythology and Folklore,58
“Little Red Riding Hood”,Mythology and Folklore,58
Loch Ness Monster,Mythology and Folklore,58
Mars,Mythology and Folklore,58
Medea,Mythology and Folklore,58
Medusa,Mythology and Folklore,58
Mercury,Mythology and Folklore,59
Merlin,Mythology and Folklore,59
mermaid,Mythology and Folklore,59
Mickey Mouse,Mythology and Folklore,59
Midas,Mythology and Folklore,59
Minerva,Mythology and Folklore,59
Minotaur,Mythology and Folklore,59
Morpheus,Mythology and Folklore,59
Muses,Mythology and Folklore,60
Narcissus,Mythology and Folklore,60
Nemesis,Mythology and Folklore,60
Neptune,Mythology and Folklore,60
Norse mythology,Mythology and Folklore,60
"Nottingham, sheri of",Mythology and Folklore,60
nymphs,Mythology and Folklore,60
Odin,Mythology and Folklore,60
Odysseus,Mythology and Folklore,60
Oedipus,Mythology and Folklore,60
"Olympus, Mount",Mythology and Folklore,61
Orestes,Mythology and Folklore,61
Orpheus and Eurydice,Mythology and Folklore,61
Pan,Mythology and Folklore,61
Pandora’s box,Mythology and Folklore,61
Paris,Mythology and Folklore,61
Parnassus,Mythology and Folklore,61
Pegasus,Mythology and Folklore,61
Penelope,Mythology and Folklore,61
Perseus,Mythology and Folklore,62
phoenix,Mythology and Folklore,62
Pluto,Mythology and Folklore,62
Popeye,Mythology and Folklore,62
Poseidon,Mythology and Folklore,62
Priam,Mythology and Folklore,62
“The Princess and the Pea”,Mythology and Folklore,62
Procrustes,Mythology and Folklore,62
Prometheus,Mythology and Folklore,62
Proteus,Mythology and Folklore,62
Psyche,Mythology and Folklore,63
“Puss-in-Boots”,Mythology and Folklore,63
Pygmalion,Mythology and Folklore,63
Quetzalcoatl,Mythology and Folklore,63
Robin Hood,Mythology and Folklore,63
Romulus and Remus,Mythology and Folklore,63
"Round Table, knights of the",Mythology and Folklore,63
“Rumpelstiltskin”,Mythology and Folklore,63
Saturn,Mythology and Folklore,63
satyr,Mythology and Folklore,64
Scylla and Charybdis,Mythology and Folklore,64
Sherwood Forest,Mythology and Folklore,64
Sirens,Mythology and Folklore,64
Sisyphus,Mythology and Folklore,64
“Sleeping Beauty”,Mythology and Folklore,64
“Snow White and the Seven Dwarfs”,Mythology and Folklore,64
Sphinx,Mythology and Folklore,64
Styx,Mythology and Folklore,64
Superman,Mythology and Folklore,64
Tantalus,Mythology and Folklore,64
Tarzan,Mythology and Folklore,65
"Tell, William",Mythology and Folklore,65
Theseus,Mythology and Folklore,65
Thor,Mythology and Folklore,65
Tiresias,Mythology and Folklore,65
Titans,Mythology and Folklore,65
“The Tortoise and the Hare”,Mythology and Folklore,65
Tristan and Iseult,Mythology and Folklore,65
Trojan Horse,Mythology and Folklore,65
Trojan War,Mythology and Folklore,66
trolls,Mythology and Folklore,66
Troy,Mythology and Folklore,66
“The Ugly Duckling”,Mythology and Folklore,66
Ulysses,Mythology and Folklore,66
unicorn,Mythology and Folklore,66
Valhalla,Mythology and Folklore,66
vampires,Mythology and Folklore,66
Venus,Mythology and Folklore,66
Vesta,Mythology and Folklore,66
Vulcan,Mythology and Folklore,66
Washington and the cherry tree,Mythology and Folklore,66
werewolves,Mythology and Folklore,66
Zephyr,Mythology and Folklore,67
Zeus,Mythology and Folklore,67
zodiac,Mythology and Folklore,67
Absence makes the heart grow fonder,Proverbs,69
Actions speak louder than words,Proverbs,69
All for one and one for all,Proverbs,69
All roads lead to Rome,Proverbs,69
All that glitters is not gold,Proverbs,69
All work and no play makes Jack a dull b,Proverbs,69
All’s fair in love and war,Proverbs,69
All’s well that ends well,Proverbs,69
Any port in a storm,Proverbs,69
An apple a day keeps the doctor away,Proverbs,69
April showers bring May owers,Proverbs,69
An army marches on its stomach,Proverbs,69
Bad news travels fast,Proverbs,69
A bad penny always turns up,Proverbs,69
The bad workman always blames his tools,Proverbs,69
[His] bark is worse than his bite,Proverbs,69
Beauty is only skin deep,Proverbs,69
Beggars can’t be choosers,Proverbs,69
The best of friends must part,Proverbs,69
The best things in life are free,Proverbs,69
The best-laid plans of mice and men often go awry,Proverbs,69
Better late than never,Proverbs,69
Better safe than sorry,Proverbs,69
Beware of Greeks bearing gifts,Proverbs,70
"The bigger they come, the harder they fall",Proverbs,70
A bird in the hand is worth two in the bu,Proverbs,70
Birds of a feather ock together,Proverbs,70
Blood is thicker than water,Proverbs,70
Boys will be boys,Proverbs,70
Brevity is the soul of wit,Proverbs,70
The buck stops here,Proverbs,70
Business before pleasure,Proverbs,70
Carpe diem,Proverbs,70
The chickens have come home to roost,Proverbs,70
Cleanliness is next to godliness,Proverbs,70
"Close, but no cigar",Proverbs,70
"Cold hands, warm heart",Proverbs,70
The course of true love never did run smooth,Proverbs,70
Curiosity killed the cat,Proverbs,70
De gustibus non est disputandum,Proverbs,70
The devil can cite Scripture for his purpose,Proverbs,70
The devil is in the details,Proverbs,70
Discretion is the better part of valor,Proverbs,70
Do not cast your pearls before swine,Proverbs,70
Do unto others as you would have them do unto,Proverbs,70
A dog is a man’s best friend,Proverbs,71
Don’t count your chickens before they ha,Proverbs,71
Don’t cry over spilt milk,Proverbs,71
Don’t cut o your nose to spite your face,Proverbs,71
Don’t re until you see the whites of th,Proverbs,71
Don’t give up the ship,Proverbs,71
Don’t hide your light under a bushel,Proverbs,71
Don’t judge a book by its cover,Proverbs,71
Don’t lock the stable door after the hor,Proverbs,71
stolen,Proverbs,71
Don’t look a gift horse in the mouth,Proverbs,71
Don’t put all your eggs in one basket,Proverbs,71
Don’t put the cart before the horse,Proverbs,71
Don’t throw out the baby with the bath water,Proverbs,71
The early bird catches the wormtch,Proverbs,71
"Early to bed and early to rise makes a man healthy,",Proverbs,71
"wealthy, and wise",Proverbs,71
"East is East, and West is West, and never the twain",Proverbs,71
shall meet,Proverbs,71
eir eyes,Proverbs,71
"Easy come, easy go",Proverbs,71
"Eat, drink, and be merry, for tomorrow we die",Proverbs,71
Every cloud has a silver lining,Proverbs,71
Every dog has his day,Proverbs,71
Everybody will be world famous for fteen min-,Proverbs,71
utes,Proverbs,71
se has been,Proverbs,71
Experience is the best teacher,Proverbs,71
Familiarity breeds contempt,Proverbs,71
Feed a cold; starve a fever,Proverbs,71
"Finders keepers, losers weepers",Proverbs,71
Fish or cut bait,Proverbs,71
Fish out of water,Proverbs,72
A fool and his money are soon parted,Proverbs,72
A foolish consistency is the hobgobli,Proverbs,72
minds,Proverbs,72
Fools rush in where angels fear to tread,Proverbs,72
For want of a nail the kingdom was lost,Proverbs,72
Forewarned is forearmed,Proverbs,72
"Frailty, thy name is woman!",Proverbs,72
A friend in need is a friend indeed,Proverbs,72
From the sublime to the ridiculous is bu,Proverbs,72
The game is not worth the candle,Proverbs,72
Genius is one percent inspiration and ninety-nine,Proverbs,72
percent perspiration,Proverbs,72
Give him enough rope and he’ll hang himself,Proverbs,72
n of little,Proverbs,72
Give the devil his due,Proverbs,72
God helps those who help themselves,Proverbs,72
Good fences make good neighbors,Proverbs,72
A good man is hard to nd,Proverbs,72
The grass is always greener on the other side of the,Proverbs,72
fence,Proverbs,72
Great oaks from little acorns grow,Proverbs,72
Half a loaf is better than none,Proverbs,72
Haste makes waste,Proverbs,72
He who hesitates is lost,Proverbs,72
t a step,Proverbs,72
"He who laughs last, laughs best",Proverbs,72
Hell hath no fury like a woman scorned,Proverbs,72
"Here today, gone tomorrow",Proverbs,73
Hitch your wagon to a star,Proverbs,73
Honesty is the best policy,Proverbs,73
Hope springs eternal,Proverbs,73
"If at rst you don’t succeed, try, try again",Proverbs,73
If the mountain will not come to Muham,Proverbs,73
Muhammad will go to the mountain,Proverbs,73
"If the shoe ts, wear it",Proverbs,73
"If wishes were horses, then beggars wou",Proverbs,73
"If you can’t stand the heat, get out of the",Proverbs,73
Ignorance is bliss,Proverbs,73
Imitation is the sincerest form of attery,Proverbs,73
In the spring a young man’s fancy lightly turns to,Proverbs,73
thoughts of love,Proverbs,73
In this world nothing is certain but death and,Proverbs,73
taxes,Proverbs,73
It ain’t a t night out for man or beast,Proverbs,73
It takes a heap o’ livin’ in a house t’ make it home,Proverbs,73
"mad, then",Proverbs,73
It takes a thief to catch a thief,Proverbs,73
It takes two to tango,Proverbs,73
It’s never over till it’s over,Proverbs,73
ld ride,Proverbs,73
kitchen,Proverbs,73
It’s never too late to mend,Proverbs,73
"It’s not whether you win or lose, it’s how you play",Proverbs,73
the game,Proverbs,73
Knowledge is power,Proverbs,73
"Laugh, and the world laughs with you;",Proverbs,74
you weep alone,Proverbs,74
Leave well enough alone,Proverbs,74
The leopard cannot change its spots,Proverbs,74
Let bygones be bygones,Proverbs,74
Let sleeping dogs lie,Proverbs,74
Let them eat cake,Proverbs,74
Let’s cross that bridge when we come to it,Proverbs,74
Life is short; art is long,Proverbs,74
Lightning never strikes twice in the sam,Proverbs,74
A little learning is a dangerous thing,Proverbs,74
"weep, andLittle pitchers have big ears",Proverbs,74
Little strokes fell great oaks,Proverbs,74
Live and learn,Proverbs,74
Live and let live,Proverbs,74
Look before you leap,Proverbs,74
Love conquers all,Proverbs,74
Love makes the world go ‘round,Proverbs,74
The love of money is the root of all evil,Proverbs,74
Make haste slowly,Proverbs,74
Make hay while the sun shines,Proverbs,74
Man does not live by bread alone,Proverbs,74
e place,Proverbs,74
A man is known by the company he keeps,Proverbs,74
"Man proposes, God disposes",Proverbs,74
A man’s home is his castle,Proverbs,74
Many hands make light work,Proverbs,75
"Marry in haste, repent at leisure",Proverbs,75
The meek shall inherit the Earth,Proverbs,75
Misery loves company,Proverbs,75
A miss is as good as a mile,Proverbs,75
Money is the root of all evil,Proverbs,75
The more the merrier,Proverbs,75
Murder will out,Proverbs,75
Music has charms to soothe a savage br,Proverbs,75
Necessity is the mother of invention,Proverbs,75
Never give a sucker an even break,Proverbs,75
Never put o until tomorrow what you can do to-,Proverbs,75
Never say die,Proverbs,75
A new broom sweeps clean,Proverbs,75
Nice guys nish last,Proverbs,75
No man can serve two masters,Proverbs,75
No man is an island,Proverbs,75
No news is good news,Proverbs,75
No one ever went broke underestimating the intel-,Proverbs,75
ligence of the American people,Proverbs,75
No rest for the weary,Proverbs,75
Nothing succeeds like successeast,Proverbs,75
"Nothing ventured, nothing gained",Proverbs,75
Nothing will come of nothing,Proverbs,75
Oil and water don’t mix,Proverbs,75
Old soldiers never die; they only fade aw,Proverbs,76
"Once bitten, twice shy",Proverbs,76
One good turn deserves another,Proverbs,76
One man’s meat is another man’s poison,Proverbs,76
One [or A] picture is worth a thousand w,Proverbs,76
One rotten (or bad) apple spoils the bar,Proverbs,76
The one who pays the piper calls the tune,Proverbs,76
An ounce of prevention is worth a pound,Proverbs,76
"Out of sight, out of mind",Proverbs,76
"Out of the frying pan, into the re",Proverbs,76
The pen is mightier than the sword,Proverbs,76
A penny saved is a penny earned,Proverbs,76
People who live in glass houses shoul,Proverbs,76
stones,Proverbs,76
ayA place for everything and everything in its place,Proverbs,76
"Poets are born, not made",Proverbs,76
Politics makes strange bedfellows,Proverbs,76
Practice makes perfect,Proverbs,76
ords,Proverbs,76
Practice what you preach,Proverbs,76
Pride goeth before a fall,Proverbs,76
Procrastination is the thief of time,Proverbs,76
The proof of the pudding is in the eating,Proverbs,76
of cure,Proverbs,76
Render unto Caesar the things which are Caesar’s,Proverbs,76
The road to hell is paved with good intentions,Proverbs,76
A rolling stone gathers no moss,Proverbs,76
dn’t throw,Proverbs,76
Rome wasn’t built in a day,Proverbs,76
Seeing is believing,Proverbs,77
The show must go on,Proverbs,77
Sic transit gloria mundi,Proverbs,77
Silence is golden,Proverbs,77
Slow but steady wins the race,Proverbs,77
A soft answer turneth away wrath,Proverbs,77
"Step on a crack, break your mother’s bac",Proverbs,77
Still waters run deep,Proverbs,77
A stitch in time saves nine,Proverbs,77
Stone walls do not a prison make,Proverbs,77
Strike while the iron is hot,Proverbs,77
Take the bitter with the sweet,Proverbs,77
There are plenty of sh in the sea,Proverbs,77
There’s many a slip ’twixt the cup and the lip,Proverbs,77
There’s more than one way to skin a cat,Proverbs,77
There’s no accounting for taste,Proverbs,77
There’s no fool like an old fool,Proverbs,77
There’s no place like home,Proverbs,77
Those who cannot remember the past are con-,Proverbs,77
demned to repeat it,Proverbs,77
Time and tide wait for no man,Proverbs,77
Time heals all wounds,Proverbs,77
Time is money,Proverbs,77
"To err is human, to forgive divine",Proverbs,77
Too many cooks spoil the broth,Proverbs,77
Truth is stranger than ction,Proverbs,77
Truth will out,Proverbs,78
Turnabout is fair play,Proverbs,78
Two heads are better than one,Proverbs,78
Two wrongs don’t make a right,Proverbs,78
"Two’s company, three’s a crowd",Proverbs,78
Uneasy lies the head that wears a crown,Proverbs,78
Variety is the spice of life,Proverbs,78
Walls have ears,Proverbs,78
"Waste not, want not",Proverbs,78
A watched pot never boils,Proverbs,78
"We have met the enemy, and they are us",Proverbs,78
Well begun is half done,Proverbs,78
"What will be, will be",Proverbs,78
What’s good for the goose is good for the gander,Proverbs,78
"When in Rome, do as the Romans do",Proverbs,78
"When it rains, it pours",Proverbs,78
"When the cat’s away, the mice will play",Proverbs,78
"When the going gets tough, the tough get going",Proverbs,78
Where are the snows of yesteryear?,Proverbs,78
"Where there’s a will, there’s a way",Proverbs,78
Where there’s smoke there’s re,Proverbs,78
"While there’s life, there’s hope",Proverbs,78
Win this one for the Gipper,Proverbs,78
Winning isn’t everything; it’s the only,Proverbs,79
The wish is father of the deed,Proverbs,79
A woman’s work is never done,Proverbs,79
A word to the wise is sucient,Proverbs,79
Work expands to ll the time available f,Proverbs,79
pletion,Proverbs,79
The worm turns,Proverbs,79
"Yes, Virginia, there is a Santa Claus",Proverbs,79
You can catch more ies with honey,Proverbs,79
vinegar,Proverbs,79
"You can lead a horse to water, but you",Proverbs,79
him drink.,Proverbs,79
thingYou cannot serve God and mammon,Proverbs,79
You can’t t a round peg in a square hole,Proverbs,79
You can’t go home again,Proverbs,79
You can’t have your cake and eat it too,Proverbs,79
You can’t make a silk purse from a sow’s ear,Proverbs,79
You can’t make an omelet without breaking eggs,Proverbs,79
or its com-,Proverbs,79
You can’t squeeze blood from a turnip,Proverbs,79
You can’t take it with you,Proverbs,79
You can’t teach an old dog new tricks,Proverbs,79
You can’t unscramble an egg than with,Proverbs,79
"You’ve made your bed, now lie in it",Proverbs,79
can’t make,Proverbs,79
according to Hoyle,Idioms,81
ace in the hole,Idioms,81
Achilles’ heel,Idioms,81
act of God,Idioms,81
ad absurdum,Idioms,81
ad hoc,Idioms,81
ad hominem,Idioms,81
ad nauseam,Idioms,81
albatross around one’s neck,Idioms,81
all systems go,Idioms,81
all thumbs,Idioms,81
alma mater,Idioms,81
alpha and omega,Idioms,81
And thereby hangs a tale,Idioms,81
annus mirabilis,Idioms,81
anon.,Idioms,81
apple of one’s eye,Idioms,82
as the crow ies,Idioms,82
at loggerheads,Idioms,82
at sixes and sevens,Idioms,82
back to the drawing board,Idioms,82
baker’s dozen,Idioms,82
beat around the bush,Idioms,82
bee in one’s bonnet,Idioms,82
beg the question,Idioms,82
behind the eight ball,Idioms,82
bête noire,Idioms,82
between a rock and a hard place,Idioms,82
beyond the pale,Idioms,82
birthday suit,Idioms,82
bit between one’s teeth,Idioms,82
bite the bullet,Idioms,82
bite the dust,Idioms,82
black sheep,Idioms,82
blarney,Idioms,82
blind leading the blind,Idioms,82
blow hot and cold,Idioms,83
blow one’s own horn,Idioms,83
bolt from (out of) the blue,Idioms,83
bona de,Idioms,83
bone to pick,Idioms,83
born with a silver spoon in one’s mouth,Idioms,83
brain trust,Idioms,83
break the ice,Idioms,83
burn the candle at both ends,Idioms,83
burn the midnight oil,Idioms,83
burn your bridges behind you,Idioms,83
bury the hatchet,Idioms,83
busman’s holiday,Idioms,83
butter someone up,Idioms,83
buy a pig in a poke,Idioms,83
by hook or by crook,Idioms,83
by the book,Idioms,83
call a spade a spade,Idioms,83
call the tune,Idioms,83
can’t hold a candle to,Idioms,83
can’t see the forest for the trees,Idioms,83
carry a torch for,Idioms,84
carry coals to Newcastle,Idioms,84
carry the torch,Idioms,84
carte blanche,Idioms,84
cash in one’s chips,Idioms,84
castles in the air,Idioms,84
catch-as-catch-can,Idioms,84
cause célèbre,Idioms,84
C’est la vie,Idioms,84
cheek by jowl,Idioms,84
chill out,Idioms,84
chip o the old block,Idioms,84
chip on one’s shoulder,Idioms,84
chutzpah,Idioms,84
clean bill of health,Idioms,84
clean slate,Idioms,84
climb on the bandwagon,Idioms,84
cock-and-bull story,Idioms,85
cold feet,Idioms,85
cold shoulder,Idioms,85
cold turkey,Idioms,85
come full circle,Idioms,85
come out of the closet,Idioms,85
cool one’s heels,Idioms,85
cotton to,Idioms,85
coup de grâce,Idioms,85
creature comforts,Idioms,85
crème de la crème,Idioms,85
crocodile tears,Idioms,85
cross the Rubicon,Idioms,85
cruel to be kind,Idioms,85
cry over spilt milk,Idioms,85
cultivate one’s own garden,Idioms,85
curry favor,Idioms,85
cut the Gordian knot,Idioms,85
damn with faint praise,Idioms,85
Davy Jones’s Locker,Idioms,86
de facto,Idioms,86
de jure,Idioms,86
de rigueur,Idioms,86
deep-six,Idioms,86
déjà vu,Idioms,86
the devil to pay,Idioms,86
diamond in the rough,Idioms,86
dog days,Idioms,86
dog in the manger,Idioms,86
dog-eat-dog,Idioms,86
Don Juan,Idioms,86
don’t go there,Idioms,86
down in the dumps,Idioms,86
downsize,Idioms,86
draw the line,Idioms,86
drive a nail into one’s con,Idioms,86
Dutch treat,Idioms,86
dyed-in-the-wool,Idioms,86
"easy come, easy go",Idioms,87
eat crow,Idioms,87
eat humble pie,Idioms,87
eat someone out of house and home,Idioms,87
El Dorado,Idioms,87
elbow grease,Idioms,87
eleventh hour,Idioms,87
éminence grise,Idioms,87
en masse,Idioms,87
end of one’s rope,Idioms,87
enfant terrible,Idioms,87
ergo,Idioms,87
esprit de corps,Idioms,87
Eureka!,Idioms,87
every inch a ___,Idioms,87
ex cathedra,Idioms,87
ex post facto,Idioms,87
Fabian tactics,Idioms,87
face the music,Idioms,88
fair-weather friend,Idioms,88
fait accompli,Idioms,88
far from the madding crowd,Idioms,88
Faustian bargain,Idioms,88
feather in one’s cap,Idioms,88
feather one’s own nest,Idioms,88
feet of clay,Idioms,88
ddle while Rome burns,Idioms,88
fth wheel,Idioms,88
ne kettle of sh,Idioms,88
"rst come, rst served",Idioms,88
ts and starts,Idioms,88
ash in the pan,Idioms,88
ing (throw) down the gauntlet,Idioms,88
y in the ointment,Idioms,88
y o the handle,Idioms,88
y the coop,Idioms,88
y-by-night,Idioms,88
footprints on the sands of time,Idioms,88
for the birds,Idioms,88
forty winks,Idioms,89
four-letter words,Idioms,89
from pillar to post,Idioms,89
Gesundheit,Idioms,89
get a dose of one’s own medicine,Idioms,89
get down to brass tacks,Idioms,89
get in somebody’s hair,Idioms,89
get one’s dander up,Idioms,89
get someone’s goat,Idioms,89
get something o one’s chest,Idioms,89
get under one’s skin,Idioms,89
get up on the wrong side of the bed,Idioms,89
ghost town,Idioms,89
gild the lily,Idioms,89
gilded cage,Idioms,89
glad-hander,Idioms,89
glass ceiling,Idioms,89
go against the grain,Idioms,89
go AWOL,Idioms,89
go haywire,Idioms,89
go o the deep end,Idioms,90
go to pot,Idioms,90
go whole hog,Idioms,90
golden mean,Idioms,90
golden parachute,Idioms,90
[one’s] goose is cooked,Idioms,90
grain of salt,Idioms,90
grasp (clutch) at straws,Idioms,90
gravy train,Idioms,90
green thumb,Idioms,90
the green-eyed monster,Idioms,90
gringo,Idioms,90
gung-ho,Idioms,90
hail-fellow-well-met,Idioms,90
hair of the dog that bit you,Idioms,90
hat trick,Idioms,90
have an ax to grind,Idioms,90
high horse,Idioms,90
hit below the belt,Idioms,90
hit the ceiling,Idioms,91
hoi polloi,Idioms,91
hoist by one’s own petard,Idioms,91
hold water,Idioms,91
"hook, line, and sinker",Idioms,91
horse of a dierent color,Idioms,91
how many angels can stand (dance) on,Idioms,91
a pin?,Idioms,91
hue and cry,Idioms,91
in hot water,Idioms,91
in loco parentis,Idioms,91
in memoriam,Idioms,91
in situ,Idioms,91
in the doghouse,Idioms,91
in the hot seat,Idioms,91
in the pink,Idioms,91
in toto,Idioms,91
in vino veritas,Idioms,91
the head of,Idioms,91
Indian summer,Idioms,91
"Jack of all trades, master of none",Idioms,91
je ne sais quoi,Idioms,91
"John Doe, Jane Doe",Idioms,91
John Hancock,Idioms,92
joie de vivre,Idioms,92
jump down someone’s throat,Idioms,92
keep one’s ngers crossed,Idioms,92
keep the wolf from one’s door,Idioms,92
keeping up with the Joneses,Idioms,92
kick the bucket,Idioms,92
kill two birds with one stone,Idioms,92
kingdom come,Idioms,92
the King’s English,Idioms,92
knock on wood,Idioms,92
know the ropes,Idioms,92
kosher,Idioms,92
land of Nod,Idioms,92
the last laugh,Idioms,92
the last straw,Idioms,92
laugh up one’s sleeve,Idioms,92
lay an egg,Idioms,92
left holding the bag,Idioms,92
left-handed compliment,Idioms,92
let the cat out of the bag,Idioms,92
life of Riley,Idioms,93
lion’s share,Idioms,93
lip service,Idioms,93
live in an ivory tower,Idioms,93
"lock, stock, and barrel",Idioms,93
lowbrow,Idioms,93
lunatic fringe,Idioms,93
macho,Idioms,93
magnum opus,Idioms,93
make a clean breast of it,Idioms,93
make a mountain out of a molehill,Idioms,93
make a virtue of necessity,Idioms,93
make ends meet,Idioms,93
make my day,Idioms,93
make no bones about it,Idioms,93
mea culpa,Idioms,93
meet one’s Waterloo,Idioms,93
milk of human kindness,Idioms,93
mind your ’s and ’spq,Idioms,94
modus operandi (m.o.),Idioms,94
modus vivendi,Idioms,94
money burning a hole in one’s pocket,Idioms,94
more sinned against than sinning,Idioms,94
most unkindest cut of all,Idioms,94
Murphy’s Law,Idioms,94
NIMBY,Idioms,94
nine days’ wonder,Idioms,94
nip and tuck,Idioms,94
noblesse oblige,Idioms,94
no-brainer,Idioms,94
non compos mentis,Idioms,94
nose out of joint,Idioms,94
nose to the grindstone,Idioms,94
nouveau riche,Idioms,94
Old Glory,Idioms,94
old hat,Idioms,94
on pins and needles,Idioms,94
on tenterhooks,Idioms,95
on the horns of a dilemma,Idioms,95
on the level,Idioms,95
on the warpath,Idioms,95
once in a blue moon,Idioms,95
paint the town red,Idioms,95
pass the buck,Idioms,95
pay the piper,Idioms,95
pay through the nose,Idioms,95
p.c.,Idioms,95
pell-mell,Idioms,95
persona non grata,Idioms,95
pie in the sky,Idioms,95
play fast and loose,Idioms,95
play it by ear,Idioms,95
play possum,Idioms,95
play Russian roulette,Idioms,95
play second ddle,Idioms,95
play to the gallery,Idioms,95
Pooh-Bah,Idioms,96
pop the question,Idioms,96
posthaste,Idioms,96
postmortem,Idioms,96
pot calling the kettle black,Idioms,96
pound of esh,Idioms,96
pour oil on troubled waters,Idioms,96
prima donna,Idioms,96
primrose path,Idioms,96
pro forma,Idioms,96
pro tempore (pro tem),Idioms,96
pull somebody’s leg,Idioms,96
pull strings,Idioms,96
put on the dog,Idioms,96
put your foot in your mouth,Idioms,96
Pyrrhic victory,Idioms,96
The quality of mercy is not strained,Idioms,96
quid pro quo,Idioms,96
quod erat demonstrandum (Q.E.D.),Idioms,97
raining cats and dogs,Idioms,97
raise Cain,Idioms,97
raison d’être,Idioms,97
rank and le,Idioms,97
read between the lines,Idioms,97
read the riot act,Idioms,97
the real McCoy,Idioms,97
red herring,Idioms,97
red tape,Idioms,97
red-letter day,Idioms,97
Renaissance man,Idioms,97
rich as Croesus,Idioms,97
R.I.P.,Idioms,97
rob Peter to pay Paul,Idioms,97
R.S.V.P.,Idioms,97
rule of thumb,Idioms,97
rule the roost,Idioms,97
run of the mill,Idioms,97
run the gamut,Idioms,97
sacred cow,Idioms,97
sail under false colors,Idioms,98
salad days,Idioms,98
salt of the Earth,Idioms,98
sanctum sanctorum,Idioms,98
sangfroid,Idioms,98
savoir faire,Idioms,98
say (cry) uncle,Idioms,98
sea legs,Idioms,98
seamy side,Idioms,98
second wind,Idioms,98
see eye to eye,Idioms,98
see red,Idioms,98
semper delis,Idioms,98
set one’s teeth on edge,Idioms,98
shalom,Idioms,98
ships that pass in the night,Idioms,98
shot in the arm,Idioms,98
sine qua non,Idioms,98
sink or swim,Idioms,98
sit on the fence,Idioms,99
sitting duck,Idioms,99
sitting pretty,Idioms,99
"six of one, half a dozen of the other",Idioms,99
skeleton in the closet,Idioms,99
skin of one’s teeth,Idioms,99
smell a rat,Idioms,99
a snowball’s chance in hell,Idioms,99
soft soap,Idioms,99
soup to nuts,Idioms,99
sow wild oats,Idioms,99
split hairs,Idioms,99
spread oneself too thin,Idioms,99
sta of life,Idioms,99
standing orders,Idioms,99
star-crossed lovers,Idioms,99
status quo,Idioms,99
steal someone’s thunder,Idioms,99
stool pigeon,Idioms,99
strange bedfellows,Idioms,99
straw in the wind,Idioms,100
straw man,Idioms,100
suer fools gladly,Idioms,100
sui generis,Idioms,100
swap (switch) horses in midstream,Idioms,100
sweeten the kitty (deal),Idioms,100
take a powder,Idioms,100
take the bull by the horns,Idioms,100
take the cake,Idioms,100
take the rap,Idioms,100
talk turkey,Idioms,100
tall tale,Idioms,100
terra rma,Idioms,100
tête-à-tête,Idioms,100
There is no joy in Mudville,Idioms,100
There’s method in his madness,Idioms,100
three sheets to the wind,Idioms,100
through thick and thin,Idioms,100
throw in the towel,Idioms,100
throw the book at someone,Idioms,100
thrown to the lions,Idioms,101
thumbs up (down),Idioms,101
till the cows come home,Idioms,101
Timbuktu,Idioms,101
Time is of the essence,Idioms,101
tip of the iceberg,Idioms,101
tit for tat,Idioms,101
to the manner born,Idioms,101
"Tom, Dick, and Harry",Idioms,101
tongue-in-cheek,Idioms,101
too many irons in the re,Idioms,101
toot one’s own horn,Idioms,101
tooth and nail,Idioms,101
touch and go,Idioms,101
tour de force,Idioms,101
town and gown,Idioms,101
trial and error,Idioms,101
trial balloon,Idioms,101
trump card,Idioms,101
turn over a new leaf,Idioms,102
turn the tables,Idioms,102
two shakes of a lamb’s tail,Idioms,102
two strings to one’s bow,Idioms,102
Typhoid Mary,Idioms,102
UFO,Idioms,102
under the weather,Idioms,102
under the wire,Idioms,102
upper crust,Idioms,102
vicious circle,Idioms,102
VIP,Idioms,102
vis-à-vis,Idioms,102
walking papers,Idioms,102
wanderlust,Idioms,102
war horse,Idioms,102
warm the cockles of one’s heart,Idioms,102
warp and woof,Idioms,102
wash dirty linen (laundry) in public,Idioms,102
WASP,Idioms,102
water o a duck’s back,Idioms,102
wear one’s heart on one’s sleeve,Idioms,103
wet behind the ears,Idioms,103
wet blanket,Idioms,103
white elephant,Idioms,103
wolf in sheep’s clothing,Idioms,103
worth one’s salt,Idioms,103
Young Turk,Idioms,103
"Abandon hope, all ye who enter here",Idioms,105
"absurd, theater of the",Idioms,105
"Academy, French",Idioms,105
"Academy, Plato’s",Idioms,105
Advent,Idioms,105
Aeneid,Idioms,105
Aeschylus,Idioms,106
Aesop’s fables,Idioms,106
aesthetics,Idioms,106
agnosticism,Idioms,106
Aladdin’s lamp,Idioms,106
Ali Baba,Idioms,106
All Quiet on the Western Front,Idioms,106
Allah,Idioms,106
A.M.E. Church,Idioms,106
Amish,Idioms,106
"Andersen, Hans Christian",Idioms,106
Anglican Communion,Idioms,106
animism,Idioms,106
Anna Karenina,Idioms,106
anthropomorphism,Idioms,107
Antigone,Idioms,107
"Aquinas, Thomas",Idioms,107
Arabian Nights,Idioms,107
Aristophanes,Idioms,107
Aristotle,Idioms,107
Around the World in Eighty Days,Idioms,107
asceticism,Idioms,107
Ash Wednesday,Idioms,107
Assemblies of God,Idioms,107
atheism,Idioms,107
Augustine,Idioms,107
avatar,Idioms,107
Babar,Idioms,107
Baha’i,Idioms,107
"Balzac, Honoré de",Idioms,107
baptism,Idioms,108
Baptists,Idioms,108
bar mitzvah,Idioms,108
bat mitzvah,Idioms,108
"Baudelaire, Charles",Idioms,108
"Beckett, Samuel",Idioms,108
Bhagavad Gita,Idioms,108
Bible,Idioms,108
bishop,Idioms,108
Book of Common Prayer,Idioms,108
"Borges, Jorge Luis",Idioms,108
born-again Christian,Idioms,108
Brahmins,Idioms,108
The Brothers Karamazov,Idioms,108
The Buddha,Idioms,109
Buddhism,Idioms,109
"Calvin, John",Idioms,109
Calvinism,Idioms,109
Candide,Idioms,109
canonization,Idioms,109
cardinals,Idioms,109
"Casanova, Giovanni Jacopo",Idioms,109
cathedral,Idioms,109
Catholic Church,Idioms,109
Catholicism,Idioms,109
"Cervantes, Miguel de",Idioms,109
Chanukah,Idioms,109
"Chekhov, Anton",Idioms,109
"Chomsky, Noam",Idioms,110
Christ,Idioms,110
Christian,Idioms,110
Christian Science,Idioms,110
Christianity,Idioms,110
Christmas,Idioms,110
Christopher,Idioms,110
church,Idioms,110
Church of England,Idioms,110
Cicero,Idioms,110
"Cid, El",Idioms,110
clockwork universe,Idioms,110
Colette,Idioms,110
Communion,Idioms,110
confession,Idioms,111
Confessions,Idioms,111
Confucianism,Idioms,111
Confucius,Idioms,111
Congregationalists,Idioms,111
Conservative Judaism,Idioms,111
convent,Idioms,111
"Copernicus, Nicolaus",Idioms,111
Counter Reformation,Idioms,111
courtly love,Idioms,111
creation science,Idioms,112
creationism,Idioms,112
Crime and Punishment,Idioms,112
Cyrillic alphabet,Idioms,112
damnation,Idioms,112
Dante,Idioms,112
Day of Atonement,Idioms,112
deduction,Idioms,112
deism,Idioms,112
"Descartes, René",Idioms,112
determinism,Idioms,112
devil,Idioms,112
The Divine Comedy,Idioms,112
dogma,Idioms,112
A Doll’s House,Idioms,112
Don Juan,Idioms,112
Don Quixote,Idioms,113
"Dostoevsky, Feodor",Idioms,113
dualism,Idioms,113
Easter,Idioms,113
Eastern Orthodox Church,Idioms,113
ecumenism,Idioms,113
"Eddy, Mary Baker",Idioms,113
Émile,Idioms,113
encyclical,Idioms,113
Epicureanism,Idioms,113
Epiphany,Idioms,113
epistemology,Idioms,113
established church,Idioms,113
ethical relativism,Idioms,113
ethics,Idioms,113
Eucharist,Idioms,114
Euripides,Idioms,114
evangelical,Idioms,114
existentialism,Idioms,114
fatalism,Idioms,114
Faust,Idioms,114
Figaro,Idioms,114
"Flaubert, Gustave",Idioms,114
Francis of Assisi,Idioms,114
Franciscans,Idioms,114
"Frank, Anne",Idioms,114
free will,Idioms,114
Freemasons,"World Literature, Philosophy, and Religion",115
"Fuentes, Carlos","World Literature, Philosophy, and Religion",115
fundamentalism,"World Literature, Philosophy, and Religion",115
"García Márquez, Gabriel","World Literature, Philosophy, and Religion",115
"Goethe, Johann Wolfgang von","World Literature, Philosophy, and Religion",115
Good Friday,"World Literature, Philosophy, and Religion",115
greatest happiness for the greatest num,"World Literature, Philosophy, and Religion",115
"Grimm, the brothers","World Literature, Philosophy, and Religion",115
guru,"World Literature, Philosophy, and Religion",115
haiku,"World Literature, Philosophy, and Religion",115
Hanukkah,"World Literature, Philosophy, and Religion",115
hara-kiri,"World Literature, Philosophy, and Religion",115
Hasidim,"World Literature, Philosophy, and Religion",115
hedonism,"World Literature, Philosophy, and Religion",115
"Hegel, Georg Wilhelm Friedrich","World Literature, Philosophy, and Religion",115
heresy,"World Literature, Philosophy, and Religion",115
heretic,"World Literature, Philosophy, and Religion",116
Herodotus,"World Literature, Philosophy, and Religion",116
"Hesse, Hermann","World Literature, Philosophy, and Religion",116
Hinduism,"World Literature, Philosophy, and Religion",116
"Hobbes, Thomas","World Literature, Philosophy, and Religion",116
Holy See,"World Literature, Philosophy, and Religion",116
Homer,"World Literature, Philosophy, and Religion",116
Horace,"World Literature, Philosophy, and Religion",116
"Hugo, Victor","World Literature, Philosophy, and Religion",116
The Human Comedy,"World Literature, Philosophy, and Religion",116
humanist,"World Literature, Philosophy, and Religion",116
humanities,"World Literature, Philosophy, and Religion",116
"Hume, David","World Literature, Philosophy, and Religion",116
The Hunchback of Notre Dame,"World Literature, Philosophy, and Religion",116
I think; therefore I am,"World Literature, Philosophy, and Religion",116
"Ibsen, Henrik","World Literature, Philosophy, and Religion",116
idealism,"World Literature, Philosophy, and Religion",116
Ignatius of Loyola,"World Literature, Philosophy, and Religion",117
The Iliad,"World Literature, Philosophy, and Religion",117
Immaculate Conception,"World Literature, Philosophy, and Religion",117
Incarnation,"World Literature, Philosophy, and Religion",117
induction,"World Literature, Philosophy, and Religion",117
"infallibility, papal","World Literature, Philosophy, and Religion",117
inference,"World Literature, Philosophy, and Religion",117
Inferno,"World Literature, Philosophy, and Religion",117
Islam,"World Literature, Philosophy, and Religion",117
Jehovah’s Witnesses,"World Literature, Philosophy, and Religion",117
Jesuits,"World Literature, Philosophy, and Religion",117
Jews,"World Literature, Philosophy, and Religion",117
jihad,"World Literature, Philosophy, and Religion",117
Judaism,"World Literature, Philosophy, and Religion",117
Juggernaut,"World Literature, Philosophy, and Religion",118
"justication by grace, through faith","World Literature, Philosophy, and Religion",118
"Kafka, Franz","World Literature, Philosophy, and Religion",118
Kama Sutra,"World Literature, Philosophy, and Religion",118
"Kant, Immanuel","World Literature, Philosophy, and Religion",118
"Kierkegaard, Søren","World Literature, Philosophy, and Religion",118
Koran,"World Literature, Philosophy, and Religion",119
kosher,"World Literature, Philosophy, and Religion",119
Kwanzaa or Kwanza,"World Literature, Philosophy, and Religion",119
"La Fontaine, Jean de","World Literature, Philosophy, and Religion",119
lama,"World Literature, Philosophy, and Religion",119
Latter-Day Saints,"World Literature, Philosophy, and Religion",119
Lent,"World Literature, Philosophy, and Religion",119
Les Misérables,"World Literature, Philosophy, and Religion",119
liberal arts,"World Literature, Philosophy, and Religion",119
“On Liberty”,"World Literature, Philosophy, and Religion",119
limbo,"World Literature, Philosophy, and Religion",119
litany,"World Literature, Philosophy, and Religion",119
"Locke, John","World Literature, Philosophy, and Religion",119
logic,"World Literature, Philosophy, and Religion",119
Lucifer,"World Literature, Philosophy, and Religion",120
"Luther, Martin","World Literature, Philosophy, and Religion",120
Lutheran Church,"World Literature, Philosophy, and Religion",120
Lysistrata,"World Literature, Philosophy, and Religion",120
"Machiavelli, Niccolò","World Literature, Philosophy, and Religion",120
macrocosm,"World Literature, Philosophy, and Religion",120
Madame Bovary,"World Literature, Philosophy, and Religion",120
Man is the measure of all things,"World Literature, Philosophy, and Religion",120
"Mann, Thomas","World Literature, Philosophy, and Religion",120
Marcus Aurelius,"World Literature, Philosophy, and Religion",120
Mardi Gras,"World Literature, Philosophy, and Religion",120
Marxism,"World Literature, Philosophy, and Religion",120
Mass,"World Literature, Philosophy, and Religion",121
materialism,"World Literature, Philosophy, and Religion",121
matzo,"World Literature, Philosophy, and Religion",121
Mecca,"World Literature, Philosophy, and Religion",121
Mennonites,"World Literature, Philosophy, and Religion",121
menorah,"World Literature, Philosophy, and Religion",121
Mephistopheles,"World Literature, Philosophy, and Religion",121
Messiah,"World Literature, Philosophy, and Religion",121
Metamorphoses,"World Literature, Philosophy, and Religion",121
“The Metamorphosis”,"World Literature, Philosophy, and Religion",121
metaphysics,"World Literature, Philosophy, and Religion",121
Methodists,"World Literature, Philosophy, and Religion",122
microcosm,"World Literature, Philosophy, and Religion",122
"Mill, John Stuart","World Literature, Philosophy, and Religion",122
minister,"World Literature, Philosophy, and Religion",122
Mohammed,"World Literature, Philosophy, and Religion",122
Molière,"World Literature, Philosophy, and Religion",122
monism,"World Literature, Philosophy, and Religion",122
monks,"World Literature, Philosophy, and Religion",122
monotheism,"World Literature, Philosophy, and Religion",122
"Montaigne, Michel de","World Literature, Philosophy, and Religion",122
"Montesquieu, Charles, Baron de","World Literature, Philosophy, and Religion",122
Mormons,"World Literature, Philosophy, and Religion",122
mortal sin/venial sin,"World Literature, Philosophy, and Religion",122
Moslem,"World Literature, Philosophy, and Religion",122
mosque,"World Literature, Philosophy, and Religion",122
Muhammad (Mohammed),"World Literature, Philosophy, and Religion",122
"Muslims, Shi’ite and Sunni","World Literature, Philosophy, and Religion",122
mysticism,"World Literature, Philosophy, and Religion",123
natural law,"World Literature, Philosophy, and Religion",123
naturalism,"World Literature, Philosophy, and Religion",123
"Neruda, Pablo","World Literature, Philosophy, and Religion",123
New Age,"World Literature, Philosophy, and Religion",123
"Nicholas, Saint","World Literature, Philosophy, and Religion",123
"Nietzsche, Friedrich","World Literature, Philosophy, and Religion",123
nihilism,"World Literature, Philosophy, and Religion",123
nirvana,"World Literature, Philosophy, and Religion",123
noble savage,"World Literature, Philosophy, and Religion",123
Nonconformists,"World Literature, Philosophy, and Religion",123
"Ockham, William of","World Literature, Philosophy, and Religion",124
The Odyssey,"World Literature, Philosophy, and Religion",124
Oedipus Rex,"World Literature, Philosophy, and Religion",124
Omar Khayyam,"World Literature, Philosophy, and Religion",124
original sin,"World Literature, Philosophy, and Religion",124
Orthodox Christianity,"World Literature, Philosophy, and Religion",124
Orthodox Judaism,"World Literature, Philosophy, and Religion",124
Ovid,"World Literature, Philosophy, and Religion",124
Palm Sunday,"World Literature, Philosophy, and Religion",124
pantheism,"World Literature, Philosophy, and Religion",124
papacy,"World Literature, Philosophy, and Religion",124
paradise,"World Literature, Philosophy, and Religion",124
Paradiso,"World Literature, Philosophy, and Religion",124
"Pascal, Blaise","World Literature, Philosophy, and Religion",124
Passover,"World Literature, Philosophy, and Religion",124
"Pasternak, Boris","World Literature, Philosophy, and Religion",124
pastor,"World Literature, Philosophy, and Religion",125
"Patrick, Saint","World Literature, Philosophy, and Religion",125
patron saint,"World Literature, Philosophy, and Religion",125
penance,"World Literature, Philosophy, and Religion",125
Pensées,"World Literature, Philosophy, and Religion",125
perfectibility of man,"World Literature, Philosophy, and Religion",125
philosopher,"World Literature, Philosophy, and Religion",125
philosopher-king,"World Literature, Philosophy, and Religion",125
philosopher’s stone,"World Literature, Philosophy, and Religion",125
philosophes,"World Literature, Philosophy, and Religion",125
philosophy,"World Literature, Philosophy, and Religion",125
"Pinocchio, The Adventures of","World Literature, Philosophy, and Religion",125
Plato,"World Literature, Philosophy, and Religion",125
Platonic or platonic,"World Literature, Philosophy, and Religion",125
Platonism,"World Literature, Philosophy, and Religion",126
pluralism,"World Literature, Philosophy, and Religion",126
Plutarch,"World Literature, Philosophy, and Religion",126
polytheism,"World Literature, Philosophy, and Religion",126
ponti,"World Literature, Philosophy, and Religion",126
pope,"World Literature, Philosophy, and Religion",126
positivism,"World Literature, Philosophy, and Religion",126
postulate,"World Literature, Philosophy, and Religion",126
pragmatism,"World Literature, Philosophy, and Religion",126
"Praise God, from whom all blessings ow","World Literature, Philosophy, and Religion",126
prayer rug,"World Literature, Philosophy, and Religion",126
prayer wheel,"World Literature, Philosophy, and Religion",126
predestination,"World Literature, Philosophy, and Religion",126
Presbyterian Church,"World Literature, Philosophy, and Religion",127
priest,"World Literature, Philosophy, and Religion",127
The Prince,"World Literature, Philosophy, and Religion",127
Protestant,"World Literature, Philosophy, and Religion",127
Protestant Episcopal Church in the Uni,"World Literature, Philosophy, and Religion",127
Protestant work ethic,"World Literature, Philosophy, and Religion",127
"Proust, Marcel","World Literature, Philosophy, and Religion",127
"Providence, Divine","World Literature, Philosophy, and Religion",127
purgatory,"World Literature, Philosophy, and Religion",127
Purim,"World Literature, Philosophy, and Religion",127
Quaker,"World Literature, Philosophy, and Religion",127
rabbi,"World Literature, Philosophy, and Religion",127
ted States,"World Literature, Philosophy, and Religion",127
"Rabelais, François","World Literature, Philosophy, and Religion",127
Ramadan,"World Literature, Philosophy, and Religion",128
realism,"World Literature, Philosophy, and Religion",128
Reform Judaism,"World Literature, Philosophy, and Religion",128
reincarnation,"World Literature, Philosophy, and Religion",128
relativism,"World Literature, Philosophy, and Religion",128
religious order,"World Literature, Philosophy, and Religion",128
The Republic,"World Literature, Philosophy, and Religion",128
revival,"World Literature, Philosophy, and Religion",128
Roman Catholic Church,"World Literature, Philosophy, and Religion",128
romanticism,"World Literature, Philosophy, and Religion",128
rosary,"World Literature, Philosophy, and Religion",128
Rosh Hashanah,"World Literature, Philosophy, and Religion",128
"Rousseau, Jean-Jacques","World Literature, Philosophy, and Religion",128
“The Rubáiyát”,"World Literature, Philosophy, and Religion",128
"Russell, Bertrand","World Literature, Philosophy, and Religion",129
sacrament,"World Literature, Philosophy, and Religion",129
"Sade, Marquis de","World Literature, Philosophy, and Religion",129
saint,"World Literature, Philosophy, and Religion",129
"Saint-Exupéry, Antoine de","World Literature, Philosophy, and Religion",129
salon,"World Literature, Philosophy, and Religion",129
salvation,"World Literature, Philosophy, and Religion",129
the Salvation Army,"World Literature, Philosophy, and Religion",129
Sancho Panza,"World Literature, Philosophy, and Religion",129
"Sand, George","World Literature, Philosophy, and Religion",129
Sanskrit,"World Literature, Philosophy, and Religion",129
Sappho,"World Literature, Philosophy, and Religion",129
"Sartre, Jean-Paul","World Literature, Philosophy, and Religion",130
Scheherazade,"World Literature, Philosophy, and Religion",130
"Schiller, Friedrich von","World Literature, Philosophy, and Religion",130
schism,"World Literature, Philosophy, and Religion",130
scholasticism,"World Literature, Philosophy, and Religion",130
sect,"World Literature, Philosophy, and Religion",130
secular,"World Literature, Philosophy, and Religion",130
semantics,"World Literature, Philosophy, and Religion",130
seven deadly sins,"World Literature, Philosophy, and Religion",130
Seventh-Day Adventists,"World Literature, Philosophy, and Religion",130
sign of the cross,"World Literature, Philosophy, and Religion",130
"Singer, Isaac Bashevis","World Literature, Philosophy, and Religion",130
skepticism,"World Literature, Philosophy, and Religion",130
"Smith, Joseph","World Literature, Philosophy, and Religion",130
The Social Contract,"World Literature, Philosophy, and Religion",130
Socrates,"World Literature, Philosophy, and Religion",130
solipsism,"World Literature, Philosophy, and Religion",131
"Solzhenitsyn, Aleksandr","World Literature, Philosophy, and Religion",131
sophists,"World Literature, Philosophy, and Religion",131
Sophocles,"World Literature, Philosophy, and Religion",131
"Spinoza, Benedict","World Literature, Philosophy, and Religion",131
spirituals,"World Literature, Philosophy, and Religion",131
Stendhal,"World Literature, Philosophy, and Religion",131
Stoicism,"World Literature, Philosophy, and Religion",131
Summa Theologica,"World Literature, Philosophy, and Religion",131
Superman,"World Literature, Philosophy, and Religion",131
The Swiss Family Robinson,"World Literature, Philosophy, and Religion",131
The Symposium,"World Literature, Philosophy, and Religion",131
synagogue,"World Literature, Philosophy, and Religion",131
tabula rasa,"World Literature, Philosophy, and Religion",131
Talmud,"World Literature, Philosophy, and Religion",131
Taoism,"World Literature, Philosophy, and Religion",132
Te Deum,"World Literature, Philosophy, and Religion",132
Thales,"World Literature, Philosophy, and Religion",132
theologian,"World Literature, Philosophy, and Religion",132
theology,"World Literature, Philosophy, and Religion",132
thing-in-itself,"World Literature, Philosophy, and Religion",132
Thirty-nine Articles,"World Literature, Philosophy, and Religion",132
Thomism,"World Literature, Philosophy, and Religion",132
The Three Musketeers,"World Literature, Philosophy, and Religion",132
Thus Spake Zarathustra,"World Literature, Philosophy, and Religion",132
"Tolstoy, Leo","World Literature, Philosophy, and Religion",132
Torah,"World Literature, Philosophy, and Religion",132
"Torquemada, Tomás de","World Literature, Philosophy, and Religion",132
totem,"World Literature, Philosophy, and Religion",132
totem pole,"World Literature, Philosophy, and Religion",133
transubstantiation,"World Literature, Philosophy, and Religion",133
Trappists,"World Literature, Philosophy, and Religion",133
Trinity,"World Literature, Philosophy, and Religion",133
troubadours,"World Literature, Philosophy, and Religion",133
Unitarian Universalist Association,"World Literature, Philosophy, and Religion",133
Upanishads,"World Literature, Philosophy, and Religion",133
utilitarianism,"World Literature, Philosophy, and Religion",133
Utopia,"World Literature, Philosophy, and Religion",133
"Verne, Jules","World Literature, Philosophy, and Religion",133
"Villon, François","World Literature, Philosophy, and Religion",134
Virgil,"World Literature, Philosophy, and Religion",134
Vishnu,"World Literature, Philosophy, and Religion",134
Voltaire,"World Literature, Philosophy, and Religion",134
voodoo,"World Literature, Philosophy, and Religion",134
wake,"World Literature, Philosophy, and Religion",134
War and Peace,"World Literature, Philosophy, and Religion",134
"Wesley, John","World Literature, Philosophy, and Religion",134
witchcraft,"World Literature, Philosophy, and Religion",134
"Wittgenstein, Ludwig","World Literature, Philosophy, and Religion",134
yarmulke,"World Literature, Philosophy, and Religion",134
yin and yang,"World Literature, Philosophy, and Religion",134
yoga,"World Literature, Philosophy, and Religion",134
Yom Kippur,"World Literature, Philosophy, and Religion",134
"Young, Brigham","World Literature, Philosophy, and Religion",134
Zeitgeist,"World Literature, Philosophy, and Religion",134
Zen,"World Literature, Philosophy, and Religion",135
Zeno’s paradox,"World Literature, Philosophy, and Religion",135
"Zola, Émile","World Literature, Philosophy, and Religion",135
"Achebe, Chinua","World Literature, Philosophy, and Religion",137
"Age cannot wither her, nor custom sta","World Literature, Philosophy, and Religion",137
nite variety,"World Literature, Philosophy, and Religion",137
"Agee, James","World Literature, Philosophy, and Religion",137
"Ahab, Captain","World Literature, Philosophy, and Religion",137
"Alas, poor Yorick!","World Literature, Philosophy, and Religion",137
"Alcott, Louisa May","World Literature, Philosophy, and Religion",137
"Alger, Horatio, Jr.","World Literature, Philosophy, and Religion",137
Alice’s Adventures in Wonderland,"World Literature, Philosophy, and Religion",137
le / Her in-,"World Literature, Philosophy, and Religion",137
"All animals are equal, but some animals are more","World Literature, Philosophy, and Religion",137
equal than others,"World Literature, Philosophy, and Religion",137
All the world’s a stage,"World Literature, Philosophy, and Religion",137
"Angelou, Maya","World Literature, Philosophy, and Religion",137
Animal Farm,"World Literature, Philosophy, and Religion",137
Antony and Cleopatra,"World Literature, Philosophy, and Religion",137
"Antony, Mark","World Literature, Philosophy, and Religion",138
"Arthur, King","World Literature, Philosophy, and Religion",138
As You Like It,"World Literature, Philosophy, and Religion",138
"Auden, W. H.","World Literature, Philosophy, and Religion",138
"Austen, Jane","World Literature, Philosophy, and Religion",138
"Baa, baa, black sheep","World Literature, Philosophy, and Religion",138
Babbitt,"World Literature, Philosophy, and Religion",138
"Bacon, Francis","World Literature, Philosophy, and Religion",138
"Baldwin, James","World Literature, Philosophy, and Religion",138
Bard of Avon,"World Literature, Philosophy, and Religion",138
Bartlett’s Familiar Quotations,"World Literature, Philosophy, and Religion",139
Beowulf,"World Literature, Philosophy, and Religion",139
Big Bad Wolf,"World Literature, Philosophy, and Religion",139
Big Brother is watching you,"World Literature, Philosophy, and Religion",139
Black Arts Movement (BAM),"World Literature, Philosophy, and Religion",139
Black Boy,"World Literature, Philosophy, and Religion",139
"Blake, William","World Literature, Philosophy, and Religion",139
Book of Common Prayer,"World Literature, Philosophy, and Religion",139
"Boswell, James","World Literature, Philosophy, and Religion",139
Brave New World,"World Literature, Philosophy, and Religion",139
"Brontë, Charlotte and Emily","World Literature, Philosophy, and Religion",139
"Browning, Elizabeth Barrett","World Literature, Philosophy, and Religion",139
"Browning, Robert","World Literature, Philosophy, and Religion",139
Brutus,"World Literature, Philosophy, and Religion",139
Brutus is an honorable man,"World Literature, Philosophy, and Religion",139
"Bumppo, Natty","World Literature, Philosophy, and Religion",140
"Burns, Robert","World Literature, Philosophy, and Religion",140
"Byron, George Gordon, Lord","World Literature, Philosophy, and Religion",140
Byronic hero,"World Literature, Philosophy, and Religion",140
The Canterbury Tales,"World Literature, Philosophy, and Religion",140
"Carroll, Lewis","World Literature, Philosophy, and Religion",140
“Casey at the Bat”,"World Literature, Philosophy, and Religion",140
Catch-22,"World Literature, Philosophy, and Religion",140
The Catcher in the Rye,"World Literature, Philosophy, and Religion",140
"Cather, Willa","World Literature, Philosophy, and Religion",140
"Chandler, Raymond","World Literature, Philosophy, and Religion",140
“The Charge of the Light Brigade”,"World Literature, Philosophy, and Religion",140
"Chaucer, Georey","World Literature, Philosophy, and Religion",140
Cheshire cat,"World Literature, Philosophy, and Religion",140
"Christie, Agatha","World Literature, Philosophy, and Religion",141
A Christmas Carol,"World Literature, Philosophy, and Religion",141
“Civil Disobedience”,"World Literature, Philosophy, and Religion",141
"Clemens, Samuel L.","World Literature, Philosophy, and Religion",141
"Coleridge, Samuel Taylor","World Literature, Philosophy, and Religion",141
Come live with me and be my love,"World Literature, Philosophy, and Religion",141
"Conrad, Joseph","World Literature, Philosophy, and Religion",141
"Cooper, James Fenimore","World Literature, Philosophy, and Religion",141
Cordelia,"World Literature, Philosophy, and Religion",141
"cummings, e. e.","World Literature, Philosophy, and Religion",141
David Copperfield,"World Literature, Philosophy, and Religion",141
"Death, be not proud","World Literature, Philosophy, and Religion",141
Death of a Salesman,"World Literature, Philosophy, and Religion",142
"Dickens, Charles","World Literature, Philosophy, and Religion",142
"Dickinson, Emily","World Literature, Philosophy, and Religion",142
"Dinesen, Isak","World Literature, Philosophy, and Religion",142
Do not go gentle into that good night . . .,"World Literature, Philosophy, and Religion",142
against the dying of the light,"World Literature, Philosophy, and Religion",142
"Dr. Jekyll and Mr. Hyde, The Strange Cas","World Literature, Philosophy, and Religion",142
"Donne, John","World Literature, Philosophy, and Religion",142
"Dos Passos, John","World Literature, Philosophy, and Religion",142
"Rage, rage","World Literature, Philosophy, and Religion",142
"Double, double toil and trouble; / Fire burn, and","World Literature, Philosophy, and Religion",142
cauldron bubble,"World Literature, Philosophy, and Religion",142
e of,"World Literature, Philosophy, and Religion",142
"Doyle, Sir Arthur Conan","World Literature, Philosophy, and Religion",142
"Dracula, Count","World Literature, Philosophy, and Religion",143
"Dreiser, Theodore","World Literature, Philosophy, and Religion",143
Drink to me only with thine eyes,"World Literature, Philosophy, and Religion",143
"Dunbar, Paul Laurence","World Literature, Philosophy, and Religion",143
"East is East, and West is West, and neve","World Literature, Philosophy, and Religion",143
shall meet,"World Literature, Philosophy, and Religion",143
The Education of Henry Adams,"World Literature, Philosophy, and Religion",143
“Elegy Written in a Country Churchyar,"World Literature, Philosophy, and Religion",143
"Elementary, my dear Watson","World Literature, Philosophy, and Religion",143
"Eliot, George","World Literature, Philosophy, and Religion",143
r the twain,"World Literature, Philosophy, and Religion",143
"Eliot, T. S.","World Literature, Philosophy, and Religion",143
"Ellison, Ralph","World Literature, Philosophy, and Religion",144
Elmer Gantry,"World Literature, Philosophy, and Religion",144
"Emerson, Ralph Waldo","World Literature, Philosophy, and Religion",144
"Et tu, Brute?","World Literature, Philosophy, and Religion",144
"face that launched a thousand ships, W","World Literature, Philosophy, and Religion",144
Fagin,"World Literature, Philosophy, and Religion",144
“The Fall of the House of Usher”,"World Literature, Philosophy, and Religion",144
Falsta,"World Literature, Philosophy, and Religion",144
far from the madding crowd,"World Literature, Philosophy, and Religion",144
A Farewell to Arms,"World Literature, Philosophy, and Religion",144
"Faulkner, William","World Literature, Philosophy, and Religion",144
The female of the species is more deadly than the,"World Literature, Philosophy, and Religion",144
male,"World Literature, Philosophy, and Religion",144
as this the,"World Literature, Philosophy, and Religion",144
"Fielding, Henry","World Literature, Philosophy, and Religion",144
Fifteen men on the Dead Man’s Chest — / Yo-ho-,"World Literature, Philosophy, and Religion",144
"ho, and a bottle of rum!","World Literature, Philosophy, and Religion",144
"Fitzgerald, F. Scott","World Literature, Philosophy, and Religion",144
for whom the bell tolls,"World Literature, Philosophy, and Religion",144
Frankenstein,"World Literature, Philosophy, and Religion",145
"Franklin, The Autobiography of Benjamin","World Literature, Philosophy, and Religion",145
Friday,"World Literature, Philosophy, and Religion",145
"Friends, Romans, countrymen, lend me","World Literature, Philosophy, and Religion",145
"Frost, Robert","World Literature, Philosophy, and Religion",145
Gather ye rosebuds while ye may,"World Literature, Philosophy, and Religion",145
Get thee to a nunnery,"World Literature, Philosophy, and Religion",145
"Gibbon, Edward","World Literature, Philosophy, and Religion",145
“The Gift of the Magi”,"World Literature, Philosophy, and Religion",145
"Ginsberg, Allen","World Literature, Philosophy, and Religion",145
your ears,"World Literature, Philosophy, and Religion",145
"Give me your tired, your poor","World Literature, Philosophy, and Religion",145
Globe Theater,"World Literature, Philosophy, and Religion",146
God’s in his heaven — All’s right with the,"World Literature, Philosophy, and Religion",146
“Goldilocks and the Three Bears”,"World Literature, Philosophy, and Religion",146
Gone With the Wind,"World Literature, Philosophy, and Religion",146
The Grapes of Wrath,"World Literature, Philosophy, and Religion",146
Great Expectations,"World Literature, Philosophy, and Religion",146
The Great Gatsby,"World Literature, Philosophy, and Religion",146
"Grinch Stole Christmas, How the","World Literature, Philosophy, and Religion",146
world,"World Literature, Philosophy, and Religion",146
Gulliver’s Travels,"World Literature, Philosophy, and Religion",146
“Gunga Din”,"World Literature, Philosophy, and Religion",146
"Had we but world enough, and time, / This coy-","World Literature, Philosophy, and Religion",146
"ness, Lady, were no crime","World Literature, Philosophy, and Religion",146
Hamlet,"World Literature, Philosophy, and Religion",146
"Hammett, Dashiell","World Literature, Philosophy, and Religion",147
Harlem Renaissance,"World Literature, Philosophy, and Religion",147
Harry Potter,"World Literature, Philosophy, and Religion",147
"Hawthorne, Nathaniel","World Literature, Philosophy, and Religion",147
Heart of Darkness,"World Literature, Philosophy, and Religion",147
"Hellmann, Lillian","World Literature, Philosophy, and Religion",147
"Hemingway, Ernest","World Literature, Philosophy, and Religion",147
"Henry, O.","World Literature, Philosophy, and Religion",147
“Hey Diddle Diddle”,"World Literature, Philosophy, and Religion",147
"Hiawatha, The Song of","World Literature, Philosophy, and Religion",147
"“Hickory, Dickory, Dock”","World Literature, Philosophy, and Religion",148
"Holmes, Sherlock","World Literature, Philosophy, and Religion",148
"Hook, Captain","World Literature, Philosophy, and Religion",148
The horror! The horror!,"World Literature, Philosophy, and Religion",148
"Huckleberry Finn, The Adventures of","World Literature, Philosophy, and Religion",148
"Hughes, Langston","World Literature, Philosophy, and Religion",148
“Humpty Dumpty”,"World Literature, Philosophy, and Religion",148
"Hurston, Zora Neale","World Literature, Philosophy, and Religion",148
"Huxley, Aldous","World Literature, Philosophy, and Religion",149
"Hyde, Mr.","World Literature, Philosophy, and Religion",149
I wandered lonely as a cloud,"World Literature, Philosophy, and Religion",149
Iago,"World Literature, Philosophy, and Religion",149
"ides of March, Beware the","World Literature, Philosophy, and Religion",149
"If music be the food of love, play on","World Literature, Philosophy, and Religion",149
“In Flanders Fields”,"World Literature, Philosophy, and Religion",149
“Invictus”,"World Literature, Philosophy, and Religion",149
Invisible Man,"World Literature, Philosophy, and Religion",149
"Irving, Washington","World Literature, Philosophy, and Religion",149
"It is a far, far better thing that I do, than I have ever","World Literature, Philosophy, and Religion",149
done,"World Literature, Philosophy, and Religion",149
"It was the best of times, it was the worst of times","World Literature, Philosophy, and Religion",149
“Jack and the Beanstalk”,"World Literature, Philosophy, and Religion",149
“Jack and Jill”,"World Literature, Philosophy, and Religion",149
"“Jack, Be Nimble”","World Literature, Philosophy, and Religion",149
“Jack Sprat”,"World Literature, Philosophy, and Religion",149
"James, Henry","World Literature, Philosophy, and Religion",150
Jane Eyre,"World Literature, Philosophy, and Religion",150
Jeeves,"World Literature, Philosophy, and Religion",150
"Jekyll, Dr.","World Literature, Philosophy, and Religion",150
"Johnson, James Weldon","World Literature, Philosophy, and Religion",150
"Johnson, Samuel","World Literature, Philosophy, and Religion",150
"Joyce, James","World Literature, Philosophy, and Religion",150
Julius Caesar,"World Literature, Philosophy, and Religion",150
"justify the ways of God to men, to","World Literature, Philosophy, and Religion",150
"Keats, John","World Literature, Philosophy, and Religion",150
King James Bible,"World Literature, Philosophy, and Religion",150
King Lear,"World Literature, Philosophy, and Religion",150
"kingdom for a horse!, My","World Literature, Philosophy, and Religion",150
"Kipling, Rudyard","World Literature, Philosophy, and Religion",150
“Kubla Khan”,"World Literature, Philosophy, and Religion",150
The lady doth protest too much,"World Literature, Philosophy, and Religion",151
The land was ours before we were the land,"World Literature, Philosophy, and Religion",151
The Last of the Mohicans,"World Literature, Philosophy, and Religion",151
"Lawrence, D. H.","World Literature, Philosophy, and Religion",151
"Lay on, Macdu","World Literature, Philosophy, and Religion",151
lean and hungry look,"World Literature, Philosophy, and Religion",151
Leaves of Grass,"World Literature, Philosophy, and Religion",151
“The Legend of Sleepy Hollow”,"World Literature, Philosophy, and Religion",151
"Legree, Simon","World Literature, Philosophy, and Religion",151
"Lessing, Doris","World Literature, Philosophy, and Religion",151
’s,"World Literature, Philosophy, and Religion",151
Let me not to the marriage of true minds / Admit,"World Literature, Philosophy, and Religion",151
impediments,"World Literature, Philosophy, and Religion",151
"Lewis, C. S.","World Literature, Philosophy, and Religion",151
"Lewis, Sinclair","World Literature, Philosophy, and Religion",151
“Lift Ev’ry Voice and Sing”,"World Literature, Philosophy, and Religion",151
Lilliput,"World Literature, Philosophy, and Religion",152
“Little Bo-Peep”,"World Literature, Philosophy, and Religion",152
“Little Boy Blue”,"World Literature, Philosophy, and Religion",152
“Little Jack Horner”,"World Literature, Philosophy, and Religion",152
“Little Miss Muet”,"World Literature, Philosophy, and Religion",152
Little Women,"World Literature, Philosophy, and Religion",152
“London Bridge Is Falling Down”,"World Literature, Philosophy, and Religion",152
"London, Jack","World Literature, Philosophy, and Religion",152
"Longellow, Henry Wadsworth","World Literature, Philosophy, and Religion",152
Lord of the Flies,"World Literature, Philosophy, and Religion",152
"Lord, what fools these mortals be!","World Literature, Philosophy, and Religion",152
Macbeth,"World Literature, Philosophy, and Religion",152
"McCarthy, Mary","World Literature, Philosophy, and Religion",152
"McCullers, Carson","World Literature, Philosophy, and Religion",152
"Mailer, Norman","World Literature, Philosophy, and Religion",152
"Malaprop, Mrs.","World Literature, Philosophy, and Religion",153
a man’s reach should exceed his grasp,"World Literature, Philosophy, and Religion",153
Mary had a little lamb,"World Literature, Philosophy, and Religion",153
"“Mary, Mary, Quite Contrary”","World Literature, Philosophy, and Religion",153
The mass of men lead lives of quiet desperation,"World Literature, Philosophy, and Religion",153
"Melville, Herman","World Literature, Philosophy, and Religion",153
"Mencken, H. L.","World Literature, Philosophy, and Religion",153
The Merchant of Venice,"World Literature, Philosophy, and Religion",153
Middle English,"World Literature, Philosophy, and Religion",153
A Midsummer Night’s Dream,"World Literature, Philosophy, and Religion",153
miles to go before I sleep,"World Literature, Philosophy, and Religion",154
"Milne, A. A.","World Literature, Philosophy, and Religion",154
"Milton, John","World Literature, Philosophy, and Religion",154
Moby Dick,"World Literature, Philosophy, and Religion",154
“A Modest Proposal”,"World Literature, Philosophy, and Religion",154
"more things in heaven and Earth, Horatio","World Literature, Philosophy, and Religion",154
"Morrison, Toni","World Literature, Philosophy, and Religion",154
Mother Goose rhymes,"World Literature, Philosophy, and Religion",154
"Nabokov, Vladimir","World Literature, Philosophy, and Religion",154
Narrative of the Life of Frederick Douglass,"World Literature, Philosophy, and Religion",154
"Nash, Ogden","World Literature, Philosophy, and Religion",154
Native Son,"World Literature, Philosophy, and Religion",155
Neither a borrower nor a lender be,"World Literature, Philosophy, and Religion",155
Never-Never Land,"World Literature, Philosophy, and Religion",155
“The Night Before Christmas”,"World Literature, Philosophy, and Religion",155
Nineteen Eighty-Four,"World Literature, Philosophy, and Religion",155
"“O Captain, My Captain”","World Literature, Philosophy, and Religion",155
“Ode on a Grecian Urn”,"World Literature, Philosophy, and Religion",155
O with her head! O with his head!,"World Literature, Philosophy, and Religion",155
"O’Hara, Scarlett","World Literature, Philosophy, and Religion",155
Old English,"World Literature, Philosophy, and Religion",155
“Old King Cole”,"World Literature, Philosophy, and Religion",155
“Old Mother Hubbard”,"World Literature, Philosophy, and Religion",155
Oliver Twist,"World Literature, Philosophy, and Religion",156
"Once more unto the breach, dear friend","World Literature, Philosophy, and Religion",156
one that loved not wisely but too well,"World Literature, Philosophy, and Religion",156
"O’Neill, Eugene","World Literature, Philosophy, and Religion",156
"Orwell, George","World Literature, Philosophy, and Religion",156
Othello,"World Literature, Philosophy, and Religion",156
Our Town,"World Literature, Philosophy, and Religion",156
"Out, damned spot!","World Literature, Philosophy, and Religion",156
“The Owl and the Pussy-Cat”,"World Literature, Philosophy, and Religion",156
Paradise Lost,"World Literature, Philosophy, and Religion",156
"Parker, Dorothy","World Literature, Philosophy, and Religion",156
Parting is such sweet sorrow,"World Literature, Philosophy, and Religion",156
“Paul Revere’s Ride”,"World Literature, Philosophy, and Religion",156
Peter Pan,"World Literature, Philosophy, and Religion",156
“Peter Piper”,"World Literature, Philosophy, and Religion",156
"Pickwick, Samuel","World Literature, Philosophy, and Religion",157
“The Pied Piper of Hamelin”,"World Literature, Philosophy, and Religion",157
The Pilgrim’s Progress,"World Literature, Philosophy, and Religion",157
"Plath, Sylvia","World Literature, Philosophy, and Religion",157
"Poe, Edgar Allan","World Literature, Philosophy, and Religion",157
poet laureate,"World Literature, Philosophy, and Religion",157
Pollyanna,"World Literature, Philosophy, and Religion",157
Poor Richard’s Almanack,"World Literature, Philosophy, and Religion",157
"Pope, Alexander","World Literature, Philosophy, and Religion",157
pound of esh,"World Literature, Philosophy, and Religion",157
Pride and Prejudice,"World Literature, Philosophy, and Religion",158
"providence in the fall of a sparrow, The","World Literature, Philosophy, and Religion",158
cial,"World Literature, Philosophy, and Religion",158
Pulitzer Prizes,"World Literature, Philosophy, and Religion",158
Pygmalion,"World Literature, Philosophy, and Religion",158
The quality of mercy is not strained,"World Literature, Philosophy, and Religion",158
"Rand, Ayn","World Literature, Philosophy, and Religion",158
“The Raven”,"World Literature, Philosophy, and Religion",158
The Red Badge of Courage,"World Literature, Philosophy, and Religion",158
re’s a spe-,"World Literature, Philosophy, and Religion",158
The reports of my death are greatly exaggerated,"World Literature, Philosophy, and Religion",158
“The Rime of the Ancient Mariner”,"World Literature, Philosophy, and Religion",158
Ring-a-Ring o’ Roses,"World Literature, Philosophy, and Religion",158
Rings on her ngers and bells on her toes,"World Literature, Philosophy, and Religion",158
“Rip Van Winkle”,"World Literature, Philosophy, and Religion",158
Robin Hood,"World Literature, Philosophy, and Religion",158
Robinson Crusoe,"World Literature, Philosophy, and Religion",159
"“Rock-a-Bye, Baby”","World Literature, Philosophy, and Religion",159
romanticism,"World Literature, Philosophy, and Religion",159
Romeo and Juliet,"World Literature, Philosophy, and Religion",159
"Romeo, Romeo! Wherefore art thou R","World Literature, Philosophy, and Religion",159
Roots,"World Literature, Philosophy, and Religion",159
Rose is a rose is a rose is a rose,"World Literature, Philosophy, and Religion",159
"Rushdie, Salman","World Literature, Philosophy, and Religion",159
"Sandburg, Carl","World Literature, Philosophy, and Religion",159
The Scarlet Letter,"World Literature, Philosophy, and Religion",159
omeo?,"World Literature, Philosophy, and Religion",159
"Scott, Sir Walter","World Literature, Philosophy, and Religion",159
"Scrooge, Ebenezer","World Literature, Philosophy, and Religion",160
“The Secret Life of Walter Mitty”,"World Literature, Philosophy, and Religion",160
“Self-Reliance”,"World Literature, Philosophy, and Religion",160
"Seuss, Dr.","World Literature, Philosophy, and Religion",160
"Shakespeare, William","World Literature, Philosophy, and Religion",160
Shall I compare thee to a summer’s day?,"World Literature, Philosophy, and Religion",160
Shangri-La,"World Literature, Philosophy, and Religion",160
"Shaw, George Bernard (G. B. S.)","World Literature, Philosophy, and Religion",160
"Shelley, Percy Bysshe","World Literature, Philosophy, and Religion",160
"Shoot, if you must, this old gray head",Literature in English,161
Shylock,Literature in English,161
“Sing a Song of Sixpence”,Literature in English,161
Something is rotten in the state of Denma,Literature in English,161
star-crossed lovers,Literature in English,161
"Stein, Gertrude",Literature in English,161
"Steinbeck, John",Literature in English,161
"Steinem, Gloria",Literature in English,161
"Stevenson, Robert Louis",Literature in English,161
"Stowe, Harriet Beecher",Literature in English,161
A Streetcar Named Desire,Literature in English,161
The Sun Also Rises,Literature in English,161
sweetness and light,Literature in English,161
"Swift, Jonathan",Literature in English,162
The Taming of the Shrew,Literature in English,162
Tarzan,Literature in English,162
The Tempest,Literature in English,162
"Tennyson, Alfred, Lord",Literature in English,162
There was a little girl / Who had a little,Literature in English,162
“There Was an Old Woman Who Lived in a Shoe”,Literature in English,162
They also serve who only stand and wait,Literature in English,162
A thing of beauty is a joy forever,Literature in English,162
Thirty days hath September,Literature in English,162
“This Little Piggy Went to Market”,Literature in English,162
"Thomas, Dylan",Literature in English,162
curl,Literature in English,162
"Thoreau, Henry David",Literature in English,162
“Three Blind Mice”,Literature in English,163
“The Three Pigs”,Literature in English,163
Through the Looking-Glass,Literature in English,163
"Thurber, James",Literature in English,163
"tide in the aairs of men, There is a",Literature in English,163
Tiger! Tiger! burning bright,Literature in English,163
Time’s wingéd chariot,Literature in English,163
Tiny Tim,Literature in English,163
"To be, or not to be",Literature in English,163
Tobacco Road,Literature in English,163
"Tolkien, J. R. R.",Literature in English,163
"Tom Sawyer, The Adventures of",Literature in English,163
Tom Thumb,Literature in English,163
transcendentalism,Literature in English,163
Treasure Island,Literature in English,163
“Trees”,Literature in English,164
"Twain, Mark",Literature in English,164
Tweedledum and Tweedledee,Literature in English,164
Twelfth Night,Literature in English,164
"“Twinkle, Twinkle, Little Star”",Literature in English,164
Uncle Tom’s Cabin,Literature in English,164
Vanity Fair,Literature in English,165
Victorian,Literature in English,165
“The Village Blacksmith”,Literature in English,165
"Vonnegut, Kurt, Jr.",Literature in English,165
Walden,Literature in English,165
"Walker, Alice",Literature in English,165
“The Waste Land”,Literature in English,165
"Water, water everywhere, / Nor any drop",Literature in English,165
We are such stu / As dreams are made on,Literature in English,165
"Wells, H. G.",Literature in English,165
"Welty, Eudora",Literature in English,165
to drink,Literature in English,165
"Wharton, Edith",Literature in English,166
What’s in a name? That which we call,Literature in English,166
any other name would smell as sweet,Literature in English,166
"Whitman, Walt",Literature in English,166
"Wilde, Oscar",Literature in English,166
"Wilder, Thornton",Literature in English,166
"Williams, Tennessee",Literature in English,166
Wind in the Willows,Literature in English,166
Winnie-the-Pooh,Literature in English,166
the winter of our discontent,Literature in English,166
a rose / By,Literature in English,166
"Wizard of Oz, The Wonderful",Literature in English,166
"Woolf, Virginia",Literature in English,167
"Wordsworth, William",Literature in English,167
“The World Is Too Much with Us”,Literature in English,167
"Wright, Richard",Literature in English,167
Wuthering Heights,Literature in English,167
Yahoos,Literature in English,167
"Yeats, William Butler",Literature in English,167
abbreviation,Literature in English,169
acronym,Literature in English,169
active voice,Literature in English,169
A.D.,Literature in English,169
adjective,Literature in English,169
adverb,Literature in English,169
agreement,Literature in English,169
allegory,Literature in English,169
alliteration,Literature in English,169
allusion,Literature in English,169
ampersand,Literature in English,169
analogy,Literature in English,169
antonyms,Literature in English,170
aphorism,Literature in English,170
apostrophe,Literature in English,170
articles,Literature in English,170
autobiography,Literature in English,170
auxiliary verb,Literature in English,170
ballad,Literature in English,170
B.C.,Literature in English,170
B.C.E.,Literature in English,170
bibliography,Literature in English,170
biography,Literature in English,170
blank verse,Literature in English,170
bowdlerizing,Literature in English,170
brackets,Literature in English,170
capital letters,Literature in English,170
case,Literature in English,170
character,Literature in English,171
circumlocution,Literature in English,171
classicism,Literature in English,171
clause,Literature in English,171
cliché,Literature in English,171
colon,Literature in English,171
comedy,Literature in English,171
comma,Literature in English,171
comparative,Literature in English,171
complex sentence,Literature in English,171
compound sentence,Literature in English,171
compound-complex sentence,Literature in English,171
conciseness,Literature in English,171
conjunction,Literature in English,172
connotation,Literature in English,172
consonants,Literature in English,172
contraction,Literature in English,172
coordination,Literature in English,172
copyright,Literature in English,172
couplet,Literature in English,172
dash,Literature in English,172
dead languages,Literature in English,172
declarative sentence,Literature in English,172
denite article,Literature in English,172
demonstrative pronouns,Literature in English,172
denotation,Literature in English,172
dénouement,Literature in English,172
dependent clause,Literature in English,172
Dewey decimal system,Literature in English,173
diction,Literature in English,173
direct object,Literature in English,173
double-entendre,Literature in English,173
draft,Literature in English,173
dramatis personae,Literature in English,173
editorial,Literature in English,173
e.g.,Literature in English,173
elegy,Literature in English,173
ellipsis,Literature in English,173
epic,Literature in English,173
epigram,Literature in English,173
essay,Literature in English,173
et al.,Literature in English,173
eulogy,Literature in English,174
euphemism,Literature in English,174
exclamation point,Literature in English,174
exeunt,Literature in English,174
expletive,Literature in English,174
expurgate,Literature in English,174
fallacy,Literature in English,174
folklore,Literature in English,174
four-letter words,Literature in English,174
free verse,Literature in English,174
gender,Literature in English,174
genre,Literature in English,174
gerund,Literature in English,174
grammar,Literature in English,174
homonyms,Literature in English,174
homophones,Literature in English,174
hyperbole,Literature in English,174
hyphen,Literature in English,174
iambic pentameter,Literature in English,175
ibid.,Literature in English,175
idiom,Literature in English,175
i.e.,Literature in English,175
imagery,Literature in English,175
imperative,Literature in English,175
in medias res,Literature in English,175
indenite article,Literature in English,175
indentation,Literature in English,175
independent clause,Literature in English,175
index,Literature in English,175
indirect object,Literature in English,175
innitive,Literature in English,175
inection,Literature in English,175
interjection,Literature in English,175
interrogative sentence,Literature in English,175
intransitive verb,Literature in English,175
irony,Literature in English,176
irregular verb,Literature in English,176
italics,Literature in English,176
jargon,Literature in English,176
juvenilia,Literature in English,176
leading question,Literature in English,176
limerick,Literature in English,176
lower-case letters,Literature in English,176
lyric,Literature in English,176
malapropism,Literature in English,176
melodrama,Literature in English,176
metaphor,Literature in English,176
meter,Literature in English,176
modier,Literature in English,176
motif,Literature in English,176
Ms.,Literature in English,176
mythology,Literature in English,177
narration,Literature in English,177
narrator,Literature in English,177
N.B.,Literature in English,177
nom de plume,Literature in English,177
nominative case,Literature in English,177
non sequitur,Literature in English,177
noun,Literature in English,177
novel,Literature in English,177
nuance,Literature in English,177
number,Literature in English,177
object,Literature in English,177
objective case,Literature in English,177
oxymoron,Literature in English,177
paradox,Literature in English,177
paragraph,Literature in English,177
paraphrase,Literature in English,177
parentheses,Literature in English,177
parody,Literature in English,178
participle,Literature in English,178
parts of a sentence,Literature in English,178
parts of speech,Literature in English,178
passim,Literature in English,178
passive voice,Literature in English,178
pastoral,Literature in English,178
period,Literature in English,178
person,Literature in English,178
personal pronoun,Literature in English,178
phrase,Literature in English,179
plagiarism,Literature in English,179
plot,Literature in English,179
plural,Literature in English,179
possessive,Literature in English,179
predicate,Literature in English,179
prex,Literature in English,179
preposition,Literature in English,179
pronoun,Literature in English,179
protagonist,Literature in English,179
proverb,Literature in English,179
purple prose,Literature in English,179
question mark,Literature in English,179
quotation marks,Literature in English,179
realism,Literature in English,179
rebuttal,Literature in English,179
redundancy,Literature in English,180
reference works,Literature in English,180
refrain,Literature in English,180
regular verb,Literature in English,180
rhetorical question,Literature in English,180
rhyme,Literature in English,180
roman à clef,Literature in English,180
Roman numerals,Literature in English,180
romance,Literature in English,180
romanticism,Literature in English,180
run-on sentence,Literature in English,180
sarcasm,Literature in English,180
satire,Literature in English,180
science ction,Literature in English,180
semicolon,Literature in English,180
sequel,Literature in English,180
simile,Literature in English,181
simple sentence,Literature in English,181
singular,Literature in English,181
slang,Literature in English,181
sonnet,Literature in English,181
split innitive,Literature in English,181
spoonerism,Literature in English,181
stage direction,Literature in English,181
stanza,Literature in English,181
stereotype,Literature in English,181
stream of consciousness,Literature in English,181
subject,Literature in English,181
subjunctive,Literature in English,181
subordination,Literature in English,181
superlative,Literature in English,182
syllable,Literature in English,182
symbol,Literature in English,182
synonyms,Literature in English,182
syntax,Literature in English,182
tense,Literature in English,182
theme,Literature in English,182
thesis,Literature in English,182
thriller,Literature in English,182
topic sentence,Literature in English,182
tragedy,Literature in English,182
transitive verb,Literature in English,182
understatement,Literature in English,182
upper-case letters,Literature in English,182
verb,Literature in English,182
verse,Literature in English,182
vowels,Literature in English,183
a cappella,Literature in English,185
abstract art,Literature in English,185
abstract expressionism,Literature in English,185
Academy Awards,Literature in English,185
Acropolis,Literature in English,185
adagio,Literature in English,185
"Adams, Ansel",Literature in English,185
“Adeste Fideles”,Literature in English,185
Aïda,Literature in English,185
"Albee, Edward",Literature in English,185
allegro,Literature in English,186
"Allen, Woody",Literature in English,186
alto,Literature in English,186
“Amazing Grace”,Literature in English,186
“America”,Literature in English,186
“America the Beautiful”,Literature in English,186
American Gothic,Literature in English,186
"Anderson, Marian",Literature in English,186
arch,Literature in English,187
aria,Literature in English,187
"Armstrong, Louis",Literature in English,187
art for art’s sake,Literature in English,187
"Astaire, Fred",Literature in English,187
"Audubon, John James",Literature in English,187
“Auld Lang Syne”,Literature in English,187
"Bach, Johann Sebastian",Literature in English,187
"Baker, Josephine",Literature in English,187
ballad,Literature in English,187
ballerina,Literature in English,187
ballet,Literature in English,188
banjo,Literature in English,188
The Barber of Seville,Literature in English,188
barbershop singing,Literature in English,188
baritone,Literature in English,188
"Barnum, Phineas T.",Literature in English,188
baroque,Literature in English,188
Barrymore family,Literature in English,188
"Basie, Count",Literature in English,188
basilica,Literature in English,188
bas-relief,Literature in English,189
bass,Literature in English,189
bass drum,Literature in English,189
bass viol,Literature in English,189
bassoon,Literature in English,189
baton,Literature in English,189
“Battle Hymn of the Republic”,Literature in English,189
Bauhaus,Literature in English,189
Beale Street,Literature in English,189
Beatles,Literature in English,189
"Beethoven, Ludwig van",Literature in English,189
"Benny, Jack",Literature in English,190
"Bergman, Ingmar",Literature in English,190
"Berlin, Irving",Literature in English,190
"Bernhardt, Sarah",Literature in English,190
"Bernstein, Leonard",Literature in English,190
"Berry, Chuck",Literature in English,190
Big Ben,Literature in English,190
The Birth of a Nation,Literature in English,190
The Birth of Venus,Literature in English,190
"Bizet, Georges",Literature in English,190
bluegrass,Literature in English,190
blues,Literature in English,191
“Blue-Tail Fly”,Literature in English,191
"Bogart, Humphrey",Literature in English,191
bohemian,Literature in English,191
Bolshoi Theater,Literature in English,191
"Bosch, Hieronymus",Literature in English,191
"Botticelli, Sandro",Literature in English,191
"Brahms, Johannes",Literature in English,191
"Brando, Marlon",Literature in English,191
brass,Literature in English,191
brass band,Literature in English,191
Broadway,Literature in English,191
Brooklyn Bridge,Literature in English,191
"Brueghel, Pieter, the Elder",Literature in English,192
Bualo Bill,Literature in English,192
"Bunker, Archie",Literature in English,192
"Calder, Alexander",Literature in English,192
“Camptown Races”,Literature in English,192
cantata,Literature in English,192
capital,Literature in English,192
"Capitol, United States",Literature in English,192
caricature,Literature in English,192
Carmen,Literature in English,192
Carnegie Hall,Literature in English,192
"Caruso, Enrico",Literature in English,192
Casablanca,Literature in English,192
"Casals, Pablo",Literature in English,193
“Casey Jones”,Literature in English,193
"Cassatt, Mary",Literature in English,193
cathedral,Literature in English,193
cello,Literature in English,193
"Cézanne, Paul",Literature in English,193
"Chagall, Marc",Literature in English,193
chamber music,Literature in English,193
"Chaplin, Charlie",Literature in English,193
Charleston,Literature in English,193
"Chartres, Cathedral of",Literature in English,193
"Chopin, Frédéric",Literature in English,194
chord,Literature in English,194
choreography,Literature in English,194
clarinet,Literature in English,194
classic,Literature in English,194
classical music,Literature in English,194
“Clementine”,Literature in English,194
coda,Literature in English,194
"Cohan, George M.",Literature in English,194
coloratura,Literature in English,194
Colosseum,Literature in English,194
“Coming Through the Rye”,Literature in English,194
concerto,Literature in English,194
"Constable, John",Literature in English,194
contralto,Literature in English,194
"Copland, Aaron",Literature in English,194
"Corbusier, Le",Literature in English,194
Corinthian,Literature in English,194
"Cosby, Bill",Literature in English,195
counterpoint,Literature in English,195
country and western music,Literature in English,195
crescendo,Literature in English,195
"Crosby, Bing",Literature in English,195
Crystal Palace,Literature in English,195
cubism,Literature in English,195
cupola,Literature in English,195
Currier and Ives,Literature in English,195
cymbal,Literature in English,195
"Dali, Salvador",Literature in English,195
David,Literature in English,195
"de Kooning, Willem",Literature in English,195
"Debussy, Claude",Literature in English,195
“Deck the Halls”,Literature in English,196
"Degas, Edgar",Literature in English,196
dilettante,Literature in English,196
"Disney, Walt",Literature in English,196
“Dixie”,Literature in English,196
Dixieland,Literature in English,196
Don Giovanni,Literature in English,196
Doric,Literature in English,196
double bass,Literature in English,196
“Down in the Valley”,Literature in English,196
“The Drunken Sailor”,Literature in English,196
"Duncan, Isadora",Literature in English,196
"Dürer, Albrecht",Literature in English,197
"Dylan, Bob",Literature in English,197
Eiel Tower,Literature in English,197
"Ellington, Duke",Literature in English,197
Empire State Building,Literature in English,197
engraving,Literature in English,197
"Escher, M. C.",Literature in English,197
etching,Literature in English,197
expressionism,Literature in English,197
ddle,Literature in English,197
"Fields, W. C.",Literature in English,197
ne arts,Literature in English,197
"Fitzgerald, Ella",Literature in English,198
ying buttress,Literature in English,198
folk music,Literature in English,198
forte,Literature in English,198
fortissimo,Literature in English,198
"Foster, Stephen",Literature in English,198
French horn,Literature in English,198
fresco,Literature in English,198
frieze,Literature in English,198
functionalism,Literature in English,198
"Garbo, Greta",Literature in English,198
gargoyle,Literature in English,198
"Gauguin, Paul",Literature in English,198
"Gershwin, George",Literature in English,198
Gilbert and Sullivan,Literature in English,198
Giotto,Literature in English,199
“God Bless America”,Literature in English,199
"Goldberg, Rube",Literature in English,199
Golden Gate Bridge,Literature in English,199
"Goodman, Benny",Literature in English,199
gospel music,Literature in English,199
Gothic,Literature in English,199
"Goya, Francisco",Literature in English,199
"Graham, Martha",Literature in English,199
Great Wall of China,Literature in English,199
"Greco, El",Literature in English,199
Gregorian chant,Literature in English,199
"Grith, D. W.",Literature in English,199
"Gropius, Walter",Literature in English,199
guitar,Literature in English,200
"Guthrie, Woody",Literature in English,200
"Hagia Sophia, Cathedral of",Literature in English,200
“Hail to the Chief”,Literature in English,200
“Hallelujah Chorus”,Literature in English,200
"Hammerstein, Oscar, II",Literature in English,200
"Handel, George Frederick",Literature in English,200
harmony,Literature in English,200
harp,Literature in English,201
harpsichord,Literature in English,201
"Haydn, Franz Josef",Literature in English,201
"Hendrix, Jimi",Literature in English,201
"Hepburn, Katharine",Literature in English,201
hip-hop,Literature in English,201
"Hitchcock, Alfred",Literature in English,201
“Home on the Range”,Literature in English,201
"“Home, Sweet Home”",Literature in English,201
"Homer, Winslow",Literature in English,201
"Hope, Bob",Literature in English,201
"Hopper, Edward",Literature in English,201
"Houdini, Harry",Literature in English,201
I never met a man I didn’t like,Literature in English,202
icon,Literature in English,202
impresario,Literature in English,202
impressionism,Literature in English,202
Ionic,Literature in English,202
“I’ve Been Working on the Railroad”,Literature in English,202
jazz,Literature in English,202
“John Brown’s Body”,Literature in English,202
“John Henry”,Literature in English,202
Jolly Roger,Literature in English,202
"Joplin, Scott",Literature in English,202
“Joshua Fit the Battle of Jericho”,Literature in English,202
Justice,Literature in English,203
"Kandinsky, Wassily",Literature in English,203
kettledrum,Literature in English,203
"Key, Francis Scott",Literature in English,203
King Kong,Literature in English,203
kitsch,Literature in English,203
"Klee, Paul",Literature in English,203
The Last Supper,Literature in English,203
Laurel and Hardy,Literature in English,203
Leaning Tower of Pisa,Literature in English,203
leitmotif,Literature in English,203
Leonardo da Vinci,Literature in English,203
liberal arts,Literature in English,204
Liberty Bell,Literature in English,204
lieder,Literature in English,204
Lincoln Memorial,Literature in English,204
"Liszt, Franz",Literature in English,204
“Loch Lomond”,Literature in English,204
Louvre,Literature in English,204
Madame Buttery,Literature in English,204
Madonna,Literature in English,204
Madonna (Madonna Louise Ciccone),Literature in English,204
maestro,Literature in English,204
The Magic Flute,Literature in English,205
"Mahler, Gustav",Literature in English,205
"Manet, Edouard",Literature in English,205
The Marriage of Figaro,Literature in English,205
“The Marseillaise”,Literature in English,205
Marx brothers,Literature in English,205
M*A*S*H,Literature in English,205
Mass,Literature in English,205
"Matisse, Henri",Literature in English,205
mausoleum,Literature in English,205
"Mendelssohn, Felix",Literature in English,205
Messiah,Literature in English,205
Metropolitan Museum of Art,Literature in English,205
Metropolitan Opera,Literature in English,205
mezzo soprano,Literature in English,205
Michelangelo,Literature in English,205
The Mikado,Literature in English,206
"Miller, Glenn",Literature in English,206
Mine eyes have seen the glory of the com,Literature in English,206
Lord,Literature in English,206
mobile,Literature in English,206
Mona Lisa,Literature in English,206
"Mondrian, Piet",Literature in English,206
"Monet, Claude",Literature in English,206
"Monroe, Marilyn",Literature in English,206
montage,Literature in English,206
Monticello,Literature in English,206
ing of the,Literature in English,206
Monty Python,Literature in English,207
Moonlight Sonata,Literature in English,207
"Moore, Henry",Literature in English,207
mosaic,Literature in English,207
"Moses, Grandma",Literature in English,207
movement,Literature in English,207
"Mozart, Wolfgang Amadeus",Literature in English,207
mural,Literature in English,207
musical,Literature in English,207
musical comedy,Literature in English,207
"My country, ’tis of thee",Literature in English,207
My Fair Lady,Literature in English,207
National Anthem of the United States,Literature in English,207
National Gallery of Art,Literature in English,207
naturalism,Literature in English,207
"Nijinsky, Vaslav",Literature in English,207
Ninth Symphony,Literature in English,207
“Nobody Knows the Trouble I’ve Seen”,Literature in English,207
"Notre Dame de Paris, Cathedral of",Literature in English,208
Now I lay me down to sleep,Literature in English,208
The Nutcracker,Literature in English,208
O beautiful for spacious skies,Literature in English,208
"“O Come, All Ye Faithful”",Literature in English,208
oboe,Literature in English,208
octave,Literature in English,208
o-Broadway,Literature in English,208
“Oh! Susanna”,Literature in English,208
"O’Keee, Georgia",Literature in English,208
Oklahoma!,Literature in English,208
“Ol’ Man River”,Literature in English,208
"Olivier, Laurence",Literature in English,208
“On Top of Old Smoky”,Literature in English,209
“Onward Christian Soldiers”,Literature in English,209
opera,Literature in English,209
operetta,Literature in English,209
oratorio,Literature in English,209
orchestra,Literature in English,209
Oscar,Literature in English,209
“Over There”,Literature in English,209
overture,Literature in English,209
pagoda,Literature in English,209
"Palladio, Andrea",Literature in English,209
Parthenon,Literature in English,209
"Pavarotti, Luciano",Literature in English,209
“Peanuts”,Literature in English,209
percussion,Literature in English,209
perspective,Literature in English,209
Peter and the Wolf,Literature in English,210
pianissimo,Literature in English,210
piano,Literature in English,210
pianoforte,Literature in English,210
piazza,Literature in English,210
"Picasso, Pablo",Literature in English,210
piccolo,Literature in English,210
Pietà,Literature in English,210
"Pinafore, H.M.S.",Literature in English,210
polka,Literature in English,210
"Pollock, Jackson",Literature in English,210
pop art,Literature in English,211
Porgy and Bess,Literature in English,211
"Porter, Cole",Literature in English,211
postmodernism,Literature in English,211
"Prado, Museo del",Literature in English,211
"Presley, Elvis",Literature in English,211
prima ballerina,Literature in English,211
primitivism,Literature in English,211
"Puccini, Giacomo",Literature in English,211
punk,Literature in English,211
pyramids,Literature in English,211
quartet,Literature in English,211
quintet,Literature in English,211
ragtime,Literature in English,211
Raphael,Literature in English,212
recitative,Literature in English,212
recorder,Literature in English,212
reed,Literature in English,212
reggae,Literature in English,212
Rembrandt,Literature in English,212
"Renoir, Pierre-Auguste",Literature in English,212
Requiem,Literature in English,212
Rhapsody in Blue,Literature in English,212
rhythm,Literature in English,212
Ring of the Nibelung,Literature in English,212
"Rivera, Diego",Literature in English,212
"Robeson, Paul",Literature in English,213
rock ’n’ roll,Literature in English,213
"Rockwell, Norman",Literature in English,213
rococo,Literature in English,213
"Rodgers, Richard",Literature in English,213
"Rodin, Auguste",Literature in English,213
"Rogers, Ginger",Literature in English,213
"Rogers, Will",Literature in English,213
Romanesque,Literature in English,213
romanticism,Literature in English,213
"Rothko, Mark",Literature in English,214
round,Literature in English,214
"“Row, Row, Row Your Boat”",Literature in English,214
"Rubens, Peter Paul",Literature in English,214
"Rubinstein, Arthur",Literature in English,214
“Saint Louis Blues”,Literature in English,214
Saint Paul’s Cathedral,Literature in English,214
Saint Peter’s Basilica,Literature in English,214
saxophone,Literature in English,214
"Scala, La",Literature in English,214
scale,Literature in English,214
"Schubert, Franz",Literature in English,214
"Schulz, Charles M.",Literature in English,215
"Schumann, Robert",Literature in English,215
Sears Tower,Literature in English,215
“Sesame Street”,Literature in English,215
“Silent Night”,Literature in English,215
Sistine Chapel,Literature in English,215
skull and crossbones,Literature in English,215
snare drum,Literature in English,215
sonata,Literature in English,215
soprano,Literature in English,215
"Soussa, John Philip",Literature in English,215
sousaphone,Literature in English,215
Sphinx,Literature in English,215
"Spielberg, Steven",Literature in English,215
The Spirit of ’76,Literature in English,216
spirituals,Literature in English,216
"Springsteen, Bruce",Literature in English,216
staccato,Literature in English,216
“The Star-Spangled Banner”,Literature in English,216
Star Trek,Literature in English,216
Star Wars,Literature in English,216
Stars and Stripes,Literature in English,216
“The Stars and Stripes Forever”,Literature in English,216
Statue of Liberty,Literature in English,216
"Stern, Isaac",Literature in English,217
"Stewart, James",Literature in English,217
"Stoppard, Tom",Literature in English,217
Stradivarius,Literature in English,217
"Strauss, Johann, the Younger",Literature in English,217
"Strauss, Richard",Literature in English,217
"Stravinsky, Igor",Literature in English,217
string quartet,Literature in English,217
strings,Literature in English,217
"Stuart, Gilbert",Literature in English,217
suite,Literature in English,217
“Summertime”,Literature in English,217
surrealism,Literature in English,217
Swan Lake,Literature in English,218
swing,Literature in English,218
"“Swing Low, Sweet Chariot”",Literature in English,218
symphony,Literature in English,218
Taj Mahal,Literature in English,218
“Take Me Out to the Ball Game”,Literature in English,218
tango,Literature in English,218
"Taylor, Elizabeth",Literature in English,218
"Tchaikovsky, Peter Ilyich",Literature in English,218
“Te Deum”,Literature in English,218
tempo,Literature in English,218
tenor,Literature in English,218
The Thinker,Literature in English,218
“This Land Is Your Land”,Conventions of Written English,219
Tiany glass,Conventions of Written English,219
timpani,Conventions of Written English,219
Tin Pan Alley,Conventions of Written English,219
Titian,Conventions of Written English,219
"Toscanini, Arturo",Conventions of Written English,219
"Toulouse-Lautrec, Henri de",Conventions of Written English,219
trombone,Conventions of Written English,219
trumpet,Conventions of Written English,219
tuba,Conventions of Written English,219
"Turner, Joseph Mallord William",Conventions of Written English,219
Uzi Gallery,Conventions of Written English,219
ukulele,Conventions of Written English,219
unison,Conventions of Written English,219
"van Gogh, Vincent",Conventions of Written English,219
vaudeville,Conventions of Written English,219
"Velázquez, Diego de",Conventions of Written English,219
Venus de Milo,Conventions of Written English,219
"Verdi, Giuseppe",Conventions of Written English,219
"Vermeer, Jan",Conventions of Written English,219
"Versailles, Palace of",Conventions of Written English,220
Vietnam Memorial,Conventions of Written English,220
viola,Conventions of Written English,220
violin,Conventions of Written English,220
"Vivaldi, Antonio",Conventions of Written English,220
"Wagner, Richard",Conventions of Written English,220
"Warhol, Andy",Conventions of Written English,220
Washington Crossing the Delaware,Conventions of Written English,220
Washington Mall,Conventions of Written English,220
Washington Monument,Conventions of Written English,220
Water Music,Conventions of Written English,220
"Wayne, John",Conventions of Written English,221
"Welles, Orson",Conventions of Written English,221
"West, Mae",Conventions of Written English,221
“When Johnny Comes Marching Home”,Conventions of Written English,221
“When the Saints Go Marching In”,Conventions of Written English,221
"Whistler, James",Conventions of Written English,221
Whistler’s Mother,Conventions of Written English,221
“White Christmas”,Conventions of Written English,221
White House,Conventions of Written English,221
whole tone,Conventions of Written English,221
wind instruments,Conventions of Written English,221
woodwinds,Conventions of Written English,221
"Wren, Christopher",Conventions of Written English,221
"Wright, Frank Lloyd",Conventions of Written English,222
"Wyeth, Andrew",Conventions of Written English,222
“Yankee Doodle”,Conventions of Written English,222
“Yankee Doodle Dandy”,Conventions of Written English,222
Alexander the Great,Conventions of Written English,224
Athens,Conventions of Written English,224
Attila the Hun,Conventions of Written English,224
Augustus Caesar,Conventions of Written English,224
Aztecs,Conventions of Written English,224
Babylon,Conventions of Written English,224
"Bacon, Francis",Conventions of Written English,224
"Balboa, Vasco Núñez de",Conventions of Written English,224
"Becket, Thomas à",Conventions of Written English,224
Black Death,Conventions of Written English,225
"Boleyn, Anne",Conventions of Written English,225
"Borgia, Cesare",Conventions of Written English,225
"Borgia, Lucrezia",Conventions of Written English,225
bread and circuses,Conventions of Written English,225
Bronze Age,Conventions of Written English,225
Brutus,Conventions of Written English,225
Byzantine Empire,Conventions of Written English,225
Caesar,Conventions of Written English,225
Caligula,Conventions of Written English,225
Carthage,Conventions of Written English,225
Cato,Conventions of Written English,225
Charlemagne,Conventions of Written English,226
chivalry,Conventions of Written English,226
classical antiquity,Conventions of Written English,226
Cleopatra,Conventions of Written English,226
"Columbus, Christopher",Conventions of Written English,226
conquistadores,Conventions of Written English,226
Constantine the Great,Conventions of Written English,226
Constantinople,Conventions of Written English,226
"Copernicus, Nicolaus",Conventions of Written English,226
"Cortés, Hernando",Conventions of Written English,226
Crusades,Conventions of Written English,227
Dark Ages,Conventions of Written English,227
Demosthenes,Conventions of Written English,227
"Erasmus, Desiderius",Conventions of Written English,227
"Ericson, Leif",Conventions of Written English,227
Fall of Rome,Conventions of Written English,227
Ferdinand and Isabella,Conventions of Written English,227
feudalism,Conventions of Written English,227
Genghis Khan,Conventions of Written English,227
"Godiva, Lady",Conventions of Written English,227
guilds,Conventions of Written English,228
"Gutenberg, Johann",Conventions of Written English,228
Hammurabi,Conventions of Written English,228
Hannibal,Conventions of Written English,228
"Hastings, Battle of",Conventions of Written English,228
Hellenistic Age,Conventions of Written English,228
Henry VIII,Conventions of Written English,228
Herodotus,Conventions of Written English,229
hieroglyphics,Conventions of Written English,229
Holy Roman Empire,Conventions of Written English,229
homage,Conventions of Written English,229
Hundred Years’ War,Conventions of Written English,229
Huns,Conventions of Written English,229
"I came, I saw, I conquered",Conventions of Written English,229
ides of March,Conventions of Written English,229
Incas,Conventions of Written English,229
indulgence,Conventions of Written English,229
Inquisition,Conventions of Written English,230
Iron Age,Conventions of Written English,230
Joan of Arc,Conventions of Written English,230
Julius Caesar,Conventions of Written English,230
knight,Conventions of Written English,230
Latin,Conventions of Written English,230
"Magellan, Ferdinand",Conventions of Written English,231
Magna Carta,Conventions of Written English,231
Mali empire,Conventions of Written English,231
"Marathon, Battle of",Conventions of Written English,231
Mayas,Conventions of Written English,231
Medici,Conventions of Written English,231
"Medici, Lorenzo de",Conventions of Written English,231
medieval,Conventions of Written English,231
Mesopotamia,Conventions of Written English,231
Middle Ages,Conventions of Written English,231
Ming Dynasty,Conventions of Written English,232
Montezuma,Conventions of Written English,232
"More, Thomas",Conventions of Written English,232
Nero,Conventions of Written English,232
Norman Conquest,Conventions of Written English,232
Olympic Games,Conventions of Written English,232
Ottoman Empire,Conventions of Written English,233
Oxford and Cambridge Universities,Conventions of Written English,233
Pax Romana,Conventions of Written English,233
Peloponnesian War,Conventions of Written English,233
Pericles,Conventions of Written English,233
Persian Empire,Conventions of Written English,233
pharaohs,Conventions of Written English,233
Phoenicia,Conventions of Written English,233
"Pizarro, Francisco",Conventions of Written English,233
"Polo, Marco",Conventions of Written English,233
Pompeii,Conventions of Written English,233
"Ponce de León, Juan",Conventions of Written English,233
Praetorian Guard,Conventions of Written English,233
Ptolemy,Conventions of Written English,233
Punic Wars,Conventions of Written English,234
pyramids,Conventions of Written English,234
Reformation,Conventions of Written English,234
Renaissance,Conventions of Written English,234
Richard the Lion-Hearted,Conventions of Written English,234
Roman Empire,Conventions of Written English,234
"Roses, Wars of the",Fine Arts,236
Rosetta stone,Fine Arts,236
Rubicon,Fine Arts,236
Saladin,Fine Arts,236
"Savonarola, Girolamo",Fine Arts,236
serf,Fine Arts,236
Seven Wonders of the Ancient World,Fine Arts,236
Spanish Inquisition,Fine Arts,236
Sparta,Fine Arts,236
Spartacus,Fine Arts,236
Stone Age,Fine Arts,236
Stonehenge,Fine Arts,236
Thucydides,Fine Arts,237
toga,Fine Arts,237
"Torquemada, Tomás de",Fine Arts,237
Trojan War,Fine Arts,237
Tutankhamen,Fine Arts,237
Vandals,Fine Arts,237
vassal,Fine Arts,237
vestal virgins,Fine Arts,237
Vikings,Fine Arts,237
William the Conqueror,Fine Arts,237
"Allende, Salvador",Fine Arts,239
Allies,Fine Arts,239
ancien régime,Fine Arts,239
"Arafat, Yasir",Fine Arts,239
"Armada, Spanish",Fine Arts,239
Armenian massacres,Fine Arts,239
"Assad, Hafez al-",Fine Arts,239
"Ataturk, Kemal",Fine Arts,240
Auschwitz,Fine Arts,240
Axis powers,Fine Arts,240
Bastille,Fine Arts,240
"Ben-Gurion, David",Fine Arts,240
Berlin airlift,Fine Arts,241
"bin Laden, Osama",Fine Arts,241
"Bismarck, Otto von",Fine Arts,241
Black Hole of Calcutta,Fine Arts,241
blitzkrieg,Fine Arts,241
Boer War,Fine Arts,241
Boers,Fine Arts,241
"Bolívar, Simón",Fine Arts,241
Bolsheviks,Fine Arts,241
Bourbons,Fine Arts,241
"Brezhnev, Leonid",Fine Arts,241
"Britain, Battle of",Fine Arts,242
British Empire,Fine Arts,242
"Bulge, Battle of the",Fine Arts,242
"Burke, Edmund",Fine Arts,242
"Castro, Fidel",Fine Arts,242
Catherine the Great,Fine Arts,242
Central Powers,Fine Arts,242
"Chamberlain, Neville",Fine Arts,242
Chiang Kai-shek,Fine Arts,242
"Churchill, Winston",Fine Arts,242
"Clemenceau, Georges",Fine Arts,243
collapse of communism,Fine Arts,243
Commonwealth,Fine Arts,243
The Communist Manifesto,Fine Arts,243
concentration camp,Fine Arts,243
Congress party,Fine Arts,244
"Cook, Captain James",Fine Arts,244
Cossacks,Fine Arts,244
Counter Reformation,Fine Arts,244
Crimean War,Fine Arts,244
"Cromwell, Oliver",Fine Arts,244
Cuban missile crisis,Fine Arts,244
"Cultural Revolution, Great Proletarian",Fine Arts,244
czar,Fine Arts,244
Dachau,Fine Arts,244
"Danton, Georges",Fine Arts,244
D-Day,Fine Arts,245
"De Gaulle, Charles",Fine Arts,245
Deng Xiaoping,Fine Arts,245
de-Stalinization,Fine Arts,245
Dienbienphu,Fine Arts,245
"Disraeli, Benjamin",Fine Arts,245
divine right of kings,Fine Arts,245
"Doctor Livingstone, I presume?",Fine Arts,246
"Drake, Sir Francis",Fine Arts,246
Dreyfus aair,Fine Arts,246
Dunkirk,Fine Arts,246
East Germany,Fine Arts,246
Edwardian period,Fine Arts,246
"Eichmann, Adolf",Fine Arts,246
Elizabeth I,Fine Arts,246
Elizabeth II,Fine Arts,247
"Engels, Friedrich",Fine Arts,247
Enlightenment,Fine Arts,247
Falkland Islands,Fine Arts,247
fascism,Fine Arts,247
fth column,Fine Arts,247
n de siècle,Fine Arts,247
Final Solution,Fine Arts,247
"France, fall of",Fine Arts,247
"Francis Ferdinand, Archduke",Fine Arts,247
"Franco, Francisco",Fine Arts,247
French Revolution,Fine Arts,248
"Führer, der",Fine Arts,248
"Gandhi, Indira",Fine Arts,248
"Gandhi, Mahatma (Mohandas Ka",Fine Arts,248
Gandhi),Fine Arts,248
Gang of Four,Fine Arts,248
"Garibaldi, Giuseppe",Fine Arts,248
George III,Fine Arts,248
ramchand,Fine Arts,248
Gestapo,Fine Arts,248
"Gladstone, William Ewart",Fine Arts,249
Glorious Revolution,Fine Arts,249
"Goebbels, Joseph",Fine Arts,249
"Goering (or Göring), Hermann",Fine Arts,249
goose step,Fine Arts,249
"Gorbachev, Mikhail",Fine Arts,249
Great War,Fine Arts,249
"Guevara, Ernesto “Che”",Fine Arts,249
guillotine,Fine Arts,250
"Hammarskjöld, Dag",Fine Arts,250
"Hanover, House of",Fine Arts,250
Hapsburgs,Fine Arts,250
"Himmler, Heinrich",Fine Arts,250
Hirohito,Fine Arts,250
Hiroshima,Fine Arts,250
"Hitler, Adolf",Fine Arts,250
Ho Chi Minh,Fine Arts,251
Holocaust,Fine Arts,251
Huguenots,Fine Arts,251
"Hussein, Saddam",Fine Arts,251
Industrial Revolution,Fine Arts,251
International,Fine Arts,251
Iron Curtain,Fine Arts,251
Ivan the Terrible,Fine Arts,251
Jack the Ripper,Fine Arts,251
Jacobins,Fine Arts,252
"John XXIII, Pope",Fine Arts,252
"John Paul II, Pope",Fine Arts,252
Kaiser,Fine Arts,252
kamikaze,Fine Arts,252
Khmer Rouge,Fine Arts,252
"Khomeini, Ayatollah Ruhollah",Fine Arts,252
"Khrushchev, Nikita",Fine Arts,252
"Kidd, Captain William",Fine Arts,252
Klondike gold rush,Fine Arts,252
Kuomintang,Fine Arts,252
Lawrence of Arabia,Fine Arts,252
League of Nations,Fine Arts,252
Lenin,Fine Arts,253
"Lloyd George, David",Fine Arts,253
Long March,Fine Arts,253
lost generation,Fine Arts,253
Louis XIV,Fine Arts,253
Louis XVI,Fine Arts,253
Luddites,Fine Arts,253
Luftwae,Fine Arts,253
Lusitania,Fine Arts,253
Maginot line,Fine Arts,254
Manchu dynasty,Fine Arts,254
"Mandela, Nelson",Fine Arts,254
Mao Zedong (Mao Tse-tung),Fine Arts,254
Maoism,Fine Arts,254
"Marat, Jean-Paul",Fine Arts,255
Marie Antoinette,Fine Arts,255
Marshall Plan,Fine Arts,255
"Marx, Karl",Fine Arts,255
master race,Fine Arts,255
Mata Hari,Fine Arts,255
Meiji Restoration,Fine Arts,255
Mein Kampf,Fine Arts,255
"Meir, Golda",Fine Arts,255
"Metternich, Prince Clemens von",Fine Arts,255
"Milosevic, Slobodan",Fine Arts,255
Moguls (or Mughals),Fine Arts,255
"Montessori, Maria",Fine Arts,256
"Montgomery, Bernard",Fine Arts,256
Mother Teresa,Fine Arts,256
Munich Pact,Fine Arts,256
"Mussolini, Benito",Fine Arts,256
Napoleon Bonaparte,Fine Arts,256
"Nasser, Gamal Abdel",Fine Arts,256
Nationalist China,Fine Arts,256
Nazis,Fine Arts,258
Nazism,Fine Arts,258
Nazi-Soviet Non-Aggression Pact,Fine Arts,258
"Nehru, Jawaharlal",Fine Arts,258
"Nelson, Admiral Horatio",Fine Arts,258
New World,Fine Arts,258
"Nightingale, Florence",Fine Arts,258
"Nkrumah, Kwame",Fine Arts,259
"Normandy, invasion of",Fine Arts,259
nuclear testing,Fine Arts,259
Nuremberg trials,Fine Arts,259
October Revolution,Fine Arts,259
Old World,Fine Arts,259
Ottoman Empire,Fine Arts,259
"Perón, Eva",Fine Arts,259
"Perón, Juan",Fine Arts,259
Persian Gulf War,Fine Arts,259
Peter the Great,Fine Arts,259
"William Pitt, the Elder",Fine Arts,259
"Poland, invasion of",Fine Arts,259
"potato famine, Irish",Fine Arts,260
Puritans,Fine Arts,260
"Putin, Vladimir",Fine Arts,260
"Qadda, Muammar",Fine Arts,260
"Quisling, Vidkun",Fine Arts,260
"Rabin, Yitzhak",Fine Arts,260
RAF,Fine Arts,260
"Raleigh, Sir Walter",Fine Arts,260
"Rasputin, Grigori",Fine Arts,260
"Reason, Age of",Fine Arts,260
Red Guards,Fine Arts,260
Reign of Terror,Fine Arts,261
"Resistance, Free French",Fine Arts,261
Restoration,Fine Arts,261
Revolutions of,Fine Arts,261
"Richelieu, Cardinal",Fine Arts,261
Robespierre,Fine Arts,261
Romanovs,Fine Arts,261
"Rommel, Erwin",Fine Arts,261
Rothschilds,Fine Arts,261
Royal Air Force,Fine Arts,261
Royal Navy,Fine Arts,261
Russian Revolution,Fine Arts,262
Russo-Japanese War,Fine Arts,262
Rwandan Genocide,Fine Arts,262
"Sadat, Anwar",Fine Arts,262
"Sakharov, Andrei",Fine Arts,262
Sarajevo,Fine Arts,262
"Schweitzer, Albert",Fine Arts,262
Seven Years’ War,Fine Arts,262
shoguns,Fine Arts,263
Six-Day War,Fine Arts,263
Soviet Union,Fine Arts,263
Spanish Civil War,Fine Arts,263
SS,Fine Arts,263
"Stalin, Joseph",Fine Arts,263
"Stalingrad, Battle of",Fine Arts,264
Stalinism,Fine Arts,264
Stalin’s purge trials,Fine Arts,264
Star Chamber,Fine Arts,264
Stuarts,Fine Arts,264
Suez Canal crisis,Fine Arts,264
Suharto,Fine Arts,264
Sukarno,Fine Arts,264
Sun King,Fine Arts,264
"Thatcher, Margaret",Fine Arts,264
Third Reich,Fine Arts,265
Thirty Years’ War,Fine Arts,265
Tiananmen Square,Fine Arts,265
Titanic,Fine Arts,265
"Tito, Marshal",Fine Arts,265
"Trafalgar, Battle of",Fine Arts,265
trench warfare,Fine Arts,265
"Trotsky, Leon",Fine Arts,265
"Trudeau, Pierre Elliott",Fine Arts,265
Tudors,Fine Arts,265
U-boats,Fine Arts,265
Vatican II,Fine Arts,265
V-E Day,Fine Arts,265
"Versailles, Treaty of",Fine Arts,265
Vichy government,Fine Arts,266
"Victoria, Queen",Fine Arts,266
Victorian period,Fine Arts,266
"Vienna, Congress of",Fine Arts,266
Viet Cong,Fine Arts,266
"Villa, Pancho",Fine Arts,266
V-J Day,Fine Arts,267
"Walesa, Lech",Fine Arts,267
war crimes,Fine Arts,267
Warsaw Pact,Fine Arts,267
"Waterloo, Battle of",Fine Arts,267
Weimar Republic,Fine Arts,267
"Wellington, duke of",Fine Arts,267
West Germany,Fine Arts,267
white man’s burden,Fine Arts,268
Wilhelm II,Fine Arts,268
William and Mary,Fine Arts,268
"Windsor, duke of",Fine Arts,268
World War I,Fine Arts,268
World War II,Fine Arts,268
Yalta agreement,World History to 1550,271
"Yeltsin, Boris",World History to 1550,271
"Zapata, Emiliano",World History to 1550,271
Zhou En-lai (Chou En-lai),World History to 1550,271
abolitionism,World History to 1550,273
"Adams, John",World History to 1550,273
"Adams, John Quincy",World History to 1550,273
"Adams, Samuel",World History to 1550,273
Alamo,World History to 1550,273
Alien and Sedition Acts,World History to 1550,273
The American Crisis,World History to 1550,273
antebellum,World History to 1550,273
"Appleseed, Johnny",World History to 1550,274
Appomattox Court House,World History to 1550,274
"Arnold, Benedict",World History to 1550,274
Articles of Confederation,World History to 1550,274
"Attucks, Crispus",World History to 1550,274
"Banneker, Benjamin",World History to 1550,274
Bill of Rights,World History to 1550,274
Blue and the Gray,World History to 1550,274
"Boone, Daniel",World History to 1550,274
"Booth, John Wilkes",World History to 1550,274
Boston Massacre,World History to 1550,275
Boston Tea Party,World History to 1550,275
"Brown, John",World History to 1550,275
"Bull Run, Battle of",World History to 1550,275
"Bunker Hill, Battle of",World History to 1550,275
"Burr, Aaron",World History to 1550,275
Burr-Hamilton duel,World History to 1550,275
"Calhoun, John C.",World History to 1550,275
"Carson, Kit",World History to 1550,276
"Chancellorsville, Battle of",World History to 1550,276
Cherokees,World History to 1550,276
Civil War,World History to 1550,276
"Clay, Henry",World History to 1550,276
Common Sense,World History to 1550,276
Compromise of,World History to 1550,276
Confederacy,World History to 1550,278
Confederate,World History to 1550,278
Constitution,World History to 1550,278
Constitutional Convention,World History to 1550,278
Continental Congress,World History to 1550,278
"Cornwallis, Charles",World History to 1550,278
"Coronado, Francisco",World History to 1550,278
covered wagon,World History to 1550,278
"Crockett, Davy",World History to 1550,278
Damn the torpedoes,World History to 1550,278
"Davis, Jeerson",World History to 1550,278
Declaration of Independence,World History to 1550,278
Democratic party,World History to 1550,279
"Dix, Dorothea",World History to 1550,279
Don’t re until you see the whites of their eyes,World History to 1550,279
"Douglas, Stephen A.",World History to 1550,279
"Douglass, Frederick W.",World History to 1550,280
Dred Scott decision,World History to 1550,280
"Edwards, Jonathan",World History to 1550,280
Emancipation Proclamation,World History to 1550,280
entangling alliances with none,World History to 1550,280
Erie Canal,World History to 1550,280
"Farewell Address, Washington’s",World History to 1550,280
"Farragut, David",World History to 1550,280
father of his country,World History to 1550,280
The Federalist Papers,World History to 1550,280
Federalist party,World History to 1550,280
First Amendment,World History to 1550,280
"First in war, rst in peace, and rst in th",World History to 1550,281
his countrymen,World History to 1550,281
forty-niners,World History to 1550,281
Founding Fathers,World History to 1550,281
Fourth of July,World History to 1550,281
"Franklin, Benjamin",World History to 1550,281
French and Indian War,World History to 1550,281
e hearts of,World History to 1550,281
Fugitive Slave Act,World History to 1550,281
"Garrison, William Lloyd",World History to 1550,281
"Gettysburg, Battle of",World History to 1550,281
Gettysburg Address,World History to 1550,282
Give me liberty or give me death,World History to 1550,282
"Go west, young man",World History to 1550,282
"gold rush, California",World History to 1550,282
"government of the people, by the peop",World History to 1550,282
the people,World History to 1550,282
"Grant, Ulysses S.",World History to 1550,282
"Greeley, Horace",World History to 1550,282
"Hale, Nathan",World History to 1550,282
"Hamilton, Alexander",World History to 1550,282
"le, and for",World History to 1550,282
"Hancock, John",World History to 1550,283
Harpers Ferry,World History to 1550,283
"Hemings, Sally",World History to 1550,283
"Henry, Patrick",World History to 1550,283
Homestead Act,World History to 1550,283
“House Divided” speech,World History to 1550,283
"Houston, Sam",World History to 1550,283
"Hudson, Henry",World History to 1550,283
I cannot tell a lie,World History to 1550,283
I have not yet begun to ght,World History to 1550,283
I only regret that I have but one life to lose for my,World History to 1550,283
country,World History to 1550,283
indentured servant,World History to 1550,283
Independence Day,World History to 1550,283
Intolerable Acts,World History to 1550,283
Iroquois League,World History to 1550,284
"Jackson, Andrew",World History to 1550,284
"Jackson, “Stonewall”",World History to 1550,284
Jacksonian democracy,World History to 1550,284
Jamestown,World History to 1550,284
"Jeerson, Thomas",World History to 1550,284
Jeersonian democracy,World History to 1550,284
Jeersonianism versus Hamiltonianism,World History to 1550,285
"Jones, John Paul",World History to 1550,285
Kansas-Nebraska Act,World History to 1550,285
Know-Nothings,World History to 1550,285
"Lafayette, Marquis de",World History to 1550,285
"Latte, Jean",World History to 1550,285
"Lee, Robert E.",World History to 1550,285
Lewis and Clark expedition,World History to 1550,285
"Lexington and Concord, Battle of",World History to 1550,286
"Lincoln, Abraham",World History to 1550,286
Lincoln-Douglas debates,World History to 1550,287
Lincoln’s second inaugural address,World History to 1550,287
Louisiana Purchase,World History to 1550,287
"Madison, Dolley  Dolly",World History to 1550,287
"Madison, James",World History to 1550,287
manifest destiny,World History to 1550,287
"Mann, Horace",World History to 1550,287
Marbury versus Madison,World History to 1550,287
"Marion, Francis",World History to 1550,287
"Marshall, John",World History to 1550,287
Mason-Dixon line,World History to 1550,287
"Mather, Cotton",World History to 1550,288
Mayower,World History to 1550,288
Mayower Compact,World History to 1550,288
McGuey’s Readers,World History to 1550,288
Mexican War,World History to 1550,288
Minutemen,World History to 1550,288
Missouri Compromise,World History to 1550,288
versus MonitorMerrimack,World History to 1550,288
"Monroe, James",World History to 1550,288
Monroe Doctrine,World History to 1550,289
"Morse, Samuel F. B.",World History to 1550,289
Navajos,World History to 1550,289
New Amsterdam,World History to 1550,289
Northwest Ordinance,World History to 1550,289
Northwest Passage,World History to 1550,289
nullication,World History to 1550,289
"One if by land, and two if by sea",World History to 1550,289
Oregon Trail,World History to 1550,289
"Paine, Thomas",World History to 1550,289
"Penn, William",World History to 1550,289
Pennsylvania Dutch,World History to 1550,289
Pilgrims,World History to 1550,290
Plymouth Colony,World History to 1550,290
Plymouth Rock,World History to 1550,290
Pocahontas,World History to 1550,290
"Polk, James K.",World History to 1550,290
Pony Express,World History to 1550,290
Preamble to the Constitution,World History to 1550,290
Pueblos,World History to 1550,290
Remember the Alamo!,World History to 1550,290
Republican party,World History to 1550,290
"Revere, Paul",World History to 1550,290
Revolutionary War,World History to 1550,291
"Ross, Betsy",World History to 1550,291
Sacajawea,World History to 1550,291
Salem witch trials,World History to 1550,291
"Saratoga, Battle of",World History to 1550,291
secession,World History to 1550,291
Seminoles,World History to 1550,291
Seneca Falls Convention,World History to 1550,291
Shakers,World History to 1550,291
Shawnees,World History to 1550,293
Shays’s Rebellion,World History to 1550,293
"Sherman, William Tecumseh",World History to 1550,293
Sherman’s march to the sea,World History to 1550,293
shot heard round the world,World History to 1550,293
slave trade,World History to 1550,293
"Smith, Captain John",World History to 1550,293
Stamp Act,World History to 1550,293
"Stuyvesant, Peter",World History to 1550,293
"Sumter, Fort",World History to 1550,293
Taxation without representation is tyranny,World History to 1550,293
Tecumseh,World History to 1550,294
These are the times that try men’s souls,World History to 1550,294
thirteen colonies,World History to 1550,294
Tippecanoe and Tyler too,World History to 1550,294
"Tocqueville, Alexis de",World History to 1550,294
Trail of Tears,World History to 1550,294
"Truth, Sojourner",World History to 1550,294
"Tubman, Harriet",World History to 1550,294
"Turner, Nat",World History to 1550,294
Underground Railroad,World History to 1550,294
Union,World History to 1550,295
Valley Forge,World History to 1550,295
Virginia and Kentucky Resolutions,World History to 1550,295
Virginia dynasty,World History to 1550,295
wampum,World History to 1550,295
War of,World History to 1550,295
"Washington, George",World History to 1550,295
"Webster, Daniel",World History to 1550,296
"Webster, Noah",World History to 1550,296
"We have met the enemy, and they are ours",World History to 1550,296
Whig party,World History to 1550,296
Whisky Rebellion,World History to 1550,296
"Williams, Roger",World History since 1550,297
"Winthrop, John",World History since 1550,297
Women’s Christian Temperance Union (WCTU),World History since 1550,297
"Yorktown, Battle of",World History since 1550,297
"Aaron, Henry (Hank Aaron)",World History since 1550,299
"Addams, Jane",World History since 1550,299
"Agnew, Spiro",World History since 1550,299
"Albright, Madeleine",World History since 1550,299
"Ali, Muhammad",World History since 1550,300
"Anthony, Susan B.",World History since 1550,300
Apaches,World History since 1550,300
Apollo,World History since 1550,300
"Ashe, Arthur",World History since 1550,300
Ask not what your country can do for you; ask,World History since 1550,300
what you can do for your country,World History since 1550,300
decisionBakke,World History since 1550,300
"Barton, Clara",World History since 1550,300
Bay of Pigs,World History since 1550,300
"Bethune, Mary McLeod",World History since 1550,301
big stick diplomacy,World History since 1550,301
Big Ten,World History since 1550,301
Billy the Kid,World History since 1550,301
"Black, Hugo",World History since 1550,301
Black Muslims,World History since 1550,301
Black Panthers,World History since 1550,301
Black Power,World History since 1550,301
Bonnie and Clyde,World History since 1550,301
"Borden, Lizzie",World History since 1550,301
"Bradley, Omar",World History since 1550,301
brain trust,World History since 1550,301
"Brandeis, Louis D.",World History since 1550,301
( deci-Brown versus Board of EducationBrown,World History since 1550,301
sion),World History since 1550,301
"Bryan, William Jennings",World History since 1550,302
Bualo Bill,World History since 1550,302
"Bunche, Ralph",World History since 1550,302
"Bush, George H. W.",World History since 1550,302
"Bush, George W.",World History since 1550,302
The business of America is business,World History since 1550,302
"Byrd, Richard E.",World History since 1550,302
"Capone, Al",World History since 1550,302
carpetbaggers,World History since 1550,302
"Carter, James Earl (Jimmy Carter)",World History since 1550,303
"Carver, George Washington",World History since 1550,303
Chappaquiddick incident,World History since 1550,303
Chief Joseph,World History since 1550,303
child labor laws,World History since 1550,303
Chinese Exclusion Act of,World History since 1550,303
Civil Rights Act of,World History since 1550,303
civil rights movement,World History since 1550,304
"Cleveland, Grover",World History since 1550,304
"Clinton, Hillary Rodham",World History since 1550,304
"Clinton, William Jeerson (Bill)",World History since 1550,304
Clinton impeachment,World History since 1550,304
"Cobb, Ty",World History since 1550,304
Congress on Racial Equality (CORE),World History since 1550,304
containment,World History since 1550,304
"Coolidge, Calvin",World History since 1550,304
"Crash of , stock market",World History since 1550,305
Crazy Horse,World History since 1550,305
Cross of Gold speech,World History since 1550,305
Cuban missile crisis,World History since 1550,305
Custer’s last stand,World History since 1550,305
"Daley, Richard",World History since 1550,305
"Darrow, Clarence",World History since 1550,305
A date which will live in infamy,World History since 1550,305
Dawes Act of,World History since 1550,305
"Debs, Eugene V.",World History since 1550,306
Democratic party,World History since 1550,306
"Depression, Great",World History since 1550,306
"Dewey, John",World History since 1550,306
"Dillinger, John",World History since 1550,306
doughboys,World History since 1550,306
"Douglas, William O.",World History since 1550,306
"DuBois, W. E. B.",World History since 1550,306
"Dulles, John Foster",World History since 1550,306
Dust Bowl,World History since 1550,307
"Earhart, Amelia",World History since 1550,307
"Earp, Wyatt",World History since 1550,307
"Eisenhower, Dwight D. (Ike)",World History since 1550,307
Ellis Island,World History since 1550,307
"Farmer, Fannie",World History since 1550,307
"Ferraro, Geraldine",World History since 1550,307
reside chats,World History since 1550,308
appers,World History since 1550,308
"Ford, Gerald",World History since 1550,308
Four Freedoms,World History since 1550,308
Fourteen Points,World History since 1550,308
"Frankfurter, Felix",World History since 1550,308
Freedom Riders,World History since 1550,308
"Friedan, Betty",World History since 1550,308
Fulbright scholarships,World History since 1550,309
"Gareld, James A.",World History since 1550,309
"Garvey, Marcus",World History since 1550,309
"Gehrig, Lou",World History since 1550,309
Geronimo,World History since 1550,309
GI Bill,World History since 1550,309
GI Joe,World History since 1550,309
"Gilman, Charlotte P.",World History since 1550,309
"Goldwater, Barry",World History since 1550,309
"Gompers, Samuel",World History since 1550,309
"Graham, Billy",World History since 1550,309
Great Society,World History since 1550,309
Griswold versus Connecticut,World History since 1550,309
"Halsey, William F.",World History since 1550,310
"Harding, Warren G.",World History since 1550,310
Harding scandals,World History since 1550,310
"Hearst, William Randolph",World History since 1550,310
"Hickok, Wild Bill",World History since 1550,310
"Hiss, Alger",World History since 1550,310
"Hoa, Jimmy",World History since 1550,310
"Holmes, Oliver Wendell, Jr.",World History since 1550,310
"Hoover, Herbert",World History since 1550,310
"Hoover, J. Edgar",World History since 1550,310
Hoovervilles,World History since 1550,311
I have a dream,World History since 1550,311
I shall return,World History since 1550,311
Iran-Contra aair,World History since 1550,311
Ivy League,World History since 1550,311
Iwo Jima,World History since 1550,311
"Jackson, Jesse",World History since 1550,311
"James, Jesse",World History since 1550,311
"Japanese Americans, internment of",World History since 1550,311
Jazz Age,World History since 1550,311
Jim Crow,World History since 1550,311
John Birch Society,World History since 1550,311
"Johnson, Andrew",World History since 1550,312
"Johnson, Lyndon Baines (LBJ)",World History since 1550,312
"Jordan, Michael",World History since 1550,312
"Keller, Helen",World History since 1550,312
"Kennedy, Edward (Ted)",World History since 1550,312
"Kennedy, John F. (JFK)",World History since 1550,312
"Kennedy, Robert",World History since 1550,313
Kent State,World History since 1550,313
Kentucky Derby,World History since 1550,313
"King, Martin Luther, Jr.",World History since 1550,313
"Kissinger, Henry",World History since 1550,314
Korean War,World History since 1550,314
Ku Klux Klan (KKK),World History since 1550,314
"La Guardia, Fiorello",World History since 1550,314
"Lafayette, we are here",World History since 1550,314
“Letter from Birmingham Jail”,World History since 1550,314
"Lindbergh, Charles A.",World History since 1550,315
"Lippmann, Walter",World History since 1550,315
"Long, Huey",World History since 1550,315
"Louis, Joe",World History since 1550,315
lynch law,World History since 1550,315
"MacArthur, Douglas",World History since 1550,315
Maa,World History since 1550,315
Malcolm X,World History since 1550,315
Manhattan Project,World History since 1550,315
"Marshall, George C.",World History since 1550,316
"Marshall, Thurgood",World History since 1550,316
massive resistance,World History since 1550,316
"McCarthy, Joseph R.",World History since 1550,316
McCarthyism,World History since 1550,316
"McGovern, George",World History since 1550,316
"McKinley, William",World History since 1550,316
"Midway Island, Battle of",World History since 1550,316
militia movement of the s,World History since 1550,317
muckrakers,World History since 1550,317
"Murrow, Edward R.",World History since 1550,317
My Lai massacre,World History since 1550,317
"Nation, Carry",World History since 1550,317
National Origins Act of,World History since 1550,317
New Deal,World History since 1550,317
New Frontier,World History since 1550,317
New Left,World History since 1550,317
"Nimitz, Admiral Chester",World History since 1550,317
Nisei,World History since 1550,317
"Nixon, Richard",World History since 1550,317
normalcy,World History since 1550,318
"Oakley, Annie",World History since 1550,318
"O’Connor, Sandra Day",World History since 1550,318
Oklahoma City Bombing,World History since 1550,318
"Onassis, Jacqueline Kennedy",World History since 1550,318
The only thing we have to fear is fear itself,World History since 1550,318
"Oswald, Lee Harvey",World History since 1550,318
"Owens, Jesse",World History since 1550,318
"Parks, Rosa",World History since 1550,319
"Patton, George",World History since 1550,319
"Paul, Alice",World History since 1550,319
Pearl Harbor,World History since 1550,319
"Peary, Robert E.",World History since 1550,319
Pentagon Papers,World History since 1550,319
"Perkins, Frances",World History since 1550,319
"Perot, H. Ross",World History since 1550,319
"Pershing, John",World History since 1550,320
Plessy versus Ferguson,World History since 1550,320
Populist party,World History since 1550,320
"Powell, Colin",World History since 1550,320
progressive education,World History since 1550,320
Progressive movement,World History since 1550,320
Prohibition,World History since 1550,320
The public be damned,World History since 1550,321
"Rankin, Jeanette",World History since 1550,321
"Reagan, Ronald",World History since 1550,321
Reconstruction,World History since 1550,321
Red Scare,World History since 1550,322
Religious Right,World History since 1550,322
Remember the Maine,World History since 1550,322
Republican party,World History since 1550,322
Roaring Twenties,World History since 1550,322
"Robinson, Jackie",World History since 1550,322
"Rockefeller, Nelson",World History since 1550,322
Roe versus Wade,World History since 1550,322
"Roosevelt, Eleanor",World History since 1550,322
"Roosevelt, Franklin D. (FDR)",World History since 1550,323
"Roosevelt, Theodore",World History since 1550,323
Roosevelt’s Court packing plan,World History since 1550,323
Rose Bowl,World History since 1550,324
caseRosenberg,World History since 1550,324
Rough Riders,World History since 1550,324
"Ruth, Babe",World History since 1550,324
Sacco and Vanzetti,World History since 1550,324
"Sanger, Margaret",World History since 1550,324
Scopes trial,World History since 1550,325
SDI,World History since 1550,325
September  attacks,World History since 1550,325
settlement houses,World History since 1550,325
"Seward, William H.",World History since 1550,325
sharecropping,World History since 1550,325
Sherman Antitrust Act,World History since 1550,325
silent majority,World History since 1550,326
Sioux,World History since 1550,326
sit-ins,World History since 1550,326
Sitting Bull,World History since 1550,326
Social Gospel,World History since 1550,326
Spanish-American War,World History since 1550,326
Speak softly and carry a big stick,World History since 1550,327
spoils system,World History since 1550,327
"Stanton, Elizabeth Cady",World History since 1550,327
Star Wars,World History since 1550,327
"Stevenson, Adlai E.",World History since 1550,327
Stonewall Riot,World History since 1550,327
Super Bowl,World History since 1550,327
"Taft, William Howard",World History since 1550,327
Taft-Hartley Act,World History since 1550,327
Tennessee Valley Authority (TVA),World History since 1550,327
Tet oensive,World History since 1550,327
"Thorpe, Jim",World History since 1550,327
Three Mile Island,World History since 1550,328
transcontinental railroad,World History since 1550,328
"Truman, Harry S.",World History since 1550,328
Truman-MacArthur controversy,World History since 1550,328
"Tweed, William Marcy",World History since 1550,328
Vietnam War,World History since 1550,328
Voting Rights Act of,World History since 1550,329
"Wallace, George",World History since 1550,329
War is hell,World History since 1550,329
War on Poverty,World History since 1550,329
"Warren, Earl",World History since 1550,329
"Washington, Booker T.",World History since 1550,329
Watergate,World History since 1550,329
Watts riots,World History since 1550,330
“We Shall Overcome”,World History since 1550,330
"Wilson, Woodrow",World History since 1550,330
women’s movement,World History since 1550,330
"Woods, Tiger",World History since 1550,330
Works Progress Administration (WPA),World History since 1550,330
The world must be made safe for democracy,World History since 1550,330
World Series,American History to 1865,331
World Trade Center,American History to 1865,331
Wounded Knee,American History to 1865,331
yellow journalism,American History to 1865,331
Yellow Peril,American History to 1865,331
ABM Treaty,American History to 1865,332
absolute monarchy,American History to 1865,332
acquittal,American History to 1865,332
Al Qaeda,American History to 1865,332
Amnesty International,American History to 1865,332
anarchism,American History to 1865,333
antiballistic missile,American History to 1865,333
anti-Semitism,American History to 1865,333
apartheid,American History to 1865,333
appeasement,American History to 1865,333
Arab-Israeli conict,American History to 1865,333
aristocracy,American History to 1865,333
at large,American History to 1865,333
atomic bomb (A-bomb),American History to 1865,334
attaché,American History to 1865,334
autocracy,American History to 1865,334
balance of power,American History to 1865,334
balance of terror,American History to 1865,334
balkanization,American History to 1865,334
banana republics,American History to 1865,334
Berlin wall,American History to 1865,334
bicameral legislature,American History to 1865,334
bilateralism,American History to 1865,334
bioterrorism,American History to 1865,334
birth control,American History to 1865,334
brinkmanship,American History to 1865,334
Bundestag,American History to 1865,334
cabinet,American History to 1865,334
capital punishment,American History to 1865,334
capitalism,American History to 1865,334
chauvinism,American History to 1865,335
civil disobedience,American History to 1865,335
civil service,American History to 1865,335
coalition,American History to 1865,335
cold war,American History to 1865,335
colonialism,American History to 1865,335
commissar,American History to 1865,335
commissioned ocer,American History to 1865,335
common law,American History to 1865,335
communism,American History to 1865,335
communist,American History to 1865,336
confederation,American History to 1865,336
consent of the governed,American History to 1865,336
conservatism,American History to 1865,336
conservative,American History to 1865,336
constitution,American History to 1865,336
constitutional monarchy,American History to 1865,336
counterinsurgency,American History to 1865,336
coup,American History to 1865,336
coup d’état,American History to 1865,336
Court of St. James’s,American History to 1865,336
cultural imperialism,American History to 1865,336
demagogue,American History to 1865,336
democracy,American History to 1865,336
despotism,American History to 1865,336
détente,American History to 1865,336
deterrence,American History to 1865,336
developing nation,American History to 1865,337
dictatorship,American History to 1865,337
diplomatic immunity,American History to 1865,337
disfranchisement,American History to 1865,337
dissidents,American History to 1865,337
Eastern Bloc,American History to 1865,337
equity,American History to 1865,337
escalation,American History to 1865,337
established church,American History to 1865,337
ethnic cleansing,American History to 1865,337
European Union,American History to 1865,337
expatriation,American History to 1865,337
extradition,American History to 1865,337
faction,American History to 1865,337
family planning,American History to 1865,337
feminism,American History to 1865,337
general strike,American History to 1865,338
Geneva Conventions,American History to 1865,338
genocide,American History to 1865,338
glasnost,American History to 1865,338
global village,American History to 1865,338
graft,American History to 1865,338
greatest good for the greatest number,American History to 1865,338
Greenpeace,American History to 1865,338
guerrilla warfare,American History to 1865,338
gulag,American History to 1865,338
Gypsies,American History to 1865,338
Hamas,American History to 1865,338
Hezbollah,American History to 1865,338
house arrest,American History to 1865,338
House of Commons,American History to 1865,338
House of Lords,American History to 1865,339
human rights,American History to 1865,339
hydrogen bomb,American History to 1865,339
ideology,American History to 1865,339
imperialism,American History to 1865,339
intercontinental ballistic missile (ICBM,American History to 1865,339
intermediate-range ballistic missile (I,American History to 1865,339
International Court of Justice,American History to 1865,339
international law,American History to 1865,339
“Internationale”,American History to 1865,339
internationalism,American History to 1865,339
intifada,American History to 1865,339
Irish Republican Army (IRA),American History to 1865,339
Islamic fundamentalism,American History to 1865,339
RBM),American History to 1865,339
jingoism,American History to 1865,339
John Bull,American History to 1865,339
junta,American History to 1865,340
KGB,American History to 1865,340
kibbutz,American History to 1865,340
Knesset,American History to 1865,340
Kosovo War,American History to 1865,340
Kremlin,American History to 1865,340
Kurds,American History to 1865,340
Kyoto Protocol,American History to 1865,340
leftist,American History to 1865,341
left-wing,American History to 1865,341
legitimate government,American History to 1865,341
liberal,American History to 1865,341
liberalism,American History to 1865,341
mandate,American History to 1865,341
Marxism,American History to 1865,341
Marxism-Leninism,American History to 1865,341
minister,American History to 1865,341
Molotov cocktail,American History to 1865,341
monarchy,American History to 1865,341
moratorium,American History to 1865,341
multilateralism,American History to 1865,341
multiple independently targeted re-en,American History to 1865,342
(MIRV),American History to 1865,342
national liberation movements,American History to 1865,342
national self-determination,American History to 1865,342
nationalism,American History to 1865,342
nationalization,American History to 1865,342
natural rights,American History to 1865,342
neocolonialism,American History to 1865,342
New Labour,American History to 1865,342
NGOs,American History to 1865,342
try vehicle,American History to 1865,342
Nobel laureate,American History to 1865,342
Nobel Prizes,American History to 1865,342
nonaligned nations,American History to 1865,342
nonperson,American History to 1865,342
Nonproliferation Treaty,American History to 1865,342
nonviolent resistance,American History to 1865,342
North Atlantic Treaty Organization (NAT,American History to 1865,343
Nuclear Test Ban Treaty,American History to 1865,343
nuclear testing,American History to 1865,343
nuclear weapon,American History to 1865,343
nuclear-free zone,American History to 1865,343
oligarchy,American History to 1865,343
ombudsman,American History to 1865,343
Organization of American States (OAS),American History to 1865,343
O),American History to 1865,343
Oslo Accord,American History to 1865,343
pacism,American History to 1865,343
Palestine Liberation Organization (PLO),American History to 1865,343
Palestinian Authority (PA),American History to 1865,343
parliament,American History to 1865,344
parliamentary system,American History to 1865,344
partition,American History to 1865,344
passive resistance,American History to 1865,344
People’s Republic of China,American History to 1865,344
plebiscite,American History to 1865,344
plutocracy,American History to 1865,344
pogrom,American History to 1865,344
polarization,American History to 1865,344
police state,American History to 1865,345
politburo,American History to 1865,345
political science,American History to 1865,345
population control,American History to 1865,345
Power tends to corrupt; absolute powe,American History to 1865,345
absolutely,American History to 1865,345
preemptive strike,American History to 1865,345
premier,American History to 1865,345
prime minister,American History to 1865,345
Prince of Wales,American History to 1865,345
proletariat,American History to 1865,345
propaganda,American History to 1865,345
protectorate,American History to 1865,345
Provisional Wing of the Irish Republican Army,American History to 1865,345
radical,American History to 1865,345
rapprochement,American History to 1865,345
r corrupts,American History to 1865,345
reactionary,American History to 1865,345
realpolitik,American History to 1865,345
recognition,American History to 1865,345
"Red Cross, International",American History to 1865,346
red tape,American History to 1865,346
referendum,American History to 1865,346
refugees,American History to 1865,346
regime,American History to 1865,346
rehabilitation,American History to 1865,346
reparation,American History to 1865,346
reprisal,American History to 1865,346
republic,American History to 1865,346
Rhodes scholarship,American History to 1865,346
right-wing,American History to 1865,346
satellite,American History to 1865,346
Security Council,American History to 1865,346
sedition,American History to 1865,347
Semite,American History to 1865,347
Semitic,American History to 1865,347
Sinn Fein,American History to 1865,347
smart weapons,American History to 1865,347
socialism,American History to 1865,347
Solidarity,American History to 1865,347
sovereignty,American History to 1865,347
Soviet Bloc,American History to 1865,347
statutory law,American History to 1865,347
Strategic Arms Limitation Talks (SALT),American History to 1865,347
strategy/tactics,American History to 1865,347
summit meeting,American History to 1865,347
Taliban movement,American History to 1865,347
terrorism,American History to 1865,348
theocracy,American History to 1865,348
Third World,American History to 1865,348
throw-weight,American History to 1865,348
Tories,American History to 1865,348
totalitarianism,American History to 1865,348
Trotskyism,American History to 1865,348
ultimatum,American History to 1865,348
unilateralism,American History to 1865,348
United Kingdom,American History to 1865,348
United Nations,American History to 1865,348
"United Nations Educational, Scien",American History to 1865,349
Cultural Organization (UNESCO),American History to 1865,349
veto,American History to 1865,349
walk-out,American History to 1865,349
welfare state,American History to 1865,349
zero-sum game,American History to 1865,349
"tic, and",American History to 1865,349
Zionism,American History to 1865,349
academic freedom,American History to 1865,351
armative action,American History to 1865,351
AFL-CIO,American History to 1865,351
Alaskan pipeline,American History to 1865,351
alderman,American History to 1865,351
American Civil Liberties Union (ACLU),American History to 1865,351
American Dream,American History to 1865,352
American Legion,American History to 1865,352
amicus curiae,American History to 1865,352
antitrust legislation,American History to 1865,352
apportionment,American History to 1865,352
appropriation,American History to 1865,352
arbitration,American History to 1865,352
Atomic Energy Commission (AEC),American History to 1865,352
attorney general of the United States,American History to 1865,352
block grant,American History to 1865,352
blue laws,American History to 1865,352
branches of government,American History to 1865,353
broad construction,American History to 1865,353
busing,American History to 1865,353
cabinet,American History to 1865,353
campaign nance reform,American History to 1865,353
capital oense,American History to 1865,353
capital punishment,American History to 1865,353
Capitol Hill,American History to 1865,353
caucus,American History to 1865,353
Central Intelligence Agency (CIA),American History to 1865,354
checks and balances,American History to 1865,354
civil liberties,American History to 1865,354
civil rights,American History to 1865,354
clear and present danger,American History to 1865,355
closed primary,American History to 1865,355
cloture,American History to 1865,355
coattail eect,American History to 1865,355
commander in chief,American History to 1865,355
conrmation hearings,American History to 1865,356
Congress,American History to 1865,356
Congressional Medal of Honor,American History to 1865,356
Congressional Record,American History to 1865,356
conscientious objector (CO),American History to 1865,356
"Constitution, United States",American History to 1865,356
"containment, policy of",American History to 1865,356
contempt of Congress,American History to 1865,356
contempt of court,American History to 1865,356
court of appeals,American History to 1865,356
cruel and unusual punishment,American History to 1865,356
dark horse,American History to 1865,356
de facto segregation,American History to 1865,357
defendant,American History to 1865,357
Democrat,American History to 1865,357
Department of Agriculture,American History to 1865,357
Department of Commerce,American History to 1865,357
Department of Defense (DOD),American History to 1865,357
Department of Education,American History to 1865,357
Department of Energy,American History to 1865,357
Department of Health and Human Services,American History to 1865,357
Department of Housing and Urban Development,American History to 1865,357
(HUD),American History to 1865,357
Department of Justice,American History to 1865,357
Department of Labor,American History to 1865,357
Department of State,American History to 1865,357
Department of the Interior,American History to 1865,357
Department of the Treasury,American History to 1865,357
Department of Transportation,American History to 1865,358
Department of Veterans Aairs (VA),American History to 1865,358
direct primary,American History to 1865,358
district attorney (DA),American History to 1865,358
dollar diplomacy,American History to 1865,358
domino theory,American History to 1865,358
donkey,American History to 1865,358
double jeopardy,American History to 1865,358
draft,American History to 1865,358
draft dodger,American History to 1865,358
Drug Enforcement Administration (DEA),American History to 1865,358
due process of law,American History to 1865,358
E pluribus unum,American History to 1865,358
Eastern Establishment,American History to 1865,359
Electoral College,American History to 1865,359
elephant,American History to 1865,359
entitlements,American History to 1865,359
Environmental Protection Agency (EPA),American History to 1865,359
Equal Employment Opportunity Commission,American History to 1865,359
(EEOC),American History to 1865,359
equal opportunity,American History to 1865,359
equal protection of the laws,American History to 1865,359
Equal Rights Amendment (ERA),American History to 1865,359
equal time,American History to 1865,359
ex post facto,American History to 1865,359
ex post facto law,American History to 1865,360
executive branch,American History to 1865,360
farm bloc,American History to 1865,360
favorite son,American History to 1865,360
Federal Bureau of Investigation (FBI),American History to 1865,360
federalism,American History to 1865,360
fellow traveler,American History to 1865,360
felony,American History to 1865,360
Fifth Amendment,American History to 1865,360
libuster,American History to 1865,361
First Amendment,American History to 1865,361
Foggy Bottom,American History to 1865,361
Foreign Relations Committee,American History to 1865,361
Foreign Service,American History to 1865,361
Fourteenth Amendment,American History to 1865,361
franchise,American History to 1865,361
freedom of assembly,American History to 1865,361
freedom of association,American History to 1865,361
freedom of religion,American History to 1865,361
freedom of speech,American History to 1865,362
freedom of the press,American History to 1865,362
friend of the court,American History to 1865,362
gay rights,American History to 1865,362
gender gap,American History to 1865,362
gerrymander,American History to 1865,362
Good Neighbor policy,American History to 1865,362
GOP,American History to 1865,362
grand jury,American History to 1865,362
guilt by association,American History to 1865,362
gunboat diplomacy,American History to 1865,362
habeas corpus,American History to 1865,362
hawks and doves,American History to 1865,362
hearsay,American History to 1865,363
homicide,American History to 1865,363
House of Representatives,American History to 1865,363
hung jury,American History to 1865,363
impeachment,American History to 1865,363
incumbent,American History to 1865,363
indictment,American History to 1865,363
injunction,American History to 1865,363
integration,American History to 1865,363
interest group,American History to 1865,363
Internal Revenue Service (IRS),American History to 1865,363
Interstate Commerce Commission (ICC),American History to 1865,363
isolationism,American History to 1865,363
Joint Chiefs of Sta,American History to 1865,363
joint resolution,American History to 1865,364
judicial activism,American History to 1865,364
judicial branch,American History to 1865,364
judicial restraint,American History to 1865,364
judicial review,American History to 1865,364
jurisprudence,American History to 1865,364
justice of the peace,American History to 1865,364
kangaroo court,American History to 1865,364
lame duck,American History to 1865,364
larceny,American History to 1865,364
left-wing,American History to 1865,364
legislative branch,American History to 1865,364
libel,American History since 1865,365
Library of Congress,American History since 1865,365
line-item veto,American History since 1865,365
lobby,American History since 1865,365
logrolling,American History since 1865,365
"machine, political",American History since 1865,365
machine politics,American History since 1865,365
majority leader,American History since 1865,366
A man’s home is his castle,American History since 1865,366
manslaughter,American History since 1865,366
massive retaliation,American History since 1865,366
Medal of Honor,American History since 1865,366
Medicare,American History since 1865,366
military-industrial complex,American History since 1865,366
minority leader,American History since 1865,366
decisionMiranda,American History since 1865,366
misdemeanor,American History since 1865,366
most-favored-nation,American History since 1865,366
narrow construction,American History since 1865,366
National Aeronautics and Space Adm,American History since 1865,367
(NASA),American History since 1865,367
National Association for the Advancem,American History since 1865,367
ored People (NAACP),American History since 1865,367
National Guard,American History since 1865,367
National Labor Relations Board (NLRB),American History since 1865,367
National Organization for Women (NOW,American History since 1865,367
National Rie Association (NRA),American History since 1865,367
inistration,American History since 1865,367
National Security Council (NSC),American History since 1865,367
ent of Col-,American History since 1865,367
naturalization,American History since 1865,367
nolo contendere,American History since 1865,367
North American Free Trade Agreement (NAFTA),American History since 1865,367
Nuclear Regulatory Commission (NRC),American History since 1865,367
Oak Ridge,American History since 1865,368
Oce of Economic Opportunity (OEO),American History since 1865,368
on the Hill,American History since 1865,368
open primary,American History since 1865,368
Oval Oce,American History since 1865,368
patronage,American History since 1865,368
Peace Corps,American History since 1865,368
Pentagon,American History since 1865,368
plainti,American History since 1865,368
platform,American History since 1865,368
plea bargain,American History since 1865,368
Pledge of Allegiance,American History since 1865,368
pocket veto,American History since 1865,369
political action committees (PACs),American History since 1865,369
poll tax,American History since 1865,369
populism,American History since 1865,369
pork-barrel legislation,American History since 1865,369
postmaster general,American History since 1865,369
power elite,American History since 1865,369
power of the purse,American History since 1865,369
precedent,American History since 1865,369
pressure group,American History since 1865,369
primaries,American History since 1865,369
"privacy, right of",American History since 1865,369
probate court,American History since 1865,370
proportional representation,American History since 1865,370
public defender,American History since 1865,370
public works,American History since 1865,370
quorum,American History since 1865,370
racism,American History since 1865,370
ranking member,American History since 1865,370
ratication,American History since 1865,370
referendum,American History since 1865,370
representatives,American History since 1865,370
Republican,American History since 1865,370
rider,American History since 1865,370
right-wing,American History since 1865,370
Robert’s Rules of Order,American History since 1865,371
rugged individualism,American History since 1865,371
Scholastic Aptitude Test (SAT),American History since 1865,371
Secret Service,American History since 1865,371
secretary of defense,American History since 1865,371
secretary of state,American History since 1865,371
segregation,American History since 1865,371
Selective Service System,American History since 1865,371
self-incrimination,American History since 1865,371
"Senate, United States",American History since 1865,371
separate but equal,American History since 1865,372
separation of church and state,American History since 1865,372
separation of powers,American History since 1865,372
sexism,American History since 1865,372
slush fund,American History since 1865,372
Smithsonian Institution,American History since 1865,372
smoke-lled room,American History since 1865,373
Social Security Administration,American History since 1865,373
Speaker of the House,American History since 1865,373
split ticket,American History since 1865,373
stare decisis,American History since 1865,373
State Department,American History since 1865,373
State of the Union address,American History since 1865,373
states’ rights,American History since 1865,373
statute of limitations,American History since 1865,373
straw poll,American History since 1865,373
subpoena,American History since 1865,373
surage,American History since 1865,374
suragette,American History since 1865,374
suragist,American History since 1865,374
Supreme Court,American History since 1865,374
think tank,American History since 1865,374
the Ugly American,American History since 1865,374
un-American,American History since 1865,374
Uncle Sam,American History since 1865,375
United States Information Agency (USI,American History since 1865,375
Veterans Administration (VA),American History since 1865,375
Veterans of Foreign Wars (VFW),American History since 1865,375
A),American History since 1865,375
veto,American History since 1865,376
victimless crime,American History since 1865,376
Ways and Means Committee,American History since 1865,376
whip,American History since 1865,376
write-in candidate,American History since 1865,376
Yankee,American History since 1865,376
Aberdeen,American History since 1865,378
Acapulco,American History since 1865,378
Addis Ababa,American History since 1865,378
Aden,American History since 1865,378
Adriatic Sea,American History since 1865,378
Aegean Sea,American History since 1865,378
Afghanistan,American History since 1865,378
Africa,American History since 1865,378
Albania,American History since 1865,378
Alberta,American History since 1865,379
Alexandria,American History since 1865,379
Algeria,American History since 1865,379
Algiers,American History since 1865,379
Alps,American History since 1865,379
Amazon River,American History since 1865,379
Amsterdam,American History since 1865,379
Andes,American History since 1865,379
Angola,American History since 1865,379
Ankara,American History since 1865,379
Antarctic,American History since 1865,379
Antarctic Circle,American History since 1865,379
Antarctica,American History since 1865,379
antipodes,American History since 1865,379
Arabia,American History since 1865,380
Arabian Sea,American History since 1865,380
archipelago,American History since 1865,380
Arctic,American History since 1865,380
Arctic Circle,American History since 1865,380
Arctic Ocean,American History since 1865,380
Argentina,American History since 1865,380
Armenia,American History since 1865,380
Asia,American History since 1865,380
Asia Minor,American History since 1865,380
Aswan Dam,American History since 1865,380
Athens,American History since 1865,383
Atlantic Ocean,American History since 1865,383
atlas,American History since 1865,383
atoll,American History since 1865,383
Auckland,American History since 1865,383
Australia,American History since 1865,383
Austria,American History since 1865,383
axis,American History since 1865,383
Azerbaijan,American History since 1865,383
Azores,American History since 1865,383
Baghdad,American History since 1865,383
Bahamas,American History since 1865,383
Bahrain,American History since 1865,383
Bali,American History since 1865,384
Balkan Peninsula,American History since 1865,384
Balkans,American History since 1865,384
Baltic Sea,American History since 1865,384
Bangkok,American History since 1865,384
Bangladesh,American History since 1865,384
Barbados,American History since 1865,384
Barcelona,American History since 1865,384
Basque Region,American History since 1865,384
Bavaria,American History since 1865,384
Bay of Bengal,American History since 1865,384
Bay of Biscay,American History since 1865,384
Beijing,American History since 1865,384
Beirut,American History since 1865,385
Belarus,American History since 1865,385
Belfast,American History since 1865,385
Belgium,American History since 1865,385
Belgrade,American History since 1865,385
Bering Sea,American History since 1865,385
Berlin,American History since 1865,385
Berlin Wall,American History since 1865,385
Bermuda,American History since 1865,386
Birmingham,American History since 1865,386
Black Sea,American History since 1865,386
Bogotá,American History since 1865,386
Bolivia,American History since 1865,386
Bombay,American History since 1865,386
Bonn,American History since 1865,386
Bordeaux,American History since 1865,386
Borneo,American History since 1865,386
Bosnia and Herzegovina,American History since 1865,386
Bosporus,American History since 1865,386
Botswana,American History since 1865,386
Brasilia,American History since 1865,386
Brazil,American History since 1865,387
Brisbane,American History since 1865,387
Britain,American History since 1865,387
British Columbia,American History since 1865,387
British Isles,American History since 1865,387
Brussels,American History since 1865,387
Bucharest,American History since 1865,387
Budapest,American History since 1865,387
Buenos Aires,American History since 1865,387
Bulgaria,American History since 1865,387
Burkina Faso,American History since 1865,387
Burma,American History since 1865,388
Burundi,American History since 1865,388
Cairo,American History since 1865,388
Calcutta,American History since 1865,388
Calgary,American History since 1865,388
Cambodia,American History since 1865,388
Cameroon,American History since 1865,388
Canada,American History since 1865,388
Canberra,American History since 1865,388
Cannes,American History since 1865,388
Cape of Good Hope,American History since 1865,388
Cape Town,American History since 1865,389
Capri,American History since 1865,389
Caracas,American History since 1865,389
Caribbean Sea,American History since 1865,389
Casablanca,American History since 1865,389
Caspian Sea,American History since 1865,389
Caucasus,American History since 1865,389
Central America,American History since 1865,389
Ceylon,American History since 1865,389
Chad,American History since 1865,389
Champs Élysées,American History since 1865,389
Chechnya,American History since 1865,389
Chile,American History since 1865,389
China,American History since 1865,390
Chongqing,American History since 1865,390
Cologne,American History since 1865,390
Colombia,American History since 1865,390
"Congo, Democratic Republic of",American History since 1865,390
"Congo, Republic of the",American History since 1865,390
Congo River,American History since 1865,390
Copenhagen,American History since 1865,391
Corsica,American History since 1865,391
Costa Rica,American History since 1865,391
Crete,American History since 1865,391
Crimea,American History since 1865,391
Croatia,American History since 1865,391
Cuba,American History since 1865,391
Cyprus,American History since 1865,391
Czechoslovakia,American History since 1865,391
The Czech Republic,American History since 1865,392
Damascus,American History since 1865,392
Danube River,American History since 1865,392
Dead Sea,American History since 1865,392
Delhi,American History since 1865,392
Denmark,American History since 1865,392
Djakarta,American History since 1865,392
Dominican Republic,American History since 1865,392
Don River,American History since 1865,392
Dresden,American History since 1865,392
Dublin,American History since 1865,392
Dubrovnik,American History since 1865,392
Ecuador,American History since 1865,392
Edinburgh,American History since 1865,392
Edmonton,American History since 1865,393
Egypt,American History since 1865,393
El Salvador,American History since 1865,393
Elbe River,American History since 1865,393
England,American History since 1865,393
English Channel,American History since 1865,393
equator,American History since 1865,393
Eritrea,American History since 1865,393
Estonia,American History since 1865,393
Ethiopia,American History since 1865,393
Euphrates River,American History since 1865,394
Eurasia,American History since 1865,394
Europe,American History since 1865,394
Falkland Islands,American History since 1865,394
Far East,American History since 1865,394
Federal Republic of Germany,American History since 1865,394
Fiji,American History since 1865,394
Finland,American History since 1865,394
Florence,American History since 1865,394
France,American History since 1865,394
Frankfurt,American History since 1865,395
Galápagos Islands,American History since 1865,395
Ganges River,American History since 1865,395
Gaza Strip,American History since 1865,395
Geneva,American History since 1865,395
Georgia,American History since 1865,395
Germany,American History since 1865,395
Ghana,American History since 1865,395
Gibraltar,American History since 1865,395
Glasgow,American History since 1865,396
Golan Heights,American History since 1865,396
Granada,American History since 1865,396
Greece,American History since 1865,396
Greenland,American History since 1865,396
Greenwich,American History since 1865,396
Grenada,American History since 1865,396
Guadalajara,American History since 1865,396
Guadeloupe,American History since 1865,396
Guam,American History since 1865,396
Guangzhou,American History since 1865,396
Guatemala,American History since 1865,396
Guinea,American History since 1865,396
Gulf of Mexico,American History since 1865,397
Gulf Stream,American History since 1865,397
The Hague,American History since 1865,397
Haiti,American History since 1865,397
Hamburg,American History since 1865,397
Hanoi,American History since 1865,397
Havana,American History since 1865,397
Helsinki,American History since 1865,397
hemisphere,American History since 1865,397
"Highlands, the",American History since 1865,397
Himalayas,American History since 1865,397
Hiroshima,American History since 1865,397
Ho Chi Minh City,American History since 1865,397
Holland,American History since 1865,398
Honduras,American History since 1865,398
Hong Kong,American History since 1865,398
Hudson Bay,American History since 1865,398
Hungary,American History since 1865,398
Iceland,American History since 1865,398
India,American History since 1865,398
Indian Ocean,American History since 1865,398
Indochina,American History since 1865,398
Indonesia,American History since 1865,398
Iran,World Politics,401
Iraq,World Politics,401
Ireland,World Politics,401
"Ireland, Republic of",World Politics,401
Israel,World Politics,401
Istanbul,World Politics,401
isthmus,World Politics,402
Italy,World Politics,402
Ivory Coast,World Politics,402
Jamaica,World Politics,402
Japan,World Politics,402
Java,World Politics,402
Jerusalem,World Politics,402
Johannesburg,World Politics,403
Jordan,World Politics,403
Jordan River,World Politics,403
Kabul,World Politics,403
Kashmir,World Politics,403
Karachi,World Politics,403
Kazakhstan,World Politics,403
Kenya,World Politics,403
Khartoum,World Politics,403
Kiev,World Politics,403
Kilimanjaro,World Politics,403
Korea,World Politics,403
Kuwait,World Politics,404
Kyrgyzstan,World Politics,404
Labrador,World Politics,404
Lagos,World Politics,404
Lake Victoria,World Politics,404
Laos,World Politics,404
Latin America,World Politics,404
latitude,World Politics,404
Latvia,World Politics,404
Lebanon,World Politics,404
Left Bank,World Politics,405
Leipzig,World Politics,405
Leningrad,World Politics,405
Levant,World Politics,405
Liberia,World Politics,405
Libya,World Politics,405
Liechtenstein,World Politics,405
Lima,World Politics,405
Lisbon,World Politics,405
Lithuania,World Politics,405
Liverpool,World Politics,406
London,World Politics,406
longitude,World Politics,406
the Low Countries,World Politics,406
Luxembourg,World Politics,406
Lyon,World Politics,406
Macedonia,World Politics,406
Madagascar,World Politics,406
Madrid,World Politics,406
"Magellan, Strait of",World Politics,406
Malawi,World Politics,406
Malaysia,World Politics,407
Mali,World Politics,407
Malta,World Politics,407
Manchester,World Politics,407
Manitoba,World Politics,407
Maritime Provinces,World Politics,407
Marseilles,World Politics,407
Martinique,World Politics,407
Matterhorn,World Politics,407
Mecca,World Politics,407
Mediterranean Sea,World Politics,407
Melbourne,World Politics,407
Mercator projection,World Politics,407
meridian,World Politics,408
Mexico,World Politics,408
Mexico City,World Politics,408
Middle East,World Politics,408
Milan,World Politics,408
Moldova,World Politics,408
Monaco,World Politics,408
Mongolia,World Politics,408
Mont Blanc,World Politics,409
Monte Carlo,World Politics,409
Montevideo,World Politics,409
Montreal,World Politics,409
Morocco,World Politics,409
Moscow,World Politics,409
Mount Everest,World Politics,409
Mount Kilimanjaro,World Politics,409
Mount Vesuvius,World Politics,409
Mozambique,World Politics,409
Munich,World Politics,409
Myanmar,World Politics,409
Nagasaki,World Politics,409
Nairobi,World Politics,410
Namibia,World Politics,410
Nanjing,World Politics,410
Nanking,World Politics,410
Naples,World Politics,410
Nationalist China,World Politics,410
Near East,World Politics,410
Nepal,World Politics,410
The Netherlands,World Politics,410
Netherlands Antilles,World Politics,410
New Brunswick,World Politics,410
New Delhi,World Politics,410
New Guinea,World Politics,411
New Zealand,World Politics,411
Newfoundland,World Politics,411
Nicaragua,World Politics,411
Nice,World Politics,411
Niger,World Politics,411
Nigeria,World Politics,411
Nile River,World Politics,411
North America,World Politics,411
North Korea,World Politics,411
North Pole,World Politics,412
North Sea,World Politics,412
Northern Hemisphere,World Politics,412
Northern Ireland,World Politics,412
Northwest Territories,World Politics,412
Norway,World Politics,412
Nova Scotia,World Politics,412
The Occident,World Politics,412
Occupied Territories,World Politics,412
Okinawa,World Politics,412
Oman,World Politics,412
Ontario,World Politics,413
The Orient,World Politics,413
Oslo,World Politics,413
Ottawa,World Politics,413
Pacic Ocean,World Politics,413
Pakistan,World Politics,413
Palermo,World Politics,413
Palestine,World Politics,413
Panama,World Politics,413
Panama Canal,World Politics,413
Paraguay,World Politics,414
Paris,World Politics,414
Peking,World Politics,414
peninsula,World Politics,414
People’s Republic of China,World Politics,414
Persian Gulf,World Politics,414
Peru,World Politics,414
Philippines,World Politics,414
Poland,World Politics,414
Polynesia,World Politics,414
Portugal,World Politics,415
Prague,World Politics,415
Pretoria,World Politics,415
prime meridian,World Politics,415
Prince Edward Island,World Politics,415
Prussia,World Politics,415
Pyongyang,World Politics,415
Pyrenees,World Politics,415
Qatar,World Politics,415
Quebec,World Politics,415
Quebec City,World Politics,415
Red China,World Politics,416
Red Sea,World Politics,416
Republic of China,World Politics,416
Republic of Korea,World Politics,416
Republic of South Africa,World Politics,416
Republic of Yemen,World Politics,416
Rhine River,World Politics,416
Rhineland,World Politics,416
Rhodesia,World Politics,416
Rhone River,World Politics,416
Rio de Janeiro,World Politics,416
Riviera,World Politics,416
Romania,World Politics,416
Rome,World Politics,416
Rotterdam,American Politics,417
Ruhr Valley,American Politics,417
Russia,American Politics,417
Rwanda,American Politics,417
Sahara,American Politics,417
Saigon,American Politics,417
Saint Petersburg,American Politics,417
Samoa,American Politics,417
San Salvador,American Politics,417
Santiago,American Politics,417
São Paulo,American Politics,418
Sarajevo,American Politics,418
Sardinia,American Politics,418
Saskatchewan,American Politics,418
Saudi Arabia,American Politics,418
savanna,American Politics,418
Scandinavia,American Politics,418
Scotland,American Politics,418
Seine River,American Politics,418
Senegal,American Politics,418
Seoul,American Politics,418
the Seven Seas,American Politics,418
Seville,American Politics,418
Shanghai,American Politics,419
Sheeld,American Politics,419
Siberia,American Politics,419
Sicily,American Politics,419
Sierra Leone,American Politics,419
Sinai,American Politics,419
Singapore,American Politics,419
Slovakia,American Politics,419
Slovenia,American Politics,419
Somalia,American Politics,419
South Africa,American Politics,419
South America,American Politics,420
South Korea,American Politics,420
South Pole,American Politics,420
South Sea Islands,American Politics,420
South Seas,American Politics,420
Southeast Asia,American Politics,420
Southern Hemisphere,American Politics,420
Soweto,American Politics,420
Spain,American Politics,420
Sri Lanka,American Politics,421
steppes,American Politics,421
Stockholm,American Politics,421
Stuttgart,American Politics,421
sub-Saharan,American Politics,421
Sudan,American Politics,421
Suez Canal,American Politics,421
Sumatra,American Politics,421
Swaziland,American Politics,421
Sweden,American Politics,421
Switzerland,American Politics,421
Sydney,American Politics,421
Syria,American Politics,421
Tahiti,American Politics,422
Taipei,American Politics,422
Taiwan,American Politics,422
Tajikistan,American Politics,422
Tanzania,American Politics,422
Teheran,American Politics,422
Thailand,American Politics,422
Thames River,American Politics,422
Tibet,American Politics,422
Tijuana,American Politics,423
Timbuktu,American Politics,423
Tokyo,American Politics,423
Toronto,American Politics,423
Trinidad and Tobago,American Politics,423
Tripoli,American Politics,423
Tropic of Cancer,American Politics,423
Tropic of Capricorn,American Politics,423
Tunisia,American Politics,423
Turkey,American Politics,423
Turkmenistan,American Politics,423
Uganda,American Politics,424
Ukraine,American Politics,424
Ulster,American Politics,424
Union of Soviet Socialist Republics (USS,American Politics,424
United Arab Emirates,American Politics,424
United Kingdom of Great Britain and Northern,American Politics,424
Ireland,American Politics,424
Urals,American Politics,424
Uruguay,American Politics,424
USSR,American Politics,424
Uzbekistan,American Politics,424
Valencia,American Politics,424
R)Vancouver,American Politics,424
Vatican City State,American Politics,425
Venezuela,American Politics,425
Venice,American Politics,425
Versailles,American Politics,425
Vienna,American Politics,425
Vietnam,American Politics,425
Volga River,American Politics,426
Volgograd,American Politics,426
Wales,American Politics,426
Warsaw,American Politics,426
West Bank,American Politics,426
West Indies,American Politics,426
Western Europe,American Politics,426
the Western Wall,American Politics,426
Westminster Abbey,American Politics,426
Winnipeg,American Politics,427
Yangtze River,American Politics,427
Yemen,American Politics,427
Yucatán,American Politics,427
Yugoslavia,American Politics,427
Yukon Territory,American Politics,427
Zaire,American Politics,427
Zambia,American Politics,427
Zimbabwe,American Politics,428
Zurich,American Politics,428
Adirondack Mountains,American Politics,430
Akron,American Politics,430
Alabama,American Politics,430
Alaska,American Politics,430
Albany,American Politics,430
Albuquerque,American Politics,430
Aleutian Islands,American Politics,430
Allegheny Mountains,American Politics,430
Anchorage,American Politics,430
Ann Arbor,American Politics,430
Annapolis,American Politics,430
Appalachia,American Politics,430
Appalachian Mountains,American Politics,430
Arizona,American Politics,430
Arkansas,American Politics,430
Atlanta,American Politics,430
Atlantic City,American Politics,430
Austin,American Politics,430
Baltimore,American Politics,432
bayou,American Politics,432
Beacon Hill,American Politics,432
Berkeley,American Politics,432
Berkshires,American Politics,432
Beverly Hills,American Politics,432
Birmingham,American Politics,432
Black Hills,American Politics,432
Blue Ridge Mountains,American Politics,432
Boston,American Politics,432
Bowery,American Politics,432
Broadway,American Politics,432
The Bronx,American Politics,432
Brooklyn,American Politics,432
Bualo,American Politics,432
California,American Politics,432
Cambridge,American Politics,432
Cape Canaveral,American Politics,432
Cape Cod,American Politics,434
Cape Hatteras,American Politics,434
Cascades,American Politics,434
Central Park,American Politics,434
Chapel Hill,American Politics,434
Charleston,American Politics,434
Charlotte,American Politics,434
Chattanooga,American Politics,434
Chesapeake Bay,American Politics,434
Chicago,American Politics,434
Cincinnati,American Politics,434
Cleveland,American Politics,434
Colorado,American Politics,434
Colorado River,American Politics,434
Columbia River,American Politics,434
Columbus,American Politics,434
Coney Island,American Politics,434
Connecticut,American Politics,434
Cumberland Gap,American Politics,434
Cumberland Mountains,American Politics,435
Dallas,American Politics,435
Death Valley,American Politics,435
Deep South,American Politics,435
Delaware,American Politics,435
Denver,American Politics,435
Des Moines,American Politics,435
Detroit,American Politics,435
District of Columbia,American Politics,435
El Paso,American Politics,435
Ellis Island,American Politics,435
Far West,American Politics,435
Fifth Avenue,American Politics,435
Florida,American Politics,435
Florida Keys,American Politics,435
Fort Worth,American Politics,435
Fresno,American Politics,435
Georgia,American Politics,435
Grand Canyon,American Politics,436
Great Lakes,American Politics,436
Great Plains,American Politics,436
Great Salt Lake,American Politics,436
Great Smoky Mountains,American Politics,436
Green Mountains,American Politics,436
Greenwich Village,American Politics,436
Gulf of Mexico,American Politics,436
Harlem,American Politics,436
Hartford,American Politics,436
Hawaii,American Politics,436
Hollywood,American Politics,436
Honolulu,American Politics,436
Houston,American Politics,436
Hudson River,American Politics,436
Idaho,American Politics,436
Illinois,American Politics,436
Independence,American Politics,437
Indiana,American Politics,437
Indianapolis,American Politics,437
Iowa,American Politics,437
Jacksonville,American Politics,437
Jersey City,American Politics,437
Kansas,American Politics,437
Kansas City,American Politics,437
Kentucky,American Politics,437
Lake Erie,American Politics,437
Lake Huron,American Politics,437
Lake Michigan,American Politics,437
Lake Ontario,American Politics,437
Lake Superior,American Politics,437
Las Vegas,American Politics,437
Little Rock,American Politics,437
Long Island,American Politics,437
Los Angeles,American Politics,438
Louisiana,American Politics,438
Louisville,American Politics,438
Madison,American Politics,438
Madison Avenue,American Politics,438
Maine,American Politics,438
Manhattan,American Politics,438
Martha’s Vineyard,American Politics,438
Maryland,American Politics,438
Mason-Dixon line,American Politics,438
Massachusetts,American Politics,438
Memphis,American Politics,438
Miami,American Politics,439
Michigan,American Politics,439
Mid-Atlantic states,American Politics,439
Middle West,American Politics,439
Milwaukee,American Politics,439
Minneapolis,American Politics,439
Minnesota,American Politics,439
Mississippi,American Politics,439
Mississippi River,American Politics,439
Missouri,American Politics,439
Missouri River,American Politics,439
Mojave Desert,American Politics,439
Montana,American Politics,439
Mount McKinley,American Politics,439
Mount Rainier,American Politics,439
Mount Rushmore,American Politics,439
Mount Saint Helens,American Politics,439
Mount Vernon,American Politics,439
Mount Whitney,American Politics,439
Nantucket,American Politics,439
Nashville,American Politics,440
Nebraska,American Politics,440
Nevada,American Politics,440
New England,American Politics,440
New Hampshire,American Politics,440
New Haven,American Politics,440
New Jersey,American Politics,440
New Mexico,American Politics,440
New Orleans,American Politics,440
New York,American Politics,440
New York City,American Politics,440
Newark,American Politics,440
Newport,American Politics,440
Niagara Falls,American Politics,440
Nob Hill,American Politics,440
Norfolk,American Politics,440
North Carolina,American Politics,440
North Dakota,American Politics,441
Oakland,American Politics,441
Ohio,American Politics,441
Ohio River,American Politics,441
Oklahoma,American Politics,441
Oklahoma City,American Politics,441
Omaha,American Politics,441
Oregon,American Politics,441
Pacic Islands,American Politics,441
Painted Desert,American Politics,441
Park Avenue,American Politics,441
Pennsylvania,American Politics,441
Philadelphia,American Politics,441
Phoenix,American Politics,441
Piedmont,American Politics,441
Pike’s Peak,American Politics,441
Pittsburgh,American Politics,441
Portland,American Politics,442
Potomac River,American Politics,442
Providence,American Politics,442
Puerto Rico,American Politics,442
Reno,American Politics,442
Rhode Island,American Politics,442
Richmond,American Politics,442
Rio Grande,American Politics,442
Rochester,American Politics,442
Rocky Mountains,American Politics,442
Rustbelt,American Politics,442
Sacramento,American Politics,442
St. Lawrence River,American Politics,442
St. Louis,American Politics,442
St. Paul,American Politics,442
St. Petersburg,American Politics,442
Salt Lake City,American Politics,442
San Andreas Fault,American Politics,442
San Antonio,American Politics,442
San Diego,American Politics,443
San Francisco,American Politics,443
San Francisco Bay,American Politics,443
San Joaquin Valley,American Politics,443
San Jose,American Politics,443
Santa Fe,American Politics,443
Santa Fe Trail,American Politics,443
Saratoga Springs,American Politics,443
Seattle,American Politics,443
Selma,American Politics,443
Shenandoah Valley,American Politics,443
Sierra Nevada,American Politics,443
South Carolina,American Politics,443
South Dakota,American Politics,443
Sunbelt,American Politics,443
Tampa,American Politics,443
Tennessee,American Politics,443
Tennessee River,American Politics,443
Texas,American Politics,443
Times Square,American Politics,444
Toledo,American Politics,444
Tucson,American Politics,444
Tulsa,American Politics,444
Twin Cities,American Politics,444
Utah,American Politics,444
Vermont,American Politics,444
Virgin Islands,American Politics,444
Virginia,American Politics,444
Washington,American Politics,444
"Washington, D.C.",American Politics,444
West Point,American Politics,444
West Virginia,American Politics,444
White Mountains,American Politics,445
Wisconsin,American Politics,445
Wyoming,American Politics,445
Yellowstone National Park,American Politics,445
Yosemite National Park,American Politics,445
aborigines,American Politics,447
abortion,American Politics,447
acculturation,American Politics,447
acrophobia,American Politics,447
alienation,American Politics,447
alter ego,American Politics,448
altruism,American Politics,448
amnesia,American Politics,448
anal personality,American Politics,448
anal stage,American Politics,448
angst,American Politics,448
animism,American Politics,448
anthropology,American Politics,448
anxiety,American Politics,448
aphrodisiac,American Politics,448
archaeology,American Politics,448
archetype,American Politics,448
asexuality,World Geography,449
assimilation,World Geography,449
autism,World Geography,449
beatniks,World Geography,449
behavior modication,World Geography,449
behaviorism,World Geography,449
"Benedict, Ruth",World Geography,449
Bible Belt,World Geography,449
bisexuality,World Geography,449
blackball,World Geography,449
blacklist,World Geography,449
blue-collar,World Geography,449
Boy Scouts of America,World Geography,449
brainwashing,World Geography,450
bureaucracy,World Geography,450
bureaucrat,World Geography,450
Bushmen,World Geography,450
cadre,World Geography,450
Cajun,World Geography,450
"Carnegie, Dale",World Geography,450
caste,World Geography,450
catharsis,World Geography,450
charisma,World Geography,450
Chicanos,World Geography,450
class,World Geography,450
class consciousness,World Geography,450
class structure,World Geography,451
class struggle,World Geography,451
claustrophobia,World Geography,451
cognitive development,World Geography,451
collective unconscious,World Geography,451
Coming of Age in Samoa,World Geography,451
common-law marriage,World Geography,451
compulsion,World Geography,451
conditioned response,World Geography,451
conformity,World Geography,451
conjugal,World Geography,451
conspicuous consumption,World Geography,451
cosmology,World Geography,451
counterculture,World Geography,452
Cro-Magnon,World Geography,452
cult,World Geography,452
culture,World Geography,452
defense mechanism,World Geography,452
delusion,World Geography,452
demography,World Geography,452
developmental psychology,World Geography,452
double standard of sexual behavior,World Geography,452
dowry,World Geography,452
"ectomorph, endomorph, and mesomorp",World Geography,453
egocentric,World Geography,453
egomania,World Geography,453
egotism,World Geography,453
empathy,World Geography,453
empty nest,World Geography,453
encounter group,World Geography,453
Eskimos,World Geography,453
ethnicity,World Geography,453
ethnocentrism,World Geography,453
ethnology,World Geography,453
euthanasia,World Geography,454
expatriation,World Geography,454
extended family,World Geography,454
extrasensory perception (ESP),World Geography,454
extrovert,World Geography,454
feminism,World Geography,454
fetish,World Geography,454
"Freud, Sigmund",World Geography,454
Freudian,World Geography,454
Freudian slip,World Geography,454
future shock,World Geography,454
Gallup polls,World Geography,455
geisha,World Geography,455
generation gap,World Geography,455
genital stage,World Geography,455
gerontocracy,World Geography,455
gestalt psychology,World Geography,455
ghettos,World Geography,455
Girl Scouts of the United States of Amer,World Geography,455
great man theory,World Geography,455
group therapy,World Geography,455
"Haley, Alex",World Geography,455
hallucination,World Geography,455
heterogeneity,World Geography,455
heterosexuality,World Geography,455
hippies,World Geography,455
Homo erectus,World Geography,456
Homo sapiens,World Geography,456
homogeneity,World Geography,456
homosexuality,World Geography,456
hunting and gathering societies,World Geography,456
hypnosis,World Geography,456
hysteria,World Geography,456
illegitimacy,World Geography,456
incest,World Geography,456
inhibition,World Geography,456
inner city,World Geography,456
intellectual,World Geography,456
intelligence quotient (IQ),World Geography,456
intelligentsia,World Geography,457
introvert,World Geography,457
"James, William",World Geography,457
"Jung, Carl",World Geography,457
"Kinsey, Alfred",World Geography,457
kinship,World Geography,457
kleptomania,World Geography,457
latency period,World Geography,457
Leakey,World Geography,457
lesbian,World Geography,458
libido,World Geography,458
Lucy,World Geography,458
mainstream,World Geography,458
maladjustment,World Geography,458
malpractice,World Geography,458
Malthusianism,World Geography,458
mania,World Geography,458
masochism,World Geography,458
matriarchy,World Geography,458
matrilineal,World Geography,458
"McLuhan, (Herbert) Marshall",World Geography,458
"Mead, Margaret",World Geography,458
The medium is the message,World Geography,459
megalomania,World Geography,459
megalopolis,World Geography,459
melting pot,World Geography,459
meritocracy,World Geography,459
Middle America,World Geography,459
middle class,World Geography,459
mixed marriage,World Geography,459
monogamy,World Geography,459
mores,World Geography,459
motor development,World Geography,459
multiculturalism,World Geography,459
narcissism,World Geography,459
Native Americans,World Geography,459
nature-nurture controversy,World Geography,460
Neanderthal,World Geography,460
nepotism,World Geography,460
neurosis,World Geography,460
nomadism,World Geography,460
nonverbal communication,World Geography,460
nuclear family,World Geography,460
nymphomania,World Geography,460
obscenity,World Geography,460
obsession,World Geography,460
Oedipus complex,World Geography,460
old boy network,World Geography,460
Olduvai Gorge,World Geography,460
oral personality,World Geography,460
oral stage,World Geography,461
organization man,World Geography,461
paranoia,World Geography,461
paranoid schizophrenia,World Geography,461
parapsychology,World Geography,461
pariah,World Geography,461
patriarchy,World Geography,461
patrilineal,World Geography,461
Pavlov’s dogs,World Geography,461
peasant,World Geography,461
pecking order,World Geography,461
pederast,World Geography,461
peeping Tom,World Geography,461
peer group,World Geography,462
peer pressure,World Geography,462
penis envy,World Geography,462
personality,World Geography,462
Peter Principle,World Geography,462
phallic symbol,World Geography,462
phobia,World Geography,462
the Pill,World Geography,462
pleasure principle,World Geography,462
polyandry,World Geography,462
polygamy,World Geography,462
pornography,World Geography,462
"Post, Emily",World Geography,462
postindustrial society,World Geography,462
posttraumatic stress disorder (PTSD),World Geography,462
prejudice,World Geography,462
primogeniture,World Geography,463
pseudoscience,World Geography,463
psyche,World Geography,463
psychedelic,World Geography,463
psychiatry,World Geography,463
psychic research,World Geography,463
psychoanalysis,World Geography,463
psychology,World Geography,463
psychopath,World Geography,463
psychosis,World Geography,463
psychotherapy,World Geography,463
Pygmy,World Geography,463
pyromania,World Geography,464
redneck,World Geography,464
regression,World Geography,464
rites of passage,World Geography,464
role conict,World Geography,464
role model,World Geography,464
Rorschach test,World Geography,464
sadism,World Geography,464
scapegoat,World Geography,464
schizophrenia,World Geography,464
sensory deprivation,World Geography,464
sex roles/gender roles,World Geography,464
sexism,World Geography,465
sexual abuse,World Geography,465
sexual orientation,World Geography,465
sexual revolution,World Geography,465
shock therapy,World Geography,465
short-term memory,World Geography,465
signicant other,World Geography,465
"Skinner, B. F.",World Geography,465
social Darwinism,World Geography,465
social mobility,World Geography,465
social science,World Geography,465
socialization,World Geography,465
socioeconomic status (SES),World Geography,466
sociology,World Geography,466
sociopath,World Geography,466
sodomy,World Geography,466
Stanford-Binet scale,World Geography,466
status,World Geography,466
stereotype,World Geography,466
stimulus,World Geography,466
subconsciousness,World Geography,466
subculture,World Geography,466
sublimation,World Geography,466
suburbanization,World Geography,466
superego,World Geography,466
survivor guilt,World Geography,466
symbol,World Geography,467
taboo,World Geography,467
technocracy,World Geography,467
telepathy,World Geography,467
therapy,World Geography,467
totemism,World Geography,467
transvestite,World Geography,467
type A personality,World Geography,467
type B personality,World Geography,467
unconscious,World Geography,467
upward mobility,World Geography,467
urban renewal,World Geography,467
value judgment,World Geography,467
voyeurism,World Geography,467
"Weber, Max",World Geography,467
white-collar,World Geography,468
Woodstock,World Geography,468
working class,World Geography,468
xenophobia,World Geography,468
zero population growth,World Geography,468
absenteeism,American Geography,470
accounting,American Geography,470
act of God,American Geography,470
actuary,American Geography,470
auent society,American Geography,470
agribusiness,American Geography,470
American Stock Exchange,American Geography,470
amortization,American Geography,470
annuity,American Geography,470
appraisal,American Geography,470
assembly line,American Geography,470
assessment,American Geography,470
asset,American Geography,470
audit,American Geography,470
balance of payments,American Geography,471
balance of trade,American Geography,471
balance sheet,American Geography,471
bank run,American Geography,471
bankruptcy,American Geography,471
barter,American Geography,471
bear market,American Geography,471
beneciary,American Geography,471
big board,American Geography,471
big business,American Geography,471
the Big Three,American Geography,471
bilateralism,American Geography,471
black market,American Geography,471
blue chip stock,American Geography,471
bond,American Geography,471
bond market,American Geography,471
bottleneck,American Geography,471
bottom line,American Geography,471
bourgeoisie,American Geography,472
boycott,American Geography,472
breach of contract,American Geography,472
broker,American Geography,472
bubble,American Geography,472
bull market,American Geography,472
business cycle,American Geography,472
buyer’s market,American Geography,472
capital,American Geography,472
capital expenditure,American Geography,472
capital ight,American Geography,472
capital formation,American Geography,472
capital gain,American Geography,472
capital goods,American Geography,472
capital resources,American Geography,472
capital-intensive,American Geography,472
captains of industry,American Geography,472
"Carnegie, Andrew",American Geography,472
cartel,American Geography,473
Caveat emptor,American Geography,473
certicates of deposit (CDs),American Geography,473
chain store,American Geography,473
Chapter  bankruptcy,American Geography,473
"Chávez, Cesar",American Geography,473
class action law suit,American Geography,473
closed shop,American Geography,473
closing,American Geography,473
COD,American Geography,473
collateral,American Geography,473
collective bargaining,American Geography,473
collective farm,American Geography,473
commission,American Geography,473
commodity,American Geography,473
common carrier,American Geography,473
compound interest,American Geography,473
conict of interest,American Geography,473
conglomerate,American Geography,474
constant dollars,American Geography,474
consumer,American Geography,474
consumer goods,American Geography,474
consumer price index,American Geography,474
consumerism,American Geography,474
contraband,American Geography,474
contract,American Geography,474
copyright,American Geography,474
corporation,American Geography,474
cost of living,American Geography,474
cost-of-living allowance,American Geography,474
credit,American Geography,474
credit rating,American Geography,474
credit union,American Geography,474
creditor,American Geography,474
currency,American Geography,474
debt,American Geography,474
debtor nation,American Geography,474
deduction,American Geography,474
default,American Geography,474
decit,American Geography,474
decitnancing,American Geography,474
deation,American Geography,474
demand,American Geography,474
demand curve,American Geography,474
depletion allowance,American Geography,475
depreciation,American Geography,475
depression,American Geography,475
destructive competition,American Geography,475
devaluation,American Geography,475
"diminishing returns, law of",American Geography,475
discount rate,American Geography,475
disposable personal income,American Geography,475
distribution,American Geography,475
divestiture,American Geography,475
dividend,American Geography,475
division of labor,American Geography,475
dot-coms,American Geography,475
double indemnity,American Geography,476
Dow Jones Industrial Average,American Geography,476
down payment,American Geography,476
dummy,American Geography,476
dumping,American Geography,476
durable goods,American Geography,476
duty,American Geography,476
easy-money policy,American Geography,476
economic indicators,American Geography,476
economics,American Geography,476
EEC,American Geography,476
elasticity,American Geography,476
embargo,American Geography,476
embezzlement,American Geography,476
eminent domain,American Geography,476
Enron,American Geography,476
entrepreneur,American Geography,477
equilibrium,American Geography,477
equity,American Geography,477
escrow,American Geography,477
euro,American Geography,477
exchange rate,American Geography,477
excise tax,American Geography,477
expense account,American Geography,477
export quota,American Geography,477
expropriation,American Geography,477
Family and Medical Leave Act of,American Geography,477
featherbedding,American Geography,477
Federal Deposit Insurance Corporation (FDIC),American Geography,477
Federal Reserve System (the Fed),American Geography,477
Federal Trade Commission (FTC),American Geography,477
FICA,American Geography,477
scal policy,American Geography,478
scal year,American Geography,478
xed exchange rate,American Geography,478
at tax,American Geography,478
oating exchange rate,American Geography,478
"Ford, Henry",American Geography,478
foreclosure,American Geography,478
foreign exchange,American Geography,478
Five HundredFortune,American Geography,478
(k) plan,American Geography,478
franchise,American Geography,478
free enterprise,American Geography,479
free market,American Geography,479
free trade,American Geography,479
"Friedman, Milton",American Geography,479
fringe benet,American Geography,479
full employment,American Geography,479
futures,American Geography,479
"Galbraith, John Kenneth",American Geography,479
global economy,American Geography,479
glut,American Geography,479
gold standard,American Geography,479
golden parachute,American Geography,479
goods,American Geography,479
Gresham’s law,American Geography,479
gross,American Geography,479
gross domestic product (GDP),American Geography,479
Group of Eight,American Geography,479
hedging,American Geography,480
hidden unemployment,American Geography,480
high-tech,American Geography,480
holding company,American Geography,480
import quota,American Geography,480
income,American Geography,480
income distribution,American Geography,480
Individual Retirement Account (IRA),American Geography,480
individualism,American Geography,480
industrial relations,American Geography,480
inelastic demand,American Geography,480
inelastic supply,American Geography,480
ination,American Geography,480
information economy,American Geography,480
insider trading,American Geography,480
installment buying,American Geography,481
institutional investor,American Geography,481
interdependence,American Geography,481
interest,American Geography,481
interest rate,American Geography,481
Internal Revenue Service (IRS),American Geography,481
International Monetary Fund (IMF),American Geography,481
Interstate Commerce Commission (ICC,American Geography,481
inventory,American Geography,481
investment,American Geography,481
investment tax credit,American Geography,481
invisible hand,American Geography,481
IOU,American Geography,481
IPO,American Geography,481
itemized deduction,American Geography,481
journeyman,American Geography,481
junk bonds,American Geography,481
Das Kapital,American Geography,481
Keogh plans),American Geography,481
"Keynes, John Maynard",American Geography,481
Keynesian economics,American Geography,481
Labor Day,American Geography,481
labor market,American Geography,481
labor movement,American Geography,482
labor union,American Geography,482
labor-intensive,American Geography,482
laissez-faire,American Geography,482
layo,American Geography,482
lease,American Geography,482
legal tender,American Geography,482
leisure class,American Geography,482
leverage,American Geography,482
leveraged buyout (LBO),American Geography,482
"Lewis, John L.",American Geography,482
liability,American Geography,482
lien,American Geography,482
limited liability,American Geography,482
liquid asset,American Geography,482
liquidation,American Geography,482
liquidity,American Geography,482
list price,American Geography,482
lockout,American Geography,482
macroeconomics,American Geography,482
make-work,American Geography,482
"Malthus, Thomas",American Geography,483
management,American Geography,483
marginal cost,American Geography,483
marginal tax rate,American Geography,483
market economy,American Geography,483
"Marx, Karl",American Geography,483
mass production,American Geography,483
mean,American Geography,483
median,American Geography,483
mediation,American Geography,483
mercantilism,American Geography,483
merger,American Geography,484
microeconomics,American Geography,484
minimum wage,American Geography,484
mixed economy,American Geography,484
monetarism,American Geography,484
monetary policy,American Geography,484
money market,American Geography,484
money supply,American Geography,484
monopoly,American Geography,484
"Morgan, J. Pierpont",American Geography,484
mortgage,American Geography,484
multinational corporation,American Geography,484
multiplier eect,American Geography,484
municipal bonds,American Geography,484
mutual fund,American Geography,484
mutual insurance company,American Geography,485
"Nader, Ralph",American Geography,485
NASDAQ (National Association of,American Geography,485
Dealers Automated Quotation System),American Geography,485
national debt,American Geography,485
nationalization,American Geography,485
natural resources,American Geography,485
negative income tax,American Geography,485
New York Stock Exchange,American Geography,485
Securities,American Geography,485
no-fault insurance,American Geography,485
obsolescence,American Geography,485
oligopoly,American Geography,485
open shop,American Geography,485
organization man,American Geography,485
Organization of Petroleum Exporting Countries,American Geography,485
(OPEC),American Geography,485
overdraft,American Geography,486
overhead,American Geography,486
parity price,American Geography,486
Parkinson’s Law,American Geography,486
partnership,American Geography,486
pension,American Geography,486
peonage,American Geography,486
per capita,American Geography,486
per diem,American Geography,486
personal property,American Geography,486
planned economy,American Geography,486
planned obsolescence,American Geography,486
postindustrial economy,American Geography,486
poverty level,American Geography,486
price controls,American Geography,487
price xing,American Geography,487
prime rate,American Geography,487
principal,American Geography,487
private enterprise,American Geography,487
private sector,American Geography,487
productivity,American Geography,487
prot motive,American Geography,487
prot sharing,American Geography,487
progressive tax,American Geography,487
proletariat,American Geography,487
property rights,American Geography,487
prorate,American Geography,487
protective tari,American Geography,487
proxy,American Geography,487
public company,American Geography,487
public sector,American Geography,487
public utility,American Geography,487
pump priming,American Geography,487
rationing,American Geography,487
real cost,American Geography,487
real income,American Geography,487
real property,American Geography,487
real wages,American Geography,487
rebate,American Geography,488
recession,American Geography,488
redistribution,American Geography,488
regressive tax,American Geography,488
regulation,American Geography,488
retail,American Geography,488
revenue,American Geography,488
revenue sharing,American Geography,488
"Ricardo, David",American Geography,488
right-to-work laws,American Geography,488
risk capital (venture capital),American Geography,488
robber barons,American Geography,488
"Rockefeller, John D.",American Geography,488
Route,American Geography,488
royalty,American Geography,488
S&P,American Geography,488
savings and loan association,"Anthropology, Psychology, and Sociology",489
savings bond,"Anthropology, Psychology, and Sociology",489
scab,"Anthropology, Psychology, and Sociology",489
scarcity,"Anthropology, Psychology, and Sociology",489
seasonal unemployment,"Anthropology, Psychology, and Sociology",489
securities,"Anthropology, Psychology, and Sociology",489
Securities and Exchange Commission (SE,"Anthropology, Psychology, and Sociology",489
seller’s market,"Anthropology, Psychology, and Sociology",489
selling short,"Anthropology, Psychology, and Sociology",489
seniority,"Anthropology, Psychology, and Sociology",489
service industry,"Anthropology, Psychology, and Sociology",489
services,"Anthropology, Psychology, and Sociology",489
shares,"Anthropology, Psychology, and Sociology",489
shortage,"Anthropology, Psychology, and Sociology",489
sinking fund,"Anthropology, Psychology, and Sociology",489
sliding scale,"Anthropology, Psychology, and Sociology",489
"Smith, Adam","Anthropology, Psychology, and Sociology",489
Social Security System,"Anthropology, Psychology, and Sociology",489
C),"Anthropology, Psychology, and Sociology",489
stagation,"Anthropology, Psychology, and Sociology",489
standard of living,"Anthropology, Psychology, and Sociology",490
stock,"Anthropology, Psychology, and Sociology",490
stock exchange,"Anthropology, Psychology, and Sociology",490
stock market,"Anthropology, Psychology, and Sociology",490
stock options,"Anthropology, Psychology, and Sociology",490
stockholders,"Anthropology, Psychology, and Sociology",490
strike,"Anthropology, Psychology, and Sociology",490
strikebreaker,"Anthropology, Psychology, and Sociology",490
structural unemployment,"Anthropology, Psychology, and Sociology",490
subsidy,"Anthropology, Psychology, and Sociology",490
subsistence farming,"Anthropology, Psychology, and Sociology",490
supply,"Anthropology, Psychology, and Sociology",490
supply and demand,"Anthropology, Psychology, and Sociology",490
supply-side economics,"Anthropology, Psychology, and Sociology",491
surplus,"Anthropology, Psychology, and Sociology",491
surtax,"Anthropology, Psychology, and Sociology",491
sweatshop,"Anthropology, Psychology, and Sociology",491
take-home pay,"Anthropology, Psychology, and Sociology",491
tari,"Anthropology, Psychology, and Sociology",491
tax break,"Anthropology, Psychology, and Sociology",491
tax deduction,"Anthropology, Psychology, and Sociology",491
tax haven,"Anthropology, Psychology, and Sociology",491
tax loophole,"Anthropology, Psychology, and Sociology",491
tax shelter,"Anthropology, Psychology, and Sociology",491
taxation,"Anthropology, Psychology, and Sociology",491
technocracy,"Anthropology, Psychology, and Sociology",491
technological unemployment,"Anthropology, Psychology, and Sociology",491
tenant farming,"Anthropology, Psychology, and Sociology",491
tight-money policy,"Anthropology, Psychology, and Sociology",491
trade,"Anthropology, Psychology, and Sociology",491
trade barriers,"Anthropology, Psychology, and Sociology",491
trade decit,"Anthropology, Psychology, and Sociology",491
tradeo,"Anthropology, Psychology, and Sociology",492
transfer payment,"Anthropology, Psychology, and Sociology",492
Treasury bills (T-bills),"Anthropology, Psychology, and Sociology",492
trust,"Anthropology, Psychology, and Sociology",492
trust busting,"Anthropology, Psychology, and Sociology",492
tycoon,"Anthropology, Psychology, and Sociology",492
unemployment compensation,"Anthropology, Psychology, and Sociology",492
union shop,"Anthropology, Psychology, and Sociology",492
urban renewal,"Anthropology, Psychology, and Sociology",492
urbanization,"Anthropology, Psychology, and Sociology",492
usury,"Anthropology, Psychology, and Sociology",492
value-added tax (VAT),"Anthropology, Psychology, and Sociology",492
"Vanderbilt, Cornelius","Anthropology, Psychology, and Sociology",492
vested interest,"Anthropology, Psychology, and Sociology",492
voucher,"Anthropology, Psychology, and Sociology",492
wage scale,"Anthropology, Psychology, and Sociology",492
wages,"Anthropology, Psychology, and Sociology",492
Wall Street,"Anthropology, Psychology, and Sociology",492
warranty,"Anthropology, Psychology, and Sociology",493
watered stock,"Anthropology, Psychology, and Sociology",493
welfare,"Anthropology, Psychology, and Sociology",493
welfare state,"Anthropology, Psychology, and Sociology",493
What’s good for the country is good for G,"Anthropology, Psychology, and Sociology",493
"tors, and vice versa","Anthropology, Psychology, and Sociology",493
wholesale,"Anthropology, Psychology, and Sociology",493
wildcat strike,"Anthropology, Psychology, and Sociology",493
windfall,"Anthropology, Psychology, and Sociology",493
withholding tax,"Anthropology, Psychology, and Sociology",493
Workmen’s Compensation,"Anthropology, Psychology, and Sociology",493
yield,"Anthropology, Psychology, and Sociology",493
eneral Mo-,"Anthropology, Psychology, and Sociology",493
zoning,"Anthropology, Psychology, and Sociology",493
absolute zero,"Anthropology, Psychology, and Sociology",495
accelerating universe,"Anthropology, Psychology, and Sociology",495
acceleration,"Anthropology, Psychology, and Sociology",495
acid,"Anthropology, Psychology, and Sociology",495
acute angle,"Anthropology, Psychology, and Sociology",495
adhesion,"Anthropology, Psychology, and Sociology",495
adsorption,"Anthropology, Psychology, and Sociology",495
aerodynamics,"Anthropology, Psychology, and Sociology",495
alchemy,"Anthropology, Psychology, and Sociology",496
algebra,"Anthropology, Psychology, and Sociology",496
algorithm,"Anthropology, Psychology, and Sociology",496
alkali,"Anthropology, Psychology, and Sociology",496
alloy,"Anthropology, Psychology, and Sociology",496
alpha radiation,"Anthropology, Psychology, and Sociology",496
amplitude,"Anthropology, Psychology, and Sociology",496
Andromeda galaxy,"Anthropology, Psychology, and Sociology",496
antimatter,"Anthropology, Psychology, and Sociology",496
antiparticle,"Anthropology, Psychology, and Sociology",496
apogee,"Anthropology, Psychology, and Sociology",496
Archimedes,"Anthropology, Psychology, and Sociology",496
asteroid,"Anthropology, Psychology, and Sociology",497
asteroid belt,"Anthropology, Psychology, and Sociology",497
astronomical unit,"Anthropology, Psychology, and Sociology",497
astronomy,"Anthropology, Psychology, and Sociology",497
astrophysics,"Anthropology, Psychology, and Sociology",497
atom,"Anthropology, Psychology, and Sociology",497
atomic clock,"Anthropology, Psychology, and Sociology",497
atomic number,"Anthropology, Psychology, and Sociology",497
atomic weight,"Anthropology, Psychology, and Sociology",497
average,"Anthropology, Psychology, and Sociology",497
axiom,"Anthropology, Psychology, and Sociology",497
axis,"Anthropology, Psychology, and Sociology",497
background radiation,"Anthropology, Psychology, and Sociology",497
Baconian method,"Anthropology, Psychology, and Sociology",497
base,"Anthropology, Psychology, and Sociology",497
beta radiation,"Anthropology, Psychology, and Sociology",498
Big Bang theory,"Anthropology, Psychology, and Sociology",498
Big Dipper,"Anthropology, Psychology, and Sociology",498
black hole,"Anthropology, Psychology, and Sociology",498
blackbody,"Anthropology, Psychology, and Sociology",498
Bohr atom,"Anthropology, Psychology, and Sociology",498
"Bohr, Niels","Anthropology, Psychology, and Sociology",498
boiling point,"Anthropology, Psychology, and Sociology",498
British thermal unit (Btu),"Anthropology, Psychology, and Sociology",498
Brownian motion,"Anthropology, Psychology, and Sociology",498
buer,"Anthropology, Psychology, and Sociology",498
buoyancy,"Anthropology, Psychology, and Sociology",498
calculus,"Anthropology, Psychology, and Sociology",498
Calorie,"Anthropology, Psychology, and Sociology",499
capillary,"Anthropology, Psychology, and Sociology",499
carbon,"Anthropology, Psychology, and Sociology",499
carbon dioxide (CO),"Anthropology, Psychology, and Sociology",499
carbon 14,"Anthropology, Psychology, and Sociology",499
carbon monoxide (CO),"Anthropology, Psychology, and Sociology",499
cardinal numbers,"Anthropology, Psychology, and Sociology",499
catalyst,"Anthropology, Psychology, and Sociology",499
Celsius,"Anthropology, Psychology, and Sociology",499
center of gravity,"Anthropology, Psychology, and Sociology",499
centigrade,"Anthropology, Psychology, and Sociology",499
centimeter,"Anthropology, Psychology, and Sociology",499
centrifugal force,"Anthropology, Psychology, and Sociology",499
CFC (chlorouorocarbon),"Anthropology, Psychology, and Sociology",499
chain reaction,"Anthropology, Psychology, and Sociology",499
chaos,"Anthropology, Psychology, and Sociology",500
"charge, electrical","Anthropology, Psychology, and Sociology",500
chemical bond,"Anthropology, Psychology, and Sociology",500
chemical element,"Anthropology, Psychology, and Sociology",500
chemical equilibrium,"Anthropology, Psychology, and Sociology",500
chemical reaction,"Anthropology, Psychology, and Sociology",500
chemistry,"Anthropology, Psychology, and Sociology",500
chlorine,"Anthropology, Psychology, and Sociology",500
circumference,"Anthropology, Psychology, and Sociology",500
closed universe,"Anthropology, Psychology, and Sociology",500
cobalt,"Anthropology, Psychology, and Sociology",500
cohesion,"Anthropology, Psychology, and Sociology",500
cold fusion,"Anthropology, Psychology, and Sociology",500
colloid,"Anthropology, Psychology, and Sociology",500
combustion,"Anthropology, Psychology, and Sociology",500
comet,"Anthropology, Psychology, and Sociology",500
common denominator,"Anthropology, Psychology, and Sociology",501
compound,"Anthropology, Psychology, and Sociology",501
condensation point,"Anthropology, Psychology, and Sociology",501
conduction,"Anthropology, Psychology, and Sociology",501
constant,"Anthropology, Psychology, and Sociology",501
constellation,"Anthropology, Psychology, and Sociology",501
convection,"Anthropology, Psychology, and Sociology",501
coordinates,"Anthropology, Psychology, and Sociology",501
"Copernicus, Nicolaus","Anthropology, Psychology, and Sociology",501
Coriolis eect,"Anthropology, Psychology, and Sociology",501
cosmic microwave background,"Anthropology, Psychology, and Sociology",501
cosmology,"Anthropology, Psychology, and Sociology",501
covalent bond,"Anthropology, Psychology, and Sociology",501
critical mass,"Anthropology, Psychology, and Sociology",501
crystal,"Anthropology, Psychology, and Sociology",502
"Curie, Marie","Anthropology, Psychology, and Sociology",502
"current, electric","Anthropology, Psychology, and Sociology",502
cyclotron,"Anthropology, Psychology, and Sociology",502
dark energy,"Anthropology, Psychology, and Sociology",502
dark matter,"Anthropology, Psychology, and Sociology",502
decibel,"Anthropology, Psychology, and Sociology",502
decimal point,"Anthropology, Psychology, and Sociology",502
decimals,"Anthropology, Psychology, and Sociology",502
degree,"Anthropology, Psychology, and Sociology",502
dehydration,"Anthropology, Psychology, and Sociology",502
denominator,"Anthropology, Psychology, and Sociology",502
density,"Anthropology, Psychology, and Sociology",502
diameter,"Anthropology, Psychology, and Sociology",502
diraction,"Anthropology, Psychology, and Sociology",502
diusion,"Anthropology, Psychology, and Sociology",502
distillation,"Anthropology, Psychology, and Sociology",502
Doppler eect,"Anthropology, Psychology, and Sociology",503
= Emc,"Anthropology, Psychology, and Sociology",503
eclipse,"Anthropology, Psychology, and Sociology",503
"Einstein, Albert","Anthropology, Psychology, and Sociology",503
elasticity,"Anthropology, Psychology, and Sociology",503
electrical eld,"Anthropology, Psychology, and Sociology",503
electricity,"Anthropology, Psychology, and Sociology",503
electrolysis,"Anthropology, Psychology, and Sociology",504
electromagnet,"Anthropology, Psychology, and Sociology",504
electromagnetic induction,"Anthropology, Psychology, and Sociology",504
electromagnetic radiation,"Anthropology, Psychology, and Sociology",504
electromagnetic spectrum,"Anthropology, Psychology, and Sociology",504
electromagnetic waves,"Anthropology, Psychology, and Sociology",504
electron,"Anthropology, Psychology, and Sociology",504
electron microscope,"Anthropology, Psychology, and Sociology",504
element,"Anthropology, Psychology, and Sociology",504
elementary particles,"Anthropology, Psychology, and Sociology",504
ellipse,"Anthropology, Psychology, and Sociology",505
energy,"Anthropology, Psychology, and Sociology",505
entropy,"Anthropology, Psychology, and Sociology",505
equation,"Anthropology, Psychology, and Sociology",505
equilibrium,"Anthropology, Psychology, and Sociology",505
equinox,"Anthropology, Psychology, and Sociology",505
escape velocity,"Anthropology, Psychology, and Sociology",505
ethanol,"Anthropology, Psychology, and Sociology",505
ethyl alcohol,"Anthropology, Psychology, and Sociology",505
Euclid,"Anthropology, Psychology, and Sociology",505
evaporation,"Anthropology, Psychology, and Sociology",505
exponent,"Anthropology, Psychology, and Sociology",506
exponential growth,"Anthropology, Psychology, and Sociology",506
extrapolation,"Anthropology, Psychology, and Sociology",506
extraterrestrial,"Anthropology, Psychology, and Sociology",506
Fahrenheit,"Anthropology, Psychology, and Sociology",506
"Fermi, Enrico","Anthropology, Psychology, and Sociology",506
"ssion, nuclear","Anthropology, Psychology, and Sociology",506
ash point,"Anthropology, Psychology, and Sociology",506
at universe,"Anthropology, Psychology, and Sociology",506
uorescence,"Anthropology, Psychology, and Sociology",506
uoride,"Anthropology, Psychology, and Sociology",506
focal length,"Anthropology, Psychology, and Sociology",506
force,"Anthropology, Psychology, and Sociology",506
fractal,"Anthropology, Psychology, and Sociology",506
fraction,"Anthropology, Psychology, and Sociology",507
free fall,"Anthropology, Psychology, and Sociology",507
freezing point,"Anthropology, Psychology, and Sociology",507
frequency,"Anthropology, Psychology, and Sociology",507
friction,"Anthropology, Psychology, and Sociology",507
function,"Anthropology, Psychology, and Sociology",507
"fusion, nuclear","Anthropology, Psychology, and Sociology",507
galaxy,"Anthropology, Psychology, and Sociology",507
Galileo,"Anthropology, Psychology, and Sociology",507
gamma radiation,"Anthropology, Psychology, and Sociology",507
geometric progression,"Anthropology, Psychology, and Sociology",508
geometry,"Anthropology, Psychology, and Sociology",508
"Goddard, Robert H.","Anthropology, Psychology, and Sociology",508
gram,"Anthropology, Psychology, and Sociology",508
Grand Unied Theory (GUT),"Anthropology, Psychology, and Sociology",508
gravitation,"Anthropology, Psychology, and Sociology",508
gravity,"Anthropology, Psychology, and Sociology",508
HO,"Anthropology, Psychology, and Sociology",508
half-life,"Anthropology, Psychology, and Sociology",508
heat,"Anthropology, Psychology, and Sociology",508
heat capacity,"Anthropology, Psychology, and Sociology",509
heavy water,"Anthropology, Psychology, and Sociology",509
"Heisenberg, Werner","Anthropology, Psychology, and Sociology",509
Heisenberg uncertainty principle,"Anthropology, Psychology, and Sociology",509
helium,"Anthropology, Psychology, and Sociology",509
helix,"Anthropology, Psychology, and Sociology",509
hertz,"Anthropology, Psychology, and Sociology",509
hexagon,"Anthropology, Psychology, and Sociology",509
horsepower,"Anthropology, Psychology, and Sociology",509
"Hubble, Edwin","Anthropology, Psychology, and Sociology",509
Hubble Space Telescope (HST),"Anthropology, Psychology, and Sociology",509
hydrocarbons,"Anthropology, Psychology, and Sociology",509
hydrogen,"Anthropology, Psychology, and Sociology",509
hyperbola,"Anthropology, Psychology, and Sociology",510
hypotenuse,"Anthropology, Psychology, and Sociology",510
hypothesis,"Anthropology, Psychology, and Sociology",510
Hz,"Anthropology, Psychology, and Sociology",510
inertia,"Anthropology, Psychology, and Sociology",510
inationary universe,"Anthropology, Psychology, and Sociology",510
infrared radiation,"Anthropology, Psychology, and Sociology",510
inorganic chemistry,"Anthropology, Psychology, and Sociology",510
inorganic molecules,"Anthropology, Psychology, and Sociology",510
integers,"Anthropology, Psychology, and Sociology",510
interference,"Anthropology, Psychology, and Sociology",510
ionic bond,Business and Economics,511
ionization  ionizing,Business and Economics,511
irrational number,Business and Economics,511
isomers,Business and Economics,511
isotope,Business and Economics,511
Jupiter,Business and Economics,511
Keck Telescope,Business and Economics,511
"Kelvin, Lord",Business and Economics,511
Kelvin scale,Business and Economics,511
"Kepler, Johannes",Business and Economics,511
kilogram,Business and Economics,511
kilometer,Business and Economics,511
kilowatt,Business and Economics,511
kinetic energy,Business and Economics,511
"Laplace, Marquis de",Business and Economics,511
latent heat,Business and Economics,511
"Lavoisier, Antoine",Business and Economics,512
lens,Business and Economics,512
lepton,Business and Economics,512
light,Business and Economics,512
light year,Business and Economics,512
line,Business and Economics,512
liquid,Business and Economics,512
litmus,Business and Economics,512
locus,Business and Economics,512
lowest common denominator,Business and Economics,512
Mach number,Business and Economics,512
magnet,Business and Economics,512
magnetic eld,Business and Economics,512
magnetism,Business and Economics,513
Mars,Business and Economics,513
mass,Business and Economics,513
mass spectograph,Business and Economics,513
mathematical induction,Business and Economics,513
mathematics,Business and Economics,513
matter,Business and Economics,513
"Maxwell, James Clerk",Business and Economics,513
Maxwell’s equations,Business and Economics,513
mean,Business and Economics,513
mean free path,Business and Economics,513
mechanics,Business and Economics,513
median,Business and Economics,513
melting point,Business and Economics,513
"Mendeleev, Dmitri",Business and Economics,513
Mercury,Business and Economics,514
mercury,Business and Economics,514
meson,Business and Economics,514
meter,Business and Economics,514
metric system,Business and Economics,514
microwaves,Business and Economics,514
Milky Way,Business and Economics,514
mode,Business and Economics,514
molecular weight,Business and Economics,514
molecule,Business and Economics,514
momentum,Business and Economics,514
moon,Business and Economics,514
Mount Palomar,Business and Economics,514
nebula,Business and Economics,514
necessary condition,Business and Economics,515
Neptune,Business and Economics,515
neutrino,Business and Economics,515
neutron,Business and Economics,515
neutron star,Business and Economics,515
"Newton, Isaac",Business and Economics,515
Newton’s laws of motion,Business and Economics,515
nitrogen,Business and Economics,515
normal distribution curve,Business and Economics,515
North Star (Polaris),Business and Economics,516
nova,Business and Economics,516
nuclear energy,Business and Economics,516
nuclear reaction,Business and Economics,516
nuclear winter,Business and Economics,516
nucleus,Business and Economics,516
numeral,Business and Economics,516
numerator,Business and Economics,516
obtuse angle,Business and Economics,516
octagon,Business and Economics,516
open universe,Business and Economics,516
"Oppenheimer, J. Robert",Business and Economics,516
optics,Business and Economics,516
orbit,Business and Economics,516
order of magnitude,Business and Economics,516
ordinal numbers,Business and Economics,517
organic chemistry,Business and Economics,517
organic molecule,Business and Economics,517
osmosis,Business and Economics,517
oxidation,Business and Economics,517
oxygen,Business and Economics,517
parabola,Business and Economics,517
parameter,Business and Economics,517
particle accelerator,Business and Economics,517
particle physics,Business and Economics,517
"Pauling, Linus",Business and Economics,517
pentagon,Business and Economics,518
percent,Business and Economics,518
perigee,Business and Economics,518
periodic table of the elements,Business and Economics,518
phases of matter,Business and Economics,518
photon,Business and Economics,518
physics,Business and Economics,518
"Planck, Max",Business and Economics,518
Planck’s constant,Business and Economics,518
plane,Business and Economics,518
plane geometry,Business and Economics,518
planet,Business and Economics,518
plasma,Business and Economics,518
Pluto,Business and Economics,519
plutonium,Business and Economics,519
point,Business and Economics,519
polarization,Business and Economics,520
polygon,Business and Economics,520
polymer,Business and Economics,520
positron,Business and Economics,520
potential energy,Business and Economics,520
power,Business and Economics,521
precipitate,Business and Economics,521
pressure,Business and Economics,521
prime number,Business and Economics,521
prism,Business and Economics,521
probability,Business and Economics,521
proton,Business and Economics,521
Ptolemaic universe,Business and Economics,521
Ptolemy,Business and Economics,521
pulsar,Business and Economics,521
Pythagorean theorem,Business and Economics,521
quanta,Business and Economics,521
quantum leap,Business and Economics,521
quantum mechanics,Business and Economics,522
quarks,Business and Economics,522
quasars,Business and Economics,522
radiation,Business and Economics,522
radiation damage,Business and Economics,522
radical,Business and Economics,522
radio waves,Business and Economics,522
radioactive,Business and Economics,522
radioactivity,Business and Economics,522
radium,Business and Economics,522
radon,Business and Economics,522
ratio,Business and Economics,522
reciprocal,Business and Economics,522
red shift,Business and Economics,522
reduction,Business and Economics,522
reection,Business and Economics,522
refraction,Business and Economics,523
relativity,Business and Economics,523
right angle,Business and Economics,523
right triangle,Business and Economics,523
"Rutherford, Ernest",Business and Economics,523
salt,Business and Economics,523
sample,Business and Economics,523
satellite,Business and Economics,523
Saturn,Business and Economics,523
scale,Business and Economics,523
scientic method,Business and Economics,523
SETI (Search for Extraterrestrial Intel,Business and Economics,524
solar system,Business and Economics,524
ligence),Business and Economics,524
solar wind,Business and Economics,524
solid,Business and Economics,524
solstice,Business and Economics,524
solution,Business and Economics,524
space-time,Business and Economics,524
specic gravity,Business and Economics,525
specic heat,Business and Economics,525
spectroscopy,Business and Economics,525
spectrum,Business and Economics,525
speed of light,Business and Economics,525
spontaneous combustion,Business and Economics,525
square (of a number),Business and Economics,525
square root,Business and Economics,525
standard deviation,Business and Economics,525
standard model,Business and Economics,525
star,Business and Economics,525
static electricity,Business and Economics,525
statistical signicance,Business and Economics,526
statistics,Business and Economics,526
stress,Business and Economics,526
string theory,Business and Economics,526
strong force,Business and Economics,526
subatomic,Business and Economics,526
subatomic particles,Business and Economics,526
sublimation,Business and Economics,526
sucient condition,Business and Economics,526
sunspots,Business and Economics,526
superconductivity,Business and Economics,526
supernova,Business and Economics,526
surface tension,Business and Economics,526
symmetry,Business and Economics,526
telescope,Business and Economics,526
"Teller, Edward",Business and Economics,527
theorem,Business and Economics,527
theory,Business and Economics,527
thermal equilibrium,Business and Economics,527
thermodynamics,Business and Economics,527
thermonuclear reaction,Business and Economics,527
time dilation,Business and Economics,527
titration,Business and Economics,527
tomography,Business and Economics,527
trapezoid,Business and Economics,527
triple point,Business and Economics,527
twin paradox,Business and Economics,527
UFO,Business and Economics,527
ultraviolet radiation,Business and Economics,527
uncertainty principle,Business and Economics,528
uniedeld theory,Business and Economics,528
uranium,Business and Economics,528
Uranus,Business and Economics,528
Ursa Major,Business and Economics,528
Ursa Minor,Business and Economics,528
vacuum,Business and Economics,528
valence,Business and Economics,528
valence electrons,Business and Economics,528
vapor pressure,Business and Economics,528
vaporization,Business and Economics,528
vector,Business and Economics,528
velocity,Business and Economics,528
Venus,Business and Economics,528
viscosity,Business and Economics,528
volume,Business and Economics,528
watt,Business and Economics,528
wave,Business and Economics,528
wavelength,Business and Economics,529
wave-particle duality,Business and Economics,529
weak force,Business and Economics,529
weight,Business and Economics,529
white dwarf,Business and Economics,529
whole numbers,Business and Economics,529
work,Business and Economics,529
x-ray,Business and Economics,529
zodiac,Business and Economics,529
acid rain,Physical Sciences and Mathematics,531
air pollution,Physical Sciences and Mathematics,531
Air Quality Index,Physical Sciences and Mathematics,531
Alvarez hypothesis,Physical Sciences and Mathematics,531
atmosphere,Physical Sciences and Mathematics,531
atmospheric pressure,Physical Sciences and Mathematics,531
aurora borealis,Physical Sciences and Mathematics,531
barometer,Physical Sciences and Mathematics,531
barrier island,Physical Sciences and Mathematics,532
basalt,Physical Sciences and Mathematics,532
bioremediation,Physical Sciences and Mathematics,532
Burgess Shale,Physical Sciences and Mathematics,532
carbon  dating,Physical Sciences and Mathematics,533
catastrophism,Physical Sciences and Mathematics,533
cell,Physical Sciences and Mathematics,533
cirrus clouds,Physical Sciences and Mathematics,533
climate,Physical Sciences and Mathematics,533
cloud seeding,Physical Sciences and Mathematics,533
clouds,Physical Sciences and Mathematics,533
continental divide,Physical Sciences and Mathematics,533
continental drift,Physical Sciences and Mathematics,533
continental shelf,Physical Sciences and Mathematics,533
continents,Physical Sciences and Mathematics,533
coral reef,Physical Sciences and Mathematics,534
core,Physical Sciences and Mathematics,534
cosmic rays,Physical Sciences and Mathematics,534
crust,Physical Sciences and Mathematics,534
cumulus clouds,Physical Sciences and Mathematics,534
cyclone,Physical Sciences and Mathematics,534
desalinization,Physical Sciences and Mathematics,534
Earth,Physical Sciences and Mathematics,534
"Earth, evolution of",Physical Sciences and Mathematics,535
earthquake,Physical Sciences and Mathematics,535
El Niño,Physical Sciences and Mathematics,535
erosion,Physical Sciences and Mathematics,535
estuary,Physical Sciences and Mathematics,535
extinction,Physical Sciences and Mathematics,535
eye of a hurricane,Physical Sciences and Mathematics,535
fault,Physical Sciences and Mathematics,535
fossil,Physical Sciences and Mathematics,535
fossil fuels,Physical Sciences and Mathematics,535
fossil record,Physical Sciences and Mathematics,535
front (frontal zone),Physical Sciences and Mathematics,535
geological cycle,Physical Sciences and Mathematics,536
geology,Physical Sciences and Mathematics,536
geophysics,Physical Sciences and Mathematics,536
geothermal energy,Physical Sciences and Mathematics,536
glacier,Physical Sciences and Mathematics,536
global warming,Physical Sciences and Mathematics,536
gradualism,Physical Sciences and Mathematics,536
granite,Physical Sciences and Mathematics,536
greenhouse eect,Physical Sciences and Mathematics,536
groundwater,Physical Sciences and Mathematics,536
hail,Physical Sciences and Mathematics,536
hard water,Physical Sciences and Mathematics,536
hot spot,Physical Sciences and Mathematics,536
humidity (relative and absolute),Physical Sciences and Mathematics,536
hurricane,Physical Sciences and Mathematics,537
"Hutton, James",Physical Sciences and Mathematics,537
hydrologic cycle,Physical Sciences and Mathematics,537
ice ages,Physical Sciences and Mathematics,537
iceberg,Physical Sciences and Mathematics,537
igneous rock,Physical Sciences and Mathematics,537
"inversion, thermal",Physical Sciences and Mathematics,537
ionosphere,Physical Sciences and Mathematics,537
jet stream,Physical Sciences and Mathematics,537
land breeze,Physical Sciences and Mathematics,537
lava,Physical Sciences and Mathematics,537
lightning,Physical Sciences and Mathematics,537
limestone,Physical Sciences and Mathematics,537
lithosphere,Physical Sciences and Mathematics,537
"Lyell, Charles",Physical Sciences and Mathematics,537
magma,Physical Sciences and Mathematics,538
magnetic eld of the Earth,Physical Sciences and Mathematics,538
magnetic eld reversals,Physical Sciences and Mathematics,538
magnetic north,Physical Sciences and Mathematics,538
magnetic pole,Physical Sciences and Mathematics,538
magnetic storm,Physical Sciences and Mathematics,538
mantle,Physical Sciences and Mathematics,538
Marianas Trench,Physical Sciences and Mathematics,538
mass extinction,Physical Sciences and Mathematics,538
metamorphic rock,Physical Sciences and Mathematics,538
meteor,Physical Sciences and Mathematics,538
meteorites,Physical Sciences and Mathematics,538
meteorology,Physical Sciences and Mathematics,538
microclimate,Physical Sciences and Mathematics,538
mineral,Physical Sciences and Mathematics,539
monsoon,Physical Sciences and Mathematics,539
moraine,Physical Sciences and Mathematics,539
nimbus clouds,Physical Sciences and Mathematics,539
northern lights,Physical Sciences and Mathematics,539
oil sands,Physical Sciences and Mathematics,539
ozone hole,Physical Sciences and Mathematics,539
ozone layer,Physical Sciences and Mathematics,539
paleontology,Physical Sciences and Mathematics,539
Pangaea,Physical Sciences and Mathematics,539
plate tectonics,Physical Sciences and Mathematics,539
precipitation,Physical Sciences and Mathematics,539
prevailing westerlies,Physical Sciences and Mathematics,540
punctuated equilibrium,Physical Sciences and Mathematics,540
radioactive dating,Physical Sciences and Mathematics,540
rainbow,Physical Sciences and Mathematics,540
renewable resource,Physical Sciences and Mathematics,540
Richter scale,Physical Sciences and Mathematics,540
San Andreas Fault,Physical Sciences and Mathematics,540
sandstone,Physical Sciences and Mathematics,540
sea breeze,Physical Sciences and Mathematics,540
seaoor spreading,Physical Sciences and Mathematics,541
sedimentary rock,Physical Sciences and Mathematics,541
seismic waves,Physical Sciences and Mathematics,541
seismology,Physical Sciences and Mathematics,541
shale,Physical Sciences and Mathematics,541
silicates,Physical Sciences and Mathematics,541
smog,Physical Sciences and Mathematics,541
soil,Physical Sciences and Mathematics,541
solar energy,Physical Sciences and Mathematics,541
stalactites,Physical Sciences and Mathematics,541
stalagmites,Physical Sciences and Mathematics,542
stratication,Physical Sciences and Mathematics,542
stratosphere,Physical Sciences and Mathematics,542
stratus clouds,Physical Sciences and Mathematics,542
strip mining,Physical Sciences and Mathematics,542
tectonic plates,Physical Sciences and Mathematics,542
thunder,Physical Sciences and Mathematics,542
tides,Physical Sciences and Mathematics,542
topsoil,Physical Sciences and Mathematics,542
tornado,Physical Sciences and Mathematics,542
troposphere,Physical Sciences and Mathematics,542
tsunami,Physical Sciences and Mathematics,542
tundra,Physical Sciences and Mathematics,542
typhoon,Physical Sciences and Mathematics,542
Van Allen belt,Physical Sciences and Mathematics,543
volcano,Physical Sciences and Mathematics,543
water pollution,Physical Sciences and Mathematics,543
water table,Physical Sciences and Mathematics,543
watershed,Physical Sciences and Mathematics,543
weather,Physical Sciences and Mathematics,543
weather map,Physical Sciences and Mathematics,543
weather satellite,Physical Sciences and Mathematics,543
weathering,Physical Sciences and Mathematics,543
westerly,Physical Sciences and Mathematics,543
action potential,Physical Sciences and Mathematics,545
active site,Physical Sciences and Mathematics,545
adaptation,Physical Sciences and Mathematics,545
aerobic,Physical Sciences and Mathematics,545
algae,Physical Sciences and Mathematics,545
allele,Physical Sciences and Mathematics,545
amino acids,Physical Sciences and Mathematics,545
amoeba,Physical Sciences and Mathematics,546
amphibians,Physical Sciences and Mathematics,546
anabolism,Physical Sciences and Mathematics,546
anaerobic,Physical Sciences and Mathematics,546
anatomy,Physical Sciences and Mathematics,546
animal kingdom,Physical Sciences and Mathematics,546
apoptosis,Physical Sciences and Mathematics,546
arthropods,Physical Sciences and Mathematics,546
articial selection,Physical Sciences and Mathematics,546
asexual reproduction,Physical Sciences and Mathematics,546
ATP (adenosine triphosphate),Physical Sciences and Mathematics,546
Australopithecus,Physical Sciences and Mathematics,546
axon,Physical Sciences and Mathematics,546
bacilli,Physical Sciences and Mathematics,547
bacteria,Physical Sciences and Mathematics,547
balance of nature,Physical Sciences and Mathematics,547
basal metabolism,Physical Sciences and Mathematics,547
B-cell,Physical Sciences and Mathematics,547
biochemical pathways,Physical Sciences and Mathematics,547
biochemistry,Physical Sciences and Mathematics,547
biodegradable,Physical Sciences and Mathematics,547
biodiversity,Physical Sciences and Mathematics,547
bioethics,Physical Sciences and Mathematics,547
biology,Physical Sciences and Mathematics,547
biomass,Physical Sciences and Mathematics,547
biophysics,Physical Sciences and Mathematics,547
biosphere,Physical Sciences and Mathematics,547
birds,Physical Sciences and Mathematics,547
blastula,Physical Sciences and Mathematics,548
blood-brain barrier,Physical Sciences and Mathematics,548
botany,Physical Sciences and Mathematics,548
Brontosaurus,Physical Sciences and Mathematics,548
cambium,Physical Sciences and Mathematics,548
carbohydrates,Physical Sciences and Mathematics,548
carbon cycle,Physical Sciences and Mathematics,548
carnivore,Physical Sciences and Mathematics,548
carrying capacity,Physical Sciences and Mathematics,548
"Carson, Rachel",Physical Sciences and Mathematics,548
catabolism,Physical Sciences and Mathematics,548
cell,Physical Sciences and Mathematics,548
cell membrane,Physical Sciences and Mathematics,548
cell wall,Physical Sciences and Mathematics,548
cellular dierentiation,Physical Sciences and Mathematics,548
cellular respiration,Physical Sciences and Mathematics,549
cellulose,Physical Sciences and Mathematics,549
central dogma of molecular biology,Physical Sciences and Mathematics,549
chemical evolution,Physical Sciences and Mathematics,549
chlorophyll,Physical Sciences and Mathematics,549
chloroplast,Physical Sciences and Mathematics,549
chordates,Physical Sciences and Mathematics,549
chromosomes,Physical Sciences and Mathematics,549
cladistics,Physical Sciences and Mathematics,550
class,Physical Sciences and Mathematics,550
cleavage,Physical Sciences and Mathematics,550
clone,Physical Sciences and Mathematics,550
cloning vector,Physical Sciences and Mathematics,550
closed ecosystem,Physical Sciences and Mathematics,550
codon,Physical Sciences and Mathematics,550
coevolution,Physical Sciences and Mathematics,550
cold-blooded animals,Physical Sciences and Mathematics,550
convergent evolution,Physical Sciences and Mathematics,550
"Crick, Francis H. C.",Physical Sciences and Mathematics,550
cross-breeding,Physical Sciences and Mathematics,550
cross-fertilization,Physical Sciences and Mathematics,550
crustacean,Physical Sciences and Mathematics,550
cytoplasm,Physical Sciences and Mathematics,550
cytoskeleton,Physical Sciences and Mathematics,550
"Darwin, Charles",Physical Sciences and Mathematics,550
deciduous trees and shrubs,Physical Sciences and Mathematics,551
deforestation,Physical Sciences and Mathematics,551
developmental biology,Physical Sciences and Mathematics,551
dinosaurs,Physical Sciences and Mathematics,551
dioxin,Physical Sciences and Mathematics,551
DNA (deoxyribonucleic acid),Physical Sciences and Mathematics,551
DNA methylation,Physical Sciences and Mathematics,552
DNA polymerase,Physical Sciences and Mathematics,552
DNA repair,Physical Sciences and Mathematics,552
DNA sequencing,Physical Sciences and Mathematics,552
Dolly,Physical Sciences and Mathematics,552
dominant trait,Physical Sciences and Mathematics,552
double helix,Physical Sciences and Mathematics,552
ecological niche,Physical Sciences and Mathematics,553
ecology,Physical Sciences and Mathematics,553
ecosystem,Physical Sciences and Mathematics,553
embryo,Physical Sciences and Mathematics,553
embryology,Physical Sciences and Mathematics,553
embryonic stem cell,Physical Sciences and Mathematics,553
enzyme,Physical Sciences and Mathematics,553
eugenics,Physical Sciences and Mathematics,553
eukaryote,Physical Sciences and Mathematics,553
evolution,Physical Sciences and Mathematics,553
exon,Physical Sciences and Mathematics,553
family,Physical Sciences and Mathematics,553
fauna,Physical Sciences and Mathematics,553
fermentation,Physical Sciences and Mathematics,554
fertilization,Physical Sciences and Mathematics,554
fetus,Physical Sciences and Mathematics,554
uid mosaic model,Physical Sciences and Mathematics,554
food chain,Physical Sciences and Mathematics,554
fruit,Physical Sciences and Mathematics,554
fungi,Physical Sciences and Mathematics,554
gamete,Physical Sciences and Mathematics,554
gel electrophoresis,Physical Sciences and Mathematics,554
gene,Physical Sciences and Mathematics,554
gene amplication,Physical Sciences and Mathematics,555
gene mapping,Physical Sciences and Mathematics,555
gene patent,Physical Sciences and Mathematics,555
gene pool,Physical Sciences and Mathematics,555
gene splicing,Physical Sciences and Mathematics,555
gene therapy,Physical Sciences and Mathematics,555
genetic code,Physical Sciences and Mathematics,556
genetic drift,Physical Sciences and Mathematics,556
genetic engineering,Physical Sciences and Mathematics,556
genetically modied organism,Physical Sciences and Mathematics,556
genetics,Physical Sciences and Mathematics,556
genome,Physical Sciences and Mathematics,556
genomics,Physical Sciences and Mathematics,556
genotype,Physical Sciences and Mathematics,556
genus,Physical Sciences and Mathematics,556
glucose,Physical Sciences and Mathematics,556
GMO,Physical Sciences and Mathematics,556
gonads,Physical Sciences and Mathematics,556
green revolution,Physical Sciences and Mathematics,556
habitat,Physical Sciences and Mathematics,556
herbivore,Physical Sciences and Mathematics,556
heredity,Physical Sciences and Mathematics,557
hibernation,Physical Sciences and Mathematics,557
homeotic genes,Physical Sciences and Mathematics,557
hominids,Physical Sciences and Mathematics,557
Homo,Physical Sciences and Mathematics,557
homologous chromosomes,Physical Sciences and Mathematics,557
horticulture,Physical Sciences and Mathematics,557
Human Genome Project,Physical Sciences and Mathematics,557
hybridization,Physical Sciences and Mathematics,557
hydroponics,Physical Sciences and Mathematics,557
in vitro,Physical Sciences and Mathematics,557
in vivo,Physical Sciences and Mathematics,557
instinct,Physical Sciences and Mathematics,557
intron,Physical Sciences and Mathematics,557
invertebrates,Physical Sciences and Mathematics,557
jumping genes,Physical Sciences and Mathematics,557
“junk” DNA,Physical Sciences and Mathematics,557
karyotype,Physical Sciences and Mathematics,557
kingdom,Physical Sciences and Mathematics,558
Linnean classication,Physical Sciences and Mathematics,558
"Linnaeus, Carolus",Physical Sciences and Mathematics,558
lipids,Physical Sciences and Mathematics,558
mammals,Physical Sciences and Mathematics,558
meiosis,Physical Sciences and Mathematics,558
memory cell,Physical Sciences and Mathematics,558
"Mendel, Gregor",Physical Sciences and Mathematics,558
meristem,Physical Sciences and Mathematics,559
metabolism,Physical Sciences and Mathematics,559
metamorphosis,Physical Sciences and Mathematics,559
microorganisms,Physical Sciences and Mathematics,559
missing link,Physical Sciences and Mathematics,559
mitochondrion,Physical Sciences and Mathematics,559
mitochondrial Eve,Physical Sciences and Mathematics,559
mitosis,Physical Sciences and Mathematics,559
molecular biology,Physical Sciences and Mathematics,559
mollusks,Physical Sciences and Mathematics,559
Monera,Physical Sciences and Mathematics,559
morphology,Physical Sciences and Mathematics,559
mutagen,Physical Sciences and Mathematics,559
mutations,Physical Sciences and Mathematics,560
natural selection,Physical Sciences and Mathematics,560
neurotransmitter,Physical Sciences and Mathematics,560
nitrogen xing,Physical Sciences and Mathematics,560
nitrogenous wastes,Physical Sciences and Mathematics,560
nucleic acids,Physical Sciences and Mathematics,560
nucleotides,Physical Sciences and Mathematics,560
nucleus,Physical Sciences and Mathematics,560
omnivore,Physical Sciences and Mathematics,560
opposable thumb,Physical Sciences and Mathematics,560
order,Physical Sciences and Mathematics,560
organ,Physical Sciences and Mathematics,560
organelles,Physical Sciences and Mathematics,560
organic compounds,Physical Sciences and Mathematics,560
organic molecules,Physical Sciences and Mathematics,560
The Origin of Species,Physical Sciences and Mathematics,560
p gene,Physical Sciences and Mathematics,561
PCR (polymerase chain reaction),Physical Sciences and Mathematics,561
phenotype,Physical Sciences and Mathematics,561
pheromones,Physical Sciences and Mathematics,561
phloem,Physical Sciences and Mathematics,561
photosynthesis,Physical Sciences and Mathematics,561
phylum,Physical Sciences and Mathematics,561
physiology,Physical Sciences and Mathematics,561
pistil,Physical Sciences and Mathematics,561
plant kingdom,Physical Sciences and Mathematics,561
plasmid,Physical Sciences and Mathematics,561
pollen,Physical Sciences and Mathematics,561
pollination,Physical Sciences and Mathematics,561
population genetics,Physical Sciences and Mathematics,561
primates,Physical Sciences and Mathematics,561
prokaryotes,Physical Sciences and Mathematics,561
protein folding problem,Physical Sciences and Mathematics,562
protein structure,Physical Sciences and Mathematics,562
proteins,Physical Sciences and Mathematics,562
proteomics,Physical Sciences and Mathematics,562
Protoctista,Physical Sciences and Mathematics,562
protoplasm,Physical Sciences and Mathematics,562
protozoa,Physical Sciences and Mathematics,562
recessive trait,Physical Sciences and Mathematics,562
recombinant DNA technology,Physical Sciences and Mathematics,562
regenerative medicine,Physical Sciences and Mathematics,562
repetitive DNA,Physical Sciences and Mathematics,562
reproductive cloning,Physical Sciences and Mathematics,562
reptiles,Physical Sciences and Mathematics,563
respiration,Physical Sciences and Mathematics,563
restriction enzymes,Physical Sciences and Mathematics,563
ribonucleic acid,Physical Sciences and Mathematics,563
ribosome,Physical Sciences and Mathematics,563
RNA,Physical Sciences and Mathematics,563
root,Physical Sciences and Mathematics,563
second messenger,Physical Sciences and Mathematics,563
sex cells,Physical Sciences and Mathematics,563
sex chromosomes,Physical Sciences and Mathematics,563
sex-linked trait,Physical Sciences and Mathematics,563
sexual reproduction,Physical Sciences and Mathematics,564
sexual selection,Physical Sciences and Mathematics,564
signal transduction pathway,Physical Sciences and Mathematics,564
single-celled,Physical Sciences and Mathematics,564
sociobiology,Physical Sciences and Mathematics,564
species,Physical Sciences and Mathematics,564
sperm,Physical Sciences and Mathematics,564
spore,Physical Sciences and Mathematics,564
stamen,Physical Sciences and Mathematics,564
stem cell,Physical Sciences and Mathematics,564
sugars,Physical Sciences and Mathematics,564
symbiosis,Physical Sciences and Mathematics,564
synapse,Physical Sciences and Mathematics,565
system,Physical Sciences and Mathematics,565
taproot,Physical Sciences and Mathematics,565
taxonomy,Physical Sciences and Mathematics,565
T-cell,Physical Sciences and Mathematics,565
telomere,Physical Sciences and Mathematics,565
therapeutic cloning,Physical Sciences and Mathematics,565
therapeutic virus,Physical Sciences and Mathematics,565
totipotency,Physical Sciences and Mathematics,565
toxic waste,Physical Sciences and Mathematics,565
transgenic species,Physical Sciences and Mathematics,565
transposon,Physical Sciences and Mathematics,565
Tyrannosaurus rex,Physical Sciences and Mathematics,565
vertebrates,Physical Sciences and Mathematics,565
virus,Physical Sciences and Mathematics,565
vivisection,Physical Sciences and Mathematics,565
warm-blooded animals,Physical Sciences and Mathematics,566
Watson and Crick,Physical Sciences and Mathematics,566
xenotransplantation,Physical Sciences and Mathematics,566
xylem,Physical Sciences and Mathematics,566
zoology,Physical Sciences and Mathematics,566
abdomen,Physical Sciences and Mathematics,568
abdominal cavity,Physical Sciences and Mathematics,568
abortion,Physical Sciences and Mathematics,568
abscess,Physical Sciences and Mathematics,568
Achilles tendon,Physical Sciences and Mathematics,568
acupuncture,Physical Sciences and Mathematics,568
acute disease,Physical Sciences and Mathematics,568
adenoids,Physical Sciences and Mathematics,568
adipose tissue,Physical Sciences and Mathematics,568
adrenal glands,Physical Sciences and Mathematics,568
adrenaline,Physical Sciences and Mathematics,568
aerobics,Physical Sciences and Mathematics,568
AIDS,Physical Sciences and Mathematics,568
alcoholism,Physical Sciences and Mathematics,568
allergy,Earth Sciences,569
alternative medicine,Earth Sciences,569
Alzheimer’s disease,Earth Sciences,569
amniocentesis,Earth Sciences,569
amniotic uid,Earth Sciences,569
amniotic sac,Earth Sciences,569
amphetamine,Earth Sciences,569
anabolic steroids,Earth Sciences,569
analgesic,Earth Sciences,569
anemia,Earth Sciences,569
anesthesia,Earth Sciences,569
anesthetic,Earth Sciences,569
angina pectoris,Earth Sciences,569
angioplasty,Earth Sciences,569
anorexia,Earth Sciences,569
anorexia nervosa,Earth Sciences,569
anthrax,Earth Sciences,570
antibiotic,Earth Sciences,570
"antibiotics, resistance to",Earth Sciences,570
antibodies,Earth Sciences,570
anticoagulants,Earth Sciences,570
antidepressants,Earth Sciences,570
antigens,Earth Sciences,570
antihistamines,Earth Sciences,570
antiseptics,Earth Sciences,570
anus,Earth Sciences,570
aorta,Earth Sciences,570
appendectomy,Earth Sciences,570
appendicitis,Earth Sciences,570
appendix,Earth Sciences,570
arteries,Earth Sciences,570
arteriosclerosis,Earth Sciences,570
arthritis,Earth Sciences,570
arthroscope,Earth Sciences,570
ascorbic acid,Earth Sciences,571
asthma,Earth Sciences,571
astigmatism,Earth Sciences,571
atherosclerosis,Earth Sciences,571
athlete’s foot,Earth Sciences,571
atria,Earth Sciences,571
atrophy,Earth Sciences,571
Attention Decit Disorder (ADD),Earth Sciences,571
auditory nerve,Earth Sciences,571
autism,Earth Sciences,571
autoimmune disease,Earth Sciences,571
autonomic nervous system,Earth Sciences,571
AZT,Earth Sciences,571
bacterial infection,Earth Sciences,571
balanced diet,Earth Sciences,571
barbiturates,Earth Sciences,571
benign,Earth Sciences,572
bile,Earth Sciences,572
bile ducts,Earth Sciences,572
biofeedback,Earth Sciences,572
biological clock,Earth Sciences,572
bipolar disorder,Earth Sciences,572
black lung,Earth Sciences,572
bladder,Earth Sciences,572
blind spot,Earth Sciences,572
blood,Earth Sciences,572
blood group,Earth Sciences,572
blood pressure,Earth Sciences,572
blood type,Earth Sciences,572
blood vessels,Earth Sciences,573
bone marrow,Earth Sciences,573
botulism,Earth Sciences,573
brain,Earth Sciences,573
bronchial tubes,Earth Sciences,573
bubonic plague,Earth Sciences,573
bulimia,Earth Sciences,573
bursa,Earth Sciences,573
bursitis,Earth Sciences,573
cancer,Earth Sciences,573
canines,Earth Sciences,573
capillaries,Earth Sciences,573
carcinogenic,Earth Sciences,574
carcinoma,Earth Sciences,574
cardiac arrest,Earth Sciences,574
cardiology,Earth Sciences,574
cardiopulmonary resuscitation (CPR),Earth Sciences,574
cardiovascular,Earth Sciences,574
carpal tunnel syndrome,Earth Sciences,574
cartilage,Earth Sciences,574
CAT scan,Earth Sciences,574
cataract,Earth Sciences,574
catheter,Earth Sciences,574
catheterization,Earth Sciences,574
CDC (Centers for Disease Control),Earth Sciences,574
cellulite,Earth Sciences,574
central nervous system,Earth Sciences,574
cerebellum,Earth Sciences,574
cerebral,Earth Sciences,574
cerebral cortex,Earth Sciences,574
cerebral palsy,Earth Sciences,575
cerebral thrombosis,Earth Sciences,575
cerebrum,Earth Sciences,575
cervix,Earth Sciences,575
Cesarean section,Earth Sciences,575
chemotherapy,Earth Sciences,575
chicken pox,Earth Sciences,575
chiropractic,Earth Sciences,575
cholera,Earth Sciences,575
cholesterol,Earth Sciences,575
chronic disease,Earth Sciences,575
chronic fatigue syndrome,Earth Sciences,575
circadian rhythm,Earth Sciences,575
circulatory system,Earth Sciences,575
circumcision,Earth Sciences,575
cirrhosis,Earth Sciences,577
cleft lip,Earth Sciences,577
club drugs,Earth Sciences,577
cocaine,Earth Sciences,577
codeine,Earth Sciences,577
colitis,Earth Sciences,577
colon,Earth Sciences,577
colorblindness,Earth Sciences,577
coma,Earth Sciences,577
communicable disease,Earth Sciences,577
conception,Earth Sciences,577
congenital,Earth Sciences,577
conjunctivitis,Earth Sciences,577
connective tissue,Earth Sciences,577
contagious disease,Earth Sciences,577
contraception,Earth Sciences,577
convulsion,Earth Sciences,577
cornea,Earth Sciences,577
coronary,Earth Sciences,577
coronary arteries,Earth Sciences,578
coronary bypass surgery,Earth Sciences,578
coronary thrombosis,Earth Sciences,578
cortisone,Earth Sciences,578
cranium,Earth Sciences,578
crown,Earth Sciences,578
cyst,Earth Sciences,578
cysticbrosis,Earth Sciences,578
dentin,Earth Sciences,578
dermatitis,Earth Sciences,578
dermatology,Earth Sciences,578
designer drug,Earth Sciences,578
diabetes mellitus,Earth Sciences,578
dialysis,Earth Sciences,578
diaphragm,Earth Sciences,578
diarrhea,Earth Sciences,578
dietary supplement,Earth Sciences,578
digestion,Earth Sciences,578
digestive system,Earth Sciences,579
diphtheria,Earth Sciences,579
diuretic,Earth Sciences,579
Down’s syndrome,Earth Sciences,579
duodenum,Earth Sciences,579
dysentery,Earth Sciences,579
dyslexia,Earth Sciences,579
eardrum,Earth Sciences,579
Ebola,Earth Sciences,579
electrocardiogram (EKG),Earth Sciences,580
electrocardiograph,Earth Sciences,580
electroencephalogram (EEG),Earth Sciences,580
electrolyte,Earth Sciences,580
electroshock therapy,Earth Sciences,580
embolism,Earth Sciences,580
emphysema,Earth Sciences,580
enamel,Earth Sciences,580
encephalitis,Earth Sciences,580
endocrine gland,Earth Sciences,580
endocrine system,Earth Sciences,580
endorphins,Earth Sciences,580
epidemic,Earth Sciences,581
epidermis,Earth Sciences,581
epilepsy,Earth Sciences,581
ergonomics,Earth Sciences,581
esophagus,Earth Sciences,581
estrogen,Earth Sciences,581
Eustachian tube,Earth Sciences,581
evolutionary medicine,Earth Sciences,581
excretory system,Earth Sciences,581
fallopian tubes,Earth Sciences,582
fats,Earth Sciences,582
FDA Recommended Daily Allowance (R,Earth Sciences,582
feces,Earth Sciences,582
ght or ight reaction,Earth Sciences,582
FMRI,Earth Sciences,582
Food and Drug Administration (FDA),Earth Sciences,582
food poisoning,Earth Sciences,582
fungal infection,Earth Sciences,582
Galen,Earth Sciences,582
DA),Earth Sciences,582
gallbladder,Earth Sciences,582
gallstone,Earth Sciences,582
gangrene,Earth Sciences,582
gastric,Earth Sciences,582
gastroenterology,Earth Sciences,582
gastrointestinal tract (GI tract),Earth Sciences,582
general anesthetic,Earth Sciences,582
genetic counseling,Life Sciences,583
genetic testing,Life Sciences,583
genitals,Life Sciences,583
German measles,Life Sciences,583
germs,Life Sciences,583
gerontology,Life Sciences,583
glands,Life Sciences,583
glaucoma,Life Sciences,583
gonorrhea,Life Sciences,583
gout,Life Sciences,583
gynecology,Life Sciences,583
hallucinogen,Life Sciences,583
HDL,Life Sciences,583
heart,Life Sciences,583
heart attack,Life Sciences,583
heartburn,Life Sciences,583
hemoglobin,Life Sciences,584
hemophilia,Life Sciences,584
hepatitis,Life Sciences,584
hereditary,Life Sciences,584
hernia,Life Sciences,584
herpes,Life Sciences,584
Hippocrates,Life Sciences,584
Hippocratic oath,Life Sciences,584
HIV,Life Sciences,584
hives,Life Sciences,584
HMO,Life Sciences,585
Hodgkin’s disease,Life Sciences,585
holistic medicine,Life Sciences,585
homeopathy,Life Sciences,585
homeostasis,Life Sciences,585
hormones,Life Sciences,585
humor,Life Sciences,585
hymen,Life Sciences,585
hypersensitivity,Life Sciences,585
hypertension,Life Sciences,585
hypochondriac,Life Sciences,585
hypothalamus,Life Sciences,585
hysterectomy,Life Sciences,585
immune system,Life Sciences,585
immunity,Life Sciences,585
immunization,Life Sciences,585
incisors,Life Sciences,586
incubation period,Life Sciences,586
incubator,Life Sciences,586
infection,Life Sciences,586
infectious diseases,Life Sciences,586
inammation,Life Sciences,586
inuenza,Life Sciences,586
inner ear,Life Sciences,586
inoculation,Life Sciences,586
insomnia,Life Sciences,586
insulin,Life Sciences,586
interferon,Life Sciences,586
intestines,Life Sciences,586
intrauterine device (IUD),Life Sciences,586
intravenous,Life Sciences,586
IVF (in vitro fertilization),Life Sciences,586
iris,Life Sciences,586
Jacob-Creutzfeldt syndrome,Life Sciences,586
jaundice,Life Sciences,586
jet lag,Life Sciences,586
kidney stones,Life Sciences,587
kidneys,Life Sciences,587
knee-jerk reex,Life Sciences,587
labor,Life Sciences,587
laparoscope,Life Sciences,587
large intestine,Life Sciences,587
larynx,Life Sciences,587
LASIK,Life Sciences,587
LDL,Life Sciences,587
left brain,Life Sciences,587
lens,Life Sciences,587
leprosy,Life Sciences,587
leukemia,Life Sciences,587
ligament,Life Sciences,587
liver,Life Sciences,587
lobotomy,Life Sciences,587
local anesthetic,Life Sciences,588
LSD,Life Sciences,588
lungs,Life Sciences,588
lupus,Life Sciences,588
Lyme disease,Life Sciences,588
lymph,Life Sciences,588
lymph nodes,Life Sciences,588
lymphatic system,Life Sciences,588
mad cow disease,Life Sciences,588
magnetic resonance imaging (MRI),Life Sciences,588
malaria,Life Sciences,588
malignant,Life Sciences,588
malnutrition,Life Sciences,588
mammogram,Life Sciences,588
mammography,Life Sciences,588
manic-depressive illness,Life Sciences,589
marrow,Life Sciences,589
mastectomy,Life Sciences,589
measles,Life Sciences,589
Medicaid,Life Sciences,589
Medicare,Life Sciences,589
melanin,Life Sciences,589
melanoma,Life Sciences,589
meninges,Life Sciences,589
meningitis,Life Sciences,589
menopause,Life Sciences,589
menstrual cycle,Life Sciences,589
menstruation,Life Sciences,589
methadone,Life Sciences,589
middle ear,Life Sciences,589
midwife,Life Sciences,589
minerals,Life Sciences,589
miscarriage,Life Sciences,589
molars,Life Sciences,589
mononucleosis,Life Sciences,592
morphine,Life Sciences,592
mucous membrane,Life Sciences,592
mucus,Life Sciences,592
multiple sclerosis,Life Sciences,592
mumps,Life Sciences,592
muscular dystrophy,Life Sciences,592
muscular system,Life Sciences,592
myopia,Life Sciences,592
nephrology,Life Sciences,592
nerve,Life Sciences,592
nervous system,Life Sciences,592
neurology,Life Sciences,592
neurons,Life Sciences,592
nicotine,Life Sciences,592
NIH (National Institutes of Health),Life Sciences,592
Novocain,Life Sciences,594
obstetrics,Life Sciences,594
occupational disease,Life Sciences,594
olfactory,Life Sciences,594
oncogene,Life Sciences,594
oncology,Life Sciences,594
ophthalmic,Life Sciences,594
ophthalmology,Life Sciences,594
opium,Life Sciences,594
opportunistic infection,Life Sciences,594
optic nerve,Life Sciences,594
organic,Life Sciences,594
orthopedics,Life Sciences,594
osteopathy,Life Sciences,594
osteoporosis,Life Sciences,594
outer ear,Life Sciences,594
ovaries,Life Sciences,594
ovulation,Life Sciences,594
pacemaker,Life Sciences,594
palate,Life Sciences,595
pancreas,Life Sciences,595
pandemic,Life Sciences,595
paralysis,Life Sciences,595
parasite,Life Sciences,595
parathyroid glands,Life Sciences,595
Parkinson’s disease,Life Sciences,595
"Pasteur, Louis",Life Sciences,595
pasteurization,Life Sciences,595
pathogen,Life Sciences,595
pathogenic,Life Sciences,595
pathology,Life Sciences,595
pediatrics,Life Sciences,595
pelvic inammatory disease,Life Sciences,595
pelvis,Life Sciences,595
penicillin,Life Sciences,595
penis,Life Sciences,595
peripheral nervous system,Life Sciences,595
peristalsis,Life Sciences,596
PET scan,Life Sciences,596
phenylketonuria (PKU),Life Sciences,596
pituitary gland,Life Sciences,596
placebo,Life Sciences,596
placenta,Life Sciences,596
plague,Life Sciences,596
plaque,Life Sciences,596
plasma,Life Sciences,596
plastic surgery,Life Sciences,596
platelets,Life Sciences,596
PMS (premenstrual syndrome),Life Sciences,597
pneumonia,Life Sciences,597
poliomyelitis (polio),Life Sciences,597
prenatal,Life Sciences,597
preventive medicine,Life Sciences,597
prion,Life Sciences,597
prognosis,Life Sciences,597
prostate gland,Life Sciences,597
protease inhibitors,Life Sciences,597
Prozac®,Life Sciences,597
psychosomatic,Life Sciences,597
pulmonary artery,Life Sciences,597
pulp,Life Sciences,597
pupil,Life Sciences,597
quarantine,Life Sciences,597
rabies,Life Sciences,598
radiology,Life Sciences,598
rectum,Life Sciences,598
red blood cells,Life Sciences,598
reex,Life Sciences,598
rejection,Life Sciences,598
remission,Life Sciences,598
renal,Life Sciences,598
repetitive stress injury,Life Sciences,598
reproductive systems,Life Sciences,598
respiratory system,Life Sciences,599
respiratory tract,Life Sciences,599
retina,Life Sciences,599
retrovirus,Life Sciences,599
Rh factor,Life Sciences,599
rheumatic fever,Life Sciences,600
right brain,Life Sciences,600
rigor mortis,Life Sciences,600
root,Life Sciences,600
rubella,Life Sciences,600
rubeola,Life Sciences,600
Rx,Life Sciences,600
Sabin vaccine,Life Sciences,600
saliva,Life Sciences,600
salivary glands,Life Sciences,600
Salk vaccine,Life Sciences,600
salmonella,Life Sciences,600
saturated fats,Life Sciences,600
scarlet fever,Life Sciences,600
sciatica,Life Sciences,600
scrotum,Life Sciences,600
sebaceous glands,Life Sciences,600
secondary sex characteristic,Life Sciences,600
semen,Life Sciences,600
sexually transmitted diseases,Life Sciences,600
sickle cell anemia,Life Sciences,601
skeletal system,Life Sciences,601
skin,Life Sciences,601
small intestine,Life Sciences,601
smallpox,Life Sciences,601
somatic nervous system,Life Sciences,601
spina bida,Life Sciences,601
spinal cord,Life Sciences,601
spleen,Life Sciences,601
spontaneous abortion,Life Sciences,601
staphylococcus,Life Sciences,601
STD,Life Sciences,601
sterilization,Life Sciences,601
steroid,Life Sciences,601
stethoscope,Life Sciences,601
stillbirth,Life Sciences,601
stomach,Life Sciences,603
strep throat,Life Sciences,603
streptococcus,Life Sciences,603
stress,Life Sciences,603
stroke,Life Sciences,603
sudden infant death syndrome (SIDS),Life Sciences,603
sweat glands,Life Sciences,603
syndrome,Life Sciences,603
syphilis,Life Sciences,603
tapeworm,Life Sciences,603
taste buds,Life Sciences,603
Tb test,Life Sciences,603
tendon,Life Sciences,603
testes,Life Sciences,603
testosterone,Life Sciences,603
tetanus,Life Sciences,603
thalamus,Life Sciences,603
thalidomide,Life Sciences,604
thorax,Life Sciences,604
thrombosis,Life Sciences,604
thymus gland,Life Sciences,604
thyroid,Life Sciences,604
tonsillitis,Life Sciences,604
tonsils,Life Sciences,604
tooth,Life Sciences,604
toxins,Life Sciences,604
trachea,Life Sciences,604
"transfusion, blood",Life Sciences,604
trauma,Life Sciences,604
trichinosis,Life Sciences,605
tubal pregnancy,Life Sciences,605
tuberculosis,Life Sciences,605
tumor,Life Sciences,605
typhoid fever,Life Sciences,605
Typhoid Mary,Life Sciences,605
typhus,Life Sciences,605
ulcer,Life Sciences,605
ultrasound,Life Sciences,605
umbilical cord,Life Sciences,605
unsaturated fats,Life Sciences,605
ureters,Life Sciences,606
urethra,Life Sciences,606
urinary bladder,Life Sciences,606
urinary tract,Life Sciences,606
urine,Life Sciences,606
urology,Life Sciences,606
uterus,Life Sciences,606
vaccination,Life Sciences,606
vaccine,Life Sciences,606
vagina,Life Sciences,606
valium,Life Sciences,606
vasectomy,Life Sciences,606
veins,Life Sciences,606
venereal diseases (VD),Life Sciences,606
ventricles,Life Sciences,606
viral infection,Life Sciences,607
virulence,Life Sciences,607
virus,Life Sciences,607
vital signs,Life Sciences,607
vitamins,Life Sciences,607
vocal cords,Life Sciences,607
vulva,Life Sciences,607
white blood cells,Life Sciences,607
whooping cough (pertussis),Life Sciences,607
wisdom teeth,Life Sciences,607
withdrawal symptoms,Life Sciences,607
World Health Organization (WHO),Life Sciences,607
x-ray,Life Sciences,607
zygote,Life Sciences,607
alternating current (AC),Life Sciences,609
amp (ampere),Life Sciences,609
amplier,Life Sciences,609
amplitude modulation (AM),Life Sciences,609
analog signal,Life Sciences,609
Apollo program,Life Sciences,609
Arpanet,Life Sciences,609
articial intelligence (AI),Life Sciences,609
ASCII,Life Sciences,609
astronaut,Life Sciences,609
ATM,Life Sciences,610
atomic bomb,Life Sciences,610
backbone,Life Sciences,610
bandwidth,Life Sciences,610
bar code,Life Sciences,610
bathyscaph,Life Sciences,610
battery,Life Sciences,610
baud rate,Life Sciences,610
"Bell, Alexander Graham",Life Sciences,610
binary,Life Sciences,610
biological warfare,Life Sciences,610
biometrics,Life Sciences,610
bioterrorism,Life Sciences,610
black box,Life Sciences,610
blackout,Life Sciences,610
blue screen technology,Life Sciences,611
"boom, sonic",Life Sciences,611
Braille,Life Sciences,611
breeder reactor,Life Sciences,611
broadband,Life Sciences,611
brownout,Life Sciences,611
browser,Life Sciences,611
byte,Life Sciences,611
calculator,Life Sciences,611
capacitor,Life Sciences,611
cathode-ray tube (CRT),Life Sciences,611
CD-ROM,Life Sciences,611
cell phone (cellular telephone),Life Sciences,611
Celsius,Life Sciences,611
CERN,Life Sciences,611
chat room,Life Sciences,612
chemical warfare,Life Sciences,612
Chernobyl,Life Sciences,612
"circuit, electrical",Life Sciences,612
code,Life Sciences,612
.com (dot-com),Life Sciences,612
composite materials,Life Sciences,612
compression,Life Sciences,612
computer,Life Sciences,612
computer virus,Life Sciences,612
conductor,Life Sciences,612
content provider,Life Sciences,613
cosmonaut,Life Sciences,613
CPU,Life Sciences,613
"crash, computer",Life Sciences,613
cruise missile,Life Sciences,613
cryogenics,Life Sciences,613
cryptography,Life Sciences,613
"current, electric",Life Sciences,613
cybernetics,Life Sciences,613
cyberspace,Life Sciences,613
cyberwarfare,Life Sciences,613
data compression,Life Sciences,613
data mining,Life Sciences,613
data packet,Life Sciences,613
data processing,Life Sciences,613
database,Life Sciences,613
DDT,Life Sciences,613
denial-of-service attack,Life Sciences,614
dielectric,Life Sciences,614
digital divide,Life Sciences,614
digital signal,Life Sciences,614
direct current (DC),Life Sciences,614
DNA ngerprinting,Life Sciences,614
dot-com,Life Sciences,614
drone,Life Sciences,614
DVD,Life Sciences,614
"Edison, Thomas A.",Life Sciences,614
electromagnet,Life Sciences,614
electroplating,Life Sciences,614
e-mail (electronic mail),Medicine and Health,615
embedded microchips,Medicine and Health,615
encryption,Medicine and Health,615
epoxy,Medicine and Health,615
Fahrenheit,Medicine and Health,615
FAQ,Medicine and Health,615
feedback,Medicine and Health,615
ber optics,Medicine and Health,615
lter,Medicine and Health,615
ngerprint,Medicine and Health,615
rewall,Medicine and Health,615
frequency modulation (FM),Medicine and Health,615
fuel cell,Medicine and Health,615
fulcrum,Medicine and Health,615
"Fulton, Robert",Medicine and Health,615
galvanizing,Medicine and Health,616
"garbage in, garbage out",Medicine and Health,616
gasohol,Medicine and Health,616
"Gates, Bill",Medicine and Health,616
generating plant,Medicine and Health,616
generator,Medicine and Health,616
geosynchronous satellite,Medicine and Health,616
germ warfare,Medicine and Health,616
global positioning system,Medicine and Health,617
groupware,Medicine and Health,617
handheld computer,Medicine and Health,617
hard drive,Medicine and Health,617
hardware,Medicine and Health,617
hardwired,Medicine and Health,617
heat sink,Medicine and Health,617
high denition TV (HDTV),Medicine and Health,617
high-tech,Medicine and Health,617
holography,Medicine and Health,617
HTML,Medicine and Health,617
hydraulic,Medicine and Health,617
hyperlink,Medicine and Health,617
hypertext,Medicine and Health,617
impedance,Medicine and Health,617
inductance,Medicine and Health,618
induction,Medicine and Health,618
information superhighway,Medicine and Health,618
information warfare,Medicine and Health,618
infotech,Medicine and Health,618
instant messaging (IM),Medicine and Health,618
insulator,Medicine and Health,618
integrated circuit,Medicine and Health,618
interactive,Medicine and Health,618
internal-combustion engine,Medicine and Health,618
Internet,Medicine and Health,618
Internet service provider (ISP),Medicine and Health,619
irrigation,Medicine and Health,619
"Jobs, Steven",Medicine and Health,619
kilowatt-hour (kwh),Medicine and Health,619
LAN,Medicine and Health,619
laptop,Medicine and Health,619
laser,Medicine and Health,619
laser printer,Medicine and Health,619
laser-guided weapons,Medicine and Health,619
last mile,Medicine and Health,619
leap second,Medicine and Health,619
line noise,Medicine and Health,620
magnetic levitation,Medicine and Health,620
magnetic memory storage,Medicine and Health,620
magnetic tape,Medicine and Health,620
mainframe,Medicine and Health,620
"Marconi, Guglielmo",Medicine and Health,620
mass media,Medicine and Health,620
megabyte,Medicine and Health,620
megahertz,Medicine and Health,620
megawatt,Medicine and Health,620
meltdown,Medicine and Health,620
"memory, computer",Medicine and Health,620
Mercury program,Medicine and Health,620
microchip,Medicine and Health,620
microlm,Medicine and Health,620
microscope,Medicine and Health,620
microwave communication,Medicine and Health,621
modem,Medicine and Health,621
mouse,Medicine and Health,621
MP3,Medicine and Health,621
nano,Medicine and Health,621
nanosecond,Medicine and Health,621
nanotechnology,Medicine and Health,621
Napster,Medicine and Health,621
network,Medicine and Health,621
neural networks,Medicine and Health,621
nuclear power,Medicine and Health,621
nuclear reactor,Medicine and Health,621
nukes,Medicine and Health,621
oshore drilling,Medicine and Health,621
online,Medicine and Health,621
operating system (OS),Medicine and Health,621
packet switched system,Medicine and Health,621
pager,Medicine and Health,622
parallel processing,Medicine and Health,622
peaker plant,Medicine and Health,622
peripheral,Medicine and Health,622
perpetual-motion machine,Medicine and Health,622
personal computer (PC),Medicine and Health,622
petrochemical,Medicine and Health,622
photoelectric eect,Medicine and Health,622
platform,Medicine and Health,622
portal,Medicine and Health,622
power transmission grid,Medicine and Health,622
program,Medicine and Health,623
"program, to",Medicine and Health,623
programming language,Medicine and Health,623
protocols,Medicine and Health,623
radar,Medicine and Health,623
radioactive waste,Medicine and Health,623
radwaste,Medicine and Health,623
RAM,Medicine and Health,623
real-time,Medicine and Health,623
reboot,Medicine and Health,623
resistance,Medicine and Health,623
retinal scan,Medicine and Health,623
ROM,Medicine and Health,623
satellite,Medicine and Health,623
scanning probe microscope,Medicine and Health,623
search engine,Medicine and Health,623
semiconductor,Medicine and Health,624
serial processing,Medicine and Health,624
server,Medicine and Health,624
SGML,Medicine and Health,624
short circuit,Medicine and Health,624
silicon,Medicine and Health,624
silicon chip,Medicine and Health,624
Silicon Valley,Medicine and Health,624
smart weapons,Medicine and Health,624
snail mail,Medicine and Health,624
software,Medicine and Health,624
solar cells,Medicine and Health,624
solar photovoltaic cells,Medicine and Health,624
sonic barrier,Medicine and Health,624
sonic boom,Medicine and Health,624
sound barrier,Medicine and Health,624
space shuttle,Medicine and Health,624
space station,Medicine and Health,625
spam,Medicine and Health,625
The Spirit of St. Louis,Medicine and Health,625
spreadsheet,Medicine and Health,625
Sputniks,Medicine and Health,625
SST,Medicine and Health,625
stealth technology,Medicine and Health,625
streamline,Medicine and Health,625
superconductivity,Medicine and Health,625
superconductor,Medicine and Health,625
surng the Web,Medicine and Health,625
synfuels,Medicine and Health,625
synthetic polymers,Medicine and Health,625
telemetry,Medicine and Health,625
thermal pollution,Medicine and Health,626
thermocouple,Medicine and Health,626
thermonuclear,Medicine and Health,626
thermostat,Medicine and Health,626
Three Mile Island,Medicine and Health,626
transformer,Medicine and Health,626
transistor,Medicine and Health,626
Turing test,Medicine and Health,626
UHF (ultra high frequency),Medicine and Health,626
universal time,Medicine and Health,626
URL,Medicine and Health,626
V-chip,Medicine and Health,626
VHF (very high frequency),Medicine and Health,626
Viking spacecraft,Medicine and Health,626
virtual reality,Medicine and Health,626
virus,Medicine and Health,626
voice recognition technology,Medicine and Health,626
volt,Medicine and Health,627
vulcanization,Medicine and Health,627
"Watt, James",Medicine and Health,627
weapons of mass destruction,Medicine and Health,627
Web,Medicine and Health,627
Web address,Medicine and Health,627
Web browser,Medicine and Health,627
Web page,Medicine and Health,627
Web site,Medicine and Health,627
"Whitney, Eli",Medicine and Health,627
wireless technology,Medicine and Health,627
World Wide Web,Medicine and Health,627
Wright brothers,Medicine and Health,627
WWW,Medicine and Health,627
Yucca Mountain,Medicine and Health,627
