term,section,page,norm,norm_flip,covered
Abraham and Isaac,The Bible,23,abraham and isaac,,False
Adam and Eve,The Bible,23,adam and eve,,False
alpha and omega,The Bible,23,alpha and omega,,False
Annunciation,The Bible,24,annunciation,,False
Antichrist,The Bible,24,antichrist,,False
Apocalypse,The Bible,24,apocalypse,,False
Apocrypha,The Bible,24,apocrypha,,False
"Apostles, the Twelve",The Bible,24,apostles the twelve,,False
Ararat,The Bible,24,ararat,,False
"Ask, and it shall be given you",The Bible,24,ask and it shall be given you,,False
"Babel, Tower of",The Bible,25,babel tower of,tower of babel,False
Bathsheba,The Bible,25,bathsheba,,False
Beatitudes,The Bible,25,beatitudes,,False
Beelzebub,The Bible,25,beelzebub,,False
"beginning, In the",The Bible,25,beginning in the,in the beginning,False
Bethlehem,The Bible,25,bethlehem,,False
"brother’s keeper, Am I my",The Bible,25,brother’s keeper am i my,am i my brother’s keeper,False
burning bush,The Bible,25,burning bush,,False
Cain and Abel,The Bible,25,cain and abel,,False
Calvary,The Bible,26,calvary,,False
Cast thy bread upon the waters,The Bible,26,cast thy bread upon the waters,,False
chapter and verse,The Bible,26,chapter and verse,,False
cherubim,The Bible,26,cherubim,,False
Chosen People,The Bible,26,chosen people,,False
coat of many colors,The Bible,26,coat of many colors,,False
covenant,The Bible,26,covenant,,False
Creation,The Bible,27,creation,,False
crown of thorns,The Bible,27,crown of thorns,,False
Crucixion,The Bible,27,crucixion,,False
Daniel in the lions’ den,The Bible,27,daniel in the lions’ den,,False
"dead bury their dead, Let the",The Bible,28,dead bury their dead let the,let the dead bury their dead,False
Dead Sea Scrolls,The Bible,28,dead sea scrolls,,False
disciples,The Bible,28,disciples,,False
Do unto others as you would have them do unto,The Bible,28,do unto others as you would have them do unto,,False
"Dust thou art, and unto dust shalt thou return",The Bible,28,dust thou art and unto dust shalt thou return,,False
Ecclesiastes,The Bible,29,ecclesiastes,,False
Esther,The Bible,29,esther,,False
Eve,The Bible,29,eve,,False
an eye for an eye,The Bible,29,eye for an eye,,False
eye of a needle,The Bible,29,eye of a needle,,False
"faith, hope, and charity",The Bible,29,faith hope and charity,,False
Fall of Man,The Bible,29,fall of man,,False
"Father, forgive them, for they know not",The Bible,30,father forgive them for they know not,,False
"fatted calf, kill the",The Bible,30,fatted calf kill the,,False
forbidden fruit,The Bible,30,forbidden fruit,,False
Four Horsemen,The Bible,30,four horsemen,,False
"fruits ye shall know them, By their",The Bible,30,fruits ye shall know them by their,by their fruits ye shall know them,False
Gabriel,The Bible,30,gabriel,,False
Gentile,The Bible,30,gentile,,False
what they,The Bible,30,what they,,False
"Get thee behind me, Satan",The Bible,30,get thee behind me satan,satan get thee behind me,False
"give than to receive, It is more blessed to",The Bible,30,give than to receive it is more blessed to,it is more blessed to give than to receive,False
go the extra mile,The Bible,30,go the extra mile,,False
"gold, frankincense, and myrrh",The Bible,30,gold frankincense and myrrh,,False
golden calf,The Bible,30,golden calf,,False
Golgotha,The Bible,31,golgotha,,False
Good Samaritan,The Bible,31,good samaritan,,False
Good Shepherd,The Bible,31,good shepherd,,False
Gospels,The Bible,31,gospels,,False
Ham,The Bible,31,ham,,False
the handwriting on the wall,The Bible,31,handwriting on the wall,,False
He that is not with me is against me,The Bible,31,he that is not with me is against me,,False
heaven (or heavens),The Bible,31,heaven or heavens,,False
Hebrews,The Bible,32,hebrews,,False
hell,The Bible,32,hell,,False
Herod the Great,The Bible,32,herod the great,,False
Holy Spirit,The Bible,32,holy spirit,,False
Holy Writ,The Bible,32,holy writ,,False
"Innocents, Massacre  Slaughter of the",The Bible,32,innocents massacre slaughter of the,massacre slaughter of the innocents,False
Isaac,The Bible,32,isaac,,False
Isaiah,The Bible,32,isaiah,,False
Israelites,The Bible,32,israelites,,False
Jacob and Esau,The Bible,32,jacob and esau,,False
Jacob’s ladder,The Bible,32,jacob’s ladder,,False
Jehovah,The Bible,32,jehovah,,False
Jeremiah,The Bible,32,jeremiah,,False
Jezebel,The Bible,33,jezebel,,False
Job,The Bible,33,job,,False
Job’s comforters,The Bible,33,job’s comforters,,False
John the Baptist,The Bible,33,john the baptist,,False
"John, the Gospel According to",The Bible,34,john the gospel according to,,False
Jonah and the whale,The Bible,34,jonah and the whale,,False
Joseph and his brothers,The Bible,34,joseph and his brothers,,False
"Joseph, the husband of Mary",The Bible,34,joseph the husband of mary,,False
Joshua,The Bible,34,joshua,,False
Judas Iscariot,The Bible,34,judas iscariot,,False
"Judge not, that ye be not judged",The Bible,35,judge not that ye be not judged,,False
Judgment Day,The Bible,35,judgment day,,False
King James Bible,The Bible,35,king james bible,,False
Lamb of God,The Bible,35,lamb of god,,False
landowing with milk and honey,The Bible,35,landowing with milk and honey,,False
The last shall be rst,The Bible,35,last shall be rst,,False
The Last Supper,The Bible,35,last supper,,False
Lazarus,The Bible,35,lazarus,,False
Let him who is without sin cast the rs,The Bible,36,let him who is without sin cast the rs,,False
Let there be light,The Bible,36,let there be light,,False
"The letter killeth, but the spirit giveth life",The Bible,36,letter killeth but the spirit giveth life,,False
Leviathan,The Bible,36,leviathan,,False
"lilies of the eld, Consider the",The Bible,36,lilies of the eld consider the,consider the lilies of the eld,False
loaves and shes,The Bible,36,loaves and shes,,False
Lord’s Prayer,The Bible,36,lord’s prayer,,False
Lost Tribes of Israel,The Bible,37,lost tribes of israel,,False
Lot’s wife,The Bible,37,lot’s wife,,False
Love thy neighbor as thyself,The Bible,37,love thy neighbor as thyself,,False
Love your enemies,The Bible,37,love your enemies,,False
Lucifer,The Bible,37,lucifer,,False
"Luke, the Gospel According to",The Bible,37,luke the gospel according to,,False
Maccabees,The Bible,37,maccabees,,False
Magi,The Bible,37,magi,,False
mammon,The Bible,37,mammon,,False
Man shall not live by bread alone,The Bible,37,man shall not live by bread alone,,False
manna from heaven,The Bible,37,manna from heaven,,False
Many are called but few are chosen,The Bible,37,many are called but few are chosen,,False
"Mark, the Gospel According to",The Bible,37,mark the gospel according to,,False
Mary Magdalene,The Bible,37,mary magdalene,,False
"Mary, the mother of Jesus",The Bible,38,mary the mother of jesus,,False
"Matthew, the Gospel According to",The Bible,38,matthew the gospel according to,,False
The meek shall inherit the Earth,The Bible,38,meek shall inherit the earth,,False
Messiah,The Bible,38,messiah,,False
Methuselah,The Bible,38,methuselah,,False
millennium,The Bible,38,millennium,,False
Moloch,The Bible,38,moloch,,False
Mosaic law,The Bible,39,mosaic law,,False
"My God, my God, why hast thou forsaken me?",The Bible,39,my god my god why hast thou forsaken me,,False
Nativity,The Bible,39,nativity,,False
Nazareth,The Bible,39,nazareth,,False
New Testament,The Bible,39,new testament,,False
No man can serve two masters,The Bible,39,no man can serve two masters,,False
Noah and the Flood,The Bible,40,noah and the flood,,False
nothing new under the sun,The Bible,40,nothing new under the sun,,False
Old Testament,The Bible,40,old testament,,False
olive branch,The Bible,40,olive branch,,False
original sin,The Bible,40,original sin,,False
Passover,The Bible,40,passover,,False
patriarchs,Mythology and Folklore,41,patriarchs,,False
Paul,Mythology and Folklore,41,paul,,False
pearl of great price,Mythology and Folklore,41,pearl of great price,,False
"pearls before swine, Cast not",Mythology and Folklore,41,pearls before swine cast not,cast not pearls before swine,False
Pentecost,Mythology and Folklore,41,pentecost,,False
pharaoh,Mythology and Folklore,42,pharaoh,,False
Pharisees,Mythology and Folklore,42,pharisees,,False
Philistines,Mythology and Folklore,42,philistines,,False
"Physician, heal thyself",Mythology and Folklore,42,physician heal thyself,,False
"Pilate, Pontius",Mythology and Folklore,42,pilate pontius,pontius pilate,False
plagues of Egypt,Mythology and Folklore,42,plagues of egypt,,False
Prodigal Son,Mythology and Folklore,42,prodigal son,,False
Promised Land,Mythology and Folklore,43,promised land,,False
prophet,Mythology and Folklore,43,prophet,,False
A prophet is not without honor save in his own,Mythology and Folklore,43,prophet is not without honor save in his own,,False
country,Mythology and Folklore,43,country,,False
"Psalms, Book of",Mythology and Folklore,43,psalms book of,book of psalms,False
Rachel,Mythology and Folklore,43,rachel,,False
"Red Sea, parting of the",Mythology and Folklore,43,red sea parting of the,,False
"Render unto Caesar the things which are Caesar’s,",Mythology and Folklore,43,render unto caesar the things which are caesar’s,,False
and unto God the things that are God’s,Mythology and Folklore,43,and unto god the things that are god’s,,False
"Revelation, Book of",Mythology and Folklore,44,revelation book of,book of revelation,False
Sabbath,Mythology and Folklore,44,sabbath,,False
"salt of the Earth, Ye are the",Mythology and Folklore,44,salt of the earth ye are the,ye are the salt of the earth,False
salvation,Mythology and Folklore,44,salvation,,False
Satan,Mythology and Folklore,44,satan,,False
Saul,Mythology and Folklore,45,saul,,False
Sermon on the Mount,Mythology and Folklore,45,sermon on the mount,,False
serpent,Mythology and Folklore,45,serpent,,False
"Sheba, Queen of",Mythology and Folklore,45,sheba queen of,queen of sheba,False
shibboleth,Mythology and Folklore,45,shibboleth,,False
"Sinai, Mount",Mythology and Folklore,45,sinai mount,mount sinai,False
Sodom and Gomorrah,Mythology and Folklore,45,sodom and gomorrah,,False
Solomon,Mythology and Folklore,45,solomon,,False
Song of Songs,Mythology and Folklore,45,song of songs,,False
Temple,Mythology and Folklore,45,temple,,False
Ten Commandments,Mythology and Folklore,46,ten commandments,,False
"thief in the night, like a",Mythology and Folklore,46,thief in the night like a,,False
thirty pieces of silver,Mythology and Folklore,46,thirty pieces of silver,,False
"Thomas, the doubting apostle",Mythology and Folklore,46,thomas the doubting apostle,,False
through a glass darkly,Mythology and Folklore,46,through a glass darkly,,False
A time to be born and a time to die,Mythology and Folklore,46,time to be born and a time to die,,False
tithe,Mythology and Folklore,46,tithe,,False
tree of knowledge of good and evil,Mythology and Folklore,46,tree of knowledge of good and evil,,False
Turn the other cheek,Mythology and Folklore,46,turn the other cheek,,False
Twenty-third Psalm,Mythology and Folklore,46,twenty-third psalm,,False
valley of the shadow of death,Mythology and Folklore,47,valley of the shadow of death,,False
Vanity of vanities; all is vanity,Mythology and Folklore,47,vanity of vanities all is vanity,,False
The voice of one crying in the wilderness,Mythology and Folklore,47,voice of one crying in the wilderness,,False
Vulgate Bible,Mythology and Folklore,47,vulgate bible,,False
walking on water,Mythology and Folklore,47,walking on water,,False
"Whither thou goest, I will go",Mythology and Folklore,47,whither thou goest i will go,i will go whither thou goest,False
Wise Men,Mythology and Folklore,47,wise men,,False
The wolf shall also dwell with the lamb,Mythology and Folklore,47,wolf shall also dwell with the lamb,,False
wolves in sheep’s clothing,Mythology and Folklore,47,wolves in sheep’s clothing,,False
"Zion, Mount",Mythology and Folklore,47,zion mount,mount zion,False
Achilles,Mythology and Folklore,49,achilles,,False
Adonis,Mythology and Folklore,49,adonis,,False
Aeneas,Mythology and Folklore,49,aeneas,,False
Agamemnon,Mythology and Folklore,49,agamemnon,,False
Amazons,Mythology and Folklore,49,amazons,,False
ambrosia,Mythology and Folklore,49,ambrosia,,False
Antigone,Mythology and Folklore,49,antigone,,False
Aphrodite,Mythology and Folklore,50,aphrodite,,False
Apollo,Mythology and Folklore,50,apollo,,False
apple of discord,Mythology and Folklore,50,apple of discord,,False
Ares,Mythology and Folklore,50,ares,,False
Argonauts,Mythology and Folklore,50,argonauts,,False
Argus,Mythology and Folklore,50,argus,,False
Artemis,Mythology and Folklore,50,artemis,,False
"Arthur, King",Mythology and Folklore,51,arthur king,king arthur,False
astrology,Mythology and Folklore,51,astrology,,False
Athena,Mythology and Folklore,51,athena,,False
Atlantis,Mythology and Folklore,51,atlantis,,False
Atlas,Mythology and Folklore,51,atlas,,False
Augean stables,Mythology and Folklore,51,augean stables,,False
Bacchus,Mythology and Folklore,51,bacchus,,False
“Beauty and the Beast”,Mythology and Folklore,52,“beauty and the beast”,,False
Blarney Stone,Mythology and Folklore,52,blarney stone,,False
Bluebeard,Mythology and Folklore,52,bluebeard,,False
“The Boy Who Cried ‘Wolf’”,Mythology and Folklore,52,“the boy who cried ‘wolf’”,,False
Brünnhilde,Mythology and Folklore,52,brunnhilde,,False
"Bunyan, Paul",Mythology and Folklore,52,bunyan paul,paul bunyan,False
Camelot,Mythology and Folklore,52,camelot,,False
"carpet, magic",Mythology and Folklore,52,carpet magic,,False
Cassandra,Mythology and Folklore,52,cassandra,,False
centaurs,Mythology and Folklore,52,centaurs,,False
Cerberus,Mythology and Folklore,52,cerberus,,False
Ceres,Mythology and Folklore,52,ceres,,False
Charon,Mythology and Folklore,52,charon,,False
chimera,Mythology and Folklore,52,chimera,,False
“Cinderella”,Mythology and Folklore,52,“cinderella”,,False
Circe,Mythology and Folklore,53,circe,,False
classical mythology,Mythology and Folklore,53,classical mythology,,False
Cupid,Mythology and Folklore,53,cupid,,False
Cyclops,Mythology and Folklore,53,cyclops,,False
"Damocles, sword of",Mythology and Folklore,53,damocles sword of,,False
Damon and Pythias,Mythology and Folklore,53,damon and pythias,,False
Delphic oracle,Mythology and Folklore,53,delphic oracle,,False
Demeter,Mythology and Folklore,54,demeter,,False
Diana,Mythology and Folklore,54,diana,,False
Dido,Mythology and Folklore,54,dido,,False
Dionysus,Mythology and Folklore,54,dionysus,,False
Electra,Mythology and Folklore,54,electra,,False
elves,Mythology and Folklore,54,elves,,False
Elysian Fields,Mythology and Folklore,54,elysian fields,,False
“The Emperor’s New Clothes”,Mythology and Folklore,54,“the emperor’s new clothes”,,False
Eros,Mythology and Folklore,54,eros,,False
Excalibur,Mythology and Folklore,54,excalibur,,False
“The Fox and the Grapes”,Mythology and Folklore,54,“the fox and the grapes”,,False
Furies,Mythology and Folklore,54,furies,,False
Gaea,Mythology and Folklore,55,gaea,,False
"Galahad, Sir",Mythology and Folklore,55,galahad sir,sir galahad,False
"Gawain, Sir",Mythology and Folklore,55,gawain sir,sir gawain,False
"George and the Dragon, Saint",Mythology and Folklore,55,george and the dragon saint,saint george and the dragon,False
"Godiva, Lady",Mythology and Folklore,55,godiva lady,lady godiva,False
Golden Fleece,Mythology and Folklore,55,golden fleece,,False
“The Goose That Laid the Golden Eggs”,Mythology and Folklore,55,“the goose that laid the golden eggs”,,False
Gordian knot,Mythology and Folklore,55,gordian knot,,False
Graces,Mythology and Folklore,55,graces,,False
"Grail, Holy",Mythology and Folklore,55,grail holy,holy grail,False
Grim Reaper,Mythology and Folklore,56,grim reaper,,False
Groundhog Day,Mythology and Folklore,56,groundhog day,,False
Guinevere,Mythology and Folklore,56,guinevere,,False
Hades,Mythology and Folklore,56,hades,,False
“Hansel and Gretel”,Mythology and Folklore,56,“hansel and gretel”,,False
Harpies,Mythology and Folklore,56,harpies,,False
Hector,Mythology and Folklore,56,hector,,False
Helen of Troy,Mythology and Folklore,56,helen of troy,,False
"Henry, John",Mythology and Folklore,56,henry john,john henry,False
Hephaestus,Mythology and Folklore,56,hephaestus,,False
Hera,Mythology and Folklore,56,hera,,False
Hermes,Mythology and Folklore,56,hermes,,False
Hiawatha,Mythology and Folklore,56,hiawatha,,False
hobbits,Mythology and Folklore,56,hobbits,,False
Hymen,Mythology and Folklore,57,hymen,,False
Icarus,Mythology and Folklore,57,icarus,,False
Iphigenia,Mythology and Folklore,57,iphigenia,,False
Iseult,Mythology and Folklore,57,iseult,,False
Janus,Mythology and Folklore,57,janus,,False
Judgment of Paris,Mythology and Folklore,57,judgment of paris,,False
Juno,Mythology and Folklore,57,juno,,False
"Lancelot, Sir",Mythology and Folklore,57,lancelot sir,sir lancelot,False
Laocoon,Mythology and Folklore,57,laocoon,,False
Leda and the swan,Mythology and Folklore,58,leda and the swan,,False
leprechauns,Mythology and Folklore,58,leprechauns,,False
Lethe,Mythology and Folklore,58,lethe,,False
Little John,Mythology and Folklore,58,little john,,False
“Little Red Riding Hood”,Mythology and Folklore,58,“little red riding hood”,,False
Loch Ness Monster,Mythology and Folklore,58,loch ness monster,,False
Medusa,Mythology and Folklore,58,medusa,,False
Mercury,Mythology and Folklore,59,mercury,,False
Merlin,Mythology and Folklore,59,merlin,,False
mermaid,Mythology and Folklore,59,mermaid,,False
Mickey Mouse,Mythology and Folklore,59,mickey mouse,,False
Midas,Mythology and Folklore,59,midas,,False
Minerva,Mythology and Folklore,59,minerva,,False
Minotaur,Mythology and Folklore,59,minotaur,,False
Morpheus,Mythology and Folklore,59,morpheus,,False
Nemesis,Mythology and Folklore,60,nemesis,,False
Neptune,Mythology and Folklore,60,neptune,,False
Norse mythology,Mythology and Folklore,60,norse mythology,,False
"Nottingham, sheri of",Mythology and Folklore,60,nottingham sheri of,,False
nymphs,Mythology and Folklore,60,nymphs,,False
Oedipus,Mythology and Folklore,60,oedipus,,False
"Olympus, Mount",Mythology and Folklore,61,olympus mount,mount olympus,False
Orpheus and Eurydice,Mythology and Folklore,61,orpheus and eurydice,,False
Pan,Mythology and Folklore,61,pan,,False
Pandora’s box,Mythology and Folklore,61,pandora’s box,,False
Parnassus,Mythology and Folklore,61,parnassus,,False
Pegasus,Mythology and Folklore,61,pegasus,,False
Perseus,Mythology and Folklore,62,perseus,,False
Pluto,Mythology and Folklore,62,pluto,,False
Popeye,Mythology and Folklore,62,popeye,,False
Priam,Mythology and Folklore,62,priam,,False
“The Princess and the Pea”,Mythology and Folklore,62,“the princess and the pea”,,False
Procrustes,Mythology and Folklore,62,procrustes,,False
Proteus,Mythology and Folklore,62,proteus,,False
Psyche,Mythology and Folklore,63,psyche,,False
“Puss-in-Boots”,Mythology and Folklore,63,“puss-in-boots”,,False
Quetzalcoatl,Mythology and Folklore,63,quetzalcoatl,,False
Romulus and Remus,Mythology and Folklore,63,romulus and remus,,False
"Round Table, knights of the",Mythology and Folklore,63,round table knights of the,,False
“Rumpelstiltskin”,Mythology and Folklore,63,“rumpelstiltskin”,,False
Saturn,Mythology and Folklore,63,saturn,,False
satyr,Mythology and Folklore,64,satyr,,False
Scylla and Charybdis,Mythology and Folklore,64,scylla and charybdis,,False
Sherwood Forest,Mythology and Folklore,64,sherwood forest,,False
Sirens,Mythology and Folklore,64,sirens,,False
“Sleeping Beauty”,Mythology and Folklore,64,“sleeping beauty”,,False
“Snow White and the Seven Dwarfs”,Mythology and Folklore,64,“snow white and the seven dwarfs”,,False
Sphinx,Mythology and Folklore,64,sphinx,,False
Styx,Mythology and Folklore,64,styx,,False
Tantalus,Mythology and Folklore,64,tantalus,,False
Tarzan,Mythology and Folklore,65,tarzan,,False
"Tell, William",Mythology and Folklore,65,tell william,william tell,False
Theseus,Mythology and Folklore,65,theseus,,False
Tiresias,Mythology and Folklore,65,tiresias,,False
Titans,Mythology and Folklore,65,titans,,False
“The Tortoise and the Hare”,Mythology and Folklore,65,“the tortoise and the hare”,,False
Tristan and Iseult,Mythology and Folklore,65,tristan and iseult,,False
Trojan Horse,Mythology and Folklore,65,trojan horse,,False
Trojan War,Mythology and Folklore,66,trojan war,,False
trolls,Mythology and Folklore,66,trolls,,False
Troy,Mythology and Folklore,66,troy,,False
“The Ugly Duckling”,Mythology and Folklore,66,“the ugly duckling”,,False
unicorn,Mythology and Folklore,66,unicorn,,False
Valhalla,Mythology and Folklore,66,valhalla,,False
vampires,Mythology and Folklore,66,vampires,,False
Venus,Mythology and Folklore,66,venus,,False
Vesta,Mythology and Folklore,66,vesta,,False
Vulcan,Mythology and Folklore,66,vulcan,,False
Washington and the cherry tree,Mythology and Folklore,66,washington and the cherry tree,,False
Zephyr,Mythology and Folklore,67,zephyr,,False
Absence makes the heart grow fonder,Proverbs,69,absence makes the heart grow fonder,,False
Actions speak louder than words,Proverbs,69,actions speak louder than words,,False
All for one and one for all,Proverbs,69,all for one and one for all,,False
All roads lead to Rome,Proverbs,69,all roads lead to rome,,False
All that glitters is not gold,Proverbs,69,all that glitters is not gold,,False
All work and no play makes Jack a dull b,Proverbs,69,all work and no play makes jack a dull b,,False
All’s fair in love and war,Proverbs,69,all’s fair in love and war,,False
All’s well that ends well,Proverbs,69,all’s well that ends well,,False
Any port in a storm,Proverbs,69,any port in a storm,,False
An apple a day keeps the doctor away,Proverbs,69,apple a day keeps the doctor away,,False
April showers bring May owers,Proverbs,69,april showers bring may owers,,False
An army marches on its stomach,Proverbs,69,army marches on its stomach,,False
Bad news travels fast,Proverbs,69,bad news travels fast,,False
A bad penny always turns up,Proverbs,69,bad penny always turns up,,False
The bad workman always blames his tools,Proverbs,69,bad workman always blames his tools,,False
[His] bark is worse than his bite,Proverbs,69,his bark is worse than his bite,,False
Beauty is only skin deep,Proverbs,69,beauty is only skin deep,,False
Beggars can’t be choosers,Proverbs,69,beggars can’t be choosers,,False
The best of friends must part,Proverbs,69,best of friends must part,,False
The best things in life are free,Proverbs,69,best things in life are free,,False
The best-laid plans of mice and men often go awry,Proverbs,69,best-laid plans of mice and men often go awry,,False
Better late than never,Proverbs,69,better late than never,,False
Better safe than sorry,Proverbs,69,better safe than sorry,,False
Beware of Greeks bearing gifts,Proverbs,70,beware of greeks bearing gifts,,False
"The bigger they come, the harder they fall",Proverbs,70,bigger they come the harder they fall,,False
A bird in the hand is worth two in the bu,Proverbs,70,bird in the hand is worth two in the bu,,False
Birds of a feather ock together,Proverbs,70,birds of a feather ock together,,False
Blood is thicker than water,Proverbs,70,blood is thicker than water,,False
Boys will be boys,Proverbs,70,boys will be boys,,False
Brevity is the soul of wit,Proverbs,70,brevity is the soul of wit,,False
The buck stops here,Proverbs,70,buck stops here,,False
Business before pleasure,Proverbs,70,business before pleasure,,False
Carpe diem,Proverbs,70,carpe diem,,False
The chickens have come home to roost,Proverbs,70,chickens have come home to roost,,False
Cleanliness is next to godliness,Proverbs,70,cleanliness is next to godliness,,False
"Close, but no cigar",Proverbs,70,close but no cigar,,False
"Cold hands, warm heart",Proverbs,70,cold hands warm heart,,False
The course of true love never did run smooth,Proverbs,70,course of true love never did run smooth,,False
Curiosity killed the cat,Proverbs,70,curiosity killed the cat,,False
De gustibus non est disputandum,Proverbs,70,de gustibus non est disputandum,,False
The devil can cite Scripture for his purpose,Proverbs,70,devil can cite scripture for his purpose,,False
The devil is in the details,Proverbs,70,devil is in the details,,False
Discretion is the better part of valor,Proverbs,70,discretion is the better part of valor,,False
Do not cast your pearls before swine,Proverbs,70,do not cast your pearls before swine,,False
Do unto others as you would have them do unto,Proverbs,70,do unto others as you would have them do unto,,False
A dog is a man’s best friend,Proverbs,71,dog is a man’s best friend,,False
Don’t count your chickens before they ha,Proverbs,71,don’t count your chickens before they ha,,False
Don’t cry over spilt milk,Proverbs,71,don’t cry over spilt milk,,False
Don’t cut o your nose to spite your face,Proverbs,71,don’t cut o your nose to spite your face,,False
Don’t re until you see the whites of th,Proverbs,71,don’t re until you see the whites of th,,False
Don’t give up the ship,Proverbs,71,don’t give up the ship,,False
Don’t hide your light under a bushel,Proverbs,71,don’t hide your light under a bushel,,False
Don’t judge a book by its cover,Proverbs,71,don’t judge a book by its cover,,False
Don’t lock the stable door after the hor,Proverbs,71,don’t lock the stable door after the hor,,False
stolen,Proverbs,71,stolen,,False
Don’t look a gift horse in the mouth,Proverbs,71,don’t look a gift horse in the mouth,,False
Don’t put all your eggs in one basket,Proverbs,71,don’t put all your eggs in one basket,,False
Don’t put the cart before the horse,Proverbs,71,don’t put the cart before the horse,,False
Don’t throw out the baby with the bath water,Proverbs,71,don’t throw out the baby with the bath water,,False
The early bird catches the wormtch,Proverbs,71,early bird catches the wormtch,,False
"Early to bed and early to rise makes a man healthy,",Proverbs,71,early to bed and early to rise makes a man healthy,,False
"wealthy, and wise",Proverbs,71,wealthy and wise,,False
"East is East, and West is West, and never the twain",Proverbs,71,east is east and west is west and never the twain,,False
shall meet,Proverbs,71,shall meet,,False
eir eyes,Proverbs,71,eir eyes,,False
"Easy come, easy go",Proverbs,71,easy come easy go,,False
"Eat, drink, and be merry, for tomorrow we die",Proverbs,71,eat drink and be merry for tomorrow we die,,False
Every cloud has a silver lining,Proverbs,71,every cloud has a silver lining,,False
Every dog has his day,Proverbs,71,every dog has his day,,False
Everybody will be world famous for fteen min-,Proverbs,71,everybody will be world famous for fteen min-,,False
utes,Proverbs,71,utes,,False
se has been,Proverbs,71,se has been,,False
Experience is the best teacher,Proverbs,71,experience is the best teacher,,False
Familiarity breeds contempt,Proverbs,71,familiarity breeds contempt,,False
Feed a cold; starve a fever,Proverbs,71,feed a cold starve a fever,,False
"Finders keepers, losers weepers",Proverbs,71,finders keepers losers weepers,,False
Fish or cut bait,Proverbs,71,fish or cut bait,,False
Fish out of water,Proverbs,72,fish out of water,,False
A fool and his money are soon parted,Proverbs,72,fool and his money are soon parted,,False
A foolish consistency is the hobgobli,Proverbs,72,foolish consistency is the hobgobli,,False
minds,Proverbs,72,minds,,False
Fools rush in where angels fear to tread,Proverbs,72,fools rush in where angels fear to tread,,False
For want of a nail the kingdom was lost,Proverbs,72,for want of a nail the kingdom was lost,,False
Forewarned is forearmed,Proverbs,72,forewarned is forearmed,,False
"Frailty, thy name is woman!",Proverbs,72,frailty thy name is woman,,False
A friend in need is a friend indeed,Proverbs,72,friend in need is a friend indeed,,False
From the sublime to the ridiculous is bu,Proverbs,72,from the sublime to the ridiculous is bu,,False
The game is not worth the candle,Proverbs,72,game is not worth the candle,,False
Genius is one percent inspiration and ninety-nine,Proverbs,72,genius is one percent inspiration and ninety-nine,,False
percent perspiration,Proverbs,72,percent perspiration,,False
Give him enough rope and he’ll hang himself,Proverbs,72,give him enough rope and he’ll hang himself,,False
n of little,Proverbs,72,n of little,,False
Give the devil his due,Proverbs,72,give the devil his due,,False
God helps those who help themselves,Proverbs,72,god helps those who help themselves,,False
Good fences make good neighbors,Proverbs,72,good fences make good neighbors,,False
A good man is hard to nd,Proverbs,72,good man is hard to nd,,False
The grass is always greener on the other side of the,Proverbs,72,grass is always greener on the other side of the,,False
fence,Proverbs,72,fence,,False
Great oaks from little acorns grow,Proverbs,72,great oaks from little acorns grow,,False
Half a loaf is better than none,Proverbs,72,half a loaf is better than none,,False
Haste makes waste,Proverbs,72,haste makes waste,,False
He who hesitates is lost,Proverbs,72,he who hesitates is lost,,False
t a step,Proverbs,72,t a step,,False
"He who laughs last, laughs best",Proverbs,72,he who laughs last laughs best,,False
Hell hath no fury like a woman scorned,Proverbs,72,hell hath no fury like a woman scorned,,False
"Here today, gone tomorrow",Proverbs,73,here today gone tomorrow,,False
Hitch your wagon to a star,Proverbs,73,hitch your wagon to a star,,False
Honesty is the best policy,Proverbs,73,honesty is the best policy,,False
Hope springs eternal,Proverbs,73,hope springs eternal,,False
"If at rst you don’t succeed, try, try again",Proverbs,73,if at rst you don’t succeed try try again,,False
If the mountain will not come to Muham,Proverbs,73,if the mountain will not come to muham,,False
Muhammad will go to the mountain,Proverbs,73,muhammad will go to the mountain,,False
"If the shoe ts, wear it",Proverbs,73,if the shoe ts wear it,,False
"If wishes were horses, then beggars wou",Proverbs,73,if wishes were horses then beggars wou,,False
"If you can’t stand the heat, get out of the",Proverbs,73,if you can’t stand the heat get out of the,,False
Ignorance is bliss,Proverbs,73,ignorance is bliss,,False
Imitation is the sincerest form of attery,Proverbs,73,imitation is the sincerest form of attery,,False
In the spring a young man’s fancy lightly turns to,Proverbs,73,in the spring a young man’s fancy lightly turns to,,False
thoughts of love,Proverbs,73,thoughts of love,,False
In this world nothing is certain but death and,Proverbs,73,in this world nothing is certain but death and,,False
taxes,Proverbs,73,taxes,,False
It ain’t a t night out for man or beast,Proverbs,73,it ain’t a t night out for man or beast,,False
It takes a heap o’ livin’ in a house t’ make it home,Proverbs,73,it takes a heap o’ livin’ in a house t’ make it home,,False
"mad, then",Proverbs,73,mad then,,False
It takes a thief to catch a thief,Proverbs,73,it takes a thief to catch a thief,,False
It takes two to tango,Proverbs,73,it takes two to tango,,False
It’s never over till it’s over,Proverbs,73,it’s never over till it’s over,,False
ld ride,Proverbs,73,ld ride,,False
kitchen,Proverbs,73,kitchen,,False
It’s never too late to mend,Proverbs,73,it’s never too late to mend,,False
"It’s not whether you win or lose, it’s how you play",Proverbs,73,it’s not whether you win or lose it’s how you play,,False
Knowledge is power,Proverbs,73,knowledge is power,,False
"Laugh, and the world laughs with you;",Proverbs,74,laugh and the world laughs with you,,False
you weep alone,Proverbs,74,you weep alone,,False
Leave well enough alone,Proverbs,74,leave well enough alone,,False
The leopard cannot change its spots,Proverbs,74,leopard cannot change its spots,,False
Let bygones be bygones,Proverbs,74,let bygones be bygones,,False
Let sleeping dogs lie,Proverbs,74,let sleeping dogs lie,,False
Let them eat cake,Proverbs,74,let them eat cake,,False
Let’s cross that bridge when we come to it,Proverbs,74,let’s cross that bridge when we come to it,,False
Life is short; art is long,Proverbs,74,life is short art is long,,False
Lightning never strikes twice in the sam,Proverbs,74,lightning never strikes twice in the sam,,False
A little learning is a dangerous thing,Proverbs,74,little learning is a dangerous thing,,False
"weep, andLittle pitchers have big ears",Proverbs,74,weep andlittle pitchers have big ears,,False
Little strokes fell great oaks,Proverbs,74,little strokes fell great oaks,,False
Live and learn,Proverbs,74,live and learn,,False
Live and let live,Proverbs,74,live and let live,,False
Look before you leap,Proverbs,74,look before you leap,,False
Love conquers all,Proverbs,74,love conquers all,,False
Love makes the world go ‘round,Proverbs,74,love makes the world go ‘round,,False
The love of money is the root of all evil,Proverbs,74,love of money is the root of all evil,,False
Make haste slowly,Proverbs,74,make haste slowly,,False
Make hay while the sun shines,Proverbs,74,make hay while the sun shines,,False
Man does not live by bread alone,Proverbs,74,man does not live by bread alone,,False
e place,Proverbs,74,e place,,False
A man is known by the company he keeps,Proverbs,74,man is known by the company he keeps,,False
"Man proposes, God disposes",Proverbs,74,man proposes god disposes,god disposes man proposes,False
A man’s home is his castle,Proverbs,74,man’s home is his castle,,False
Many hands make light work,Proverbs,75,many hands make light work,,False
"Marry in haste, repent at leisure",Proverbs,75,marry in haste repent at leisure,,False
The meek shall inherit the Earth,Proverbs,75,meek shall inherit the earth,,False
Misery loves company,Proverbs,75,misery loves company,,False
A miss is as good as a mile,Proverbs,75,miss is as good as a mile,,False
Money is the root of all evil,Proverbs,75,money is the root of all evil,,False
The more the merrier,Proverbs,75,more the merrier,,False
Murder will out,Proverbs,75,murder will out,,False
Music has charms to soothe a savage br,Proverbs,75,music has charms to soothe a savage br,,False
Necessity is the mother of invention,Proverbs,75,necessity is the mother of invention,,False
Never give a sucker an even break,Proverbs,75,never give a sucker an even break,,False
Never put o until tomorrow what you can do to-,Proverbs,75,never put o until tomorrow what you can do to-,,False
Never say die,Proverbs,75,never say die,,False
A new broom sweeps clean,Proverbs,75,new broom sweeps clean,,False
Nice guys nish last,Proverbs,75,nice guys nish last,,False
No man can serve two masters,Proverbs,75,no man can serve two masters,,False
No man is an island,Proverbs,75,no man is an island,,False
No news is good news,Proverbs,75,no news is good news,,False
No one ever went broke underestimating the intel-,Proverbs,75,no one ever went broke underestimating the intel-,,False
ligence of the American people,Proverbs,75,ligence of the american people,,False
No rest for the weary,Proverbs,75,no rest for the weary,,False
Nothing succeeds like successeast,Proverbs,75,nothing succeeds like successeast,,False
"Nothing ventured, nothing gained",Proverbs,75,nothing ventured nothing gained,,False
Nothing will come of nothing,Proverbs,75,nothing will come of nothing,,False
Oil and water don’t mix,Proverbs,75,oil and water don’t mix,,False
Old soldiers never die; they only fade aw,Proverbs,76,old soldiers never die they only fade aw,,False
"Once bitten, twice shy",Proverbs,76,once bitten twice shy,,False
One good turn deserves another,Proverbs,76,one good turn deserves another,,False
One man’s meat is another man’s poison,Proverbs,76,one man’s meat is another man’s poison,,False
One [or A] picture is worth a thousand w,Proverbs,76,one or a picture is worth a thousand w,,False
One rotten (or bad) apple spoils the bar,Proverbs,76,one rotten or bad apple spoils the bar,,False
The one who pays the piper calls the tune,Proverbs,76,one who pays the piper calls the tune,,False
An ounce of prevention is worth a pound,Proverbs,76,ounce of prevention is worth a pound,,False
"Out of sight, out of mind",Proverbs,76,out of sight out of mind,,False
"Out of the frying pan, into the re",Proverbs,76,out of the frying pan into the re,,False
The pen is mightier than the sword,Proverbs,76,pen is mightier than the sword,,False
A penny saved is a penny earned,Proverbs,76,penny saved is a penny earned,,False
People who live in glass houses shoul,Proverbs,76,people who live in glass houses shoul,,False
stones,Proverbs,76,stones,,False
ayA place for everything and everything in its place,Proverbs,76,aya place for everything and everything in its place,,False
"Poets are born, not made",Proverbs,76,poets are born not made,,False
Politics makes strange bedfellows,Proverbs,76,politics makes strange bedfellows,,False
Practice makes perfect,Proverbs,76,practice makes perfect,,False
ords,Proverbs,76,ords,,False
Practice what you preach,Proverbs,76,practice what you preach,,False
Pride goeth before a fall,Proverbs,76,pride goeth before a fall,,False
Procrastination is the thief of time,Proverbs,76,procrastination is the thief of time,,False
The proof of the pudding is in the eating,Proverbs,76,proof of the pudding is in the eating,,False
of cure,Proverbs,76,of cure,,False
Render unto Caesar the things which are Caesar’s,Proverbs,76,render unto caesar the things which are caesar’s,,False
The road to hell is paved with good intentions,Proverbs,76,road to hell is paved with good intentions,,False
A rolling stone gathers no moss,Proverbs,76,rolling stone gathers no moss,,False
dn’t throw,Proverbs,76,dn’t throw,,False
Rome wasn’t built in a day,Proverbs,76,rome wasn’t built in a day,,False
Seeing is believing,Proverbs,77,seeing is believing,,False
The show must go on,Proverbs,77,show must go on,,False
Sic transit gloria mundi,Proverbs,77,sic transit gloria mundi,,False
Silence is golden,Proverbs,77,silence is golden,,False
Slow but steady wins the race,Proverbs,77,slow but steady wins the race,,False
A soft answer turneth away wrath,Proverbs,77,soft answer turneth away wrath,,False
"Step on a crack, break your mother’s bac",Proverbs,77,step on a crack break your mother’s bac,,False
Still waters run deep,Proverbs,77,still waters run deep,,False
A stitch in time saves nine,Proverbs,77,stitch in time saves nine,,False
Stone walls do not a prison make,Proverbs,77,stone walls do not a prison make,,False
Strike while the iron is hot,Proverbs,77,strike while the iron is hot,,False
Take the bitter with the sweet,Proverbs,77,take the bitter with the sweet,,False
There are plenty of sh in the sea,Proverbs,77,there are plenty of sh in the sea,,False
There’s many a slip ’twixt the cup and the lip,Proverbs,77,there’s many a slip ’twixt the cup and the lip,,False
There’s more than one way to skin a cat,Proverbs,77,there’s more than one way to skin a cat,,False
There’s no accounting for taste,Proverbs,77,there’s no accounting for taste,,False
There’s no fool like an old fool,Proverbs,77,there’s no fool like an old fool,,False
There’s no place like home,Proverbs,77,there’s no place like home,,False
Those who cannot remember the past are con-,Proverbs,77,those who cannot remember the past are con-,,False
demned to repeat it,Proverbs,77,demned to repeat it,,False
Time and tide wait for no man,Proverbs,77,time and tide wait for no man,,False
Time heals all wounds,Proverbs,77,time heals all wounds,,False
Time is money,Proverbs,77,time is money,,False
"To err is human, to forgive divine",Proverbs,77,to err is human to forgive divine,,False
Too many cooks spoil the broth,Proverbs,77,too many cooks spoil the broth,,False
Truth is stranger than ction,Proverbs,77,truth is stranger than ction,,False
Truth will out,Proverbs,78,truth will out,,False
Turnabout is fair play,Proverbs,78,turnabout is fair play,,False
Two heads are better than one,Proverbs,78,two heads are better than one,,False
Two wrongs don’t make a right,Proverbs,78,two wrongs don’t make a right,,False
"Two’s company, three’s a crowd",Proverbs,78,two’s company three’s a crowd,,False
Uneasy lies the head that wears a crown,Proverbs,78,uneasy lies the head that wears a crown,,False
Variety is the spice of life,Proverbs,78,variety is the spice of life,,False
Walls have ears,Proverbs,78,walls have ears,,False
"Waste not, want not",Proverbs,78,waste not want not,,False
A watched pot never boils,Proverbs,78,watched pot never boils,,False
"We have met the enemy, and they are us",Proverbs,78,we have met the enemy and they are us,,False
Well begun is half done,Proverbs,78,well begun is half done,,False
"What will be, will be",Proverbs,78,what will be will be,,False
What’s good for the goose is good for the gander,Proverbs,78,what’s good for the goose is good for the gander,,False
"When in Rome, do as the Romans do",Proverbs,78,when in rome do as the romans do,,False
"When it rains, it pours",Proverbs,78,when it rains it pours,,False
"When the cat’s away, the mice will play",Proverbs,78,when the cat’s away the mice will play,,False
"When the going gets tough, the tough get going",Proverbs,78,when the going gets tough the tough get going,,False
Where are the snows of yesteryear?,Proverbs,78,where are the snows of yesteryear,,False
"Where there’s a will, there’s a way",Proverbs,78,where there’s a will there’s a way,,False
Where there’s smoke there’s re,Proverbs,78,where there’s smoke there’s re,,False
"While there’s life, there’s hope",Proverbs,78,while there’s life there’s hope,,False
Win this one for the Gipper,Proverbs,78,win this one for the gipper,,False
Winning isn’t everything; it’s the only,Proverbs,79,winning isn’t everything it’s the only,,False
The wish is father of the deed,Proverbs,79,wish is father of the deed,,False
A woman’s work is never done,Proverbs,79,woman’s work is never done,,False
A word to the wise is sucient,Proverbs,79,word to the wise is sucient,,False
Work expands to ll the time available f,Proverbs,79,work expands to ll the time available f,,False
pletion,Proverbs,79,pletion,,False
The worm turns,Proverbs,79,worm turns,,False
"Yes, Virginia, there is a Santa Claus",Proverbs,79,yes virginia there is a santa claus,virginia there is a santa claus yes,False
You can catch more ies with honey,Proverbs,79,you can catch more ies with honey,,False
vinegar,Proverbs,79,vinegar,,False
"You can lead a horse to water, but you",Proverbs,79,you can lead a horse to water but you,,False
him drink.,Proverbs,79,him drink.,,False
thingYou cannot serve God and mammon,Proverbs,79,thingyou cannot serve god and mammon,,False
You can’t t a round peg in a square hole,Proverbs,79,you can’t t a round peg in a square hole,,False
You can’t go home again,Proverbs,79,you can’t go home again,,False
You can’t have your cake and eat it too,Proverbs,79,you can’t have your cake and eat it too,,False
You can’t make a silk purse from a sow’s ear,Proverbs,79,you can’t make a silk purse from a sow’s ear,,False
You can’t make an omelet without breaking eggs,Proverbs,79,you can’t make an omelet without breaking eggs,,False
or its com-,Proverbs,79,or its com-,,False
You can’t squeeze blood from a turnip,Proverbs,79,you can’t squeeze blood from a turnip,,False
You can’t take it with you,Proverbs,79,you can’t take it with you,,False
You can’t teach an old dog new tricks,Proverbs,79,you can’t teach an old dog new tricks,,False
You can’t unscramble an egg than with,Proverbs,79,you can’t unscramble an egg than with,,False
"You’ve made your bed, now lie in it",Proverbs,79,you’ve made your bed now lie in it,,False
can’t make,Proverbs,79,can’t make,,False
according to Hoyle,Idioms,81,according to hoyle,,False
ace in the hole,Idioms,81,ace in the hole,,False
Achilles’ heel,Idioms,81,achilles’ heel,,False
act of God,Idioms,81,act of god,,False
ad absurdum,Idioms,81,ad absurdum,,False
ad hoc,Idioms,81,ad hoc,,False
ad hominem,Idioms,81,ad hominem,,False
ad nauseam,Idioms,81,ad nauseam,,False
albatross around one’s neck,Idioms,81,albatross around one’s neck,,False
all systems go,Idioms,81,all systems go,,False
all thumbs,Idioms,81,all thumbs,,False
alma mater,Idioms,81,alma mater,,False
alpha and omega,Idioms,81,alpha and omega,,False
And thereby hangs a tale,Idioms,81,and thereby hangs a tale,,False
annus mirabilis,Idioms,81,annus mirabilis,,False
anon.,Idioms,81,anon.,,False
apple of one’s eye,Idioms,82,apple of one’s eye,,False
as the crow ies,Idioms,82,as the crow ies,,False
at loggerheads,Idioms,82,at loggerheads,,False
at sixes and sevens,Idioms,82,at sixes and sevens,,False
back to the drawing board,Idioms,82,back to the drawing board,,False
baker’s dozen,Idioms,82,baker’s dozen,,False
beat around the bush,Idioms,82,beat around the bush,,False
bee in one’s bonnet,Idioms,82,bee in one’s bonnet,,False
beg the question,Idioms,82,beg the question,,False
behind the eight ball,Idioms,82,behind the eight ball,,False
bête noire,Idioms,82,bete noire,,False
between a rock and a hard place,Idioms,82,between a rock and a hard place,,False
beyond the pale,Idioms,82,beyond the pale,,False
birthday suit,Idioms,82,birthday suit,,False
bit between one’s teeth,Idioms,82,bit between one’s teeth,,False
bite the bullet,Idioms,82,bite the bullet,,False
bite the dust,Idioms,82,bite the dust,,False
black sheep,Idioms,82,black sheep,,False
blarney,Idioms,82,blarney,,False
blind leading the blind,Idioms,82,blind leading the blind,,False
blow hot and cold,Idioms,83,blow hot and cold,,False
blow one’s own horn,Idioms,83,blow one’s own horn,,False
bolt from (out of) the blue,Idioms,83,bolt from out of the blue,,False
bona de,Idioms,83,bona de,,False
bone to pick,Idioms,83,bone to pick,,False
born with a silver spoon in one’s mouth,Idioms,83,born with a silver spoon in one’s mouth,,False
brain trust,Idioms,83,brain trust,,False
break the ice,Idioms,83,break the ice,,False
burn the candle at both ends,Idioms,83,burn the candle at both ends,,False
burn the midnight oil,Idioms,83,burn the midnight oil,,False
burn your bridges behind you,Idioms,83,burn your bridges behind you,,False
bury the hatchet,Idioms,83,bury the hatchet,,False
busman’s holiday,Idioms,83,busman’s holiday,,False
butter someone up,Idioms,83,butter someone up,,False
buy a pig in a poke,Idioms,83,buy a pig in a poke,,False
by hook or by crook,Idioms,83,by hook or by crook,,False
by the book,Idioms,83,by the book,,False
call a spade a spade,Idioms,83,call a spade a spade,,False
call the tune,Idioms,83,call the tune,,False
can’t hold a candle to,Idioms,83,can’t hold a candle to,,False
can’t see the forest for the trees,Idioms,83,can’t see the forest for the trees,,False
carry a torch for,Idioms,84,carry a torch for,,False
carry coals to Newcastle,Idioms,84,carry coals to newcastle,,False
carry the torch,Idioms,84,carry the torch,,False
carte blanche,Idioms,84,carte blanche,,False
cash in one’s chips,Idioms,84,cash in one’s chips,,False
castles in the air,Idioms,84,castles in the air,,False
catch-as-catch-can,Idioms,84,catch-as-catch-can,,False
cause célèbre,Idioms,84,cause celebre,,False
C’est la vie,Idioms,84,c’est la vie,,False
cheek by jowl,Idioms,84,cheek by jowl,,False
chill out,Idioms,84,chill out,,False
chip o the old block,Idioms,84,chip o the old block,,False
chip on one’s shoulder,Idioms,84,chip on one’s shoulder,,False
chutzpah,Idioms,84,chutzpah,,False
clean bill of health,Idioms,84,clean bill of health,,False
clean slate,Idioms,84,clean slate,,False
climb on the bandwagon,Idioms,84,climb on the bandwagon,,False
cock-and-bull story,Idioms,85,cock-and-bull story,,False
cold feet,Idioms,85,cold feet,,False
cold shoulder,Idioms,85,cold shoulder,,False
cold turkey,Idioms,85,cold turkey,,False
come full circle,Idioms,85,come full circle,,False
come out of the closet,Idioms,85,come out of the closet,,False
cool one’s heels,Idioms,85,cool one’s heels,,False
cotton to,Idioms,85,cotton to,,False
coup de grâce,Idioms,85,coup de grace,,False
creature comforts,Idioms,85,creature comforts,,False
crème de la crème,Idioms,85,creme de la creme,,False
crocodile tears,Idioms,85,crocodile tears,,False
cross the Rubicon,Idioms,85,cross the rubicon,,False
cruel to be kind,Idioms,85,cruel to be kind,,False
cry over spilt milk,Idioms,85,cry over spilt milk,,False
cultivate one’s own garden,Idioms,85,cultivate one’s own garden,,False
curry favor,Idioms,85,curry favor,,False
cut the Gordian knot,Idioms,85,cut the gordian knot,,False
damn with faint praise,Idioms,85,damn with faint praise,,False
Davy Jones’s Locker,Idioms,86,davy jones’s locker,,False
de facto,Idioms,86,de facto,,False
de jure,Idioms,86,de jure,,False
de rigueur,Idioms,86,de rigueur,,False
deep-six,Idioms,86,deep-six,,False
déjà vu,Idioms,86,deja vu,,False
the devil to pay,Idioms,86,devil to pay,,False
diamond in the rough,Idioms,86,diamond in the rough,,False
dog days,Idioms,86,dog days,,False
dog in the manger,Idioms,86,dog in the manger,,False
dog-eat-dog,Idioms,86,dog-eat-dog,,False
don’t go there,Idioms,86,don’t go there,,False
down in the dumps,Idioms,86,down in the dumps,,False
downsize,Idioms,86,downsize,,False
draw the line,Idioms,86,draw the line,,False
drive a nail into one’s con,Idioms,86,drive a nail into one’s con,,False
Dutch treat,Idioms,86,dutch treat,,False
dyed-in-the-wool,Idioms,86,dyed-in-the-wool,,False
"easy come, easy go",Idioms,87,easy come easy go,,False
eat crow,Idioms,87,eat crow,,False
eat humble pie,Idioms,87,eat humble pie,,False
eat someone out of house and home,Idioms,87,eat someone out of house and home,,False
elbow grease,Idioms,87,elbow grease,,False
eleventh hour,Idioms,87,eleventh hour,,False
éminence grise,Idioms,87,eminence grise,,False
en masse,Idioms,87,en masse,,False
end of one’s rope,Idioms,87,end of one’s rope,,False
enfant terrible,Idioms,87,enfant terrible,,False
ergo,Idioms,87,ergo,,False
esprit de corps,Idioms,87,esprit de corps,,False
Eureka!,Idioms,87,eureka,,False
every inch a ___,Idioms,87,every inch a ___,,False
ex cathedra,Idioms,87,ex cathedra,,False
ex post facto,Idioms,87,ex post facto,,False
Fabian tactics,Idioms,87,fabian tactics,,False
face the music,Idioms,88,face the music,,False
fair-weather friend,Idioms,88,fair-weather friend,,False
fait accompli,Idioms,88,fait accompli,,False
far from the madding crowd,Idioms,88,far from the madding crowd,,False
Faustian bargain,Idioms,88,faustian bargain,,False
feather in one’s cap,Idioms,88,feather in one’s cap,,False
feather one’s own nest,Idioms,88,feather one’s own nest,,False
feet of clay,Idioms,88,feet of clay,,False
ddle while Rome burns,Idioms,88,ddle while rome burns,,False
fth wheel,Idioms,88,fth wheel,,False
ne kettle of sh,Idioms,88,ne kettle of sh,,False
"rst come, rst served",Idioms,88,rst come rst served,,False
ts and starts,Idioms,88,ts and starts,,False
ash in the pan,Idioms,88,ash in the pan,,False
ing (throw) down the gauntlet,Idioms,88,ing throw down the gauntlet,,False
y in the ointment,Idioms,88,y in the ointment,,False
y o the handle,Idioms,88,y o the handle,,False
y the coop,Idioms,88,y the coop,,False
y-by-night,Idioms,88,y-by-night,,False
footprints on the sands of time,Idioms,88,footprints on the sands of time,,False
for the birds,Idioms,88,for the birds,,False
forty winks,Idioms,89,forty winks,,False
four-letter words,Idioms,89,four-letter words,,False
from pillar to post,Idioms,89,from pillar to post,,False
Gesundheit,Idioms,89,gesundheit,,False
get a dose of one’s own medicine,Idioms,89,get a dose of one’s own medicine,,False
get down to brass tacks,Idioms,89,get down to brass tacks,,False
get in somebody’s hair,Idioms,89,get in somebody’s hair,,False
get one’s dander up,Idioms,89,get one’s dander up,,False
get someone’s goat,Idioms,89,get someone’s goat,,False
get something o one’s chest,Idioms,89,get something o one’s chest,,False
get under one’s skin,Idioms,89,get under one’s skin,,False
get up on the wrong side of the bed,Idioms,89,get up on the wrong side of the bed,,False
ghost town,Idioms,89,ghost town,,False
gild the lily,Idioms,89,gild the lily,,False
gilded cage,Idioms,89,gilded cage,,False
glad-hander,Idioms,89,glad-hander,,False
glass ceiling,Idioms,89,glass ceiling,,False
go against the grain,Idioms,89,go against the grain,,False
go AWOL,Idioms,89,go awol,,False
go haywire,Idioms,89,go haywire,,False
go o the deep end,Idioms,90,go o the deep end,,False
go to pot,Idioms,90,go to pot,,False
go whole hog,Idioms,90,go whole hog,,False
golden mean,Idioms,90,golden mean,,False
golden parachute,Idioms,90,golden parachute,,False
[one’s] goose is cooked,Idioms,90,one’s goose is cooked,,False
grain of salt,Idioms,90,grain of salt,,False
grasp (clutch) at straws,Idioms,90,grasp clutch at straws,,False
gravy train,Idioms,90,gravy train,,False
green thumb,Idioms,90,green thumb,,False
the green-eyed monster,Idioms,90,green-eyed monster,,False
gringo,Idioms,90,gringo,,False
gung-ho,Idioms,90,gung-ho,,False
hail-fellow-well-met,Idioms,90,hail-fellow-well-met,,False
hair of the dog that bit you,Idioms,90,hair of the dog that bit you,,False
hat trick,Idioms,90,hat trick,,False
have an ax to grind,Idioms,90,have an ax to grind,,False
high horse,Idioms,90,high horse,,False
hit below the belt,Idioms,90,hit below the belt,,False
hit the ceiling,Idioms,91,hit the ceiling,,False
hoi polloi,Idioms,91,hoi polloi,,False
hoist by one’s own petard,Idioms,91,hoist by one’s own petard,,False
hold water,Idioms,91,hold water,,False
"hook, line, and sinker",Idioms,91,hook line and sinker,,False
horse of a dierent color,Idioms,91,horse of a dierent color,,False
how many angels can stand (dance) on,Idioms,91,how many angels can stand dance on,,False
a pin?,Idioms,91,pin,,False
hue and cry,Idioms,91,hue and cry,,False
in hot water,Idioms,91,in hot water,,False
in loco parentis,Idioms,91,in loco parentis,,False
in memoriam,Idioms,91,in memoriam,,False
in situ,Idioms,91,in situ,,False
in the doghouse,Idioms,91,in the doghouse,,False
in the hot seat,Idioms,91,in the hot seat,,False
in the pink,Idioms,91,in the pink,,False
in toto,Idioms,91,in toto,,False
in vino veritas,Idioms,91,in vino veritas,,False
the head of,Idioms,91,head of,,False
Indian summer,Idioms,91,indian summer,,False
"Jack of all trades, master of none",Idioms,91,jack of all trades master of none,,False
je ne sais quoi,Idioms,91,je ne sais quoi,,False
"John Doe, Jane Doe",Idioms,91,john doe jane doe,jane doe john doe,False
John Hancock,Idioms,92,john hancock,,False
joie de vivre,Idioms,92,joie de vivre,,False
jump down someone’s throat,Idioms,92,jump down someone’s throat,,False
keep one’s ngers crossed,Idioms,92,keep one’s ngers crossed,,False
keep the wolf from one’s door,Idioms,92,keep the wolf from one’s door,,False
keeping up with the Joneses,Idioms,92,keeping up with the joneses,,False
kick the bucket,Idioms,92,kick the bucket,,False
kill two birds with one stone,Idioms,92,kill two birds with one stone,,False
kingdom come,Idioms,92,kingdom come,,False
the King’s English,Idioms,92,king’s english,,False
knock on wood,Idioms,92,knock on wood,,False
know the ropes,Idioms,92,know the ropes,,False
kosher,Idioms,92,kosher,,False
land of Nod,Idioms,92,land of nod,,False
the last laugh,Idioms,92,last laugh,,False
the last straw,Idioms,92,last straw,,False
laugh up one’s sleeve,Idioms,92,laugh up one’s sleeve,,False
lay an egg,Idioms,92,lay an egg,,False
left holding the bag,Idioms,92,left holding the bag,,False
left-handed compliment,Idioms,92,left-handed compliment,,False
let the cat out of the bag,Idioms,92,let the cat out of the bag,,False
life of Riley,Idioms,93,life of riley,,False
lion’s share,Idioms,93,lion’s share,,False
lip service,Idioms,93,lip service,,False
live in an ivory tower,Idioms,93,live in an ivory tower,,False
"lock, stock, and barrel",Idioms,93,lock stock and barrel,,False
lowbrow,Idioms,93,lowbrow,,False
lunatic fringe,Idioms,93,lunatic fringe,,False
macho,Idioms,93,macho,,False
make a clean breast of it,Idioms,93,make a clean breast of it,,False
make a mountain out of a molehill,Idioms,93,make a mountain out of a molehill,,False
make a virtue of necessity,Idioms,93,make a virtue of necessity,,False
make ends meet,Idioms,93,make ends meet,,False
make my day,Idioms,93,make my day,,False
make no bones about it,Idioms,93,make no bones about it,,False
mea culpa,Idioms,93,mea culpa,,False
meet one’s Waterloo,Idioms,93,meet one’s waterloo,,False
milk of human kindness,Idioms,93,milk of human kindness,,False
mind your ’s and ’spq,Idioms,94,mind your ’s and ’spq,,False
modus operandi (m.o.),Idioms,94,modus operandi m.o.,,False
modus vivendi,Idioms,94,modus vivendi,,False
money burning a hole in one’s pocket,Idioms,94,money burning a hole in one’s pocket,,False
more sinned against than sinning,Idioms,94,more sinned against than sinning,,False
most unkindest cut of all,Idioms,94,most unkindest cut of all,,False
Murphy’s Law,Idioms,94,murphy’s law,,False
NIMBY,Idioms,94,nimby,,False
nine days’ wonder,Idioms,94,nine days’ wonder,,False
nip and tuck,Idioms,94,nip and tuck,,False
noblesse oblige,Idioms,94,noblesse oblige,,False
no-brainer,Idioms,94,no-brainer,,False
non compos mentis,Idioms,94,non compos mentis,,False
nose out of joint,Idioms,94,nose out of joint,,False
nose to the grindstone,Idioms,94,nose to the grindstone,,False
nouveau riche,Idioms,94,nouveau riche,,False
Old Glory,Idioms,94,old glory,,False
old hat,Idioms,94,old hat,,False
on pins and needles,Idioms,94,on pins and needles,,False
on tenterhooks,Idioms,95,on tenterhooks,,False
on the horns of a dilemma,Idioms,95,on the horns of a dilemma,,False
on the level,Idioms,95,on the level,,False
on the warpath,Idioms,95,on the warpath,,False
once in a blue moon,Idioms,95,once in a blue moon,,False
paint the town red,Idioms,95,paint the town red,,False
pass the buck,Idioms,95,pass the buck,,False
pay the piper,Idioms,95,pay the piper,,False
pay through the nose,Idioms,95,pay through the nose,,False
p.c.,Idioms,95,p.c.,,False
pell-mell,Idioms,95,pell-mell,,False
persona non grata,Idioms,95,persona non grata,,False
pie in the sky,Idioms,95,pie in the sky,,False
play fast and loose,Idioms,95,play fast and loose,,False
play it by ear,Idioms,95,play it by ear,,False
play possum,Idioms,95,play possum,,False
play Russian roulette,Idioms,95,play russian roulette,,False
play second ddle,Idioms,95,play second ddle,,False
play to the gallery,Idioms,95,play to the gallery,,False
Pooh-Bah,Idioms,96,pooh-bah,,False
pop the question,Idioms,96,pop the question,,False
posthaste,Idioms,96,posthaste,,False
postmortem,Idioms,96,postmortem,,False
pot calling the kettle black,Idioms,96,pot calling the kettle black,,False
pound of esh,Idioms,96,pound of esh,,False
pour oil on troubled waters,Idioms,96,pour oil on troubled waters,,False
prima donna,Idioms,96,prima donna,,False
primrose path,Idioms,96,primrose path,,False
pro forma,Idioms,96,pro forma,,False
pro tempore (pro tem),Idioms,96,pro tempore pro tem,,False
pull somebody’s leg,Idioms,96,pull somebody’s leg,,False
pull strings,Idioms,96,pull strings,,False
put on the dog,Idioms,96,put on the dog,,False
put your foot in your mouth,Idioms,96,put your foot in your mouth,,False
Pyrrhic victory,Idioms,96,pyrrhic victory,,False
The quality of mercy is not strained,Idioms,96,quality of mercy is not strained,,False
quid pro quo,Idioms,96,quid pro quo,,False
quod erat demonstrandum (Q.E.D.),Idioms,97,quod erat demonstrandum q.e.d.,,False
raining cats and dogs,Idioms,97,raining cats and dogs,,False
raise Cain,Idioms,97,raise cain,,False
raison d’être,Idioms,97,raison d’etre,,False
rank and le,Idioms,97,rank and le,,False
read between the lines,Idioms,97,read between the lines,,False
read the riot act,Idioms,97,read the riot act,,False
the real McCoy,Idioms,97,real mccoy,,False
red herring,Idioms,97,red herring,,False
red tape,Idioms,97,red tape,,False
red-letter day,Idioms,97,red-letter day,,False
Renaissance man,Idioms,97,renaissance man,,False
rich as Croesus,Idioms,97,rich as croesus,,False
R.I.P.,Idioms,97,r.i.p.,,False
rob Peter to pay Paul,Idioms,97,rob peter to pay paul,,False
R.S.V.P.,Idioms,97,r.s.v.p.,,False
rule of thumb,Idioms,97,rule of thumb,,False
rule the roost,Idioms,97,rule the roost,,False
run of the mill,Idioms,97,run of the mill,,False
run the gamut,Idioms,97,run the gamut,,False
sacred cow,Idioms,97,sacred cow,,False
sail under false colors,Idioms,98,sail under false colors,,False
salad days,Idioms,98,salad days,,False
salt of the Earth,Idioms,98,salt of the earth,,False
sanctum sanctorum,Idioms,98,sanctum sanctorum,,False
sangfroid,Idioms,98,sangfroid,,False
savoir faire,Idioms,98,savoir faire,,False
say (cry) uncle,Idioms,98,say cry uncle,,False
sea legs,Idioms,98,sea legs,,False
seamy side,Idioms,98,seamy side,,False
second wind,Idioms,98,second wind,,False
see eye to eye,Idioms,98,see eye to eye,,False
see red,Idioms,98,see red,,False
semper delis,Idioms,98,semper delis,,False
set one’s teeth on edge,Idioms,98,set one’s teeth on edge,,False
shalom,Idioms,98,shalom,,False
ships that pass in the night,Idioms,98,ships that pass in the night,,False
shot in the arm,Idioms,98,shot in the arm,,False
sine qua non,Idioms,98,sine qua non,,False
sink or swim,Idioms,98,sink or swim,,False
sit on the fence,Idioms,99,sit on the fence,,False
sitting duck,Idioms,99,sitting duck,,False
sitting pretty,Idioms,99,sitting pretty,,False
"six of one, half a dozen of the other",Idioms,99,six of one half a dozen of the other,,False
skeleton in the closet,Idioms,99,skeleton in the closet,,False
skin of one’s teeth,Idioms,99,skin of one’s teeth,,False
smell a rat,Idioms,99,smell a rat,,False
a snowball’s chance in hell,Idioms,99,snowball’s chance in hell,,False
soft soap,Idioms,99,soft soap,,False
soup to nuts,Idioms,99,soup to nuts,,False
sow wild oats,Idioms,99,sow wild oats,,False
split hairs,Idioms,99,split hairs,,False
spread oneself too thin,Idioms,99,spread oneself too thin,,False
sta of life,Idioms,99,sta of life,,False
standing orders,Idioms,99,standing orders,,False
star-crossed lovers,Idioms,99,star-crossed lovers,,False
status quo,Idioms,99,status quo,,False
steal someone’s thunder,Idioms,99,steal someone’s thunder,,False
stool pigeon,Idioms,99,stool pigeon,,False
strange bedfellows,Idioms,99,strange bedfellows,,False
straw in the wind,Idioms,100,straw in the wind,,False
straw man,Idioms,100,straw man,,False
suer fools gladly,Idioms,100,suer fools gladly,,False
sui generis,Idioms,100,sui generis,,False
swap (switch) horses in midstream,Idioms,100,swap switch horses in midstream,,False
sweeten the kitty (deal),Idioms,100,sweeten the kitty deal,,False
take a powder,Idioms,100,take a powder,,False
take the bull by the horns,Idioms,100,take the bull by the horns,,False
take the cake,Idioms,100,take the cake,,False
take the rap,Idioms,100,take the rap,,False
talk turkey,Idioms,100,talk turkey,,False
tall tale,Idioms,100,tall tale,,False
terra rma,Idioms,100,terra rma,,False
tête-à-tête,Idioms,100,tete-a-tete,,False
There is no joy in Mudville,Idioms,100,there is no joy in mudville,,False
There’s method in his madness,Idioms,100,there’s method in his madness,,False
three sheets to the wind,Idioms,100,three sheets to the wind,,False
through thick and thin,Idioms,100,through thick and thin,,False
throw in the towel,Idioms,100,throw in the towel,,False
throw the book at someone,Idioms,100,throw the book at someone,,False
thrown to the lions,Idioms,101,thrown to the lions,,False
thumbs up (down),Idioms,101,thumbs up down,,False
till the cows come home,Idioms,101,till the cows come home,,False
Timbuktu,Idioms,101,timbuktu,,False
Time is of the essence,Idioms,101,time is of the essence,,False
tip of the iceberg,Idioms,101,tip of the iceberg,,False
tit for tat,Idioms,101,tit for tat,,False
to the manner born,Idioms,101,to the manner born,,False
"Tom, Dick, and Harry",Idioms,101,tom dick and harry,dick and harry tom,False
tongue-in-cheek,Idioms,101,tongue-in-cheek,,False
too many irons in the re,Idioms,101,too many irons in the re,,False
toot one’s own horn,Idioms,101,toot one’s own horn,,False
tooth and nail,Idioms,101,tooth and nail,,False
touch and go,Idioms,101,touch and go,,False
tour de force,Idioms,101,tour de force,,False
town and gown,Idioms,101,town and gown,,False
trial and error,Idioms,101,trial and error,,False
trial balloon,Idioms,101,trial balloon,,False
trump card,Idioms,101,trump card,,False
turn over a new leaf,Idioms,102,turn over a new leaf,,False
turn the tables,Idioms,102,turn the tables,,False
two shakes of a lamb’s tail,Idioms,102,two shakes of a lamb’s tail,,False
two strings to one’s bow,Idioms,102,two strings to one’s bow,,False
Typhoid Mary,Idioms,102,typhoid mary,,False
UFO,Idioms,102,ufo,,False
under the weather,Idioms,102,under the weather,,False
under the wire,Idioms,102,under the wire,,False
upper crust,Idioms,102,upper crust,,False
vicious circle,Idioms,102,vicious circle,,False
VIP,Idioms,102,vip,,False
vis-à-vis,Idioms,102,vis-a-vis,,False
walking papers,Idioms,102,walking papers,,False
wanderlust,Idioms,102,wanderlust,,False
war horse,Idioms,102,war horse,,False
warm the cockles of one’s heart,Idioms,102,warm the cockles of one’s heart,,False
warp and woof,Idioms,102,warp and woof,,False
wash dirty linen (laundry) in public,Idioms,102,wash dirty linen laundry in public,,False
WASP,Idioms,102,wasp,,False
water o a duck’s back,Idioms,102,water o a duck’s back,,False
wear one’s heart on one’s sleeve,Idioms,103,wear one’s heart on one’s sleeve,,False
wet behind the ears,Idioms,103,wet behind the ears,,False
wet blanket,Idioms,103,wet blanket,,False
white elephant,Idioms,103,white elephant,,False
wolf in sheep’s clothing,Idioms,103,wolf in sheep’s clothing,,False
worth one’s salt,Idioms,103,worth one’s salt,,False
Young Turk,Idioms,103,young turk,,False
"Abandon hope, all ye who enter here",Idioms,105,abandon hope all ye who enter here,,False
"absurd, theater of the",Idioms,105,absurd theater of the,,False
"Academy, French",Idioms,105,academy french,french academy,False
"Academy, Plato’s",Idioms,105,academy plato’s,plato’s academy,False
Advent,Idioms,105,advent,,False
Aeneid,Idioms,105,aeneid,,False
Aeschylus,Idioms,106,aeschylus,,False
Aesop’s fables,Idioms,106,aesop’s fables,,False
aesthetics,Idioms,106,aesthetics,,False
agnosticism,Idioms,106,agnosticism,,False
Aladdin’s lamp,Idioms,106,aladdin’s lamp,,False
Ali Baba,Idioms,106,ali baba,,False
Allah,Idioms,106,allah,,False
A.M.E. Church,Idioms,106,a.m.e. church,,False
Amish,Idioms,106,amish,,False
"Andersen, Hans Christian",Idioms,106,andersen hans christian,hans christian andersen,False
Anglican Communion,Idioms,106,anglican communion,,False
animism,Idioms,106,animism,,False
Anna Karenina,Idioms,106,anna karenina,,False
anthropomorphism,Idioms,107,anthropomorphism,,False
Antigone,Idioms,107,antigone,,False
"Aquinas, Thomas",Idioms,107,aquinas thomas,thomas aquinas,False
Arabian Nights,Idioms,107,arabian nights,,False
Aristophanes,Idioms,107,aristophanes,,False
Aristotle,Idioms,107,aristotle,,False
asceticism,Idioms,107,asceticism,,False
Ash Wednesday,Idioms,107,ash wednesday,,False
Assemblies of God,Idioms,107,assemblies of god,,False
atheism,Idioms,107,atheism,,False
Babar,Idioms,107,babar,,False
Baha’i,Idioms,107,baha’i,,False
"Balzac, Honoré de",Idioms,107,balzac honore de,honore de balzac,False
baptism,Idioms,108,baptism,,False
Baptists,Idioms,108,baptists,,False
bar mitzvah,Idioms,108,bar mitzvah,,False
bat mitzvah,Idioms,108,bat mitzvah,,False
"Baudelaire, Charles",Idioms,108,baudelaire charles,charles baudelaire,False
Bhagavad Gita,Idioms,108,bhagavad gita,,False
bishop,Idioms,108,bishop,,False
Book of Common Prayer,Idioms,108,book of common prayer,,False
"Borges, Jorge Luis",Idioms,108,borges jorge luis,jorge luis borges,False
born-again Christian,Idioms,108,born-again christian,,False
Brahmins,Idioms,108,brahmins,,False
The Brothers Karamazov,Idioms,108,brothers karamazov,,False
Buddhism,Idioms,109,buddhism,,False
"Calvin, John",Idioms,109,calvin john,john calvin,False
Calvinism,Idioms,109,calvinism,,False
Candide,Idioms,109,candide,,False
canonization,Idioms,109,canonization,,False
cardinals,Idioms,109,cardinals,,False
"Casanova, Giovanni Jacopo",Idioms,109,casanova giovanni jacopo,giovanni jacopo casanova,False
cathedral,Idioms,109,cathedral,,False
"Cervantes, Miguel de",Idioms,109,cervantes miguel de,miguel de cervantes,False
Chanukah,Idioms,109,chanukah,,False
"Chekhov, Anton",Idioms,109,chekhov anton,anton chekhov,False
"Chomsky, Noam",Idioms,110,chomsky noam,noam chomsky,False
Christian Science,Idioms,110,christian science,,False
Christmas,Idioms,110,christmas,,False
church,Idioms,110,church,,False
Cicero,Idioms,110,cicero,,False
"Cid, El",Idioms,110,cid el,el cid,False
clockwork universe,Idioms,110,clockwork universe,,False
Communion,Idioms,110,communion,,False
confession,Idioms,111,confession,,False
Confessions,Idioms,111,confessions,,False
Confucianism,Idioms,111,confucianism,,False
Confucius,Idioms,111,confucius,,False
Congregationalists,Idioms,111,congregationalists,,False
Conservative Judaism,Idioms,111,conservative judaism,,False
convent,Idioms,111,convent,,False
"Copernicus, Nicolaus",Idioms,111,copernicus nicolaus,nicolaus copernicus,False
Counter Reformation,Idioms,111,counter reformation,,False
courtly love,Idioms,111,courtly love,,False
creation science,Idioms,112,creation science,,False
creationism,Idioms,112,creationism,,False
Crime and Punishment,Idioms,112,crime and punishment,,False
Cyrillic alphabet,Idioms,112,cyrillic alphabet,,False
damnation,Idioms,112,damnation,,False
Day of Atonement,Idioms,112,day of atonement,,False
deduction,Idioms,112,deduction,,False
deism,Idioms,112,deism,,False
"Descartes, René",Idioms,112,descartes rene,rene descartes,False
determinism,Idioms,112,determinism,,False
devil,Idioms,112,devil,,False
dogma,Idioms,112,dogma,,False
A Doll’s House,Idioms,112,doll’s house,,False
"Dostoevsky, Feodor",Idioms,113,dostoevsky feodor,feodor dostoevsky,False
dualism,Idioms,113,dualism,,False
Easter,Idioms,113,easter,,False
Eastern Orthodox Church,Idioms,113,eastern orthodox church,,False
ecumenism,Idioms,113,ecumenism,,False
"Eddy, Mary Baker",Idioms,113,eddy mary baker,mary baker eddy,False
Émile,Idioms,113,emile,,False
encyclical,Idioms,113,encyclical,,False
Epicureanism,Idioms,113,epicureanism,,False
Epiphany,Idioms,113,epiphany,,False
epistemology,Idioms,113,epistemology,,False
established church,Idioms,113,established church,,False
ethical relativism,Idioms,113,ethical relativism,,False
ethics,Idioms,113,ethics,,False
Eucharist,Idioms,114,eucharist,,False
Euripides,Idioms,114,euripides,,False
evangelical,Idioms,114,evangelical,,False
existentialism,Idioms,114,existentialism,,False
fatalism,Idioms,114,fatalism,,False
Faust,Idioms,114,faust,,False
Figaro,Idioms,114,figaro,,False
"Flaubert, Gustave",Idioms,114,flaubert gustave,gustave flaubert,False
Francis of Assisi,Idioms,114,francis of assisi,,False
Franciscans,Idioms,114,franciscans,,False
"Frank, Anne",Idioms,114,frank anne,anne frank,False
free will,Idioms,114,free will,,False
Freemasons,"World Literature, Philosophy, and Religion",115,freemasons,,False
"Fuentes, Carlos","World Literature, Philosophy, and Religion",115,fuentes carlos,carlos fuentes,False
fundamentalism,"World Literature, Philosophy, and Religion",115,fundamentalism,,False
Good Friday,"World Literature, Philosophy, and Religion",115,good friday,,False
greatest happiness for the greatest num,"World Literature, Philosophy, and Religion",115,greatest happiness for the greatest num,,False
"Grimm, the brothers","World Literature, Philosophy, and Religion",115,grimm the brothers,,False
guru,"World Literature, Philosophy, and Religion",115,guru,,False
haiku,"World Literature, Philosophy, and Religion",115,haiku,,False
Hanukkah,"World Literature, Philosophy, and Religion",115,hanukkah,,False
hara-kiri,"World Literature, Philosophy, and Religion",115,hara-kiri,,False
Hasidim,"World Literature, Philosophy, and Religion",115,hasidim,,False
hedonism,"World Literature, Philosophy, and Religion",115,hedonism,,False
"Hegel, Georg Wilhelm Friedrich","World Literature, Philosophy, and Religion",115,hegel georg wilhelm friedrich,georg wilhelm friedrich hegel,False
heresy,"World Literature, Philosophy, and Religion",115,heresy,,False
heretic,"World Literature, Philosophy, and Religion",116,heretic,,False
Herodotus,"World Literature, Philosophy, and Religion",116,herodotus,,False
Hinduism,"World Literature, Philosophy, and Religion",116,hinduism,,False
"Hobbes, Thomas","World Literature, Philosophy, and Religion",116,hobbes thomas,thomas hobbes,False
Holy See,"World Literature, Philosophy, and Religion",116,holy see,,False
Horace,"World Literature, Philosophy, and Religion",116,horace,,False
"Hugo, Victor","World Literature, Philosophy, and Religion",116,hugo victor,victor hugo,False
The Human Comedy,"World Literature, Philosophy, and Religion",116,human comedy,,False
humanist,"World Literature, Philosophy, and Religion",116,humanist,,False
"Hume, David","World Literature, Philosophy, and Religion",116,hume david,david hume,False
The Hunchback of Notre Dame,"World Literature, Philosophy, and Religion",116,hunchback of notre dame,,False
I think; therefore I am,"World Literature, Philosophy, and Religion",116,i think therefore i am,,False
"Ibsen, Henrik","World Literature, Philosophy, and Religion",116,ibsen henrik,henrik ibsen,False
idealism,"World Literature, Philosophy, and Religion",116,idealism,,False
Ignatius of Loyola,"World Literature, Philosophy, and Religion",117,ignatius of loyola,,False
The Iliad,"World Literature, Philosophy, and Religion",117,iliad,,False
Immaculate Conception,"World Literature, Philosophy, and Religion",117,immaculate conception,,False
Incarnation,"World Literature, Philosophy, and Religion",117,incarnation,,False
induction,"World Literature, Philosophy, and Religion",117,induction,,False
"infallibility, papal","World Literature, Philosophy, and Religion",117,infallibility papal,,False
inference,"World Literature, Philosophy, and Religion",117,inference,,False
Jehovah’s Witnesses,"World Literature, Philosophy, and Religion",117,jehovah’s witnesses,,False
Jesuits,"World Literature, Philosophy, and Religion",117,jesuits,,False
jihad,"World Literature, Philosophy, and Religion",117,jihad,,False
Judaism,"World Literature, Philosophy, and Religion",117,judaism,,False
Juggernaut,"World Literature, Philosophy, and Religion",118,juggernaut,,False
"justication by grace, through faith","World Literature, Philosophy, and Religion",118,justication by grace through faith,,False
Kama Sutra,"World Literature, Philosophy, and Religion",118,kama sutra,,False
"Kant, Immanuel","World Literature, Philosophy, and Religion",118,kant immanuel,immanuel kant,False
Koran,"World Literature, Philosophy, and Religion",119,koran,,False
kosher,"World Literature, Philosophy, and Religion",119,kosher,,False
Kwanzaa or Kwanza,"World Literature, Philosophy, and Religion",119,kwanzaa or kwanza,,False
"La Fontaine, Jean de","World Literature, Philosophy, and Religion",119,la fontaine jean de,jean de la fontaine,False
lama,"World Literature, Philosophy, and Religion",119,lama,,False
Latter-Day Saints,"World Literature, Philosophy, and Religion",119,latter-day saints,,False
Lent,"World Literature, Philosophy, and Religion",119,lent,,False
liberal arts,"World Literature, Philosophy, and Religion",119,liberal arts,,False
“On Liberty”,"World Literature, Philosophy, and Religion",119,“on liberty”,,False
limbo,"World Literature, Philosophy, and Religion",119,limbo,,False
litany,"World Literature, Philosophy, and Religion",119,litany,,False
"Locke, John","World Literature, Philosophy, and Religion",119,locke john,john locke,False
logic,"World Literature, Philosophy, and Religion",119,logic,,False
Lucifer,"World Literature, Philosophy, and Religion",120,lucifer,,False
"Luther, Martin","World Literature, Philosophy, and Religion",120,luther martin,martin luther,False
Lutheran Church,"World Literature, Philosophy, and Religion",120,lutheran church,,False
Lysistrata,"World Literature, Philosophy, and Religion",120,lysistrata,,False
"Machiavelli, Niccolò","World Literature, Philosophy, and Religion",120,machiavelli niccolo,niccolo machiavelli,False
macrocosm,"World Literature, Philosophy, and Religion",120,macrocosm,,False
Madame Bovary,"World Literature, Philosophy, and Religion",120,madame bovary,,False
Man is the measure of all things,"World Literature, Philosophy, and Religion",120,man is the measure of all things,,False
Marcus Aurelius,"World Literature, Philosophy, and Religion",120,marcus aurelius,,False
Mardi Gras,"World Literature, Philosophy, and Religion",120,mardi gras,,False
Mass,"World Literature, Philosophy, and Religion",121,mass,,False
materialism,"World Literature, Philosophy, and Religion",121,materialism,,False
matzo,"World Literature, Philosophy, and Religion",121,matzo,,False
Mecca,"World Literature, Philosophy, and Religion",121,mecca,,False
Mennonites,"World Literature, Philosophy, and Religion",121,mennonites,,False
menorah,"World Literature, Philosophy, and Religion",121,menorah,,False
Mephistopheles,"World Literature, Philosophy, and Religion",121,mephistopheles,,False
Messiah,"World Literature, Philosophy, and Religion",121,messiah,,False
Metamorphoses,"World Literature, Philosophy, and Religion",121,metamorphoses,,False
“The Metamorphosis”,"World Literature, Philosophy, and Religion",121,“the metamorphosis”,,False
metaphysics,"World Literature, Philosophy, and Religion",121,metaphysics,,False
Methodists,"World Literature, Philosophy, and Religion",122,methodists,,False
microcosm,"World Literature, Philosophy, and Religion",122,microcosm,,False
"Mill, John Stuart","World Literature, Philosophy, and Religion",122,mill john stuart,john stuart mill,False
minister,"World Literature, Philosophy, and Religion",122,minister,,False
Mohammed,"World Literature, Philosophy, and Religion",122,mohammed,,False
Molière,"World Literature, Philosophy, and Religion",122,moliere,,False
monism,"World Literature, Philosophy, and Religion",122,monism,,False
monks,"World Literature, Philosophy, and Religion",122,monks,,False
monotheism,"World Literature, Philosophy, and Religion",122,monotheism,,False
"Montaigne, Michel de","World Literature, Philosophy, and Religion",122,montaigne michel de,michel de montaigne,False
"Montesquieu, Charles, Baron de","World Literature, Philosophy, and Religion",122,montesquieu charles baron de,charles baron de montesquieu,False
Mormons,"World Literature, Philosophy, and Religion",122,mormons,,False
mortal sin/venial sin,"World Literature, Philosophy, and Religion",122,mortal sin/venial sin,,False
Moslem,"World Literature, Philosophy, and Religion",122,moslem,,False
mosque,"World Literature, Philosophy, and Religion",122,mosque,,False
Muhammad (Mohammed),"World Literature, Philosophy, and Religion",122,muhammad mohammed,,False
"Muslims, Shi’ite and Sunni","World Literature, Philosophy, and Religion",122,muslims shi’ite and sunni,shi’ite and sunni muslims,False
mysticism,"World Literature, Philosophy, and Religion",123,mysticism,,False
natural law,"World Literature, Philosophy, and Religion",123,natural law,,False
naturalism,"World Literature, Philosophy, and Religion",123,naturalism,,False
"Neruda, Pablo","World Literature, Philosophy, and Religion",123,neruda pablo,pablo neruda,False
New Age,"World Literature, Philosophy, and Religion",123,new age,,False
"Nicholas, Saint","World Literature, Philosophy, and Religion",123,nicholas saint,saint nicholas,False
nihilism,"World Literature, Philosophy, and Religion",123,nihilism,,False
noble savage,"World Literature, Philosophy, and Religion",123,noble savage,,False
Nonconformists,"World Literature, Philosophy, and Religion",123,nonconformists,,False
"Ockham, William of","World Literature, Philosophy, and Religion",124,ockham william of,william of ockham,False
Oedipus Rex,"World Literature, Philosophy, and Religion",124,oedipus rex,,False
Omar Khayyam,"World Literature, Philosophy, and Religion",124,omar khayyam,,False
original sin,"World Literature, Philosophy, and Religion",124,original sin,,False
Orthodox Christianity,"World Literature, Philosophy, and Religion",124,orthodox christianity,,False
Orthodox Judaism,"World Literature, Philosophy, and Religion",124,orthodox judaism,,False
Ovid,"World Literature, Philosophy, and Religion",124,ovid,,False
Palm Sunday,"World Literature, Philosophy, and Religion",124,palm sunday,,False
pantheism,"World Literature, Philosophy, and Religion",124,pantheism,,False
papacy,"World Literature, Philosophy, and Religion",124,papacy,,False
paradise,"World Literature, Philosophy, and Religion",124,paradise,,False
Paradiso,"World Literature, Philosophy, and Religion",124,paradiso,,False
"Pascal, Blaise","World Literature, Philosophy, and Religion",124,pascal blaise,blaise pascal,False
Passover,"World Literature, Philosophy, and Religion",124,passover,,False
pastor,"World Literature, Philosophy, and Religion",125,pastor,,False
"Patrick, Saint","World Literature, Philosophy, and Religion",125,patrick saint,saint patrick,False
patron saint,"World Literature, Philosophy, and Religion",125,patron saint,,False
penance,"World Literature, Philosophy, and Religion",125,penance,,False
Pensées,"World Literature, Philosophy, and Religion",125,pensees,,False
perfectibility of man,"World Literature, Philosophy, and Religion",125,perfectibility of man,,False
philosopher,"World Literature, Philosophy, and Religion",125,philosopher,,False
philosopher-king,"World Literature, Philosophy, and Religion",125,philosopher-king,,False
philosopher’s stone,"World Literature, Philosophy, and Religion",125,philosopher’s stone,,False
philosophes,"World Literature, Philosophy, and Religion",125,philosophes,,False
"Pinocchio, The Adventures of","World Literature, Philosophy, and Religion",125,pinocchio the adventures of,adventures of pinocchio,False
Plato,"World Literature, Philosophy, and Religion",125,plato,,False
Platonic or platonic,"World Literature, Philosophy, and Religion",125,platonic or platonic,,False
Platonism,"World Literature, Philosophy, and Religion",126,platonism,,False
pluralism,"World Literature, Philosophy, and Religion",126,pluralism,,False
Plutarch,"World Literature, Philosophy, and Religion",126,plutarch,,False
polytheism,"World Literature, Philosophy, and Religion",126,polytheism,,False
ponti,"World Literature, Philosophy, and Religion",126,ponti,,False
pope,"World Literature, Philosophy, and Religion",126,pope,,False
positivism,"World Literature, Philosophy, and Religion",126,positivism,,False
postulate,"World Literature, Philosophy, and Religion",126,postulate,,False
pragmatism,"World Literature, Philosophy, and Religion",126,pragmatism,,False
"Praise God, from whom all blessings ow","World Literature, Philosophy, and Religion",126,praise god from whom all blessings ow,,False
prayer rug,"World Literature, Philosophy, and Religion",126,prayer rug,,False
prayer wheel,"World Literature, Philosophy, and Religion",126,prayer wheel,,False
predestination,"World Literature, Philosophy, and Religion",126,predestination,,False
Presbyterian Church,"World Literature, Philosophy, and Religion",127,presbyterian church,,False
priest,"World Literature, Philosophy, and Religion",127,priest,,False
The Prince,"World Literature, Philosophy, and Religion",127,prince,,False
Protestant Episcopal Church in the Uni,"World Literature, Philosophy, and Religion",127,protestant episcopal church in the uni,,False
Protestant work ethic,"World Literature, Philosophy, and Religion",127,protestant work ethic,,False
"Providence, Divine","World Literature, Philosophy, and Religion",127,providence divine,divine providence,False
purgatory,"World Literature, Philosophy, and Religion",127,purgatory,,False
Purim,"World Literature, Philosophy, and Religion",127,purim,,False
Quaker,"World Literature, Philosophy, and Religion",127,quaker,,False
rabbi,"World Literature, Philosophy, and Religion",127,rabbi,,False
ted States,"World Literature, Philosophy, and Religion",127,ted states,,False
"Rabelais, François","World Literature, Philosophy, and Religion",127,rabelais francois,francois rabelais,False
Ramadan,"World Literature, Philosophy, and Religion",128,ramadan,,False
realism,"World Literature, Philosophy, and Religion",128,realism,,False
Reform Judaism,"World Literature, Philosophy, and Religion",128,reform judaism,,False
relativism,"World Literature, Philosophy, and Religion",128,relativism,,False
religious order,"World Literature, Philosophy, and Religion",128,religious order,,False
The Republic,"World Literature, Philosophy, and Religion",128,republic,,False
revival,"World Literature, Philosophy, and Religion",128,revival,,False
Roman Catholic Church,"World Literature, Philosophy, and Religion",128,roman catholic church,,False
romanticism,"World Literature, Philosophy, and Religion",128,romanticism,,False
rosary,"World Literature, Philosophy, and Religion",128,rosary,,False
Rosh Hashanah,"World Literature, Philosophy, and Religion",128,rosh hashanah,,False
“The Rubáiyát”,"World Literature, Philosophy, and Religion",128,“the rubaiyat”,,False
sacrament,"World Literature, Philosophy, and Religion",129,sacrament,,False
"Sade, Marquis de","World Literature, Philosophy, and Religion",129,sade marquis de,marquis de sade,False
saint,"World Literature, Philosophy, and Religion",129,saint,,False
"Saint-Exupéry, Antoine de","World Literature, Philosophy, and Religion",129,saint-exupery antoine de,antoine de saint-exupery,False
salon,"World Literature, Philosophy, and Religion",129,salon,,False
salvation,"World Literature, Philosophy, and Religion",129,salvation,,False
the Salvation Army,"World Literature, Philosophy, and Religion",129,salvation army,,False
Sancho Panza,"World Literature, Philosophy, and Religion",129,sancho panza,,False
"Sand, George","World Literature, Philosophy, and Religion",129,sand george,george sand,False
Sappho,"World Literature, Philosophy, and Religion",129,sappho,,False
Scheherazade,"World Literature, Philosophy, and Religion",130,scheherazade,,False
"Schiller, Friedrich von","World Literature, Philosophy, and Religion",130,schiller friedrich von,friedrich von schiller,False
schism,"World Literature, Philosophy, and Religion",130,schism,,False
scholasticism,"World Literature, Philosophy, and Religion",130,scholasticism,,False
sect,"World Literature, Philosophy, and Religion",130,sect,,False
secular,"World Literature, Philosophy, and Religion",130,secular,,False
semantics,"World Literature, Philosophy, and Religion",130,semantics,,False
seven deadly sins,"World Literature, Philosophy, and Religion",130,seven deadly sins,,False
Seventh-Day Adventists,"World Literature, Philosophy, and Religion",130,seventh-day adventists,,False
sign of the cross,"World Literature, Philosophy, and Religion",130,sign of the cross,,False
skepticism,"World Literature, Philosophy, and Religion",130,skepticism,,False
"Smith, Joseph","World Literature, Philosophy, and Religion",130,smith joseph,joseph smith,False
The Social Contract,"World Literature, Philosophy, and Religion",130,social contract,,False
Socrates,"World Literature, Philosophy, and Religion",130,socrates,,False
solipsism,"World Literature, Philosophy, and Religion",131,solipsism,,False
sophists,"World Literature, Philosophy, and Religion",131,sophists,,False
Sophocles,"World Literature, Philosophy, and Religion",131,sophocles,,False
"Spinoza, Benedict","World Literature, Philosophy, and Religion",131,spinoza benedict,benedict spinoza,False
spirituals,"World Literature, Philosophy, and Religion",131,spirituals,,False
Stendhal,"World Literature, Philosophy, and Religion",131,stendhal,,False
Stoicism,"World Literature, Philosophy, and Religion",131,stoicism,,False
Summa Theologica,"World Literature, Philosophy, and Religion",131,summa theologica,,False
The Swiss Family Robinson,"World Literature, Philosophy, and Religion",131,swiss family robinson,,False
The Symposium,"World Literature, Philosophy, and Religion",131,symposium,,False
synagogue,"World Literature, Philosophy, and Religion",131,synagogue,,False
tabula rasa,"World Literature, Philosophy, and Religion",131,tabula rasa,,False
Talmud,"World Literature, Philosophy, and Religion",131,talmud,,False
Taoism,"World Literature, Philosophy, and Religion",132,taoism,,False
Te Deum,"World Literature, Philosophy, and Religion",132,te deum,,False
Thales,"World Literature, Philosophy, and Religion",132,thales,,False
theologian,"World Literature, Philosophy, and Religion",132,theologian,,False
theology,"World Literature, Philosophy, and Religion",132,theology,,False
thing-in-itself,"World Literature, Philosophy, and Religion",132,thing-in-itself,,False
Thirty-nine Articles,"World Literature, Philosophy, and Religion",132,thirty-nine articles,,False
Thomism,"World Literature, Philosophy, and Religion",132,thomism,,False
The Three Musketeers,"World Literature, Philosophy, and Religion",132,three musketeers,,False
Thus Spake Zarathustra,"World Literature, Philosophy, and Religion",132,thus spake zarathustra,,False
"Tolstoy, Leo","World Literature, Philosophy, and Religion",132,tolstoy leo,leo tolstoy,False
Torah,"World Literature, Philosophy, and Religion",132,torah,,False
"Torquemada, Tomás de","World Literature, Philosophy, and Religion",132,torquemada tomas de,tomas de torquemada,False
totem,"World Literature, Philosophy, and Religion",132,totem,,False
totem pole,"World Literature, Philosophy, and Religion",133,totem pole,,False
transubstantiation,"World Literature, Philosophy, and Religion",133,transubstantiation,,False
Trappists,"World Literature, Philosophy, and Religion",133,trappists,,False
Trinity,"World Literature, Philosophy, and Religion",133,trinity,,False
troubadours,"World Literature, Philosophy, and Religion",133,troubadours,,False
Unitarian Universalist Association,"World Literature, Philosophy, and Religion",133,unitarian universalist association,,False
Upanishads,"World Literature, Philosophy, and Religion",133,upanishads,,False
utilitarianism,"World Literature, Philosophy, and Religion",133,utilitarianism,,False
Utopia,"World Literature, Philosophy, and Religion",133,utopia,,False
"Villon, François","World Literature, Philosophy, and Religion",134,villon francois,francois villon,False
Virgil,"World Literature, Philosophy, and Religion",134,virgil,,False
Vishnu,"World Literature, Philosophy, and Religion",134,vishnu,,False
Voltaire,"World Literature, Philosophy, and Religion",134,voltaire,,False
wake,"World Literature, Philosophy, and Religion",134,wake,,False
War and Peace,"World Literature, Philosophy, and Religion",134,war and peace,,False
"Wesley, John","World Literature, Philosophy, and Religion",134,wesley john,john wesley,False
yarmulke,"World Literature, Philosophy, and Religion",134,yarmulke,,False
yin and yang,"World Literature, Philosophy, and Religion",134,yin and yang,,False
yoga,"World Literature, Philosophy, and Religion",134,yoga,,False
Yom Kippur,"World Literature, Philosophy, and Religion",134,yom kippur,,False
"Young, Brigham","World Literature, Philosophy, and Religion",134,young brigham,brigham young,False
Zeitgeist,"World Literature, Philosophy, and Religion",134,zeitgeist,,False
Zen,"World Literature, Philosophy, and Religion",135,zen,,False
Zeno’s paradox,"World Literature, Philosophy, and Religion",135,zeno’s paradox,,False
"Age cannot wither her, nor custom sta","World Literature, Philosophy, and Religion",137,age cannot wither her nor custom sta,,False
nite variety,"World Literature, Philosophy, and Religion",137,nite variety,,False
"Ahab, Captain","World Literature, Philosophy, and Religion",137,ahab captain,captain ahab,False
"Alas, poor Yorick!","World Literature, Philosophy, and Religion",137,alas poor yorick,,False
"Alcott, Louisa May","World Literature, Philosophy, and Religion",137,alcott louisa may,louisa may alcott,False
"Alger, Horatio, Jr.","World Literature, Philosophy, and Religion",137,alger horatio jr.,horatio jr. alger,False
Alice’s Adventures in Wonderland,"World Literature, Philosophy, and Religion",137,alice’s adventures in wonderland,,False
le / Her in-,"World Literature, Philosophy, and Religion",137,le / her in-,,False
"All animals are equal, but some animals are more","World Literature, Philosophy, and Religion",137,all animals are equal but some animals are more,,False
equal than others,"World Literature, Philosophy, and Religion",137,equal than others,,False
All the world’s a stage,"World Literature, Philosophy, and Religion",137,all the world’s a stage,,False
"Angelou, Maya","World Literature, Philosophy, and Religion",137,angelou maya,maya angelou,False
Antony and Cleopatra,"World Literature, Philosophy, and Religion",137,antony and cleopatra,,False
"Antony, Mark","World Literature, Philosophy, and Religion",138,antony mark,mark antony,False
"Arthur, King","World Literature, Philosophy, and Religion",138,arthur king,king arthur,False
As You Like It,"World Literature, Philosophy, and Religion",138,as you like it,,False
"Auden, W. H.","World Literature, Philosophy, and Religion",138,auden w. h.,w. h. auden,False
"Baa, baa, black sheep","World Literature, Philosophy, and Religion",138,baa baa black sheep,,False
"Bacon, Francis","World Literature, Philosophy, and Religion",138,bacon francis,francis bacon,False
Bard of Avon,"World Literature, Philosophy, and Religion",138,bard of avon,,False
Bartlett’s Familiar Quotations,"World Literature, Philosophy, and Religion",139,bartlett’s familiar quotations,,False
Big Bad Wolf,"World Literature, Philosophy, and Religion",139,big bad wolf,,False
Big Brother is watching you,"World Literature, Philosophy, and Religion",139,big brother is watching you,,False
Black Arts Movement (BAM),"World Literature, Philosophy, and Religion",139,black arts movement bam,,False
Black Boy,"World Literature, Philosophy, and Religion",139,black boy,,False
"Blake, William","World Literature, Philosophy, and Religion",139,blake william,william blake,False
Book of Common Prayer,"World Literature, Philosophy, and Religion",139,book of common prayer,,False
"Boswell, James","World Literature, Philosophy, and Religion",139,boswell james,james boswell,False
"Brontë, Charlotte and Emily","World Literature, Philosophy, and Religion",139,bronte charlotte and emily,charlotte and emily bronte,False
"Browning, Elizabeth Barrett","World Literature, Philosophy, and Religion",139,browning elizabeth barrett,elizabeth barrett browning,False
"Browning, Robert","World Literature, Philosophy, and Religion",139,browning robert,robert browning,False
Brutus,"World Literature, Philosophy, and Religion",139,brutus,,False
Brutus is an honorable man,"World Literature, Philosophy, and Religion",139,brutus is an honorable man,,False
"Bumppo, Natty","World Literature, Philosophy, and Religion",140,bumppo natty,natty bumppo,False
"Byron, George Gordon, Lord","World Literature, Philosophy, and Religion",140,byron george gordon lord,george gordon lord byron,False
Byronic hero,"World Literature, Philosophy, and Religion",140,byronic hero,,False
The Canterbury Tales,"World Literature, Philosophy, and Religion",140,canterbury tales,,False
"Carroll, Lewis","World Literature, Philosophy, and Religion",140,carroll lewis,lewis carroll,False
“Casey at the Bat”,"World Literature, Philosophy, and Religion",140,“casey at the bat”,,False
The Catcher in the Rye,"World Literature, Philosophy, and Religion",140,catcher in the rye,,False
“The Charge of the Light Brigade”,"World Literature, Philosophy, and Religion",140,“the charge of the light brigade”,,False
"Chaucer, Georey","World Literature, Philosophy, and Religion",140,chaucer georey,georey chaucer,False
Cheshire cat,"World Literature, Philosophy, and Religion",140,cheshire cat,,False
A Christmas Carol,"World Literature, Philosophy, and Religion",141,christmas carol,,False
“Civil Disobedience”,"World Literature, Philosophy, and Religion",141,“civil disobedience”,,False
"Clemens, Samuel L.","World Literature, Philosophy, and Religion",141,clemens samuel l.,samuel l. clemens,False
"Coleridge, Samuel Taylor","World Literature, Philosophy, and Religion",141,coleridge samuel taylor,samuel taylor coleridge,False
Come live with me and be my love,"World Literature, Philosophy, and Religion",141,come live with me and be my love,,False
Cordelia,"World Literature, Philosophy, and Religion",141,cordelia,,False
"cummings, e. e.","World Literature, Philosophy, and Religion",141,cummings e. e.,,False
David Copperfield,"World Literature, Philosophy, and Religion",141,david copperfield,,False
"Death, be not proud","World Literature, Philosophy, and Religion",141,death be not proud,,False
Death of a Salesman,"World Literature, Philosophy, and Religion",142,death of a salesman,,False
"Dickinson, Emily","World Literature, Philosophy, and Religion",142,dickinson emily,emily dickinson,False
Do not go gentle into that good night . . .,"World Literature, Philosophy, and Religion",142,do not go gentle into that good night . . .,,False
against the dying of the light,"World Literature, Philosophy, and Religion",142,against the dying of the light,,False
"Dr. Jekyll and Mr. Hyde, The Strange Cas","World Literature, Philosophy, and Religion",142,dr. jekyll and mr. hyde the strange cas,strange cas dr. jekyll and mr. hyde,False
"Donne, John","World Literature, Philosophy, and Religion",142,donne john,john donne,False
"Rage, rage","World Literature, Philosophy, and Religion",142,rage rage,,False
"Double, double toil and trouble; / Fire burn, and","World Literature, Philosophy, and Religion",142,double double toil and trouble / fire burn and,,False
cauldron bubble,"World Literature, Philosophy, and Religion",142,cauldron bubble,,False
e of,"World Literature, Philosophy, and Religion",142,e of,,False
"Doyle, Sir Arthur Conan","World Literature, Philosophy, and Religion",142,doyle sir arthur conan,sir arthur conan doyle,False
"Dracula, Count","World Literature, Philosophy, and Religion",143,dracula count,count dracula,False
Drink to me only with thine eyes,"World Literature, Philosophy, and Religion",143,drink to me only with thine eyes,,False
"Dunbar, Paul Laurence","World Literature, Philosophy, and Religion",143,dunbar paul laurence,paul laurence dunbar,False
"East is East, and West is West, and neve","World Literature, Philosophy, and Religion",143,east is east and west is west and neve,,False
shall meet,"World Literature, Philosophy, and Religion",143,shall meet,,False
The Education of Henry Adams,"World Literature, Philosophy, and Religion",143,education of henry adams,,False
“Elegy Written in a Country Churchyar,"World Literature, Philosophy, and Religion",143,“elegy written in a country churchyar,,False
"Elementary, my dear Watson","World Literature, Philosophy, and Religion",143,elementary my dear watson,,False
"Eliot, George","World Literature, Philosophy, and Religion",143,eliot george,george eliot,False
r the twain,"World Literature, Philosophy, and Religion",143,r the twain,,False
"Eliot, T. S.","World Literature, Philosophy, and Religion",143,eliot t. s.,t. s. eliot,False
"Emerson, Ralph Waldo","World Literature, Philosophy, and Religion",144,emerson ralph waldo,ralph waldo emerson,False
"Et tu, Brute?","World Literature, Philosophy, and Religion",144,et tu brute,brute et tu,False
"face that launched a thousand ships, W","World Literature, Philosophy, and Religion",144,face that launched a thousand ships w,w face that launched a thousand ships,False
Fagin,"World Literature, Philosophy, and Religion",144,fagin,,False
“The Fall of the House of Usher”,"World Literature, Philosophy, and Religion",144,“the fall of the house of usher”,,False
Falsta,"World Literature, Philosophy, and Religion",144,falsta,,False
far from the madding crowd,"World Literature, Philosophy, and Religion",144,far from the madding crowd,,False
The female of the species is more deadly than the,"World Literature, Philosophy, and Religion",144,female of the species is more deadly than the,,False
male,"World Literature, Philosophy, and Religion",144,male,,False
as this the,"World Literature, Philosophy, and Religion",144,as this the,,False
"Fielding, Henry","World Literature, Philosophy, and Religion",144,fielding henry,henry fielding,False
Fifteen men on the Dead Man’s Chest — / Yo-ho-,"World Literature, Philosophy, and Religion",144,fifteen men on the dead man’s chest — / yo-ho-,,False
"ho, and a bottle of rum!","World Literature, Philosophy, and Religion",144,ho and a bottle of rum,,False
for whom the bell tolls,"World Literature, Philosophy, and Religion",144,for whom the bell tolls,,False
"Franklin, The Autobiography of Benjamin","World Literature, Philosophy, and Religion",145,franklin the autobiography of benjamin,autobiography of benjamin franklin,False
Friday,"World Literature, Philosophy, and Religion",145,friday,,False
"Friends, Romans, countrymen, lend me","World Literature, Philosophy, and Religion",145,friends romans countrymen lend me,romans countrymen lend me friends,False
"Frost, Robert","World Literature, Philosophy, and Religion",145,frost robert,robert frost,False
Gather ye rosebuds while ye may,"World Literature, Philosophy, and Religion",145,gather ye rosebuds while ye may,,False
Get thee to a nunnery,"World Literature, Philosophy, and Religion",145,get thee to a nunnery,,False
"Gibbon, Edward","World Literature, Philosophy, and Religion",145,gibbon edward,edward gibbon,False
“The Gift of the Magi”,"World Literature, Philosophy, and Religion",145,“the gift of the magi”,,False
your ears,"World Literature, Philosophy, and Religion",145,your ears,,False
"Give me your tired, your poor","World Literature, Philosophy, and Religion",145,give me your tired your poor,,False
Globe Theater,"World Literature, Philosophy, and Religion",146,globe theater,,False
God’s in his heaven — All’s right with the,"World Literature, Philosophy, and Religion",146,god’s in his heaven — all’s right with the,,False
“Goldilocks and the Three Bears”,"World Literature, Philosophy, and Religion",146,“goldilocks and the three bears”,,False
Great Expectations,"World Literature, Philosophy, and Religion",146,great expectations,,False
"Grinch Stole Christmas, How the","World Literature, Philosophy, and Religion",146,grinch stole christmas how the,how the grinch stole christmas,False
Gulliver’s Travels,"World Literature, Philosophy, and Religion",146,gulliver’s travels,,False
“Gunga Din”,"World Literature, Philosophy, and Religion",146,“gunga din”,,False
"Had we but world enough, and time, / This coy-","World Literature, Philosophy, and Religion",146,had we but world enough and time / this coy-,,False
"ness, Lady, were no crime","World Literature, Philosophy, and Religion",146,ness lady were no crime,lady were no crime ness,False
"Hawthorne, Nathaniel","World Literature, Philosophy, and Religion",147,hawthorne nathaniel,nathaniel hawthorne,False
"Hellmann, Lillian","World Literature, Philosophy, and Religion",147,hellmann lillian,lillian hellmann,False
"Henry, O.","World Literature, Philosophy, and Religion",147,henry o.,o. henry,False
“Hey Diddle Diddle”,"World Literature, Philosophy, and Religion",147,“hey diddle diddle”,,False
"Hiawatha, The Song of","World Literature, Philosophy, and Religion",147,hiawatha the song of,song of hiawatha,False
"“Hickory, Dickory, Dock”","World Literature, Philosophy, and Religion",148,“hickory dickory dock”,dickory dock” “hickory,False
"Holmes, Sherlock","World Literature, Philosophy, and Religion",148,holmes sherlock,sherlock holmes,False
"Hook, Captain","World Literature, Philosophy, and Religion",148,hook captain,captain hook,False
The horror! The horror!,"World Literature, Philosophy, and Religion",148,horror the horror,,False
"Hughes, Langston","World Literature, Philosophy, and Religion",148,hughes langston,langston hughes,False
“Humpty Dumpty”,"World Literature, Philosophy, and Religion",148,“humpty dumpty”,,False
"Hyde, Mr.","World Literature, Philosophy, and Religion",149,hyde mr.,mr. hyde,False
I wandered lonely as a cloud,"World Literature, Philosophy, and Religion",149,i wandered lonely as a cloud,,False
Iago,"World Literature, Philosophy, and Religion",149,iago,,False
"ides of March, Beware the","World Literature, Philosophy, and Religion",149,ides of march beware the,beware the ides of march,False
"If music be the food of love, play on","World Literature, Philosophy, and Religion",149,if music be the food of love play on,,False
“In Flanders Fields”,"World Literature, Philosophy, and Religion",149,“in flanders fields”,,False
“Invictus”,"World Literature, Philosophy, and Religion",149,“invictus”,,False
Invisible Man,"World Literature, Philosophy, and Religion",149,invisible man,,False
"Irving, Washington","World Literature, Philosophy, and Religion",149,irving washington,washington irving,False
"It is a far, far better thing that I do, than I have ever","World Literature, Philosophy, and Religion",149,it is a far far better thing that i do than i have ever,,False
done,"World Literature, Philosophy, and Religion",149,done,,False
"It was the best of times, it was the worst of times","World Literature, Philosophy, and Religion",149,it was the best of times it was the worst of times,,False
“Jack and the Beanstalk”,"World Literature, Philosophy, and Religion",149,“jack and the beanstalk”,,False
“Jack and Jill”,"World Literature, Philosophy, and Religion",149,“jack and jill”,,False
"“Jack, Be Nimble”","World Literature, Philosophy, and Religion",149,“jack be nimble”,be nimble” “jack,False
“Jack Sprat”,"World Literature, Philosophy, and Religion",149,“jack sprat”,,False
Jeeves,"World Literature, Philosophy, and Religion",150,jeeves,,False
"Jekyll, Dr.","World Literature, Philosophy, and Religion",150,jekyll dr.,dr. jekyll,False
"Johnson, James Weldon","World Literature, Philosophy, and Religion",150,johnson james weldon,james weldon johnson,False
"Johnson, Samuel","World Literature, Philosophy, and Religion",150,johnson samuel,samuel johnson,False
"justify the ways of God to men, to","World Literature, Philosophy, and Religion",150,justify the ways of god to men to,,False
King James Bible,"World Literature, Philosophy, and Religion",150,king james bible,,False
"kingdom for a horse!, My","World Literature, Philosophy, and Religion",150,kingdom for a horse my,my kingdom for a horse,False
“Kubla Khan”,"World Literature, Philosophy, and Religion",150,“kubla khan”,,False
The lady doth protest too much,"World Literature, Philosophy, and Religion",151,lady doth protest too much,,False
The land was ours before we were the land,"World Literature, Philosophy, and Religion",151,land was ours before we were the land,,False
The Last of the Mohicans,"World Literature, Philosophy, and Religion",151,last of the mohicans,,False
"Lay on, Macdu","World Literature, Philosophy, and Religion",151,lay on macdu,macdu lay on,False
lean and hungry look,"World Literature, Philosophy, and Religion",151,lean and hungry look,,False
Leaves of Grass,"World Literature, Philosophy, and Religion",151,leaves of grass,,False
“The Legend of Sleepy Hollow”,"World Literature, Philosophy, and Religion",151,“the legend of sleepy hollow”,,False
"Legree, Simon","World Literature, Philosophy, and Religion",151,legree simon,simon legree,False
’s,"World Literature, Philosophy, and Religion",151,’s,,False
Let me not to the marriage of true minds / Admit,"World Literature, Philosophy, and Religion",151,let me not to the marriage of true minds / admit,,False
impediments,"World Literature, Philosophy, and Religion",151,impediments,,False
“Lift Ev’ry Voice and Sing”,"World Literature, Philosophy, and Religion",151,“lift ev’ry voice and sing”,,False
Lilliput,"World Literature, Philosophy, and Religion",152,lilliput,,False
“Little Bo-Peep”,"World Literature, Philosophy, and Religion",152,“little bo-peep”,,False
“Little Boy Blue”,"World Literature, Philosophy, and Religion",152,“little boy blue”,,False
“Little Jack Horner”,"World Literature, Philosophy, and Religion",152,“little jack horner”,,False
“Little Miss Muet”,"World Literature, Philosophy, and Religion",152,“little miss muet”,,False
Little Women,"World Literature, Philosophy, and Religion",152,little women,,False
“London Bridge Is Falling Down”,"World Literature, Philosophy, and Religion",152,“london bridge is falling down”,,False
"Longellow, Henry Wadsworth","World Literature, Philosophy, and Religion",152,longellow henry wadsworth,henry wadsworth longellow,False
Lord of the Flies,"World Literature, Philosophy, and Religion",152,lord of the flies,,False
"Lord, what fools these mortals be!","World Literature, Philosophy, and Religion",152,lord what fools these mortals be,,False
"McCarthy, Mary","World Literature, Philosophy, and Religion",152,mccarthy mary,mary mccarthy,False
"Malaprop, Mrs.","World Literature, Philosophy, and Religion",153,malaprop mrs.,mrs. malaprop,False
a man’s reach should exceed his grasp,"World Literature, Philosophy, and Religion",153,man’s reach should exceed his grasp,,False
Mary had a little lamb,"World Literature, Philosophy, and Religion",153,mary had a little lamb,,False
"“Mary, Mary, Quite Contrary”","World Literature, Philosophy, and Religion",153,“mary mary quite contrary”,mary quite contrary” “mary,False
The mass of men lead lives of quiet desperation,"World Literature, Philosophy, and Religion",153,mass of men lead lives of quiet desperation,,False
"Melville, Herman","World Literature, Philosophy, and Religion",153,melville herman,herman melville,False
The Merchant of Venice,"World Literature, Philosophy, and Religion",153,merchant of venice,,False
Middle English,"World Literature, Philosophy, and Religion",153,middle english,,False
A Midsummer Night’s Dream,"World Literature, Philosophy, and Religion",153,midsummer night’s dream,,False
miles to go before I sleep,"World Literature, Philosophy, and Religion",154,miles to go before i sleep,,False
"Milne, A. A.","World Literature, Philosophy, and Religion",154,milne a. a.,a. a. milne,False
"Milton, John","World Literature, Philosophy, and Religion",154,milton john,john milton,False
Moby Dick,"World Literature, Philosophy, and Religion",154,moby dick,,False
“A Modest Proposal”,"World Literature, Philosophy, and Religion",154,“a modest proposal”,,False
"more things in heaven and Earth, Horatio","World Literature, Philosophy, and Religion",154,more things in heaven and earth horatio,horatio more things in heaven and earth,False
Mother Goose rhymes,"World Literature, Philosophy, and Religion",154,mother goose rhymes,,False
Narrative of the Life of Frederick Douglass,"World Literature, Philosophy, and Religion",154,narrative of the life of frederick douglass,,False
"Nash, Ogden","World Literature, Philosophy, and Religion",154,nash ogden,ogden nash,False
Native Son,"World Literature, Philosophy, and Religion",155,native son,,False
Neither a borrower nor a lender be,"World Literature, Philosophy, and Religion",155,neither a borrower nor a lender be,,False
Never-Never Land,"World Literature, Philosophy, and Religion",155,never-never land,,False
“The Night Before Christmas”,"World Literature, Philosophy, and Religion",155,“the night before christmas”,,False
"“O Captain, My Captain”","World Literature, Philosophy, and Religion",155,“o captain my captain”,my captain” “o captain,False
“Ode on a Grecian Urn”,"World Literature, Philosophy, and Religion",155,“ode on a grecian urn”,,False
O with her head! O with his head!,"World Literature, Philosophy, and Religion",155,o with her head o with his head,,False
"O’Hara, Scarlett","World Literature, Philosophy, and Religion",155,o’hara scarlett,scarlett o’hara,False
Old English,"World Literature, Philosophy, and Religion",155,old english,,False
“Old King Cole”,"World Literature, Philosophy, and Religion",155,“old king cole”,,False
“Old Mother Hubbard”,"World Literature, Philosophy, and Religion",155,“old mother hubbard”,,False
"Once more unto the breach, dear friend","World Literature, Philosophy, and Religion",156,once more unto the breach dear friend,,False
one that loved not wisely but too well,"World Literature, Philosophy, and Religion",156,one that loved not wisely but too well,,False
"O’Neill, Eugene","World Literature, Philosophy, and Religion",156,o’neill eugene,eugene o’neill,False
Othello,"World Literature, Philosophy, and Religion",156,othello,,False
Our Town,"World Literature, Philosophy, and Religion",156,our town,,False
"Out, damned spot!","World Literature, Philosophy, and Religion",156,out damned spot,,False
“The Owl and the Pussy-Cat”,"World Literature, Philosophy, and Religion",156,“the owl and the pussy-cat”,,False
Paradise Lost,"World Literature, Philosophy, and Religion",156,paradise lost,,False
"Parker, Dorothy","World Literature, Philosophy, and Religion",156,parker dorothy,dorothy parker,False
Parting is such sweet sorrow,"World Literature, Philosophy, and Religion",156,parting is such sweet sorrow,,False
“Paul Revere’s Ride”,"World Literature, Philosophy, and Religion",156,“paul revere’s ride”,,False
“Peter Piper”,"World Literature, Philosophy, and Religion",156,“peter piper”,,False
"Pickwick, Samuel","World Literature, Philosophy, and Religion",157,pickwick samuel,samuel pickwick,False
“The Pied Piper of Hamelin”,"World Literature, Philosophy, and Religion",157,“the pied piper of hamelin”,,False
The Pilgrim’s Progress,"World Literature, Philosophy, and Religion",157,pilgrim’s progress,,False
"Poe, Edgar Allan","World Literature, Philosophy, and Religion",157,poe edgar allan,edgar allan poe,False
poet laureate,"World Literature, Philosophy, and Religion",157,poet laureate,,False
Pollyanna,"World Literature, Philosophy, and Religion",157,pollyanna,,False
Poor Richard’s Almanack,"World Literature, Philosophy, and Religion",157,poor richard’s almanack,,False
pound of esh,"World Literature, Philosophy, and Religion",157,pound of esh,,False
Pride and Prejudice,"World Literature, Philosophy, and Religion",158,pride and prejudice,,False
"providence in the fall of a sparrow, The","World Literature, Philosophy, and Religion",158,providence in the fall of a sparrow the,providence in the fall of a sparrow,False
cial,"World Literature, Philosophy, and Religion",158,cial,,False
Pulitzer Prizes,"World Literature, Philosophy, and Religion",158,pulitzer prizes,,False
The quality of mercy is not strained,"World Literature, Philosophy, and Religion",158,quality of mercy is not strained,,False
"Rand, Ayn","World Literature, Philosophy, and Religion",158,rand ayn,ayn rand,False
“The Raven”,"World Literature, Philosophy, and Religion",158,“the raven”,,False
The Red Badge of Courage,"World Literature, Philosophy, and Religion",158,red badge of courage,,False
re’s a spe-,"World Literature, Philosophy, and Religion",158,re’s a spe-,,False
The reports of my death are greatly exaggerated,"World Literature, Philosophy, and Religion",158,reports of my death are greatly exaggerated,,False
“The Rime of the Ancient Mariner”,"World Literature, Philosophy, and Religion",158,“the rime of the ancient mariner”,,False
Ring-a-Ring o’ Roses,"World Literature, Philosophy, and Religion",158,ring-a-ring o’ roses,,False
Rings on her ngers and bells on her toes,"World Literature, Philosophy, and Religion",158,rings on her ngers and bells on her toes,,False
“Rip Van Winkle”,"World Literature, Philosophy, and Religion",158,“rip van winkle”,,False
Robinson Crusoe,"World Literature, Philosophy, and Religion",159,robinson crusoe,,False
"“Rock-a-Bye, Baby”","World Literature, Philosophy, and Religion",159,“rock-a-bye baby”,baby” “rock-a-bye,False
romanticism,"World Literature, Philosophy, and Religion",159,romanticism,,False
"Romeo, Romeo! Wherefore art thou R","World Literature, Philosophy, and Religion",159,romeo romeo wherefore art thou r,romeo wherefore art thou r romeo,False
Roots,"World Literature, Philosophy, and Religion",159,roots,,False
Rose is a rose is a rose is a rose,"World Literature, Philosophy, and Religion",159,rose is a rose is a rose is a rose,,False
"Sandburg, Carl","World Literature, Philosophy, and Religion",159,sandburg carl,carl sandburg,False
The Scarlet Letter,"World Literature, Philosophy, and Religion",159,scarlet letter,,False
omeo?,"World Literature, Philosophy, and Religion",159,omeo,,False
"Scott, Sir Walter","World Literature, Philosophy, and Religion",159,scott sir walter,sir walter scott,False
"Scrooge, Ebenezer","World Literature, Philosophy, and Religion",160,scrooge ebenezer,ebenezer scrooge,False
“The Secret Life of Walter Mitty”,"World Literature, Philosophy, and Religion",160,“the secret life of walter mitty”,,False
“Self-Reliance”,"World Literature, Philosophy, and Religion",160,“self-reliance”,,False
"Seuss, Dr.","World Literature, Philosophy, and Religion",160,seuss dr.,dr. seuss,False
"Shakespeare, William","World Literature, Philosophy, and Religion",160,shakespeare william,william shakespeare,False
Shall I compare thee to a summer’s day?,"World Literature, Philosophy, and Religion",160,shall i compare thee to a summer’s day,,False
Shangri-La,"World Literature, Philosophy, and Religion",160,shangri-la,,False
"Shaw, George Bernard (G. B. S.)","World Literature, Philosophy, and Religion",160,shaw george bernard g. b. s.,george bernard g. b. s. shaw,False
"Shoot, if you must, this old gray head",Literature in English,161,shoot if you must this old gray head,,False
Shylock,Literature in English,161,shylock,,False
“Sing a Song of Sixpence”,Literature in English,161,“sing a song of sixpence”,,False
Something is rotten in the state of Denma,Literature in English,161,something is rotten in the state of denma,,False
star-crossed lovers,Literature in English,161,star-crossed lovers,,False
"Steinem, Gloria",Literature in English,161,steinem gloria,gloria steinem,False
"Stevenson, Robert Louis",Literature in English,161,stevenson robert louis,robert louis stevenson,False
"Stowe, Harriet Beecher",Literature in English,161,stowe harriet beecher,harriet beecher stowe,False
A Streetcar Named Desire,Literature in English,161,streetcar named desire,,False
sweetness and light,Literature in English,161,sweetness and light,,False
The Taming of the Shrew,Literature in English,162,taming of the shrew,,False
Tarzan,Literature in English,162,tarzan,,False
The Tempest,Literature in English,162,tempest,,False
"Tennyson, Alfred, Lord",Literature in English,162,tennyson alfred lord,alfred lord tennyson,False
There was a little girl / Who had a little,Literature in English,162,there was a little girl / who had a little,,False
“There Was an Old Woman Who Lived in a Shoe”,Literature in English,162,“there was an old woman who lived in a shoe”,,False
They also serve who only stand and wait,Literature in English,162,they also serve who only stand and wait,,False
A thing of beauty is a joy forever,Literature in English,162,thing of beauty is a joy forever,,False
Thirty days hath September,Literature in English,162,thirty days hath september,,False
“This Little Piggy Went to Market”,Literature in English,162,“this little piggy went to market”,,False
"Thomas, Dylan",Literature in English,162,thomas dylan,dylan thomas,False
curl,Literature in English,162,curl,,False
"Thoreau, Henry David",Literature in English,162,thoreau henry david,henry david thoreau,False
“Three Blind Mice”,Literature in English,163,“three blind mice”,,False
“The Three Pigs”,Literature in English,163,“the three pigs”,,False
Through the Looking-Glass,Literature in English,163,through the looking-glass,,False
"Thurber, James",Literature in English,163,thurber james,james thurber,False
"tide in the aairs of men, There is a",Literature in English,163,tide in the aairs of men there is a,there is a tide in the aairs of men,False
Tiger! Tiger! burning bright,Literature in English,163,tiger tiger burning bright,,False
Time’s wingéd chariot,Literature in English,163,time’s winged chariot,,False
Tiny Tim,Literature in English,163,tiny tim,,False
"To be, or not to be",Literature in English,163,to be or not to be,,False
Tobacco Road,Literature in English,163,tobacco road,,False
"Tom Sawyer, The Adventures of",Literature in English,163,tom sawyer the adventures of,adventures of tom sawyer,False
Tom Thumb,Literature in English,163,tom thumb,,False
transcendentalism,Literature in English,163,transcendentalism,,False
Treasure Island,Literature in English,163,treasure island,,False
“Trees”,Literature in English,164,“trees”,,False
Tweedledum and Tweedledee,Literature in English,164,tweedledum and tweedledee,,False
Twelfth Night,Literature in English,164,twelfth night,,False
"“Twinkle, Twinkle, Little Star”",Literature in English,164,“twinkle twinkle little star”,twinkle little star” “twinkle,False
Uncle Tom’s Cabin,Literature in English,164,uncle tom’s cabin,,False
Vanity Fair,Literature in English,165,vanity fair,,False
“The Village Blacksmith”,Literature in English,165,“the village blacksmith”,,False
"Vonnegut, Kurt, Jr.",Literature in English,165,vonnegut kurt jr.,kurt jr. vonnegut,False
Walden,Literature in English,165,walden,,False
“The Waste Land”,Literature in English,165,“the waste land”,,False
"Water, water everywhere, / Nor any drop",Literature in English,165,water water everywhere / nor any drop,,False
We are such stu / As dreams are made on,Literature in English,165,we are such stu / as dreams are made on,,False
to drink,Literature in English,165,to drink,,False
What’s in a name? That which we call,Literature in English,166,what’s in a name that which we call,,False
any other name would smell as sweet,Literature in English,166,any other name would smell as sweet,,False
"Whitman, Walt",Literature in English,166,whitman walt,walt whitman,False
"Wilde, Oscar",Literature in English,166,wilde oscar,oscar wilde,False
Wind in the Willows,Literature in English,166,wind in the willows,,False
Winnie-the-Pooh,Literature in English,166,winnie-the-pooh,,False
the winter of our discontent,Literature in English,166,winter of our discontent,,False
a rose / By,Literature in English,166,rose / by,,False
"Wizard of Oz, The Wonderful",Literature in English,166,wizard of oz the wonderful,wonderful wizard of oz,False
"Wordsworth, William",Literature in English,167,wordsworth william,william wordsworth,False
“The World Is Too Much with Us”,Literature in English,167,“the world is too much with us”,,False
Yahoos,Literature in English,167,yahoos,,False
"Yeats, William Butler",Literature in English,167,yeats william butler,william butler yeats,False
abbreviation,Literature in English,169,abbreviation,,False
acronym,Literature in English,169,acronym,,False
active voice,Literature in English,169,active voice,,False
A.D.,Literature in English,169,a.d.,,False
adjective,Literature in English,169,adjective,,False
adverb,Literature in English,169,adverb,,False
agreement,Literature in English,169,agreement,,False
allegory,Literature in English,169,allegory,,False
alliteration,Literature in English,169,alliteration,,False
allusion,Literature in English,169,allusion,,False
ampersand,Literature in English,169,ampersand,,False
analogy,Literature in English,169,analogy,,False
antonyms,Literature in English,170,antonyms,,False
aphorism,Literature in English,170,aphorism,,False
apostrophe,Literature in English,170,apostrophe,,False
articles,Literature in English,170,articles,,False
autobiography,Literature in English,170,autobiography,,False
auxiliary verb,Literature in English,170,auxiliary verb,,False
ballad,Literature in English,170,ballad,,False
B.C.,Literature in English,170,b.c.,,False
B.C.E.,Literature in English,170,b.c.e.,,False
bibliography,Literature in English,170,bibliography,,False
biography,Literature in English,170,biography,,False
blank verse,Literature in English,170,blank verse,,False
bowdlerizing,Literature in English,170,bowdlerizing,,False
brackets,Literature in English,170,brackets,,False
capital letters,Literature in English,170,capital letters,,False
case,Literature in English,170,case,,False
character,Literature in English,171,character,,False
circumlocution,Literature in English,171,circumlocution,,False
classicism,Literature in English,171,classicism,,False
clause,Literature in English,171,clause,,False
cliché,Literature in English,171,cliche,,False
colon,Literature in English,171,colon,,False
comedy,Literature in English,171,comedy,,False
comma,Literature in English,171,comma,,False
comparative,Literature in English,171,comparative,,False
complex sentence,Literature in English,171,complex sentence,,False
compound sentence,Literature in English,171,compound sentence,,False
compound-complex sentence,Literature in English,171,compound-complex sentence,,False
conciseness,Literature in English,171,conciseness,,False
conjunction,Literature in English,172,conjunction,,False
connotation,Literature in English,172,connotation,,False
consonants,Literature in English,172,consonants,,False
contraction,Literature in English,172,contraction,,False
coordination,Literature in English,172,coordination,,False
copyright,Literature in English,172,copyright,,False
couplet,Literature in English,172,couplet,,False
dash,Literature in English,172,dash,,False
dead languages,Literature in English,172,dead languages,,False
declarative sentence,Literature in English,172,declarative sentence,,False
denite article,Literature in English,172,denite article,,False
demonstrative pronouns,Literature in English,172,demonstrative pronouns,,False
denotation,Literature in English,172,denotation,,False
dénouement,Literature in English,172,denouement,,False
dependent clause,Literature in English,172,dependent clause,,False
Dewey decimal system,Literature in English,173,dewey decimal system,,False
diction,Literature in English,173,diction,,False
direct object,Literature in English,173,direct object,,False
double-entendre,Literature in English,173,double-entendre,,False
draft,Literature in English,173,draft,,False
dramatis personae,Literature in English,173,dramatis personae,,False
editorial,Literature in English,173,editorial,,False
e.g.,Literature in English,173,e.g.,,False
elegy,Literature in English,173,elegy,,False
ellipsis,Literature in English,173,ellipsis,,False
epic,Literature in English,173,epic,,False
epigram,Literature in English,173,epigram,,False
essay,Literature in English,173,essay,,False
et al.,Literature in English,173,et al.,,False
eulogy,Literature in English,174,eulogy,,False
euphemism,Literature in English,174,euphemism,,False
exclamation point,Literature in English,174,exclamation point,,False
exeunt,Literature in English,174,exeunt,,False
expletive,Literature in English,174,expletive,,False
expurgate,Literature in English,174,expurgate,,False
fallacy,Literature in English,174,fallacy,,False
folklore,Literature in English,174,folklore,,False
four-letter words,Literature in English,174,four-letter words,,False
free verse,Literature in English,174,free verse,,False
genre,Literature in English,174,genre,,False
gerund,Literature in English,174,gerund,,False
grammar,Literature in English,174,grammar,,False
homonyms,Literature in English,174,homonyms,,False
homophones,Literature in English,174,homophones,,False
hyperbole,Literature in English,174,hyperbole,,False
hyphen,Literature in English,174,hyphen,,False
iambic pentameter,Literature in English,175,iambic pentameter,,False
ibid.,Literature in English,175,ibid.,,False
idiom,Literature in English,175,idiom,,False
i.e.,Literature in English,175,i.e.,,False
imagery,Literature in English,175,imagery,,False
imperative,Literature in English,175,imperative,,False
in medias res,Literature in English,175,in medias res,,False
indenite article,Literature in English,175,indenite article,,False
indentation,Literature in English,175,indentation,,False
independent clause,Literature in English,175,independent clause,,False
index,Literature in English,175,index,,False
indirect object,Literature in English,175,indirect object,,False
innitive,Literature in English,175,innitive,,False
inection,Literature in English,175,inection,,False
interjection,Literature in English,175,interjection,,False
interrogative sentence,Literature in English,175,interrogative sentence,,False
intransitive verb,Literature in English,175,intransitive verb,,False
irony,Literature in English,176,irony,,False
irregular verb,Literature in English,176,irregular verb,,False
italics,Literature in English,176,italics,,False
jargon,Literature in English,176,jargon,,False
juvenilia,Literature in English,176,juvenilia,,False
leading question,Literature in English,176,leading question,,False
limerick,Literature in English,176,limerick,,False
lower-case letters,Literature in English,176,lower-case letters,,False
lyric,Literature in English,176,lyric,,False
malapropism,Literature in English,176,malapropism,,False
melodrama,Literature in English,176,melodrama,,False
metaphor,Literature in English,176,metaphor,,False
meter,Literature in English,176,meter,,False
modier,Literature in English,176,modier,,False
motif,Literature in English,176,motif,,False
mythology,Literature in English,177,mythology,,False
narration,Literature in English,177,narration,,False
narrator,Literature in English,177,narrator,,False
N.B.,Literature in English,177,n.b.,,False
nom de plume,Literature in English,177,nom de plume,,False
nominative case,Literature in English,177,nominative case,,False
non sequitur,Literature in English,177,non sequitur,,False
noun,Literature in English,177,noun,,False
novel,Literature in English,177,novel,,False
nuance,Literature in English,177,nuance,,False
number,Literature in English,177,number,,False
object,Literature in English,177,object,,False
objective case,Literature in English,177,objective case,,False
oxymoron,Literature in English,177,oxymoron,,False
paradox,Literature in English,177,paradox,,False
paragraph,Literature in English,177,paragraph,,False
paraphrase,Literature in English,177,paraphrase,,False
parentheses,Literature in English,177,parentheses,,False
parody,Literature in English,178,parody,,False
participle,Literature in English,178,participle,,False
parts of a sentence,Literature in English,178,parts of a sentence,,False
parts of speech,Literature in English,178,parts of speech,,False
passim,Literature in English,178,passim,,False
passive voice,Literature in English,178,passive voice,,False
pastoral,Literature in English,178,pastoral,,False
period,Literature in English,178,period,,False
person,Literature in English,178,person,,False
personal pronoun,Literature in English,178,personal pronoun,,False
phrase,Literature in English,179,phrase,,False
plagiarism,Literature in English,179,plagiarism,,False
plot,Literature in English,179,plot,,False
plural,Literature in English,179,plural,,False
possessive,Literature in English,179,possessive,,False
predicate,Literature in English,179,predicate,,False
prex,Literature in English,179,prex,,False
preposition,Literature in English,179,preposition,,False
pronoun,Literature in English,179,pronoun,,False
protagonist,Literature in English,179,protagonist,,False
proverb,Literature in English,179,proverb,,False
purple prose,Literature in English,179,purple prose,,False
question mark,Literature in English,179,question mark,,False
quotation marks,Literature in English,179,quotation marks,,False
realism,Literature in English,179,realism,,False
rebuttal,Literature in English,179,rebuttal,,False
redundancy,Literature in English,180,redundancy,,False
reference works,Literature in English,180,reference works,,False
refrain,Literature in English,180,refrain,,False
regular verb,Literature in English,180,regular verb,,False
rhetorical question,Literature in English,180,rhetorical question,,False
rhyme,Literature in English,180,rhyme,,False
roman à clef,Literature in English,180,roman a clef,,False
Roman numerals,Literature in English,180,roman numerals,,False
romance,Literature in English,180,romance,,False
romanticism,Literature in English,180,romanticism,,False
run-on sentence,Literature in English,180,run-on sentence,,False
sarcasm,Literature in English,180,sarcasm,,False
science ction,Literature in English,180,science ction,,False
semicolon,Literature in English,180,semicolon,,False
sequel,Literature in English,180,sequel,,False
simile,Literature in English,181,simile,,False
simple sentence,Literature in English,181,simple sentence,,False
singular,Literature in English,181,singular,,False
slang,Literature in English,181,slang,,False
sonnet,Literature in English,181,sonnet,,False
split innitive,Literature in English,181,split innitive,,False
spoonerism,Literature in English,181,spoonerism,,False
stage direction,Literature in English,181,stage direction,,False
stanza,Literature in English,181,stanza,,False
stereotype,Literature in English,181,stereotype,,False
stream of consciousness,Literature in English,181,stream of consciousness,,False
subject,Literature in English,181,subject,,False
subjunctive,Literature in English,181,subjunctive,,False
subordination,Literature in English,181,subordination,,False
superlative,Literature in English,182,superlative,,False
syllable,Literature in English,182,syllable,,False
symbol,Literature in English,182,symbol,,False
synonyms,Literature in English,182,synonyms,,False
syntax,Literature in English,182,syntax,,False
tense,Literature in English,182,tense,,False
theme,Literature in English,182,theme,,False
thesis,Literature in English,182,thesis,,False
thriller,Literature in English,182,thriller,,False
topic sentence,Literature in English,182,topic sentence,,False
transitive verb,Literature in English,182,transitive verb,,False
understatement,Literature in English,182,understatement,,False
upper-case letters,Literature in English,182,upper-case letters,,False
verb,Literature in English,182,verb,,False
verse,Literature in English,182,verse,,False
vowels,Literature in English,183,vowels,,False
a cappella,Literature in English,185,cappella,,False
abstract art,Literature in English,185,abstract art,,False
abstract expressionism,Literature in English,185,abstract expressionism,,False
Acropolis,Literature in English,185,acropolis,,False
adagio,Literature in English,185,adagio,,False
"Adams, Ansel",Literature in English,185,adams ansel,ansel adams,False
“Adeste Fideles”,Literature in English,185,“adeste fideles”,,False
Aïda,Literature in English,185,aida,,False
"Albee, Edward",Literature in English,185,albee edward,edward albee,False
allegro,Literature in English,186,allegro,,False
alto,Literature in English,186,alto,,False
“Amazing Grace”,Literature in English,186,“amazing grace”,,False
“America”,Literature in English,186,“america”,,False
“America the Beautiful”,Literature in English,186,“america the beautiful”,,False
American Gothic,Literature in English,186,american gothic,,False
"Anderson, Marian",Literature in English,186,anderson marian,marian anderson,False
arch,Literature in English,187,arch,,False
aria,Literature in English,187,aria,,False
"Armstrong, Louis",Literature in English,187,armstrong louis,louis armstrong,False
art for art’s sake,Literature in English,187,art for art’s sake,,False
"Audubon, John James",Literature in English,187,audubon john james,john james audubon,False
“Auld Lang Syne”,Literature in English,187,“auld lang syne”,,False
"Bach, Johann Sebastian",Literature in English,187,bach johann sebastian,johann sebastian bach,False
"Baker, Josephine",Literature in English,187,baker josephine,josephine baker,False
ballad,Literature in English,187,ballad,,False
ballerina,Literature in English,187,ballerina,,False
banjo,Literature in English,188,banjo,,False
The Barber of Seville,Literature in English,188,barber of seville,,False
barbershop singing,Literature in English,188,barbershop singing,,False
baritone,Literature in English,188,baritone,,False
"Barnum, Phineas T.",Literature in English,188,barnum phineas t.,phineas t. barnum,False
baroque,Literature in English,188,baroque,,False
Barrymore family,Literature in English,188,barrymore family,,False
"Basie, Count",Literature in English,188,basie count,count basie,False
basilica,Literature in English,188,basilica,,False
bas-relief,Literature in English,189,bas-relief,,False
bass,Literature in English,189,bass,,False
bass drum,Literature in English,189,bass drum,,False
bass viol,Literature in English,189,bass viol,,False
bassoon,Literature in English,189,bassoon,,False
baton,Literature in English,189,baton,,False
“Battle Hymn of the Republic”,Literature in English,189,“battle hymn of the republic”,,False
Bauhaus,Literature in English,189,bauhaus,,False
Beale Street,Literature in English,189,beale street,,False
Beatles,Literature in English,189,beatles,,False
"Beethoven, Ludwig van",Literature in English,189,beethoven ludwig van,ludwig van beethoven,False
"Benny, Jack",Literature in English,190,benny jack,jack benny,False
"Berlin, Irving",Literature in English,190,berlin irving,irving berlin,False
"Bernhardt, Sarah",Literature in English,190,bernhardt sarah,sarah bernhardt,False
"Berry, Chuck",Literature in English,190,berry chuck,chuck berry,False
Big Ben,Literature in English,190,big ben,,False
The Birth of Venus,Literature in English,190,birth of venus,,False
"Bizet, Georges",Literature in English,190,bizet georges,georges bizet,False
bluegrass,Literature in English,190,bluegrass,,False
blues,Literature in English,191,blues,,False
“Blue-Tail Fly”,Literature in English,191,“blue-tail fly”,,False
bohemian,Literature in English,191,bohemian,,False
Bolshoi Theater,Literature in English,191,bolshoi theater,,False
"Bosch, Hieronymus",Literature in English,191,bosch hieronymus,hieronymus bosch,False
"Botticelli, Sandro",Literature in English,191,botticelli sandro,sandro botticelli,False
"Brahms, Johannes",Literature in English,191,brahms johannes,johannes brahms,False
brass,Literature in English,191,brass,,False
brass band,Literature in English,191,brass band,,False
Brooklyn Bridge,Literature in English,191,brooklyn bridge,,False
"Brueghel, Pieter, the Elder",Literature in English,192,brueghel pieter the elder,pieter the elder brueghel,False
Bualo Bill,Literature in English,192,bualo bill,,False
"Bunker, Archie",Literature in English,192,bunker archie,archie bunker,False
"Calder, Alexander",Literature in English,192,calder alexander,alexander calder,False
“Camptown Races”,Literature in English,192,“camptown races”,,False
cantata,Literature in English,192,cantata,,False
capital,Literature in English,192,capital,,False
"Capitol, United States",Literature in English,192,capitol united states,united states capitol,False
caricature,Literature in English,192,caricature,,False
Carmen,Literature in English,192,carmen,,False
Carnegie Hall,Literature in English,192,carnegie hall,,False
"Caruso, Enrico",Literature in English,192,caruso enrico,enrico caruso,False
"Casals, Pablo",Literature in English,193,casals pablo,pablo casals,False
“Casey Jones”,Literature in English,193,“casey jones”,,False
"Cassatt, Mary",Literature in English,193,cassatt mary,mary cassatt,False
cathedral,Literature in English,193,cathedral,,False
cello,Literature in English,193,cello,,False
"Cézanne, Paul",Literature in English,193,cezanne paul,paul cezanne,False
"Chagall, Marc",Literature in English,193,chagall marc,marc chagall,False
chamber music,Literature in English,193,chamber music,,False
"Chartres, Cathedral of",Literature in English,193,chartres cathedral of,cathedral of chartres,False
"Chopin, Frédéric",Literature in English,194,chopin frederic,frederic chopin,False
chord,Literature in English,194,chord,,False
choreography,Literature in English,194,choreography,,False
clarinet,Literature in English,194,clarinet,,False
classic,Literature in English,194,classic,,False
classical music,Literature in English,194,classical music,,False
“Clementine”,Literature in English,194,“clementine”,,False
coda,Literature in English,194,coda,,False
coloratura,Literature in English,194,coloratura,,False
Colosseum,Literature in English,194,colosseum,,False
“Coming Through the Rye”,Literature in English,194,“coming through the rye”,,False
concerto,Literature in English,194,concerto,,False
"Constable, John",Literature in English,194,constable john,john constable,False
contralto,Literature in English,194,contralto,,False
"Copland, Aaron",Literature in English,194,copland aaron,aaron copland,False
"Corbusier, Le",Literature in English,194,corbusier le,le corbusier,False
Corinthian,Literature in English,194,corinthian,,False
"Cosby, Bill",Literature in English,195,cosby bill,bill cosby,False
counterpoint,Literature in English,195,counterpoint,,False
country and western music,Literature in English,195,country and western music,,False
crescendo,Literature in English,195,crescendo,,False
Crystal Palace,Literature in English,195,crystal palace,,False
cubism,Literature in English,195,cubism,,False
cupola,Literature in English,195,cupola,,False
Currier and Ives,Literature in English,195,currier and ives,,False
cymbal,Literature in English,195,cymbal,,False
"de Kooning, Willem",Literature in English,195,de kooning willem,willem de kooning,False
"Debussy, Claude",Literature in English,195,debussy claude,claude debussy,False
“Deck the Halls”,Literature in English,196,“deck the halls”,,False
"Degas, Edgar",Literature in English,196,degas edgar,edgar degas,False
dilettante,Literature in English,196,dilettante,,False
“Dixie”,Literature in English,196,“dixie”,,False
Dixieland,Literature in English,196,dixieland,,False
Don Giovanni,Literature in English,196,don giovanni,,False
Doric,Literature in English,196,doric,,False
double bass,Literature in English,196,double bass,,False
“Down in the Valley”,Literature in English,196,“down in the valley”,,False
“The Drunken Sailor”,Literature in English,196,“the drunken sailor”,,False
"Duncan, Isadora",Literature in English,196,duncan isadora,isadora duncan,False
"Dürer, Albrecht",Literature in English,197,durer albrecht,albrecht durer,False
Eiel Tower,Literature in English,197,eiel tower,,False
"Ellington, Duke",Literature in English,197,ellington duke,duke ellington,False
Empire State Building,Literature in English,197,empire state building,,False
engraving,Literature in English,197,engraving,,False
"Escher, M. C.",Literature in English,197,escher m. c.,m. c. escher,False
etching,Literature in English,197,etching,,False
expressionism,Literature in English,197,expressionism,,False
ddle,Literature in English,197,ddle,,False
"Fields, W. C.",Literature in English,197,fields w. c.,w. c. fields,False
ne arts,Literature in English,197,ne arts,,False
"Fitzgerald, Ella",Literature in English,198,fitzgerald ella,ella fitzgerald,False
ying buttress,Literature in English,198,ying buttress,,False
folk music,Literature in English,198,folk music,,False
forte,Literature in English,198,forte,,False
fortissimo,Literature in English,198,fortissimo,,False
"Foster, Stephen",Literature in English,198,foster stephen,stephen foster,False
French horn,Literature in English,198,french horn,,False
fresco,Literature in English,198,fresco,,False
frieze,Literature in English,198,frieze,,False
functionalism,Literature in English,198,functionalism,,False
gargoyle,Literature in English,198,gargoyle,,False
"Gauguin, Paul",Literature in English,198,gauguin paul,paul gauguin,False
"Gershwin, George",Literature in English,198,gershwin george,george gershwin,False
Gilbert and Sullivan,Literature in English,198,gilbert and sullivan,,False
Giotto,Literature in English,199,giotto,,False
“God Bless America”,Literature in English,199,“god bless america”,,False
"Goldberg, Rube",Literature in English,199,goldberg rube,rube goldberg,False
Golden Gate Bridge,Literature in English,199,golden gate bridge,,False
"Goodman, Benny",Literature in English,199,goodman benny,benny goodman,False
gospel music,Literature in English,199,gospel music,,False
"Goya, Francisco",Literature in English,199,goya francisco,francisco goya,False
"Graham, Martha",Literature in English,199,graham martha,martha graham,False
Great Wall of China,Literature in English,199,great wall of china,,False
"Greco, El",Literature in English,199,greco el,el greco,False
Gregorian chant,Literature in English,199,gregorian chant,,False
"Grith, D. W.",Literature in English,199,grith d. w.,d. w. grith,False
"Gropius, Walter",Literature in English,199,gropius walter,walter gropius,False
guitar,Literature in English,200,guitar,,False
"Guthrie, Woody",Literature in English,200,guthrie woody,woody guthrie,False
"Hagia Sophia, Cathedral of",Literature in English,200,hagia sophia cathedral of,cathedral of hagia sophia,False
“Hail to the Chief”,Literature in English,200,“hail to the chief”,,False
“Hallelujah Chorus”,Literature in English,200,“hallelujah chorus”,,False
"Hammerstein, Oscar, II",Literature in English,200,hammerstein oscar ii,oscar ii hammerstein,False
"Handel, George Frederick",Literature in English,200,handel george frederick,george frederick handel,False
harmony,Literature in English,200,harmony,,False
harp,Literature in English,201,harp,,False
harpsichord,Literature in English,201,harpsichord,,False
"Haydn, Franz Josef",Literature in English,201,haydn franz josef,franz josef haydn,False
"Hendrix, Jimi",Literature in English,201,hendrix jimi,jimi hendrix,False
hip-hop,Literature in English,201,hip-hop,,False
“Home on the Range”,Literature in English,201,“home on the range”,,False
"“Home, Sweet Home”",Literature in English,201,“home sweet home”,sweet home” “home,False
"Homer, Winslow",Literature in English,201,homer winslow,winslow homer,False
"Hope, Bob",Literature in English,201,hope bob,bob hope,False
"Hopper, Edward",Literature in English,201,hopper edward,edward hopper,False
"Houdini, Harry",Literature in English,201,houdini harry,harry houdini,False
I never met a man I didn’t like,Literature in English,202,i never met a man i didn’t like,,False
icon,Literature in English,202,icon,,False
impresario,Literature in English,202,impresario,,False
impressionism,Literature in English,202,impressionism,,False
Ionic,Literature in English,202,ionic,,False
“I’ve Been Working on the Railroad”,Literature in English,202,“i’ve been working on the railroad”,,False
jazz,Literature in English,202,jazz,,False
“John Brown’s Body”,Literature in English,202,“john brown’s body”,,False
“John Henry”,Literature in English,202,“john henry”,,False
Jolly Roger,Literature in English,202,jolly roger,,False
"Joplin, Scott",Literature in English,202,joplin scott,scott joplin,False
“Joshua Fit the Battle of Jericho”,Literature in English,202,“joshua fit the battle of jericho”,,False
Justice,Literature in English,203,justice,,False
"Kandinsky, Wassily",Literature in English,203,kandinsky wassily,wassily kandinsky,False
kettledrum,Literature in English,203,kettledrum,,False
"Key, Francis Scott",Literature in English,203,key francis scott,francis scott key,False
King Kong,Literature in English,203,king kong,,False
kitsch,Literature in English,203,kitsch,,False
"Klee, Paul",Literature in English,203,klee paul,paul klee,False
The Last Supper,Literature in English,203,last supper,,False
Laurel and Hardy,Literature in English,203,laurel and hardy,,False
Leaning Tower of Pisa,Literature in English,203,leaning tower of pisa,,False
leitmotif,Literature in English,203,leitmotif,,False
Leonardo da Vinci,Literature in English,203,leonardo da vinci,,False
liberal arts,Literature in English,204,liberal arts,,False
Liberty Bell,Literature in English,204,liberty bell,,False
lieder,Literature in English,204,lieder,,False
Lincoln Memorial,Literature in English,204,lincoln memorial,,False
"Liszt, Franz",Literature in English,204,liszt franz,franz liszt,False
“Loch Lomond”,Literature in English,204,“loch lomond”,,False
Louvre,Literature in English,204,louvre,,False
Madame Buttery,Literature in English,204,madame buttery,,False
Madonna (Madonna Louise Ciccone),Literature in English,204,madonna madonna louise ciccone,,False
maestro,Literature in English,204,maestro,,False
The Magic Flute,Literature in English,205,magic flute,,False
"Manet, Edouard",Literature in English,205,manet edouard,edouard manet,False
The Marriage of Figaro,Literature in English,205,marriage of figaro,,False
“The Marseillaise”,Literature in English,205,“the marseillaise”,,False
Mass,Literature in English,205,mass,,False
"Matisse, Henri",Literature in English,205,matisse henri,henri matisse,False
mausoleum,Literature in English,205,mausoleum,,False
"Mendelssohn, Felix",Literature in English,205,mendelssohn felix,felix mendelssohn,False
Messiah,Literature in English,205,messiah,,False
Metropolitan Museum of Art,Literature in English,205,metropolitan museum of art,,False
Metropolitan Opera,Literature in English,205,metropolitan opera,,False
mezzo soprano,Literature in English,205,mezzo soprano,,False
Michelangelo,Literature in English,205,michelangelo,,False
The Mikado,Literature in English,206,mikado,,False
"Miller, Glenn",Literature in English,206,miller glenn,glenn miller,False
Mine eyes have seen the glory of the com,Literature in English,206,mine eyes have seen the glory of the com,,False
Lord,Literature in English,206,lord,,False
Mona Lisa,Literature in English,206,mona lisa,,False
"Mondrian, Piet",Literature in English,206,mondrian piet,piet mondrian,False
"Monet, Claude",Literature in English,206,monet claude,claude monet,False
montage,Literature in English,206,montage,,False
Monticello,Literature in English,206,monticello,,False
ing of the,Literature in English,206,ing of the,,False
Monty Python,Literature in English,207,monty python,,False
Moonlight Sonata,Literature in English,207,moonlight sonata,,False
"Moore, Henry",Literature in English,207,moore henry,henry moore,False
mosaic,Literature in English,207,mosaic,,False
"Moses, Grandma",Literature in English,207,moses grandma,grandma moses,False
movement,Literature in English,207,movement,,False
mural,Literature in English,207,mural,,False
musical,Literature in English,207,musical,,False
musical comedy,Literature in English,207,musical comedy,,False
"My country, ’tis of thee",Literature in English,207,my country ’tis of thee,,False
My Fair Lady,Literature in English,207,my fair lady,,False
National Anthem of the United States,Literature in English,207,national anthem of the united states,,False
National Gallery of Art,Literature in English,207,national gallery of art,,False
naturalism,Literature in English,207,naturalism,,False
"Nijinsky, Vaslav",Literature in English,207,nijinsky vaslav,vaslav nijinsky,False
Ninth Symphony,Literature in English,207,ninth symphony,,False
“Nobody Knows the Trouble I’ve Seen”,Literature in English,207,“nobody knows the trouble i’ve seen”,,False
"Notre Dame de Paris, Cathedral of",Literature in English,208,notre dame de paris cathedral of,cathedral of notre dame de paris,False
Now I lay me down to sleep,Literature in English,208,now i lay me down to sleep,,False
The Nutcracker,Literature in English,208,nutcracker,,False
O beautiful for spacious skies,Literature in English,208,o beautiful for spacious skies,,False
"“O Come, All Ye Faithful”",Literature in English,208,“o come all ye faithful”,all ye faithful” “o come,False
oboe,Literature in English,208,oboe,,False
octave,Literature in English,208,octave,,False
o-Broadway,Literature in English,208,o-broadway,,False
“Oh! Susanna”,Literature in English,208,“oh susanna”,,False
"O’Keee, Georgia",Literature in English,208,o’keee georgia,georgia o’keee,False
“Ol’ Man River”,Literature in English,208,“ol’ man river”,,False
“On Top of Old Smoky”,Literature in English,209,“on top of old smoky”,,False
“Onward Christian Soldiers”,Literature in English,209,“onward christian soldiers”,,False
operetta,Literature in English,209,operetta,,False
oratorio,Literature in English,209,oratorio,,False
orchestra,Literature in English,209,orchestra,,False
“Over There”,Literature in English,209,“over there”,,False
overture,Literature in English,209,overture,,False
pagoda,Literature in English,209,pagoda,,False
"Palladio, Andrea",Literature in English,209,palladio andrea,andrea palladio,False
Parthenon,Literature in English,209,parthenon,,False
"Pavarotti, Luciano",Literature in English,209,pavarotti luciano,luciano pavarotti,False
“Peanuts”,Literature in English,209,“peanuts”,,False
percussion,Literature in English,209,percussion,,False
perspective,Literature in English,209,perspective,,False
Peter and the Wolf,Literature in English,210,peter and the wolf,,False
pianissimo,Literature in English,210,pianissimo,,False
pianoforte,Literature in English,210,pianoforte,,False
piazza,Literature in English,210,piazza,,False
"Picasso, Pablo",Literature in English,210,picasso pablo,pablo picasso,False
piccolo,Literature in English,210,piccolo,,False
Pietà,Literature in English,210,pieta,,False
"Pinafore, H.M.S.",Literature in English,210,pinafore h.m.s.,h.m.s. pinafore,False
polka,Literature in English,210,polka,,False
"Pollock, Jackson",Literature in English,210,pollock jackson,jackson pollock,False
pop art,Literature in English,211,pop art,,False
Porgy and Bess,Literature in English,211,porgy and bess,,False
"Porter, Cole",Literature in English,211,porter cole,cole porter,False
postmodernism,Literature in English,211,postmodernism,,False
"Prado, Museo del",Literature in English,211,prado museo del,museo del prado,False
prima ballerina,Literature in English,211,prima ballerina,,False
primitivism,Literature in English,211,primitivism,,False
"Puccini, Giacomo",Literature in English,211,puccini giacomo,giacomo puccini,False
punk,Literature in English,211,punk,,False
pyramids,Literature in English,211,pyramids,,False
quartet,Literature in English,211,quartet,,False
quintet,Literature in English,211,quintet,,False
ragtime,Literature in English,211,ragtime,,False
Raphael,Literature in English,212,raphael,,False
recitative,Literature in English,212,recitative,,False
recorder,Literature in English,212,recorder,,False
reggae,Literature in English,212,reggae,,False
Rembrandt,Literature in English,212,rembrandt,,False
Requiem,Literature in English,212,requiem,,False
Rhapsody in Blue,Literature in English,212,rhapsody in blue,,False
rhythm,Literature in English,212,rhythm,,False
Ring of the Nibelung,Literature in English,212,ring of the nibelung,,False
"Rivera, Diego",Literature in English,212,rivera diego,diego rivera,False
"Robeson, Paul",Literature in English,213,robeson paul,paul robeson,False
rock ’n’ roll,Literature in English,213,rock ’n’ roll,,False
"Rockwell, Norman",Literature in English,213,rockwell norman,norman rockwell,False
rococo,Literature in English,213,rococo,,False
"Rodin, Auguste",Literature in English,213,rodin auguste,auguste rodin,False
"Rogers, Will",Literature in English,213,rogers will,will rogers,False
Romanesque,Literature in English,213,romanesque,,False
romanticism,Literature in English,213,romanticism,,False
"Rothko, Mark",Literature in English,214,rothko mark,mark rothko,False
round,Literature in English,214,round,,False
"“Row, Row, Row Your Boat”",Literature in English,214,“row row row your boat”,row row your boat” “row,False
"Rubens, Peter Paul",Literature in English,214,rubens peter paul,peter paul rubens,False
"Rubinstein, Arthur",Literature in English,214,rubinstein arthur,arthur rubinstein,False
“Saint Louis Blues”,Literature in English,214,“saint louis blues”,,False
Saint Paul’s Cathedral,Literature in English,214,saint paul’s cathedral,,False
Saint Peter’s Basilica,Literature in English,214,saint peter’s basilica,,False
saxophone,Literature in English,214,saxophone,,False
scale,Literature in English,214,scale,,False
"Schubert, Franz",Literature in English,214,schubert franz,franz schubert,False
"Schulz, Charles M.",Literature in English,215,schulz charles m.,charles m. schulz,False
"Schumann, Robert",Literature in English,215,schumann robert,robert schumann,False
Sears Tower,Literature in English,215,sears tower,,False
“Sesame Street”,Literature in English,215,“sesame street”,,False
“Silent Night”,Literature in English,215,“silent night”,,False
Sistine Chapel,Literature in English,215,sistine chapel,,False
skull and crossbones,Literature in English,215,skull and crossbones,,False
snare drum,Literature in English,215,snare drum,,False
sonata,Literature in English,215,sonata,,False
soprano,Literature in English,215,soprano,,False
"Soussa, John Philip",Literature in English,215,soussa john philip,john philip soussa,False
sousaphone,Literature in English,215,sousaphone,,False
Sphinx,Literature in English,215,sphinx,,False
The Spirit of ’76,Literature in English,216,spirit of ’76,,False
spirituals,Literature in English,216,spirituals,,False
"Springsteen, Bruce",Literature in English,216,springsteen bruce,bruce springsteen,False
staccato,Literature in English,216,staccato,,False
“The Star-Spangled Banner”,Literature in English,216,“the star-spangled banner”,,False
Star Trek,Literature in English,216,star trek,,False
Stars and Stripes,Literature in English,216,stars and stripes,,False
“The Stars and Stripes Forever”,Literature in English,216,“the stars and stripes forever”,,False
Statue of Liberty,Literature in English,216,statue of liberty,,False
"Stern, Isaac",Literature in English,217,stern isaac,isaac stern,False
"Stoppard, Tom",Literature in English,217,stoppard tom,tom stoppard,False
Stradivarius,Literature in English,217,stradivarius,,False
"Strauss, Johann, the Younger",Literature in English,217,strauss johann the younger,johann the younger strauss,False
"Stravinsky, Igor",Literature in English,217,stravinsky igor,igor stravinsky,False
string quartet,Literature in English,217,string quartet,,False
strings,Literature in English,217,strings,,False
"Stuart, Gilbert",Literature in English,217,stuart gilbert,gilbert stuart,False
suite,Literature in English,217,suite,,False
“Summertime”,Literature in English,217,“summertime”,,False
surrealism,Literature in English,217,surrealism,,False
swing,Literature in English,218,swing,,False
"“Swing Low, Sweet Chariot”",Literature in English,218,“swing low sweet chariot”,sweet chariot” “swing low,False
symphony,Literature in English,218,symphony,,False
Taj Mahal,Literature in English,218,taj mahal,,False
“Take Me Out to the Ball Game”,Literature in English,218,“take me out to the ball game”,,False
tango,Literature in English,218,tango,,False
"Tchaikovsky, Peter Ilyich",Literature in English,218,tchaikovsky peter ilyich,peter ilyich tchaikovsky,False
“Te Deum”,Literature in English,218,“te deum”,,False
tempo,Literature in English,218,tempo,,False
tenor,Literature in English,218,tenor,,False
The Thinker,Literature in English,218,thinker,,False
“This Land Is Your Land”,Conventions of Written English,219,“this land is your land”,,False
Tiany glass,Conventions of Written English,219,tiany glass,,False
timpani,Conventions of Written English,219,timpani,,False
Tin Pan Alley,Conventions of Written English,219,tin pan alley,,False
Titian,Conventions of Written English,219,titian,,False
"Toscanini, Arturo",Conventions of Written English,219,toscanini arturo,arturo toscanini,False
"Toulouse-Lautrec, Henri de",Conventions of Written English,219,toulouse-lautrec henri de,henri de toulouse-lautrec,False
trombone,Conventions of Written English,219,trombone,,False
trumpet,Conventions of Written English,219,trumpet,,False
tuba,Conventions of Written English,219,tuba,,False
"Turner, Joseph Mallord William",Conventions of Written English,219,turner joseph mallord william,joseph mallord william turner,False
Uzi Gallery,Conventions of Written English,219,uzi gallery,,False
ukulele,Conventions of Written English,219,ukulele,,False
unison,Conventions of Written English,219,unison,,False
"van Gogh, Vincent",Conventions of Written English,219,van gogh vincent,vincent van gogh,False
vaudeville,Conventions of Written English,219,vaudeville,,False
"Velázquez, Diego de",Conventions of Written English,219,velazquez diego de,diego de velazquez,False
Venus de Milo,Conventions of Written English,219,venus de milo,,False
"Verdi, Giuseppe",Conventions of Written English,219,verdi giuseppe,giuseppe verdi,False
"Vermeer, Jan",Conventions of Written English,219,vermeer jan,jan vermeer,False
"Versailles, Palace of",Conventions of Written English,220,versailles palace of,palace of versailles,False
Vietnam Memorial,Conventions of Written English,220,vietnam memorial,,False
viola,Conventions of Written English,220,viola,,False
violin,Conventions of Written English,220,violin,,False
"Vivaldi, Antonio",Conventions of Written English,220,vivaldi antonio,antonio vivaldi,False
"Wagner, Richard",Conventions of Written English,220,wagner richard,richard wagner,False
"Warhol, Andy",Conventions of Written English,220,warhol andy,andy warhol,False
Washington Crossing the Delaware,Conventions of Written English,220,washington crossing the delaware,,False
Washington Mall,Conventions of Written English,220,washington mall,,False
Washington Monument,Conventions of Written English,220,washington monument,,False
Water Music,Conventions of Written English,220,water music,,False
"West, Mae",Conventions of Written English,221,west mae,mae west,False
“When Johnny Comes Marching Home”,Conventions of Written English,221,“when johnny comes marching home”,,False
“When the Saints Go Marching In”,Conventions of Written English,221,“when the saints go marching in”,,False
"Whistler, James",Conventions of Written English,221,whistler james,james whistler,False
Whistler’s Mother,Conventions of Written English,221,whistler’s mother,,False
“White Christmas”,Conventions of Written English,221,“white christmas”,,False
whole tone,Conventions of Written English,221,whole tone,,False
wind instruments,Conventions of Written English,221,wind instruments,,False
woodwinds,Conventions of Written English,221,woodwinds,,False
"Wren, Christopher",Conventions of Written English,221,wren christopher,christopher wren,False
"Wright, Frank Lloyd",Conventions of Written English,222,wright frank lloyd,frank lloyd wright,False
"Wyeth, Andrew",Conventions of Written English,222,wyeth andrew,andrew wyeth,False
“Yankee Doodle”,Conventions of Written English,222,“yankee doodle”,,False
“Yankee Doodle Dandy”,Conventions of Written English,222,“yankee doodle dandy”,,False
Alexander the Great,Conventions of Written English,224,alexander the great,,False
Athens,Conventions of Written English,224,athens,,False
Attila the Hun,Conventions of Written English,224,attila the hun,,False
Augustus Caesar,Conventions of Written English,224,augustus caesar,,False
Aztecs,Conventions of Written English,224,aztecs,,False
"Bacon, Francis",Conventions of Written English,224,bacon francis,francis bacon,False
"Balboa, Vasco Núñez de",Conventions of Written English,224,balboa vasco nunez de,vasco nunez de balboa,False
"Becket, Thomas à",Conventions of Written English,224,becket thomas a,thomas a becket,False
"Boleyn, Anne",Conventions of Written English,225,boleyn anne,anne boleyn,False
"Borgia, Cesare",Conventions of Written English,225,borgia cesare,cesare borgia,False
"Borgia, Lucrezia",Conventions of Written English,225,borgia lucrezia,lucrezia borgia,False
bread and circuses,Conventions of Written English,225,bread and circuses,,False
Bronze Age,Conventions of Written English,225,bronze age,,False
Brutus,Conventions of Written English,225,brutus,,False
Carthage,Conventions of Written English,225,carthage,,False
Charlemagne,Conventions of Written English,226,charlemagne,,False
chivalry,Conventions of Written English,226,chivalry,,False
classical antiquity,Conventions of Written English,226,classical antiquity,,False
Cleopatra,Conventions of Written English,226,cleopatra,,False
"Columbus, Christopher",Conventions of Written English,226,columbus christopher,christopher columbus,False
conquistadores,Conventions of Written English,226,conquistadores,,False
Constantine the Great,Conventions of Written English,226,constantine the great,,False
Constantinople,Conventions of Written English,226,constantinople,,False
"Copernicus, Nicolaus",Conventions of Written English,226,copernicus nicolaus,nicolaus copernicus,False
"Cortés, Hernando",Conventions of Written English,226,cortes hernando,hernando cortes,False
Crusades,Conventions of Written English,227,crusades,,False
Dark Ages,Conventions of Written English,227,dark ages,,False
Demosthenes,Conventions of Written English,227,demosthenes,,False
"Erasmus, Desiderius",Conventions of Written English,227,erasmus desiderius,desiderius erasmus,False
"Ericson, Leif",Conventions of Written English,227,ericson leif,leif ericson,False
Fall of Rome,Conventions of Written English,227,fall of rome,,False
Ferdinand and Isabella,Conventions of Written English,227,ferdinand and isabella,,False
feudalism,Conventions of Written English,227,feudalism,,False
Genghis Khan,Conventions of Written English,227,genghis khan,,False
"Godiva, Lady",Conventions of Written English,227,godiva lady,lady godiva,False
guilds,Conventions of Written English,228,guilds,,False
"Gutenberg, Johann",Conventions of Written English,228,gutenberg johann,johann gutenberg,False
Hammurabi,Conventions of Written English,228,hammurabi,,False
"Hastings, Battle of",Conventions of Written English,228,hastings battle of,battle of hastings,False
Hellenistic Age,Conventions of Written English,228,hellenistic age,,False
Herodotus,Conventions of Written English,229,herodotus,,False
hieroglyphics,Conventions of Written English,229,hieroglyphics,,False
Holy Roman Empire,Conventions of Written English,229,holy roman empire,,False
homage,Conventions of Written English,229,homage,,False
Hundred Years’ War,Conventions of Written English,229,hundred years’ war,,False
Huns,Conventions of Written English,229,huns,,False
"I came, I saw, I conquered",Conventions of Written English,229,i came i saw i conquered,i saw i conquered i came,False
ides of March,Conventions of Written English,229,ides of march,,False
Incas,Conventions of Written English,229,incas,,False
indulgence,Conventions of Written English,229,indulgence,,False
Inquisition,Conventions of Written English,230,inquisition,,False
Iron Age,Conventions of Written English,230,iron age,,False
knight,Conventions of Written English,230,knight,,False
"Magellan, Ferdinand",Conventions of Written English,231,magellan ferdinand,ferdinand magellan,False
Magna Carta,Conventions of Written English,231,magna carta,,False
Mali empire,Conventions of Written English,231,mali empire,,False
"Marathon, Battle of",Conventions of Written English,231,marathon battle of,battle of marathon,False
Mayas,Conventions of Written English,231,mayas,,False
Medici,Conventions of Written English,231,medici,,False
"Medici, Lorenzo de",Conventions of Written English,231,medici lorenzo de,lorenzo de medici,False
medieval,Conventions of Written English,231,medieval,,False
Mesopotamia,Conventions of Written English,231,mesopotamia,,False
Ming Dynasty,Conventions of Written English,232,ming dynasty,,False
Montezuma,Conventions of Written English,232,montezuma,,False
Norman Conquest,Conventions of Written English,232,norman conquest,,False
Oxford and Cambridge Universities,Conventions of Written English,233,oxford and cambridge universities,,False
Pax Romana,Conventions of Written English,233,pax romana,,False
Peloponnesian War,Conventions of Written English,233,peloponnesian war,,False
Pericles,Conventions of Written English,233,pericles,,False
Persian Empire,Conventions of Written English,233,persian empire,,False
pharaohs,Conventions of Written English,233,pharaohs,,False
Phoenicia,Conventions of Written English,233,phoenicia,,False
"Pizarro, Francisco",Conventions of Written English,233,pizarro francisco,francisco pizarro,False
"Polo, Marco",Conventions of Written English,233,polo marco,marco polo,False
Pompeii,Conventions of Written English,233,pompeii,,False
"Ponce de León, Juan",Conventions of Written English,233,ponce de leon juan,juan ponce de leon,False
Praetorian Guard,Conventions of Written English,233,praetorian guard,,False
Punic Wars,Conventions of Written English,234,punic wars,,False
pyramids,Conventions of Written English,234,pyramids,,False
Reformation,Conventions of Written English,234,reformation,,False
Richard the Lion-Hearted,Conventions of Written English,234,richard the lion-hearted,,False
"Roses, Wars of the",Fine Arts,236,roses wars of the,wars of the roses,False
Rosetta stone,Fine Arts,236,rosetta stone,,False
Rubicon,Fine Arts,236,rubicon,,False
Saladin,Fine Arts,236,saladin,,False
"Savonarola, Girolamo",Fine Arts,236,savonarola girolamo,girolamo savonarola,False
serf,Fine Arts,236,serf,,False
Seven Wonders of the Ancient World,Fine Arts,236,seven wonders of the ancient world,,False
Spanish Inquisition,Fine Arts,236,spanish inquisition,,False
Sparta,Fine Arts,236,sparta,,False
Spartacus,Fine Arts,236,spartacus,,False
Stone Age,Fine Arts,236,stone age,,False
Stonehenge,Fine Arts,236,stonehenge,,False
Thucydides,Fine Arts,237,thucydides,,False
toga,Fine Arts,237,toga,,False
"Torquemada, Tomás de",Fine Arts,237,torquemada tomas de,tomas de torquemada,False
Trojan War,Fine Arts,237,trojan war,,False
Tutankhamen,Fine Arts,237,tutankhamen,,False
Vandals,Fine Arts,237,vandals,,False
vassal,Fine Arts,237,vassal,,False
vestal virgins,Fine Arts,237,vestal virgins,,False
Vikings,Fine Arts,237,vikings,,False
William the Conqueror,Fine Arts,237,william the conqueror,,False
"Allende, Salvador",Fine Arts,239,allende salvador,salvador allende,False
Allies,Fine Arts,239,allies,,False
ancien régime,Fine Arts,239,ancien regime,,False
"Arafat, Yasir",Fine Arts,239,arafat yasir,yasir arafat,False
"Armada, Spanish",Fine Arts,239,armada spanish,spanish armada,False
Armenian massacres,Fine Arts,239,armenian massacres,,False
"Assad, Hafez al-",Fine Arts,239,assad hafez al-,hafez al- assad,False
"Ataturk, Kemal",Fine Arts,240,ataturk kemal,kemal ataturk,False
Auschwitz,Fine Arts,240,auschwitz,,False
Axis powers,Fine Arts,240,axis powers,,False
Bastille,Fine Arts,240,bastille,,False
"Ben-Gurion, David",Fine Arts,240,ben-gurion david,david ben-gurion,False
Berlin airlift,Fine Arts,241,berlin airlift,,False
"Bismarck, Otto von",Fine Arts,241,bismarck otto von,otto von bismarck,False
Black Hole of Calcutta,Fine Arts,241,black hole of calcutta,,False
blitzkrieg,Fine Arts,241,blitzkrieg,,False
Boer War,Fine Arts,241,boer war,,False
Boers,Fine Arts,241,boers,,False
Bolsheviks,Fine Arts,241,bolsheviks,,False
Bourbons,Fine Arts,241,bourbons,,False
"Brezhnev, Leonid",Fine Arts,241,brezhnev leonid,leonid brezhnev,False
"Bulge, Battle of the",Fine Arts,242,bulge battle of the,battle of the bulge,False
"Burke, Edmund",Fine Arts,242,burke edmund,edmund burke,False
"Castro, Fidel",Fine Arts,242,castro fidel,fidel castro,False
Catherine the Great,Fine Arts,242,catherine the great,,False
Central Powers,Fine Arts,242,central powers,,False
"Chamberlain, Neville",Fine Arts,242,chamberlain neville,neville chamberlain,False
Chiang Kai-shek,Fine Arts,242,chiang kai-shek,,False
"Clemenceau, Georges",Fine Arts,243,clemenceau georges,georges clemenceau,False
collapse of communism,Fine Arts,243,collapse of communism,,False
The Communist Manifesto,Fine Arts,243,communist manifesto,,False
concentration camp,Fine Arts,243,concentration camp,,False
Congress party,Fine Arts,244,congress party,,False
"Cook, Captain James",Fine Arts,244,cook captain james,captain james cook,False
Cossacks,Fine Arts,244,cossacks,,False
Counter Reformation,Fine Arts,244,counter reformation,,False
Crimean War,Fine Arts,244,crimean war,,False
Cuban missile crisis,Fine Arts,244,cuban missile crisis,,False
"Cultural Revolution, Great Proletarian",Fine Arts,244,cultural revolution great proletarian,great proletarian cultural revolution,False
czar,Fine Arts,244,czar,,False
Dachau,Fine Arts,244,dachau,,False
"Danton, Georges",Fine Arts,244,danton georges,georges danton,False
D-Day,Fine Arts,245,d-day,,False
"De Gaulle, Charles",Fine Arts,245,de gaulle charles,charles de gaulle,False
Deng Xiaoping,Fine Arts,245,deng xiaoping,,False
de-Stalinization,Fine Arts,245,de-stalinization,,False
Dienbienphu,Fine Arts,245,dienbienphu,,False
"Disraeli, Benjamin",Fine Arts,245,disraeli benjamin,benjamin disraeli,False
divine right of kings,Fine Arts,245,divine right of kings,,False
"Doctor Livingstone, I presume?",Fine Arts,246,doctor livingstone i presume,i presume doctor livingstone,False
"Drake, Sir Francis",Fine Arts,246,drake sir francis,sir francis drake,False
Dreyfus aair,Fine Arts,246,dreyfus aair,,False
Dunkirk,Fine Arts,246,dunkirk,,False
Edwardian period,Fine Arts,246,edwardian period,,False
Elizabeth I,Fine Arts,246,elizabeth i,,False
Elizabeth II,Fine Arts,247,elizabeth ii,,False
"Engels, Friedrich",Fine Arts,247,engels friedrich,friedrich engels,False
Enlightenment,Fine Arts,247,enlightenment,,False
Falkland Islands,Fine Arts,247,falkland islands,,False
fth column,Fine Arts,247,fth column,,False
n de siècle,Fine Arts,247,n de siecle,,False
Final Solution,Fine Arts,247,final solution,,False
"France, fall of",Fine Arts,247,france fall of,,False
"Francis Ferdinand, Archduke",Fine Arts,247,francis ferdinand archduke,archduke francis ferdinand,False
"Franco, Francisco",Fine Arts,247,franco francisco,francisco franco,False
French Revolution,Fine Arts,248,french revolution,,False
"Führer, der",Fine Arts,248,fuhrer der,,False
"Gandhi, Mahatma (Mohandas Ka",Fine Arts,248,gandhi mahatma mohandas ka,mahatma mohandas ka gandhi,False
Gang of Four,Fine Arts,248,gang of four,,False
"Garibaldi, Giuseppe",Fine Arts,248,garibaldi giuseppe,giuseppe garibaldi,False
George III,Fine Arts,248,george iii,,False
ramchand,Fine Arts,248,ramchand,,False
Gestapo,Fine Arts,248,gestapo,,False
"Gladstone, William Ewart",Fine Arts,249,gladstone william ewart,william ewart gladstone,False
Glorious Revolution,Fine Arts,249,glorious revolution,,False
"Goebbels, Joseph",Fine Arts,249,goebbels joseph,joseph goebbels,False
"Goering (or Göring), Hermann",Fine Arts,249,goering or goring hermann,hermann goering or goring,False
goose step,Fine Arts,249,goose step,,False
"Gorbachev, Mikhail",Fine Arts,249,gorbachev mikhail,mikhail gorbachev,False
Great War,Fine Arts,249,great war,,False
"Guevara, Ernesto “Che”",Fine Arts,249,guevara ernesto “che”,ernesto “che” guevara,False
guillotine,Fine Arts,250,guillotine,,False
"Hammarskjöld, Dag",Fine Arts,250,hammarskjold dag,dag hammarskjold,False
"Hanover, House of",Fine Arts,250,hanover house of,house of hanover,False
Hapsburgs,Fine Arts,250,hapsburgs,,False
"Himmler, Heinrich",Fine Arts,250,himmler heinrich,heinrich himmler,False
Ho Chi Minh,Fine Arts,251,ho chi minh,,False
Huguenots,Fine Arts,251,huguenots,,False
"Hussein, Saddam",Fine Arts,251,hussein saddam,saddam hussein,False
International,Fine Arts,251,international,,False
Iron Curtain,Fine Arts,251,iron curtain,,False
Ivan the Terrible,Fine Arts,251,ivan the terrible,,False
Jack the Ripper,Fine Arts,251,jack the ripper,,False
Jacobins,Fine Arts,252,jacobins,,False
"John Paul II, Pope",Fine Arts,252,john paul ii pope,pope john paul ii,False
Kaiser,Fine Arts,252,kaiser,,False
kamikaze,Fine Arts,252,kamikaze,,False
Khmer Rouge,Fine Arts,252,khmer rouge,,False
"Khomeini, Ayatollah Ruhollah",Fine Arts,252,khomeini ayatollah ruhollah,ayatollah ruhollah khomeini,False
"Khrushchev, Nikita",Fine Arts,252,khrushchev nikita,nikita khrushchev,False
"Kidd, Captain William",Fine Arts,252,kidd captain william,captain william kidd,False
Klondike gold rush,Fine Arts,252,klondike gold rush,,False
Kuomintang,Fine Arts,252,kuomintang,,False
Lawrence of Arabia,Fine Arts,252,lawrence of arabia,,False
League of Nations,Fine Arts,252,league of nations,,False
Lenin,Fine Arts,253,lenin,,False
"Lloyd George, David",Fine Arts,253,lloyd george david,david lloyd george,False
Long March,Fine Arts,253,long march,,False
Louis XIV,Fine Arts,253,louis xiv,,False
Louis XVI,Fine Arts,253,louis xvi,,False
Luddites,Fine Arts,253,luddites,,False
Luftwae,Fine Arts,253,luftwae,,False
Lusitania,Fine Arts,253,lusitania,,False
Maginot line,Fine Arts,254,maginot line,,False
Manchu dynasty,Fine Arts,254,manchu dynasty,,False
"Mandela, Nelson",Fine Arts,254,mandela nelson,nelson mandela,False
Mao Zedong (Mao Tse-tung),Fine Arts,254,mao zedong mao tse-tung,,False
Maoism,Fine Arts,254,maoism,,False
"Marat, Jean-Paul",Fine Arts,255,marat jean-paul,jean-paul marat,False
Marie Antoinette,Fine Arts,255,marie antoinette,,False
Marshall Plan,Fine Arts,255,marshall plan,,False
master race,Fine Arts,255,master race,,False
Mata Hari,Fine Arts,255,mata hari,,False
Meiji Restoration,Fine Arts,255,meiji restoration,,False
Mein Kampf,Fine Arts,255,mein kampf,,False
"Meir, Golda",Fine Arts,255,meir golda,golda meir,False
"Metternich, Prince Clemens von",Fine Arts,255,metternich prince clemens von,prince clemens von metternich,False
"Milosevic, Slobodan",Fine Arts,255,milosevic slobodan,slobodan milosevic,False
Moguls (or Mughals),Fine Arts,255,moguls or mughals,,False
"Montessori, Maria",Fine Arts,256,montessori maria,maria montessori,False
"Montgomery, Bernard",Fine Arts,256,montgomery bernard,bernard montgomery,False
Mother Teresa,Fine Arts,256,mother teresa,,False
Munich Pact,Fine Arts,256,munich pact,,False
Napoleon Bonaparte,Fine Arts,256,napoleon bonaparte,,False
"Nasser, Gamal Abdel",Fine Arts,256,nasser gamal abdel,gamal abdel nasser,False
Nationalist China,Fine Arts,256,nationalist china,,False
Nazism,Fine Arts,258,nazism,,False
Nazi-Soviet Non-Aggression Pact,Fine Arts,258,nazi-soviet non-aggression pact,,False
"Nehru, Jawaharlal",Fine Arts,258,nehru jawaharlal,jawaharlal nehru,False
"Nelson, Admiral Horatio",Fine Arts,258,nelson admiral horatio,admiral horatio nelson,False
New World,Fine Arts,258,new world,,False
"Nightingale, Florence",Fine Arts,258,nightingale florence,florence nightingale,False
"Nkrumah, Kwame",Fine Arts,259,nkrumah kwame,kwame nkrumah,False
"Normandy, invasion of",Fine Arts,259,normandy invasion of,,False
nuclear testing,Fine Arts,259,nuclear testing,,False
Nuremberg trials,Fine Arts,259,nuremberg trials,,False
October Revolution,Fine Arts,259,october revolution,,False
Old World,Fine Arts,259,old world,,False
"Perón, Eva",Fine Arts,259,peron eva,eva peron,False
"Perón, Juan",Fine Arts,259,peron juan,juan peron,False
Persian Gulf War,Fine Arts,259,persian gulf war,,False
Peter the Great,Fine Arts,259,peter the great,,False
"William Pitt, the Elder",Fine Arts,259,william pitt the elder,,False
"Poland, invasion of",Fine Arts,259,poland invasion of,,False
"potato famine, Irish",Fine Arts,260,potato famine irish,irish potato famine,False
Puritans,Fine Arts,260,puritans,,False
"Putin, Vladimir",Fine Arts,260,putin vladimir,vladimir putin,False
"Qadda, Muammar",Fine Arts,260,qadda muammar,muammar qadda,False
"Quisling, Vidkun",Fine Arts,260,quisling vidkun,vidkun quisling,False
"Rabin, Yitzhak",Fine Arts,260,rabin yitzhak,yitzhak rabin,False
RAF,Fine Arts,260,raf,,False
"Raleigh, Sir Walter",Fine Arts,260,raleigh sir walter,sir walter raleigh,False
"Rasputin, Grigori",Fine Arts,260,rasputin grigori,grigori rasputin,False
"Reason, Age of",Fine Arts,260,reason age of,age of reason,False
Red Guards,Fine Arts,260,red guards,,False
Reign of Terror,Fine Arts,261,reign of terror,,False
"Resistance, Free French",Fine Arts,261,resistance free french,free french resistance,False
Restoration,Fine Arts,261,restoration,,False
Revolutions of,Fine Arts,261,revolutions of,,False
"Richelieu, Cardinal",Fine Arts,261,richelieu cardinal,cardinal richelieu,False
Robespierre,Fine Arts,261,robespierre,,False
Romanovs,Fine Arts,261,romanovs,,False
"Rommel, Erwin",Fine Arts,261,rommel erwin,erwin rommel,False
Rothschilds,Fine Arts,261,rothschilds,,False
Russo-Japanese War,Fine Arts,262,russo-japanese war,,False
Rwandan Genocide,Fine Arts,262,rwandan genocide,,False
"Sadat, Anwar",Fine Arts,262,sadat anwar,anwar sadat,False
"Sakharov, Andrei",Fine Arts,262,sakharov andrei,andrei sakharov,False
"Schweitzer, Albert",Fine Arts,262,schweitzer albert,albert schweitzer,False
Seven Years’ War,Fine Arts,262,seven years’ war,,False
shoguns,Fine Arts,263,shoguns,,False
Six-Day War,Fine Arts,263,six-day war,,False
"Stalingrad, Battle of",Fine Arts,264,stalingrad battle of,battle of stalingrad,False
Stalinism,Fine Arts,264,stalinism,,False
Stalin’s purge trials,Fine Arts,264,stalin’s purge trials,,False
Star Chamber,Fine Arts,264,star chamber,,False
Stuarts,Fine Arts,264,stuarts,,False
Suez Canal crisis,Fine Arts,264,suez canal crisis,,False
Suharto,Fine Arts,264,suharto,,False
Sukarno,Fine Arts,264,sukarno,,False
Sun King,Fine Arts,264,sun king,,False
"Thatcher, Margaret",Fine Arts,264,thatcher margaret,margaret thatcher,False
Third Reich,Fine Arts,265,third reich,,False
Thirty Years’ War,Fine Arts,265,thirty years’ war,,False
Tiananmen Square,Fine Arts,265,tiananmen square,,False
Titanic,Fine Arts,265,titanic,,False
"Tito, Marshal",Fine Arts,265,tito marshal,marshal tito,False
"Trafalgar, Battle of",Fine Arts,265,trafalgar battle of,battle of trafalgar,False
trench warfare,Fine Arts,265,trench warfare,,False
"Trotsky, Leon",Fine Arts,265,trotsky leon,leon trotsky,False
"Trudeau, Pierre Elliott",Fine Arts,265,trudeau pierre elliott,pierre elliott trudeau,False
Tudors,Fine Arts,265,tudors,,False
U-boats,Fine Arts,265,u-boats,,False
Vatican II,Fine Arts,265,vatican ii,,False
V-E Day,Fine Arts,265,v-e day,,False
"Versailles, Treaty of",Fine Arts,265,versailles treaty of,treaty of versailles,False
Vichy government,Fine Arts,266,vichy government,,False
Victorian period,Fine Arts,266,victorian period,,False
"Vienna, Congress of",Fine Arts,266,vienna congress of,congress of vienna,False
Viet Cong,Fine Arts,266,viet cong,,False
"Villa, Pancho",Fine Arts,266,villa pancho,pancho villa,False
V-J Day,Fine Arts,267,v-j day,,False
"Walesa, Lech",Fine Arts,267,walesa lech,lech walesa,False
war crimes,Fine Arts,267,war crimes,,False
"Waterloo, Battle of",Fine Arts,267,waterloo battle of,battle of waterloo,False
"Wellington, duke of",Fine Arts,267,wellington duke of,,False
white man’s burden,Fine Arts,268,white man’s burden,,False
Wilhelm II,Fine Arts,268,wilhelm ii,,False
William and Mary,Fine Arts,268,william and mary,,False
"Windsor, duke of",Fine Arts,268,windsor duke of,,False
Yalta agreement,World History to 1550,271,yalta agreement,,False
"Yeltsin, Boris",World History to 1550,271,yeltsin boris,boris yeltsin,False
"Zapata, Emiliano",World History to 1550,271,zapata emiliano,emiliano zapata,False
Zhou En-lai (Chou En-lai),World History to 1550,271,zhou en-lai chou en-lai,,False
abolitionism,World History to 1550,273,abolitionism,,False
"Adams, John Quincy",World History to 1550,273,adams john quincy,john quincy adams,False
"Adams, Samuel",World History to 1550,273,adams samuel,samuel adams,False
Alamo,World History to 1550,273,alamo,,False
Alien and Sedition Acts,World History to 1550,273,alien and sedition acts,,False
The American Crisis,World History to 1550,273,american crisis,,False
antebellum,World History to 1550,273,antebellum,,False
"Appleseed, Johnny",World History to 1550,274,appleseed johnny,johnny appleseed,False
Appomattox Court House,World History to 1550,274,appomattox court house,,False
"Arnold, Benedict",World History to 1550,274,arnold benedict,benedict arnold,False
Articles of Confederation,World History to 1550,274,articles of confederation,,False
"Attucks, Crispus",World History to 1550,274,attucks crispus,crispus attucks,False
"Banneker, Benjamin",World History to 1550,274,banneker benjamin,benjamin banneker,False
Bill of Rights,World History to 1550,274,bill of rights,,False
Blue and the Gray,World History to 1550,274,blue and the gray,,False
"Boone, Daniel",World History to 1550,274,boone daniel,daniel boone,False
"Booth, John Wilkes",World History to 1550,274,booth john wilkes,john wilkes booth,False
Boston Massacre,World History to 1550,275,boston massacre,,False
Boston Tea Party,World History to 1550,275,boston tea party,,False
"Bull Run, Battle of",World History to 1550,275,bull run battle of,battle of bull run,False
"Bunker Hill, Battle of",World History to 1550,275,bunker hill battle of,battle of bunker hill,False
"Burr, Aaron",World History to 1550,275,burr aaron,aaron burr,False
Burr-Hamilton duel,World History to 1550,275,burr-hamilton duel,,False
"Calhoun, John C.",World History to 1550,275,calhoun john c.,john c. calhoun,False
"Carson, Kit",World History to 1550,276,carson kit,kit carson,False
"Chancellorsville, Battle of",World History to 1550,276,chancellorsville battle of,battle of chancellorsville,False
Cherokees,World History to 1550,276,cherokees,,False
"Clay, Henry",World History to 1550,276,clay henry,henry clay,False
Common Sense,World History to 1550,276,common sense,,False
Compromise of,World History to 1550,276,compromise of,,False
Constitution,World History to 1550,278,constitution,,False
Constitutional Convention,World History to 1550,278,constitutional convention,,False
Continental Congress,World History to 1550,278,continental congress,,False
"Cornwallis, Charles",World History to 1550,278,cornwallis charles,charles cornwallis,False
"Coronado, Francisco",World History to 1550,278,coronado francisco,francisco coronado,False
covered wagon,World History to 1550,278,covered wagon,,False
"Crockett, Davy",World History to 1550,278,crockett davy,davy crockett,False
Damn the torpedoes,World History to 1550,278,damn the torpedoes,,False
"Davis, Jeerson",World History to 1550,278,davis jeerson,jeerson davis,False
Declaration of Independence,World History to 1550,278,declaration of independence,,False
"Dix, Dorothea",World History to 1550,279,dix dorothea,dorothea dix,False
Don’t re until you see the whites of their eyes,World History to 1550,279,don’t re until you see the whites of their eyes,,False
"Douglas, Stephen A.",World History to 1550,279,douglas stephen a.,stephen a. douglas,False
"Douglass, Frederick W.",World History to 1550,280,douglass frederick w.,frederick w. douglass,False
Dred Scott decision,World History to 1550,280,dred scott decision,,False
"Edwards, Jonathan",World History to 1550,280,edwards jonathan,jonathan edwards,False
Emancipation Proclamation,World History to 1550,280,emancipation proclamation,,False
entangling alliances with none,World History to 1550,280,entangling alliances with none,,False
Erie Canal,World History to 1550,280,erie canal,,False
"Farewell Address, Washington’s",World History to 1550,280,farewell address washington’s,washington’s farewell address,False
"Farragut, David",World History to 1550,280,farragut david,david farragut,False
father of his country,World History to 1550,280,father of his country,,False
The Federalist Papers,World History to 1550,280,federalist papers,,False
Federalist party,World History to 1550,280,federalist party,,False
First Amendment,World History to 1550,280,first amendment,,False
"First in war, rst in peace, and rst in th",World History to 1550,281,first in war rst in peace and rst in th,,False
his countrymen,World History to 1550,281,his countrymen,,False
forty-niners,World History to 1550,281,forty-niners,,False
Founding Fathers,World History to 1550,281,founding fathers,,False
Fourth of July,World History to 1550,281,fourth of july,,False
French and Indian War,World History to 1550,281,french and indian war,,False
e hearts of,World History to 1550,281,e hearts of,,False
"Garrison, William Lloyd",World History to 1550,281,garrison william lloyd,william lloyd garrison,False
Gettysburg Address,World History to 1550,282,gettysburg address,,False
Give me liberty or give me death,World History to 1550,282,give me liberty or give me death,,False
"Go west, young man",World History to 1550,282,go west young man,,False
"gold rush, California",World History to 1550,282,gold rush california,california gold rush,False
"government of the people, by the peop",World History to 1550,282,government of the people by the peop,,False
the people,World History to 1550,282,people,,False
"Grant, Ulysses S.",World History to 1550,282,grant ulysses s.,ulysses s. grant,False
"Greeley, Horace",World History to 1550,282,greeley horace,horace greeley,False
"Hale, Nathan",World History to 1550,282,hale nathan,nathan hale,False
"Hamilton, Alexander",World History to 1550,282,hamilton alexander,alexander hamilton,False
"le, and for",World History to 1550,282,le and for,,False
"Hancock, John",World History to 1550,283,hancock john,john hancock,False
Harpers Ferry,World History to 1550,283,harpers ferry,,False
"Hemings, Sally",World History to 1550,283,hemings sally,sally hemings,False
"Henry, Patrick",World History to 1550,283,henry patrick,patrick henry,False
Homestead Act,World History to 1550,283,homestead act,,False
“House Divided” speech,World History to 1550,283,“house divided” speech,,False
"Houston, Sam",World History to 1550,283,houston sam,sam houston,False
"Hudson, Henry",World History to 1550,283,hudson henry,henry hudson,False
I cannot tell a lie,World History to 1550,283,i cannot tell a lie,,False
I have not yet begun to ght,World History to 1550,283,i have not yet begun to ght,,False
I only regret that I have but one life to lose for my,World History to 1550,283,i only regret that i have but one life to lose for my,,False
country,World History to 1550,283,country,,False
indentured servant,World History to 1550,283,indentured servant,,False
Intolerable Acts,World History to 1550,283,intolerable acts,,False
Iroquois League,World History to 1550,284,iroquois league,,False
"Jackson, Andrew",World History to 1550,284,jackson andrew,andrew jackson,False
"Jackson, “Stonewall”",World History to 1550,284,jackson “stonewall”,,False
Jacksonian democracy,World History to 1550,284,jacksonian democracy,,False
Jamestown,World History to 1550,284,jamestown,,False
"Jeerson, Thomas",World History to 1550,284,jeerson thomas,thomas jeerson,False
Jeersonian democracy,World History to 1550,284,jeersonian democracy,,False
Jeersonianism versus Hamiltonianism,World History to 1550,285,jeersonianism versus hamiltonianism,,False
"Jones, John Paul",World History to 1550,285,jones john paul,john paul jones,False
Kansas-Nebraska Act,World History to 1550,285,kansas-nebraska act,,False
Know-Nothings,World History to 1550,285,know-nothings,,False
"Lafayette, Marquis de",World History to 1550,285,lafayette marquis de,marquis de lafayette,False
"Latte, Jean",World History to 1550,285,latte jean,jean latte,False
"Lee, Robert E.",World History to 1550,285,lee robert e.,robert e. lee,False
Lewis and Clark expedition,World History to 1550,285,lewis and clark expedition,,False
"Lexington and Concord, Battle of",World History to 1550,286,lexington and concord battle of,battle of lexington and concord,False
Lincoln-Douglas debates,World History to 1550,287,lincoln-douglas debates,,False
Lincoln’s second inaugural address,World History to 1550,287,lincoln’s second inaugural address,,False
Louisiana Purchase,World History to 1550,287,louisiana purchase,,False
"Madison, Dolley  Dolly",World History to 1550,287,madison dolley dolly,dolley dolly madison,False
"Madison, James",World History to 1550,287,madison james,james madison,False
manifest destiny,World History to 1550,287,manifest destiny,,False
"Mann, Horace",World History to 1550,287,mann horace,horace mann,False
Marbury versus Madison,World History to 1550,287,marbury versus madison,,False
"Marion, Francis",World History to 1550,287,marion francis,francis marion,False
"Marshall, John",World History to 1550,287,marshall john,john marshall,False
Mason-Dixon line,World History to 1550,287,mason-dixon line,,False
"Mather, Cotton",World History to 1550,288,mather cotton,cotton mather,False
Mayower,World History to 1550,288,mayower,,False
Mayower Compact,World History to 1550,288,mayower compact,,False
McGuey’s Readers,World History to 1550,288,mcguey’s readers,,False
Mexican War,World History to 1550,288,mexican war,,False
Minutemen,World History to 1550,288,minutemen,,False
Missouri Compromise,World History to 1550,288,missouri compromise,,False
versus MonitorMerrimack,World History to 1550,288,versus monitormerrimack,,False
"Monroe, James",World History to 1550,288,monroe james,james monroe,False
Monroe Doctrine,World History to 1550,289,monroe doctrine,,False
"Morse, Samuel F. B.",World History to 1550,289,morse samuel f. b.,samuel f. b. morse,False
Navajos,World History to 1550,289,navajos,,False
New Amsterdam,World History to 1550,289,new amsterdam,,False
Northwest Ordinance,World History to 1550,289,northwest ordinance,,False
Northwest Passage,World History to 1550,289,northwest passage,,False
nullication,World History to 1550,289,nullication,,False
"One if by land, and two if by sea",World History to 1550,289,one if by land and two if by sea,,False
"Paine, Thomas",World History to 1550,289,paine thomas,thomas paine,False
"Penn, William",World History to 1550,289,penn william,william penn,False
Pennsylvania Dutch,World History to 1550,289,pennsylvania dutch,,False
Pilgrims,World History to 1550,290,pilgrims,,False
Plymouth Colony,World History to 1550,290,plymouth colony,,False
Plymouth Rock,World History to 1550,290,plymouth rock,,False
Pocahontas,World History to 1550,290,pocahontas,,False
"Polk, James K.",World History to 1550,290,polk james k.,james k. polk,False
Pony Express,World History to 1550,290,pony express,,False
Preamble to the Constitution,World History to 1550,290,preamble to the constitution,,False
Pueblos,World History to 1550,290,pueblos,,False
Remember the Alamo!,World History to 1550,290,remember the alamo,,False
Republican party,World History to 1550,290,republican party,,False
"Revere, Paul",World History to 1550,290,revere paul,paul revere,False
Revolutionary War,World History to 1550,291,revolutionary war,,False
"Ross, Betsy",World History to 1550,291,ross betsy,betsy ross,False
Sacajawea,World History to 1550,291,sacajawea,,False
Salem witch trials,World History to 1550,291,salem witch trials,,False
"Saratoga, Battle of",World History to 1550,291,saratoga battle of,battle of saratoga,False
secession,World History to 1550,291,secession,,False
Seminoles,World History to 1550,291,seminoles,,False
Seneca Falls Convention,World History to 1550,291,seneca falls convention,,False
Shakers,World History to 1550,291,shakers,,False
Shawnees,World History to 1550,293,shawnees,,False
Shays’s Rebellion,World History to 1550,293,shays’s rebellion,,False
"Sherman, William Tecumseh",World History to 1550,293,sherman william tecumseh,william tecumseh sherman,False
Sherman’s march to the sea,World History to 1550,293,sherman’s march to the sea,,False
shot heard round the world,World History to 1550,293,shot heard round the world,,False
slave trade,World History to 1550,293,slave trade,,False
"Smith, Captain John",World History to 1550,293,smith captain john,captain john smith,False
Stamp Act,World History to 1550,293,stamp act,,False
"Stuyvesant, Peter",World History to 1550,293,stuyvesant peter,peter stuyvesant,False
"Sumter, Fort",World History to 1550,293,sumter fort,fort sumter,False
Taxation without representation is tyranny,World History to 1550,293,taxation without representation is tyranny,,False
Tecumseh,World History to 1550,294,tecumseh,,False
These are the times that try men’s souls,World History to 1550,294,these are the times that try men’s souls,,False
thirteen colonies,World History to 1550,294,thirteen colonies,,False
Tippecanoe and Tyler too,World History to 1550,294,tippecanoe and tyler too,,False
"Tocqueville, Alexis de",World History to 1550,294,tocqueville alexis de,alexis de tocqueville,False
Trail of Tears,World History to 1550,294,trail of tears,,False
"Truth, Sojourner",World History to 1550,294,truth sojourner,sojourner truth,False
"Tubman, Harriet",World History to 1550,294,tubman harriet,harriet tubman,False
Valley Forge,World History to 1550,295,valley forge,,False
Virginia and Kentucky Resolutions,World History to 1550,295,virginia and kentucky resolutions,,False
Virginia dynasty,World History to 1550,295,virginia dynasty,,False
wampum,World History to 1550,295,wampum,,False
War of,World History to 1550,295,war of,,False
"Washington, George",World History to 1550,295,washington george,george washington,False
"Webster, Daniel",World History to 1550,296,webster daniel,daniel webster,False
"Webster, Noah",World History to 1550,296,webster noah,noah webster,False
"We have met the enemy, and they are ours",World History to 1550,296,we have met the enemy and they are ours,,False
Whig party,World History to 1550,296,whig party,,False
Whisky Rebellion,World History to 1550,296,whisky rebellion,,False
"Williams, Roger",World History since 1550,297,williams roger,roger williams,False
"Winthrop, John",World History since 1550,297,winthrop john,john winthrop,False
Women’s Christian Temperance Union (WCTU),World History since 1550,297,women’s christian temperance union wctu,,False
"Yorktown, Battle of",World History since 1550,297,yorktown battle of,battle of yorktown,False
"Aaron, Henry (Hank Aaron)",World History since 1550,299,aaron henry hank aaron,henry hank aaron aaron,False
"Addams, Jane",World History since 1550,299,addams jane,jane addams,False
"Agnew, Spiro",World History since 1550,299,agnew spiro,spiro agnew,False
"Albright, Madeleine",World History since 1550,299,albright madeleine,madeleine albright,False
"Ali, Muhammad",World History since 1550,300,ali muhammad,muhammad ali,False
"Anthony, Susan B.",World History since 1550,300,anthony susan b.,susan b. anthony,False
Apaches,World History since 1550,300,apaches,,False
Apollo,World History since 1550,300,apollo,,False
"Ashe, Arthur",World History since 1550,300,ashe arthur,arthur ashe,False
Ask not what your country can do for you; ask,World History since 1550,300,ask not what your country can do for you ask,,False
what you can do for your country,World History since 1550,300,what you can do for your country,,False
decisionBakke,World History since 1550,300,decisionbakke,,False
"Barton, Clara",World History since 1550,300,barton clara,clara barton,False
Bay of Pigs,World History since 1550,300,bay of pigs,,False
"Bethune, Mary McLeod",World History since 1550,301,bethune mary mcleod,mary mcleod bethune,False
big stick diplomacy,World History since 1550,301,big stick diplomacy,,False
Big Ten,World History since 1550,301,big ten,,False
Billy the Kid,World History since 1550,301,billy the kid,,False
"Black, Hugo",World History since 1550,301,black hugo,hugo black,False
Black Muslims,World History since 1550,301,black muslims,,False
Black Panthers,World History since 1550,301,black panthers,,False
Black Power,World History since 1550,301,black power,,False
"Borden, Lizzie",World History since 1550,301,borden lizzie,lizzie borden,False
"Bradley, Omar",World History since 1550,301,bradley omar,omar bradley,False
brain trust,World History since 1550,301,brain trust,,False
"Brandeis, Louis D.",World History since 1550,301,brandeis louis d.,louis d. brandeis,False
( deci-Brown versus Board of EducationBrown,World History since 1550,301,deci-brown versus board of educationbrown,,False
sion),World History since 1550,301,sion,,False
"Bryan, William Jennings",World History since 1550,302,bryan william jennings,william jennings bryan,False
Bualo Bill,World History since 1550,302,bualo bill,,False
"Bunche, Ralph",World History since 1550,302,bunche ralph,ralph bunche,False
"Bush, George H. W.",World History since 1550,302,bush george h. w.,george h. w. bush,False
The business of America is business,World History since 1550,302,business of america is business,,False
"Byrd, Richard E.",World History since 1550,302,byrd richard e.,richard e. byrd,False
carpetbaggers,World History since 1550,302,carpetbaggers,,False
"Carter, James Earl (Jimmy Carter)",World History since 1550,303,carter james earl jimmy carter,james earl jimmy carter carter,False
"Carver, George Washington",World History since 1550,303,carver george washington,george washington carver,False
Chappaquiddick incident,World History since 1550,303,chappaquiddick incident,,False
Chief Joseph,World History since 1550,303,chief joseph,,False
child labor laws,World History since 1550,303,child labor laws,,False
Chinese Exclusion Act of,World History since 1550,303,chinese exclusion act of,,False
Civil Rights Act of,World History since 1550,303,civil rights act of,,False
"Cleveland, Grover",World History since 1550,304,cleveland grover,grover cleveland,False
"Clinton, Hillary Rodham",World History since 1550,304,clinton hillary rodham,hillary rodham clinton,False
"Clinton, William Jeerson (Bill)",World History since 1550,304,clinton william jeerson bill,william jeerson bill clinton,False
Clinton impeachment,World History since 1550,304,clinton impeachment,,False
"Cobb, Ty",World History since 1550,304,cobb ty,ty cobb,False
Congress on Racial Equality (CORE),World History since 1550,304,congress on racial equality core,,False
containment,World History since 1550,304,containment,,False
"Coolidge, Calvin",World History since 1550,304,coolidge calvin,calvin coolidge,False
"Crash of , stock market",World History since 1550,305,crash of stock market,,False
Crazy Horse,World History since 1550,305,crazy horse,,False
Cross of Gold speech,World History since 1550,305,cross of gold speech,,False
Cuban missile crisis,World History since 1550,305,cuban missile crisis,,False
Custer’s last stand,World History since 1550,305,custer’s last stand,,False
"Daley, Richard",World History since 1550,305,daley richard,richard daley,False
"Darrow, Clarence",World History since 1550,305,darrow clarence,clarence darrow,False
A date which will live in infamy,World History since 1550,305,date which will live in infamy,,False
Dawes Act of,World History since 1550,305,dawes act of,,False
"Debs, Eugene V.",World History since 1550,306,debs eugene v.,eugene v. debs,False
"Dewey, John",World History since 1550,306,dewey john,john dewey,False
"Dillinger, John",World History since 1550,306,dillinger john,john dillinger,False
doughboys,World History since 1550,306,doughboys,,False
"Douglas, William O.",World History since 1550,306,douglas william o.,william o. douglas,False
"DuBois, W. E. B.",World History since 1550,306,dubois w. e. b.,w. e. b. dubois,False
"Dulles, John Foster",World History since 1550,306,dulles john foster,john foster dulles,False
"Earhart, Amelia",World History since 1550,307,earhart amelia,amelia earhart,False
"Earp, Wyatt",World History since 1550,307,earp wyatt,wyatt earp,False
"Eisenhower, Dwight D. (Ike)",World History since 1550,307,eisenhower dwight d. ike,dwight d. ike eisenhower,False
Ellis Island,World History since 1550,307,ellis island,,False
"Farmer, Fannie",World History since 1550,307,farmer fannie,fannie farmer,False
"Ferraro, Geraldine",World History since 1550,307,ferraro geraldine,geraldine ferraro,False
reside chats,World History since 1550,308,reside chats,,False
appers,World History since 1550,308,appers,,False
"Ford, Gerald",World History since 1550,308,ford gerald,gerald ford,False
Four Freedoms,World History since 1550,308,four freedoms,,False
Fourteen Points,World History since 1550,308,fourteen points,,False
"Frankfurter, Felix",World History since 1550,308,frankfurter felix,felix frankfurter,False
Freedom Riders,World History since 1550,308,freedom riders,,False
"Friedan, Betty",World History since 1550,308,friedan betty,betty friedan,False
Fulbright scholarships,World History since 1550,309,fulbright scholarships,,False
"Gareld, James A.",World History since 1550,309,gareld james a.,james a. gareld,False
"Garvey, Marcus",World History since 1550,309,garvey marcus,marcus garvey,False
"Gehrig, Lou",World History since 1550,309,gehrig lou,lou gehrig,False
Geronimo,World History since 1550,309,geronimo,,False
GI Bill,World History since 1550,309,gi bill,,False
GI Joe,World History since 1550,309,gi joe,,False
"Gilman, Charlotte P.",World History since 1550,309,gilman charlotte p.,charlotte p. gilman,False
"Gompers, Samuel",World History since 1550,309,gompers samuel,samuel gompers,False
"Graham, Billy",World History since 1550,309,graham billy,billy graham,False
Great Society,World History since 1550,309,great society,,False
Griswold versus Connecticut,World History since 1550,309,griswold versus connecticut,,False
"Halsey, William F.",World History since 1550,310,halsey william f.,william f. halsey,False
Harding scandals,World History since 1550,310,harding scandals,,False
"Hickok, Wild Bill",World History since 1550,310,hickok wild bill,wild bill hickok,False
"Hiss, Alger",World History since 1550,310,hiss alger,alger hiss,False
"Hoa, Jimmy",World History since 1550,310,hoa jimmy,jimmy hoa,False
"Holmes, Oliver Wendell, Jr.",World History since 1550,310,holmes oliver wendell jr.,oliver wendell jr. holmes,False
"Hoover, Herbert",World History since 1550,310,hoover herbert,herbert hoover,False
"Hoover, J. Edgar",World History since 1550,310,hoover j. edgar,j. edgar hoover,False
Hoovervilles,World History since 1550,311,hoovervilles,,False
I have a dream,World History since 1550,311,i have a dream,,False
I shall return,World History since 1550,311,i shall return,,False
Iran-Contra aair,World History since 1550,311,iran-contra aair,,False
Ivy League,World History since 1550,311,ivy league,,False
Iwo Jima,World History since 1550,311,iwo jima,,False
"Jackson, Jesse",World History since 1550,311,jackson jesse,jesse jackson,False
"James, Jesse",World History since 1550,311,james jesse,jesse james,False
"Japanese Americans, internment of",World History since 1550,311,japanese americans internment of,,False
Jim Crow,World History since 1550,311,jim crow,,False
John Birch Society,World History since 1550,311,john birch society,,False
"Johnson, Andrew",World History since 1550,312,johnson andrew,andrew johnson,False
"Johnson, Lyndon Baines (LBJ)",World History since 1550,312,johnson lyndon baines lbj,lyndon baines lbj johnson,False
"Keller, Helen",World History since 1550,312,keller helen,helen keller,False
"Kennedy, Edward (Ted)",World History since 1550,312,kennedy edward ted,edward ted kennedy,False
"Kennedy, John F. (JFK)",World History since 1550,312,kennedy john f. jfk,john f. jfk kennedy,False
"Kennedy, Robert",World History since 1550,313,kennedy robert,robert kennedy,False
Kent State,World History since 1550,313,kent state,,False
Kentucky Derby,World History since 1550,313,kentucky derby,,False
"King, Martin Luther, Jr.",World History since 1550,313,king martin luther jr.,martin luther jr. king,False
"Kissinger, Henry",World History since 1550,314,kissinger henry,henry kissinger,False
Ku Klux Klan (KKK),World History since 1550,314,ku klux klan kkk,,False
"La Guardia, Fiorello",World History since 1550,314,la guardia fiorello,fiorello la guardia,False
"Lafayette, we are here",World History since 1550,314,lafayette we are here,,False
“Letter from Birmingham Jail”,World History since 1550,314,“letter from birmingham jail”,,False
"Lindbergh, Charles A.",World History since 1550,315,lindbergh charles a.,charles a. lindbergh,False
"Lippmann, Walter",World History since 1550,315,lippmann walter,walter lippmann,False
"Louis, Joe",World History since 1550,315,louis joe,joe louis,False
lynch law,World History since 1550,315,lynch law,,False
"MacArthur, Douglas",World History since 1550,315,macarthur douglas,douglas macarthur,False
Maa,World History since 1550,315,maa,,False
Malcolm X,World History since 1550,315,malcolm x,,False
Manhattan Project,World History since 1550,315,manhattan project,,False
"Marshall, George C.",World History since 1550,316,marshall george c.,george c. marshall,False
"Marshall, Thurgood",World History since 1550,316,marshall thurgood,thurgood marshall,False
massive resistance,World History since 1550,316,massive resistance,,False
"McCarthy, Joseph R.",World History since 1550,316,mccarthy joseph r.,joseph r. mccarthy,False
"McGovern, George",World History since 1550,316,mcgovern george,george mcgovern,False
"McKinley, William",World History since 1550,316,mckinley william,william mckinley,False
"Midway Island, Battle of",World History since 1550,316,midway island battle of,battle of midway island,False
militia movement of the s,World History since 1550,317,militia movement of the s,,False
muckrakers,World History since 1550,317,muckrakers,,False
"Murrow, Edward R.",World History since 1550,317,murrow edward r.,edward r. murrow,False
My Lai massacre,World History since 1550,317,my lai massacre,,False
"Nation, Carry",World History since 1550,317,nation carry,carry nation,False
National Origins Act of,World History since 1550,317,national origins act of,,False
New Deal,World History since 1550,317,new deal,,False
New Frontier,World History since 1550,317,new frontier,,False
New Left,World History since 1550,317,new left,,False
"Nimitz, Admiral Chester",World History since 1550,317,nimitz admiral chester,admiral chester nimitz,False
Nisei,World History since 1550,317,nisei,,False
normalcy,World History since 1550,318,normalcy,,False
"O’Connor, Sandra Day",World History since 1550,318,o’connor sandra day,sandra day o’connor,False
Oklahoma City Bombing,World History since 1550,318,oklahoma city bombing,,False
"Onassis, Jacqueline Kennedy",World History since 1550,318,onassis jacqueline kennedy,jacqueline kennedy onassis,False
The only thing we have to fear is fear itself,World History since 1550,318,only thing we have to fear is fear itself,,False
"Oswald, Lee Harvey",World History since 1550,318,oswald lee harvey,lee harvey oswald,False
"Owens, Jesse",World History since 1550,318,owens jesse,jesse owens,False
"Parks, Rosa",World History since 1550,319,parks rosa,rosa parks,False
"Patton, George",World History since 1550,319,patton george,george patton,False
"Paul, Alice",World History since 1550,319,paul alice,alice paul,False
"Peary, Robert E.",World History since 1550,319,peary robert e.,robert e. peary,False
Pentagon Papers,World History since 1550,319,pentagon papers,,False
"Perkins, Frances",World History since 1550,319,perkins frances,frances perkins,False
"Perot, H. Ross",World History since 1550,319,perot h. ross,h. ross perot,False
"Pershing, John",World History since 1550,320,pershing john,john pershing,False
Plessy versus Ferguson,World History since 1550,320,plessy versus ferguson,,False
Populist party,World History since 1550,320,populist party,,False
"Powell, Colin",World History since 1550,320,powell colin,colin powell,False
progressive education,World History since 1550,320,progressive education,,False
Progressive movement,World History since 1550,320,progressive movement,,False
The public be damned,World History since 1550,321,public be damned,,False
"Rankin, Jeanette",World History since 1550,321,rankin jeanette,jeanette rankin,False
Red Scare,World History since 1550,322,red scare,,False
Religious Right,World History since 1550,322,religious right,,False
Remember the Maine,World History since 1550,322,remember the maine,,False
Republican party,World History since 1550,322,republican party,,False
"Robinson, Jackie",World History since 1550,322,robinson jackie,jackie robinson,False
"Rockefeller, Nelson",World History since 1550,322,rockefeller nelson,nelson rockefeller,False
Roe versus Wade,World History since 1550,322,roe versus wade,,False
"Roosevelt, Eleanor",World History since 1550,322,roosevelt eleanor,eleanor roosevelt,False
"Roosevelt, Franklin D. (FDR)",World History since 1550,323,roosevelt franklin d. fdr,franklin d. fdr roosevelt,False
"Roosevelt, Theodore",World History since 1550,323,roosevelt theodore,theodore roosevelt,False
Roosevelt’s Court packing plan,World History since 1550,323,roosevelt’s court packing plan,,False
Rose Bowl,World History since 1550,324,rose bowl,,False
caseRosenberg,World History since 1550,324,caserosenberg,,False
Rough Riders,World History since 1550,324,rough riders,,False
"Ruth, Babe",World History since 1550,324,ruth babe,babe ruth,False
Sacco and Vanzetti,World History since 1550,324,sacco and vanzetti,,False
"Sanger, Margaret",World History since 1550,324,sanger margaret,margaret sanger,False
Scopes trial,World History since 1550,325,scopes trial,,False
SDI,World History since 1550,325,sdi,,False
September  attacks,World History since 1550,325,september attacks,,False
settlement houses,World History since 1550,325,settlement houses,,False
"Seward, William H.",World History since 1550,325,seward william h.,william h. seward,False
sharecropping,World History since 1550,325,sharecropping,,False
Sherman Antitrust Act,World History since 1550,325,sherman antitrust act,,False
silent majority,World History since 1550,326,silent majority,,False
Sioux,World History since 1550,326,sioux,,False
sit-ins,World History since 1550,326,sit-ins,,False
Sitting Bull,World History since 1550,326,sitting bull,,False
Social Gospel,World History since 1550,326,social gospel,,False
Spanish-American War,World History since 1550,326,spanish-american war,,False
Speak softly and carry a big stick,World History since 1550,327,speak softly and carry a big stick,,False
spoils system,World History since 1550,327,spoils system,,False
"Stanton, Elizabeth Cady",World History since 1550,327,stanton elizabeth cady,elizabeth cady stanton,False
"Stevenson, Adlai E.",World History since 1550,327,stevenson adlai e.,adlai e. stevenson,False
Stonewall Riot,World History since 1550,327,stonewall riot,,False
Super Bowl,World History since 1550,327,super bowl,,False
"Taft, William Howard",World History since 1550,327,taft william howard,william howard taft,False
Taft-Hartley Act,World History since 1550,327,taft-hartley act,,False
Tennessee Valley Authority (TVA),World History since 1550,327,tennessee valley authority tva,,False
Tet oensive,World History since 1550,327,tet oensive,,False
"Thorpe, Jim",World History since 1550,327,thorpe jim,jim thorpe,False
Three Mile Island,World History since 1550,328,three mile island,,False
transcontinental railroad,World History since 1550,328,transcontinental railroad,,False
"Truman, Harry S.",World History since 1550,328,truman harry s.,harry s. truman,False
Truman-MacArthur controversy,World History since 1550,328,truman-macarthur controversy,,False
"Tweed, William Marcy",World History since 1550,328,tweed william marcy,william marcy tweed,False
Voting Rights Act of,World History since 1550,329,voting rights act of,,False
"Wallace, George",World History since 1550,329,wallace george,george wallace,False
War is hell,World History since 1550,329,war is hell,,False
War on Poverty,World History since 1550,329,war on poverty,,False
"Warren, Earl",World History since 1550,329,warren earl,earl warren,False
Watts riots,World History since 1550,330,watts riots,,False
“We Shall Overcome”,World History since 1550,330,“we shall overcome”,,False
"Wilson, Woodrow",World History since 1550,330,wilson woodrow,woodrow wilson,False
women’s movement,World History since 1550,330,women’s movement,,False
Works Progress Administration (WPA),World History since 1550,330,works progress administration wpa,,False
The world must be made safe for democracy,World History since 1550,330,world must be made safe for democracy,,False
World Series,American History to 1865,331,world series,,False
World Trade Center,American History to 1865,331,world trade center,,False
Wounded Knee,American History to 1865,331,wounded knee,,False
yellow journalism,American History to 1865,331,yellow journalism,,False
Yellow Peril,American History to 1865,331,yellow peril,,False
ABM Treaty,American History to 1865,332,abm treaty,,False
absolute monarchy,American History to 1865,332,absolute monarchy,,False
acquittal,American History to 1865,332,acquittal,,False
Al Qaeda,American History to 1865,332,al qaeda,,False
Amnesty International,American History to 1865,332,amnesty international,,False
anarchism,American History to 1865,333,anarchism,,False
antiballistic missile,American History to 1865,333,antiballistic missile,,False
anti-Semitism,American History to 1865,333,anti-semitism,,False
apartheid,American History to 1865,333,apartheid,,False
appeasement,American History to 1865,333,appeasement,,False
Arab-Israeli conict,American History to 1865,333,arab-israeli conict,,False
aristocracy,American History to 1865,333,aristocracy,,False
at large,American History to 1865,333,at large,,False
atomic bomb (A-bomb),American History to 1865,334,atomic bomb a-bomb,,False
attaché,American History to 1865,334,attache,,False
autocracy,American History to 1865,334,autocracy,,False
balance of power,American History to 1865,334,balance of power,,False
balance of terror,American History to 1865,334,balance of terror,,False
balkanization,American History to 1865,334,balkanization,,False
banana republics,American History to 1865,334,banana republics,,False
bicameral legislature,American History to 1865,334,bicameral legislature,,False
bilateralism,American History to 1865,334,bilateralism,,False
bioterrorism,American History to 1865,334,bioterrorism,,False
birth control,American History to 1865,334,birth control,,False
brinkmanship,American History to 1865,334,brinkmanship,,False
Bundestag,American History to 1865,334,bundestag,,False
capital punishment,American History to 1865,334,capital punishment,,False
capitalism,American History to 1865,334,capitalism,,False
chauvinism,American History to 1865,335,chauvinism,,False
civil disobedience,American History to 1865,335,civil disobedience,,False
civil service,American History to 1865,335,civil service,,False
coalition,American History to 1865,335,coalition,,False
colonialism,American History to 1865,335,colonialism,,False
commissar,American History to 1865,335,commissar,,False
commissioned ocer,American History to 1865,335,commissioned ocer,,False
common law,American History to 1865,335,common law,,False
confederation,American History to 1865,336,confederation,,False
consent of the governed,American History to 1865,336,consent of the governed,,False
conservatism,American History to 1865,336,conservatism,,False
conservative,American History to 1865,336,conservative,,False
constitution,American History to 1865,336,constitution,,False
constitutional monarchy,American History to 1865,336,constitutional monarchy,,False
counterinsurgency,American History to 1865,336,counterinsurgency,,False
coup,American History to 1865,336,coup,,False
coup d’état,American History to 1865,336,coup d’etat,,False
Court of St. James’s,American History to 1865,336,court of st. james’s,,False
cultural imperialism,American History to 1865,336,cultural imperialism,,False
demagogue,American History to 1865,336,demagogue,,False
democracy,American History to 1865,336,democracy,,False
despotism,American History to 1865,336,despotism,,False
détente,American History to 1865,336,detente,,False
deterrence,American History to 1865,336,deterrence,,False
developing nation,American History to 1865,337,developing nation,,False
dictatorship,American History to 1865,337,dictatorship,,False
diplomatic immunity,American History to 1865,337,diplomatic immunity,,False
disfranchisement,American History to 1865,337,disfranchisement,,False
dissidents,American History to 1865,337,dissidents,,False
Eastern Bloc,American History to 1865,337,eastern bloc,,False
equity,American History to 1865,337,equity,,False
escalation,American History to 1865,337,escalation,,False
established church,American History to 1865,337,established church,,False
ethnic cleansing,American History to 1865,337,ethnic cleansing,,False
European Union,American History to 1865,337,european union,,False
expatriation,American History to 1865,337,expatriation,,False
extradition,American History to 1865,337,extradition,,False
faction,American History to 1865,337,faction,,False
family planning,American History to 1865,337,family planning,,False
feminism,American History to 1865,337,feminism,,False
general strike,American History to 1865,338,general strike,,False
Geneva Conventions,American History to 1865,338,geneva conventions,,False
genocide,American History to 1865,338,genocide,,False
glasnost,American History to 1865,338,glasnost,,False
global village,American History to 1865,338,global village,,False
graft,American History to 1865,338,graft,,False
greatest good for the greatest number,American History to 1865,338,greatest good for the greatest number,,False
Greenpeace,American History to 1865,338,greenpeace,,False
guerrilla warfare,American History to 1865,338,guerrilla warfare,,False
Hamas,American History to 1865,338,hamas,,False
Hezbollah,American History to 1865,338,hezbollah,,False
house arrest,American History to 1865,338,house arrest,,False
House of Commons,American History to 1865,338,house of commons,,False
House of Lords,American History to 1865,339,house of lords,,False
hydrogen bomb,American History to 1865,339,hydrogen bomb,,False
ideology,American History to 1865,339,ideology,,False
intercontinental ballistic missile (ICBM,American History to 1865,339,intercontinental ballistic missile icbm,,False
intermediate-range ballistic missile (I,American History to 1865,339,intermediate-range ballistic missile i,,False
International Court of Justice,American History to 1865,339,international court of justice,,False
international law,American History to 1865,339,international law,,False
“Internationale”,American History to 1865,339,“internationale”,,False
internationalism,American History to 1865,339,internationalism,,False
intifada,American History to 1865,339,intifada,,False
Irish Republican Army (IRA),American History to 1865,339,irish republican army ira,,False
Islamic fundamentalism,American History to 1865,339,islamic fundamentalism,,False
RBM),American History to 1865,339,rbm,,False
jingoism,American History to 1865,339,jingoism,,False
John Bull,American History to 1865,339,john bull,,False
junta,American History to 1865,340,junta,,False
KGB,American History to 1865,340,kgb,,False
kibbutz,American History to 1865,340,kibbutz,,False
Knesset,American History to 1865,340,knesset,,False
Kosovo War,American History to 1865,340,kosovo war,,False
Kremlin,American History to 1865,340,kremlin,,False
Kurds,American History to 1865,340,kurds,,False
Kyoto Protocol,American History to 1865,340,kyoto protocol,,False
leftist,American History to 1865,341,leftist,,False
left-wing,American History to 1865,341,left-wing,,False
legitimate government,American History to 1865,341,legitimate government,,False
liberal,American History to 1865,341,liberal,,False
liberalism,American History to 1865,341,liberalism,,False
mandate,American History to 1865,341,mandate,,False
Marxism-Leninism,American History to 1865,341,marxism-leninism,,False
minister,American History to 1865,341,minister,,False
Molotov cocktail,American History to 1865,341,molotov cocktail,,False
monarchy,American History to 1865,341,monarchy,,False
moratorium,American History to 1865,341,moratorium,,False
multilateralism,American History to 1865,341,multilateralism,,False
multiple independently targeted re-en,American History to 1865,342,multiple independently targeted re-en,,False
(MIRV),American History to 1865,342,mirv,,False
national liberation movements,American History to 1865,342,national liberation movements,,False
national self-determination,American History to 1865,342,national self-determination,,False
nationalism,American History to 1865,342,nationalism,,False
nationalization,American History to 1865,342,nationalization,,False
natural rights,American History to 1865,342,natural rights,,False
neocolonialism,American History to 1865,342,neocolonialism,,False
New Labour,American History to 1865,342,new labour,,False
NGOs,American History to 1865,342,ngos,,False
try vehicle,American History to 1865,342,try vehicle,,False
Nobel laureate,American History to 1865,342,nobel laureate,,False
Nobel Prizes,American History to 1865,342,nobel prizes,,False
nonaligned nations,American History to 1865,342,nonaligned nations,,False
nonperson,American History to 1865,342,nonperson,,False
Nonproliferation Treaty,American History to 1865,342,nonproliferation treaty,,False
nonviolent resistance,American History to 1865,342,nonviolent resistance,,False
North Atlantic Treaty Organization (NAT,American History to 1865,343,north atlantic treaty organization nat,,False
Nuclear Test Ban Treaty,American History to 1865,343,nuclear test ban treaty,,False
nuclear testing,American History to 1865,343,nuclear testing,,False
nuclear weapon,American History to 1865,343,nuclear weapon,,False
nuclear-free zone,American History to 1865,343,nuclear-free zone,,False
oligarchy,American History to 1865,343,oligarchy,,False
ombudsman,American History to 1865,343,ombudsman,,False
Organization of American States (OAS),American History to 1865,343,organization of american states oas,,False
O),American History to 1865,343,o,,False
Oslo Accord,American History to 1865,343,oslo accord,,False
pacism,American History to 1865,343,pacism,,False
Palestine Liberation Organization (PLO),American History to 1865,343,palestine liberation organization plo,,False
Palestinian Authority (PA),American History to 1865,343,palestinian authority pa,,False
parliamentary system,American History to 1865,344,parliamentary system,,False
partition,American History to 1865,344,partition,,False
passive resistance,American History to 1865,344,passive resistance,,False
People’s Republic of China,American History to 1865,344,people’s republic of china,,False
plebiscite,American History to 1865,344,plebiscite,,False
plutocracy,American History to 1865,344,plutocracy,,False
pogrom,American History to 1865,344,pogrom,,False
polarization,American History to 1865,344,polarization,,False
police state,American History to 1865,345,police state,,False
political science,American History to 1865,345,political science,,False
population control,American History to 1865,345,population control,,False
Power tends to corrupt; absolute powe,American History to 1865,345,power tends to corrupt absolute powe,,False
absolutely,American History to 1865,345,absolutely,,False
preemptive strike,American History to 1865,345,preemptive strike,,False
premier,American History to 1865,345,premier,,False
prime minister,American History to 1865,345,prime minister,,False
proletariat,American History to 1865,345,proletariat,,False
protectorate,American History to 1865,345,protectorate,,False
Provisional Wing of the Irish Republican Army,American History to 1865,345,provisional wing of the irish republican army,,False
radical,American History to 1865,345,radical,,False
rapprochement,American History to 1865,345,rapprochement,,False
r corrupts,American History to 1865,345,r corrupts,,False
reactionary,American History to 1865,345,reactionary,,False
realpolitik,American History to 1865,345,realpolitik,,False
recognition,American History to 1865,345,recognition,,False
"Red Cross, International",American History to 1865,346,red cross international,international red cross,False
red tape,American History to 1865,346,red tape,,False
referendum,American History to 1865,346,referendum,,False
regime,American History to 1865,346,regime,,False
rehabilitation,American History to 1865,346,rehabilitation,,False
reparation,American History to 1865,346,reparation,,False
reprisal,American History to 1865,346,reprisal,,False
republic,American History to 1865,346,republic,,False
Rhodes scholarship,American History to 1865,346,rhodes scholarship,,False
right-wing,American History to 1865,346,right-wing,,False
satellite,American History to 1865,346,satellite,,False
Security Council,American History to 1865,346,security council,,False
sedition,American History to 1865,347,sedition,,False
Semite,American History to 1865,347,semite,,False
Semitic,American History to 1865,347,semitic,,False
Sinn Fein,American History to 1865,347,sinn fein,,False
smart weapons,American History to 1865,347,smart weapons,,False
socialism,American History to 1865,347,socialism,,False
Solidarity,American History to 1865,347,solidarity,,False
sovereignty,American History to 1865,347,sovereignty,,False
Soviet Bloc,American History to 1865,347,soviet bloc,,False
statutory law,American History to 1865,347,statutory law,,False
Strategic Arms Limitation Talks (SALT),American History to 1865,347,strategic arms limitation talks salt,,False
strategy/tactics,American History to 1865,347,strategy/tactics,,False
summit meeting,American History to 1865,347,summit meeting,,False
Taliban movement,American History to 1865,347,taliban movement,,False
terrorism,American History to 1865,348,terrorism,,False
theocracy,American History to 1865,348,theocracy,,False
Third World,American History to 1865,348,third world,,False
throw-weight,American History to 1865,348,throw-weight,,False
Tories,American History to 1865,348,tories,,False
Trotskyism,American History to 1865,348,trotskyism,,False
ultimatum,American History to 1865,348,ultimatum,,False
unilateralism,American History to 1865,348,unilateralism,,False
"United Nations Educational, Scien",American History to 1865,349,united nations educational scien,scien united nations educational,False
Cultural Organization (UNESCO),American History to 1865,349,cultural organization unesco,,False
veto,American History to 1865,349,veto,,False
walk-out,American History to 1865,349,walk-out,,False
welfare state,American History to 1865,349,welfare state,,False
zero-sum game,American History to 1865,349,zero-sum game,,False
"tic, and",American History to 1865,349,tic and,,False
Zionism,American History to 1865,349,zionism,,False
academic freedom,American History to 1865,351,academic freedom,,False
armative action,American History to 1865,351,armative action,,False
AFL-CIO,American History to 1865,351,afl-cio,,False
Alaskan pipeline,American History to 1865,351,alaskan pipeline,,False
alderman,American History to 1865,351,alderman,,False
American Civil Liberties Union (ACLU),American History to 1865,351,american civil liberties union aclu,,False
American Dream,American History to 1865,352,american dream,,False
amicus curiae,American History to 1865,352,amicus curiae,,False
antitrust legislation,American History to 1865,352,antitrust legislation,,False
apportionment,American History to 1865,352,apportionment,,False
appropriation,American History to 1865,352,appropriation,,False
arbitration,American History to 1865,352,arbitration,,False
Atomic Energy Commission (AEC),American History to 1865,352,atomic energy commission aec,,False
attorney general of the United States,American History to 1865,352,attorney general of the united states,,False
block grant,American History to 1865,352,block grant,,False
blue laws,American History to 1865,352,blue laws,,False
branches of government,American History to 1865,353,branches of government,,False
broad construction,American History to 1865,353,broad construction,,False
busing,American History to 1865,353,busing,,False
campaign nance reform,American History to 1865,353,campaign nance reform,,False
capital oense,American History to 1865,353,capital oense,,False
capital punishment,American History to 1865,353,capital punishment,,False
Capitol Hill,American History to 1865,353,capitol hill,,False
caucus,American History to 1865,353,caucus,,False
Central Intelligence Agency (CIA),American History to 1865,354,central intelligence agency cia,,False
checks and balances,American History to 1865,354,checks and balances,,False
civil liberties,American History to 1865,354,civil liberties,,False
civil rights,American History to 1865,354,civil rights,,False
clear and present danger,American History to 1865,355,clear and present danger,,False
closed primary,American History to 1865,355,closed primary,,False
cloture,American History to 1865,355,cloture,,False
coattail eect,American History to 1865,355,coattail eect,,False
commander in chief,American History to 1865,355,commander in chief,,False
conrmation hearings,American History to 1865,356,conrmation hearings,,False
Congressional Medal of Honor,American History to 1865,356,congressional medal of honor,,False
Congressional Record,American History to 1865,356,congressional record,,False
conscientious objector (CO),American History to 1865,356,conscientious objector co,,False
"Constitution, United States",American History to 1865,356,constitution united states,united states constitution,False
"containment, policy of",American History to 1865,356,containment policy of,,False
contempt of Congress,American History to 1865,356,contempt of congress,,False
contempt of court,American History to 1865,356,contempt of court,,False
court of appeals,American History to 1865,356,court of appeals,,False
cruel and unusual punishment,American History to 1865,356,cruel and unusual punishment,,False
dark horse,American History to 1865,356,dark horse,,False
de facto segregation,American History to 1865,357,de facto segregation,,False
defendant,American History to 1865,357,defendant,,False
Democrat,American History to 1865,357,democrat,,False
Department of Agriculture,American History to 1865,357,department of agriculture,,False
Department of Commerce,American History to 1865,357,department of commerce,,False
Department of Defense (DOD),American History to 1865,357,department of defense dod,,False
Department of Education,American History to 1865,357,department of education,,False
Department of Energy,American History to 1865,357,department of energy,,False
Department of Health and Human Services,American History to 1865,357,department of health and human services,,False
Department of Housing and Urban Development,American History to 1865,357,department of housing and urban development,,False
(HUD),American History to 1865,357,hud,,False
Department of Justice,American History to 1865,357,department of justice,,False
Department of Labor,American History to 1865,357,department of labor,,False
Department of State,American History to 1865,357,department of state,,False
Department of the Interior,American History to 1865,357,department of the interior,,False
Department of the Treasury,American History to 1865,357,department of the treasury,,False
Department of Transportation,American History to 1865,358,department of transportation,,False
Department of Veterans Aairs (VA),American History to 1865,358,department of veterans aairs va,,False
direct primary,American History to 1865,358,direct primary,,False
district attorney (DA),American History to 1865,358,district attorney da,,False
dollar diplomacy,American History to 1865,358,dollar diplomacy,,False
domino theory,American History to 1865,358,domino theory,,False
donkey,American History to 1865,358,donkey,,False
double jeopardy,American History to 1865,358,double jeopardy,,False
draft,American History to 1865,358,draft,,False
draft dodger,American History to 1865,358,draft dodger,,False
Drug Enforcement Administration (DEA),American History to 1865,358,drug enforcement administration dea,,False
due process of law,American History to 1865,358,due process of law,,False
E pluribus unum,American History to 1865,358,e pluribus unum,,False
Eastern Establishment,American History to 1865,359,eastern establishment,,False
Electoral College,American History to 1865,359,electoral college,,False
elephant,American History to 1865,359,elephant,,False
entitlements,American History to 1865,359,entitlements,,False
Environmental Protection Agency (EPA),American History to 1865,359,environmental protection agency epa,,False
Equal Employment Opportunity Commission,American History to 1865,359,equal employment opportunity commission,,False
(EEOC),American History to 1865,359,eeoc,,False
equal opportunity,American History to 1865,359,equal opportunity,,False
equal protection of the laws,American History to 1865,359,equal protection of the laws,,False
Equal Rights Amendment (ERA),American History to 1865,359,equal rights amendment era,,False
equal time,American History to 1865,359,equal time,,False
ex post facto,American History to 1865,359,ex post facto,,False
ex post facto law,American History to 1865,360,ex post facto law,,False
executive branch,American History to 1865,360,executive branch,,False
farm bloc,American History to 1865,360,farm bloc,,False
favorite son,American History to 1865,360,favorite son,,False
Federal Bureau of Investigation (FBI),American History to 1865,360,federal bureau of investigation fbi,,False
federalism,American History to 1865,360,federalism,,False
fellow traveler,American History to 1865,360,fellow traveler,,False
felony,American History to 1865,360,felony,,False
Fifth Amendment,American History to 1865,360,fifth amendment,,False
libuster,American History to 1865,361,libuster,,False
First Amendment,American History to 1865,361,first amendment,,False
Foggy Bottom,American History to 1865,361,foggy bottom,,False
Foreign Relations Committee,American History to 1865,361,foreign relations committee,,False
Foreign Service,American History to 1865,361,foreign service,,False
Fourteenth Amendment,American History to 1865,361,fourteenth amendment,,False
franchise,American History to 1865,361,franchise,,False
freedom of assembly,American History to 1865,361,freedom of assembly,,False
freedom of association,American History to 1865,361,freedom of association,,False
freedom of religion,American History to 1865,361,freedom of religion,,False
freedom of the press,American History to 1865,362,freedom of the press,,False
friend of the court,American History to 1865,362,friend of the court,,False
gay rights,American History to 1865,362,gay rights,,False
gender gap,American History to 1865,362,gender gap,,False
gerrymander,American History to 1865,362,gerrymander,,False
Good Neighbor policy,American History to 1865,362,good neighbor policy,,False
GOP,American History to 1865,362,gop,,False
grand jury,American History to 1865,362,grand jury,,False
guilt by association,American History to 1865,362,guilt by association,,False
gunboat diplomacy,American History to 1865,362,gunboat diplomacy,,False
habeas corpus,American History to 1865,362,habeas corpus,,False
hawks and doves,American History to 1865,362,hawks and doves,,False
hearsay,American History to 1865,363,hearsay,,False
homicide,American History to 1865,363,homicide,,False
hung jury,American History to 1865,363,hung jury,,False
impeachment,American History to 1865,363,impeachment,,False
incumbent,American History to 1865,363,incumbent,,False
indictment,American History to 1865,363,indictment,,False
injunction,American History to 1865,363,injunction,,False
integration,American History to 1865,363,integration,,False
interest group,American History to 1865,363,interest group,,False
Internal Revenue Service (IRS),American History to 1865,363,internal revenue service irs,,False
Interstate Commerce Commission (ICC),American History to 1865,363,interstate commerce commission icc,,False
isolationism,American History to 1865,363,isolationism,,False
Joint Chiefs of Sta,American History to 1865,363,joint chiefs of sta,,False
joint resolution,American History to 1865,364,joint resolution,,False
judicial activism,American History to 1865,364,judicial activism,,False
judicial branch,American History to 1865,364,judicial branch,,False
judicial restraint,American History to 1865,364,judicial restraint,,False
judicial review,American History to 1865,364,judicial review,,False
jurisprudence,American History to 1865,364,jurisprudence,,False
justice of the peace,American History to 1865,364,justice of the peace,,False
kangaroo court,American History to 1865,364,kangaroo court,,False
lame duck,American History to 1865,364,lame duck,,False
larceny,American History to 1865,364,larceny,,False
left-wing,American History to 1865,364,left-wing,,False
legislative branch,American History to 1865,364,legislative branch,,False
libel,American History since 1865,365,libel,,False
line-item veto,American History since 1865,365,line-item veto,,False
lobby,American History since 1865,365,lobby,,False
logrolling,American History since 1865,365,logrolling,,False
"machine, political",American History since 1865,365,machine political,,False
machine politics,American History since 1865,365,machine politics,,False
majority leader,American History since 1865,366,majority leader,,False
A man’s home is his castle,American History since 1865,366,man’s home is his castle,,False
manslaughter,American History since 1865,366,manslaughter,,False
massive retaliation,American History since 1865,366,massive retaliation,,False
Medal of Honor,American History since 1865,366,medal of honor,,False
Medicare,American History since 1865,366,medicare,,False
military-industrial complex,American History since 1865,366,military-industrial complex,,False
minority leader,American History since 1865,366,minority leader,,False
decisionMiranda,American History since 1865,366,decisionmiranda,,False
misdemeanor,American History since 1865,366,misdemeanor,,False
most-favored-nation,American History since 1865,366,most-favored-nation,,False
narrow construction,American History since 1865,366,narrow construction,,False
National Aeronautics and Space Adm,American History since 1865,367,national aeronautics and space adm,,False
National Association for the Advancem,American History since 1865,367,national association for the advancem,,False
ored People (NAACP),American History since 1865,367,ored people naacp,,False
National Guard,American History since 1865,367,national guard,,False
National Labor Relations Board (NLRB),American History since 1865,367,national labor relations board nlrb,,False
National Organization for Women (NOW,American History since 1865,367,national organization for women now,,False
National Rie Association (NRA),American History since 1865,367,national rie association nra,,False
inistration,American History since 1865,367,inistration,,False
National Security Council (NSC),American History since 1865,367,national security council nsc,,False
ent of Col-,American History since 1865,367,ent of col-,,False
naturalization,American History since 1865,367,naturalization,,False
nolo contendere,American History since 1865,367,nolo contendere,,False
North American Free Trade Agreement (NAFTA),American History since 1865,367,north american free trade agreement nafta,,False
Nuclear Regulatory Commission (NRC),American History since 1865,367,nuclear regulatory commission nrc,,False
Oak Ridge,American History since 1865,368,oak ridge,,False
Oce of Economic Opportunity (OEO),American History since 1865,368,oce of economic opportunity oeo,,False
on the Hill,American History since 1865,368,on the hill,,False
open primary,American History since 1865,368,open primary,,False
Oval Oce,American History since 1865,368,oval oce,,False
patronage,American History since 1865,368,patronage,,False
Peace Corps,American History since 1865,368,peace corps,,False
Pentagon,American History since 1865,368,pentagon,,False
plainti,American History since 1865,368,plainti,,False
platform,American History since 1865,368,platform,,False
plea bargain,American History since 1865,368,plea bargain,,False
Pledge of Allegiance,American History since 1865,368,pledge of allegiance,,False
pocket veto,American History since 1865,369,pocket veto,,False
political action committees (PACs),American History since 1865,369,political action committees pacs,,False
poll tax,American History since 1865,369,poll tax,,False
populism,American History since 1865,369,populism,,False
pork-barrel legislation,American History since 1865,369,pork-barrel legislation,,False
postmaster general,American History since 1865,369,postmaster general,,False
power elite,American History since 1865,369,power elite,,False
power of the purse,American History since 1865,369,power of the purse,,False
precedent,American History since 1865,369,precedent,,False
pressure group,American History since 1865,369,pressure group,,False
primaries,American History since 1865,369,primaries,,False
"privacy, right of",American History since 1865,369,privacy right of,,False
probate court,American History since 1865,370,probate court,,False
proportional representation,American History since 1865,370,proportional representation,,False
public defender,American History since 1865,370,public defender,,False
public works,American History since 1865,370,public works,,False
quorum,American History since 1865,370,quorum,,False
racism,American History since 1865,370,racism,,False
ranking member,American History since 1865,370,ranking member,,False
ratication,American History since 1865,370,ratication,,False
referendum,American History since 1865,370,referendum,,False
representatives,American History since 1865,370,representatives,,False
rider,American History since 1865,370,rider,,False
right-wing,American History since 1865,370,right-wing,,False
Robert’s Rules of Order,American History since 1865,371,robert’s rules of order,,False
rugged individualism,American History since 1865,371,rugged individualism,,False
Scholastic Aptitude Test (SAT),American History since 1865,371,scholastic aptitude test sat,,False
Secret Service,American History since 1865,371,secret service,,False
secretary of defense,American History since 1865,371,secretary of defense,,False
secretary of state,American History since 1865,371,secretary of state,,False
segregation,American History since 1865,371,segregation,,False
Selective Service System,American History since 1865,371,selective service system,,False
self-incrimination,American History since 1865,371,self-incrimination,,False
"Senate, United States",American History since 1865,371,senate united states,united states senate,False
separate but equal,American History since 1865,372,separate but equal,,False
separation of church and state,American History since 1865,372,separation of church and state,,False
separation of powers,American History since 1865,372,separation of powers,,False
sexism,American History since 1865,372,sexism,,False
slush fund,American History since 1865,372,slush fund,,False
Smithsonian Institution,American History since 1865,372,smithsonian institution,,False
smoke-lled room,American History since 1865,373,smoke-lled room,,False
Social Security Administration,American History since 1865,373,social security administration,,False
Speaker of the House,American History since 1865,373,speaker of the house,,False
split ticket,American History since 1865,373,split ticket,,False
stare decisis,American History since 1865,373,stare decisis,,False
State Department,American History since 1865,373,state department,,False
State of the Union address,American History since 1865,373,state of the union address,,False
states’ rights,American History since 1865,373,states’ rights,,False
statute of limitations,American History since 1865,373,statute of limitations,,False
straw poll,American History since 1865,373,straw poll,,False
subpoena,American History since 1865,373,subpoena,,False
surage,American History since 1865,374,surage,,False
suragette,American History since 1865,374,suragette,,False
suragist,American History since 1865,374,suragist,,False
think tank,American History since 1865,374,think tank,,False
the Ugly American,American History since 1865,374,ugly american,,False
un-American,American History since 1865,374,un-american,,False
Uncle Sam,American History since 1865,375,uncle sam,,False
United States Information Agency (USI,American History since 1865,375,united states information agency usi,,False
Veterans Administration (VA),American History since 1865,375,veterans administration va,,False
Veterans of Foreign Wars (VFW),American History since 1865,375,veterans of foreign wars vfw,,False
A),American History since 1865,375,a,,False
veto,American History since 1865,376,veto,,False
victimless crime,American History since 1865,376,victimless crime,,False
Ways and Means Committee,American History since 1865,376,ways and means committee,,False
whip,American History since 1865,376,whip,,False
write-in candidate,American History since 1865,376,write-in candidate,,False
Acapulco,American History since 1865,378,acapulco,,False
Addis Ababa,American History since 1865,378,addis ababa,,False
Aden,American History since 1865,378,aden,,False
Adriatic Sea,American History since 1865,378,adriatic sea,,False
Aegean Sea,American History since 1865,378,aegean sea,,False
Albania,American History since 1865,378,albania,,False
Andes,American History since 1865,379,andes,,False
Angola,American History since 1865,379,angola,,False
Ankara,American History since 1865,379,ankara,,False
Antarctic,American History since 1865,379,antarctic,,False
Antarctic Circle,American History since 1865,379,antarctic circle,,False
antipodes,American History since 1865,379,antipodes,,False
Arabian Sea,American History since 1865,380,arabian sea,,False
archipelago,American History since 1865,380,archipelago,,False
Arctic Circle,American History since 1865,380,arctic circle,,False
Arctic Ocean,American History since 1865,380,arctic ocean,,False
Argentina,American History since 1865,380,argentina,,False
Armenia,American History since 1865,380,armenia,,False
Asia Minor,American History since 1865,380,asia minor,,False
Aswan Dam,American History since 1865,380,aswan dam,,False
Athens,American History since 1865,383,athens,,False
atlas,American History since 1865,383,atlas,,False
atoll,American History since 1865,383,atoll,,False
Auckland,American History since 1865,383,auckland,,False
Azerbaijan,American History since 1865,383,azerbaijan,,False
Azores,American History since 1865,383,azores,,False
Baghdad,American History since 1865,383,baghdad,,False
Bahrain,American History since 1865,383,bahrain,,False
Bali,American History since 1865,384,bali,,False
Balkan Peninsula,American History since 1865,384,balkan peninsula,,False
Balkans,American History since 1865,384,balkans,,False
Baltic Sea,American History since 1865,384,baltic sea,,False
Bangkok,American History since 1865,384,bangkok,,False
Bangladesh,American History since 1865,384,bangladesh,,False
Barbados,American History since 1865,384,barbados,,False
Basque Region,American History since 1865,384,basque region,,False
Bavaria,American History since 1865,384,bavaria,,False
Bay of Bengal,American History since 1865,384,bay of bengal,,False
Bay of Biscay,American History since 1865,384,bay of biscay,,False
Belfast,American History since 1865,385,belfast,,False
Bering Sea,American History since 1865,385,bering sea,,False
Bermuda,American History since 1865,386,bermuda,,False
Black Sea,American History since 1865,386,black sea,,False
Bombay,American History since 1865,386,bombay,,False
Bonn,American History since 1865,386,bonn,,False
Bordeaux,American History since 1865,386,bordeaux,,False
Borneo,American History since 1865,386,borneo,,False
Bosporus,American History since 1865,386,bosporus,,False
Brasilia,American History since 1865,386,brasilia,,False
British Columbia,American History since 1865,387,british columbia,,False
British Isles,American History since 1865,387,british isles,,False
Bucharest,American History since 1865,387,bucharest,,False
Bulgaria,American History since 1865,387,bulgaria,,False
Burkina Faso,American History since 1865,387,burkina faso,,False
Burma,American History since 1865,388,burma,,False
Calcutta,American History since 1865,388,calcutta,,False
Calgary,American History since 1865,388,calgary,,False
Cameroon,American History since 1865,388,cameroon,,False
Canberra,American History since 1865,388,canberra,,False
Cape of Good Hope,American History since 1865,388,cape of good hope,,False
Cape Town,American History since 1865,389,cape town,,False
Capri,American History since 1865,389,capri,,False
Caracas,American History since 1865,389,caracas,,False
Caribbean Sea,American History since 1865,389,caribbean sea,,False
Caspian Sea,American History since 1865,389,caspian sea,,False
Caucasus,American History since 1865,389,caucasus,,False
Central America,American History since 1865,389,central america,,False
Ceylon,American History since 1865,389,ceylon,,False
Chad,American History since 1865,389,chad,,False
Champs Élysées,American History since 1865,389,champs elysees,,False
Chechnya,American History since 1865,389,chechnya,,False
Chile,American History since 1865,389,chile,,False
Chongqing,American History since 1865,390,chongqing,,False
Cologne,American History since 1865,390,cologne,,False
"Congo, Democratic Republic of",American History since 1865,390,congo democratic republic of,democratic republic of congo,False
"Congo, Republic of the",American History since 1865,390,congo republic of the,republic of the congo,False
Copenhagen,American History since 1865,391,copenhagen,,False
Corsica,American History since 1865,391,corsica,,False
Crete,American History since 1865,391,crete,,False
Crimea,American History since 1865,391,crimea,,False
Croatia,American History since 1865,391,croatia,,False
Danube River,American History since 1865,392,danube river,,False
Dead Sea,American History since 1865,392,dead sea,,False
Delhi,American History since 1865,392,delhi,,False
Djakarta,American History since 1865,392,djakarta,,False
Don River,American History since 1865,392,don river,,False
Dubrovnik,American History since 1865,392,dubrovnik,,False
Ecuador,American History since 1865,392,ecuador,,False
Edmonton,American History since 1865,393,edmonton,,False
El Salvador,American History since 1865,393,el salvador,,False
Elbe River,American History since 1865,393,elbe river,,False
English Channel,American History since 1865,393,english channel,,False
equator,American History since 1865,393,equator,,False
Eritrea,American History since 1865,393,eritrea,,False
Estonia,American History since 1865,393,estonia,,False
Ethiopia,American History since 1865,393,ethiopia,,False
Euphrates River,American History since 1865,394,euphrates river,,False
Eurasia,American History since 1865,394,eurasia,,False
Falkland Islands,American History since 1865,394,falkland islands,,False
Far East,American History since 1865,394,far east,,False
Federal Republic of Germany,American History since 1865,394,federal republic of germany,,False
Fiji,American History since 1865,394,fiji,,False
Finland,American History since 1865,394,finland,,False
Frankfurt,American History since 1865,395,frankfurt,,False
Galápagos Islands,American History since 1865,395,galapagos islands,,False
Ganges River,American History since 1865,395,ganges river,,False
Gaza Strip,American History since 1865,395,gaza strip,,False
Ghana,American History since 1865,395,ghana,,False
Gibraltar,American History since 1865,395,gibraltar,,False
Golan Heights,American History since 1865,396,golan heights,,False
Granada,American History since 1865,396,granada,,False
Greenwich,American History since 1865,396,greenwich,,False
Grenada,American History since 1865,396,grenada,,False
Guadalajara,American History since 1865,396,guadalajara,,False
Guadeloupe,American History since 1865,396,guadeloupe,,False
Guam,American History since 1865,396,guam,,False
Guangzhou,American History since 1865,396,guangzhou,,False
Guatemala,American History since 1865,396,guatemala,,False
Guinea,American History since 1865,396,guinea,,False
Gulf of Mexico,American History since 1865,397,gulf of mexico,,False
Gulf Stream,American History since 1865,397,gulf stream,,False
The Hague,American History since 1865,397,hague,,False
Hanoi,American History since 1865,397,hanoi,,False
Helsinki,American History since 1865,397,helsinki,,False
hemisphere,American History since 1865,397,hemisphere,,False
"Highlands, the",American History since 1865,397,highlands the,,False
Himalayas,American History since 1865,397,himalayas,,False
Ho Chi Minh City,American History since 1865,397,ho chi minh city,,False
Honduras,American History since 1865,398,honduras,,False
Hudson Bay,American History since 1865,398,hudson bay,,False
Iceland,American History since 1865,398,iceland,,False
Indochina,American History since 1865,398,indochina,,False
"Ireland, Republic of",World Politics,401,ireland republic of,republic of ireland,False
isthmus,World Politics,402,isthmus,,False
Ivory Coast,World Politics,402,ivory coast,,False
Java,World Politics,402,java,,False
Johannesburg,World Politics,403,johannesburg,,False
Kabul,World Politics,403,kabul,,False
Kashmir,World Politics,403,kashmir,,False
Karachi,World Politics,403,karachi,,False
Kazakhstan,World Politics,403,kazakhstan,,False
Khartoum,World Politics,403,khartoum,,False
Kiev,World Politics,403,kiev,,False
Kilimanjaro,World Politics,403,kilimanjaro,,False
Kuwait,World Politics,404,kuwait,,False
Kyrgyzstan,World Politics,404,kyrgyzstan,,False
Labrador,World Politics,404,labrador,,False
Lake Victoria,World Politics,404,lake victoria,,False
Laos,World Politics,404,laos,,False
latitude,World Politics,404,latitude,,False
Latvia,World Politics,404,latvia,,False
Left Bank,World Politics,405,left bank,,False
Leipzig,World Politics,405,leipzig,,False
Leningrad,World Politics,405,leningrad,,False
Levant,World Politics,405,levant,,False
Liberia,World Politics,405,liberia,,False
Liechtenstein,World Politics,405,liechtenstein,,False
Lisbon,World Politics,405,lisbon,,False
Lithuania,World Politics,405,lithuania,,False
Liverpool,World Politics,406,liverpool,,False
longitude,World Politics,406,longitude,,False
the Low Countries,World Politics,406,low countries,,False
Macedonia,World Politics,406,macedonia,,False
Madagascar,World Politics,406,madagascar,,False
"Magellan, Strait of",World Politics,406,magellan strait of,strait of magellan,False
Malawi,World Politics,406,malawi,,False
Malaysia,World Politics,407,malaysia,,False
Mali,World Politics,407,mali,,False
Manitoba,World Politics,407,manitoba,,False
Maritime Provinces,World Politics,407,maritime provinces,,False
Marseilles,World Politics,407,marseilles,,False
Martinique,World Politics,407,martinique,,False
Matterhorn,World Politics,407,matterhorn,,False
Mecca,World Politics,407,mecca,,False
Melbourne,World Politics,407,melbourne,,False
Mercator projection,World Politics,407,mercator projection,,False
meridian,World Politics,408,meridian,,False
Moldova,World Politics,408,moldova,,False
Mongolia,World Politics,408,mongolia,,False
Mont Blanc,World Politics,409,mont blanc,,False
Monte Carlo,World Politics,409,monte carlo,,False
Montevideo,World Politics,409,montevideo,,False
Mount Vesuvius,World Politics,409,mount vesuvius,,False
Mozambique,World Politics,409,mozambique,,False
Munich,World Politics,409,munich,,False
Myanmar,World Politics,409,myanmar,,False
Nagasaki,World Politics,409,nagasaki,,False
Nairobi,World Politics,410,nairobi,,False
Namibia,World Politics,410,namibia,,False
Nanjing,World Politics,410,nanjing,,False
Nanking,World Politics,410,nanking,,False
Naples,World Politics,410,naples,,False
Nationalist China,World Politics,410,nationalist china,,False
Near East,World Politics,410,near east,,False
The Netherlands,World Politics,410,netherlands,,False
Netherlands Antilles,World Politics,410,netherlands antilles,,False
New Brunswick,World Politics,410,new brunswick,,False
New Delhi,World Politics,410,new delhi,,False
New Guinea,World Politics,411,new guinea,,False
Newfoundland,World Politics,411,newfoundland,,False
Nicaragua,World Politics,411,nicaragua,,False
Niger,World Politics,411,niger,,False
Nile River,World Politics,411,nile river,,False
North Korea,World Politics,411,north korea,,False
North Pole,World Politics,412,north pole,,False
North Sea,World Politics,412,north sea,,False
Northern Hemisphere,World Politics,412,northern hemisphere,,False
Northwest Territories,World Politics,412,northwest territories,,False
Nova Scotia,World Politics,412,nova scotia,,False
The Occident,World Politics,412,occident,,False
Occupied Territories,World Politics,412,occupied territories,,False
Okinawa,World Politics,412,okinawa,,False
Oman,World Politics,412,oman,,False
The Orient,World Politics,413,orient,,False
Ottawa,World Politics,413,ottawa,,False
Pacic Ocean,World Politics,413,pacic ocean,,False
Palermo,World Politics,413,palermo,,False
Panama Canal,World Politics,413,panama canal,,False
peninsula,World Politics,414,peninsula,,False
People’s Republic of China,World Politics,414,people’s republic of china,,False
Persian Gulf,World Politics,414,persian gulf,,False
Polynesia,World Politics,414,polynesia,,False
Portugal,World Politics,415,portugal,,False
Pretoria,World Politics,415,pretoria,,False
prime meridian,World Politics,415,prime meridian,,False
Prince Edward Island,World Politics,415,prince edward island,,False
Prussia,World Politics,415,prussia,,False
Pyongyang,World Politics,415,pyongyang,,False
Pyrenees,World Politics,415,pyrenees,,False
Qatar,World Politics,415,qatar,,False
Quebec City,World Politics,415,quebec city,,False
Red China,World Politics,416,red china,,False
Red Sea,World Politics,416,red sea,,False
Republic of China,World Politics,416,republic of china,,False
Republic of Korea,World Politics,416,republic of korea,,False
Republic of South Africa,World Politics,416,republic of south africa,,False
Republic of Yemen,World Politics,416,republic of yemen,,False
Rhine River,World Politics,416,rhine river,,False
Rhineland,World Politics,416,rhineland,,False
Rhodesia,World Politics,416,rhodesia,,False
Rhone River,World Politics,416,rhone river,,False
Rotterdam,American Politics,417,rotterdam,,False
Ruhr Valley,American Politics,417,ruhr valley,,False
Sahara,American Politics,417,sahara,,False
Saint Petersburg,American Politics,417,saint petersburg,,False
Samoa,American Politics,417,samoa,,False
San Salvador,American Politics,417,san salvador,,False
São Paulo,American Politics,418,sao paulo,,False
Sardinia,American Politics,418,sardinia,,False
Saskatchewan,American Politics,418,saskatchewan,,False
Saudi Arabia,American Politics,418,saudi arabia,,False
savanna,American Politics,418,savanna,,False
Seine River,American Politics,418,seine river,,False
Senegal,American Politics,418,senegal,,False
the Seven Seas,American Politics,418,seven seas,,False
Sheeld,American Politics,419,sheeld,,False
Siberia,American Politics,419,siberia,,False
Sinai,American Politics,419,sinai,,False
Slovakia,American Politics,419,slovakia,,False
Slovenia,American Politics,419,slovenia,,False
Somalia,American Politics,419,somalia,,False
South Pole,American Politics,420,south pole,,False
South Sea Islands,American Politics,420,south sea islands,,False
South Seas,American Politics,420,south seas,,False
Southern Hemisphere,American Politics,420,southern hemisphere,,False
Soweto,American Politics,420,soweto,,False
Sri Lanka,American Politics,421,sri lanka,,False
steppes,American Politics,421,steppes,,False
Stuttgart,American Politics,421,stuttgart,,False
sub-Saharan,American Politics,421,sub-saharan,,False
Sudan,American Politics,421,sudan,,False
Suez Canal,American Politics,421,suez canal,,False
Sumatra,American Politics,421,sumatra,,False
Swaziland,American Politics,421,swaziland,,False
Tahiti,American Politics,422,tahiti,,False
Tajikistan,American Politics,422,tajikistan,,False
Teheran,American Politics,422,teheran,,False
Thames River,American Politics,422,thames river,,False
Tibet,American Politics,422,tibet,,False
Tijuana,American Politics,423,tijuana,,False
Timbuktu,American Politics,423,timbuktu,,False
Tripoli,American Politics,423,tripoli,,False
Tropic of Cancer,American Politics,423,tropic of cancer,,False
Tropic of Capricorn,American Politics,423,tropic of capricorn,,False
Turkmenistan,American Politics,423,turkmenistan,,False
Uganda,American Politics,424,uganda,,False
Ulster,American Politics,424,ulster,,False
Union of Soviet Socialist Republics (USS,American Politics,424,union of soviet socialist republics uss,,False
United Kingdom of Great Britain and Northern,American Politics,424,united kingdom of great britain and northern,,False
Urals,American Politics,424,urals,,False
Uruguay,American Politics,424,uruguay,,False
Valencia,American Politics,424,valencia,,False
R)Vancouver,American Politics,424,rvancouver,,False
Vatican City State,American Politics,425,vatican city state,,False
Venezuela,American Politics,425,venezuela,,False
Versailles,American Politics,425,versailles,,False
Volga River,American Politics,426,volga river,,False
Volgograd,American Politics,426,volgograd,,False
West Bank,American Politics,426,west bank,,False
West Indies,American Politics,426,west indies,,False
Western Europe,American Politics,426,western europe,,False
the Western Wall,American Politics,426,western wall,,False
Westminster Abbey,American Politics,426,westminster abbey,,False
Winnipeg,American Politics,427,winnipeg,,False
Yangtze River,American Politics,427,yangtze river,,False
Yemen,American Politics,427,yemen,,False
Yucatán,American Politics,427,yucatan,,False
Yukon Territory,American Politics,427,yukon territory,,False
Zaire,American Politics,427,zaire,,False
Zambia,American Politics,427,zambia,,False
Zimbabwe,American Politics,428,zimbabwe,,False
Zurich,American Politics,428,zurich,,False
Adirondack Mountains,American Politics,430,adirondack mountains,,False
Akron,American Politics,430,akron,,False
Albany,American Politics,430,albany,,False
Albuquerque,American Politics,430,albuquerque,,False
Aleutian Islands,American Politics,430,aleutian islands,,False
Allegheny Mountains,American Politics,430,allegheny mountains,,False
Anchorage,American Politics,430,anchorage,,False
Ann Arbor,American Politics,430,ann arbor,,False
Annapolis,American Politics,430,annapolis,,False
Appalachia,American Politics,430,appalachia,,False
Appalachian Mountains,American Politics,430,appalachian mountains,,False
Atlantic City,American Politics,430,atlantic city,,False
bayou,American Politics,432,bayou,,False
Beacon Hill,American Politics,432,beacon hill,,False
Berkeley,American Politics,432,berkeley,,False
Berkshires,American Politics,432,berkshires,,False
Black Hills,American Politics,432,black hills,,False
Blue Ridge Mountains,American Politics,432,blue ridge mountains,,False
Bowery,American Politics,432,bowery,,False
Bualo,American Politics,432,bualo,,False
Cape Canaveral,American Politics,432,cape canaveral,,False
Cape Cod,American Politics,434,cape cod,,False
Cape Hatteras,American Politics,434,cape hatteras,,False
Cascades,American Politics,434,cascades,,False
Central Park,American Politics,434,central park,,False
Chapel Hill,American Politics,434,chapel hill,,False
Chattanooga,American Politics,434,chattanooga,,False
Chesapeake Bay,American Politics,434,chesapeake bay,,False
Colorado River,American Politics,434,colorado river,,False
Columbia River,American Politics,434,columbia river,,False
Cumberland Gap,American Politics,434,cumberland gap,,False
Cumberland Mountains,American Politics,435,cumberland mountains,,False
Death Valley,American Politics,435,death valley,,False
Denver,American Politics,435,denver,,False
Des Moines,American Politics,435,des moines,,False
District of Columbia,American Politics,435,district of columbia,,False
El Paso,American Politics,435,el paso,,False
Ellis Island,American Politics,435,ellis island,,False
Far West,American Politics,435,far west,,False
Fifth Avenue,American Politics,435,fifth avenue,,False
Florida Keys,American Politics,435,florida keys,,False
Fort Worth,American Politics,435,fort worth,,False
Fresno,American Politics,435,fresno,,False
Grand Canyon,American Politics,436,grand canyon,,False
Great Lakes,American Politics,436,great lakes,,False
Great Salt Lake,American Politics,436,great salt lake,,False
Great Smoky Mountains,American Politics,436,great smoky mountains,,False
Green Mountains,American Politics,436,green mountains,,False
Greenwich Village,American Politics,436,greenwich village,,False
Gulf of Mexico,American Politics,436,gulf of mexico,,False
Hartford,American Politics,436,hartford,,False
Honolulu,American Politics,436,honolulu,,False
Hudson River,American Politics,436,hudson river,,False
Independence,American Politics,437,independence,,False
Indianapolis,American Politics,437,indianapolis,,False
Jacksonville,American Politics,437,jacksonville,,False
Jersey City,American Politics,437,jersey city,,False
Kansas City,American Politics,437,kansas city,,False
Lake Erie,American Politics,437,lake erie,,False
Lake Huron,American Politics,437,lake huron,,False
Lake Michigan,American Politics,437,lake michigan,,False
Lake Ontario,American Politics,437,lake ontario,,False
Lake Superior,American Politics,437,lake superior,,False
Little Rock,American Politics,437,little rock,,False
Louisville,American Politics,438,louisville,,False
Madison Avenue,American Politics,438,madison avenue,,False
Martha’s Vineyard,American Politics,438,martha’s vineyard,,False
Mason-Dixon line,American Politics,438,mason-dixon line,,False
Mid-Atlantic states,American Politics,439,mid-atlantic states,,False
Middle West,American Politics,439,middle west,,False
Milwaukee,American Politics,439,milwaukee,,False
Minneapolis,American Politics,439,minneapolis,,False
Mississippi River,American Politics,439,mississippi river,,False
Missouri River,American Politics,439,missouri river,,False
Mojave Desert,American Politics,439,mojave desert,,False
Mount McKinley,American Politics,439,mount mckinley,,False
Mount Rainier,American Politics,439,mount rainier,,False
Mount Rushmore,American Politics,439,mount rushmore,,False
Mount Saint Helens,American Politics,439,mount saint helens,,False
Mount Vernon,American Politics,439,mount vernon,,False
Mount Whitney,American Politics,439,mount whitney,,False
Nantucket,American Politics,439,nantucket,,False
Nashville,American Politics,440,nashville,,False
New Hampshire,American Politics,440,new hampshire,,False
New Haven,American Politics,440,new haven,,False
Newport,American Politics,440,newport,,False
Niagara Falls,American Politics,440,niagara falls,,False
Nob Hill,American Politics,440,nob hill,,False
Oakland,American Politics,441,oakland,,False
Ohio River,American Politics,441,ohio river,,False
Oklahoma City,American Politics,441,oklahoma city,,False
Omaha,American Politics,441,omaha,,False
Pacic Islands,American Politics,441,pacic islands,,False
Painted Desert,American Politics,441,painted desert,,False
Park Avenue,American Politics,441,park avenue,,False
Piedmont,American Politics,441,piedmont,,False
Pike’s Peak,American Politics,441,pike’s peak,,False
Potomac River,American Politics,442,potomac river,,False
Providence,American Politics,442,providence,,False
Puerto Rico,American Politics,442,puerto rico,,False
Reno,American Politics,442,reno,,False
Richmond,American Politics,442,richmond,,False
Rio Grande,American Politics,442,rio grande,,False
Rocky Mountains,American Politics,442,rocky mountains,,False
Rustbelt,American Politics,442,rustbelt,,False
Sacramento,American Politics,442,sacramento,,False
St. Lawrence River,American Politics,442,st. lawrence river,,False
St. Paul,American Politics,442,st. paul,,False
St. Petersburg,American Politics,442,st. petersburg,,False
San Andreas Fault,American Politics,442,san andreas fault,,False
San Francisco Bay,American Politics,443,san francisco bay,,False
San Joaquin Valley,American Politics,443,san joaquin valley,,False
San Jose,American Politics,443,san jose,,False
Santa Fe,American Politics,443,santa fe,,False
Santa Fe Trail,American Politics,443,santa fe trail,,False
Saratoga Springs,American Politics,443,saratoga springs,,False
Selma,American Politics,443,selma,,False
Shenandoah Valley,American Politics,443,shenandoah valley,,False
Sierra Nevada,American Politics,443,sierra nevada,,False
Sunbelt,American Politics,443,sunbelt,,False
Tampa,American Politics,443,tampa,,False
Tennessee River,American Politics,443,tennessee river,,False
Times Square,American Politics,444,times square,,False
Tucson,American Politics,444,tucson,,False
Tulsa,American Politics,444,tulsa,,False
Twin Cities,American Politics,444,twin cities,,False
Virgin Islands,American Politics,444,virgin islands,,False
West Point,American Politics,444,west point,,False
White Mountains,American Politics,445,white mountains,,False
Wisconsin,American Politics,445,wisconsin,,False
Yellowstone National Park,American Politics,445,yellowstone national park,,False
Yosemite National Park,American Politics,445,yosemite national park,,False
aborigines,American Politics,447,aborigines,,False
abortion,American Politics,447,abortion,,False
acculturation,American Politics,447,acculturation,,False
acrophobia,American Politics,447,acrophobia,,False
alienation,American Politics,447,alienation,,False
alter ego,American Politics,448,alter ego,,False
altruism,American Politics,448,altruism,,False
amnesia,American Politics,448,amnesia,,False
anal personality,American Politics,448,anal personality,,False
anal stage,American Politics,448,anal stage,,False
angst,American Politics,448,angst,,False
animism,American Politics,448,animism,,False
anthropology,American Politics,448,anthropology,,False
anxiety,American Politics,448,anxiety,,False
aphrodisiac,American Politics,448,aphrodisiac,,False
archetype,American Politics,448,archetype,,False
asexuality,World Geography,449,asexuality,,False
assimilation,World Geography,449,assimilation,,False
beatniks,World Geography,449,beatniks,,False
behavior modication,World Geography,449,behavior modication,,False
behaviorism,World Geography,449,behaviorism,,False
"Benedict, Ruth",World Geography,449,benedict ruth,ruth benedict,False
Bible Belt,World Geography,449,bible belt,,False
bisexuality,World Geography,449,bisexuality,,False
blackball,World Geography,449,blackball,,False
blacklist,World Geography,449,blacklist,,False
blue-collar,World Geography,449,blue-collar,,False
Boy Scouts of America,World Geography,449,boy scouts of america,,False
brainwashing,World Geography,450,brainwashing,,False
bureaucrat,World Geography,450,bureaucrat,,False
Bushmen,World Geography,450,bushmen,,False
cadre,World Geography,450,cadre,,False
Cajun,World Geography,450,cajun,,False
"Carnegie, Dale",World Geography,450,carnegie dale,dale carnegie,False
caste,World Geography,450,caste,,False
catharsis,World Geography,450,catharsis,,False
charisma,World Geography,450,charisma,,False
Chicanos,World Geography,450,chicanos,,False
class,World Geography,450,class,,False
class consciousness,World Geography,450,class consciousness,,False
class structure,World Geography,451,class structure,,False
class struggle,World Geography,451,class struggle,,False
claustrophobia,World Geography,451,claustrophobia,,False
cognitive development,World Geography,451,cognitive development,,False
collective unconscious,World Geography,451,collective unconscious,,False
Coming of Age in Samoa,World Geography,451,coming of age in samoa,,False
common-law marriage,World Geography,451,common-law marriage,,False
compulsion,World Geography,451,compulsion,,False
conditioned response,World Geography,451,conditioned response,,False
conformity,World Geography,451,conformity,,False
conjugal,World Geography,451,conjugal,,False
conspicuous consumption,World Geography,451,conspicuous consumption,,False
cosmology,World Geography,451,cosmology,,False
counterculture,World Geography,452,counterculture,,False
Cro-Magnon,World Geography,452,cro-magnon,,False
cult,World Geography,452,cult,,False
culture,World Geography,452,culture,,False
defense mechanism,World Geography,452,defense mechanism,,False
delusion,World Geography,452,delusion,,False
demography,World Geography,452,demography,,False
developmental psychology,World Geography,452,developmental psychology,,False
double standard of sexual behavior,World Geography,452,double standard of sexual behavior,,False
dowry,World Geography,452,dowry,,False
"ectomorph, endomorph, and mesomorp",World Geography,453,ectomorph endomorph and mesomorp,,False
egocentric,World Geography,453,egocentric,,False
egomania,World Geography,453,egomania,,False
egotism,World Geography,453,egotism,,False
empathy,World Geography,453,empathy,,False
empty nest,World Geography,453,empty nest,,False
encounter group,World Geography,453,encounter group,,False
Eskimos,World Geography,453,eskimos,,False
ethnicity,World Geography,453,ethnicity,,False
ethnocentrism,World Geography,453,ethnocentrism,,False
ethnology,World Geography,453,ethnology,,False
expatriation,World Geography,454,expatriation,,False
extended family,World Geography,454,extended family,,False
extrasensory perception (ESP),World Geography,454,extrasensory perception esp,,False
extrovert,World Geography,454,extrovert,,False
feminism,World Geography,454,feminism,,False
fetish,World Geography,454,fetish,,False
Freudian slip,World Geography,454,freudian slip,,False
future shock,World Geography,454,future shock,,False
Gallup polls,World Geography,455,gallup polls,,False
generation gap,World Geography,455,generation gap,,False
genital stage,World Geography,455,genital stage,,False
gerontocracy,World Geography,455,gerontocracy,,False
gestalt psychology,World Geography,455,gestalt psychology,,False
ghettos,World Geography,455,ghettos,,False
Girl Scouts of the United States of Amer,World Geography,455,girl scouts of the united states of amer,,False
great man theory,World Geography,455,great man theory,,False
group therapy,World Geography,455,group therapy,,False
"Haley, Alex",World Geography,455,haley alex,alex haley,False
hallucination,World Geography,455,hallucination,,False
heterogeneity,World Geography,455,heterogeneity,,False
heterosexuality,World Geography,455,heterosexuality,,False
hippies,World Geography,455,hippies,,False
Homo erectus,World Geography,456,homo erectus,,False
Homo sapiens,World Geography,456,homo sapiens,,False
homogeneity,World Geography,456,homogeneity,,False
homosexuality,World Geography,456,homosexuality,,False
hunting and gathering societies,World Geography,456,hunting and gathering societies,,False
hysteria,World Geography,456,hysteria,,False
illegitimacy,World Geography,456,illegitimacy,,False
incest,World Geography,456,incest,,False
inhibition,World Geography,456,inhibition,,False
inner city,World Geography,456,inner city,,False
intellectual,World Geography,456,intellectual,,False
intelligence quotient (IQ),World Geography,456,intelligence quotient iq,,False
intelligentsia,World Geography,457,intelligentsia,,False
introvert,World Geography,457,introvert,,False
"James, William",World Geography,457,james william,william james,False
"Jung, Carl",World Geography,457,jung carl,carl jung,False
"Kinsey, Alfred",World Geography,457,kinsey alfred,alfred kinsey,False
kinship,World Geography,457,kinship,,False
kleptomania,World Geography,457,kleptomania,,False
latency period,World Geography,457,latency period,,False
Leakey,World Geography,457,leakey,,False
lesbian,World Geography,458,lesbian,,False
libido,World Geography,458,libido,,False
mainstream,World Geography,458,mainstream,,False
maladjustment,World Geography,458,maladjustment,,False
malpractice,World Geography,458,malpractice,,False
Malthusianism,World Geography,458,malthusianism,,False
mania,World Geography,458,mania,,False
masochism,World Geography,458,masochism,,False
matriarchy,World Geography,458,matriarchy,,False
matrilineal,World Geography,458,matrilineal,,False
"McLuhan, (Herbert) Marshall",World Geography,458,mcluhan herbert marshall,,False
"Mead, Margaret",World Geography,458,mead margaret,margaret mead,False
The medium is the message,World Geography,459,medium is the message,,False
megalomania,World Geography,459,megalomania,,False
megalopolis,World Geography,459,megalopolis,,False
melting pot,World Geography,459,melting pot,,False
meritocracy,World Geography,459,meritocracy,,False
Middle America,World Geography,459,middle america,,False
middle class,World Geography,459,middle class,,False
mixed marriage,World Geography,459,mixed marriage,,False
monogamy,World Geography,459,monogamy,,False
mores,World Geography,459,mores,,False
motor development,World Geography,459,motor development,,False
multiculturalism,World Geography,459,multiculturalism,,False
narcissism,World Geography,459,narcissism,,False
nature-nurture controversy,World Geography,460,nature-nurture controversy,,False
Neanderthal,World Geography,460,neanderthal,,False
nepotism,World Geography,460,nepotism,,False
neurosis,World Geography,460,neurosis,,False
nomadism,World Geography,460,nomadism,,False
nonverbal communication,World Geography,460,nonverbal communication,,False
nuclear family,World Geography,460,nuclear family,,False
nymphomania,World Geography,460,nymphomania,,False
obscenity,World Geography,460,obscenity,,False
obsession,World Geography,460,obsession,,False
Oedipus complex,World Geography,460,oedipus complex,,False
old boy network,World Geography,460,old boy network,,False
Olduvai Gorge,World Geography,460,olduvai gorge,,False
oral personality,World Geography,460,oral personality,,False
oral stage,World Geography,461,oral stage,,False
organization man,World Geography,461,organization man,,False
paranoia,World Geography,461,paranoia,,False
paranoid schizophrenia,World Geography,461,paranoid schizophrenia,,False
parapsychology,World Geography,461,parapsychology,,False
pariah,World Geography,461,pariah,,False
patriarchy,World Geography,461,patriarchy,,False
patrilineal,World Geography,461,patrilineal,,False
Pavlov’s dogs,World Geography,461,pavlov’s dogs,,False
peasant,World Geography,461,peasant,,False
pecking order,World Geography,461,pecking order,,False
pederast,World Geography,461,pederast,,False
peeping Tom,World Geography,461,peeping tom,,False
peer group,World Geography,462,peer group,,False
peer pressure,World Geography,462,peer pressure,,False
penis envy,World Geography,462,penis envy,,False
personality,World Geography,462,personality,,False
Peter Principle,World Geography,462,peter principle,,False
phallic symbol,World Geography,462,phallic symbol,,False
phobia,World Geography,462,phobia,,False
the Pill,World Geography,462,pill,,False
pleasure principle,World Geography,462,pleasure principle,,False
polyandry,World Geography,462,polyandry,,False
polygamy,World Geography,462,polygamy,,False
"Post, Emily",World Geography,462,post emily,emily post,False
postindustrial society,World Geography,462,postindustrial society,,False
posttraumatic stress disorder (PTSD),World Geography,462,posttraumatic stress disorder ptsd,,False
primogeniture,World Geography,463,primogeniture,,False
pseudoscience,World Geography,463,pseudoscience,,False
psyche,World Geography,463,psyche,,False
psychedelic,World Geography,463,psychedelic,,False
psychic research,World Geography,463,psychic research,,False
psychology,World Geography,463,psychology,,False
psychopath,World Geography,463,psychopath,,False
psychosis,World Geography,463,psychosis,,False
psychotherapy,World Geography,463,psychotherapy,,False
Pygmy,World Geography,463,pygmy,,False
pyromania,World Geography,464,pyromania,,False
redneck,World Geography,464,redneck,,False
regression,World Geography,464,regression,,False
rites of passage,World Geography,464,rites of passage,,False
role conict,World Geography,464,role conict,,False
role model,World Geography,464,role model,,False
Rorschach test,World Geography,464,rorschach test,,False
sadism,World Geography,464,sadism,,False
scapegoat,World Geography,464,scapegoat,,False
sensory deprivation,World Geography,464,sensory deprivation,,False
sex roles/gender roles,World Geography,464,sex roles/gender roles,,False
sexism,World Geography,465,sexism,,False
sexual abuse,World Geography,465,sexual abuse,,False
sexual orientation,World Geography,465,sexual orientation,,False
sexual revolution,World Geography,465,sexual revolution,,False
shock therapy,World Geography,465,shock therapy,,False
short-term memory,World Geography,465,short-term memory,,False
signicant other,World Geography,465,signicant other,,False
"Skinner, B. F.",World Geography,465,skinner b. f.,b. f. skinner,False
social Darwinism,World Geography,465,social darwinism,,False
social mobility,World Geography,465,social mobility,,False
social science,World Geography,465,social science,,False
socialization,World Geography,465,socialization,,False
socioeconomic status (SES),World Geography,466,socioeconomic status ses,,False
sociology,World Geography,466,sociology,,False
sociopath,World Geography,466,sociopath,,False
sodomy,World Geography,466,sodomy,,False
Stanford-Binet scale,World Geography,466,stanford-binet scale,,False
status,World Geography,466,status,,False
stereotype,World Geography,466,stereotype,,False
stimulus,World Geography,466,stimulus,,False
subconsciousness,World Geography,466,subconsciousness,,False
subculture,World Geography,466,subculture,,False
sublimation,World Geography,466,sublimation,,False
suburbanization,World Geography,466,suburbanization,,False
superego,World Geography,466,superego,,False
survivor guilt,World Geography,466,survivor guilt,,False
symbol,World Geography,467,symbol,,False
taboo,World Geography,467,taboo,,False
technocracy,World Geography,467,technocracy,,False
therapy,World Geography,467,therapy,,False
totemism,World Geography,467,totemism,,False
transvestite,World Geography,467,transvestite,,False
type A personality,World Geography,467,type a personality,,False
type B personality,World Geography,467,type b personality,,False
unconscious,World Geography,467,unconscious,,False
upward mobility,World Geography,467,upward mobility,,False
urban renewal,World Geography,467,urban renewal,,False
value judgment,World Geography,467,value judgment,,False
voyeurism,World Geography,467,voyeurism,,False
"Weber, Max",World Geography,467,weber max,max weber,False
white-collar,World Geography,468,white-collar,,False
Woodstock,World Geography,468,woodstock,,False
working class,World Geography,468,working class,,False
xenophobia,World Geography,468,xenophobia,,False
zero population growth,World Geography,468,zero population growth,,False
absenteeism,American Geography,470,absenteeism,,False
accounting,American Geography,470,accounting,,False
act of God,American Geography,470,act of god,,False
actuary,American Geography,470,actuary,,False
auent society,American Geography,470,auent society,,False
agribusiness,American Geography,470,agribusiness,,False
American Stock Exchange,American Geography,470,american stock exchange,,False
amortization,American Geography,470,amortization,,False
annuity,American Geography,470,annuity,,False
appraisal,American Geography,470,appraisal,,False
assembly line,American Geography,470,assembly line,,False
assessment,American Geography,470,assessment,,False
asset,American Geography,470,asset,,False
audit,American Geography,470,audit,,False
balance of payments,American Geography,471,balance of payments,,False
balance of trade,American Geography,471,balance of trade,,False
balance sheet,American Geography,471,balance sheet,,False
bank run,American Geography,471,bank run,,False
bankruptcy,American Geography,471,bankruptcy,,False
barter,American Geography,471,barter,,False
bear market,American Geography,471,bear market,,False
beneciary,American Geography,471,beneciary,,False
big board,American Geography,471,big board,,False
big business,American Geography,471,big business,,False
the Big Three,American Geography,471,big three,,False
bilateralism,American Geography,471,bilateralism,,False
black market,American Geography,471,black market,,False
blue chip stock,American Geography,471,blue chip stock,,False
bond market,American Geography,471,bond market,,False
bottleneck,American Geography,471,bottleneck,,False
bottom line,American Geography,471,bottom line,,False
boycott,American Geography,472,boycott,,False
breach of contract,American Geography,472,breach of contract,,False
broker,American Geography,472,broker,,False
bubble,American Geography,472,bubble,,False
bull market,American Geography,472,bull market,,False
business cycle,American Geography,472,business cycle,,False
buyer’s market,American Geography,472,buyer’s market,,False
capital,American Geography,472,capital,,False
capital expenditure,American Geography,472,capital expenditure,,False
capital ight,American Geography,472,capital ight,,False
capital formation,American Geography,472,capital formation,,False
capital gain,American Geography,472,capital gain,,False
capital goods,American Geography,472,capital goods,,False
capital resources,American Geography,472,capital resources,,False
capital-intensive,American Geography,472,capital-intensive,,False
captains of industry,American Geography,472,captains of industry,,False
"Carnegie, Andrew",American Geography,472,carnegie andrew,andrew carnegie,False
cartel,American Geography,473,cartel,,False
Caveat emptor,American Geography,473,caveat emptor,,False
certicates of deposit (CDs),American Geography,473,certicates of deposit cds,,False
chain store,American Geography,473,chain store,,False
Chapter  bankruptcy,American Geography,473,chapter bankruptcy,,False
"Chávez, Cesar",American Geography,473,chavez cesar,cesar chavez,False
class action law suit,American Geography,473,class action law suit,,False
closed shop,American Geography,473,closed shop,,False
closing,American Geography,473,closing,,False
COD,American Geography,473,cod,,False
collateral,American Geography,473,collateral,,False
collective bargaining,American Geography,473,collective bargaining,,False
collective farm,American Geography,473,collective farm,,False
commission,American Geography,473,commission,,False
commodity,American Geography,473,commodity,,False
common carrier,American Geography,473,common carrier,,False
compound interest,American Geography,473,compound interest,,False
conict of interest,American Geography,473,conict of interest,,False
conglomerate,American Geography,474,conglomerate,,False
constant dollars,American Geography,474,constant dollars,,False
consumer,American Geography,474,consumer,,False
consumer goods,American Geography,474,consumer goods,,False
consumer price index,American Geography,474,consumer price index,,False
consumerism,American Geography,474,consumerism,,False
contraband,American Geography,474,contraband,,False
contract,American Geography,474,contract,,False
copyright,American Geography,474,copyright,,False
corporation,American Geography,474,corporation,,False
cost of living,American Geography,474,cost of living,,False
cost-of-living allowance,American Geography,474,cost-of-living allowance,,False
credit,American Geography,474,credit,,False
credit rating,American Geography,474,credit rating,,False
credit union,American Geography,474,credit union,,False
creditor,American Geography,474,creditor,,False
currency,American Geography,474,currency,,False
debt,American Geography,474,debt,,False
debtor nation,American Geography,474,debtor nation,,False
deduction,American Geography,474,deduction,,False
default,American Geography,474,default,,False
decit,American Geography,474,decit,,False
decitnancing,American Geography,474,decitnancing,,False
deation,American Geography,474,deation,,False
demand,American Geography,474,demand,,False
demand curve,American Geography,474,demand curve,,False
depletion allowance,American Geography,475,depletion allowance,,False
depreciation,American Geography,475,depreciation,,False
destructive competition,American Geography,475,destructive competition,,False
devaluation,American Geography,475,devaluation,,False
"diminishing returns, law of",American Geography,475,diminishing returns law of,,False
discount rate,American Geography,475,discount rate,,False
disposable personal income,American Geography,475,disposable personal income,,False
distribution,American Geography,475,distribution,,False
divestiture,American Geography,475,divestiture,,False
dividend,American Geography,475,dividend,,False
division of labor,American Geography,475,division of labor,,False
dot-coms,American Geography,475,dot-coms,,False
Dow Jones Industrial Average,American Geography,476,dow jones industrial average,,False
down payment,American Geography,476,down payment,,False
dummy,American Geography,476,dummy,,False
dumping,American Geography,476,dumping,,False
durable goods,American Geography,476,durable goods,,False
duty,American Geography,476,duty,,False
easy-money policy,American Geography,476,easy-money policy,,False
economic indicators,American Geography,476,economic indicators,,False
economics,American Geography,476,economics,,False
EEC,American Geography,476,eec,,False
elasticity,American Geography,476,elasticity,,False
embargo,American Geography,476,embargo,,False
embezzlement,American Geography,476,embezzlement,,False
eminent domain,American Geography,476,eminent domain,,False
Enron,American Geography,476,enron,,False
entrepreneur,American Geography,477,entrepreneur,,False
equilibrium,American Geography,477,equilibrium,,False
equity,American Geography,477,equity,,False
escrow,American Geography,477,escrow,,False
euro,American Geography,477,euro,,False
exchange rate,American Geography,477,exchange rate,,False
excise tax,American Geography,477,excise tax,,False
expense account,American Geography,477,expense account,,False
export quota,American Geography,477,export quota,,False
expropriation,American Geography,477,expropriation,,False
Family and Medical Leave Act of,American Geography,477,family and medical leave act of,,False
featherbedding,American Geography,477,featherbedding,,False
Federal Deposit Insurance Corporation (FDIC),American Geography,477,federal deposit insurance corporation fdic,,False
Federal Reserve System (the Fed),American Geography,477,federal reserve system the fed,,False
Federal Trade Commission (FTC),American Geography,477,federal trade commission ftc,,False
FICA,American Geography,477,fica,,False
scal policy,American Geography,478,scal policy,,False
scal year,American Geography,478,scal year,,False
xed exchange rate,American Geography,478,xed exchange rate,,False
at tax,American Geography,478,at tax,,False
oating exchange rate,American Geography,478,oating exchange rate,,False
foreclosure,American Geography,478,foreclosure,,False
foreign exchange,American Geography,478,foreign exchange,,False
Five HundredFortune,American Geography,478,five hundredfortune,,False
(k) plan,American Geography,478,k plan,,False
franchise,American Geography,478,franchise,,False
free enterprise,American Geography,479,free enterprise,,False
free market,American Geography,479,free market,,False
free trade,American Geography,479,free trade,,False
fringe benet,American Geography,479,fringe benet,,False
full employment,American Geography,479,full employment,,False
futures,American Geography,479,futures,,False
"Galbraith, John Kenneth",American Geography,479,galbraith john kenneth,john kenneth galbraith,False
global economy,American Geography,479,global economy,,False
glut,American Geography,479,glut,,False
gold standard,American Geography,479,gold standard,,False
golden parachute,American Geography,479,golden parachute,,False
goods,American Geography,479,goods,,False
Gresham’s law,American Geography,479,gresham’s law,,False
gross,American Geography,479,gross,,False
gross domestic product (GDP),American Geography,479,gross domestic product gdp,,False
Group of Eight,American Geography,479,group of eight,,False
hedging,American Geography,480,hedging,,False
hidden unemployment,American Geography,480,hidden unemployment,,False
high-tech,American Geography,480,high-tech,,False
holding company,American Geography,480,holding company,,False
import quota,American Geography,480,import quota,,False
income,American Geography,480,income,,False
income distribution,American Geography,480,income distribution,,False
Individual Retirement Account (IRA),American Geography,480,individual retirement account ira,,False
individualism,American Geography,480,individualism,,False
industrial relations,American Geography,480,industrial relations,,False
inelastic demand,American Geography,480,inelastic demand,,False
inelastic supply,American Geography,480,inelastic supply,,False
ination,American Geography,480,ination,,False
information economy,American Geography,480,information economy,,False
insider trading,American Geography,480,insider trading,,False
installment buying,American Geography,481,installment buying,,False
institutional investor,American Geography,481,institutional investor,,False
interdependence,American Geography,481,interdependence,,False
interest,American Geography,481,interest,,False
interest rate,American Geography,481,interest rate,,False
Internal Revenue Service (IRS),American Geography,481,internal revenue service irs,,False
International Monetary Fund (IMF),American Geography,481,international monetary fund imf,,False
Interstate Commerce Commission (ICC,American Geography,481,interstate commerce commission icc,,False
inventory,American Geography,481,inventory,,False
investment,American Geography,481,investment,,False
investment tax credit,American Geography,481,investment tax credit,,False
invisible hand,American Geography,481,invisible hand,,False
IOU,American Geography,481,iou,,False
IPO,American Geography,481,ipo,,False
itemized deduction,American Geography,481,itemized deduction,,False
journeyman,American Geography,481,journeyman,,False
junk bonds,American Geography,481,junk bonds,,False
Das Kapital,American Geography,481,das kapital,,False
Keogh plans),American Geography,481,keogh plans,,False
"Keynes, John Maynard",American Geography,481,keynes john maynard,john maynard keynes,False
Keynesian economics,American Geography,481,keynesian economics,,False
Labor Day,American Geography,481,labor day,,False
labor market,American Geography,481,labor market,,False
labor movement,American Geography,482,labor movement,,False
labor union,American Geography,482,labor union,,False
labor-intensive,American Geography,482,labor-intensive,,False
laissez-faire,American Geography,482,laissez-faire,,False
layo,American Geography,482,layo,,False
lease,American Geography,482,lease,,False
legal tender,American Geography,482,legal tender,,False
leisure class,American Geography,482,leisure class,,False
leverage,American Geography,482,leverage,,False
leveraged buyout (LBO),American Geography,482,leveraged buyout lbo,,False
"Lewis, John L.",American Geography,482,lewis john l.,john l. lewis,False
liability,American Geography,482,liability,,False
lien,American Geography,482,lien,,False
limited liability,American Geography,482,limited liability,,False
liquid asset,American Geography,482,liquid asset,,False
liquidation,American Geography,482,liquidation,,False
liquidity,American Geography,482,liquidity,,False
list price,American Geography,482,list price,,False
lockout,American Geography,482,lockout,,False
macroeconomics,American Geography,482,macroeconomics,,False
make-work,American Geography,482,make-work,,False
"Malthus, Thomas",American Geography,483,malthus thomas,thomas malthus,False
management,American Geography,483,management,,False
marginal cost,American Geography,483,marginal cost,,False
marginal tax rate,American Geography,483,marginal tax rate,,False
market economy,American Geography,483,market economy,,False
mass production,American Geography,483,mass production,,False
mean,American Geography,483,mean,,False
median,American Geography,483,median,,False
mediation,American Geography,483,mediation,,False
mercantilism,American Geography,483,mercantilism,,False
merger,American Geography,484,merger,,False
microeconomics,American Geography,484,microeconomics,,False
minimum wage,American Geography,484,minimum wage,,False
mixed economy,American Geography,484,mixed economy,,False
monetarism,American Geography,484,monetarism,,False
monetary policy,American Geography,484,monetary policy,,False
money market,American Geography,484,money market,,False
money supply,American Geography,484,money supply,,False
monopoly,American Geography,484,monopoly,,False
"Morgan, J. Pierpont",American Geography,484,morgan j. pierpont,j. pierpont morgan,False
mortgage,American Geography,484,mortgage,,False
multinational corporation,American Geography,484,multinational corporation,,False
multiplier eect,American Geography,484,multiplier eect,,False
municipal bonds,American Geography,484,municipal bonds,,False
mutual fund,American Geography,484,mutual fund,,False
mutual insurance company,American Geography,485,mutual insurance company,,False
"Nader, Ralph",American Geography,485,nader ralph,ralph nader,False
NASDAQ (National Association of,American Geography,485,nasdaq national association of,,False
Dealers Automated Quotation System),American Geography,485,dealers automated quotation system,,False
national debt,American Geography,485,national debt,,False
nationalization,American Geography,485,nationalization,,False
natural resources,American Geography,485,natural resources,,False
negative income tax,American Geography,485,negative income tax,,False
New York Stock Exchange,American Geography,485,new york stock exchange,,False
Securities,American Geography,485,securities,,False
no-fault insurance,American Geography,485,no-fault insurance,,False
obsolescence,American Geography,485,obsolescence,,False
oligopoly,American Geography,485,oligopoly,,False
open shop,American Geography,485,open shop,,False
organization man,American Geography,485,organization man,,False
Organization of Petroleum Exporting Countries,American Geography,485,organization of petroleum exporting countries,,False
(OPEC),American Geography,485,opec,,False
overdraft,American Geography,486,overdraft,,False
overhead,American Geography,486,overhead,,False
parity price,American Geography,486,parity price,,False
Parkinson’s Law,American Geography,486,parkinson’s law,,False
partnership,American Geography,486,partnership,,False
pension,American Geography,486,pension,,False
peonage,American Geography,486,peonage,,False
per capita,American Geography,486,per capita,,False
per diem,American Geography,486,per diem,,False
personal property,American Geography,486,personal property,,False
planned economy,American Geography,486,planned economy,,False
planned obsolescence,American Geography,486,planned obsolescence,,False
postindustrial economy,American Geography,486,postindustrial economy,,False
poverty level,American Geography,486,poverty level,,False
price controls,American Geography,487,price controls,,False
price xing,American Geography,487,price xing,,False
prime rate,American Geography,487,prime rate,,False
principal,American Geography,487,principal,,False
private enterprise,American Geography,487,private enterprise,,False
private sector,American Geography,487,private sector,,False
productivity,American Geography,487,productivity,,False
prot motive,American Geography,487,prot motive,,False
prot sharing,American Geography,487,prot sharing,,False
progressive tax,American Geography,487,progressive tax,,False
proletariat,American Geography,487,proletariat,,False
property rights,American Geography,487,property rights,,False
prorate,American Geography,487,prorate,,False
protective tari,American Geography,487,protective tari,,False
proxy,American Geography,487,proxy,,False
public company,American Geography,487,public company,,False
public sector,American Geography,487,public sector,,False
public utility,American Geography,487,public utility,,False
pump priming,American Geography,487,pump priming,,False
rationing,American Geography,487,rationing,,False
real cost,American Geography,487,real cost,,False
real income,American Geography,487,real income,,False
real property,American Geography,487,real property,,False
real wages,American Geography,487,real wages,,False
rebate,American Geography,488,rebate,,False
recession,American Geography,488,recession,,False
redistribution,American Geography,488,redistribution,,False
regressive tax,American Geography,488,regressive tax,,False
regulation,American Geography,488,regulation,,False
retail,American Geography,488,retail,,False
revenue,American Geography,488,revenue,,False
revenue sharing,American Geography,488,revenue sharing,,False
"Ricardo, David",American Geography,488,ricardo david,david ricardo,False
right-to-work laws,American Geography,488,right-to-work laws,,False
risk capital (venture capital),American Geography,488,risk capital venture capital,,False
robber barons,American Geography,488,robber barons,,False
"Rockefeller, John D.",American Geography,488,rockefeller john d.,john d. rockefeller,False
Route,American Geography,488,route,,False
S&P,American Geography,488,s&p,,False
savings and loan association,"Anthropology, Psychology, and Sociology",489,savings and loan association,,False
savings bond,"Anthropology, Psychology, and Sociology",489,savings bond,,False
scab,"Anthropology, Psychology, and Sociology",489,scab,,False
scarcity,"Anthropology, Psychology, and Sociology",489,scarcity,,False
seasonal unemployment,"Anthropology, Psychology, and Sociology",489,seasonal unemployment,,False
securities,"Anthropology, Psychology, and Sociology",489,securities,,False
Securities and Exchange Commission (SE,"Anthropology, Psychology, and Sociology",489,securities and exchange commission se,,False
seller’s market,"Anthropology, Psychology, and Sociology",489,seller’s market,,False
selling short,"Anthropology, Psychology, and Sociology",489,selling short,,False
seniority,"Anthropology, Psychology, and Sociology",489,seniority,,False
service industry,"Anthropology, Psychology, and Sociology",489,service industry,,False
services,"Anthropology, Psychology, and Sociology",489,services,,False
shares,"Anthropology, Psychology, and Sociology",489,shares,,False
shortage,"Anthropology, Psychology, and Sociology",489,shortage,,False
sinking fund,"Anthropology, Psychology, and Sociology",489,sinking fund,,False
sliding scale,"Anthropology, Psychology, and Sociology",489,sliding scale,,False
"Smith, Adam","Anthropology, Psychology, and Sociology",489,smith adam,adam smith,False
Social Security System,"Anthropology, Psychology, and Sociology",489,social security system,,False
C),"Anthropology, Psychology, and Sociology",489,c,,False
stagation,"Anthropology, Psychology, and Sociology",489,stagation,,False
standard of living,"Anthropology, Psychology, and Sociology",490,standard of living,,False
stock,"Anthropology, Psychology, and Sociology",490,stock,,False
stock exchange,"Anthropology, Psychology, and Sociology",490,stock exchange,,False
stock market,"Anthropology, Psychology, and Sociology",490,stock market,,False
stock options,"Anthropology, Psychology, and Sociology",490,stock options,,False
stockholders,"Anthropology, Psychology, and Sociology",490,stockholders,,False
strike,"Anthropology, Psychology, and Sociology",490,strike,,False
strikebreaker,"Anthropology, Psychology, and Sociology",490,strikebreaker,,False
structural unemployment,"Anthropology, Psychology, and Sociology",490,structural unemployment,,False
subsidy,"Anthropology, Psychology, and Sociology",490,subsidy,,False
subsistence farming,"Anthropology, Psychology, and Sociology",490,subsistence farming,,False
supply,"Anthropology, Psychology, and Sociology",490,supply,,False
supply and demand,"Anthropology, Psychology, and Sociology",490,supply and demand,,False
supply-side economics,"Anthropology, Psychology, and Sociology",491,supply-side economics,,False
surplus,"Anthropology, Psychology, and Sociology",491,surplus,,False
surtax,"Anthropology, Psychology, and Sociology",491,surtax,,False
sweatshop,"Anthropology, Psychology, and Sociology",491,sweatshop,,False
take-home pay,"Anthropology, Psychology, and Sociology",491,take-home pay,,False
tari,"Anthropology, Psychology, and Sociology",491,tari,,False
tax break,"Anthropology, Psychology, and Sociology",491,tax break,,False
tax deduction,"Anthropology, Psychology, and Sociology",491,tax deduction,,False
tax haven,"Anthropology, Psychology, and Sociology",491,tax haven,,False
tax loophole,"Anthropology, Psychology, and Sociology",491,tax loophole,,False
tax shelter,"Anthropology, Psychology, and Sociology",491,tax shelter,,False
taxation,"Anthropology, Psychology, and Sociology",491,taxation,,False
technocracy,"Anthropology, Psychology, and Sociology",491,technocracy,,False
technological unemployment,"Anthropology, Psychology, and Sociology",491,technological unemployment,,False
tenant farming,"Anthropology, Psychology, and Sociology",491,tenant farming,,False
tight-money policy,"Anthropology, Psychology, and Sociology",491,tight-money policy,,False
trade,"Anthropology, Psychology, and Sociology",491,trade,,False
trade barriers,"Anthropology, Psychology, and Sociology",491,trade barriers,,False
trade decit,"Anthropology, Psychology, and Sociology",491,trade decit,,False
tradeo,"Anthropology, Psychology, and Sociology",492,tradeo,,False
transfer payment,"Anthropology, Psychology, and Sociology",492,transfer payment,,False
Treasury bills (T-bills),"Anthropology, Psychology, and Sociology",492,treasury bills t-bills,,False
trust,"Anthropology, Psychology, and Sociology",492,trust,,False
trust busting,"Anthropology, Psychology, and Sociology",492,trust busting,,False
tycoon,"Anthropology, Psychology, and Sociology",492,tycoon,,False
unemployment compensation,"Anthropology, Psychology, and Sociology",492,unemployment compensation,,False
union shop,"Anthropology, Psychology, and Sociology",492,union shop,,False
urban renewal,"Anthropology, Psychology, and Sociology",492,urban renewal,,False
urbanization,"Anthropology, Psychology, and Sociology",492,urbanization,,False
usury,"Anthropology, Psychology, and Sociology",492,usury,,False
value-added tax (VAT),"Anthropology, Psychology, and Sociology",492,value-added tax vat,,False
"Vanderbilt, Cornelius","Anthropology, Psychology, and Sociology",492,vanderbilt cornelius,cornelius vanderbilt,False
vested interest,"Anthropology, Psychology, and Sociology",492,vested interest,,False
voucher,"Anthropology, Psychology, and Sociology",492,voucher,,False
wage scale,"Anthropology, Psychology, and Sociology",492,wage scale,,False
wages,"Anthropology, Psychology, and Sociology",492,wages,,False
Wall Street,"Anthropology, Psychology, and Sociology",492,wall street,,False
warranty,"Anthropology, Psychology, and Sociology",493,warranty,,False
watered stock,"Anthropology, Psychology, and Sociology",493,watered stock,,False
welfare,"Anthropology, Psychology, and Sociology",493,welfare,,False
welfare state,"Anthropology, Psychology, and Sociology",493,welfare state,,False
What’s good for the country is good for G,"Anthropology, Psychology, and Sociology",493,what’s good for the country is good for g,,False
"tors, and vice versa","Anthropology, Psychology, and Sociology",493,tors and vice versa,,False
wholesale,"Anthropology, Psychology, and Sociology",493,wholesale,,False
wildcat strike,"Anthropology, Psychology, and Sociology",493,wildcat strike,,False
windfall,"Anthropology, Psychology, and Sociology",493,windfall,,False
withholding tax,"Anthropology, Psychology, and Sociology",493,withholding tax,,False
Workmen’s Compensation,"Anthropology, Psychology, and Sociology",493,workmen’s compensation,,False
yield,"Anthropology, Psychology, and Sociology",493,yield,,False
eneral Mo-,"Anthropology, Psychology, and Sociology",493,eneral mo-,,False
zoning,"Anthropology, Psychology, and Sociology",493,zoning,,False
absolute zero,"Anthropology, Psychology, and Sociology",495,absolute zero,,False
accelerating universe,"Anthropology, Psychology, and Sociology",495,accelerating universe,,False
acceleration,"Anthropology, Psychology, and Sociology",495,acceleration,,False
acid,"Anthropology, Psychology, and Sociology",495,acid,,False
acute angle,"Anthropology, Psychology, and Sociology",495,acute angle,,False
adhesion,"Anthropology, Psychology, and Sociology",495,adhesion,,False
adsorption,"Anthropology, Psychology, and Sociology",495,adsorption,,False
aerodynamics,"Anthropology, Psychology, and Sociology",495,aerodynamics,,False
algebra,"Anthropology, Psychology, and Sociology",496,algebra,,False
algorithm,"Anthropology, Psychology, and Sociology",496,algorithm,,False
alkali,"Anthropology, Psychology, and Sociology",496,alkali,,False
alloy,"Anthropology, Psychology, and Sociology",496,alloy,,False
alpha radiation,"Anthropology, Psychology, and Sociology",496,alpha radiation,,False
amplitude,"Anthropology, Psychology, and Sociology",496,amplitude,,False
Andromeda galaxy,"Anthropology, Psychology, and Sociology",496,andromeda galaxy,,False
antimatter,"Anthropology, Psychology, and Sociology",496,antimatter,,False
antiparticle,"Anthropology, Psychology, and Sociology",496,antiparticle,,False
apogee,"Anthropology, Psychology, and Sociology",496,apogee,,False
Archimedes,"Anthropology, Psychology, and Sociology",496,archimedes,,False
asteroid,"Anthropology, Psychology, and Sociology",497,asteroid,,False
asteroid belt,"Anthropology, Psychology, and Sociology",497,asteroid belt,,False
astronomical unit,"Anthropology, Psychology, and Sociology",497,astronomical unit,,False
astronomy,"Anthropology, Psychology, and Sociology",497,astronomy,,False
astrophysics,"Anthropology, Psychology, and Sociology",497,astrophysics,,False
atom,"Anthropology, Psychology, and Sociology",497,atom,,False
atomic clock,"Anthropology, Psychology, and Sociology",497,atomic clock,,False
atomic number,"Anthropology, Psychology, and Sociology",497,atomic number,,False
atomic weight,"Anthropology, Psychology, and Sociology",497,atomic weight,,False
average,"Anthropology, Psychology, and Sociology",497,average,,False
axiom,"Anthropology, Psychology, and Sociology",497,axiom,,False
background radiation,"Anthropology, Psychology, and Sociology",497,background radiation,,False
Baconian method,"Anthropology, Psychology, and Sociology",497,baconian method,,False
base,"Anthropology, Psychology, and Sociology",497,base,,False
beta radiation,"Anthropology, Psychology, and Sociology",498,beta radiation,,False
Big Bang theory,"Anthropology, Psychology, and Sociology",498,big bang theory,,False
Big Dipper,"Anthropology, Psychology, and Sociology",498,big dipper,,False
black hole,"Anthropology, Psychology, and Sociology",498,black hole,,False
blackbody,"Anthropology, Psychology, and Sociology",498,blackbody,,False
Bohr atom,"Anthropology, Psychology, and Sociology",498,bohr atom,,False
"Bohr, Niels","Anthropology, Psychology, and Sociology",498,bohr niels,niels bohr,False
British thermal unit (Btu),"Anthropology, Psychology, and Sociology",498,british thermal unit btu,,False
Brownian motion,"Anthropology, Psychology, and Sociology",498,brownian motion,,False
buer,"Anthropology, Psychology, and Sociology",498,buer,,False
buoyancy,"Anthropology, Psychology, and Sociology",498,buoyancy,,False
calculus,"Anthropology, Psychology, and Sociology",498,calculus,,False
Calorie,"Anthropology, Psychology, and Sociology",499,calorie,,False
capillary,"Anthropology, Psychology, and Sociology",499,capillary,,False
carbon,"Anthropology, Psychology, and Sociology",499,carbon,,False
carbon dioxide (CO),"Anthropology, Psychology, and Sociology",499,carbon dioxide co,,False
carbon 14,"Anthropology, Psychology, and Sociology",499,carbon 14,,False
carbon monoxide (CO),"Anthropology, Psychology, and Sociology",499,carbon monoxide co,,False
cardinal numbers,"Anthropology, Psychology, and Sociology",499,cardinal numbers,,False
catalyst,"Anthropology, Psychology, and Sociology",499,catalyst,,False
Celsius,"Anthropology, Psychology, and Sociology",499,celsius,,False
center of gravity,"Anthropology, Psychology, and Sociology",499,center of gravity,,False
centigrade,"Anthropology, Psychology, and Sociology",499,centigrade,,False
centimeter,"Anthropology, Psychology, and Sociology",499,centimeter,,False
centrifugal force,"Anthropology, Psychology, and Sociology",499,centrifugal force,,False
CFC (chlorouorocarbon),"Anthropology, Psychology, and Sociology",499,cfc chlorouorocarbon,,False
chain reaction,"Anthropology, Psychology, and Sociology",499,chain reaction,,False
chaos,"Anthropology, Psychology, and Sociology",500,chaos,,False
"charge, electrical","Anthropology, Psychology, and Sociology",500,charge electrical,,False
chemical bond,"Anthropology, Psychology, and Sociology",500,chemical bond,,False
chemical element,"Anthropology, Psychology, and Sociology",500,chemical element,,False
chemical equilibrium,"Anthropology, Psychology, and Sociology",500,chemical equilibrium,,False
chemical reaction,"Anthropology, Psychology, and Sociology",500,chemical reaction,,False
chemistry,"Anthropology, Psychology, and Sociology",500,chemistry,,False
chlorine,"Anthropology, Psychology, and Sociology",500,chlorine,,False
circumference,"Anthropology, Psychology, and Sociology",500,circumference,,False
closed universe,"Anthropology, Psychology, and Sociology",500,closed universe,,False
cobalt,"Anthropology, Psychology, and Sociology",500,cobalt,,False
cohesion,"Anthropology, Psychology, and Sociology",500,cohesion,,False
cold fusion,"Anthropology, Psychology, and Sociology",500,cold fusion,,False
colloid,"Anthropology, Psychology, and Sociology",500,colloid,,False
combustion,"Anthropology, Psychology, and Sociology",500,combustion,,False
comet,"Anthropology, Psychology, and Sociology",500,comet,,False
common denominator,"Anthropology, Psychology, and Sociology",501,common denominator,,False
compound,"Anthropology, Psychology, and Sociology",501,compound,,False
condensation point,"Anthropology, Psychology, and Sociology",501,condensation point,,False
conduction,"Anthropology, Psychology, and Sociology",501,conduction,,False
constant,"Anthropology, Psychology, and Sociology",501,constant,,False
constellation,"Anthropology, Psychology, and Sociology",501,constellation,,False
convection,"Anthropology, Psychology, and Sociology",501,convection,,False
coordinates,"Anthropology, Psychology, and Sociology",501,coordinates,,False
"Copernicus, Nicolaus","Anthropology, Psychology, and Sociology",501,copernicus nicolaus,nicolaus copernicus,False
Coriolis eect,"Anthropology, Psychology, and Sociology",501,coriolis eect,,False
cosmic microwave background,"Anthropology, Psychology, and Sociology",501,cosmic microwave background,,False
cosmology,"Anthropology, Psychology, and Sociology",501,cosmology,,False
covalent bond,"Anthropology, Psychology, and Sociology",501,covalent bond,,False
critical mass,"Anthropology, Psychology, and Sociology",501,critical mass,,False
crystal,"Anthropology, Psychology, and Sociology",502,crystal,,False
"Curie, Marie","Anthropology, Psychology, and Sociology",502,curie marie,marie curie,False
"current, electric","Anthropology, Psychology, and Sociology",502,current electric,,False
cyclotron,"Anthropology, Psychology, and Sociology",502,cyclotron,,False
dark energy,"Anthropology, Psychology, and Sociology",502,dark energy,,False
dark matter,"Anthropology, Psychology, and Sociology",502,dark matter,,False
decibel,"Anthropology, Psychology, and Sociology",502,decibel,,False
decimal point,"Anthropology, Psychology, and Sociology",502,decimal point,,False
decimals,"Anthropology, Psychology, and Sociology",502,decimals,,False
degree,"Anthropology, Psychology, and Sociology",502,degree,,False
dehydration,"Anthropology, Psychology, and Sociology",502,dehydration,,False
denominator,"Anthropology, Psychology, and Sociology",502,denominator,,False
density,"Anthropology, Psychology, and Sociology",502,density,,False
diameter,"Anthropology, Psychology, and Sociology",502,diameter,,False
diraction,"Anthropology, Psychology, and Sociology",502,diraction,,False
diusion,"Anthropology, Psychology, and Sociology",502,diusion,,False
distillation,"Anthropology, Psychology, and Sociology",502,distillation,,False
Doppler eect,"Anthropology, Psychology, and Sociology",503,doppler eect,,False
= Emc,"Anthropology, Psychology, and Sociology",503,= emc,,False
eclipse,"Anthropology, Psychology, and Sociology",503,eclipse,,False
elasticity,"Anthropology, Psychology, and Sociology",503,elasticity,,False
electrical eld,"Anthropology, Psychology, and Sociology",503,electrical eld,,False
electricity,"Anthropology, Psychology, and Sociology",503,electricity,,False
electrolysis,"Anthropology, Psychology, and Sociology",504,electrolysis,,False
electromagnet,"Anthropology, Psychology, and Sociology",504,electromagnet,,False
electromagnetic induction,"Anthropology, Psychology, and Sociology",504,electromagnetic induction,,False
electromagnetic radiation,"Anthropology, Psychology, and Sociology",504,electromagnetic radiation,,False
electromagnetic spectrum,"Anthropology, Psychology, and Sociology",504,electromagnetic spectrum,,False
electromagnetic waves,"Anthropology, Psychology, and Sociology",504,electromagnetic waves,,False
electron,"Anthropology, Psychology, and Sociology",504,electron,,False
electron microscope,"Anthropology, Psychology, and Sociology",504,electron microscope,,False
element,"Anthropology, Psychology, and Sociology",504,element,,False
elementary particles,"Anthropology, Psychology, and Sociology",504,elementary particles,,False
ellipse,"Anthropology, Psychology, and Sociology",505,ellipse,,False
energy,"Anthropology, Psychology, and Sociology",505,energy,,False
entropy,"Anthropology, Psychology, and Sociology",505,entropy,,False
equation,"Anthropology, Psychology, and Sociology",505,equation,,False
equilibrium,"Anthropology, Psychology, and Sociology",505,equilibrium,,False
equinox,"Anthropology, Psychology, and Sociology",505,equinox,,False
escape velocity,"Anthropology, Psychology, and Sociology",505,escape velocity,,False
ethanol,"Anthropology, Psychology, and Sociology",505,ethanol,,False
ethyl alcohol,"Anthropology, Psychology, and Sociology",505,ethyl alcohol,,False
Euclid,"Anthropology, Psychology, and Sociology",505,euclid,,False
evaporation,"Anthropology, Psychology, and Sociology",505,evaporation,,False
exponent,"Anthropology, Psychology, and Sociology",506,exponent,,False
exponential growth,"Anthropology, Psychology, and Sociology",506,exponential growth,,False
extrapolation,"Anthropology, Psychology, and Sociology",506,extrapolation,,False
extraterrestrial,"Anthropology, Psychology, and Sociology",506,extraterrestrial,,False
Fahrenheit,"Anthropology, Psychology, and Sociology",506,fahrenheit,,False
"Fermi, Enrico","Anthropology, Psychology, and Sociology",506,fermi enrico,enrico fermi,False
"ssion, nuclear","Anthropology, Psychology, and Sociology",506,ssion nuclear,,False
ash point,"Anthropology, Psychology, and Sociology",506,ash point,,False
at universe,"Anthropology, Psychology, and Sociology",506,at universe,,False
uorescence,"Anthropology, Psychology, and Sociology",506,uorescence,,False
uoride,"Anthropology, Psychology, and Sociology",506,uoride,,False
focal length,"Anthropology, Psychology, and Sociology",506,focal length,,False
fractal,"Anthropology, Psychology, and Sociology",506,fractal,,False
fraction,"Anthropology, Psychology, and Sociology",507,fraction,,False
free fall,"Anthropology, Psychology, and Sociology",507,free fall,,False
freezing point,"Anthropology, Psychology, and Sociology",507,freezing point,,False
frequency,"Anthropology, Psychology, and Sociology",507,frequency,,False
friction,"Anthropology, Psychology, and Sociology",507,friction,,False
function,"Anthropology, Psychology, and Sociology",507,function,,False
"fusion, nuclear","Anthropology, Psychology, and Sociology",507,fusion nuclear,,False
galaxy,"Anthropology, Psychology, and Sociology",507,galaxy,,False
Galileo,"Anthropology, Psychology, and Sociology",507,galileo,,False
gamma radiation,"Anthropology, Psychology, and Sociology",507,gamma radiation,,False
geometric progression,"Anthropology, Psychology, and Sociology",508,geometric progression,,False
geometry,"Anthropology, Psychology, and Sociology",508,geometry,,False
"Goddard, Robert H.","Anthropology, Psychology, and Sociology",508,goddard robert h.,robert h. goddard,False
gram,"Anthropology, Psychology, and Sociology",508,gram,,False
Grand Unied Theory (GUT),"Anthropology, Psychology, and Sociology",508,grand unied theory gut,,False
gravitation,"Anthropology, Psychology, and Sociology",508,gravitation,,False
gravity,"Anthropology, Psychology, and Sociology",508,gravity,,False
HO,"Anthropology, Psychology, and Sociology",508,ho,,False
half-life,"Anthropology, Psychology, and Sociology",508,half-life,,False
heat,"Anthropology, Psychology, and Sociology",508,heat,,False
heat capacity,"Anthropology, Psychology, and Sociology",509,heat capacity,,False
heavy water,"Anthropology, Psychology, and Sociology",509,heavy water,,False
"Heisenberg, Werner","Anthropology, Psychology, and Sociology",509,heisenberg werner,werner heisenberg,False
Heisenberg uncertainty principle,"Anthropology, Psychology, and Sociology",509,heisenberg uncertainty principle,,False
helium,"Anthropology, Psychology, and Sociology",509,helium,,False
helix,"Anthropology, Psychology, and Sociology",509,helix,,False
hertz,"Anthropology, Psychology, and Sociology",509,hertz,,False
hexagon,"Anthropology, Psychology, and Sociology",509,hexagon,,False
horsepower,"Anthropology, Psychology, and Sociology",509,horsepower,,False
"Hubble, Edwin","Anthropology, Psychology, and Sociology",509,hubble edwin,edwin hubble,False
Hubble Space Telescope (HST),"Anthropology, Psychology, and Sociology",509,hubble space telescope hst,,False
hydrocarbons,"Anthropology, Psychology, and Sociology",509,hydrocarbons,,False
hydrogen,"Anthropology, Psychology, and Sociology",509,hydrogen,,False
hyperbola,"Anthropology, Psychology, and Sociology",510,hyperbola,,False
hypotenuse,"Anthropology, Psychology, and Sociology",510,hypotenuse,,False
hypothesis,"Anthropology, Psychology, and Sociology",510,hypothesis,,False
Hz,"Anthropology, Psychology, and Sociology",510,hz,,False
inertia,"Anthropology, Psychology, and Sociology",510,inertia,,False
inationary universe,"Anthropology, Psychology, and Sociology",510,inationary universe,,False
infrared radiation,"Anthropology, Psychology, and Sociology",510,infrared radiation,,False
inorganic chemistry,"Anthropology, Psychology, and Sociology",510,inorganic chemistry,,False
inorganic molecules,"Anthropology, Psychology, and Sociology",510,inorganic molecules,,False
integers,"Anthropology, Psychology, and Sociology",510,integers,,False
interference,"Anthropology, Psychology, and Sociology",510,interference,,False
ionic bond,Business and Economics,511,ionic bond,,False
ionization  ionizing,Business and Economics,511,ionization ionizing,,False
irrational number,Business and Economics,511,irrational number,,False
isomers,Business and Economics,511,isomers,,False
isotope,Business and Economics,511,isotope,,False
Keck Telescope,Business and Economics,511,keck telescope,,False
"Kelvin, Lord",Business and Economics,511,kelvin lord,lord kelvin,False
Kelvin scale,Business and Economics,511,kelvin scale,,False
"Kepler, Johannes",Business and Economics,511,kepler johannes,johannes kepler,False
kilogram,Business and Economics,511,kilogram,,False
kilometer,Business and Economics,511,kilometer,,False
kilowatt,Business and Economics,511,kilowatt,,False
kinetic energy,Business and Economics,511,kinetic energy,,False
"Laplace, Marquis de",Business and Economics,511,laplace marquis de,marquis de laplace,False
latent heat,Business and Economics,511,latent heat,,False
"Lavoisier, Antoine",Business and Economics,512,lavoisier antoine,antoine lavoisier,False
lens,Business and Economics,512,lens,,False
lepton,Business and Economics,512,lepton,,False
light,Business and Economics,512,light,,False
light year,Business and Economics,512,light year,,False
line,Business and Economics,512,line,,False
liquid,Business and Economics,512,liquid,,False
litmus,Business and Economics,512,litmus,,False
locus,Business and Economics,512,locus,,False
lowest common denominator,Business and Economics,512,lowest common denominator,,False
Mach number,Business and Economics,512,mach number,,False
magnet,Business and Economics,512,magnet,,False
magnetic eld,Business and Economics,512,magnetic eld,,False
magnetism,Business and Economics,513,magnetism,,False
mass,Business and Economics,513,mass,,False
mass spectograph,Business and Economics,513,mass spectograph,,False
mathematical induction,Business and Economics,513,mathematical induction,,False
matter,Business and Economics,513,matter,,False
"Maxwell, James Clerk",Business and Economics,513,maxwell james clerk,james clerk maxwell,False
Maxwell’s equations,Business and Economics,513,maxwell’s equations,,False
mean,Business and Economics,513,mean,,False
mean free path,Business and Economics,513,mean free path,,False
mechanics,Business and Economics,513,mechanics,,False
median,Business and Economics,513,median,,False
melting point,Business and Economics,513,melting point,,False
"Mendeleev, Dmitri",Business and Economics,513,mendeleev dmitri,dmitri mendeleev,False
Mercury,Business and Economics,514,mercury,,False
mercury,Business and Economics,514,mercury,,False
meson,Business and Economics,514,meson,,False
meter,Business and Economics,514,meter,,False
metric system,Business and Economics,514,metric system,,False
microwaves,Business and Economics,514,microwaves,,False
Milky Way,Business and Economics,514,milky way,,False
mode,Business and Economics,514,mode,,False
molecular weight,Business and Economics,514,molecular weight,,False
molecule,Business and Economics,514,molecule,,False
momentum,Business and Economics,514,momentum,,False
Mount Palomar,Business and Economics,514,mount palomar,,False
nebula,Business and Economics,514,nebula,,False
necessary condition,Business and Economics,515,necessary condition,,False
Neptune,Business and Economics,515,neptune,,False
neutrino,Business and Economics,515,neutrino,,False
neutron,Business and Economics,515,neutron,,False
neutron star,Business and Economics,515,neutron star,,False
"Newton, Isaac",Business and Economics,515,newton isaac,isaac newton,False
Newton’s laws of motion,Business and Economics,515,newton’s laws of motion,,False
nitrogen,Business and Economics,515,nitrogen,,False
normal distribution curve,Business and Economics,515,normal distribution curve,,False
North Star (Polaris),Business and Economics,516,north star polaris,,False
nova,Business and Economics,516,nova,,False
nuclear energy,Business and Economics,516,nuclear energy,,False
nuclear reaction,Business and Economics,516,nuclear reaction,,False
nuclear winter,Business and Economics,516,nuclear winter,,False
nucleus,Business and Economics,516,nucleus,,False
numeral,Business and Economics,516,numeral,,False
numerator,Business and Economics,516,numerator,,False
obtuse angle,Business and Economics,516,obtuse angle,,False
octagon,Business and Economics,516,octagon,,False
open universe,Business and Economics,516,open universe,,False
optics,Business and Economics,516,optics,,False
orbit,Business and Economics,516,orbit,,False
order of magnitude,Business and Economics,516,order of magnitude,,False
ordinal numbers,Business and Economics,517,ordinal numbers,,False
organic chemistry,Business and Economics,517,organic chemistry,,False
organic molecule,Business and Economics,517,organic molecule,,False
osmosis,Business and Economics,517,osmosis,,False
oxidation,Business and Economics,517,oxidation,,False
oxygen,Business and Economics,517,oxygen,,False
parabola,Business and Economics,517,parabola,,False
parameter,Business and Economics,517,parameter,,False
particle accelerator,Business and Economics,517,particle accelerator,,False
particle physics,Business and Economics,517,particle physics,,False
"Pauling, Linus",Business and Economics,517,pauling linus,linus pauling,False
pentagon,Business and Economics,518,pentagon,,False
percent,Business and Economics,518,percent,,False
perigee,Business and Economics,518,perigee,,False
periodic table of the elements,Business and Economics,518,periodic table of the elements,,False
phases of matter,Business and Economics,518,phases of matter,,False
photon,Business and Economics,518,photon,,False
"Planck, Max",Business and Economics,518,planck max,max planck,False
Planck’s constant,Business and Economics,518,planck’s constant,,False
plane,Business and Economics,518,plane,,False
plane geometry,Business and Economics,518,plane geometry,,False
planet,Business and Economics,518,planet,,False
plasma,Business and Economics,518,plasma,,False
Pluto,Business and Economics,519,pluto,,False
plutonium,Business and Economics,519,plutonium,,False
point,Business and Economics,519,point,,False
polarization,Business and Economics,520,polarization,,False
polygon,Business and Economics,520,polygon,,False
polymer,Business and Economics,520,polymer,,False
positron,Business and Economics,520,positron,,False
potential energy,Business and Economics,520,potential energy,,False
power,Business and Economics,521,power,,False
precipitate,Business and Economics,521,precipitate,,False
pressure,Business and Economics,521,pressure,,False
prime number,Business and Economics,521,prime number,,False
prism,Business and Economics,521,prism,,False
probability,Business and Economics,521,probability,,False
proton,Business and Economics,521,proton,,False
Ptolemaic universe,Business and Economics,521,ptolemaic universe,,False
pulsar,Business and Economics,521,pulsar,,False
Pythagorean theorem,Business and Economics,521,pythagorean theorem,,False
quanta,Business and Economics,521,quanta,,False
quantum leap,Business and Economics,521,quantum leap,,False
quantum mechanics,Business and Economics,522,quantum mechanics,,False
quarks,Business and Economics,522,quarks,,False
quasars,Business and Economics,522,quasars,,False
radiation,Business and Economics,522,radiation,,False
radiation damage,Business and Economics,522,radiation damage,,False
radical,Business and Economics,522,radical,,False
radio waves,Business and Economics,522,radio waves,,False
radioactive,Business and Economics,522,radioactive,,False
radioactivity,Business and Economics,522,radioactivity,,False
radium,Business and Economics,522,radium,,False
radon,Business and Economics,522,radon,,False
ratio,Business and Economics,522,ratio,,False
reciprocal,Business and Economics,522,reciprocal,,False
red shift,Business and Economics,522,red shift,,False
reduction,Business and Economics,522,reduction,,False
reection,Business and Economics,522,reection,,False
refraction,Business and Economics,523,refraction,,False
relativity,Business and Economics,523,relativity,,False
right angle,Business and Economics,523,right angle,,False
right triangle,Business and Economics,523,right triangle,,False
"Rutherford, Ernest",Business and Economics,523,rutherford ernest,ernest rutherford,False
salt,Business and Economics,523,salt,,False
sample,Business and Economics,523,sample,,False
satellite,Business and Economics,523,satellite,,False
Saturn,Business and Economics,523,saturn,,False
scale,Business and Economics,523,scale,,False
scientic method,Business and Economics,523,scientic method,,False
SETI (Search for Extraterrestrial Intel,Business and Economics,524,seti search for extraterrestrial intel,,False
ligence),Business and Economics,524,ligence,,False
solar wind,Business and Economics,524,solar wind,,False
solid,Business and Economics,524,solid,,False
solstice,Business and Economics,524,solstice,,False
solution,Business and Economics,524,solution,,False
space-time,Business and Economics,524,space-time,,False
specic gravity,Business and Economics,525,specic gravity,,False
specic heat,Business and Economics,525,specic heat,,False
spectroscopy,Business and Economics,525,spectroscopy,,False
spectrum,Business and Economics,525,spectrum,,False
speed of light,Business and Economics,525,speed of light,,False
spontaneous combustion,Business and Economics,525,spontaneous combustion,,False
square (of a number),Business and Economics,525,square of a number,,False
square root,Business and Economics,525,square root,,False
standard deviation,Business and Economics,525,standard deviation,,False
standard model,Business and Economics,525,standard model,,False
star,Business and Economics,525,star,,False
static electricity,Business and Economics,525,static electricity,,False
statistical signicance,Business and Economics,526,statistical signicance,,False
statistics,Business and Economics,526,statistics,,False
stress,Business and Economics,526,stress,,False
string theory,Business and Economics,526,string theory,,False
strong force,Business and Economics,526,strong force,,False
subatomic,Business and Economics,526,subatomic,,False
subatomic particles,Business and Economics,526,subatomic particles,,False
sublimation,Business and Economics,526,sublimation,,False
sucient condition,Business and Economics,526,sucient condition,,False
sunspots,Business and Economics,526,sunspots,,False
superconductivity,Business and Economics,526,superconductivity,,False
supernova,Business and Economics,526,supernova,,False
surface tension,Business and Economics,526,surface tension,,False
symmetry,Business and Economics,526,symmetry,,False
telescope,Business and Economics,526,telescope,,False
"Teller, Edward",Business and Economics,527,teller edward,edward teller,False
theorem,Business and Economics,527,theorem,,False
theory,Business and Economics,527,theory,,False
thermal equilibrium,Business and Economics,527,thermal equilibrium,,False
thermodynamics,Business and Economics,527,thermodynamics,,False
thermonuclear reaction,Business and Economics,527,thermonuclear reaction,,False
time dilation,Business and Economics,527,time dilation,,False
titration,Business and Economics,527,titration,,False
tomography,Business and Economics,527,tomography,,False
trapezoid,Business and Economics,527,trapezoid,,False
triple point,Business and Economics,527,triple point,,False
twin paradox,Business and Economics,527,twin paradox,,False
UFO,Business and Economics,527,ufo,,False
ultraviolet radiation,Business and Economics,527,ultraviolet radiation,,False
uncertainty principle,Business and Economics,528,uncertainty principle,,False
uniedeld theory,Business and Economics,528,uniedeld theory,,False
uranium,Business and Economics,528,uranium,,False
Uranus,Business and Economics,528,uranus,,False
Ursa Major,Business and Economics,528,ursa major,,False
Ursa Minor,Business and Economics,528,ursa minor,,False
vacuum,Business and Economics,528,vacuum,,False
valence,Business and Economics,528,valence,,False
valence electrons,Business and Economics,528,valence electrons,,False
vapor pressure,Business and Economics,528,vapor pressure,,False
vaporization,Business and Economics,528,vaporization,,False
vector,Business and Economics,528,vector,,False
velocity,Business and Economics,528,velocity,,False
Venus,Business and Economics,528,venus,,False
viscosity,Business and Economics,528,viscosity,,False
volume,Business and Economics,528,volume,,False
watt,Business and Economics,528,watt,,False
wave,Business and Economics,528,wave,,False
wavelength,Business and Economics,529,wavelength,,False
wave-particle duality,Business and Economics,529,wave-particle duality,,False
weak force,Business and Economics,529,weak force,,False
weight,Business and Economics,529,weight,,False
white dwarf,Business and Economics,529,white dwarf,,False
whole numbers,Business and Economics,529,whole numbers,,False
work,Business and Economics,529,work,,False
x-ray,Business and Economics,529,x-ray,,False
acid rain,Physical Sciences and Mathematics,531,acid rain,,False
air pollution,Physical Sciences and Mathematics,531,air pollution,,False
Air Quality Index,Physical Sciences and Mathematics,531,air quality index,,False
Alvarez hypothesis,Physical Sciences and Mathematics,531,alvarez hypothesis,,False
atmosphere,Physical Sciences and Mathematics,531,atmosphere,,False
atmospheric pressure,Physical Sciences and Mathematics,531,atmospheric pressure,,False
aurora borealis,Physical Sciences and Mathematics,531,aurora borealis,,False
barometer,Physical Sciences and Mathematics,531,barometer,,False
barrier island,Physical Sciences and Mathematics,532,barrier island,,False
basalt,Physical Sciences and Mathematics,532,basalt,,False
bioremediation,Physical Sciences and Mathematics,532,bioremediation,,False
Burgess Shale,Physical Sciences and Mathematics,532,burgess shale,,False
carbon  dating,Physical Sciences and Mathematics,533,carbon dating,,False
catastrophism,Physical Sciences and Mathematics,533,catastrophism,,False
cell,Physical Sciences and Mathematics,533,cell,,False
cirrus clouds,Physical Sciences and Mathematics,533,cirrus clouds,,False
climate,Physical Sciences and Mathematics,533,climate,,False
cloud seeding,Physical Sciences and Mathematics,533,cloud seeding,,False
clouds,Physical Sciences and Mathematics,533,clouds,,False
continental divide,Physical Sciences and Mathematics,533,continental divide,,False
continental shelf,Physical Sciences and Mathematics,533,continental shelf,,False
continents,Physical Sciences and Mathematics,533,continents,,False
coral reef,Physical Sciences and Mathematics,534,coral reef,,False
core,Physical Sciences and Mathematics,534,core,,False
cosmic rays,Physical Sciences and Mathematics,534,cosmic rays,,False
crust,Physical Sciences and Mathematics,534,crust,,False
cumulus clouds,Physical Sciences and Mathematics,534,cumulus clouds,,False
cyclone,Physical Sciences and Mathematics,534,cyclone,,False
desalinization,Physical Sciences and Mathematics,534,desalinization,,False
"Earth, evolution of",Physical Sciences and Mathematics,535,earth evolution of,,False
earthquake,Physical Sciences and Mathematics,535,earthquake,,False
El Niño,Physical Sciences and Mathematics,535,el nino,,False
erosion,Physical Sciences and Mathematics,535,erosion,,False
estuary,Physical Sciences and Mathematics,535,estuary,,False
extinction,Physical Sciences and Mathematics,535,extinction,,False
eye of a hurricane,Physical Sciences and Mathematics,535,eye of a hurricane,,False
fault,Physical Sciences and Mathematics,535,fault,,False
fossil,Physical Sciences and Mathematics,535,fossil,,False
fossil fuels,Physical Sciences and Mathematics,535,fossil fuels,,False
fossil record,Physical Sciences and Mathematics,535,fossil record,,False
front (frontal zone),Physical Sciences and Mathematics,535,front frontal zone,,False
geological cycle,Physical Sciences and Mathematics,536,geological cycle,,False
geology,Physical Sciences and Mathematics,536,geology,,False
geophysics,Physical Sciences and Mathematics,536,geophysics,,False
geothermal energy,Physical Sciences and Mathematics,536,geothermal energy,,False
glacier,Physical Sciences and Mathematics,536,glacier,,False
global warming,Physical Sciences and Mathematics,536,global warming,,False
gradualism,Physical Sciences and Mathematics,536,gradualism,,False
granite,Physical Sciences and Mathematics,536,granite,,False
greenhouse eect,Physical Sciences and Mathematics,536,greenhouse eect,,False
groundwater,Physical Sciences and Mathematics,536,groundwater,,False
hail,Physical Sciences and Mathematics,536,hail,,False
hard water,Physical Sciences and Mathematics,536,hard water,,False
hot spot,Physical Sciences and Mathematics,536,hot spot,,False
humidity (relative and absolute),Physical Sciences and Mathematics,536,humidity relative and absolute,,False
hurricane,Physical Sciences and Mathematics,537,hurricane,,False
"Hutton, James",Physical Sciences and Mathematics,537,hutton james,james hutton,False
hydrologic cycle,Physical Sciences and Mathematics,537,hydrologic cycle,,False
ice ages,Physical Sciences and Mathematics,537,ice ages,,False
iceberg,Physical Sciences and Mathematics,537,iceberg,,False
igneous rock,Physical Sciences and Mathematics,537,igneous rock,,False
"inversion, thermal",Physical Sciences and Mathematics,537,inversion thermal,,False
ionosphere,Physical Sciences and Mathematics,537,ionosphere,,False
jet stream,Physical Sciences and Mathematics,537,jet stream,,False
land breeze,Physical Sciences and Mathematics,537,land breeze,,False
lava,Physical Sciences and Mathematics,537,lava,,False
lightning,Physical Sciences and Mathematics,537,lightning,,False
limestone,Physical Sciences and Mathematics,537,limestone,,False
lithosphere,Physical Sciences and Mathematics,537,lithosphere,,False
"Lyell, Charles",Physical Sciences and Mathematics,537,lyell charles,charles lyell,False
magma,Physical Sciences and Mathematics,538,magma,,False
magnetic eld of the Earth,Physical Sciences and Mathematics,538,magnetic eld of the earth,,False
magnetic eld reversals,Physical Sciences and Mathematics,538,magnetic eld reversals,,False
magnetic north,Physical Sciences and Mathematics,538,magnetic north,,False
magnetic pole,Physical Sciences and Mathematics,538,magnetic pole,,False
magnetic storm,Physical Sciences and Mathematics,538,magnetic storm,,False
mantle,Physical Sciences and Mathematics,538,mantle,,False
Marianas Trench,Physical Sciences and Mathematics,538,marianas trench,,False
mass extinction,Physical Sciences and Mathematics,538,mass extinction,,False
metamorphic rock,Physical Sciences and Mathematics,538,metamorphic rock,,False
meteor,Physical Sciences and Mathematics,538,meteor,,False
meteorites,Physical Sciences and Mathematics,538,meteorites,,False
meteorology,Physical Sciences and Mathematics,538,meteorology,,False
microclimate,Physical Sciences and Mathematics,538,microclimate,,False
mineral,Physical Sciences and Mathematics,539,mineral,,False
monsoon,Physical Sciences and Mathematics,539,monsoon,,False
moraine,Physical Sciences and Mathematics,539,moraine,,False
nimbus clouds,Physical Sciences and Mathematics,539,nimbus clouds,,False
northern lights,Physical Sciences and Mathematics,539,northern lights,,False
oil sands,Physical Sciences and Mathematics,539,oil sands,,False
ozone hole,Physical Sciences and Mathematics,539,ozone hole,,False
ozone layer,Physical Sciences and Mathematics,539,ozone layer,,False
paleontology,Physical Sciences and Mathematics,539,paleontology,,False
Pangaea,Physical Sciences and Mathematics,539,pangaea,,False
plate tectonics,Physical Sciences and Mathematics,539,plate tectonics,,False
precipitation,Physical Sciences and Mathematics,539,precipitation,,False
prevailing westerlies,Physical Sciences and Mathematics,540,prevailing westerlies,,False
punctuated equilibrium,Physical Sciences and Mathematics,540,punctuated equilibrium,,False
radioactive dating,Physical Sciences and Mathematics,540,radioactive dating,,False
renewable resource,Physical Sciences and Mathematics,540,renewable resource,,False
Richter scale,Physical Sciences and Mathematics,540,richter scale,,False
San Andreas Fault,Physical Sciences and Mathematics,540,san andreas fault,,False
sandstone,Physical Sciences and Mathematics,540,sandstone,,False
sea breeze,Physical Sciences and Mathematics,540,sea breeze,,False
seaoor spreading,Physical Sciences and Mathematics,541,seaoor spreading,,False
sedimentary rock,Physical Sciences and Mathematics,541,sedimentary rock,,False
seismic waves,Physical Sciences and Mathematics,541,seismic waves,,False
seismology,Physical Sciences and Mathematics,541,seismology,,False
shale,Physical Sciences and Mathematics,541,shale,,False
silicates,Physical Sciences and Mathematics,541,silicates,,False
smog,Physical Sciences and Mathematics,541,smog,,False
solar energy,Physical Sciences and Mathematics,541,solar energy,,False
stalactites,Physical Sciences and Mathematics,541,stalactites,,False
stalagmites,Physical Sciences and Mathematics,542,stalagmites,,False
stratication,Physical Sciences and Mathematics,542,stratication,,False
stratosphere,Physical Sciences and Mathematics,542,stratosphere,,False
stratus clouds,Physical Sciences and Mathematics,542,stratus clouds,,False
strip mining,Physical Sciences and Mathematics,542,strip mining,,False
tectonic plates,Physical Sciences and Mathematics,542,tectonic plates,,False
thunder,Physical Sciences and Mathematics,542,thunder,,False
tides,Physical Sciences and Mathematics,542,tides,,False
topsoil,Physical Sciences and Mathematics,542,topsoil,,False
tornado,Physical Sciences and Mathematics,542,tornado,,False
troposphere,Physical Sciences and Mathematics,542,troposphere,,False
tsunami,Physical Sciences and Mathematics,542,tsunami,,False
tundra,Physical Sciences and Mathematics,542,tundra,,False
typhoon,Physical Sciences and Mathematics,542,typhoon,,False
Van Allen belt,Physical Sciences and Mathematics,543,van allen belt,,False
volcano,Physical Sciences and Mathematics,543,volcano,,False
water pollution,Physical Sciences and Mathematics,543,water pollution,,False
water table,Physical Sciences and Mathematics,543,water table,,False
watershed,Physical Sciences and Mathematics,543,watershed,,False
weather,Physical Sciences and Mathematics,543,weather,,False
weather map,Physical Sciences and Mathematics,543,weather map,,False
weather satellite,Physical Sciences and Mathematics,543,weather satellite,,False
weathering,Physical Sciences and Mathematics,543,weathering,,False
westerly,Physical Sciences and Mathematics,543,westerly,,False
action potential,Physical Sciences and Mathematics,545,action potential,,False
active site,Physical Sciences and Mathematics,545,active site,,False
adaptation,Physical Sciences and Mathematics,545,adaptation,,False
aerobic,Physical Sciences and Mathematics,545,aerobic,,False
algae,Physical Sciences and Mathematics,545,algae,,False
allele,Physical Sciences and Mathematics,545,allele,,False
amino acids,Physical Sciences and Mathematics,545,amino acids,,False
amoeba,Physical Sciences and Mathematics,546,amoeba,,False
amphibians,Physical Sciences and Mathematics,546,amphibians,,False
anabolism,Physical Sciences and Mathematics,546,anabolism,,False
anaerobic,Physical Sciences and Mathematics,546,anaerobic,,False
anatomy,Physical Sciences and Mathematics,546,anatomy,,False
animal kingdom,Physical Sciences and Mathematics,546,animal kingdom,,False
apoptosis,Physical Sciences and Mathematics,546,apoptosis,,False
arthropods,Physical Sciences and Mathematics,546,arthropods,,False
articial selection,Physical Sciences and Mathematics,546,articial selection,,False
asexual reproduction,Physical Sciences and Mathematics,546,asexual reproduction,,False
ATP (adenosine triphosphate),Physical Sciences and Mathematics,546,atp adenosine triphosphate,,False
Australopithecus,Physical Sciences and Mathematics,546,australopithecus,,False
axon,Physical Sciences and Mathematics,546,axon,,False
bacilli,Physical Sciences and Mathematics,547,bacilli,,False
bacteria,Physical Sciences and Mathematics,547,bacteria,,False
balance of nature,Physical Sciences and Mathematics,547,balance of nature,,False
basal metabolism,Physical Sciences and Mathematics,547,basal metabolism,,False
B-cell,Physical Sciences and Mathematics,547,b-cell,,False
biochemical pathways,Physical Sciences and Mathematics,547,biochemical pathways,,False
biochemistry,Physical Sciences and Mathematics,547,biochemistry,,False
biodegradable,Physical Sciences and Mathematics,547,biodegradable,,False
biodiversity,Physical Sciences and Mathematics,547,biodiversity,,False
bioethics,Physical Sciences and Mathematics,547,bioethics,,False
biology,Physical Sciences and Mathematics,547,biology,,False
biomass,Physical Sciences and Mathematics,547,biomass,,False
biophysics,Physical Sciences and Mathematics,547,biophysics,,False
biosphere,Physical Sciences and Mathematics,547,biosphere,,False
blastula,Physical Sciences and Mathematics,548,blastula,,False
blood-brain barrier,Physical Sciences and Mathematics,548,blood-brain barrier,,False
botany,Physical Sciences and Mathematics,548,botany,,False
Brontosaurus,Physical Sciences and Mathematics,548,brontosaurus,,False
cambium,Physical Sciences and Mathematics,548,cambium,,False
carbohydrates,Physical Sciences and Mathematics,548,carbohydrates,,False
carbon cycle,Physical Sciences and Mathematics,548,carbon cycle,,False
carnivore,Physical Sciences and Mathematics,548,carnivore,,False
carrying capacity,Physical Sciences and Mathematics,548,carrying capacity,,False
"Carson, Rachel",Physical Sciences and Mathematics,548,carson rachel,rachel carson,False
catabolism,Physical Sciences and Mathematics,548,catabolism,,False
cell,Physical Sciences and Mathematics,548,cell,,False
cell membrane,Physical Sciences and Mathematics,548,cell membrane,,False
cell wall,Physical Sciences and Mathematics,548,cell wall,,False
cellular dierentiation,Physical Sciences and Mathematics,548,cellular dierentiation,,False
cellular respiration,Physical Sciences and Mathematics,549,cellular respiration,,False
cellulose,Physical Sciences and Mathematics,549,cellulose,,False
central dogma of molecular biology,Physical Sciences and Mathematics,549,central dogma of molecular biology,,False
chemical evolution,Physical Sciences and Mathematics,549,chemical evolution,,False
chlorophyll,Physical Sciences and Mathematics,549,chlorophyll,,False
chloroplast,Physical Sciences and Mathematics,549,chloroplast,,False
chordates,Physical Sciences and Mathematics,549,chordates,,False
chromosomes,Physical Sciences and Mathematics,549,chromosomes,,False
cladistics,Physical Sciences and Mathematics,550,cladistics,,False
class,Physical Sciences and Mathematics,550,class,,False
cleavage,Physical Sciences and Mathematics,550,cleavage,,False
clone,Physical Sciences and Mathematics,550,clone,,False
cloning vector,Physical Sciences and Mathematics,550,cloning vector,,False
closed ecosystem,Physical Sciences and Mathematics,550,closed ecosystem,,False
codon,Physical Sciences and Mathematics,550,codon,,False
coevolution,Physical Sciences and Mathematics,550,coevolution,,False
cold-blooded animals,Physical Sciences and Mathematics,550,cold-blooded animals,,False
convergent evolution,Physical Sciences and Mathematics,550,convergent evolution,,False
"Crick, Francis H. C.",Physical Sciences and Mathematics,550,crick francis h. c.,francis h. c. crick,False
cross-breeding,Physical Sciences and Mathematics,550,cross-breeding,,False
cross-fertilization,Physical Sciences and Mathematics,550,cross-fertilization,,False
crustacean,Physical Sciences and Mathematics,550,crustacean,,False
cytoplasm,Physical Sciences and Mathematics,550,cytoplasm,,False
cytoskeleton,Physical Sciences and Mathematics,550,cytoskeleton,,False
"Darwin, Charles",Physical Sciences and Mathematics,550,darwin charles,charles darwin,False
deciduous trees and shrubs,Physical Sciences and Mathematics,551,deciduous trees and shrubs,,False
deforestation,Physical Sciences and Mathematics,551,deforestation,,False
developmental biology,Physical Sciences and Mathematics,551,developmental biology,,False
dioxin,Physical Sciences and Mathematics,551,dioxin,,False
DNA (deoxyribonucleic acid),Physical Sciences and Mathematics,551,dna deoxyribonucleic acid,,False
DNA methylation,Physical Sciences and Mathematics,552,dna methylation,,False
DNA polymerase,Physical Sciences and Mathematics,552,dna polymerase,,False
DNA repair,Physical Sciences and Mathematics,552,dna repair,,False
DNA sequencing,Physical Sciences and Mathematics,552,dna sequencing,,False
Dolly,Physical Sciences and Mathematics,552,dolly,,False
dominant trait,Physical Sciences and Mathematics,552,dominant trait,,False
double helix,Physical Sciences and Mathematics,552,double helix,,False
ecological niche,Physical Sciences and Mathematics,553,ecological niche,,False
ecology,Physical Sciences and Mathematics,553,ecology,,False
ecosystem,Physical Sciences and Mathematics,553,ecosystem,,False
embryo,Physical Sciences and Mathematics,553,embryo,,False
embryology,Physical Sciences and Mathematics,553,embryology,,False
embryonic stem cell,Physical Sciences and Mathematics,553,embryonic stem cell,,False
enzyme,Physical Sciences and Mathematics,553,enzyme,,False
eugenics,Physical Sciences and Mathematics,553,eugenics,,False
eukaryote,Physical Sciences and Mathematics,553,eukaryote,,False
exon,Physical Sciences and Mathematics,553,exon,,False
family,Physical Sciences and Mathematics,553,family,,False
fauna,Physical Sciences and Mathematics,553,fauna,,False
fermentation,Physical Sciences and Mathematics,554,fermentation,,False
fertilization,Physical Sciences and Mathematics,554,fertilization,,False
fetus,Physical Sciences and Mathematics,554,fetus,,False
uid mosaic model,Physical Sciences and Mathematics,554,uid mosaic model,,False
food chain,Physical Sciences and Mathematics,554,food chain,,False
fruit,Physical Sciences and Mathematics,554,fruit,,False
fungi,Physical Sciences and Mathematics,554,fungi,,False
gamete,Physical Sciences and Mathematics,554,gamete,,False
gel electrophoresis,Physical Sciences and Mathematics,554,gel electrophoresis,,False
gene,Physical Sciences and Mathematics,554,gene,,False
gene amplication,Physical Sciences and Mathematics,555,gene amplication,,False
gene mapping,Physical Sciences and Mathematics,555,gene mapping,,False
gene patent,Physical Sciences and Mathematics,555,gene patent,,False
gene pool,Physical Sciences and Mathematics,555,gene pool,,False
gene splicing,Physical Sciences and Mathematics,555,gene splicing,,False
gene therapy,Physical Sciences and Mathematics,555,gene therapy,,False
genetic code,Physical Sciences and Mathematics,556,genetic code,,False
genetic drift,Physical Sciences and Mathematics,556,genetic drift,,False
genetic engineering,Physical Sciences and Mathematics,556,genetic engineering,,False
genetically modied organism,Physical Sciences and Mathematics,556,genetically modied organism,,False
genetics,Physical Sciences and Mathematics,556,genetics,,False
genome,Physical Sciences and Mathematics,556,genome,,False
genomics,Physical Sciences and Mathematics,556,genomics,,False
genotype,Physical Sciences and Mathematics,556,genotype,,False
genus,Physical Sciences and Mathematics,556,genus,,False
glucose,Physical Sciences and Mathematics,556,glucose,,False
GMO,Physical Sciences and Mathematics,556,gmo,,False
gonads,Physical Sciences and Mathematics,556,gonads,,False
green revolution,Physical Sciences and Mathematics,556,green revolution,,False
habitat,Physical Sciences and Mathematics,556,habitat,,False
herbivore,Physical Sciences and Mathematics,556,herbivore,,False
heredity,Physical Sciences and Mathematics,557,heredity,,False
hibernation,Physical Sciences and Mathematics,557,hibernation,,False
homeotic genes,Physical Sciences and Mathematics,557,homeotic genes,,False
hominids,Physical Sciences and Mathematics,557,hominids,,False
Homo,Physical Sciences and Mathematics,557,homo,,False
homologous chromosomes,Physical Sciences and Mathematics,557,homologous chromosomes,,False
horticulture,Physical Sciences and Mathematics,557,horticulture,,False
Human Genome Project,Physical Sciences and Mathematics,557,human genome project,,False
hybridization,Physical Sciences and Mathematics,557,hybridization,,False
hydroponics,Physical Sciences and Mathematics,557,hydroponics,,False
in vitro,Physical Sciences and Mathematics,557,in vitro,,False
in vivo,Physical Sciences and Mathematics,557,in vivo,,False
instinct,Physical Sciences and Mathematics,557,instinct,,False
intron,Physical Sciences and Mathematics,557,intron,,False
invertebrates,Physical Sciences and Mathematics,557,invertebrates,,False
jumping genes,Physical Sciences and Mathematics,557,jumping genes,,False
“junk” DNA,Physical Sciences and Mathematics,557,“junk” dna,,False
karyotype,Physical Sciences and Mathematics,557,karyotype,,False
kingdom,Physical Sciences and Mathematics,558,kingdom,,False
Linnean classication,Physical Sciences and Mathematics,558,linnean classication,,False
"Linnaeus, Carolus",Physical Sciences and Mathematics,558,linnaeus carolus,carolus linnaeus,False
lipids,Physical Sciences and Mathematics,558,lipids,,False
mammals,Physical Sciences and Mathematics,558,mammals,,False
meiosis,Physical Sciences and Mathematics,558,meiosis,,False
memory cell,Physical Sciences and Mathematics,558,memory cell,,False
"Mendel, Gregor",Physical Sciences and Mathematics,558,mendel gregor,gregor mendel,False
meristem,Physical Sciences and Mathematics,559,meristem,,False
metabolism,Physical Sciences and Mathematics,559,metabolism,,False
microorganisms,Physical Sciences and Mathematics,559,microorganisms,,False
missing link,Physical Sciences and Mathematics,559,missing link,,False
mitochondrion,Physical Sciences and Mathematics,559,mitochondrion,,False
mitochondrial Eve,Physical Sciences and Mathematics,559,mitochondrial eve,,False
mitosis,Physical Sciences and Mathematics,559,mitosis,,False
molecular biology,Physical Sciences and Mathematics,559,molecular biology,,False
mollusks,Physical Sciences and Mathematics,559,mollusks,,False
Monera,Physical Sciences and Mathematics,559,monera,,False
morphology,Physical Sciences and Mathematics,559,morphology,,False
mutagen,Physical Sciences and Mathematics,559,mutagen,,False
mutations,Physical Sciences and Mathematics,560,mutations,,False
natural selection,Physical Sciences and Mathematics,560,natural selection,,False
neurotransmitter,Physical Sciences and Mathematics,560,neurotransmitter,,False
nitrogen xing,Physical Sciences and Mathematics,560,nitrogen xing,,False
nitrogenous wastes,Physical Sciences and Mathematics,560,nitrogenous wastes,,False
nucleic acids,Physical Sciences and Mathematics,560,nucleic acids,,False
nucleotides,Physical Sciences and Mathematics,560,nucleotides,,False
nucleus,Physical Sciences and Mathematics,560,nucleus,,False
omnivore,Physical Sciences and Mathematics,560,omnivore,,False
opposable thumb,Physical Sciences and Mathematics,560,opposable thumb,,False
order,Physical Sciences and Mathematics,560,order,,False
organ,Physical Sciences and Mathematics,560,organ,,False
organelles,Physical Sciences and Mathematics,560,organelles,,False
organic compounds,Physical Sciences and Mathematics,560,organic compounds,,False
organic molecules,Physical Sciences and Mathematics,560,organic molecules,,False
The Origin of Species,Physical Sciences and Mathematics,560,origin of species,,False
p gene,Physical Sciences and Mathematics,561,p gene,,False
PCR (polymerase chain reaction),Physical Sciences and Mathematics,561,pcr polymerase chain reaction,,False
phenotype,Physical Sciences and Mathematics,561,phenotype,,False
pheromones,Physical Sciences and Mathematics,561,pheromones,,False
phloem,Physical Sciences and Mathematics,561,phloem,,False
photosynthesis,Physical Sciences and Mathematics,561,photosynthesis,,False
phylum,Physical Sciences and Mathematics,561,phylum,,False
physiology,Physical Sciences and Mathematics,561,physiology,,False
pistil,Physical Sciences and Mathematics,561,pistil,,False
plant kingdom,Physical Sciences and Mathematics,561,plant kingdom,,False
plasmid,Physical Sciences and Mathematics,561,plasmid,,False
pollen,Physical Sciences and Mathematics,561,pollen,,False
pollination,Physical Sciences and Mathematics,561,pollination,,False
population genetics,Physical Sciences and Mathematics,561,population genetics,,False
primates,Physical Sciences and Mathematics,561,primates,,False
prokaryotes,Physical Sciences and Mathematics,561,prokaryotes,,False
protein folding problem,Physical Sciences and Mathematics,562,protein folding problem,,False
protein structure,Physical Sciences and Mathematics,562,protein structure,,False
proteins,Physical Sciences and Mathematics,562,proteins,,False
proteomics,Physical Sciences and Mathematics,562,proteomics,,False
Protoctista,Physical Sciences and Mathematics,562,protoctista,,False
protoplasm,Physical Sciences and Mathematics,562,protoplasm,,False
protozoa,Physical Sciences and Mathematics,562,protozoa,,False
recessive trait,Physical Sciences and Mathematics,562,recessive trait,,False
recombinant DNA technology,Physical Sciences and Mathematics,562,recombinant dna technology,,False
regenerative medicine,Physical Sciences and Mathematics,562,regenerative medicine,,False
repetitive DNA,Physical Sciences and Mathematics,562,repetitive dna,,False
reproductive cloning,Physical Sciences and Mathematics,562,reproductive cloning,,False
reptiles,Physical Sciences and Mathematics,563,reptiles,,False
respiration,Physical Sciences and Mathematics,563,respiration,,False
restriction enzymes,Physical Sciences and Mathematics,563,restriction enzymes,,False
ribonucleic acid,Physical Sciences and Mathematics,563,ribonucleic acid,,False
ribosome,Physical Sciences and Mathematics,563,ribosome,,False
RNA,Physical Sciences and Mathematics,563,rna,,False
root,Physical Sciences and Mathematics,563,root,,False
second messenger,Physical Sciences and Mathematics,563,second messenger,,False
sex cells,Physical Sciences and Mathematics,563,sex cells,,False
sex chromosomes,Physical Sciences and Mathematics,563,sex chromosomes,,False
sex-linked trait,Physical Sciences and Mathematics,563,sex-linked trait,,False
sexual reproduction,Physical Sciences and Mathematics,564,sexual reproduction,,False
sexual selection,Physical Sciences and Mathematics,564,sexual selection,,False
signal transduction pathway,Physical Sciences and Mathematics,564,signal transduction pathway,,False
single-celled,Physical Sciences and Mathematics,564,single-celled,,False
sociobiology,Physical Sciences and Mathematics,564,sociobiology,,False
species,Physical Sciences and Mathematics,564,species,,False
sperm,Physical Sciences and Mathematics,564,sperm,,False
spore,Physical Sciences and Mathematics,564,spore,,False
stamen,Physical Sciences and Mathematics,564,stamen,,False
stem cell,Physical Sciences and Mathematics,564,stem cell,,False
sugars,Physical Sciences and Mathematics,564,sugars,,False
symbiosis,Physical Sciences and Mathematics,564,symbiosis,,False
synapse,Physical Sciences and Mathematics,565,synapse,,False
system,Physical Sciences and Mathematics,565,system,,False
taproot,Physical Sciences and Mathematics,565,taproot,,False
taxonomy,Physical Sciences and Mathematics,565,taxonomy,,False
T-cell,Physical Sciences and Mathematics,565,t-cell,,False
telomere,Physical Sciences and Mathematics,565,telomere,,False
therapeutic cloning,Physical Sciences and Mathematics,565,therapeutic cloning,,False
therapeutic virus,Physical Sciences and Mathematics,565,therapeutic virus,,False
totipotency,Physical Sciences and Mathematics,565,totipotency,,False
toxic waste,Physical Sciences and Mathematics,565,toxic waste,,False
transgenic species,Physical Sciences and Mathematics,565,transgenic species,,False
transposon,Physical Sciences and Mathematics,565,transposon,,False
Tyrannosaurus rex,Physical Sciences and Mathematics,565,tyrannosaurus rex,,False
vertebrates,Physical Sciences and Mathematics,565,vertebrates,,False
virus,Physical Sciences and Mathematics,565,virus,,False
vivisection,Physical Sciences and Mathematics,565,vivisection,,False
warm-blooded animals,Physical Sciences and Mathematics,566,warm-blooded animals,,False
Watson and Crick,Physical Sciences and Mathematics,566,watson and crick,,False
xenotransplantation,Physical Sciences and Mathematics,566,xenotransplantation,,False
xylem,Physical Sciences and Mathematics,566,xylem,,False
zoology,Physical Sciences and Mathematics,566,zoology,,False
abdomen,Physical Sciences and Mathematics,568,abdomen,,False
abdominal cavity,Physical Sciences and Mathematics,568,abdominal cavity,,False
abortion,Physical Sciences and Mathematics,568,abortion,,False
abscess,Physical Sciences and Mathematics,568,abscess,,False
Achilles tendon,Physical Sciences and Mathematics,568,achilles tendon,,False
acupuncture,Physical Sciences and Mathematics,568,acupuncture,,False
acute disease,Physical Sciences and Mathematics,568,acute disease,,False
adenoids,Physical Sciences and Mathematics,568,adenoids,,False
adipose tissue,Physical Sciences and Mathematics,568,adipose tissue,,False
adrenal glands,Physical Sciences and Mathematics,568,adrenal glands,,False
adrenaline,Physical Sciences and Mathematics,568,adrenaline,,False
aerobics,Physical Sciences and Mathematics,568,aerobics,,False
AIDS,Physical Sciences and Mathematics,568,aids,,False
allergy,Earth Sciences,569,allergy,,False
alternative medicine,Earth Sciences,569,alternative medicine,,False
Alzheimer’s disease,Earth Sciences,569,alzheimer’s disease,,False
amniocentesis,Earth Sciences,569,amniocentesis,,False
amniotic uid,Earth Sciences,569,amniotic uid,,False
amniotic sac,Earth Sciences,569,amniotic sac,,False
amphetamine,Earth Sciences,569,amphetamine,,False
anabolic steroids,Earth Sciences,569,anabolic steroids,,False
analgesic,Earth Sciences,569,analgesic,,False
anemia,Earth Sciences,569,anemia,,False
anesthesia,Earth Sciences,569,anesthesia,,False
anesthetic,Earth Sciences,569,anesthetic,,False
angina pectoris,Earth Sciences,569,angina pectoris,,False
angioplasty,Earth Sciences,569,angioplasty,,False
anorexia,Earth Sciences,569,anorexia,,False
anorexia nervosa,Earth Sciences,569,anorexia nervosa,,False
anthrax,Earth Sciences,570,anthrax,,False
antibiotic,Earth Sciences,570,antibiotic,,False
"antibiotics, resistance to",Earth Sciences,570,antibiotics resistance to,,False
antibodies,Earth Sciences,570,antibodies,,False
anticoagulants,Earth Sciences,570,anticoagulants,,False
antidepressants,Earth Sciences,570,antidepressants,,False
antigens,Earth Sciences,570,antigens,,False
antihistamines,Earth Sciences,570,antihistamines,,False
antiseptics,Earth Sciences,570,antiseptics,,False
anus,Earth Sciences,570,anus,,False
aorta,Earth Sciences,570,aorta,,False
appendectomy,Earth Sciences,570,appendectomy,,False
appendicitis,Earth Sciences,570,appendicitis,,False
appendix,Earth Sciences,570,appendix,,False
arteries,Earth Sciences,570,arteries,,False
arteriosclerosis,Earth Sciences,570,arteriosclerosis,,False
arthritis,Earth Sciences,570,arthritis,,False
arthroscope,Earth Sciences,570,arthroscope,,False
ascorbic acid,Earth Sciences,571,ascorbic acid,,False
asthma,Earth Sciences,571,asthma,,False
astigmatism,Earth Sciences,571,astigmatism,,False
atherosclerosis,Earth Sciences,571,atherosclerosis,,False
athlete’s foot,Earth Sciences,571,athlete’s foot,,False
atria,Earth Sciences,571,atria,,False
atrophy,Earth Sciences,571,atrophy,,False
Attention Decit Disorder (ADD),Earth Sciences,571,attention decit disorder add,,False
auditory nerve,Earth Sciences,571,auditory nerve,,False
autoimmune disease,Earth Sciences,571,autoimmune disease,,False
autonomic nervous system,Earth Sciences,571,autonomic nervous system,,False
AZT,Earth Sciences,571,azt,,False
bacterial infection,Earth Sciences,571,bacterial infection,,False
balanced diet,Earth Sciences,571,balanced diet,,False
barbiturates,Earth Sciences,571,barbiturates,,False
benign,Earth Sciences,572,benign,,False
bile,Earth Sciences,572,bile,,False
bile ducts,Earth Sciences,572,bile ducts,,False
biofeedback,Earth Sciences,572,biofeedback,,False
biological clock,Earth Sciences,572,biological clock,,False
black lung,Earth Sciences,572,black lung,,False
bladder,Earth Sciences,572,bladder,,False
blind spot,Earth Sciences,572,blind spot,,False
blood,Earth Sciences,572,blood,,False
blood group,Earth Sciences,572,blood group,,False
blood pressure,Earth Sciences,572,blood pressure,,False
blood type,Earth Sciences,572,blood type,,False
blood vessels,Earth Sciences,573,blood vessels,,False
bone marrow,Earth Sciences,573,bone marrow,,False
botulism,Earth Sciences,573,botulism,,False
brain,Earth Sciences,573,brain,,False
bronchial tubes,Earth Sciences,573,bronchial tubes,,False
bubonic plague,Earth Sciences,573,bubonic plague,,False
bulimia,Earth Sciences,573,bulimia,,False
bursa,Earth Sciences,573,bursa,,False
bursitis,Earth Sciences,573,bursitis,,False
canines,Earth Sciences,573,canines,,False
capillaries,Earth Sciences,573,capillaries,,False
carcinogenic,Earth Sciences,574,carcinogenic,,False
carcinoma,Earth Sciences,574,carcinoma,,False
cardiac arrest,Earth Sciences,574,cardiac arrest,,False
cardiology,Earth Sciences,574,cardiology,,False
cardiopulmonary resuscitation (CPR),Earth Sciences,574,cardiopulmonary resuscitation cpr,,False
cardiovascular,Earth Sciences,574,cardiovascular,,False
carpal tunnel syndrome,Earth Sciences,574,carpal tunnel syndrome,,False
cartilage,Earth Sciences,574,cartilage,,False
CAT scan,Earth Sciences,574,cat scan,,False
cataract,Earth Sciences,574,cataract,,False
catheter,Earth Sciences,574,catheter,,False
catheterization,Earth Sciences,574,catheterization,,False
CDC (Centers for Disease Control),Earth Sciences,574,cdc centers for disease control,,False
cellulite,Earth Sciences,574,cellulite,,False
central nervous system,Earth Sciences,574,central nervous system,,False
cerebellum,Earth Sciences,574,cerebellum,,False
cerebral,Earth Sciences,574,cerebral,,False
cerebral cortex,Earth Sciences,574,cerebral cortex,,False
cerebral palsy,Earth Sciences,575,cerebral palsy,,False
cerebral thrombosis,Earth Sciences,575,cerebral thrombosis,,False
cerebrum,Earth Sciences,575,cerebrum,,False
cervix,Earth Sciences,575,cervix,,False
Cesarean section,Earth Sciences,575,cesarean section,,False
chemotherapy,Earth Sciences,575,chemotherapy,,False
chicken pox,Earth Sciences,575,chicken pox,,False
chiropractic,Earth Sciences,575,chiropractic,,False
cholesterol,Earth Sciences,575,cholesterol,,False
chronic disease,Earth Sciences,575,chronic disease,,False
chronic fatigue syndrome,Earth Sciences,575,chronic fatigue syndrome,,False
circadian rhythm,Earth Sciences,575,circadian rhythm,,False
circulatory system,Earth Sciences,575,circulatory system,,False
circumcision,Earth Sciences,575,circumcision,,False
cirrhosis,Earth Sciences,577,cirrhosis,,False
cleft lip,Earth Sciences,577,cleft lip,,False
club drugs,Earth Sciences,577,club drugs,,False
cocaine,Earth Sciences,577,cocaine,,False
codeine,Earth Sciences,577,codeine,,False
colitis,Earth Sciences,577,colitis,,False
colon,Earth Sciences,577,colon,,False
colorblindness,Earth Sciences,577,colorblindness,,False
coma,Earth Sciences,577,coma,,False
communicable disease,Earth Sciences,577,communicable disease,,False
conception,Earth Sciences,577,conception,,False
congenital,Earth Sciences,577,congenital,,False
conjunctivitis,Earth Sciences,577,conjunctivitis,,False
connective tissue,Earth Sciences,577,connective tissue,,False
contagious disease,Earth Sciences,577,contagious disease,,False
contraception,Earth Sciences,577,contraception,,False
convulsion,Earth Sciences,577,convulsion,,False
cornea,Earth Sciences,577,cornea,,False
coronary,Earth Sciences,577,coronary,,False
coronary arteries,Earth Sciences,578,coronary arteries,,False
coronary bypass surgery,Earth Sciences,578,coronary bypass surgery,,False
coronary thrombosis,Earth Sciences,578,coronary thrombosis,,False
cortisone,Earth Sciences,578,cortisone,,False
cranium,Earth Sciences,578,cranium,,False
crown,Earth Sciences,578,crown,,False
cyst,Earth Sciences,578,cyst,,False
cysticbrosis,Earth Sciences,578,cysticbrosis,,False
dentin,Earth Sciences,578,dentin,,False
dermatitis,Earth Sciences,578,dermatitis,,False
dermatology,Earth Sciences,578,dermatology,,False
designer drug,Earth Sciences,578,designer drug,,False
diabetes mellitus,Earth Sciences,578,diabetes mellitus,,False
dialysis,Earth Sciences,578,dialysis,,False
diaphragm,Earth Sciences,578,diaphragm,,False
diarrhea,Earth Sciences,578,diarrhea,,False
dietary supplement,Earth Sciences,578,dietary supplement,,False
digestion,Earth Sciences,578,digestion,,False
digestive system,Earth Sciences,579,digestive system,,False
diphtheria,Earth Sciences,579,diphtheria,,False
diuretic,Earth Sciences,579,diuretic,,False
Down’s syndrome,Earth Sciences,579,down’s syndrome,,False
duodenum,Earth Sciences,579,duodenum,,False
dysentery,Earth Sciences,579,dysentery,,False
dyslexia,Earth Sciences,579,dyslexia,,False
eardrum,Earth Sciences,579,eardrum,,False
Ebola,Earth Sciences,579,ebola,,False
electrocardiogram (EKG),Earth Sciences,580,electrocardiogram ekg,,False
electrocardiograph,Earth Sciences,580,electrocardiograph,,False
electroencephalogram (EEG),Earth Sciences,580,electroencephalogram eeg,,False
electrolyte,Earth Sciences,580,electrolyte,,False
electroshock therapy,Earth Sciences,580,electroshock therapy,,False
embolism,Earth Sciences,580,embolism,,False
emphysema,Earth Sciences,580,emphysema,,False
enamel,Earth Sciences,580,enamel,,False
encephalitis,Earth Sciences,580,encephalitis,,False
endocrine gland,Earth Sciences,580,endocrine gland,,False
endocrine system,Earth Sciences,580,endocrine system,,False
endorphins,Earth Sciences,580,endorphins,,False
epidemic,Earth Sciences,581,epidemic,,False
epidermis,Earth Sciences,581,epidermis,,False
epilepsy,Earth Sciences,581,epilepsy,,False
ergonomics,Earth Sciences,581,ergonomics,,False
esophagus,Earth Sciences,581,esophagus,,False
estrogen,Earth Sciences,581,estrogen,,False
Eustachian tube,Earth Sciences,581,eustachian tube,,False
evolutionary medicine,Earth Sciences,581,evolutionary medicine,,False
excretory system,Earth Sciences,581,excretory system,,False
fallopian tubes,Earth Sciences,582,fallopian tubes,,False
fats,Earth Sciences,582,fats,,False
FDA Recommended Daily Allowance (R,Earth Sciences,582,fda recommended daily allowance r,,False
feces,Earth Sciences,582,feces,,False
ght or ight reaction,Earth Sciences,582,ght or ight reaction,,False
FMRI,Earth Sciences,582,fmri,,False
Food and Drug Administration (FDA),Earth Sciences,582,food and drug administration fda,,False
food poisoning,Earth Sciences,582,food poisoning,,False
fungal infection,Earth Sciences,582,fungal infection,,False
Galen,Earth Sciences,582,galen,,False
DA),Earth Sciences,582,da,,False
gallbladder,Earth Sciences,582,gallbladder,,False
gallstone,Earth Sciences,582,gallstone,,False
gangrene,Earth Sciences,582,gangrene,,False
gastric,Earth Sciences,582,gastric,,False
gastroenterology,Earth Sciences,582,gastroenterology,,False
gastrointestinal tract (GI tract),Earth Sciences,582,gastrointestinal tract gi tract,,False
general anesthetic,Earth Sciences,582,general anesthetic,,False
genetic counseling,Life Sciences,583,genetic counseling,,False
genetic testing,Life Sciences,583,genetic testing,,False
genitals,Life Sciences,583,genitals,,False
German measles,Life Sciences,583,german measles,,False
germs,Life Sciences,583,germs,,False
gerontology,Life Sciences,583,gerontology,,False
glands,Life Sciences,583,glands,,False
glaucoma,Life Sciences,583,glaucoma,,False
gonorrhea,Life Sciences,583,gonorrhea,,False
gout,Life Sciences,583,gout,,False
gynecology,Life Sciences,583,gynecology,,False
hallucinogen,Life Sciences,583,hallucinogen,,False
HDL,Life Sciences,583,hdl,,False
heart,Life Sciences,583,heart,,False
heart attack,Life Sciences,583,heart attack,,False
heartburn,Life Sciences,583,heartburn,,False
hemoglobin,Life Sciences,584,hemoglobin,,False
hemophilia,Life Sciences,584,hemophilia,,False
hepatitis,Life Sciences,584,hepatitis,,False
hereditary,Life Sciences,584,hereditary,,False
hernia,Life Sciences,584,hernia,,False
herpes,Life Sciences,584,herpes,,False
Hippocrates,Life Sciences,584,hippocrates,,False
Hippocratic oath,Life Sciences,584,hippocratic oath,,False
HIV,Life Sciences,584,hiv,,False
hives,Life Sciences,584,hives,,False
HMO,Life Sciences,585,hmo,,False
Hodgkin’s disease,Life Sciences,585,hodgkin’s disease,,False
holistic medicine,Life Sciences,585,holistic medicine,,False
homeopathy,Life Sciences,585,homeopathy,,False
homeostasis,Life Sciences,585,homeostasis,,False
hormones,Life Sciences,585,hormones,,False
humor,Life Sciences,585,humor,,False
hymen,Life Sciences,585,hymen,,False
hypersensitivity,Life Sciences,585,hypersensitivity,,False
hypertension,Life Sciences,585,hypertension,,False
hypochondriac,Life Sciences,585,hypochondriac,,False
hypothalamus,Life Sciences,585,hypothalamus,,False
hysterectomy,Life Sciences,585,hysterectomy,,False
immune system,Life Sciences,585,immune system,,False
immunity,Life Sciences,585,immunity,,False
immunization,Life Sciences,585,immunization,,False
incisors,Life Sciences,586,incisors,,False
incubation period,Life Sciences,586,incubation period,,False
incubator,Life Sciences,586,incubator,,False
infection,Life Sciences,586,infection,,False
infectious diseases,Life Sciences,586,infectious diseases,,False
inammation,Life Sciences,586,inammation,,False
inuenza,Life Sciences,586,inuenza,,False
inner ear,Life Sciences,586,inner ear,,False
inoculation,Life Sciences,586,inoculation,,False
insulin,Life Sciences,586,insulin,,False
interferon,Life Sciences,586,interferon,,False
intestines,Life Sciences,586,intestines,,False
intrauterine device (IUD),Life Sciences,586,intrauterine device iud,,False
intravenous,Life Sciences,586,intravenous,,False
IVF (in vitro fertilization),Life Sciences,586,ivf in vitro fertilization,,False
iris,Life Sciences,586,iris,,False
Jacob-Creutzfeldt syndrome,Life Sciences,586,jacob-creutzfeldt syndrome,,False
jaundice,Life Sciences,586,jaundice,,False
jet lag,Life Sciences,586,jet lag,,False
kidney stones,Life Sciences,587,kidney stones,,False
kidneys,Life Sciences,587,kidneys,,False
knee-jerk reex,Life Sciences,587,knee-jerk reex,,False
labor,Life Sciences,587,labor,,False
laparoscope,Life Sciences,587,laparoscope,,False
large intestine,Life Sciences,587,large intestine,,False
larynx,Life Sciences,587,larynx,,False
LASIK,Life Sciences,587,lasik,,False
LDL,Life Sciences,587,ldl,,False
left brain,Life Sciences,587,left brain,,False
lens,Life Sciences,587,lens,,False
leprosy,Life Sciences,587,leprosy,,False
leukemia,Life Sciences,587,leukemia,,False
ligament,Life Sciences,587,ligament,,False
liver,Life Sciences,587,liver,,False
lobotomy,Life Sciences,587,lobotomy,,False
local anesthetic,Life Sciences,588,local anesthetic,,False
LSD,Life Sciences,588,lsd,,False
lungs,Life Sciences,588,lungs,,False
lupus,Life Sciences,588,lupus,,False
Lyme disease,Life Sciences,588,lyme disease,,False
lymph,Life Sciences,588,lymph,,False
lymph nodes,Life Sciences,588,lymph nodes,,False
lymphatic system,Life Sciences,588,lymphatic system,,False
mad cow disease,Life Sciences,588,mad cow disease,,False
magnetic resonance imaging (MRI),Life Sciences,588,magnetic resonance imaging mri,,False
malaria,Life Sciences,588,malaria,,False
malignant,Life Sciences,588,malignant,,False
malnutrition,Life Sciences,588,malnutrition,,False
mammogram,Life Sciences,588,mammogram,,False
mammography,Life Sciences,588,mammography,,False
manic-depressive illness,Life Sciences,589,manic-depressive illness,,False
marrow,Life Sciences,589,marrow,,False
mastectomy,Life Sciences,589,mastectomy,,False
measles,Life Sciences,589,measles,,False
Medicaid,Life Sciences,589,medicaid,,False
Medicare,Life Sciences,589,medicare,,False
melanin,Life Sciences,589,melanin,,False
melanoma,Life Sciences,589,melanoma,,False
meninges,Life Sciences,589,meninges,,False
meningitis,Life Sciences,589,meningitis,,False
menopause,Life Sciences,589,menopause,,False
menstrual cycle,Life Sciences,589,menstrual cycle,,False
menstruation,Life Sciences,589,menstruation,,False
methadone,Life Sciences,589,methadone,,False
middle ear,Life Sciences,589,middle ear,,False
midwife,Life Sciences,589,midwife,,False
minerals,Life Sciences,589,minerals,,False
miscarriage,Life Sciences,589,miscarriage,,False
molars,Life Sciences,589,molars,,False
mononucleosis,Life Sciences,592,mononucleosis,,False
morphine,Life Sciences,592,morphine,,False
mucous membrane,Life Sciences,592,mucous membrane,,False
mucus,Life Sciences,592,mucus,,False
multiple sclerosis,Life Sciences,592,multiple sclerosis,,False
mumps,Life Sciences,592,mumps,,False
muscular dystrophy,Life Sciences,592,muscular dystrophy,,False
muscular system,Life Sciences,592,muscular system,,False
myopia,Life Sciences,592,myopia,,False
nephrology,Life Sciences,592,nephrology,,False
nerve,Life Sciences,592,nerve,,False
nervous system,Life Sciences,592,nervous system,,False
neurology,Life Sciences,592,neurology,,False
neurons,Life Sciences,592,neurons,,False
nicotine,Life Sciences,592,nicotine,,False
NIH (National Institutes of Health),Life Sciences,592,nih national institutes of health,,False
Novocain,Life Sciences,594,novocain,,False
obstetrics,Life Sciences,594,obstetrics,,False
occupational disease,Life Sciences,594,occupational disease,,False
olfactory,Life Sciences,594,olfactory,,False
oncogene,Life Sciences,594,oncogene,,False
oncology,Life Sciences,594,oncology,,False
ophthalmic,Life Sciences,594,ophthalmic,,False
ophthalmology,Life Sciences,594,ophthalmology,,False
opium,Life Sciences,594,opium,,False
opportunistic infection,Life Sciences,594,opportunistic infection,,False
optic nerve,Life Sciences,594,optic nerve,,False
organic,Life Sciences,594,organic,,False
orthopedics,Life Sciences,594,orthopedics,,False
osteopathy,Life Sciences,594,osteopathy,,False
osteoporosis,Life Sciences,594,osteoporosis,,False
outer ear,Life Sciences,594,outer ear,,False
ovaries,Life Sciences,594,ovaries,,False
ovulation,Life Sciences,594,ovulation,,False
pacemaker,Life Sciences,594,pacemaker,,False
palate,Life Sciences,595,palate,,False
pancreas,Life Sciences,595,pancreas,,False
pandemic,Life Sciences,595,pandemic,,False
paralysis,Life Sciences,595,paralysis,,False
parasite,Life Sciences,595,parasite,,False
parathyroid glands,Life Sciences,595,parathyroid glands,,False
Parkinson’s disease,Life Sciences,595,parkinson’s disease,,False
"Pasteur, Louis",Life Sciences,595,pasteur louis,louis pasteur,False
pasteurization,Life Sciences,595,pasteurization,,False
pathogen,Life Sciences,595,pathogen,,False
pathogenic,Life Sciences,595,pathogenic,,False
pathology,Life Sciences,595,pathology,,False
pediatrics,Life Sciences,595,pediatrics,,False
pelvic inammatory disease,Life Sciences,595,pelvic inammatory disease,,False
pelvis,Life Sciences,595,pelvis,,False
penicillin,Life Sciences,595,penicillin,,False
penis,Life Sciences,595,penis,,False
peripheral nervous system,Life Sciences,595,peripheral nervous system,,False
peristalsis,Life Sciences,596,peristalsis,,False
PET scan,Life Sciences,596,pet scan,,False
phenylketonuria (PKU),Life Sciences,596,phenylketonuria pku,,False
pituitary gland,Life Sciences,596,pituitary gland,,False
placebo,Life Sciences,596,placebo,,False
placenta,Life Sciences,596,placenta,,False
plaque,Life Sciences,596,plaque,,False
plasma,Life Sciences,596,plasma,,False
plastic surgery,Life Sciences,596,plastic surgery,,False
platelets,Life Sciences,596,platelets,,False
PMS (premenstrual syndrome),Life Sciences,597,pms premenstrual syndrome,,False
pneumonia,Life Sciences,597,pneumonia,,False
poliomyelitis (polio),Life Sciences,597,poliomyelitis polio,,False
prenatal,Life Sciences,597,prenatal,,False
preventive medicine,Life Sciences,597,preventive medicine,,False
prion,Life Sciences,597,prion,,False
prognosis,Life Sciences,597,prognosis,,False
prostate gland,Life Sciences,597,prostate gland,,False
protease inhibitors,Life Sciences,597,protease inhibitors,,False
Prozac®,Life Sciences,597,prozac®,,False
psychosomatic,Life Sciences,597,psychosomatic,,False
pulmonary artery,Life Sciences,597,pulmonary artery,,False
pulp,Life Sciences,597,pulp,,False
pupil,Life Sciences,597,pupil,,False
quarantine,Life Sciences,597,quarantine,,False
rabies,Life Sciences,598,rabies,,False
radiology,Life Sciences,598,radiology,,False
rectum,Life Sciences,598,rectum,,False
red blood cells,Life Sciences,598,red blood cells,,False
reex,Life Sciences,598,reex,,False
rejection,Life Sciences,598,rejection,,False
remission,Life Sciences,598,remission,,False
renal,Life Sciences,598,renal,,False
repetitive stress injury,Life Sciences,598,repetitive stress injury,,False
reproductive systems,Life Sciences,598,reproductive systems,,False
respiratory system,Life Sciences,599,respiratory system,,False
respiratory tract,Life Sciences,599,respiratory tract,,False
retina,Life Sciences,599,retina,,False
retrovirus,Life Sciences,599,retrovirus,,False
Rh factor,Life Sciences,599,rh factor,,False
rheumatic fever,Life Sciences,600,rheumatic fever,,False
right brain,Life Sciences,600,right brain,,False
rigor mortis,Life Sciences,600,rigor mortis,,False
root,Life Sciences,600,root,,False
rubella,Life Sciences,600,rubella,,False
rubeola,Life Sciences,600,rubeola,,False
Rx,Life Sciences,600,rx,,False
Sabin vaccine,Life Sciences,600,sabin vaccine,,False
saliva,Life Sciences,600,saliva,,False
salivary glands,Life Sciences,600,salivary glands,,False
Salk vaccine,Life Sciences,600,salk vaccine,,False
salmonella,Life Sciences,600,salmonella,,False
saturated fats,Life Sciences,600,saturated fats,,False
scarlet fever,Life Sciences,600,scarlet fever,,False
sciatica,Life Sciences,600,sciatica,,False
scrotum,Life Sciences,600,scrotum,,False
sebaceous glands,Life Sciences,600,sebaceous glands,,False
secondary sex characteristic,Life Sciences,600,secondary sex characteristic,,False
semen,Life Sciences,600,semen,,False
sexually transmitted diseases,Life Sciences,600,sexually transmitted diseases,,False
sickle cell anemia,Life Sciences,601,sickle cell anemia,,False
skeletal system,Life Sciences,601,skeletal system,,False
skin,Life Sciences,601,skin,,False
small intestine,Life Sciences,601,small intestine,,False
smallpox,Life Sciences,601,smallpox,,False
somatic nervous system,Life Sciences,601,somatic nervous system,,False
spina bida,Life Sciences,601,spina bida,,False
spinal cord,Life Sciences,601,spinal cord,,False
spleen,Life Sciences,601,spleen,,False
spontaneous abortion,Life Sciences,601,spontaneous abortion,,False
staphylococcus,Life Sciences,601,staphylococcus,,False
STD,Life Sciences,601,std,,False
sterilization,Life Sciences,601,sterilization,,False
steroid,Life Sciences,601,steroid,,False
stethoscope,Life Sciences,601,stethoscope,,False
stillbirth,Life Sciences,601,stillbirth,,False
stomach,Life Sciences,603,stomach,,False
strep throat,Life Sciences,603,strep throat,,False
streptococcus,Life Sciences,603,streptococcus,,False
stress,Life Sciences,603,stress,,False
stroke,Life Sciences,603,stroke,,False
sudden infant death syndrome (SIDS),Life Sciences,603,sudden infant death syndrome sids,,False
sweat glands,Life Sciences,603,sweat glands,,False
syndrome,Life Sciences,603,syndrome,,False
tapeworm,Life Sciences,603,tapeworm,,False
taste buds,Life Sciences,603,taste buds,,False
Tb test,Life Sciences,603,tb test,,False
tendon,Life Sciences,603,tendon,,False
testes,Life Sciences,603,testes,,False
testosterone,Life Sciences,603,testosterone,,False
tetanus,Life Sciences,603,tetanus,,False
thalamus,Life Sciences,603,thalamus,,False
thalidomide,Life Sciences,604,thalidomide,,False
thorax,Life Sciences,604,thorax,,False
thrombosis,Life Sciences,604,thrombosis,,False
thymus gland,Life Sciences,604,thymus gland,,False
thyroid,Life Sciences,604,thyroid,,False
tonsillitis,Life Sciences,604,tonsillitis,,False
tonsils,Life Sciences,604,tonsils,,False
tooth,Life Sciences,604,tooth,,False
toxins,Life Sciences,604,toxins,,False
trachea,Life Sciences,604,trachea,,False
"transfusion, blood",Life Sciences,604,transfusion blood,,False
trauma,Life Sciences,604,trauma,,False
trichinosis,Life Sciences,605,trichinosis,,False
tubal pregnancy,Life Sciences,605,tubal pregnancy,,False
tuberculosis,Life Sciences,605,tuberculosis,,False
tumor,Life Sciences,605,tumor,,False
typhoid fever,Life Sciences,605,typhoid fever,,False
Typhoid Mary,Life Sciences,605,typhoid mary,,False
typhus,Life Sciences,605,typhus,,False
ulcer,Life Sciences,605,ulcer,,False
ultrasound,Life Sciences,605,ultrasound,,False
umbilical cord,Life Sciences,605,umbilical cord,,False
unsaturated fats,Life Sciences,605,unsaturated fats,,False
ureters,Life Sciences,606,ureters,,False
urethra,Life Sciences,606,urethra,,False
urinary bladder,Life Sciences,606,urinary bladder,,False
urinary tract,Life Sciences,606,urinary tract,,False
urine,Life Sciences,606,urine,,False
urology,Life Sciences,606,urology,,False
uterus,Life Sciences,606,uterus,,False
vaccination,Life Sciences,606,vaccination,,False
vaccine,Life Sciences,606,vaccine,,False
vagina,Life Sciences,606,vagina,,False
valium,Life Sciences,606,valium,,False
vasectomy,Life Sciences,606,vasectomy,,False
veins,Life Sciences,606,veins,,False
venereal diseases (VD),Life Sciences,606,venereal diseases vd,,False
ventricles,Life Sciences,606,ventricles,,False
viral infection,Life Sciences,607,viral infection,,False
virulence,Life Sciences,607,virulence,,False
virus,Life Sciences,607,virus,,False
vital signs,Life Sciences,607,vital signs,,False
vitamins,Life Sciences,607,vitamins,,False
vocal cords,Life Sciences,607,vocal cords,,False
vulva,Life Sciences,607,vulva,,False
white blood cells,Life Sciences,607,white blood cells,,False
whooping cough (pertussis),Life Sciences,607,whooping cough pertussis,,False
wisdom teeth,Life Sciences,607,wisdom teeth,,False
withdrawal symptoms,Life Sciences,607,withdrawal symptoms,,False
World Health Organization (WHO),Life Sciences,607,world health organization who,,False
x-ray,Life Sciences,607,x-ray,,False
zygote,Life Sciences,607,zygote,,False
alternating current (AC),Life Sciences,609,alternating current ac,,False
amp (ampere),Life Sciences,609,amp ampere,,False
amplier,Life Sciences,609,amplier,,False
amplitude modulation (AM),Life Sciences,609,amplitude modulation am,,False
analog signal,Life Sciences,609,analog signal,,False
Apollo program,Life Sciences,609,apollo program,,False
Arpanet,Life Sciences,609,arpanet,,False
articial intelligence (AI),Life Sciences,609,articial intelligence ai,,False
ASCII,Life Sciences,609,ascii,,False
astronaut,Life Sciences,609,astronaut,,False
ATM,Life Sciences,610,atm,,False
atomic bomb,Life Sciences,610,atomic bomb,,False
backbone,Life Sciences,610,backbone,,False
bandwidth,Life Sciences,610,bandwidth,,False
bar code,Life Sciences,610,bar code,,False
bathyscaph,Life Sciences,610,bathyscaph,,False
battery,Life Sciences,610,battery,,False
baud rate,Life Sciences,610,baud rate,,False
"Bell, Alexander Graham",Life Sciences,610,bell alexander graham,alexander graham bell,False
binary,Life Sciences,610,binary,,False
biological warfare,Life Sciences,610,biological warfare,,False
biometrics,Life Sciences,610,biometrics,,False
bioterrorism,Life Sciences,610,bioterrorism,,False
black box,Life Sciences,610,black box,,False
blackout,Life Sciences,610,blackout,,False
blue screen technology,Life Sciences,611,blue screen technology,,False
"boom, sonic",Life Sciences,611,boom sonic,,False
Braille,Life Sciences,611,braille,,False
breeder reactor,Life Sciences,611,breeder reactor,,False
broadband,Life Sciences,611,broadband,,False
brownout,Life Sciences,611,brownout,,False
browser,Life Sciences,611,browser,,False
byte,Life Sciences,611,byte,,False
calculator,Life Sciences,611,calculator,,False
capacitor,Life Sciences,611,capacitor,,False
cathode-ray tube (CRT),Life Sciences,611,cathode-ray tube crt,,False
CD-ROM,Life Sciences,611,cd-rom,,False
cell phone (cellular telephone),Life Sciences,611,cell phone cellular telephone,,False
Celsius,Life Sciences,611,celsius,,False
CERN,Life Sciences,611,cern,,False
chat room,Life Sciences,612,chat room,,False
chemical warfare,Life Sciences,612,chemical warfare,,False
Chernobyl,Life Sciences,612,chernobyl,,False
"circuit, electrical",Life Sciences,612,circuit electrical,,False
code,Life Sciences,612,code,,False
.com (dot-com),Life Sciences,612,.com dot-com,,False
composite materials,Life Sciences,612,composite materials,,False
compression,Life Sciences,612,compression,,False
computer,Life Sciences,612,computer,,False
computer virus,Life Sciences,612,computer virus,,False
conductor,Life Sciences,612,conductor,,False
content provider,Life Sciences,613,content provider,,False
cosmonaut,Life Sciences,613,cosmonaut,,False
CPU,Life Sciences,613,cpu,,False
"crash, computer",Life Sciences,613,crash computer,,False
cruise missile,Life Sciences,613,cruise missile,,False
cryogenics,Life Sciences,613,cryogenics,,False
cryptography,Life Sciences,613,cryptography,,False
"current, electric",Life Sciences,613,current electric,,False
cybernetics,Life Sciences,613,cybernetics,,False
cyberspace,Life Sciences,613,cyberspace,,False
cyberwarfare,Life Sciences,613,cyberwarfare,,False
data compression,Life Sciences,613,data compression,,False
data mining,Life Sciences,613,data mining,,False
data packet,Life Sciences,613,data packet,,False
data processing,Life Sciences,613,data processing,,False
database,Life Sciences,613,database,,False
DDT,Life Sciences,613,ddt,,False
denial-of-service attack,Life Sciences,614,denial-of-service attack,,False
dielectric,Life Sciences,614,dielectric,,False
digital divide,Life Sciences,614,digital divide,,False
digital signal,Life Sciences,614,digital signal,,False
direct current (DC),Life Sciences,614,direct current dc,,False
DNA ngerprinting,Life Sciences,614,dna ngerprinting,,False
dot-com,Life Sciences,614,dot-com,,False
drone,Life Sciences,614,drone,,False
DVD,Life Sciences,614,dvd,,False
"Edison, Thomas A.",Life Sciences,614,edison thomas a.,thomas a. edison,False
electromagnet,Life Sciences,614,electromagnet,,False
electroplating,Life Sciences,614,electroplating,,False
e-mail (electronic mail),Medicine and Health,615,e-mail electronic mail,,False
embedded microchips,Medicine and Health,615,embedded microchips,,False
encryption,Medicine and Health,615,encryption,,False
epoxy,Medicine and Health,615,epoxy,,False
Fahrenheit,Medicine and Health,615,fahrenheit,,False
FAQ,Medicine and Health,615,faq,,False
feedback,Medicine and Health,615,feedback,,False
ber optics,Medicine and Health,615,ber optics,,False
lter,Medicine and Health,615,lter,,False
ngerprint,Medicine and Health,615,ngerprint,,False
rewall,Medicine and Health,615,rewall,,False
frequency modulation (FM),Medicine and Health,615,frequency modulation fm,,False
fuel cell,Medicine and Health,615,fuel cell,,False
fulcrum,Medicine and Health,615,fulcrum,,False
"Fulton, Robert",Medicine and Health,615,fulton robert,robert fulton,False
galvanizing,Medicine and Health,616,galvanizing,,False
"garbage in, garbage out",Medicine and Health,616,garbage in garbage out,,False
gasohol,Medicine and Health,616,gasohol,,False
"Gates, Bill",Medicine and Health,616,gates bill,bill gates,False
generating plant,Medicine and Health,616,generating plant,,False
generator,Medicine and Health,616,generator,,False
geosynchronous satellite,Medicine and Health,616,geosynchronous satellite,,False
germ warfare,Medicine and Health,616,germ warfare,,False
global positioning system,Medicine and Health,617,global positioning system,,False
groupware,Medicine and Health,617,groupware,,False
handheld computer,Medicine and Health,617,handheld computer,,False
hard drive,Medicine and Health,617,hard drive,,False
hardware,Medicine and Health,617,hardware,,False
hardwired,Medicine and Health,617,hardwired,,False
heat sink,Medicine and Health,617,heat sink,,False
high denition TV (HDTV),Medicine and Health,617,high denition tv hdtv,,False
high-tech,Medicine and Health,617,high-tech,,False
HTML,Medicine and Health,617,html,,False
hydraulic,Medicine and Health,617,hydraulic,,False
hyperlink,Medicine and Health,617,hyperlink,,False
hypertext,Medicine and Health,617,hypertext,,False
impedance,Medicine and Health,617,impedance,,False
inductance,Medicine and Health,618,inductance,,False
induction,Medicine and Health,618,induction,,False
information superhighway,Medicine and Health,618,information superhighway,,False
information warfare,Medicine and Health,618,information warfare,,False
infotech,Medicine and Health,618,infotech,,False
instant messaging (IM),Medicine and Health,618,instant messaging im,,False
insulator,Medicine and Health,618,insulator,,False
integrated circuit,Medicine and Health,618,integrated circuit,,False
interactive,Medicine and Health,618,interactive,,False
internal-combustion engine,Medicine and Health,618,internal-combustion engine,,False
Internet service provider (ISP),Medicine and Health,619,internet service provider isp,,False
irrigation,Medicine and Health,619,irrigation,,False
"Jobs, Steven",Medicine and Health,619,jobs steven,steven jobs,False
kilowatt-hour (kwh),Medicine and Health,619,kilowatt-hour kwh,,False
LAN,Medicine and Health,619,lan,,False
laptop,Medicine and Health,619,laptop,,False
laser,Medicine and Health,619,laser,,False
laser printer,Medicine and Health,619,laser printer,,False
laser-guided weapons,Medicine and Health,619,laser-guided weapons,,False
last mile,Medicine and Health,619,last mile,,False
leap second,Medicine and Health,619,leap second,,False
line noise,Medicine and Health,620,line noise,,False
magnetic levitation,Medicine and Health,620,magnetic levitation,,False
magnetic memory storage,Medicine and Health,620,magnetic memory storage,,False
magnetic tape,Medicine and Health,620,magnetic tape,,False
mainframe,Medicine and Health,620,mainframe,,False
"Marconi, Guglielmo",Medicine and Health,620,marconi guglielmo,guglielmo marconi,False
mass media,Medicine and Health,620,mass media,,False
megabyte,Medicine and Health,620,megabyte,,False
megahertz,Medicine and Health,620,megahertz,,False
megawatt,Medicine and Health,620,megawatt,,False
meltdown,Medicine and Health,620,meltdown,,False
"memory, computer",Medicine and Health,620,memory computer,,False
Mercury program,Medicine and Health,620,mercury program,,False
microchip,Medicine and Health,620,microchip,,False
microlm,Medicine and Health,620,microlm,,False
microscope,Medicine and Health,620,microscope,,False
microwave communication,Medicine and Health,621,microwave communication,,False
modem,Medicine and Health,621,modem,,False
mouse,Medicine and Health,621,mouse,,False
MP3,Medicine and Health,621,mp3,,False
nano,Medicine and Health,621,nano,,False
nanosecond,Medicine and Health,621,nanosecond,,False
Napster,Medicine and Health,621,napster,,False
network,Medicine and Health,621,network,,False
neural networks,Medicine and Health,621,neural networks,,False
nuclear power,Medicine and Health,621,nuclear power,,False
nuclear reactor,Medicine and Health,621,nuclear reactor,,False
nukes,Medicine and Health,621,nukes,,False
oshore drilling,Medicine and Health,621,oshore drilling,,False
online,Medicine and Health,621,online,,False
operating system (OS),Medicine and Health,621,operating system os,,False
packet switched system,Medicine and Health,621,packet switched system,,False
pager,Medicine and Health,622,pager,,False
parallel processing,Medicine and Health,622,parallel processing,,False
peaker plant,Medicine and Health,622,peaker plant,,False
peripheral,Medicine and Health,622,peripheral,,False
perpetual-motion machine,Medicine and Health,622,perpetual-motion machine,,False
personal computer (PC),Medicine and Health,622,personal computer pc,,False
petrochemical,Medicine and Health,622,petrochemical,,False
photoelectric eect,Medicine and Health,622,photoelectric eect,,False
platform,Medicine and Health,622,platform,,False
portal,Medicine and Health,622,portal,,False
power transmission grid,Medicine and Health,622,power transmission grid,,False
program,Medicine and Health,623,program,,False
"program, to",Medicine and Health,623,program to,,False
programming language,Medicine and Health,623,programming language,,False
protocols,Medicine and Health,623,protocols,,False
radar,Medicine and Health,623,radar,,False
radioactive waste,Medicine and Health,623,radioactive waste,,False
radwaste,Medicine and Health,623,radwaste,,False
RAM,Medicine and Health,623,ram,,False
real-time,Medicine and Health,623,real-time,,False
reboot,Medicine and Health,623,reboot,,False
resistance,Medicine and Health,623,resistance,,False
retinal scan,Medicine and Health,623,retinal scan,,False
ROM,Medicine and Health,623,rom,,False
satellite,Medicine and Health,623,satellite,,False
scanning probe microscope,Medicine and Health,623,scanning probe microscope,,False
search engine,Medicine and Health,623,search engine,,False
semiconductor,Medicine and Health,624,semiconductor,,False
serial processing,Medicine and Health,624,serial processing,,False
server,Medicine and Health,624,server,,False
SGML,Medicine and Health,624,sgml,,False
short circuit,Medicine and Health,624,short circuit,,False
silicon,Medicine and Health,624,silicon,,False
silicon chip,Medicine and Health,624,silicon chip,,False
Silicon Valley,Medicine and Health,624,silicon valley,,False
smart weapons,Medicine and Health,624,smart weapons,,False
snail mail,Medicine and Health,624,snail mail,,False
software,Medicine and Health,624,software,,False
solar cells,Medicine and Health,624,solar cells,,False
solar photovoltaic cells,Medicine and Health,624,solar photovoltaic cells,,False
sonic barrier,Medicine and Health,624,sonic barrier,,False
sonic boom,Medicine and Health,624,sonic boom,,False
sound barrier,Medicine and Health,624,sound barrier,,False
space station,Medicine and Health,625,space station,,False
spam,Medicine and Health,625,spam,,False
The Spirit of St. Louis,Medicine and Health,625,spirit of st. louis,,False
spreadsheet,Medicine and Health,625,spreadsheet,,False
Sputniks,Medicine and Health,625,sputniks,,False
SST,Medicine and Health,625,sst,,False
stealth technology,Medicine and Health,625,stealth technology,,False
streamline,Medicine and Health,625,streamline,,False
superconductivity,Medicine and Health,625,superconductivity,,False
superconductor,Medicine and Health,625,superconductor,,False
surng the Web,Medicine and Health,625,surng the web,,False
synfuels,Medicine and Health,625,synfuels,,False
synthetic polymers,Medicine and Health,625,synthetic polymers,,False
telemetry,Medicine and Health,625,telemetry,,False
thermal pollution,Medicine and Health,626,thermal pollution,,False
thermocouple,Medicine and Health,626,thermocouple,,False
thermonuclear,Medicine and Health,626,thermonuclear,,False
thermostat,Medicine and Health,626,thermostat,,False
Three Mile Island,Medicine and Health,626,three mile island,,False
transformer,Medicine and Health,626,transformer,,False
transistor,Medicine and Health,626,transistor,,False
Turing test,Medicine and Health,626,turing test,,False
UHF (ultra high frequency),Medicine and Health,626,uhf ultra high frequency,,False
universal time,Medicine and Health,626,universal time,,False
URL,Medicine and Health,626,url,,False
V-chip,Medicine and Health,626,v-chip,,False
VHF (very high frequency),Medicine and Health,626,vhf very high frequency,,False
Viking spacecraft,Medicine and Health,626,viking spacecraft,,False
virus,Medicine and Health,626,virus,,False
voice recognition technology,Medicine and Health,626,voice recognition technology,,False
volt,Medicine and Health,627,volt,,False
vulcanization,Medicine and Health,627,vulcanization,,False
"Watt, James",Medicine and Health,627,watt james,james watt,False
weapons of mass destruction,Medicine and Health,627,weapons of mass destruction,,False
Web,Medicine and Health,627,web,,False
Web address,Medicine and Health,627,web address,,False
Web browser,Medicine and Health,627,web browser,,False
Web page,Medicine and Health,627,web page,,False
Web site,Medicine and Health,627,web site,,False
"Whitney, Eli",Medicine and Health,627,whitney eli,eli whitney,False
wireless technology,Medicine and Health,627,wireless technology,,False
Wright brothers,Medicine and Health,627,wright brothers,,False
WWW,Medicine and Health,627,www,,False
Yucca Mountain,Medicine and Health,627,yucca mountain,,False
