concept,qid,wiki_title,total_views,monthly_avg,months_with_data
australia,Q408,Australia,46617327,776955.4,60
china,Q148,People's Republic of China,1948474,32474.6,60
chicago,Q1297,Chicago,19197037,319950.6,60
france,Q142,France,32428604,540476.7,60
japan,Q17,Japan,39896061,664934.3,60
spain,Q29,Spain,23616062,393601.0,60
california,Q99,California,28896929,481615.5,60
india,Q1415,Indiana,6833317,113888.6,60
mexico,Q1489,Mexico City,9861237,164354.0,60
canada,Q16,Canada,52056314,867605.2,60
new york,Q60,New York City,46655702,777595.0,60
alaska,Q797,Alaska,14843884,247398.1,60
florida,Q812,Florida,14913029,248550.5,60
italy,Q38,Italy,27394055,456567.6,60
hawaii,Q782,Hawaii,18303278,305054.6,60
texas,Q1439,Texas,18176413,302940.2,60
ireland,Q27,Ireland,17703486,295058.1,60
brazil,Q155,Brazil,25007746,416795.8,60
paris,Q830149,Paris,17377887,289631.5,60
germany,Q183,Germany,35108467,585141.1,60
egypt,Q79,Egypt,18865232,314420.5,60
thomas jefferson,Q11812,Thomas Jefferson,16825503,280425.0,60
south africa,Q258,South Africa,26925816,448763.6,60
greece,Q41,Greece,17450533,290842.2,60
london,Q84,London,28594088,476568.1,60
russia,Q159,Russia,45947897,765798.3,60
sweden,Q34,Sweden,20946820,349113.7,60
new orleans,Q34404,New Orleans,8271904,137865.1,60
boston,Q100,Boston,11255689,187594.8,60
ronald reagan,Q9960,Ronald Reagan,31023780,517063.0,60
richard nixon,Q9588,Richard Nixon,21961189,366019.8,60
san francisco,Q62,San Francisco,14306258,238437.6,60
switzerland,Q39,Switzerland,24505524,408425.4,60
virginia,Q1370,Virginia,9762961,162716.0,60
philadelphia,Q1345,Philadelphia,11183874,186397.9,60
georgia,Q1428,Georgia,1143038,19050.6,60
maine,Q724,Maine,7367871,122797.9,60
mississippi,Q1494,Mississippi,7459689,124328.1,60
norway,Q20,Norway,17721043,295350.7,60
julius caesar,Q1048,Julius Caesar,19597504,326625.1,60
massachusetts,Q771,Massachusetts,11460712,191011.9,60
andrew jackson,Q11817,Andrew Jackson,11611271,193521.2,60
cuba,Q241,Cuba,13950149,232502.5,60
napoleon,Q517,Napoleon,33894078,564901.3,60
colorado,Q1261,Colorado,8919841,148664.0,60
portugal,Q45,Portugal,18527872,308797.9,60
philippines,Q928,Philippines,29835756,497262.6,60
denmark,Q35,Denmark,17151416,285856.9,60
mercury,Q613883,Mercury,735048,12250.8,60
israel,Q801,Israel,44852901,747548.3,60
pennsylvania,Q1400,Pennsylvania,13482668,224711.1,60
michigan,Q1166,Michigan,9847670,164127.8,60
george washington,Q23,George Washington,37887982,631466.4,60
venice,Q641,Venice,7684945,128082.4,60
washington,Q1223,Washington,768637,12810.6,60
woodrow wilson,Q105758745,Woodrow Wilson,11075315,184588.6,60
new zealand,Q664,New Zealand,33044097,550734.9,60
scotland,Q22,Scotland,22052478,367541.3,60
rome,Q6580,Rome,11956925,199282.1,60
poland,Q36,Poland,22185841,369764.0,60
louisiana,Q1588,Louisiana,7811350,130189.2,60
missouri,Q1581,Missouri,8688025,144800.4,60
winston churchill,Q8016,Winston Churchill,33849415,564156.9,60
africa,Q15,Africa,14591700,243195.0,60
new jersey,Q1408,New Jersey,10096314,168271.9,60
benjamin franklin,Q817488,Benjamin Franklin Butler,5278,88.0,60
turkey,Q43,Turkey,33382183,556369.7,60
abraham lincoln,Q91,Abraham Lincoln,31286445,521440.8,60
netherlands,Q29999,Kingdom of the Netherlands,3717135,61952.2,60
antarctica,Q51,Antarctica,11076076,184601.3,60
belgium,Q31,Belgium,18115636,301927.3,60
hamlet,Q27178,Hamlet,7338203,122303.4,60
ohio,Q1397,Ohio,10991273,183187.9,60
mars,Q111,Mars,12507180,208453.0,60
arizona,Q816,Arizona,9315529,155258.8,60
iceland,Q189,Iceland,17945099,299085.0,60
argentina,Q414,Argentina,22168287,369471.5,60
venus,Q313,Venus,10348601,172476.7,60
iran,Q794,Iran,28046905,467448.4,60
indonesia,Q252,Indonesia,27065379,451089.7,60
henry viii,Q38370,Henry VIII of England,6301429,105023.8,60
mark twain,Q7245,Mark Twain,9227762,153796.0,60
jimmy carter,Q123888092,Jimmy Carter,168881729,2814695.5,60
cleopatra,Q18002300,Cleopatra,231232840,3853880.7,60
atlanta,Q23556,Atlanta,10905508,181758.5,60
utah,Q829,Utah,7595850,126597.5,60
oklahoma,Q1649,Oklahoma,7450043,124167.4,60
vienna,Q577544,Vienna,8647525,144125.4,60
athens,Q203263,Athens,6778804,112980.1,60
edgar allan poe,Q16867,Edgar Allan Poe,16069380,267823.0,60
north carolina,Q1454,North Carolina,9722564,162042.7,60
minnesota,Q1527,Minnesota,10018431,166973.9,60
berlin,Q64,Berlin,10593835,176563.9,60
macbeth,Q320363,Macbeth,7312168,121869.5,60
marilyn monroe,Q4616,Marilyn Monroe,41146546,685775.8,60
new mexico,Q597711,New Mexico Territory,542202,9036.7,60
jupiter,Q860057,USS Langley,28995,483.2,60
ernest hemingway,Q23434,Ernest Hemingway,17188187,286469.8,60
teddy roosevelt,Q33866,Theodore Roosevelt,22838866,380647.8,60
harry truman,Q11613,Harry S. Truman,14267278,237788.0,60
illinois,Q1204,Illinois,9356495,155941.6,60
john adams,Q77350282,John Adams,12291194,204853.2,60
hungary,Q28,Hungary,14230204,237170.1,60
chile,Q298,Chile,10908552,181809.2,60
herbert hoover,Q5734467,"Herbert Hoover, Jr.",14650,244.2,60
apple,Q312,Apple Inc.,30997188,516619.8,60
tennessee,Q1509,Tennessee,7942974,132382.9,60
world war i,Q361,World War I,43521629,725360.5,60
jerusalem,Q1218,Jerusalem,14681961,244699.4,60
columbia,Q49088,Columbia University,8063700,134395.0,60
titanic,Q44578,Titanic,24398906,406648.4,60
lincoln,Q28260,Lincoln,352991,5883.2,60
john f. kennedy,Q9696,John F. Kennedy,37341908,622365.1,60
england,Q21,England,25625470,427091.2,60
haiti,Q790,Haiti,12104454,201740.9,60
rhode island,Q1387,Rhode Island,7295938,121599.0,60
saudi arabia,Q851,Saudi Arabia,23983082,399718.0,60
dublin,Q1761,Dublin,7467433,124457.2,60
wisconsin,Q1537,Wisconsin,8204838,136747.3,60
south carolina,Q1456,South Carolina,6211982,103533.0,60
charles dickens,Q5686,Charles Dickens,11173999,186233.3,60
moses,Q13554012,Moses,10477727,174628.8,60
galileo,Q307,Galileo Galilei,9687998,161466.6,60
amazon,Q3884,Amazon,1466996,24449.9,60
maryland,Q1391,Maryland,17047154,284119.2,60
kentucky,Q1603,Kentucky,7287095,121451.6,60
united states,Q30,United States,102144398,1702406.6,60
dylan thomas,Q126849994,Dylan Thomas,3067505,51125.1,60
austria,Q40,Austria,16659386,277656.4,60
panama,Q804,Panama,6878149,114635.8,60
eisenhower,Q9916,Dwight D. Eisenhower,18281004,304683.4,60
kansas,Q1558,Kansas,6325383,105423.1,60
gerald ford,Q5549544,Gerald Rudolff Ford,218410,3640.2,60
wyoming,Q56145,Wyoming County,5626,93.8,60
monaco,Q235,Monaco,15902523,265042.0,60
greenland,Q223,Greenland,16875259,281254.3,60
amelia earhart,Q3355,Amelia Earhart,11024105,183735.1,60
queen victoria,Q9439,Victoria,557645,9294.1,60
othello,Q7108566,Othello,4120801,68680.0,60
german,Q188,German,484133,8068.9,60
ford,Q20827633,Ford,518367,8639.5,60
tokyo,Q1490,Tokyo,15028638,250477.3,60
mozart,Q254,Wolfgang Amadeus Mozart,14408416,240140.3,60
iraq,Q796,Iraq,12487930,208132.2,60
jefferson davis,Q2525166,Jefferson C. Davis,192178,3203.0,60
quebec,Q2145,Quebec City,3328867,55481.1,60
thames,Q19686,River Thames,3349985,55833.1,60
piano,Q5994,piano,545,9.2,59
columbus,Q16567,Columbus,363776,6062.9,60
st. louis,Q38022,St. Louis,6306523,105108.7,60
united nations,Q1065,United Nations,18424145,307069.1,60
los angeles,Q65,Los Angeles,23737343,395622.4,60
montreal,Q340,Montreal,8815913,146931.9,60
indian ocean,Q1239,Indian Ocean,4038213,67303.6,60
iowa,Q1546,Iowa,6388831,106480.5,60
denver,Q16554,Denver,6777095,112951.6,60
romania,Q218,Romania,17736834,295613.9,60
mexico city,Q1489,Mexico City,9861237,164354.0,60
tennessee williams,Q134262,Tennessee Williams,3736460,62274.3,60
john brown,Q913975,Johnny Mack Brown,261377,4356.3,60
finland,Q33,Finland,17592800,293213.3,60
eleanor roosevelt,Q83396,Eleanor Roosevelt,8165751,136095.9,60
jamaica,Q1320403,Jamaica,11941501,199025.0,60
sicily,Q1460,Sicily,6946956,115782.6,60
ottoman empire,Q12560,Ottoman Empire,29311957,488532.6,60
champagne,Q134862,champagne,660,13.8,48
gone with the wind,Q2875,Gone with the Wind,190863,3181.1,60
cyprus,Q229,Cyprus,19434774,323912.9,60
love,Q105392014,Love,9070144,151169.1,60
soviet union,Q15180,Soviet Union,31758794,529313.2,60
hans christian andersen,Q5673,Hans Christian Andersen,4659890,77664.8,60
john paul jones,Q314333,John Paul Jones,2453476,40891.3,60
jane austen,Q36322,Jane Austen,9838639,163977.3,60
salvation army,Q188307,The Salvation Army,2255472,37591.2,60
dr. seuss,Q298685,Dr. Seuss,9076064,151267.7,60
louvre,Q19675,Louvre Museum,153361,2556.0,60
lewis & clark,Q4227955,Lewis & Clark College,472727,7878.8,60
dracula,Q55310014,Dracula,7207164,120119.4,60
bangladesh,Q902,Bangladesh,27113733,451895.5,60
romeo and juliet,Q19101569,Romeo and Juliet,9024022,150400.4,60
howard hughes,Q3141564,Howard Hughes,12418913,206981.9,60
panama canal,Q42206536,Panama Canal,6884629,114743.8,60
malcolm x,Q43303,Malcolm X,21208438,353474.0,60
dorothy parker,Q270707,Dorothy Parker,2050080,34168.0,60
dalai lama,Q25252,Ngawang Lobzang Gyatso,0,0,0
wings,Q27157287,Wings,141470,2357.8,60
algeria,Q262,Algeria,12200429,203340.5,60
asia,Q48,Asia,13048876,217481.3,60
alamo,Q241598,Alamo,114708,1911.8,60
zachary taylor,Q139653,Zachary Taylor,5274001,87900.0,60
west point,Q679753,West Point,223521,3725.3,60
earth,Q2,Earth,24435928,407265.5,60
ivan the terrible,Q7996,Ivan the Terrible,6288073,104801.2,60
liechtenstein,Q347,Liechtenstein,9987453,166457.5,60
luxembourg,Q1842,Luxembourg,14274587,237909.8,60
john keats,Q82083,John Keats,3792513,63208.6,60
congo,Q971,Republic of the Congo,4576829,76280.5,60
jamestown,Q2117150,Jamestown,125594,2093.2,60
guatemala,Q1555,Guatemala City,1423556,23725.9,60
grapes of wrath,Q676039,The Grapes of Wrath,3868192,64469.9,60
mayflower,Q187093,Mayflower,4651291,77521.5,60
baltimore,Q5092,Baltimore,7540153,125669.2,60
malta,Q233,Malta,17460048,291000.8,60
edinburgh,Q23436,Edinburgh,7620692,127011.5,60
robinson crusoe,Q483034,Robinson Crusoe,3806393,63439.9,60
voltaire,Q9068,Voltaire,5717704,95295.1,60
prince charles,Q43274,Charles III,38283745,638062.4,60
al capone,Q80048,Al Capone,17765344,296089.1,60
harry houdini,Q131545,Harry Houdini,7227794,120463.2,60
madison,Q43788,Madison,181838,3030.6,60
wright brothers,Q35820,Wright brothers,7540065,125667.8,60
charleston,Q44564,Charleston,141934,2365.6,60
oliver cromwell,Q44279,Oliver Cromwell,9633179,160553.0,60
singapore,Q334,Singapore,33983690,566394.8,60
magna carta,Q12519,Magna Carta,8493759,141562.6,60
andorra,Q228,Andorra,9735715,162261.9,60
jules verne,Q33977,Jules Verne,4052448,67540.8,60
st. petersburg,Q49236,St. Petersburg,360046,6000.8,60
aztecs,Q12542,Aztec,942010,15700.2,60
grease,Q611626,Grease,191927,3198.8,60
shakespeare,Q692,William Shakespeare,25545094,425751.6,60
newfoundland,Q2003,Newfoundland and Labrador,5371549,89525.8,60
king kong,Q160215,King Kong,3467817,57796.9,60
louis xvi,Q7732,Louis XVI of France,2362175,39369.6,60
alberta,Q1951,Alberta,5835580,97259.7,60
beatrix potter,Q214565,Beatrix Potter,3701292,61688.2,60
john jay,Q310847,John Jay,2000205,33336.8,60
hubert humphrey,Q7535685,Skip Humphrey,204077,3401.3,60
dead sea,Q23883,Dead Sea,5148590,85809.8,60
ottawa,Q1913965,Ottawa,6337762,105629.4,60
warsaw,Q270,Warsaw,5987701,99795.0,60
sydney,Q3130,Sydney,9238075,153967.9,60
himalayas,Q5451,Himalayas,7993539,133225.6,60
rio grande,Q40030,Rio Grande do Sul,1216680,20278.0,60
hummingbird,Q43624,Trochilidae,50957,849.3,60
tarzan,Q28966664,Tarzan,2922971,48716.2,60
al gore,Q19673,Al Gore,9843221,164053.7,60
anne boleyn,Q80823,Anne Boleyn,15040708,250678.5,60
pentagon,Q18435290,Pentagon,1428751,23812.5,60
charlotte,Q16565,Charlotte,300709,5011.8,60
chihuahua,Q61302,Chihuahua City,502719,8378.6,60
fiddler on the roof,Q487330,Fiddler on the Roof,3953519,65892.0,60
simpsons,Q7764350,The Simpsons,15610830,260180.5,60
belize,Q108223,Belize City,800811,13346.9,60
washington irving,Q181667,Washington Irving,1682868,28047.8,60
mona lisa,Q55441628,Mona Lisa,16400558,273342.6,60
war and peace,Q111731093,War and Peace,4734667,78911.1,60
stephen douglas,Q433174,Stephen A. Douglas,1151788,19196.5,60
george wallace,Q3101983,George Wallace,5729724,95495.4,60
glass,Q614235,Charles Edward Glass,1,1.0,1
stanford,Q41506,Stanford University,9288851,154814.2,60
t.s. eliot,Q37767,T. S. Eliot,4990555,83175.9,60
pearl buck,Q80900,Pearl S. Buck,1273887,21231.5,60
caribbean,Q1247,Caribbean Sea,2038553,33975.9,60
oak,Q12004,Quercus,106896,1781.6,60
great expectations,Q219552,Great Expectations,4706287,78438.1,60
franz kafka,Q905,Franz Kafka,9869271,164487.9,60
judy garland,Q11637,Judy Garland,28111026,468517.1,60
william penn,Q209152,William Penn,2275205,37920.1,60
charlie chaplin,Q882,Charlie Chaplin,18726966,312116.1,60
whitney houston,Q34389,Whitney Houston,25956439,432607.3,60
sleeping beauty,Q17508999,Sleeping Beauty,3026059,50434.3,60
iago,Q3791440,Iago,958147,15969.1,60
great salt lake,Q178741,Great Salt Lake,2096833,34947.2,60
anne rice,Q184785,Anne Rice,3557020,59283.7,60
sacramento,Q18013,Sacramento,377288,6288.1,60
suriname,Q730,Suriname,10476378,174606.3,60
hundred years' war,Q12551,Hundred Years' War,7560919,126015.3,60
pony express,Q859130,Pony Express,1443756,24062.6,60
ian fleming,Q82104,Ian Fleming,6641007,110683.4,60
apollo,Q37340,Apollo,9432872,157214.5,60
carl sandburg,Q193608,Carl Sandburg,856201,14270.0,60
friday,Q130,Friday,1168543,19475.7,60
j.d. salinger,Q79904,J. D. Salinger,4262075,71034.6,60
norman rockwell,Q271884,Norman Rockwell,2756288,45938.1,60
camelot,Q1028491,Camelot,1777600,29626.7,60
frankenstein,Q65718139,Frankenstein,7089668,118161.1,60
lake erie,Q5492,Lake Erie,1873310,31221.8,60
handel,Q7302,George Frideric Handel,2883691,48061.5,60
paul bunyan,Q150519,Paul Bunyan,2428910,40481.8,60
dolley madison,Q233638,Dolley Madison,922462,15374.4,60
boer war,Q215112,Second Boer War,5764152,96069.2,60
brussels,Q239,City of Brussels,2040486,34008.1,60
little mermaid,Q911906,The Little Mermaid (musical),511019,8517.0,60
damascus,Q3766,Damascus,4951282,82521.4,60
snow white,Q11831,Snow White,4048840,67480.7,60
gregor mendel,Q37970,Gregor Mendel,2978930,49648.8,60
springfield,Q28515,Springfield,410120,6835.3,60
canberra,Q3114,Canberra,6402594,106709.9,60
attila,Q924782,Attila,5725091,95418.2,60
harp,Q47369,harp,211,3.7,57
charles i,Q3044,Charlemagne,11795324,196588.7,60
all in the family,Q1048856,All in the Family,3768649,62810.8,60
edgar rice burroughs,Q148234,Edgar Rice Burroughs,1751938,29199.0,60
constantinople,Q16869,Constantinople,9363452,156057.5,60
jackie robinson,Q731871,Jackie Robinson,10709858,178497.6,60
william shakespeare,Q692,William Shakespeare,25545094,425751.6,60
julia child,Q214477,Julia Child,8115073,135251.2,60
matterhorn,Q1374,Matterhorn,2684522,44742.0,60
tibet,Q17252,Tibet,7767636,129460.6,60
vasco da gama,Q7328,Vasco da Gama,4837279,80621.3,60
manitoba,Q1948,Manitoba,3454139,57569.0,60
scarlett o'hara,Q28452384,Scarlett O'Hara,2154935,35915.6,60
jack nicklaus,Q9424,Jack Nicklaus,4611245,76854.1,60
miami vice,Q559321,Miami Vice,3313823,55230.4,60
c.s. lewis,Q9204,C. S. Lewis,8596349,143272.5,60
hirohito,Q34479,Hirohito,9219059,153651.0,60
jericho,Q37054327,Jericho,3553159,59219.3,60
betsy ross,Q234952,Betsy Ross,1051458,17524.3,60
colin powell,Q150851,Colin Powell,9653385,160889.8,60
italian,Q652,Italian,231278,3854.6,60
george sand,Q296491,George Sanders,2631476,43857.9,60
gauguin,Q37693,Paul Gauguin,3010400,50173.3,60
eddie murphy,Q43874,Eddie Murphy,17406019,290100.3,60
paraguay,Q733,Paraguay,7722091,128701.5,60
tom clancy,Q105167,Tom Clancy,5250968,87516.1,60
alexander calder,Q151580,Alexander Calder,856806,14280.1,60
last of the mohicans,Q144483,The Last of the Mohicans,1713107,28551.8,60
ivory,Q579103,Ivory,1548244,25804.1,60
marc chagall,Q93284,Marc Chagall,2200078,36668.0,60
da vinci,Q762,Leonardo da Vinci,19034483,317241.4,60
jungle book,Q16857406,The Jungle Book,2422526,40375.4,60
ptolemy,Q13416191,Ptolemy,3071674,51194.6,60
east of eden,Q125955729,East of Eden,65433,1090.5,60
niels bohr,Q7085,Niels Bohr,4423938,73732.3,60
julia roberts,Q40523,Julia Roberts,25949927,432498.8,60
bible,Q1845,Bible,129911391,2165189.9,60
lbj,Q36159,LeBron James,48373024,806217.1,60
equator,Q983,Equatorial Guinea,6488009,108133.5,60
albuquerque,Q34804,Albuquerque,382004,6366.7,60
dred scott,Q18211407,Dred Scott,1661641,27694.0,60
gorbachev,Q30487,Mikhail Gorbachev,15296138,254935.6,60
james monroe,Q136551427,James Monroe,4153538,69225.6,60
joseph mccarthy,Q189197,Joseph McCarthy,5437282,90621.4,60
douglas macarthur,Q127417,Douglas MacArthur,7860178,131003.0,60
prince philip,Q80976,"Prince Philip, Duke of Edinburgh",50379598,839660.0,60
"martin luther king, jr.",Q8027,Martin Luther King Jr.,28391440,473190.7,60
waltz,Q16966927,Waltz,1074464,17907.7,60
santa anna,Q189145,Antonio López de Santa Anna,2593025,43217.1,60
johnny carson,Q310819,Johnny Carson,7363836,122730.6,60
yuri gagarin,Q7327,Yuri Gagarin,6154982,102583.0,60
mount etna,Q16990,Mount Etna,3331054,55517.6,60
toulouse-lautrec,Q82445,Henri de Toulouse-Lautrec,2582937,43048.9,60
fugitive,Q156309,The Fugitive,95309,1588.5,60
jane fonda,Q41142,Jane Fonda,18254611,304243.5,60
joan crawford,Q40475,Joan Crawford,8891936,148198.9,60
aesop,Q43423,Aesop,2090626,34843.8,60
naples,Q257830,Naples,5676649,94610.8,60
francis scott key,Q93354,F. Scott Fitzgerald,7349640,122494.0,60
king arthur,Q45792,King Arthur,10120456,168674.3,60
ho chi minh,Q36014,Ho Chi Minh,5863475,97724.6,60
joseph heller,Q208101,Joseph Heller,819584,13659.7,60
parthenon,Q10288,Parthenon,5378072,89634.5,60
annapolis,Q28271,Annapolis,145413,2423.6,60
bells,Q101401,bell,614,10.4,59
maria callas,Q128297,Maria Meneghini Callas,1805,30.1,60
organ,Q1444,organ,107,2.6,41
louis armstrong,Q1779,Louis Armstrong,8316259,138604.3,60
kazakhstan,Q232,Kazakhstan,19143618,319060.3,60
hartford,Q33486,Hartford,206951,3449.2,60
helen of troy,Q164061,Helen of Troy,5395355,89922.6,60
george pullman,Q133500753,George Pullman,339161,5652.7,60
melbourne,Q949779,Melbourne,8543583,142393.0,60
anwar sadat,Q112896354,Anwar Sadat,3455905,57598.4,60
woodstock,Q991162,Woodstock,6926937,115448.9,60
edvard grieg,Q80621,Edvard Grieg,1521818,25363.6,60
little rock,Q33405,Little Rock,102270,1704.5,60
prussia,Q38872,Prussia,8169886,136164.8,60
guys and dolls,Q796988,Guys and Dolls,1784389,29739.8,60
swan lake,Q199786,Swan Lake,3369799,56163.3,60
virgil,Q1398,Virgil,3705358,61756.0,60
carl sagan,Q410,Carl Sagan,7200398,120006.6,60
juan carlos,Q19943,Juan Carlos I of Spain,1944469,32407.8,60
avignon,Q6397,Avignon,1414051,23567.5,60
jean sibelius,Q45682,Jean Sibelius,1438386,23973.1,60
alfred nobel,Q23810,Alfred Nobel,3655690,60928.2,60
frida kahlo,Q5588,Frida Kahlo,14877000,247950.0,60
seville,Q8717,Seville,4214071,70234.5,60
qantas,Q32491,Qantas Airways,19144,319.1,60
jack nicholson,Q39792,Jack Nicholson,19354724,322578.7,60
nautilus,Q1324463,Nautilus,2132786,35546.4,60
house of the seven gables,Q1141732,The House of the Seven Gables,547011,9116.9,60
ankara,Q2297724,Ankara Province,447470,7457.8,60
catcher in the rye,Q183883,The Catcher in the Rye,6824987,113749.8,60
mont blanc,Q583,Mont Blanc,3296209,54936.8,60
reykjavik,Q1764,Reykjavík,4407286,73454.8,60
jane goodall,Q184746,Jane Goodall,6812315,113538.6,60
walt disney,Q8704,Walt Disney,16522580,275376.3,60
laos,Q819,Laos,9088759,151479.3,60
ucla,Q174710,"University of California, Los Angeles",4237793,70629.9,60
gilbert & sullivan,Q1146602,Gilbert and Sullivan,1460763,24346.0,60
manuel noriega,Q6752771,Manuel Noriega Ruiz,8520,142.0,60
billy joel,Q194333,Billy Joel,12988603,216476.7,60
oklahoma!,Q7082082,Oklahoma!,2095382,34923.0,60
isabel allende,Q83566,Isabel Allende,2263336,37722.3,60
dirty dancing,Q253978,Dirty Dancing,5748264,95804.4,60
midway,Q47863,Midway Atoll,2553149,42552.5,60
jurassic park,Q109123086,Jurassic Park,8908268,148471.1,60
machiavelli,Q2054380,Zanobi Machiavelli,8084,134.7,60
george clooney,Q23844,George Clooney,20196044,336600.7,60
love story,Q729991,Love Story,73485,1224.8,60
andrew wyeth,Q316325,Andrew Wyeth,1003052,16717.5,60
cello,Q8371,cello,386,6.7,58
machu picchu,Q676203,Machu Picchu,10763339,179389.0,60
mary magdalene,Q63070,Mary Magdalene,8466500,141108.3,60
greta garbo,Q5443,Greta Garbo,4113017,68550.3,60
aaron copland,Q192185,Aaron Copland,1652200,27536.7,60
pitcairn island,Q35672,Pitcairn Islands,5180603,86343.4,60
mississippi river,Q1497,Mississippi River,5768422,96140.4,60
canton,Q491239,Canton,437925,7298.8,60
henry david thoreau,Q131149,Henry David Thoreau,5384609,89743.5,60
george harrison,Q2643,George Harrison,19892108,331535.1,60
people,Q5,human,1557,25.9,60
hermes,Q1035642,Hermes,7034173,117236.2,60
tom wolfe,Q216195,Tom Wolfe,1844469,30741.2,60
princess bride,Q11239955,Princess Bride,17992,299.9,60
flintstones,Q602094,The Flintstones,4213661,70227.7,60
robin williams,Q83338,Robin Williams,29524142,492069.0,60
franklin roosevelt,Q8007,Franklin Delano Roosevelt,409800,6830.0,60
naacp,Q502044,NAACP,2349431,39157.2,60
johannes kepler,Q8963,Johannes Kepler,2640208,44003.5,60
pancho villa,Q192278,Pancho Villa,3579380,59656.3,60
flying dutchman,Q39252,Flying Dutchman,2856472,47607.9,60
vladimir nabokov,Q36591,Vladimir Nabokov,3318225,55303.8,60
jakarta,Q3630,Jakarta,6130746,102179.1,60
swahili,Q721854,Swahili people,584731,9745.5,60
yom kippur,Q132994,Yom Kippur,5673884,94564.7,60
williamsburg,Q2414374,Williamsburg,41847,697.5,60
armenia,Q399,Armenia,16494994,274916.6,60
goethe,Q5879,Johann Wolfgang von Goethe,4335317,72255.3,60
hamburg,Q1055,Hamburg,5462375,91039.6,60
nostradamus,Q39978,Nostradamus,7434083,123901.4,60
lillian hellman,Q233701,Lillian Hellman,735062,12251.0,60
aldous huxley,Q81447,Aldous Huxley,8304395,138406.6,60
chesapeake bay,Q216868,Chesapeake Bay,1795832,29930.5,60
persia,Q794,Iran,28046905,467448.4,60
whigs,Q108700,Whigs,16250,270.8,60
dune,Q60834962,Dune,1600746,26679.1,60
underground railroad,Q868393,Underground Railroad,2977707,49628.4,60
johnson & johnson,Q102543513,Johnson & Johnson,4711146,78519.1,60
taco bell,Q752941,Taco Bell,3314891,55248.2,60
happy days,Q518589,Happy Days,4768351,79472.5,60
saul,Q9302723,Saul,2357761,39296.0,60
avon,Q791277,Avon,114631,1910.5,60
timbuktu,Q339462,Timbuktu Region,6040,100.7,60
valhalla,Q54807387,Valhalla,4981518,83025.3,60
phil collins,Q144622,Phil Collins,17658385,294306.4,60
czech republic,Q213,Czech Republic,19416229,323603.8,60
george eastman,Q330224,George Eastman,825194,13753.2,60
demi moore,Q43044,Demi Moore,19343098,322385.0,60
vince lombardi,Q553321,Vince Lombardi,3127006,52116.8,60
pisces,Q152,fish,969,16.1,60
george w. bush,Q207,George W. Bush,32217825,536963.8,60
perry mason,Q165356,Perry Mason,2281564,38026.1,60
l. frank baum,Q207544,L. Frank Baum,2281494,38024.9,60
kareem abdul-jabbar,Q179051,Kareem Abdul-Jabbar,19045829,317430.5,60
excalibur,Q187880,Excalibur,3244233,54070.6,60
grant wood,Q217434,Grant Wood,798172,13302.9,60
johann strauss,Q184178,Johann Strauss I,469342,7822.4,60
dorian gray,Q921510,Dorian Gray,98872,1647.9,60
good earth,Q612540,The Good Earth,770809,12846.8,60
bavaria,Q980,Bavaria,6918843,115314.1,60
ray charles,Q544387,Ray Charles,9273862,154564.4,60
e.t.,Q60629803,E.T.,22227,370.4,60
chicago bears,Q205033,Chicago Bears,4995813,83263.6,60
lady godiva,Q17300273,Godiva,45775,762.9,60
stephen crane,Q206534,Stephen Crane,691786,11529.8,60
charlie's angels,Q617274,Charlie's Angels,3883077,64717.9,60
john smith,Q1701775,John Smith,170911,2848.5,60
alice in wonderland,Q1761330,Alice in Wonderland,188348,3139.1,60
boston red sox,Q213959,Boston Red Sox,4674746,77912.4,60
halifax,Q2141,Halifax,230839,3847.3,60
moby dick,Q174596,Moby-Dick,6108353,101805.9,60
anton chekhov,Q5685,Anton Chekhov,3649178,60819.6,60
tehran,Q3616,Tehran,4327374,72122.9,60
archery,Q108429,archery,287,5.9,49
lee harvey oswald,Q48745,Lee Harvey Oswald,11468776,191146.3,60
guyana,Q734,Guyana,13043551,217392.5,60
fahrenheit,Q42289,degree Fahrenheit,1,1.0,1
ichabod crane,Q1656358,Ichabod Crane,1516526,25275.4,60
prospero,Q111910139,Prospero,671576,11192.9,60
a.a. milne,Q207036,A. A. Milne,2768662,46144.4,60
humphrey bogart,Q12631007,Humphrey Bogart filmography,219908,3665.1,60
john irving,Q310379,John Irving,1202165,20036.1,60
boise,Q35775,Boise,133948,2232.5,60
bobby fischer,Q41314,Bobby Fischer,10822038,180367.3,60
des moines,Q39709,Des Moines,188763,3146.1,60
cesar chavez,Q27983465,Cesar Chavez,4408634,73477.2,60
david farragut,Q315607,David Farragut,697779,11629.6,60
hoover dam,Q172822,Hoover Dam,4301856,71697.6,60
robin,Q1158139,Robin,304218,5070.3,60
american express,Q194360,American Express,4655216,77586.9,60
aries,Q10584,Aries,165934,2765.6,60
valley forge,Q7912051,Valley Forge,1081633,18027.2,60
zane grey,Q131520250,Zane Grey,750907,12515.1,60
nicolas cage,Q42869,Nicolas Cage,27261921,454365.3,60
virgo,Q8842,Virgo,178480,2974.7,60
chernobyl,Q129677,Chernobyl,2987074,49784.6,60
nobel prize,Q7191,Nobel Prize,7705820,128430.3,60
edward viii,Q590227,Edward VIII,35503016,591716.9,60
grateful dead,Q212533,Grateful Dead,8695958,144932.6,60
lake okeechobee,Q202905,Lake Okeechobee,1092484,18208.1,60
ark of the covenant,Q111821644,Ark of the Covenant,7852530,130875.5,60
saladin,Q37447175,Saladin,8374008,139566.8,60
buckminster fuller,Q102289,Buckminster Fuller,2031109,33851.8,60
yasser arafat,Q34211,Yasser Arafat,6690687,111511.4,60
narcissus,Q105554600,Narcissus,80986,1349.8,60
old curiosity shop,Q7754827,The Old Curiosity Shop,534508,8908.5,60
ebenezer scrooge,Q62879,A Christmas Carol,5379277,89654.6,60
drums,Q128309,drum kit,821,34.2,24
j.k. rowling,Q34660,J. K. Rowling,18533368,308889.5,60
kamehameha,Q18104549,Kamehameha,88439,1474.0,60
george marshall,Q1384550,George Marshall,858577,14309.6,60
halle berry,Q1033016,Halle Berry,14742536,245708.9,60
bruce willis,Q2680,Bruce Willis,32263003,537716.7,60
cyrus mccormick,Q719357,Cyrus McCormick,319709,5328.5,60
united kingdom,Q145,United Kingdom,64744832,1079080.5,60
buzz aldrin,Q2252,Buzz Aldrin,8012665,133544.4,60
jacques cartier,Q99213950,Jacques Cartier,1325810,22096.8,60
rosetta stone,Q7368695,Rosetta Stone,6438776,107312.9,60
louisville,Q994478,Louisville,144136,2402.3,60
paula abdul,Q185465,Paula Abdul,8277590,137959.8,60
pizarro,Q21004060,Pizarro,26416,440.3,60
bonanza,Q862187,Bonanza,3097292,51621.5,60
sitar,Q111694030,Sitar,1723432,28723.9,60
tolkien,Q892,J. R. R. Tolkien,16906235,281770.6,60
nobel peace prize,Q35637,Nobel Peace Prize,3934108,65568.5,60
disney,Q7414,The Walt Disney Company,12986484,216441.4,60
fort knox,Q983650,Fort Knox,2577902,42965.0,60
jesuits,Q36380,Society of Jesus,3567858,59464.3,60
alien,Q473741,foreigner,89,2.2,41
harry s. truman,Q11613,Harry S. Truman,14267278,237788.0,60
arbor day,Q578836,Arbor Day,863268,14387.8,60
ferdinand,Q3276175,Ferdinand,176601,2943.3,60
juno,Q125046,Juno,209320,3488.7,60
sacco & vanzetti,Q17652073,Sacco e Vanzetti,1802,30.0,60
argo,Q3622446,Argo,591039,9850.6,60
george burns,Q344793,George Burns,3025157,50419.3,60
saturday night live,Q13979,Saturday Night Live,11816164,196936.1,60
rhodes,Q4398705,Rhodes,2932496,48874.9,60
joe montana,Q348011,Joe Montana,6867323,114455.4,60
arthur ashe,Q80596,Arthur Miller,6425246,107087.4,60
eli whitney,Q280930,Eli Whitney,1123683,18728.0,60
earth day,Q573,day,232,4.5,51
ivanhoe,Q3804823,Ivanhoe,1560756,26012.6,60
titus andronicus,Q272169,Titus Andronicus,1233032,20550.5,60
edna st. vincent millay,Q62134,Edna St. Vincent Millay,696982,11616.4,60
snow white and the seven dwarfs,Q134430,Snow White and the Seven Dwarfs,51787,863.1,60
chad,Q657,Chad,6728585,112143.1,60
ghost,Q1355578,Ghost,4263141,71052.4,60
colonel sanders,Q120450,Colonel Sanders,8033512,133891.9,60
bugs bunny,Q183102,Bugs Bunny,3791688,63194.8,60
bill murray,Q29250,Bill Murray,13600690,226678.2,60
marquis de sade,Q123867,Marquis de Sade,4391481,73191.4,60
coors,Q1407305,Coors Brewing Company,1202979,20049.7,60
angelina jolie,Q13909,Angelina Jolie,34033934,567232.2,60
super bowl,Q32096,Super Bowl,20348747,339145.8,60
on the waterfront,Q211372,On the Waterfront,2100702,35011.7,60
maria theresa,Q55111015,Maria Theresa,3791133,63185.6,60
franklin d. roosevelt,Q8007,Franklin Delano Roosevelt,409800,6830.0,60
i love lucy,Q181943,I Love Lucy,3374363,56239.4,60
survivor,Q28856068,Survivor,202149,3369.2,60
gypsy,Q8060,Romani people,14714831,245247.2,60
cheshire cat,Q934013,Cheshire Cat,2039487,33991.4,60
pulp fiction,Q104123,Pulp Fiction,11776743,196279.0,60
bauhaus,Q124354,Bauhaus,4137700,68961.7,60
federalist papers,Q858036,Federalist Papers,92755,1545.9,60
lincoln memorial,Q213559,Lincoln Memorial,1698730,28312.2,60
french revolution,Q6534,French Revolution,14216390,236939.8,60
warren g. harding,Q7970211,Warren G. Harding,8105603,135093.4,60
tomb of the unknown soldier,Q1541043,tomb of the unknown soldier,11,1.8,6
kodak,Q486269,Kodak,2928314,48805.2,60
aerosmith,Q281133,Aerosmith,6969003,116150.1,60
ebay,Q58024,eBay,2618,43.6,60
henry moore,Q5725978,Henry Moore,779459,12991.0,60
william,Q12344159,William,753021,12550.4,60
hanukkah,Q130881,Hanukkah,7478141,124635.7,60
connecticut yankee in king arthur's court,Q4656077,A Connecticut Yankee in King Arthur's Court,721896,12031.6,60
mockingbird,Q720541,mockingbird,85,2.2,38
lech walesa,Q444,Lech Wałęsa,1996402,33273.4,60
arthur c. clarke,Q47087,Arthur C. Clarke,3565635,59427.2,60
hogan's heroes,Q431917,Hogan's Heroes,2996238,49937.3,60
rough riders,Q2093017,Rough Riders,1213746,20229.1,60
101 dalmatians,Q85844933,101 Dalmatians,104802,1746.7,60
medium,Q470111,Medium,393138,6552.3,60
intel,Q248,Intel,6231979,103866.3,60
kenny rogers,Q217160,Kenny Rogers,11499801,191663.4,60
mosaic,Q381047,Mosaic,1592503,26541.7,60
cecil rhodes,Q19825,Cecil John Rhodes,56813,946.9,60
trinity,Q37090,Holy Trinity,178562,2976.0,60
pan,Q804,Panama,6878149,114635.8,60
green acres,Q3230693,Green Acres,1825560,30426.0,60
mickey mantle,Q345004,Mickey Mantle,4218981,70316.4,60
anastasia,Q12873595,Anastasia,534225,8903.8,60
pulitzer,Q173417,Joseph Pulitzer,1019358,16989.3,60
oakland,Q17042,Oakland,301270,5021.2,60
jamie lee curtis,Q106997,Jamie Lee Curtis,21388057,356467.6,60
nehru,Q1047,Jawaharlal Nehru,13922776,232046.3,60
mediterranean sea,Q986177,mediterranean sea,543,10.2,53
lady gaga,Q19848,Lady Gaga,33552213,559203.6,60
ferrari,Q1407594,Ferrari,7510392,125173.2,60
cadillac,Q27436,Cadillac,3739505,62325.1,60
audrey hepburn,Q42786,Audrey Hepburn,21318882,355314.7,60
martha stewart,Q234606,Martha Stewart,12156660,202611.0,60
misery,Q116265702,Misery,73216,1220.3,60
francis ford coppola,Q56094,Francis Ford Coppola,12140876,202347.9,60
austria-hungary,Q28513,Austria–Hungary,39324,655.4,60
good friday,Q40317,Good Friday,5882755,98045.9,60
rolls-royce,Q243278,Rolls-Royce,390278,6504.6,60
tutu,Q37450687,Tutu,57002,950.0,60
lone ranger,Q548919,The Lone Ranger,118660,1977.7,60
belarus,Q184,Belarus,18433643,307227.4,60
christopher wren,Q5113467,Christopher Wren Jr,0,0,0
guernica,Q189848,Gernika,19015,316.9,60
shangri-la,Q309202,Camp David,4052035,67533.9,60
arnold palmer,Q9434,Arnold Palmer,3381536,56358.9,60
richard branson,Q194419,Richard Branson,9556507,159275.1,60
edmond halley,Q47434,Edmond Halley,726283,12104.7,60
baccarat,Q319282,Baccarat,2339771,38996.2,60
hyundai,Q125054811,Hyundai,471604,7860.1,60
martin sheen,Q184572,Martin Sheen,14308687,238478.1,60
isle of man,Q9676,Isle of Man,12151151,202519.2,60
tabasco,Q80914,Tabasco,717232,11953.9,60
shakers,Q1370167,Shakers,1813098,30218.3,60
carousel,Q10443227,Carousel,1055684,17594.7,60
sam rayburn,Q1378052,Sam Rayburn,888806,14813.4,60
joe namath,Q720558,Joe Namath,6095805,101596.8,60
caucasus,Q18869,Caucasus,4893462,81557.7,60
clowns,Q5136046,Clowns,27390,456.5,60
trojan war,Q42937,Trojan War,6645112,110751.9,60
speed,Q21482644,Speed,1616980,26949.7,60
auguste rodin,Q30755,Auguste Rodin,1654585,27576.4,60
jude the obscure,Q60787269,Jude the Obscure,693211,11553.5,60
etruscans,Q17161,Etruscans,333768,5562.8,60
sixth sense,Q183063,The Sixth Sense,6700745,111679.1,60
steve jobs,Q19837,Steve Jobs,30877537,514625.6,60
bunker hill,Q334029,Battle of Bunker Hill,2189924,36498.7,60
isak dinesen,Q182804,Karen Blixen,1506120,25102.0,60
rose bowl,Q582280,Rose Bowl,39180,653.0,60
john kerry,Q22316,John Kerry,7678930,127982.2,60
robert ludlum,Q224113,Robert Ludlum,991540,16525.7,60
marcel duchamp,Q5912,Marcel Duchamp,1915982,31933.0,60
hispaniola,Q25277,Hispaniola,3190884,53181.4,60
wichita,Q49266,Wichita,88910,1481.8,60
vatican,Q237,Vatican City,10556698,175945.0,60
philip marlowe,Q7184033,Philip Marlowe,995956,16599.3,60
dunkirk,Q21935651,Dunkirk,1608116,26801.9,60
st. george,Q48438,Saint George,4603661,76727.7,60
remington,Q21446686,Remington,60812,1013.5,60
dianne feinstein,Q230733,Dianne Feinstein,8606594,143443.2,60
peter o'toole,Q103876,Peter O'Toole,6699363,111656.1,60
giant,Q1657282,Giant Bomb,446564,7442.7,60
peter stuyvesant,Q161536,Peter Stuyvesant,735755,12262.6,60
tiny tim,Q979347,Tiny Tim,102462,1707.7,60
grinch,Q719748,Grinch,3864930,64415.5,60
janet reno,Q236421,Janet Reno,2227974,37132.9,60
john kennedy,Q6250211,John N. Kennedy,5940,99.0,60
gustave eiffel,Q20882,Gustave Eiffel,1896820,31613.7,60
zeppelin,Q2934092,Zeppelin,2396978,39949.6,60
mao,Q5816,Mao Zedong,15412018,256867.0,60
american revolution,Q40949,American Revolutionary War,13191937,219865.6,60
liberace,Q347528,Liberace,5075992,84599.9,60
quebec city,Q2145,Quebec City,3328867,55481.1,60
gaul,Q5560919,Gilbert Gaul,1152,19.2,60
lyre,Q201129,lyre,144,3.3,43
ac/dc,Q27593,AC/DC,15514329,258572.1,60
little red riding hood,Q2168840,Little Red Riding Hood,3927677,65461.3,60
hanging gardens of babylon,Q41931,Hanging Gardens of Babylon,6520317,108671.9,60
da vinci code,Q160560,The Da Vinci Code,3964351,66072.5,60
playboy,Q150820,Playboy,7404057,123400.9,60
mad men,Q223977,Mad Men,8166809,136113.5,60
noah's ark,Q2579866,Noah's Ark,4518383,75306.4,60
castle,Q23413,castle,712,11.9,60
botticelli,Q5669,Sandro Botticelli,2358982,39316.4,60
habeas corpus,Q5636664,Habeas Corpus,42347,705.8,60
pepsi,Q334800,PepsiCo,6493221,108220.4,60
sigourney weaver,Q102124,Sigourney Weaver,12202223,203370.4,60
polaroid,Q431361,Polaroid,174297,2904.9,60
titans,Q45713,titan,256,5.1,50
natalie wood,Q180919,Natalie Wood,12861244,214354.1,60
tom selleck,Q213706,Tom Selleck,18024413,300406.9,60
gilda radner,Q266808,Gilda Radner,4738539,78975.6,60
ellen degeneres,Q483325,Ellen DeGeneres,11908448,198474.1,60
reggie jackson,Q2640578,Reggie Jackson,3329301,55488.3,60
"hello, dolly!",Q475293,"Hello, Dolly!",18085,301.4,60
hairspray,Q222041,Hairspray,58780,979.7,60
boulder,Q192517,Boulder,444277,7404.6,60
honeymooners,Q1626877,The Honeymooners,2208602,36810.0,60
micronesia,Q3359409,Micronesia,3617657,60294.3,60
nancy pelosi,Q170581,Nancy Pelosi,23978592,399643.2,60
azores,Q25263,Azores,6607853,110130.9,60
butler,Q2664624,Butler,1052874,17547.9,60
campbell's,Q1030544,Campbell's,34957,582.6,60
thomas more,Q42544,Thomas More,5022998,83716.6,60
denver broncos,Q223507,Denver Broncos,4264543,71075.7,60
esau,Q81826641,Esau,1928427,32140.5,60
john bunyan,Q108206,John Bunyan,1055910,17598.5,60
mtv,Q11880282,MTV Oy,33247,554.1,60
wilma rudolph,Q31083,Wilma Rudolph,1389105,23151.8,60
mason-dixon line,Q530472,Mason–Dixon Line,25375,422.9,60
john elway,Q432931,John Elway,4007085,66784.8,60
republican,Q29468,Republican Party,136505,2275.1,60
jack ruby,Q192519,Jack Ruby,7661022,127683.7,60
surgeon general,Q7603562,State Surgeon General,29686,494.8,60
graham greene,Q128560,Graham Greene,2526214,42103.6,60
boy scouts,Q7887340,Scouts BSA,174652,2910.9,60
boris pasternak,Q41223,Boris Pasternak,1436582,23943.0,60
john knox,Q189937,John Knox,1616489,26941.5,60
jan vermeer,Q41264,Johannes Vermeer,3182466,53041.1,60
chattanooga,Q186702,Chattanooga,112873,1881.2,60
rotterdam,Q34370,Rotterdam,3194093,53234.9,60
kelsey grammer,Q196560,Kelsey Grammer,11202511,186708.5,60
ovid,Q2734296,Ovidi Montllor,19121,318.7,60
george mcclellan,Q5536568,George B. McClellan Jr.,177289,2954.8,60
alfred the great,Q83476,Alfred the Great,12909838,215164.0,60
beatrice,Q734292,Beatrice,58745,979.1,60
full house,Q712583,Full House,5196254,86604.2,60
johannesburg,Q34647,Johannesburg,5926382,98773.0,60
medici,Q23039018,Medici,463005,7716.8,60
immanuel kant,Q9312,Immanuel Kant,6463867,107731.1,60
aeneas,Q20000656,Aeneas,1987117,33118.6,60
annie hall,Q233464,Annie Hall,2105712,35095.2,60
troilus and cressida,Q183304,Troilus and Cressida,658026,10967.1,60
driving miss daisy,Q211373,Driving Miss Daisy,1853666,30894.4,60
edward jenner,Q40852,Edward Jenner,2109281,35154.7,60
dostoyevsky,Q110998282,Dostoyevsky,53438,890.6,60
geoffrey chaucer,Q5683,Geoffrey Chaucer,3815340,63589.0,60
american tragedy,Q1933180,American Tragedy,5791,96.5,60
ikea,Q54078,IKEA,10377420,172957.0,60
chuck,Q2293,Chuck,135159,2252.7,60
home alone,Q3627883,Home Alone,13564986,226083.1,60
irs,Q6026475,indoor residual spraying,14,1.8,8
meat loaf,Q152929,Meat Loaf,12366719,206112.0,60
u thant,Q1264,U Thant,850484,14174.7,60
richard rodgers,Q269094,Richard Rodgers,1330066,22167.8,60
diane sawyer,Q236402,Diane Sawyer,2565593,42759.9,60
erle stanley gardner,Q357065,Erle Stanley Gardner,711291,11854.9,60
miley cyrus,Q4235,Miley Cyrus,27397922,456632.0,60
henry fonda,Q19155,Henry Fonda,7197080,119951.3,60
gunsmoke,Q29641,Gunsmoke,3305520,55092.0,60
alfred,Q3480335,Alfred,112505,1875.1,60
vishnu,Q160213,Rama,8990835,149847.2,60
lake maracaibo,Q182137,Lake Maracaibo,501706,8361.8,60
diane keaton,Q102642,Diane Keaton,10885258,181421.0,60
chinook,Q209613,Boeing CH-47 Chinook,5454968,90916.1,60
robert kennedy,Q25310,Robert F. Kennedy,18952211,315870.2,60
ahab,Q235901,Ahab,974051,16234.2,60
dragnet,Q2271784,Dragnet 1967,9391,156.5,60
rod serling,Q435920,Rod Serling,3511781,58529.7,60
yellow river,Q7355,Yellow River,2003139,33385.7,60
poltergeist,Q497622,Poltergeist,2122672,35377.9,60
surrealism,Q39427,Surrealism,3945788,65763.1,60
roger maris,Q741023,Roger Maris,2408298,40138.3,60
snoop dogg,Q6096,Snoop Dogg travesti,0,0,0
east timor,Q574,Timor-Leste,197352,3289.2,60
treasure of the sierra madre,Q251559,The Treasure of the Sierra Madre,163660,2727.7,60
baywatch,Q223320,Baywatch,4673454,77890.9,60
helen gurley brown,Q254738,Helen Gurley Brown,351372,5856.2,60
molly brown,Q229631,Margaret Brown,3105088,51751.5,60
scooby-doo,Q901323,Scooby-Doo,8313360,138556.0,60
h.m.s. pinafore,Q1197244,H.M.S. Pinafore,838472,13974.5,60
university of virginia,Q213439,University of Virginia,2350342,39172.4,60
university of michigan,Q230492,University of Michigan,4256401,70940.0,60
get smart,Q1247268,Get Smart,2009899,33498.3,60
disneyland,Q181185,Disneyland,5740368,95672.8,60
new south wales,Q3224,New South Wales,5431689,90528.1,60
hosni mubarak,Q34105,Hosni Mubarak,3070753,51179.2,60
pravda,Q183644,Pravda,1113434,18557.2,60
st. christopher,Q193507,Saint Christopher,2539847,42330.8,60
battle of new orleans,Q41894,Battle of New Orleans,1673860,27897.7,60
heineken,Q180855,Heineken International,349859,5831.0,60
in the heat of the night,Q1247708,In the Heat of the Night,28966,482.8,60
taxi driver,Q104607512,Taxi Driver,8096338,134939.0,60
sears tower,Q29294,Willis Tower,4286517,71441.9,60
riga,Q1773,Riga,2979812,49663.5,60
20/20,Q197867,20/20,28746,479.1,60
harlem globetrotters,Q2776952,Harlem Globetrotters,3080106,51335.1,60
hitchhiker's guide to the galaxy,Q25169,The Hitchhiker's Guide to the Galaxy,5598575,93309.6,60
aeschylus,Q40939,Aeschylus,3055729,50928.8,60
golden fleece,Q212262,Golden Fleece,1527200,25453.3,60
fife,Q201149,Fife,1324327,22072.1,60
alka-seltzer,Q2641370,Alka-Seltzer,1160895,19348.2,60
best man,Q1194718,The Best Man,13362,222.7,60
maria,Q325872,Maria,247412,4123.5,60
david ben-gurion,Q37610,David Ben-Gurion,3461405,57690.1,60
tiffany's,Q1066858,Tiffany & Co.,2403516,40058.6,60
jacob marley,Q657403,Jacob Marley,710994,11849.9,60
w.c. handy,Q352967,W. C. Handy,538427,8973.8,60
wrigley field,Q1052807,Wrigley Field,1772960,29549.3,60
justin bieber,Q34086,Justin Bieber,29880082,498001.4,60
fall,Q4491399,Fall,181007,3016.8,60
reggae,Q9794,reggae,1195,19.9,60
rommel,Q108301434,Rommel,72090,1201.5,60
steve mcqueen,Q706475,Steve McQueen,14644941,244082.4,60
saving private ryan,Q165817,Saving Private Ryan,9595311,159921.9,60
mamma mia!,Q188850,Mamma Mia!,474914,7915.2,60
friday night lights,Q4507,Friday Night Lights,52563,876.0,60
joyce carol oates,Q217557,Joyce Carol Oates,1743042,29050.7,60
ezra pound,Q163366,Ezra Pound,2745772,45762.9,60
orient express,Q191985,Orient Express,2346124,39102.1,60
gary cooper,Q93957,Gary Cooper,5613104,93551.7,60
ozzy osbourne,Q133151,Ozzy Osbourne,19113430,318557.2,60
black eyed peas,Q107392279,Black Eyed Peas' albums in chronological order,0,0,0
charles goodyear,Q2757766,Charles Goodyear,464311,7738.5,60
rite of spring,Q206015,The Rite of Spring,1747079,29118.0,60
butch cassidy and the sundance kid,Q3283661,Butch Cassidy,2865397,47756.6,60
fenway park,Q49136,Fenway Park,1885416,31423.6,60
kool-aid,Q1531983,Kool-Aid,1344546,22409.1,60
winona ryder,Q101797,Winona Ryder,22182535,369708.9,60
independence day,Q6016025,Independence Day,214805,3580.1,60
kings,Q34692,Kingston,161353,2689.2,60
george mcgovern,Q331742,George McGovern,2239416,37323.6,60
watson,Q1184721,Watson,86854,1447.6,60
yo-yo ma,Q234891,Yo-Yo Ma,3031912,50531.9,60
phnom penh,Q1850,Phnom Penh,2455732,40928.9,60
penn state,Q3342238,Penn State Nittany Lions,438969,7316.1,60
mary lou retton,Q235975,Mary Lou Retton,3287686,54794.8,60
knoxville,Q185582,Knoxville,104222,1737.0,60
dr. spock,Q310694,Benjamin Spock,844895,14081.6,60
john paul i,Q37278,John Paul I,1260589,21009.8,60
farrah fawcett,Q102341,Farrah Fawcett,9860491,164341.5,60
pantheon,Q1749372,Pantheon,207835,3463.9,60
andrea doria,Q156521,Andrea Doria,393186,6553.1,60
farewell to arms,Q1575490,A Farewell to Arms,1920973,32016.2,60
daisy miller,Q2061359,Daisy Miller,307897,5131.6,60
missouri river,Q5419,Missouri River,2069852,34497.5,60
yellow sea,Q37960,Yellow Sea,782891,13048.2,60
lilliput,Q29167739,Lilliput,52423,873.7,60
james clavell,Q316802,James Clavell,1667281,27788.0,60
skyscraper,Q11303,skyscraper,836,14.4,58
jackie collins,Q1837775,Jackie Collins,2376179,39603.0,60
terms of endearment,Q185071,Terms of Endearment,2434507,40575.1,60
jonas salk,Q200101,Jonas Salk,2342362,39039.4,60
barber of seville,Q1192391,The Barber of Seville,1310269,21837.8,60
kirk douglas,Q104027,Kirk Douglas,13684118,228068.6,60
carly simon,Q3660196,Carly Simon,6427320,107122.0,60
ohio river,Q4915,Ohio River,1832808,30546.8,60
ivory coast,Q1008,Ivory Coast,7174336,119572.3,60
bugsy siegel,Q315487,Bugsy Siegel,4898130,81635.5,60
outsiders,Q135071090,Outsiders,18474,307.9,60
cardinal richelieu,Q26702,"Armand-Jean du Plessis, duc de Richelieu",1317,22.7,58
lost weekend,Q237134,The Lost Weekend,178980,2983.0,60
scandal,Q1525645,Scandal,316175,5269.6,60
reese witherspoon,Q44063,Reese Witherspoon,19839333,330655.5,60
dukes of hazzard,Q1304408,The Dukes of Hazzard,3722363,62039.4,60
leontyne price,Q233718,Leontyne Price,1283497,21391.6,60
industrial revolution,Q2269,Industrial Revolution,10413063,173551.0,60
adirondacks,Q357546,Adirondack Mountains,1562291,26038.2,60
franks,Q976386,Sebastiaen Vrancx,34555,575.9,60
rhett butler,Q11890641,Rhett Butler,678968,11316.1,60
delft,Q752663,Delft University of Technology,788346,13139.1,60
siegfried,Q3483397,Siegfried,178998,2983.3,60
slovenia,Q215,Slovenia,11513105,191885.1,60
bess truman,Q233652,Bess Truman,986680,16444.7,60
khyber pass,Q191333,Khyber Pass,1334081,22234.7,60
brezhnev,Q765165,Leonid Brezhnev,6735359,112256.0,60
northern lights,Q85174065,Northern Lights,159288,2654.8,60
american bar association,Q463465,American Bar Association,537517,8958.6,60
kellogg's,Q856897,Kellanova,182750,8306.8,22
canal,Q12284,canal,138,2.8,49
chechnya,Q5187,Chechnya,10477995,174633.2,60
champs-élysées,Q106781659,Champs-Élysées,2075563,34592.7,60
mogadishu,Q2449,Mogadishu,2671676,44527.9,60
tuscany,Q1273,Tuscany,3361960,56032.7,60
dwight david eisenhower,Q3368157,David Eisenhower,1346802,22446.7,60
deliverance,Q5254048,Deliverance: Stormlord II,12623,210.4,60
mason & dixon,Q1536968,Mason & Dixon,385924,6432.1,60
bolsheviks,Q83372,Bolsheviks,4579770,76329.5,60
stevie nicks,Q234691,Stevie Nicks,18072051,301200.8,60
love's labour's lost,Q128610,Love's Labour's Lost,635500,10591.7,60
medicare,Q559392,Medicare,125084,2084.7,60
magnum,Q115259183,Magnum,158922,2648.7,60
mumbai,Q1156,Mumbai,16907945,281799.1,60
kelvin,Q11579,kelvin,220,4.2,53
st. paul's,Q1431081,St. Paul's tube station,24655,410.9,60
bye bye birdie,Q1018482,Bye Bye Birdie,866173,14436.2,60
angkor wat,Q4763327,Angkor Wat,7595571,126592.9,60
manhattan project,Q127050,Manhattan Project,10247160,170786.0,60
eritrea,Q986,Eritrea,10467736,174462.3,60
gloria estefan,Q184697,Gloria Estefan,4791503,79858.4,60
ugly betty,Q276528,Ugly Betty,3729442,62157.4,60
quaker oats,Q137211163,Quaker Oats,125470,2091.2,60
oprah,Q55800,Oprah Winfrey,13829243,230487.4,60
pat garrett,Q450746,Pat Garrett,1767771,29462.8,60
cognac,Q285,Cognac,3956286,65938.1,60
vladivostok,Q959,Vladivostok,3495026,58250.4,60
david lee roth,Q313992,David Lee Roth,6079483,101324.7,60
charon,Q110400662,Charon,2177990,36299.8,60
pershing,Q29549961,Pershing,46765,779.4,60
les paul,Q262399,Les Paul,1736262,28937.7,60
molokai,Q193253,Molokaʻi,17601,293.4,60
hugh grant,Q163286,Hugh Grant,14785528,246425.5,60
charlie,Q882,Charlie Chaplin,18726966,312116.1,60
of human bondage,Q8519516,Of Human Bondage,780134,13002.2,60
grand rapids,Q184587,Grand Rapids,150908,2515.1,60
roquefort,Q474852,Roquefort,916775,15279.6,60
marc antony,Q109892418,Marc Antony Reading the Will of Caesar,0,0,0
crest,Q327259,Crest,87676,1461.3,60
muammar gaddafi,Q19878,Muammar Gaddafi,13285382,221423.0,60
zsa zsa gabor,Q207405,Zsa Zsa Gabor,6423306,107055.1,60
daedalus,Q1270415,Daedalus,2349685,39161.4,60
gilgamesh,Q159709,Gilgamesh,5102466,85041.1,60
robert bunsen,Q71031,Robert Bunsen,337171,5619.5,60
sarah jessica parker,Q170530,Sarah Jessica Parker,15124303,252071.7,60
howard cosell,Q1472983,Howard Cosell,1392626,23210.4,60
sierra nevada,Q26777,Sierra Nevada,1943718,32395.3,60
ed sullivan,Q5335469,"Ed Sullivan, Jr.",1803,30.1,60
descartes,Q9191,René Descartes,5497864,91631.1,60
new haven,Q49145,New Haven,163899,2731.7,60
gutzon borglum,Q336432,Gutzon Borglum,1132917,18882.0,60
anthony burgess,Q217619,Anthony Burgess,1364008,22733.5,60
little big horn,Q3824678,Little Big Horn,11530,192.2,60
enigma,Q3054377,Enigma,268417,4473.6,60
major,Q1259251,Major,1208835,20147.2,60
bonnie parker,Q2319886,Bonnie Parker,152274,2537.9,60
inchon,Q20934,Incheon,1462612,24376.9,60
elf,Q30426265,Elf,2383153,39719.2,60
maroon 5,Q182223,Maroon 5,5491361,91522.7,60
charlie sheen,Q103939,Charlie Sheen,21368861,356147.7,60
joan baez,Q131725,Joan Baez,5523472,92057.9,60
antonin scalia,Q11156,Antonin Scalia,4404707,73411.8,60
urban,Q64845,Ignatz Urban,12223,203.7,60
heathrow,Q898660,Heathrow,49725,828.8,60
george clinton,Q336272,George Clinton,102338,1705.6,60
greenwich,Q49202,Greenwich,1493449,24890.8,60
tigris,Q35591,Tigris,1415968,23599.5,60
30 rock,Q189350,30 Rock,3881862,64697.7,60
horatio nelson,Q83235,Horatio Nelson,321262,5354.4,60
miss piggy,Q2120540,The Muppet Show,1867781,31129.7,60
mirage,Q594244,Mirage,1354243,22570.7,60
ted koppel,Q2096683,Ted Koppel,985110,16418.5,60
shah of iran,Q80079607,Shah of Iran Mohammad Reza Pahlavi,0,0,0
still life,Q170571,still life,126,3.9,32
waterford,Q1898623,Waterford,815205,13586.8,60
facebook,Q380,Meta,1378788,22979.8,60
louis daguerre,Q131405,Louis Daguerre,571667,9527.8,60
twitter,Q1390577,Twitter,58048635,967477.2,60
jamie foxx,Q171905,Jamie Foxx,16238456,270640.9,60
bell jar,Q7716396,The Bell Jar,2558115,42635.2,60
airport,Q126185388,Airport,2132357,35539.3,60
chickens,Q780,chicken,604,10.1,60
bayonet,Q173366,bayonet,73,2.1,34
confucianism,Q9581,Confucianism,4025176,67086.3,60
father brown,Q1545219,Father Brown,829254,13820.9,60
paddington,Q5355838,Paddington,610594,10176.6,60
leif ericson,Q42838,Leif Erikson,6494815,108246.9,60
two and a half men,Q189267,Two and a Half Men,8739376,145656.3,60
colorado springs,Q49258,Colorado Springs,127071,2117.8,60
lucifer,Q11845128,Lucifer,12065868,201097.8,60
easy rider,Q503638,Easy Rider,2559648,42660.8,60
akira kurosawa,Q8006,Akira Kurosawa,5108401,85140.0,60
loire,Q1469,Loire,665602,11093.4,60
glider,Q180173,sailplane,40,1.2,32
guglielmo marconi,Q36488,Guglielmo Marconi,2392985,39883.1,60
sing sing,Q2001670,Ossining,9990,166.5,60
pennsylvania avenue,Q1455053,Pennsylvania Avenue,312341,5205.7,60
john cheever,Q336151,John Cheever,871222,14520.4,60
kevin bacon,Q3454165,Kevin Bacon,15215219,253587.0,60
raggedy ann,Q2095216,Raggedy Ann,1180059,19667.7,60
our american cousin,Q1639322,Our American Cousin,475595,7926.6,60
anaheim,Q49247,Anaheim,221305,3688.4,60
orange juice,Q219059,orange juice,129,3.1,42
victoria cross,Q219578,Victoria Cross,2969434,49490.6,60
blarney stone,Q2369564,Blarney Stone,2077459,34624.3,60
green mountain boys,Q1128523,Green Mountain Boys,529936,8832.3,60
howard stern,Q348603,Howard Stern,6580300,109671.7,60
hugh downs,Q3097923,Hugh Downs,792419,13207.0,60
words,Q58738417,Words,187486,3124.8,60
dr. jekyll & mr. hyde,Q72017228,Dr. Jekyll & Mr. Hyde,4344,72.4,60
ithaca,Q2267158,Ithaca,634079,10568.0,60
chief joseph,Q453666,Chief Joseph,792629,13210.5,60
erma bombeck,Q455968,Erma Bombeck,550690,9178.2,60
tel aviv,Q33935,Tel Aviv,5857298,97621.6,60
torch,Q37573845,Torch,593059,9884.3,60
adonis,Q147534,Adonis,2934343,48905.7,60
manila bay,Q676154,Manila Bay,440368,7339.5,60
true blood,Q186219,True Blood,5237661,87294.4,60
margaret chase smith,Q456750,Margaret Chase Smith,557035,9283.9,60
lancelot,Q3216952,Lancelot,2580033,43000.6,60
derek jeter,Q353511,Derek Jeter,8877944,147965.7,60
puma,Q157064,Puma,329359,5489.3,60
british east india company,Q83164,East India Company,10320352,172005.9,60
tina fey,Q14540,Tina Fey,8349244,139154.1,60
jawaharlal nehru,Q1047,Jawaharlal Nehru,13922776,232046.3,60
pierre curie,Q37463,Pierre Curie,2617053,43617.6,60
mayo,Q178626,County Mayo,981560,16359.3,60
deer hunter,Q114853982,Deer Hunter,19684,328.1,60
mark spitz,Q180748,Mark Spitz,2023478,33724.6,60
crescent,Q65100582,Crescent,1128402,18806.7,60
harley-davidson,Q192814,Harley-Davidson,3638275,60637.9,60
don johnson,Q309788,Don Johnson,11243728,187395.5,60
kurt cobain,Q8446,Kurt Cobain,19751982,329199.7,60
u.s.,Q518155,National Archives and Records Administration,1085812,18096.9,60
mike hammer,Q279088,A. R. Penck,53997,900.0,60
bernard malamud,Q351547,Bernard Malamud,323081,5384.7,60
moonstruck,Q1336107,Moonstruck,2391700,39861.7,60
jim brown,Q6193865,Jim Brown,6678814,111313.6,60
minuteman,Q861662,LGM-30 Minuteman,2379001,39650.0,60
brooke shields,Q189400,Brooke Shields,15592394,259873.2,60
adelaide,Q5112,Adelaide,4282594,71376.6,60
donatello,Q37562,Donatello,1713316,28555.3,60
kate winslet,Q202765,Kate Winslet,22046698,367445.0,60
caine mutiny,Q5435430,The Caine Mutiny,550064,9167.7,60
right stuff,Q1197185,The Right Stuff,52326,872.1,60
virginia dare,Q271511,Virginia Dare,789272,13154.5,60
zubin mehta,Q157635,Zubin Mehta,1082132,18035.5,60
farsi,Q9168,Persian,159949,2665.8,60
eleanor,Q988818,Eleanor,436825,7280.4,60
tennessee valley authority,Q1367577,Tennessee Valley Authority,1426491,23774.8,60
antonio vivaldi,Q1340,Antonio Vivaldi,3402958,56716.0,60
leavenworth,Q1762867,Leavenworth,31532,525.5,60
malay peninsula,Q18758,Malay Peninsula,766662,12777.7,60
st. lawrence seaway,Q753288,St. Lawrence Seaway,617575,10292.9,60
keebler,Q6382670,Keebler Company,645260,10754.3,60
headless horseman,Q1475916,Headless Horseman,1406862,23447.7,60
witness,Q77251818,Witness,386109,6435.1,60
chorus,Q131186,choir,224,4.3,52
nightmare on elm street,Q329434,A Nightmare on Elm Street,5743475,95724.6,60
edward elgar,Q179631,Edward Elgar,1424937,23749.0,60
funny thing happened on the way to the forum,Q1971276,A Funny Thing Happened on the Way to the Forum,778694,12978.2,60
george c. scott,Q182450,George C. Scott,4159191,69319.9,60
federalists,Q42189,Federalist Party,3079331,51322.2,60
ben kingsley,Q173158,Ben Kingsley,9028010,150466.8,60
smokey robinson,Q310332,Smokey Robinson,5318064,88634.4,60
harold,Q14647205,Harold,62776,1046.3,60
osaka,Q35765,Osaka,4177849,69630.8,60
axis,Q783065,Axis,261920,4365.3,60
jackie joyner-kersee,Q209390,Jackie Joyner-Kersee,1695667,28261.1,60
nora ephron,Q214677,Nora Ephron,3760151,62669.2,60
mobile bay,Q1544796,Mobile Bay,184889,3081.5,60
st. andrews,Q7586923,St Andrews,956711,15945.2,60
john reed,Q310800,John Reed,27648,460.8,60
ghent,Q1296,Ghent,2078093,34634.9,60
pushkin,Q7200,Alexander Pushkin,3174459,52907.7,60
daniel inouye,Q63505588,Daniel Peña,4730,78.8,60
bogota,Q890659,Bogota,137296,2288.3,60
kramer vs. kramer,Q193577,Kramer vs. Kramer,2367660,39461.0,60
aunt polly,Q20774342,Aunt Polly's Back Door,0,0,0
emily post,Q2915964,Emily Post,322599,5376.6,60
temptation,Q17128521,Temptation,269481,4491.4,60
botany bay,Q894682,Botany Bay,754222,12570.4,60
sierra nevadas,Q26777,Sierra Nevada,1943718,32395.3,60
father's day,Q114859681,Father's Day,9672570,161209.5,60
veep,Q74801,Veep,4185624,69760.4,60
serena williams,Q11459,Serena Williams,23979206,399653.4,60
miracle on 34th street,Q134896086,Miracle on 34th Street,2522800,42046.7,60
cigar,Q67433631,cigarette smoking,5,1.0,5
gioachino rossini,Q9726,Gioachino Rossini,1194061,19901.0,60
vicksburg,Q493787,Vicksburg,26583,443.1,60
rastafarianism,Q101462,Rastafari,7487186,124786.4,60
u.s. steel,Q72539,U.S. Steel,1665251,27754.2,60
barber,Q15785531,Barber,1057189,17619.8,60
35,Q434712,35,482610,8043.5,60
agamemnon,Q514891,Agamemnon,2992534,49875.6,60
joan collins,Q152843,Joan Collins,7879927,131332.1,60
joe frazier,Q102301,Joe Frazier,5563907,92731.8,60
reds,Q826751,Cincinnati Reds,2394560,39909.3,60
greatest show on earth,Q641061,The Greatest Show on Earth,54906,915.1,60
mauna kea,Q131230,Mauna Kea,2591098,43185.0,60
jerry rice,Q505423,Jerry Rice,5128379,85473.0,60
woolworth,Q642212,F. W. Woolworth Company,1578554,26309.2,60
nome,Q3760158,nomen,20,1.8,11
collie,Q16865687,Collier,70161,1169.3,60
inferno,Q16247895,Inferno,124189,2069.8,60
catholic,Q3892772,Catholic-Hierarchy.org,64854,1080.9,60
ripley,Q22348139,Ripley,68382,1139.7,60
ed wood,Q221843,Ed Wood,1866773,31112.9,60
thomas aquinas,Q9438,Thomas Aquinas,5295260,88254.3,60
bar mitzvah,Q28807008,bar mitzvah,142,7.9,18
mackenzie,Q13553907,Mackenzie,96540,1609.0,60
black hole of calcutta,Q1202492,Black Hole of Calcutta,1263578,21059.6,60
pangaea,Q111068628,Pangaea,4883975,81399.6,60
boris becker,Q76334,Boris Becker,3937993,65633.2,60
triathlon,Q10980,triathlon,911,21.7,42
pol pot,Q39464,Pol Pot,9404669,156744.5,60
hearst,Q20996400,Hearst,35468,591.1,60
gene kelly,Q73089,Gene Kelly,5410181,90169.7,60
tuileries,Q666009,Tuileries,92100,1535.0,60
lord kelvin,Q122701,"William Thomson, 1st Baron Kelvin",968849,16147.5,60
ann-margret,Q16166679,Ann-Margret,8978853,149647.5,60
one hundred years of solitude,Q124175370,One Hundred Years of Solitude,4434212,73903.5,60
kleenex,Q1371867,Kleenex,439986,7333.1,60
rene descartes,Q9191,René Descartes,5497864,91631.1,60
88,Q341102,88,249560,4159.3,60
jennifer lawrence,Q20916609,Jennifer Lawrence filmography,9412,156.9,60
beverly cleary,Q1316719,Beverly Cleary,1661535,27692.2,60
bowie knife,Q178664,bowie knife,340,24.3,14
lost horizon,Q1619885,Lost Horizon,636760,10612.7,60
lottery,Q189409,lottery,382,11.6,33
charlotte bronte,Q127332,Charlotte Brontë,3515163,58586.1,60
oval office,Q133467218,Oval Office,1580165,26336.1,60
roland,Q1068487,Roland,876752,14612.5,60
warner brothers,Q126399,Warner Bros.,7454121,124235.4,60
roberto clemente,Q684020,Roberto Clemente,3614960,60249.3,60
jacques-louis david,Q83155,Jacques-Louis David,1482076,24701.3,60
carpenters,Q223495,The Carpenters,4186646,69777.4,60
kim il-sung,Q41117,Kim Il-sung,4839156,80652.6,60
sweat,Q37018908,Sweat,120688,2011.5,60
there will be blood,Q244315,There Will Be Blood,7790093,129834.9,60
preakness,Q11007793,Preakness,17050,284.2,60
v8,Q341174,V8,86971,1449.5,60
flanders,Q157070,County of Flanders,692938,11549.0,60
eero saarinen,Q167073,Eero Saarinen,1154429,19240.5,60
carat,Q13569873,Carat,96018,1600.3,60
tom brokaw,Q919527,Tom Brokaw,2180869,36347.8,60
fergie,Q180004,Fergie,114975,1916.2,60
cracker jack,Q455721,Cracker Jack,840337,14005.6,60
austin powers,Q6500001,Austin Powers,4364247,72737.4,60
john jakes,Q1258959,John Jakes,216219,3603.7,60
benedict,Q16275020,Benedict,67491,1124.8,60
edmund muskie,Q319867,Edmund Muskie,829903,13831.7,60
huron,Q7892543,United States lightship Huron,0,0,0
sprint,Q624482,sprinting,4,1.3,3
berkshire hathaway,Q217583,Berkshire Hathaway,10324473,172074.5,60
bea arthur,Q138576,Bea Arthur,9168358,152806.0,60
ivy league,Q49113,Ivy League,12954033,215900.5,60
frozen,Q313351,Frozen,274449,4574.1,60
anger,Q260704,Anger,1522695,25378.2,60
hard day's night,Q913311,A Hard Day's Night,25810,430.2,60
elbe,Q689718,Elbe,1062540,17709.0,60
new year's day,Q47034767,New Year's Day,7285684,121428.1,60
overture,Q19320988,Overture,467566,7792.8,60
united negro college fund,Q30286201,United Negro College Fund Special Programs,0,0,0
sancho panza,Q630823,Sancho Panza,650718,10845.3,60
niagara river,Q182343,Niagara River,479214,7986.9,60
jeeves,Q55419988,Jeeves,773312,12888.5,60
dakar,Q3718,Dakar,2111538,35192.3,60
francisco pizarro,Q44741,Francisco Pizarro,1660080,27668.0,60
dag hammarskjold,Q1267,Dag Hammarskjöld,1809399,30156.7,60
okefenokee,Q2162020,Okefenokee Swamp,468845,7814.1,60
le mans,Q1476,Le Mans,1100373,18339.5,60
giacomo puccini,Q7311,Giacomo Puccini,1818000,30300.0,60
scarface,Q25066878,Scarface,164917,2748.6,60
john wooden,Q551032,John Wooden,1966578,32776.3,60
winnebago,Q1537653,Ho-Chunk,445829,7430.5,60
joan jett,Q231106,Joan Jett,6784420,113073.7,60
garden of eden,Q66667743,Garden of Eden,4373289,72888.1,60
cordon bleu,Q429518,cordon bleu,9,1.8,5
heartburn,Q625429,Heartburn,1093091,18218.2,60
union jack,Q83278,flag of the United Kingdom,82,2.2,37
love in the time of cholera,Q499396,Love in the Time of Cholera,2013871,33564.5,60
"magnum, p.i.",Q254689,"Magnum, P.I.",4549280,75821.3,60
band of brothers,Q48965859,Band of Brothers,81567,1359.5,60
christian,Q3675612,Christian,567344,9455.7,60
boris karloff,Q203219,Boris Karloff,3218666,53644.4,60
bolívar,Q191164,Bolívar,8748,145.8,60
otto von bismarck,Q59872,Otto Christian Archibald von Bismarck,200105,3335.1,60
torquemada,Q24012119,Torquemada,41862,697.7,60
hawaiian,Q33569,Hawaiian,95406,1590.1,60
john nance garner,Q298991,John Nance Garner,1245179,20753.0,60
growing pains,Q1061246,Growing Pains,2332009,38866.8,60
nbc,Q13974,NBC,7830465,130507.8,60
prima donna,Q20813924,Prima Donna,4961,82.7,60
diogenes,Q5279172,Diogenes,4768757,79479.3,60
one day at a time,Q1248669,One Day at a Time,165470,2757.8,60
yacht,Q2655601,Yacht,1661982,27699.7,60
mrs. doubtfire,Q85786843,Mrs. Doubtfire,4255437,70923.9,60
epitaph,Q726153,Epitaph Records,635636,10593.9,60
double indemnity,Q478209,Double Indemnity,1264141,21069.0,60
university of north carolina,Q192334,University of North Carolina at Chapel Hill,2285040,38084.0,60
monty hall,Q936132,Monty Hall,1123603,18726.7,60
bratislava,Q1780,Bratislava,3313511,55225.2,60
pete sampras,Q9446,Pete Sampras,5036541,83942.4,60
mia farrow,Q202725,Mia Farrow,11736448,195607.5,60
country,Q83440,country music,176,4.8,37
detroit pistons,Q169661,Detroit Pistons,4257499,70958.3,60
robert taft,Q519730,Robert A. Taft,1093671,18227.8,60
"salem, massachusetts",Q54140,Salem,289877,4831.3,60
adriatic sea,Q13924,Adriatic Sea,2093663,34894.4,60
doll's house,Q3279817,A Doll's House,2152972,35882.9,60
dean rusk,Q313258,Dean Rusk,517268,8621.1,60
valentino,Q19819809,Valentino,61686,1028.1,60
david lynch,Q2071,David Lynch,10373263,172887.7,60
lady of the lake,Q4113386,Lady of the Lake,3074887,51248.1,60
sara lee,Q22957586,Sara Lee,9062,151.0,60
con air,Q607910,Con Air,3211793,53529.9,60
cindy crawford,Q262856,Cindy Crawford,7992505,133208.4,60
ford's theatre,Q54826462,Ford's Theatre Society,1820,30.3,60
valencia,Q8818,Valencia,3887996,64799.9,60
jack kemp,Q357676,Jack Kemp,5310453,88507.6,60
pokémon,Q864,Pokémon,9605044,160084.1,60
malcolm in the middle,Q3468540,"Malcolm in the Middle, season 2",0,0,0
chris farley,Q311752,Chris Farley,10437101,173951.7,60
ziggurat,Q16915345,Ziggurat,2150521,35842.0,60
killing fields,Q494582,The Killing Fields,58604,976.7,60
philosophy,Q5891,philosophy,2028,33.8,60
reuben,Q18325890,Reuben,228892,3814.9,60
merv griffin,Q6820806,Merv Griffin Enterprises,113885,1898.1,60
aerie,Q259903,Aire-sur-la-Lys,35335,588.9,60
meg ryan,Q167498,Meg Ryan,13766930,229448.8,60
charge of the light brigade,Q757870,Charge of the Light Brigade,2926846,48780.8,60
h.p. lovecraft,Q169566,H. P. Lovecraft,10192927,169882.1,60
ramones,Q176284,Ramones,6357667,105961.1,60
thomas gainsborough,Q192720,Thomas Gainsborough,673140,11219.0,60
american legion,Q468865,American Legion,935856,15597.6,60
walter payton,Q2545763,Walter Payton,3648100,60801.7,60
nancy,Q40898,Nancy,144724,2412.1,60
guy de maupassant,Q9327,Guy de Maupassant,1462031,24367.2,60
le corbusier,Q4724,Le Corbusier,2497240,41620.7,60
mother jones,Q107082,Mary Harris Jones,209899,3498.3,60
maggie smith,Q172653,Maggie Smith,17161326,286022.1,60
$2 bill,Q1189454,United States two-dollar bill,2336981,38949.7,60
cabbage patch kids,Q2394642,Cabbage Patch Kids,1204859,20081.0,60
eskimos,Q189975,Inuit,5015148,83585.8,60
attica,Q122443,Attica,979681,16328.0,60
macgyver,Q210257,MacGyver,3233611,53893.5,60
world according to garp,Q994248,The World According to Garp,552861,9214.4,60
yield,Q889514,crop yield,53,3.5,15
o.k. corral,Q7072063,O.K. Corral,10088,168.1,60
suez,Q134514,Suez,518276,8637.9,60
darth vader,Q15995646,Darth Vader,36475050,607917.5,60
rockettes,Q5965467,The Rockettes,769293,12821.5,60
mind,Q15221937,MinDat,0,0,0
caesars palace,Q649422,Caesars Palace,1483784,24729.7,60
fyodor dostoevsky,Q991,Fyodor Dostoyevsky,703126,11718.8,60
children of a lesser god,Q47489891,Children of a Lesser God,13774,229.6,60
nintendo,Q8093,Nintendo,9742534,162375.6,60
pan-american highway,Q7129484,Pan-American Highway in North America,0,0,0
padre island,Q2046019,Padre Island,317743,5295.7,60
zither,Q76239,zither,188,6.1,31
herculaneum,Q961668,Herculaneum,1789541,29825.7,60
aaa,Q280732,AAA,350098,5835.0,60
cumberland gap,Q2796951,Cumberland Gap,994435,16573.9,60
mr. chips,Q17026862,Mr. Chips,45774,762.9,60
square dance,Q1156994,square dance,23,1.9,12
vestal virgins,Q188761,Vestal Virgin,1578360,26306.0,60
volta,Q37552030,Volta,85116,1418.6,60
officer and a gentleman,Q1132575,An Officer and a Gentleman,2508200,41803.3,60
malibu,Q387047,Malibu,89139,1485.7,60
john xxiii,Q294599,John XXIII,870240,14504.0,60
hajj,Q234915,Hajj,4603505,76725.1,60
marty,Q16279078,Marty,54930,915.5,60
marshall mcluhan,Q193871,Marshall McLuhan,1672399,27873.3,60
beat,Q336958,Beat,134985,2249.8,60
ethanol,Q153,ethanol,1454,26.9,54
grandfather,Q9238344,grandfather,933,21.2,44
nicholas sparks,Q219377,Nicholas Sparks,2379914,39665.2,60
little john,Q603292,Little John,451763,7529.4,60
cowboy,Q1425111,western music,1,1.0,1
shakira,Q34424,Shakira,24074510,401241.8,60
helen mirren,Q349391,Helen Mirren,13503169,225052.8,60
candlestick park,Q1033076,Candlestick Park,1257695,20961.6,60
whig,Q108700,Whigs,16250,270.8,60
lake,Q23397,lake,257,4.4,59
no country for old men,Q183081,No Country for Old Men,7319559,121992.6,60
jeff bezos,Q312556,Jeff Bezos,36827081,613784.7,60
radcliffe,Q27680785,Radcliffe,32030,533.8,60
charles manson,Q485508,Charles Manson,21703723,361728.7,60
hokkaido,Q35581,Hokkaido,3973381,66223.0,60
lloyd's of london,Q1430712,Lloyd's of London,1640256,27337.6,60
camille saint-saëns,Q150445,Camille Saint-Saëns,1660134,27668.9,60
secretary-general,Q6501749,general secretary,7,1.0,7
bill & ted,Q4907852,Bill & Ted,2236521,37275.3,60
airplane!,Q497256,Airplane!,4480245,74670.8,60
joe mccarthy,Q50528996,Joe McCarthy,65942,1099.0,60
edward teller,Q6733,Edward Teller,4520162,75336.0,60
jack and jill,Q1505923,Jack and Jill,636390,10606.5,60
rothschild,Q316669,"Walter Rothschild, 2nd Baron Rothschild",587871,9797.9,60
chapel hill,Q671812,Chapel Hill,21783,363.1,60
listerine,Q944073,Listerine,748323,12472.0,60
calendar,Q12132,calendar system,0,0,0
joe lieberman,Q160157,Joe Lieberman,3035752,50595.9,60
ricky martin,Q972806,Ricky Martin,8004127,133402.1,60
usual suspects,Q132351,The Usual Suspects,5306126,88435.4,60
bourgeoisie,Q52090,bourgeoisie,271,5.5,49
ulster,Q56152,Ulster County,13960,232.7,60
argonauts,Q165510,Argonauts,1561133,26018.9,60
regis philbin,Q463673,Regis Philbin,7451533,124192.2,60
pandora's box,Q135452711,Pandora's Box,70198,1170.0,60
atari,Q207922,Atari,2100857,35014.3,60
foghorn leghorn,Q1339544,Foghorn Leghorn,1552508,25875.1,60
ordinary people,Q372043,Slovakia,11216338,186939.0,60
chanel,Q20000232,Chanel,4121495,68691.6,60
as good as it gets,Q18224953,As Good as It Gets,3406434,56773.9,60
alex rodriguez,Q558664,Alex Rodriguez,8797978,146633.0,60
frances mcdormand,Q204299,Frances McDormand,9071115,151185.2,60
1914,Q2083,1914,459811,7663.5,60
rocket,Q111674016,Rocket,2205354,36755.9,60
burt bacharach,Q212762,Burt Bacharach,5807240,96787.3,60
macduff,Q3778940,Macduff,21076,351.3,60
james cagney,Q47508837,James Cagney,3383980,56399.7,60
index,Q1661161,Index Theologicus,5966,99.4,60
dixie chicks,Q142636,The Chicks,5155953,85932.6,60
last tycoon,Q1199439,The Last Tycoon,378393,6306.6,60
daughter,Q308194,daughter,118,2.8,42
clara bow,Q125567261,Clara Bow,3103064,51717.7,60
amontillado,Q29815422,Amontillado Dmel_CG6438,0,0,0
admiral nelson,Q83235,Horatio Nelson,321262,5354.4,60
big apple,Q60,New York City,46655702,777595.0,60
pensacola,Q486306,Pensacola,113448,1890.8,60
canaan,Q753937,Canaan,6087178,101453.0,60
joy of cooking,Q2917079,The Joy of Cooking,76956,1282.6,60
help,Q4663261,Wikipedia:Stub,4200960,70016.0,60
terry mcmillan,Q535856,Terry McMillan,357707,5961.8,60
who framed roger rabbit,Q379873,Who Framed Roger Rabbit,4650948,77515.8,60
south sudan,Q958,South Sudan,7282294,121371.6,60
very hungry caterpillar,Q491657,The Very Hungry Caterpillar,1643340,27389.0,60
tatum o'neal,Q230138,Tatum O'Neal,6861505,114358.4,60
hephaestus,Q4640,Vulcan,164941,2749.0,60
dollywood,Q530744,Dollywood,1569402,26156.7,60
winston-salem,Q49227,Winston-Salem,90312,1505.2,60
rock hudson,Q184378,Rock Hudson,10251196,170853.3,60
kennedys,Q122551468,Kennedys,16244,270.7,60
pete townshend,Q26933,Pete Townshend,4392571,73209.5,60
dark side of the moon,Q150901,The Dark Side of the Moon,6568510,109475.2,60
main street,Q79934,U.S. Route 66,6187788,103129.8,60
aleksandr solzhenitsyn,Q34474,Aleksandr Solzhenitsyn,3449326,57488.8,60
devil wears prada,Q223316,The Devil Wears Prada,47381,789.7,60
eldridge cleaver,Q1325716,Eldridge Cleaver,1222267,20371.1,60
new england,Q18389,New England,6837747,113962.4,60
yentl,Q780469,Yentl,94695,1578.2,60
monday night football,Q1088765,Monday Night Football,3912234,65203.9,60
guinness book of world records,Q41675,Guinness World Records,5333092,88884.9,60
diary of anne frank,Q1170501,The Diary of Anne Frank,59324,988.7,60
ralston purina,Q17081865,Ralston Purina,306284,5104.7,60
boutros boutros-ghali,Q1257,Boutros Boutros-Ghali,1205937,20099.0,60
new york public library,Q219555,New York Public Library,792673,13211.2,60
christmas island,Q106080035,Christmas Island,3490507,58175.1,60
katarina witt,Q58028,Katarina Witt,1221779,20363.0,60
erin brockovich,Q220955,Erin Brockovich,7627994,127133.2,60
kiss of the spider woman,Q1215865,Kiss of the Spider Woman,11842,197.4,60
lillie langtry,Q297743,Lillie Langtry,1036330,17272.2,60
zoroaster,Q4024820,Zoroaster,3532956,58882.6,60
yorkshire pudding,Q951669,Yorkshire pudding,2478393,41306.6,60
dorothy lamour,Q166420,Dorothy Lamour,1113763,18562.7,60
bernie madoff,Q14043,Bernard Madoff,628158,10469.3,60
hitch,Q16870803,Hitch,48896,814.9,60
kia,Q35349,Kia,3981185,66353.1,60
walden pond,Q2023853,Walden Pond,585578,9759.6,60
woody harrelson,Q201279,Woody Harrelson,14667680,244461.3,60
ryan gosling,Q193815,Ryan Gosling,29889219,498153.7,60
jeb bush,Q221997,Jeb Bush,3425538,57092.3,60
ritchie valens,Q309725,Ritchie Valens,6779781,112996.4,60
invasion of the body snatchers,Q45386,Invasion of the Body Snatchers,1611248,26854.1,60
aurora borealis,Q4822496,Aurora Borealis,134562,2242.7,60
village people,Q657842,Village People,4624583,77076.4,60
omen,Q2088663,Omen,758501,12641.7,60
trinidad & tobago,Q754,Trinidad and Tobago,7984406,133073.4,60
doobie brothers,Q506670,The Doobie Brothers,5208876,86814.6,60
dog day afternoon,Q458656,Dog Day Afternoon,3302662,55044.4,60
cypress,Q37294801,Cypress,1303569,21726.2,60
hoosiers,Q784211,Hoosiers,27631,460.5,60
polar express,Q862197,The Polar Express,588353,9805.9,60
taste,Q37477789,Taste,2014570,33576.2,60
elia kazan,Q72717,Elia Kazan,3176181,52936.3,60
tom ridge,Q559822,Tom Ridge,603321,10055.4,60
inception,Q25188,Inception,13637316,227288.6,60
mindy kaling,Q539917,Mindy Kaling,12722765,212046.1,60
victor,Q539581,Victor,116955,1949.2,60
annie leibovitz,Q225283,Annie Leibovitz,2186040,36434.0,60
john fitzgerald kennedy,Q9696,John F. Kennedy,37341908,622365.1,60
prada,Q193136,Prada,2016134,33602.2,60
shotgun,Q486396,shotgun,705,12.8,55
nba,Q155223,National Basketball Association,19104302,318405.0,60
purgatory,Q69877617,Purgatory,3347695,55794.9,60
kim jong-il,Q10665,Kim Jong-il,5886651,98110.9,60
mary quant,Q234147,Mary Quant,1083981,18066.3,60
bloemfontein,Q37701,Bloemfontein,1980828,33013.8,60
postcards,Q89302278,Postcards Collection of Paulista Museum,0,0,0
dr. watson,Q187349,Dr. Watson,1515362,25256.0,60
gene roddenberry,Q191716,Gene Roddenberry,3416617,56943.6,60
piccadilly circus,Q10631439,Piccadilly Circus,1306999,21783.3,60
roanoke island,Q1636839,Roanoke Island,872214,14536.9,60
abbey road,Q173643,Abbey Road,6898456,114974.3,60
richard ii,Q649562,Richard II,2232507,37208.4,60
american kennel club,Q38216,American Kennel Club,620209,10336.8,60
seventeen,Q14524548,Seventeen,53078,884.6,60
world health organization,Q7817,World Health Organization,12650384,210839.7,60
sundance,Q7639152,Sundance,49236,820.6,60
troilus,Q867342,Troilus,210240,3504.0,60
peer gynt,Q208094,Peer Gynt,1217354,20289.2,60
natty bumppo,Q1994420,Natty Bumppo,617198,10286.6,60
modigliani,Q110891036,Modigliani,35152,585.9,60
antonio banderas,Q41548,Antonio Banderas,11860009,197666.8,60
pope francis,Q450675,Pope Francis,18589046,309817.4,60
ricky gervais,Q23517,Ricky Gervais,12610325,210172.1,60
whitehorse,Q2055,Whitehorse,1164577,19409.6,60
west indies,Q669037,West Indies,7447382,124123.0,60
1980,Q2439,1980,784125,13068.8,60
robe,Q467574,Robert Frank,405362,6756.0,60
john delorean,Q558510,John DeLorean,4220039,70334.0,60
carry nation,Q2583364,Carrie Nation,898276,14971.3,60
sacha baron cohen,Q29055,Sacha Baron Cohen,18774400,312906.7,60
church of england,Q82708,Church of England,4895758,81596.0,60
betty grable,Q233852,Betty Grable,2390317,39838.6,60
ira,Q11864996,Ira,306144,5102.4,60
sotomayor,Q21494021,Sotomayor,28126,468.8,60
def leppard,Q182890,Def Leppard,6172962,102882.7,60
i am legend,Q212689,I Am Legend,53819,897.0,60
mike fink,Q100788859,Mike Fink,148079,2468.0,60
allah,Q234801,Allah,6013344,100222.4,60
marshall plan,Q4576,Marshall Plan,3289289,54821.5,60
anais nin,Q220018,Anaïs Nin,2174602,36243.4,60
burning man,Q152518,Burning Man,6582829,109713.8,60
tarot cards,Q12058324,tarot card,81,7.4,11
ruby dee,Q234360,Ruby Dee,1691900,28198.3,60
heather locklear,Q229749,Heather Locklear,7457124,124285.4,60
waco,Q128244,Waco,122368,2039.5,60
state of the union address,Q554211,State of the Union address,106352,1772.5,60
sunrise,Q111450707,Sunrise,1748306,29138.4,60
ed asner,Q154421,Ed Asner,7411467,123524.4,60
krispy kreme,Q1192805,Krispy Kreme,2009821,33497.0,60
lieutenant,Q186024,lieutenant,171,6.6,26
ali,Q39619,Alī ibn Abī Ṭālib,2014,33.6,60
transcendental meditation,Q7833866,Transcendental Meditation movement,268208,4470.1,60
insomnia,Q2097722,Insomnia,3001367,50022.8,60
victor emmanuel,Q168691,Victor Emmanuel II of Italy,1061704,17695.1,60
gustav mahler,Q7304,Gustav Mahler,2518555,41975.9,60
walter gropius,Q61071,Walter Gropius,863489,14391.5,60
quentin tarantino,Q3772,Quentin Tarantino,21141611,352360.2,60
saint george,Q48438,Saint George,4603661,76727.7,60
lake tanganyika,Q5511,Lake Tanganyika,1362478,22708.0,60
isaac bashevis singer,Q75612,Isaac Bashevis Singer,661806,11030.1,60
chianti,Q95720766,Chianti,1448331,24138.8,60
ankh,Q58460901,Ankh,2977631,49627.2,60
george ii,Q131981,George II of Great Britain,8820802,147013.4,60
million dollar baby,Q184255,Million Dollar Baby,4790455,79840.9,60
college of cardinals,Q852242,College of Cardinals,682315,11371.9,60
rolls royce,Q243278,Rolls-Royce,390278,6504.6,60
warren commission,Q722319,Warren Commission,1175721,19595.3,60
timex,Q1644618,Timex Group USA,702852,11714.2,60
napa valley,Q20740301,Napa Valley,107270,1787.8,60
rodeo drive,Q126326932,Rodeo Drive,553033,9217.2,60
george westinghouse,Q262367,George Westinghouse,1127560,18792.7,60
monarch butterfly,Q212398,Danaus plexippus,33225,553.8,60
jack frost,Q392,Bob Dylan,25768615,429476.9,60
woody herman,Q349357,Woody Herman,305804,5096.7,60
british empire,Q8680,British Empire,12963577,216059.6,60
piltdown man,Q244937,Piltdown Man,938211,15636.9,60
mackinac,Q1431148,Mackinac Island,1685733,28095.5,60
bianca,Q4961660,Bianca,198893,3314.9,60
david dinkins,Q467133,David Dinkins,1511426,25190.4,60
piper,Q159536,Piper,87833,1463.9,60
brasília,Q2844,Brasília,3014813,50246.9,60
martin cruz smith,Q1395538,Martin Cruz Smith,221298,3688.3,60
st. patrick's,Q7590903,St. Patrick's,6713,111.9,60
skylark,Q90506781,Skylark,71633,1193.9,60
reincarnation,Q128593,reincarnation,5308,115.4,46
rorschach,Q115118936,Rorschach,37742,629.0,60
chris christie,Q63879,Chris Christie,4108760,68479.3,60
muscat,Q3826,Muscat,3467124,57785.4,60
sissy spacek,Q190994,Sissy Spacek,5490164,91502.7,60
chuck schumer,Q380900,Chuck Schumer,7238340,120639.0,60
jean harlow,Q105719,Jean Harlow,4938156,82302.6,60
last picture show,Q1218959,The Last Picture Show,2382668,39711.1,60
food network,Q1435969,Food Network,1071101,17851.7,60
blue nile,Q882739,Blue Nile,814767,13579.5,60
slingshot,Q7540754,Slingshot,731873,12197.9,60
vincente minnelli,Q51535,Vincente Minnelli,3621679,60361.3,60
lorraine,Q1158295,Lorraine,864625,14410.4,60
miss jean brodie,Q667764,The Prime of Miss Jean Brodie,29513,491.9,60
harvey milk,Q17141,Harvey Milk,4052831,67547.2,60
space jam,Q207659,Space Jam,5167369,86122.8,60
once upon a time,Q7091840,Once Upon a Time,43437,724.0,60
pelican brief,Q728404,The Pelican Brief,352049,5867.5,60
han,Q42740,Han Chinese people,8097,134.9,60
david spade,Q298658,David Spade,7846356,130772.6,60
davy jones,Q5383,David Bowie,29220828,487013.8,60
iron maiden,Q209646,Iron Maiden,8877841,147964.0,60
irene cara,Q234169,Irene Cara—Escalera,0,0,0
hotel,Q27686,hotel,817,14.1,58
claire danes,Q867813,Claire Danes,10924434,182073.9,60
gilded age,Q48816554,The Gilded Age,43446,724.1,60
christopher isherwood,Q310111,Christopher Isherwood,991075,16517.9,60
jack in the box,Q1538507,Jack in the Box,1740482,29008.0,60
metropolitan opera,Q10583424,The Metropolitan Opera,8128,135.5,60
bridge of san luis rey,Q1211798,The Bridge of San Luis Rey,311418,5190.3,60
american pie,Q466255,American Pie,183220,3053.7,60
pretenders,Q755468,Pretenders,61575,1026.2,60
jane wyman,Q95055,Jane Wyman,3673837,61230.6,60
red pony,Q16654154,The Red Pony,212163,3536.1,60
johannes gutenberg,Q8958,Johannes Gutenberg,3098603,51643.4,60
staircase,Q12511,stairs,268,7.2,37
virginian,Q147267,Didelphis virginiana,28769,479.5,60
state farm,Q2007336,State Farm Insurance,112631,1877.2,60
dow jones industrial average,Q180816,Dow Jones Industrial Average,19257389,320956.5,60
limoges,Q45656,Limoges,689427,11490.5,60
high school musical,Q18418867,High School Musical,4368400,72806.7,60
princess stephanie,Q215012,Princess Stéphanie of Monaco,3551644,59194.1,60
rice krispies,Q1763921,Rice Krispies,568182,9469.7,60
separate peace,Q4659416,A Separate Peace,773645,12894.1,60
golan heights,Q83210,Golan Heights,4554926,75915.4,60
kevin kline,Q105817,Kevin Kline,6850155,114169.2,60
martha,Q16279062,Martha,679169,11319.5,60
lawyers,Q6802429,Lawyers,58032,967.2,60
george of the jungle,Q225260,George of the Jungle,511943,8532.4,60
aconcagua,Q4674491,Aconcagua,2576749,42945.8,60
pat sajak,Q705419,Pat Sajak,7367204,122786.7,60
justice department,Q1553390,United States Department of Justice,2884894,48081.6,60
crystal gayle,Q434512,Crystal Gayle,3172011,52866.8,60
duluth,Q485708,Duluth,83503,1391.7,60
pago pago,Q51678,Pago Pago,683573,11392.9,60
cicada,Q18347690,Cicada,9294325,154905.4,60
archduke,Q154615,Archduke,513056,8550.9,60
colorado rockies,Q868358,Colorado Rockies,1593101,26551.7,60
girl with the dragon tattoo,Q474093,The Girl with the Dragon Tattoo,2547188,42453.1,60
stuarts,Q29174894,Stuarts,14669,244.5,60
cub,Q736674,University of Colorado Boulder,1544463,25741.0,60
tippecanoe,Q2233815,Tipp City,3054,50.9,60
arthur clarke,Q47087,Arthur C. Clarke,3565635,59427.2,60
nocturne,Q2287670,Nocturne,575045,9584.1,60
green lantern,Q3696459,Green Lantern,2505038,41750.6,60
wellesley,Q533317,Wellesley,29728,495.5,60
i know why the caged bird sings,Q12124964,I Know Why the Caged Bird Sings,1891655,31527.6,60
leonid brezhnev,Q765165,Leonid Brezhnev,6735359,112256.0,60
adrien brody,Q104514,Adrien Brody,10919250,181987.5,60
leona helmsley,Q467364,Leona Helmsley,1759549,29325.8,60
'50s,Q3146459,I–vi–IV–V progression,52,6.5,8
bitcoin,Q131723,Bitcoin,25542234,425703.9,60
pringles,Q528187,Pringles,2580278,43004.6,60
great white hope,Q1218542,The Great White Hope,299772,4996.2,60
pop-tarts,Q1585925,Pop-Tarts,1602160,26702.7,60
chipotle,Q1074593,Chipotle-First Solar Development,0,0,0
w.e.b. du bois,Q158060,W. E. B. Du Bois,5390078,89834.6,60
ritz,Q21488339,Ritz,86335,1438.9,60
mustache,Q15179,moustache,358,8.9,40
zoot suit,Q68988515,Zoot Suit,16000,266.7,60
pius,Q1236883,Pius,90451,1507.5,60
18th,Q1588,Louisiana,7811350,130189.2,60
matt groening,Q43994,Matt Groening,4261424,71023.7,60
lee marvin,Q76895,Lee Marvin,4847423,80790.4,60
lust,Q1159973,Lustig,11135,185.6,60
firestarter,Q828031,Firestarter,63187,1053.1,60
tang,Q1373610,Tangut,20276,337.9,60
viscount,Q185902,viscount,86,2.0,42
norman lear,Q1270283,Norman Lear,4623327,77055.4,60
george jones,Q508202,George Jones,4650192,77503.2,60
zippo,Q115492546,ZippO,21545,828.7,26
veterans affairs,Q7923600,veterans' affairs,1,1.0,1
etching,Q186986,etching,203,4.1,49
shiloh,Q7496712,Shiloh,230337,3838.9,60
delorean,Q1184597,Delorean,20393,339.9,60
marie osmond,Q465641,Marie Osmond,4804326,80072.1,60
felix frankfurter,Q1403472,Felix Frankfurter,692481,11541.4,60
emma watson,Q39476,Emma Watson,26272513,437875.2,60
alistair cooke,Q2094347,Alistair Cooke,546362,9106.0,60
kathryn bigelow,Q34816,Kathryn Bigelow,3668370,61139.5,60
kmart,Q73205798,Kmart,3308010,55133.5,60
watercolor,Q18761202,watercolor painting,602,17.2,35
laurel,Q934987,Laurel,138010,2300.2,60
tabernacle,Q1670363,church tabernacle,125,31.2,4
organization of american states,Q123759,Organization of American States,1665309,27755.2,60
presto,Q37129809,Presto,57722,962.0,60
david lloyd george,Q134982,David Lloyd George,3092259,51537.7,60
peking duck,Q404973,Peking duck,1229178,20486.3,60
l'oreal,Q156077,L'Oréal,2947454,49124.2,60
vandals,Q42211,Vandals,1936671,32277.8,60
gary gilmore,Q16230686,Gary Gilmore,894060,14901.0,60
morpheus,Q6913388,Morpheus,1598204,26636.7,60
warlock,Q65563133,Warlock,1072307,17871.8,60
pirouette,Q122264390,Pirouette,26100,435.0,60
freedom trail,Q49131,Freedom Trail,629770,10496.2,60
brownsville,Q476804,Brownsville,38757,646.0,60
dire straits,Q731870,Dire Straits,8658591,144309.9,60
eight men out,Q340814,Eight Men Out,787305,13121.8,60
la la land,Q20856802,La La Land,6419801,106996.7,60
u.n.,Q1065,United Nations,18424145,307069.1,60
zelda,Q2438689,Zelda,168615,2810.2,60
cook islands,Q26988,Cook Islands,3922161,65369.3,60
robert falcon scott,Q102527,Robert Falcon Scott,1963271,32721.2,60
iberian,Q855215,Iberian,45353,755.9,60
dave matthews band,Q832086,Dave Matthews Band,4230142,70502.4,60
percy jackson,Q3899725,Percy Jackson,3452076,57534.6,60
amazon.com,Q3884,Amazon,1466996,24449.9,60
longitude,Q36477,longitude,736,14.4,51
ll cool j,Q52440,LL Cool J,8296641,138277.4,60
bruce almighty,Q207816,Bruce Almighty,3026810,50446.8,60
atm,Q8701,Atlético Madrid,9930982,165516.4,60
hells canyon,Q49810794,Hells Canyon,338685,5644.8,60
raymond burr,Q2041904,Boz Burrell,356344,5939.1,60
tlc,Q1045344,The Learning Company,549225,9153.8,60
felicity,Q2435284,Felicity,52083,868.0,60
chateaubriand,Q28800633,Chateaubriand,41840,697.3,60
ben bradlee,Q21104144,Ben Bradlee Jr.,416970,6949.5,60
sammy davis jr.,Q297816,Sammy Davis Jr.,7068248,117804.1,60
hee haw,Q3129357,Hee Haw,1435530,23925.5,60
billy mitchell,Q863201,Billy Mitchell,1069243,17820.7,60
valerie harper,Q239293,Valerie Harper,2817951,46965.8,60
appomattox,Q1375723,Appomattox,29364,489.4,60
walter matthau,Q202172,Walter Matthau,4683493,78058.2,60
minnesota twins,Q604879,Minnesota Twins,2147809,35796.8,60
curiosity,Q134991896,Curiosity,571461,9524.4,60
kite runner,Q637839,The Kite Runner,3579236,59653.9,60
suzanne somers,Q242939,Suzanne Somers,7266655,121110.9,60
susan lucci,Q242936,Susan Lucci,2506654,41777.6,60
conan the barbarian,Q108696872,Conan the Barbarian,2440133,40668.9,60
rangoon,Q37995,Yangon,2280584,38009.7,60
wakefield,Q928044,Wakefield,821470,13691.2,60
united farm workers,Q7887749,United Farm Workers,560943,9349.0,60
genie,Q237068,Genie,264870,4414.5,60
good wife,Q19570,The Good Wife,5193577,86559.6,60
patricia arquette,Q215976,Patricia Arquette,9484703,158078.4,60
lena horne,Q112307,Lena Horne,3343939,55732.3,60
althing,Q131279,Althing,1149653,19160.9,60
scott baio,Q1276587,Scott Baio,4105788,68429.8,60
crayola,Q1139197,Crayola LLC,8488,141.5,60
octagon,Q30601297,Octagon,1225121,20418.7,60
icelandic,Q294,Icelandic,52294,871.6,60
maracaibo,Q171632,Maracaibo,657363,10956.0,60
british open,Q848797,The Open Championship,4019784,66996.4,60
chesapeake bay retriever,Q29084,Chesapeake Bay Retriever,798314,13305.2,60
tanya tucker,Q463983,Tanya Tucker,3795606,63260.1,60
edam,Q77056,Edam,29260,487.7,60
national hockey league,Q1215892,National Hockey League,8406911,140115.2,60
miriam,Q1938195,Miriam,1166617,19443.6,60
benjamin britten,Q150767,Benjamin Britten,1349305,22488.4,60
danica patrick,Q213448,Danica Patrick,6432732,107212.2,60
dmitri mendeleev,Q5285754,Dmitry Mendeleev's Memorial Museum Apartment,6116,101.9,60
mulberry street,Q1934308,Mulberry Street,8219,137.0,60
montego bay,Q17544192,Montego Bay,708946,11815.8,60
holly golightly,Q443418,Holly Golightly,121102,2018.4,60
nail polish,Q106075475,Nail Polish,105,17.5,6
smithsonian institution,Q1192305,Smithsonian American Art Museum,265271,4421.2,60
strawberry fields,Q1156980,Strawberry Fields,16873,281.2,60
hanover,Q1715,Hanover,2460696,41011.6,60
brazil nuts,Q114511192,Brazil Nuts / South Sea Sick / Song: The Lion Sleeps Tonight,0,0,0
sandinistas,Q27389,Sandinista National Liberation Front,1837506,30625.1,60
bobby vinton,Q363126,Bobby Vinton,1300965,21682.8,60
romanticism,Q37068,Romanticism,6486889,108114.8,60
teutonic knights,Q96651577,knight of the Teutonic Order,0,0,0
fence,Q1307347,boundary,70,1.9,36
ariana grande,Q151892,Ariana Grande,38068630,634477.2,60
lionel hampton,Q313525,Lionel Hampton,554140,9235.7,60
motor trend,Q6314434,Motor Trend (TV network),266407,4440.1,60
lucy hayes,Q65557437,Lucy Hayes Herron,8476,141.3,60
12 years a slave,Q3023357,12 Years a Slave,35455,590.9,60
peter jackson,Q4465,Peter Jackson,6385527,106425.4,60
blonde,Q26450992,Blonde,128510,2141.8,60
togo,Q945,Togo,4250135,70835.6,60
joe,Q17862013,Joe,220653,3677.6,60
going my way,Q468877,Going My Way,692971,11549.5,60
ferris bueller's day off,Q498906,Ferris Bueller's Day Off,6338382,105639.7,60
daytona,Q54171177,Daytona,118592,1976.5,60
robert,Q4927937,Robert,930732,15512.2,60
robert joffrey,Q573576,Robert Joffrey,50803,846.7,60
black-ish,Q26237540,"Black-ish, season 3",0,0,0
fantasy island,Q60737563,Fantasy Island,2721291,45354.8,60
saint augustine,Q8018,Augustine of Hippo,6394303,106571.7,60
cul-de-sac,Q12731,dead end street,3,1.5,2
aramis,Q17620734,Aramis,562708,9378.5,60
nestle,Q160746,Nestlé,7061660,117694.3,60
hippolyta,Q210303,Hippolyta,974633,16243.9,60
richard the lionheart,Q3934414,Richard the Lionheart,199322,3322.0,60
katniss everdeen,Q2071301,Katniss Everdeen,1844068,30734.5,60
elmer,Q4357927,Elmer,51886,864.8,60
hadassah,Q473752,Hadassah Women's Zionist Organization of America,151624,2527.1,60
nada,Q20084189,Nada,53595,893.2,60
stan musial,Q1328142,Stan Musial,1192183,19869.7,60
surrey,Q67443130,Surrey,3472524,57875.4,60
rene magritte,Q7836,René Magritte,2145580,35759.7,60
mesquite,Q51696,Mesquite,887936,14798.9,60
washington state,Q597236,Washington State University,1124494,18741.6,60
william safire,Q254983,William Safire,306690,5111.5,60
marx & engels,Q120437587,Marx ＆ Engels’s Global Communication Concept,0,0,0
huskies,Q550397,Washington Huskies,338747,5645.8,60
terry bradshaw,Q633263,Terry Bradshaw,8044129,134068.8,60
jack daniels,Q127962448,Jack Daniels,54086,901.4,60
tropic thunder,Q380981,Tropic Thunder,5854384,97573.1,60
splash,Q1127184,Splash,70893,1181.5,60
becky sharp,Q613284,Becky Sharp,239402,3990.0,60
victor borge,Q7925742,Victor Borge,1224271,20404.5,60
diet coke,Q1815345,Diet Coke,1001587,16693.1,60
bill sikes,Q3639999,Bill Sikes,512736,8545.6,60
crispus attucks,Q288241,Crispus Attucks,1237337,20622.3,60
stephen austin,Q250040,Stephen F. Austin,1195407,19923.5,60
indochina,Q43467,Mainland Southeast Asia,1181357,19689.3,60
divergent,Q627192,Divergent,54562,909.4,60
melvil dewey,Q26879,Melvil Dewey,593026,9883.8,60
judge judy,Q2660811,Judy Sheindlin,6248314,104138.6,60
dolce & gabbana,Q3712584,Dolce & Gabbana Milano Thunder,1768,29.5,60
kris kringle,Q315796,Santa Claus,9167499,152791.6,60
locks,Q37450699,Locks,12498,208.3,60
white men can't jump,Q3236283,White Men Can't Jump,2484253,41404.2,60
faye dunaway,Q168721,Faye Dunaway,5893431,98223.9,60
cannibalism,Q44595,cannibalism,629,14.3,44
freddy krueger,Q5496882,Freddy Krueger,4911883,81864.7,60
sirocco,Q20894608,Sirocco,679567,11326.1,60
james caan,Q6130837,James Caan,13518711,225311.9,60
ann landers,Q3308441,Eppie Lederer,248411,4140.2,60
guns,Q12796,firearm,274,7.2,38
harold macmillan,Q128985,Harold Macmillan,4964049,82734.1,60
dopey,Q100159038,Dopey,17767,296.1,60
marion davies,Q242416,Marion Davies,2419101,40318.3,60
gerardus mercator,Q6353,Gerardus Mercator,603941,10065.7,60
tintern abbey,Q1439379,Tintern Abbey,473862,7897.7,60
orange county,Q5925,Orange County,127471,2124.5,60
knickers,Q49223,panties,141,4.9,29
sun & moon,Q131841700,Sun & Moon Press,970,16.2,60
robert todd lincoln,Q435793,Robert Todd Lincoln,4039315,67321.9,60
encyclopedia britannica,Q867541,Encyclopædia Britannica 11th edition,1,1.0,1
seagram's,Q1969696,Seagram Company Ltd.,15328,255.5,60
dick van dyke,Q310295,Dick Van Dyke,19120624,318677.1,60
39,Q712782,39,291751,4862.5,60
eddie fisher,Q363708,Eddie Fisher,1808821,30147.0,60
catalan,Q7026,Catalan,102430,1707.2,60
plaster of paris,Q27115003,calcium sulfate hemihydrate,0,0,0
wilderness road,Q1481324,Wilderness Road,257361,4289.4,60
beale street,Q812917,Beale Street,526543,8775.7,60
old school,Q123403731,Old School,71146,1185.8,60
saskatoon,Q10566,Saskatoon,2093769,34896.2,60
cantor,Q13098937,Cantor,273352,4555.9,60
plaza,Q174782,square,344,5.9,58
anne meara,Q257217,Anne Meara,3938706,65645.1,60
motorola,Q259011,Motorola,4856987,80949.8,60
snapping turtle,Q4113731,Peter Pitchlynn,40360,672.7,60
national labor relations board,Q3024155,National Labor Relations Board,413845,6897.4,60
nick carraway,Q18710691,Nick Carraway,624294,10404.9,60
u-boat,Q1167344,Das Boot,2523288,42054.8,60
pixels,Q135042862,PIXELS,0,0,0
tempe,Q51685,Tempe,49770,829.5,60
kahlil gibran,Q47737,Kahlil Gibran,2989188,49819.8,60
berkshires,Q820961,Berkshires,568953,9482.5,60
sling blade,Q2264347,Sling Blade,1957830,32630.5,60
sergeant york,Q939424,Sergeant York,34996,583.3,60
aswan high dam,Q38891,Aswan Dam,1135674,18927.9,60
fathers and sons,Q80788521,Fathers and Sons,8295,138.2,60
pogo stick,Q1506083,pogo stick,58,2.4,24
maldives,Q826,Maldives,19010999,316850.0,60
shari lewis,Q440604,Shari Lewis,1483001,24716.7,60
wild wild west,Q740528,Wild Wild West,2128381,35473.0,60
clemson,Q631066,Clemson University,2151924,35865.4,60
samsung,Q20718,Samsung Electronics,4851107,80851.8,60
pub,Q212198,pub,273,4.7,58
steve cauthen,Q7612184,Steve Cauthen,189623,3160.4,60
tunnel,Q44377,tunnel,146,3.0,49
seaworld,Q828545,United Parks & Resorts,93434,8494.0,11
baltimore ravens,Q276539,Baltimore Ravens,4735037,78917.3,60
xanax,Q47521014,Xanax,357620,5960.3,60
dead poets society,Q106316,Dead Poets Society,6122047,102034.1,60
dead men don't wear plaid,Q497027,Dead Men Don't Wear Plaid,400226,6670.4,60
starry night,Q45585,The Starry Night,7594273,126571.2,60
dilbert,Q726431,Dilbert,1289232,21487.2,60
cleopatra's needle,Q729177,Cleopatra's Needle,322042,5367.4,60
fly fishing,Q138023348,Fly-Fishing,0,0,0
end,Q12769393,end,113,2.5,46
diary of a wimpy kid,Q1339580,Diary of a Wimpy Kid,3952407,65873.4,60
catch me if you can,Q208108,Catch Me If You Can,9809140,163485.7,60
astro,Q752075,Astronomy and Astrophysics,48082,801.4,60
oakland a's,Q504339,Athletics,109189,1819.8,60
john nash,Q309905,John Nash,70127,1168.8,60
psyche,Q10355327,Psyche,271301,4521.7,60
pointer sisters,Q1161836,The Pointer Sisters,2529042,42150.7,60
pitbull,Q187844,Pitbull,99926,1665.4,60
moonraker,Q334780,Moonraker,55512,925.2,60
yugo,Q83286,Socialist Federal Republic of Yugoslavia,5421395,90356.6,60
jean paul getty,Q318591,J. Paul Getty,4932315,82205.2,60
al franken,Q319084,Al Franken,3112003,51866.7,60
waterworld,Q62571947,Waterworld,3734287,62238.1,60
basic instinct,Q146673,Basic Instinct,5190157,86502.6,60
hugo chávez,Q8440,Hugo Chávez,4381480,73024.7,60
max headroom,Q1912691,Max Headroom,2206236,36770.6,60
flicka,Q636629,Flicka,372089,6201.5,60
stratford,Q755140,Stratford,54376,906.3,60
kung fu panda,Q129193,Kung Fu Panda,6539465,108991.1,60
anne brontë,Q44520,Anne Brontë,1500772,25012.9,60
ashton kutcher,Q164782,Ashton Kutcher,20218659,336977.7,60
wilkie collins,Q210740,Wilkie Collins,652210,10870.2,60
irving thalberg,Q438472,Irving Thalberg,1233757,20562.6,60
beat movement,Q26906566,Beat poetry,32291,538.2,60
dudley do-right,Q904256,Dudley Do-Right,579584,9659.7,60
return of the king,Q115285,The Return of the King,944948,15749.1,60
indulgences,Q44777,indulgence,145,3.0,49
elaine may,Q454156,Elaine May,1564298,26071.6,60
new year's,Q34812,New Year,4025949,67099.1,60
marlo thomas,Q1614313,Marlo Thomas,7333584,122226.4,60
four corners,Q5475091,Four Corners,1483633,24727.2,60
marianas trench,Q3291259,Marianas Trench,27990,466.5,60
get shorty,Q30329333,Get Shorty,242181,4036.3,60
jimmy kimmel,Q4914,Jimmy Kimmel,7660131,127668.9,60
fort laramie,Q1013486,Fort Laramie,92726,1545.4,60
martian chronicles,Q918052,The Martian Chronicles,915251,15254.2,60
telstar,Q7697852,Telstar,405055,6750.9,60
bernardo o'higgins,Q28930,Bernardo O'Higgins,677770,11296.2,60
measure for measure,Q665446,Measure for Measure,717935,11965.6,60
bennington,Q817902,Bennington College,898797,14980.0,60
tom & jerry,Q63871256,Tom & Jerry,44528,742.1,60
thomas alva edison,Q8743,Thomas Edison,12401580,206693.0,60
bjorn borg,Q104506,Björn Borg,4444845,74080.8,60
imam,Q37243336,Imam,1491776,24862.9,60
sir thomas malory,Q309907,Thomas Malory,493602,8226.7,60
voldemort,Q176132,Lord Voldemort,6892144,114869.1,60
shelley long,Q232951,Shelley Long,4485102,74751.7,60
sarah lawrence,Q1051840,Sarah Lawrence College,2260614,37676.9,60
falcon crest,Q662341,Falcon Crest,961548,16025.8,60
whist,Q135077425,Whist,978037,16300.6,60
chicken of the sea,Q5096310,Chicken of the Sea,183607,3060.1,60
philip of macedon,Q130650,Philip II of Macedon,2491633,41527.2,60
malcolm forbes,Q1887014,Malcolm Forbes,483410,8056.8,60
prizzi's honor,Q460664,Prizzi's Honor,782264,13037.7,60
dvořák,Q7298,Antonín Dvořák,2118637,35310.6,60
henry higgins,Q110459178,Henry Higgins,31554,525.9,60
abbot,Q1158513,Abbot,642596,10709.9,60
fort ticonderoga,Q1438776,Fort Ticonderoga,907719,15128.6,60
b-52s,Q950309,The B-52's,3615244,60254.1,60
anna sewell,Q258741,Anna Sewell,320691,5344.9,60
velvet underground,Q103550,The Velvet Underground,4525965,75432.8,60
knossos,Q173527,Knossos,1775785,29596.4,60
michael johnson,Q19880665,Mike Johnson,884962,14749.4,60
howard the duck,Q1146570,Howard the Duck,1403308,23388.5,60
matchbox,Q1050690,Matchbox,78594,1309.9,60
whole foods,Q1809448,Whole Foods Market,2141020,35683.7,60
teddy bear,Q132317887,Michael Volkar,0,0,0
lindsay lohan,Q44903,Lindsay Lohan,17414358,290239.3,60
hiv,Q15787,HIV,5652541,94209.0,60
ohio state university,Q2927468,Ohio State Buckeyes,468132,7802.2,60
stingray,Q5328202,Myliobatoidei,14799,246.7,60
david mccullough,Q122811146,David McCullough,1225927,20432.1,60
fayetteville,Q331104,Fayetteville,70692,1178.2,60
burmese,Q9228,Burmese,97135,1618.9,60
st. basil's,Q129846,St. Basil's Cathedral,54984,916.4,60
penn station,Q54451,Pennsylvania Station,100908,1681.8,60
sholem aleichem,Q238090,Sholem Aleichem,500077,8334.6,60
washington senators,Q329816,Texas Rangers,115025,1917.1,60
highlander,Q1990805,Highlander,173631,2893.8,60
peter lorre,Q78505,Peter Lorre,3260500,54341.7,60
sea-wolf,Q1196857,The Sea-Wolf,370655,6177.6,60
green card,Q505135,Green Card,18719,312.0,60
blue angels,Q60792783,Blue Angels: Formation Flight Simulation,6495,108.2,60
phil hartman,Q366834,Phil Hartman,10028443,167140.7,60
bikini atoll,Q152225,Bikini Atoll,2946258,49104.3,60
guadalajara,Q9022,Guadalajara,2916458,48607.6,60
royal albert hall,Q3942038,Royal Albert Hall,2145544,35759.1,60
royal caribbean,Q929872,Royal Caribbean International,2895235,48253.9,60
billy martin,Q110228608,Billy Martin,1539811,25663.5,60
rock & roll hall of fame,Q179191,Rock and Roll Hall of Fame,4855352,80922.5,60
lobsters,Q60762874,Lobsters,29818,497.0,60
neighbor,Q123705,neighborhood,120,2.4,50
potter's field,Q859551,potter's field,70,8.8,8
capital one,Q1034654,Capital One,2664931,44415.5,60
valkyrie,Q131087,valkyrie,106,3.0,35
valerie bertinelli,Q266917,Valerie Bertinelli,7505901,125098.4,60
alan rickman,Q106481,Alan Rickman,21078484,351308.1,60
ralph fiennes,Q97188033,Ralph Fiennes filmography,1632,27.2,60
lethal weapon,Q2780270,Lethal Weapon,2862520,47708.7,60
goshen,Q392598,Goshen,63891,1064.8,60
american stock exchange,Q846626,NYSE American,226875,3781.2,60
mahalia jackson,Q206466,Mahalia Jackson,2801721,46695.3,60
merlot,Q110860025,Merlot,937984,15633.1,60
merry widow,Q654439,The Merry Widow,451673,7527.9,60
joseph lieberman,Q160157,Joe Lieberman,3035752,50595.9,60
melody,Q466111,Melody,1185103,19751.7,60
truman show,Q214801,The Truman Show,8586946,143115.8,60
pebbles,Q6363428,"Perri ""Pebbles"" Reid",343620,5727.0,60
danny elfman,Q193338,Danny Elfman,8621841,143697.4,60
dadaism,Q6034,Dada,4038961,67316.0,60
michael flatley,Q28705194,Michael Flatley,1982534,33042.2,60
kalamazoo,Q167155,Kalamazoo,67633,1127.2,60
breakers,Q419974,Boston Breakers,179515,2991.9,60
meg,Q19831817,Meg,74668,1244.5,60
pat tillman,Q768879,Pat Tillman,5564325,92738.8,60
bangor,Q234178,Bangor,94693,1578.2,60
amélie,Q2652203,Amélie,3185241,53087.3,60
lapland,Q5700,Lapland,103583,1726.4,60
thin man,Q7784269,Thin Man,14773,246.2,60
ambergris,Q188774,ambergris,44,1.7,26
party of five,Q1048363,Party of Five,2259734,37662.2,60
mcgovern,Q6801398,McGovern,21581,359.7,60
freemasons,Q1453598,Freemasons,454081,7568.0,60
on the beach,Q1638881,On the Beach,32971,549.5,60
joel grey,Q316641,Joel Grey,2667592,44459.9,60
keira knightley,Q42581,Keira Knightley,18485076,308084.6,60
2 broke girls,Q4633303,"2 Broke Girls, season 1",0,0,0
charles addams,Q361106,Charles Addams,1849321,30822.0,60
george hamilton,Q359416,George Hamilton,38631,643.9,60
papeete,Q130800,Papeete,937592,15626.5,60
bullwinkle,Q3646886,Bullwinkle J. Moose,358431,5973.9,60
mitch albom,Q378878,Mitch Albom,1171849,19530.8,60
chiapas,Q60123,Chiapas,1399512,23325.2,60
peter frampton,Q2613438,Peter Frampton,4116792,68613.2,60
1972,Q8438,1972 Summer Olympics,2156221,35937.0,60
bull moose party,Q1363538,Progressive Party,31793,529.9,60
sleuth,Q7540179,Sleuth,24616,410.3,60
f. murray abraham,Q181936,F. Murray Abraham,5404081,90068.0,60
peter ueberroth,Q713746,Peter Ueberroth,360598,6010.0,60
woolworth's,Q131405359,Woolworth's Building,0,0,0
andy roddick,Q54584,Andy Roddick,4063732,67728.9,60
american lung association,Q446094,American Lung Association,83013,1383.5,60
fritz lang,Q19504,Fritz Lang,1649817,27497.0,60
spartans,Q3246281,San Jose State Spartans,167822,2797.0,60
experience,Q86591657,Experience,1504172,25069.5,60
"john f. kennedy, jr.",Q316064,John F. Kennedy Jr.,11922072,198701.2,60
j. paul getty,Q318591,J. Paul Getty,4932315,82205.2,60
bobbsey twins,Q3520046,Bobbsey Twins,510968,8516.1,60
shays' rebellion,Q392601,Shays's Rebellion,155874,2597.9,60
diwali,Q10244,Diwali,16095595,268259.9,60
denny's,Q1189683,Denny Smith,32620,543.7,60
national security council,Q10876348,National Security Council,84758,1412.6,60
klingon,Q10134,Klingon,1148215,19136.9,60
arabian nights,Q2745805,Scooby-Doo! in Arabian Nights,227281,3788.0,60
tommy tune,Q7819952,Tommy Tune,716255,11937.6,60
copperheads,Q1257508,Agkistrodon,202936,3382.3,60
silas marner,Q638327,Silas Marner,854083,14234.7,60
reform,Q900406,reform,139,2.7,52
garrett morris,Q2916869,Garrett Morris,2138434,35640.6,60
batman & robin,Q604864,Batman & Robin,8629,143.8,60
virginia military institute,Q785357,Virginia Military Institute,938458,15641.0,60
value added tax,Q7912726,value added tax in the United Kingdom,0,0,0
lord north,Q312593,"Frederick North, 2nd Earl of Guilford",12164,202.7,60
prince william sound,Q631282,Prince William Sound,388790,6479.8,60
magical realism,Q57234702,Magical Realism,9328,155.5,60
saint petersburg,Q656,Saint Petersburg,9134901,152248.4,60
american red cross,Q470110,American Red Cross,961323,16022.0,60
rest in peace,Q135058948,Rest in Peace,3428,57.1,60
bactrian camel,Q132922,Camelus bactrianus,45770,762.8,60
david blaine,Q353983,David Blaine,3226592,53776.5,60
walter mosley,Q188117,Walter Mosley,614068,10234.5,60
mormon tabernacle,Q2140759,Salt Lake Tabernacle,253937,4232.3,60
das boot,Q1167344,Das Boot,2523288,42054.8,60
olive garden,Q3045312,Olive Garden,1295880,21598.0,60
olive oyl,Q2531690,Olive Oyl,982299,16371.6,60
orthodox,Q2031836,Eastern Orthodox church building,0,0,0
jimmy swaggart,Q1378213,Jimmy Swaggart,3035149,50585.8,60
colonel tom parker,Q533864,Colonel Tom Parker,9792406,163206.8,60
big bad wolf,Q87070,Dennis Wolf,225220,3753.7,60
ernest borgnine,Q102551,Ernest Borgnine,4931771,82196.2,60
ernesto miranda,Q2034475,Ernesto Miranda,1045405,17423.4,60
jean-luc godard,Q53001,Jean-Luc Godard,3420872,57014.5,60
petra,Q2080180,Petra,8659870,144331.2,60
marco rubio,Q19881504,"Marco Rubio presidential campaign, 2016",17512,291.9,60
edward gibbon,Q161841,Edward Gibbon,940930,15682.2,60
rhapsody in blue,Q338442,Rhapsody in Blue,1154693,19244.9,60
van dyck,Q150679,Anthony van Dyck,767222,12787.0,60
harry potter and the sorcerer's stone,Q719960,Harry Potter and the Philosopher's Stone,6775647,112927.4,60
linda evans,Q234478,Linda Evans,3685777,61429.6,60
nelly,Q218992,Nelly,7104665,118411.1,60
uther pendragon,Q657200,Uther Pendragon,1456693,24278.2,60
wile e. coyote,Q598503,Wile E. Coyote,73519,1225.3,60
xena,Q25960594,Xena,1023621,17060.3,60
perfect strangers,Q1304597,Perfect Strangers,47915,798.6,60
hagrid,Q177439,Rubeus Hagrid,2646218,44103.6,60
taliban,Q42418,Taliban,18154075,302567.9,60
daryl hannah,Q207596,Daryl Hannah,8151586,135859.8,60
15th,Q191066,15th arrondissement of Paris,256484,4274.7,60
john malkovich,Q172261,John Malkovich,9459896,157664.9,60
john sirica,Q110111781,John Clemente Sirica,0,0,0
spinning wheel,Q58966,spinning wheel,137,8.1,17
julius erving,Q209921,Julius Erving,4645503,77425.1,60
porthos,Q936529,Porthos,422872,7047.9,60
stephen harper,Q76087223,Stephen Charles Harper,0,0,0
msg,Q186125,Madison Square Garden,4473171,74552.9,60
balkan,Q37295119,Balkan,135790,2263.2,60
royal society,Q123885,Royal Society,1644891,27414.8,60
shane,Q2800558,Shane,113720,1895.3,60
sochi,Q1988475,Sochi,1711048,28517.5,60
burlesque,Q217117,burlesque,138,2.9,47
elvira,Q3051870,Elvira,193801,3230.0,60
great pyramid,Q111584784,Great Pyramid VR,0,0,0
horus,Q84122,Horus,4515584,75259.7,60
"goodbye, columbus",Q960840,"Goodbye, Columbus",261083,4351.4,60
news,Q38926,news,3656,62.0,59
phillis wheatley,Q257911,Phillis Wheatley,1189017,19817.0,60
pentateuch,Q162062,Pentateuch,266966,4449.4,60
brian de palma,Q189526,Brian De Palma,4228934,70482.2,60
hermione,Q51161577,Hermione,122936,2048.9,60
airbnb,Q63327,Airbnb,8225042,137084.0,60
bruno hauptmann,Q63731,Richard Hauptmann,744915,12415.2,60
superbad,Q679611,Superbad,2966247,49437.4,60
mrs. fields,Q3866841,Mrs. Fields,415768,6929.5,60
terre haute,Q492478,Terre Haute,43342,722.4,60
sir edward elgar,Q179631,Edward Elgar,1424937,23749.0,60
duncan phyfe,Q3041258,Duncan Phyfe,120690,2011.5,60
totem poles,Q76443315,Totem Poles,1189,19.8,60
richard cory,Q109836456,Richard Cory,232360,3872.7,60
hudson river school,Q943853,Hudson River school,9034,150.6,60
david niven,Q181917,David Niven,5668458,94474.3,60
ebenezer baptist church,Q77240068,Ebenezer Baptist Church,255257,4254.3,60
ladies' home journal,Q2394235,Ladies' Home Journal,177206,2953.4,60
just shoot me!,Q17111960,"Just Shoot Me!, season 2",0,0,0
backwards,Q112818451,Backwards,20328,338.8,60
potato famine,Q188371,Great Irish Famine,169559,2826.0,60
man ray,Q46139,Man Ray,2458050,40967.5,60
aswan,Q29888,Aswan,803738,13395.6,60
george brett,Q1216378,George Brettingham Sowerby III,7467,124.5,60
outer limits,Q114512737,Outer Limits,5864,97.7,60
antipope,Q172748,antipope,66,3.7,18
prologue,Q56099425,Prologue,438987,7316.4,60
reese's,Q124632170,Reese Samuel Thomas,681,61.9,11
straight outta compton,Q18154625,Straight Outta Compton,1845232,30753.9,60
victoria principal,Q232834,Victoria Principal,3614967,60249.4,60
tom daschle,Q443640,Tom Daschle,1008849,16814.2,60
riddler,Q12957007,puzzle designer,0,0,0
sherwin-williams,Q48881,Sherwin-Williams,1057058,17617.6,60
dionne warwick,Q234695,Dionne Warwick,7570493,126174.9,60
middlemarch,Q313129,Middlemarch,1904770,31746.2,60
misty copeland,Q16204558,Misty Copeland,2593435,43223.9,60
robert oppenheimer,Q132537,Robert Oppenheimer,900747,15012.5,60
room,Q18703032,Room,429995,7166.6,60
4-h,Q407431,(RS)-warfarin,0,0,0
olof palme,Q53713,Olof Palme,1640892,27348.2,60
constantine the great,Q8413,Constantine the Great,7248582,120809.7,60
peter lawford,Q345517,Peter Lawford,2952841,49214.0,60
coliseum,Q5777447,Coliseum,21059,351.0,60
sharon gless,Q203417,Sharon Gless,1640451,27340.8,60
chicago fire,Q308683,Chicago Fire FC,1629024,27150.4,60
flower drum song,Q926825,Flower Drum Song,357220,5953.7,60
grace coolidge,Q234287,Grace Coolidge,488922,8148.7,60
dram,Q189396,dynamic random-access memory,116,6.4,18
east room,Q1144849,East Room,241224,4020.4,60
world court,Q7801,International Court of Justice,4123854,68730.9,60
cartoon network,Q708290,Cartoon Network,7097026,118283.8,60
michigan state,Q270222,Michigan State University,1882241,31370.7,60
gethsemane,Q205333,Gethsemane,1645824,27430.4,60
kathleen turner,Q222008,Kathleen Turner,7179114,119651.9,60
andromeda strain,Q499036,The Andromeda Strain,1327570,22126.2,60
ralph kramden,Q136443288,Ralph Kramden,32014,533.6,60
fundamentalism,Q9149,fundamentalism,267,13.3,20
george stephanopoulos,Q63898447,George Stephanopoulos's Subject Files (NAID 2641926),0,0,0
father knows best,Q1287308,Father Knows Best,1118877,18648.0,60
felix the cat,Q4038693,Felix the Cat,1542542,25709.0,60
saturnalia,Q878443,Saturnalia,2201844,36697.4,60
travis mcgee,Q3538234,Travis McGee,207273,3454.6,60
retirement,Q796919,resignation,34,1.8,19
mariana trench,Q510,Mariana Trench,9316877,155281.3,60
georges simenon,Q128790,Georges Simenon,716594,11943.2,60
orestes,Q19731847,Orestes,738686,12311.4,60
zeitgeist,Q185994,Zeitgeist,1741909,29031.8,60
stream of consciousness,Q3284176,stream of consciousness,26,2.6,10
chris matthews,Q948687,Chris Matthews,1346197,22436.6,60
keith moon,Q211696,Keith Moon,5584093,93068.2,60
queequeg,Q3414055,Queequeg,486803,8113.4,60
siamese twins,Q216866,conjoined twins,1276,55.5,23
looking for mr. goodbar,Q759444,Looking for Mr. Goodbar,34591,576.5,60
yukon river,Q104437,Yukon River,680181,11336.4,60
montblanc,Q761735,Montblanc,18880,314.7,60
king james i,Q107290789,King James I,92256,1537.6,60
longest day,Q468484,The Longest Day,85201,1420.0,60
ron weasley,Q173998,Ron Weasley,2530424,42173.7,60
trans-siberian railway,Q58767,Trans-Siberian railway,30911,515.2,60
peta,Q16423649,Peta,124037,2067.3,60
tim curry,Q52392,Tim Curry,13932133,232202.2,60
metropolitan opera house,Q188031,Metropolitan Opera House,8307,138.4,60
captain video,Q1145222,Tony Gwynn,2469673,41161.2,60
situation room,Q2915674,Situation Room,539191,8986.5,60
ihop,Q1185675,IHOP,963554,16059.2,60
ice cube,Q173637,Ice Cube,13551205,225853.4,60
conservative,Q9626,Conservative Party,81777,1363.0,60
doberman,Q38358,Dobermann,5853794,97563.2,60
4th,Q230127,4th arrondissement of Paris,228821,3813.7,60
django unchained,Q571032,Django Unchained,9893314,164888.6,60
steroids,Q15716675,Steroids,109890,1831.5,60
american buffalo,Q463633,American Buffalo,52396,873.3,60
gangs of new york,Q154581,Gangs of New York,6060340,101005.7,60
i spy,Q1249413,I Spy,30346,505.8,60
belle,Q188496,Belley,38399,640.0,60
luke skywalker,Q135402763,Luca Valentini,0,0,0
helen thomas,Q113483297,Helen Thomas,467189,7786.5,60
gulfstream,Q1554299,Gulfstream Aerospace,1148550,19142.5,60
myrtle beach,Q839805,Myrtle Beach,55423,923.7,60
dirty dozen,Q470735,The Dirty Dozen,2421724,40362.1,60
dunkin' donuts,Q847743,Dunkin' Donuts,3409803,56830.1,60
city lights,Q238211,City Lights,906880,15114.7,60
lynda carter,Q242903,Lynda Carter,6309542,105159.0,60
maybelline,Q1351054,Maybelline,682386,11373.1,60
mayberry,Q6796971,Mayberry,473731,7895.5,60
samuel gompers,Q282657,Samuel Gompers,395240,6587.3,60
san simeon,Q1353689,San Simeon,35223,587.0,60
taliesin,Q19888028,Taliesin,469175,7819.6,60
pitti palace,Q119684336,"Pitti Palace, Florence",0,0,0
digital,Q690079,Digital Equipment Corporation,1113452,18557.5,60
carol burnett show,Q3986215,The Carol Burnett Show,1956858,32614.3,60
san antonio spurs,Q159729,San Antonio Spurs,4004120,66735.3,60
morgan,Q1260128,Morgan,142297,2371.6,60
starship troopers,Q126708209,Starship Troopers,2503532,41725.5,60
sunshine,Q7641406,Sunshine,91810,1530.2,60
greco-roman,Q389654,Greco-Roman wrestling,1137783,18963.0,60
carolyn keene,Q1293795,Edward Stratemeyer,220943,3682.4,60
pat robertson,Q364990,Pat Robertson,2883257,48054.3,60
river styx,Q8843276,Styx,2376156,39602.6,60
wimpole street,Q3569249,Wimpole Street,100938,1682.3,60
mary-kate & ashley olsen,Q208415,Mary-Kate and Ashley Olsen,8107567,135126.1,60
radio flyer,Q1746937,Radio Flyer,177307,2955.1,60
pete maravich,Q316183,Pete Maravich,4781621,79693.7,60
rené descartes,Q9191,René Descartes,5497864,91631.1,60
granny smith,Q506040,Malus domestica 'Granny Smith',0,0,0
hippodrome,Q11822917,horse racing venue,0,0,0
pyrrhus,Q172353,Pyrrhus,39639,660.6,60
gravity's rainbow,Q1212160,Gravity's Rainbow,1817282,30288.0,60
yakov smirnoff,Q977228,Yakov Smirnoff,845091,14084.9,60
tintin,Q61447205,Tintin,130060,2167.7,60
firefox,Q698,Firefox,11833260,197221.0,60
saab,Q219501,Saab Group,211745,3529.1,60
biafra,Q16337010,Biafra,2794107,46568.4,60
hogwarts,Q174097,Hogwarts,5024665,83744.4,60
democratic national convention,Q1185865,Democratic National Convention,892223,14870.4,60
richard feynman,Q39246,Richard Feynman,7596583,126609.7,60
hud,Q219786,Hūd,381,6.3,60
cleveland indians,Q642553,Cleveland Guardians,3330394,79295.1,42
symbionese liberation army,Q1429446,Symbionese Liberation Army,2206348,36772.5,60
edmond rostand,Q202749,Edmond Rostand,378165,6302.8,60
"good, the bad and the ugly",Q41483,"The Good, the Bad and the Ugly",6445310,107421.8,60
shepherd's pie,Q2303056,shepherd's pie,78,8.7,9
kate jackson,Q236253,Kate Jackson,3248853,54147.6,60
wilderness,Q27995042,US Wilderness Area,0,0,0
berry gordy,Q355288,Berry Gordy,4077424,67957.1,60
special olympics,Q1043220,Special Olympics,1017265,16954.4,60
mister ed,Q1185758,Mister Ed,837744,13962.4,60
counting crows,Q178549,Counting Crows,2849086,47484.8,60
cathode ray tube,Q83913,cathode ray tube,351,19.5,18
mariska hargitay,Q275964,Mariska Hargitay,14704713,245078.5,60
christian slater,Q204590,Christian Slater,7887594,131459.9,60
aaron spelling,Q295080,Aaron Spelling,2398702,39978.4,60
thin red line,Q221491,The Thin Red Line,64915,1081.9,60
general macarthur,Q127417,Douglas MacArthur,7860178,131003.0,60
tom bosley,Q333755,Tom Bosley,1885809,31430.2,60
river jordan,Q40059,Jordan River,2042493,34041.6,60
u.k.,Q145,United Kingdom,64744832,1079080.5,60
little orphan annie,Q1865791,Little Orphan Annie,661430,11023.8,60
rosencrantz and guildenstern are dead,Q2517513,Rosencrantz and Guildenstern Are Dead,1139949,18999.2,60
lenny kravitz,Q75748766,Lenny Kravitz' albums in chronological order,0,0,0
habsburgs,Q65968,House of Habsburg,6232131,103868.9,60
dan,Q9035,Danish,200483,3341.4,60
ferde grofé,Q375958,Ferde Grofé,154207,2570.1,60
howard baker,Q1337643,Howard Baker,597252,9954.2,60
accord,Q131569,treaty,275,7.1,39
leap year,Q19828,leap year,622,12.4,50
department of justice,Q3550363,Department of Justice (Philippines),268126,4468.8,60
adagio,Q135287035,Adagio,230536,3842.3,60
u.s. postal service,Q668687,United States Postal Service,4701714,78361.9,60
grand old party,Q29468,Republican Party,136505,2275.1,60
allies,Q329888,Allies of World War II,7363606,122726.8,60
bronx zoo,Q739792,Bronx Zoo,792074,13201.2,60
vietnam war memorial,Q90147937,Vietnam War Memorial,14013,233.6,60
diana vreeland,Q450619,Diana Vreeland,806150,13435.8,60
green mansions,Q605921,Green Mansions,93306,1555.1,60
musket,Q37015710,Musket,1572898,26215.0,60
lynn redgrave,Q156552,Lynn Redgrave,2181993,36366.6,60
international red cross,Q7178,International Red Cross and Red Crescent Movement,1946458,32441.0,60
rhombus,Q21442836,Rhombus,2592640,43210.7,60
of thee i sing,Q1859308,Of Thee I Sing,118726,1978.8,60
nevis,Q207794,Nevis,1550858,25847.6,60
heavy metal,Q38848,heavy metal,106,3.9,27
django reinhardt,Q44122,Django Reinhardt,2334975,38916.2,60
university of miami,Q738258,University of Miami,2122233,35370.6,60
josiah wedgwood,Q2912529,"Josiah Wedgwood, Baron Wedgwood",0,0,0
cutty sark,Q1146606,Cutty Sark for Maritime Greenwich,182,3.5,52
stilton,Q2061106,Stilton,117114,1951.9,60
pueblos,Q171927,Pygmy people,117882,1964.7,60
harold washington,Q295584,Harold Washington,651593,10859.9,60
doubting thomas,Q939139,Poison the Well,1617,26.9,60
left behind,Q1027525,Left Behind,1364612,22743.5,60
basin,Q813672,basin,117,3.9,30
allen wrench,Q16953,hex key,173,8.7,20
islands in the stream,Q1163515,Islands in the Stream,119144,1985.7,60
ivan ilyich,Q1675928,Ivan Mozzhukhin,10985,183.1,60
sea cucumber,Q1934690,sea cucumber as food,73,9.1,8
cicely tyson,Q238081,Cicely Tyson,7167257,119454.3,60
future farmers of america,Q4039073,National FFA Organization,543060,9051.0,60
whistler's mother,Q687182,Whistler's Mother,999559,16659.3,60
kingston trio,Q59965,The Kingston Trio,982405,16373.4,60
stratford-on-avon,Q1693076,Stratford-on-Avon,14261,237.7,60
sojourner,Q105180,Sojourner Truth,2488226,41470.4,60
coen brothers,Q56095,Coen brothers,9975566,166259.4,60
lantern,Q862454,lantern,202,5.8,35
olga korbut,Q221575,Olga Korbut,2104161,35069.3,60
wendy,Q4018995,Wendy,346959,5782.6,60
larry david,Q23728,Larry Ben David,0,0,0
aborigine,Q103817,indigenous people,2432,152.0,16
weezer,Q209956,Weezer,6059331,100988.9,60
daniel radcliffe,Q38119,Daniel Radcliffe,20319629,338660.5,60
dave barry,Q673567,Dave Barry,565783,9429.7,60
katrina,Q16277723,Katrina,71505,1191.8,60
john boehner,Q11702,John Boehner,2813152,46885.9,60
rabelais,Q131018,François Rabelais,722604,12043.4,60
lee majors,Q454088,Lee Majors,6962703,116045.1,60
frank robinson,Q104839929,Frank Robinson,1032024,17200.4,60
patrick dempsey,Q212518,Patrick Dempsey,9810044,163500.7,60
mambo,Q37434046,Mambo,91162,1519.4,60
bobby kennedy,Q1352872,Robert F. Kennedy Jr.,31536767,525612.8,60
general sherman,Q188936,William Tecumseh Sherman,4199464,69991.1,60
born to run,Q2734366,Born to Run,1405704,23428.4,60
pritzker prize,Q104010787,Pritzker Prize,191200,3186.7,60
homecoming,Q643264,Homecoming,1421563,23692.7,60
albert finney,Q219546,Albert Finney,4260640,71010.7,60
tipper gore,Q241609,Tipper Gore,2527163,42119.4,60
aviation,Q765633,aviation,191,3.9,49
u.s. mint,Q1141049,United States Mint,894823,14913.7,60
madrigal,Q56252495,Madrigal,684873,11414.5,60
poems,Q482,poetry,1864,33.3,56
chartres,Q458688,"Prince Ferdinand Philippe, Duke of Orléans",57839,964.0,60
botox,Q4095199,botulinum toxin type A,1,1.0,1
james corden,Q767499,James Corden,9136340,152272.3,60
robert altman,Q55163,Robert Altman,2423387,40389.8,60
cam newton,Q591678,Cam Newton,10554272,175904.5,60
robert johnson,Q110290633,Robert Johnson,4621423,77023.7,60
brahmans,Q47140,Brahmin,3686734,61445.6,60
my little pony,Q5415,My Little Pony: Friendship Is Magic,2850829,47513.8,60
johnnie cochran,Q1346641,Johnnie Cochran,3606135,60102.2,60
fisherman,Q135063134,FISHERMAN,0,0,0
michael landon,Q949883,Michael Landon Jr.,1438068,23967.8,60
timothy dalton,Q41233,Timothy Dalton,7642119,127368.6,60
armani,Q125182769,Armani,1985200,33086.7,60
liz taylor,Q34851,Elizabeth Taylor,17274772,287912.9,60
habsburg,Q64131,Habsburg,516632,8610.5,60
stocks,Q4442805,John Ellerton Stocks,4780,79.7,60
harrow,Q1247373,Harrow School,1561891,26031.5,60
lou brock,Q3260115,Lou Brock,867168,14452.8,60
donna shalala,Q292569,Donna Shalala,844178,14069.6,60
andrew young,Q959635,Andrew Young,1158968,19316.1,60
jed clampett,Q114544898,Jed Clampett Enterprises,0,0,0
world war z,Q56218638,World War Z,1917513,31958.5,60
peter higgs,Q192112,Peter Higgs,1131987,18866.5,60
peter graves,Q156532,Peter Graves,3066174,51102.9,60
visine,Q550442,Vișinelu,379,6.4,59
whites of their eyes,Q18614946,Whites of Their Eyes,0,0,0
duke of windsor,Q590227,Edward VIII,35503016,591716.9,60
concerto,Q9748,concerto,59,2.3,26
rudi gernreich,Q114041,Rudi Gernreich,168619,2810.3,60
j. alfred prufrock,Q2247005,The Love Song of J. Alfred Prufrock,1206220,20103.7,60
breathless,Q127283230,Breathless,44688,744.8,60
gannett,Q1345971,USA Today Co.,0,0,0
cavalleria rusticana,Q221806,Cavalleria rusticana,613067,10217.8,60
jon voight,Q167520,Jon Voight,12096102,201601.7,60
round robin,Q10862465,round-robin,8,1.6,5
teri hatcher,Q181490,Teri Hatcher,6685494,111424.9,60
mit (massachusetts institute of technology),Q121057844,MIT (Massachusetts Institute of Technology),0,0,0
isaac stern,Q311317,Isaac Stern,395867,6597.8,60
monica,Q14013933,Monica,106012,1766.9,60
all,Q655020,allative case,36,3.0,12
cape buffalo,Q39063067,Cape buffalo mitogenomics reveals a Holocene shift in the African human-megafauna dynamics,0,0,0
hormel,Q1454852,Hormel,359689,5994.8,60
caddie,Q125356202,Caddie,407129,6785.5,60
hill house,Q654780,Hill House,17199,286.6,60
mel torme,Q470848,Mel Tormé,1543460,25724.3,60
knives out,Q115676286,Knives Out,19937959,332299.3,60
negro leagues,Q1371594,Negro league baseball,1181232,19687.2,60
beefeater,Q1763924,Beefeater Gin,342488,5708.1,60
melissa mccarthy,Q229048,Melissa McCarthy,13368809,222813.5,60
"hank williams, sr.",Q206181,Hank Williams,6231536,103858.9,60
daylight saving time,Q36669,daylight saving time,4345,77.6,56
runaway bride,Q135047589,Runaway bride,14028,233.8,60
hobart,Q40191,Hobart,1997017,33283.6,60
island of the blue dolphins,Q1453053,Island of the Blue Dolphins,894268,14904.5,60
ho chi minh trail,Q695916,Ho Chi Minh trail,712964,11882.7,60
atlantic monthly,Q1542536,The Atlantic,2766620,46110.3,60
jay gatsby,Q7048121,Jay Gatsby,1433836,23897.3,60
st. mark,Q16695525,St. Mark,43454,724.2,60
to have and have not,Q538390,To Have and Have Not,418455,6974.2,60
taft-hartley act,Q743212,Taft–Hartley Act,956377,15939.6,60
isoroku yamamoto,Q152325,Isoroku Yamamoto,3443926,57398.8,60
josie and the pussycats,Q1284299,Josie and the Pussycats,73590,1226.5,60
malcolm gladwell,Q318429,Malcolm Gladwell,4345200,72420.0,60
e = mc2,Q35875,mass–energy equivalence,85,5.3,16
wilco,Q2670656,Wilco,4517394,75289.9,60
iq,Q796,Iraq,12487930,208132.2,60
internal revenue service,Q973587,Internal Revenue Service,2772094,46201.6,60
cowboy hat,Q1138175,cowboy hat,210,4.3,49
deep space nine,Q108774,Star Trek: Deep Space Nine,4942219,82370.3,60
deforest kelley,Q16349,DeForest Kelley,2323502,38725.0,60
christians,Q106039,Christian,567344,9455.7,60
judith,Q5954149,Judith,133970,2232.8,60
christopher lee,Q180338,Christopher Lee,13086330,218105.5,60
95,Q12784,Val-d'Oise,203457,3390.9,60
nobody,Q83965418,Nobody,184931,3082.2,60
acura,Q53097,Acura,1884595,31409.9,60
stadium,Q152605,Stadium Arcadium,1182184,19703.1,60
stage door,Q1020603,Stage Door,202976,3382.9,60
federal,Q183,Germany,35108467,585141.1,60
fawn hall,Q5438777,Fawn Hall,414972,6916.2,60
stargate,Q215287,Stargate Atlantis,1815926,30265.4,60
walk the line,Q154077,Walk the Line,2622488,43708.1,60
tony awards,Q191874,Tony Awards,1761683,29361.4,60
tony kushner,Q704433,Tony Kushner,1378355,22972.6,60
ashley wilkes,Q119570067,Ashley Wilkes,321142,5352.4,60
ashram,Q2404393,Ashram,1082320,18038.7,60
british airways,Q8766,British Airways,4738373,78972.9,60
british commonwealth,Q7785,Commonwealth of Nations,12488565,208142.8,60
sacco and vanzetti,Q833926,Sacco and Vanzetti,1951496,32524.9,60
sachertorte,Q131442,Sachertorte,1087088,18118.1,60
famous amos,Q5433442,Famous Amos,729269,12154.5,60
american league,Q465469,American League,1348107,22468.5,60
choir,Q131186,choir,224,4.3,52
john stetson,Q101718971,John Stetson,1891,31.5,60
steve prefontaine,Q471417,Steve Prefontaine,1925233,32087.2,60
john singleton,Q363005,John Singleton,3509767,58496.1,60
dead on arrival,Q135081611,Dead On Arrival,1329,22.1,60
heartbreak hotel,Q1343509,Heartbreak Hotel,595028,9917.1,60
vienna woods,Q122568754,Vienna Woods,153861,2564.3,60
vietnam veterans memorial,Q713628,Vietnam Veterans Memorial,1041685,17361.4,60
q-tips,Q7265295,Q-Tips,8248,137.5,60
dick whittington,Q3026639,Dick Whittington,33954,565.9,60
died,Q62826,Diederich Franz Leonhard von Schlechtendal,13345,222.4,60
birdcage,Q135014722,BIRDCAGE,0,0,0
shire,Q218728,The Shire,612473,10207.9,60
clio,Q5059304,Clio,617543,10292.4,60
breed's hill,Q2483089,Breed's Hill,68275,1137.9,60
clive cussler,Q366266,Clive Cussler,1545534,25758.9,60
john cougar mellencamp,Q345431,John Mellencamp,6233756,103895.9,60
john cusack,Q106175,John Cusack,9549167,159152.8,60
bureau of indian affairs,Q1010563,Bureau of Indian Affairs,741626,12360.4,60
cloisters,Q1138030,The Cloisters,852852,14214.2,60
short circuit,Q135452106,Short Circuit,14290,238.2,60
mobil,Q17517,mobile phone,4469,74.5,60
dave,Q16275316,Dave,228099,3801.7,60
raymond,Q2127728,Raymond,285267,4754.4,60
bessemer,Q79973,Bessemer,21229,353.8,60
spongebob,Q83279,SpongeBob SquarePants,12216812,203613.5,60
everclear,Q3061451,Everclear,1768884,29481.4,60
house of orange,Q155483,House of Orange-Nassau,1236542,20609.0,60
joe kennedy,Q934721,Joe Kennedy,17492,291.5,60
franz,Q4925932,Franz,36624,610.4,60
port said,Q134509,Port Said,636501,10608.4,60
lord tennyson,Q173869,Alfred Tennyson,76405,1273.4,60
washington crossing the delaware,Q509806,Washington Crossing the Delaware,148521,2475.3,60
roller skates,Q7361037,Roller Skates,27850,464.2,60
port of spain,Q39178,Port of Spain,1346152,22435.9,60
bernanke,Q201795,Ben Bernanke,1908342,31805.7,60
leeward islands,Q29971,Leeward Islands,1262759,21046.0,60
saluki,Q39108,Saluki,1810836,30180.6,60
jimmy smits,Q73416,Jimmy Smits,4730261,78837.7,60
jim nabors,Q963787,Jim Nabors,3532245,58870.8,60
daniel ortega,Q57402,Daniel Ortega,2375120,39585.3,60
afghan,Q58680,Pashto,2781528,46358.8,60
berbers,Q45315,Berbers,5985241,99754.0,60
that championship season,Q2213212,That Championship Season,158662,2644.4,60
french open,Q43605,French Open,7774100,129568.3,60
ancient mariner,Q708177,The Rime of the Ancient Mariner,2188843,36480.7,60
le monde,Q12461,Le Monde,756540,12609.0,60
erin go bragh,Q1354637,Erin go bragh,800961,13349.4,60
domino theory,Q221608,domino theory,362,16.5,22
kids in the hall,Q64995229,The Kids in the Hall,1395219,23253.7,60
silver skates,Q3484001,Silver Skates,15654,260.9,60
dame nellie melba,Q237607,Nellie Melba,572229,9537.1,60
benghazi,Q40816,Benghazi,1262885,21048.1,60
dalton trumbo,Q350666,Dalton Trumbo,2137513,35625.2,60
günter grass,Q6538,Günter Grass,668236,11137.3,60
wedding crashers,Q238866,Wedding Crashers,2606460,43441.0,60
bart simpson,Q4865108,Bart Simpson,3778278,62971.3,60
galatians,Q98815366,Galatians,55358,922.6,60
bartholdi,Q21493378,Bartholdi,7555,125.9,60
tristram shandy,Q1164083,"The Life and Opinions of Tristram Shandy, Gentleman",807706,13461.8,60
robitussin,Q7353181,Robitussin DAC,40439,674.0,60
king of queens,Q3730219,"The King of Queens, season 3",0,0,0
sir lancelot,Q50107723,Sir Lancelot,32868,547.8,60
b-52's,Q174534,Boeing B-52 Stratofortress,8747088,145784.8,60
conclave,Q56301616,Conclave,56842,947.4,60
encyclopedia brown,Q5375669,Encyclopedia Brown,473531,7892.2,60
southern baptists,Q1351880,Southern Baptist Convention,1812755,30212.6,60
master,Q183816,master's degree,555,21.3,26
"douglas fairbanks, sr.",Q104127,Douglas Fairbanks,2057874,34297.9,60
i remember mama,Q1498445,I Remember Mama,9428,157.1,60
old farmer's almanac,Q437765,Old Farmer's Almanac,238677,3977.9,60
garry marshall,Q315087,Garry Marshall,3509667,58494.4,60
gary burghoff,Q593735,Gary Burghoff,3431428,57190.5,60
sunset strip,Q2301193,Sunset Strip,608391,10139.9,60
atomic energy commission,Q939090,United States Atomic Energy Commission,653866,10897.8,60
prague spring,Q162401,Prague Spring,1678045,27967.4,60
reichstag,Q151897,Reichstag,150115,2501.9,60
greg kinnear,Q269869,Greg Kinnear,4257453,70957.6,60
uriah,Q2151904,Uriah Shelton,590057,9834.3,60
1988,Q2426,1988,798301,13305.0,60
scott adams,Q457923,Scott Adams,2225687,37094.8,60
idina menzel,Q72765890,Idina Menzel's albums in chronological order,0,0,0
general tom thumb,Q918691,General Tom Thumb,1036683,17278.0,60
ich bin ein berliner,Q443,Ich bin ein Berliner,1380925,23015.4,60
cum laude,Q6581478,Latin honors,4249728,70828.8,60
maasai,Q163022,Maasai,26834,447.2,60
blue & white,Q24027509,Blue & White,688,11.5,60
alex cross,Q4716871,Alex Cross,392267,6537.8,60
mackintosh,Q37474111,MacKintosh,0,0,0
sleeper,Q37236141,Sleeper,66548,1109.1,60
aviator,Q2095549,aircraft pilot,34,2.6,13
jackie mason,Q75021,Jackie Mason,1129401,18823.3,60
tater tots,Q3516025,Tater Tots,40986,683.1,60
over the counter,Q122387085,Over the Counter,0,0,0
up in the air,Q122353373,Up in the Air,19366,322.8,60
book club,Q2980154,book club,32,1.5,22
kool,Q850290,Kool & The Gang,35416,590.3,60
swatch,Q694107,The Swatch Group,1202243,20037.4,60
caged bird,Q110527459,cage bird,0,0,0
"crosby, stills & nash",Q733159,"Crosby, Stills & Nash",283573,4726.2,60
my friend flicka,Q527702,My Friend Flicka,123326,2055.4,60
smiths,Q984158,Smithsonian Astrophysical Observatory Star Catalog,28426,473.8,60
itunes,Q9589,iTunes,447,7.7,58
prison break,Q80044,Prison Break,9991911,166531.9,60
white cliffs of dover,Q754785,White Cliffs of Dover,1393556,23225.9,60
mutual,Q540590,Mutual Film Corporation,14444,240.7,60
university of arizona,Q3174614,Arizona Wildcats,272489,4541.5,60
crocs,Q125007648,Crocs,2120401,35340.0,60
cosmo,Q21079746,Cosmo,84069,1401.2,60
charlie rose,Q715515,Charlie Rose,1882162,31369.4,60
right guard,Q7333508,Right Guard,88035,1467.2,60
bob cratchit,Q3641285,Bob Cratchit,382636,6377.3,60
u.s. supreme court,Q11201,Supreme Court of the United States,11411037,190184.0,60
kristen stewart,Q126599,Kristen Stewart,21632575,360542.9,60
lake powell,Q667507,Lake Powell,1342309,22371.8,60
girl with a pearl earring,Q185372,Girl with a Pearl Earring,4010050,66834.2,60
gladstone,Q705699,Gladstone,40064,667.7,60
william gladstone,Q7529606,"Sir William Gladstone, 7th Baronet",43944,732.4,60
bob seger,Q364131,Bob Seger,5318037,88633.9,60
charles van doren,Q1066305,Charles Van Doren,455196,7586.6,60
orkneys,Q100166,Orkney Islands,225805,3763.4,60
wilhelm,Q11027623,Wilhelm,44435,740.6,60
interview with the vampire,Q318910,Interview with the Vampire,1939312,32321.9,60
lady antebellum,Q389870,Lady A,2431297,40521.6,60
saint patrick,Q165479,Saint Patrick,5806514,96775.2,60
lil nas x,Q62591281,Lil Nas X,14322324,238705.4,60
"phoenix, arizona",Q16556,Phoenix,935253,15587.5,60
anti-masonic party,Q574701,Anti-Masonic Party,912829,15213.8,60
"akron, ohio",Q163132,Akron,114012,1900.2,60
mush,Q14867524,Mush,24550,409.2,60
california roll,Q19859306,California Roll,3675,61.2,60
girl of the golden west,Q1424447,The Girl of the Golden West,8330,138.8,60
ed mcbain,Q369632,Evan Hunter,209067,3484.4,60
antoine lavoisier,Q39607,Antoine Lavoisier,1982570,33042.8,60
my antonia,Q2776448,My Ántonia,437764,7296.1,60
midgard,Q180682,Midgard,643192,10719.9,60
new york daily news,Q627827,New York Daily News,838884,13981.4,60
perseids,Q173708,Perseids,1121465,18691.1,60
tim berners-lee,Q80,Tim Berners-Lee,6105899,101765.0,60
nikon,Q63868416,Nikon,1291084,21518.1,60
barbara stanwyck,Q94002,Barbara Stanwyck,4921605,82026.8,60
brazil nut,Q81671,Bertholletia excelsa,7063,117.7,60
medicaid,Q1141363,Medicaid,1460759,24346.0,60
henrietta lacks,Q1647793,Henrietta Lacks,3985716,66428.6,60
land's end,Q120597579,Land's End,649412,10823.5,60
codes,Q105700118,International Symposium on Hardware/Software Codesign,0,0,0
black forest cake,Q19028,Black Forest cake,93973,1566.2,60
mccoys,Q385841,The McCoys,416407,6940.1,60
nell gwyn,Q234163,Nell Gwyn,742366,12372.8,60
thane,Q98827230,Thane,1024233,17070.5,60
friar tuck,Q2074170,Friar Tuck,453342,7555.7,60
bozeman,Q569678,Bozeman,27865,464.4,60
animaniacs,Q547744,Animaniacs,2526096,42101.6,60
1986,Q2430,1986,829531,13825.5,60
skype,Q40984,Skype,5713995,95233.2,60
hesperides,Q165938,Hesperides,1002333,16705.5,60
eastman kodak,Q486269,Kodak,2928314,48805.2,60
regent's park,Q1259474,Regent's Park tube station,44674,744.6,60
mary decker,Q238299,Mary Decker,406360,6772.7,60
lyceum,Q16463,lyceum,71,1.9,37
agnostic,Q288928,agnosticism,103,3.8,27
hymns,Q5956833,Hymns,72514,1208.6,60
ferde grofe,Q375958,Ferde Grofé,154207,2570.1,60
reeds,Q24668263,Reeds,9413,156.9,60
true lies,Q110397,True Lies,3871682,64528.0,60
bok choy,Q165178,Brassica rapa subsp. chinensis,0,0,0
manchu,Q145665,Manchu,359957,5999.3,60
gruyère,Q106264434,Gruyère,17353,289.2,60
guardian angels,Q614136,Guardian Angels,1265795,21096.6,60
lincoln bedroom,Q29096781,Lincoln Bedroom for contributors controversy,46212,770.2,60
pick,Q16881201,Pick,65972,1099.5,60
walks,Q36892160,Walks,5603,93.4,60
anthropomorphism,Q132987,anthropomorphism,932,21.7,43
zen buddhism,Q7953,Zen,3326120,55435.3,60
michelle wie,Q234329,Michelle Wie West,1083503,24077.8,45
kinky boots,Q6413943,Kinky Boots,7628,127.1,60
gamestop,Q202210,GameStop,4600778,76679.6,60
luke perry,Q318165,Luke Perry,12587690,209794.8,60
middle east,Q7204,Middle East,10380991,173016.5,60
gall,Q780,chicken,604,10.1,60
pan american,Q626634,University of Texas–Pan American,151651,2527.5,60
lucille,Q18145535,Lucille,46151,769.2,60
robert pattinson,Q36767,Robert Pattinson,20695715,344928.6,60
jennifer grey,Q232927,Jennifer Grey,9343818,155730.3,60
"love, american style",Q1249367,"Love, American Style",621329,10355.5,60
kim novak,Q212879,Kim Novak,4248148,70802.5,60
julianna margulies,Q229714,Julianna Margulies,5455006,90916.8,60
robert mondavi,Q1344336,Robert Mondavi,419795,6996.6,60
gene siskel,Q969105,Gene Siskel,1664013,27733.5,60
good morning america,Q825946,Good Morning America,2005242,33420.7,60
pied piper of hamelin,Q106880435,Pied Piper of Hamelin,3869149,64485.8,60
george h. w. bush,Q23505,George H. W. Bush,22059319,367655.3,60
elisabeth shue,Q207852,Elisabeth Shue,11985048,199750.8,60
dan rostenkowski,Q963898,Dan Rostenkowski,201951,3365.8,60
spanish flu,Q178275,1918–1920 flu pandemic,288,26.2,11
ernie,Q110228570,Ernie,50152,835.9,60
sam donaldson,Q7407424,Sam Donaldson,617247,10287.5,60
marshall islands,Q709,Marshall Islands,4906894,81781.6,60
general lee,Q165557,Robert E. Lee,9009969,150166.1,60
citigroup,Q219508,Citigroup,3085552,51425.9,60
sonoran desert,Q189429,Sonoran Desert,1500459,25007.7,60
john l. lewis,Q433328,John Llewellyn Lewis,3376,56.3,60
tim tebow,Q517467,Tim Tebow,9147430,152457.2,60
milton hershey,Q737720,Milton S. Hershey,1263076,21051.3,60
adam levine,Q64358505,Adam Levine,8410573,140176.2,60
konstantin chernenko,Q127442,Constantine Chernenko,394,6.6,60
dark tower,Q280898,The Dark Tower,62388,1039.8,60
levar burton,Q312570,LeVar Burton,5153811,85896.9,60
marie kondo,Q11638963,Marie Kondō,658,11.0,60
dirty,Q185529,pornographic film,396,15.8,25
satisfaction,Q132151699,Satisfaction,89489,1491.5,60
mini cooper,Q36024,Mini,3083723,51395.4,60
john hinckley,Q343960,John Hinckley,130646,2177.4,60
clockwise,Q109533600,Clockwise,539367,8989.5,60
dyson,Q52695774,Dyson,85072,1417.9,60
stan laurel,Q72869,Stan Laurel,3844918,64082.0,60
gilbert and sullivan,Q1146602,Gilbert and Sullivan,1460763,24346.0,60
melanesia,Q37394,Melanesia,2059473,34324.6,60
robert ripley,Q732327,Robert Ripley,348779,5813.0,60
robert shaw,Q313727,Robert Shaw,48940,815.7,60
doughboy,Q1251907,Doughboy,505185,8419.8,60
uffizi gallery,Q51252,Uffizi Gallery,97831,1630.5,60
st. anthony,Q170547,Anthony the Great,1162590,19376.5,60
hormuz,Q695265,Hormuz Island,516901,8615.0,60
zed,Q953,Zambia,6333515,105558.6,60
"lincoln, nebraska",Q28260,Lincoln,352991,5883.2,60
treaty of ghent,Q1324198,Treaty of Ghent,646404,10773.4,60
lieder,Q216860,Lied,391435,6523.9,60
frosted flakes,Q2625790,Frosted Flakes,487368,8122.8,60
emmys,Q123737,Emmy Award,1909302,31821.7,60
st. valentine's day,Q37587,Valentine's Day,18652291,310871.5,60
claes oldenburg,Q156731,Claes Oldenburg,534859,8914.3,60
mesozoic era,Q83222,Mesozoic,1923333,32055.5,60
milan kundera,Q93166,Milan Kundera,1613787,26896.5,60
stevie smith,Q468344,Stevie Smith,227840,3797.3,60
conan doyle,Q35610,Arthur Conan Doyle,5234144,87235.7,60
rorschach test,Q488532,Rorschach Test,6085,101.4,60
yitzhak shamir,Q184351,Yitzhak Shamir,853617,14227.0,60
lennie,Q110167775,lennie,1,1.0,1
cab calloway,Q273079,Cab Calloway,2461977,41032.9,60
knell,Q16871481,Knell,8758,146.0,60
jack armstrong,Q2611384,Jack Armstrong,9142,152.4,60
champs-elysees,Q550,avenue des Champs-Élysées,0,0,0
eric the red,Q170328,Eric Cantona,5289844,88164.1,60
louis leakey,Q14837,Louis Leakey,517046,8617.4,60
gunter grass,Q6538,Günter Grass,668236,11137.3,60
sgt. bilko,Q7756888,The Phil Silvers Show,644682,10744.7,60
false start,Q162991,false start,20,1.8,11
doodle,Q185415,doodle,133,2.5,54
haley joel osment,Q489856,Haley Joel Osment,8176305,136271.8,60
time to kill,Q498867,A Time to Kill,6833,113.9,60
australia & new zealand,Q15753516,Australia and New Zealand Health Policy,0,0,0
sergei diaghilev,Q211513,Sergei Diaghilev,439190,7319.8,60
edwin stanton,Q347864,Edwin Stanton Porter,12888,214.8,60
golden eagle,Q41181,Golden Eagle,101657,1694.3,60
"bismarck, north dakota",Q37066,Bismarck,320079,5334.6,60
spanish moss,Q311524,Tillandsia usneoides,23009,383.5,60
megan thee stallion,Q59268408,Megan Thee Stallion,17370770,289512.8,60
walt disney world,Q169889,American Broadcasting Company,6454538,107575.6,60
university of kentucky,Q3324473,Kentucky Wildcats,334762,5579.4,60
shōgun,Q131767,shogun,380,6.9,55
wolfgang a. mozart,Q102041696,Wolfgang-A.-Mozart-Straße,0,0,0
fermat,Q75655,Pierre de Fermat,710314,11838.6,60
judging amy,Q1247192,Judging Amy,851323,14188.7,60
chronicles of narnia,Q108370695,Chronicles of Narnia,38882,648.0,60
quonset hut,Q1627026,Quonset hut,985361,16422.7,60
julian assange,Q360,Julian Assange,13945550,232425.8,60
actium,Q14881034,Actium,159871,2664.5,60
democratic republic of congo,Q974,Democratic Republic of the Congo,13285807,221430.1,60
michelle yeoh,Q214289,Michelle Yeoh,18681186,311353.1,60
plowshares,Q138038074,"Plowshares into Swords: Weaponized Knowledge, Liberal Order, and the League of Nations",0,0,0
lilo & stitch,Q48817628,Disney's Lilo & Stitch,971,16.2,60
michael palin,Q223985,Michael Palin,4553709,75895.1,60
rue morgue,Q60367748,Rue Morgue,25273,421.2,60
playboy of the western world,Q451517,The Playboy of the Western World,353095,5884.9,60
wainwright,Q15112321,Wainwright,72348,1205.8,60
debbie allen,Q263501,Debbie Allen,3951183,65853.1,60
debbie downer,Q5247915,Debbie Downer,523727,8728.8,60
northern territory,Q3235,Northern Territory,2402673,40044.6,60
station wagon,Q14313,Pharrell Williams,8640540,144009.0,60
pocket books,Q7206385,Pocket Books,192791,3213.2,60
arroz con pollo,Q703836,arroz con pollo,9,2.2,4
miata,Q127110,Mazda MX-5,3594546,59909.1,60
ruby tuesday,Q1953769,Ruby Tuesday,27848,464.1,60
helmut,Q113674696,Helmut Martin Braun,0,0,0
pocketbook,Q17994250,pocket edition,14,1.8,8
st. cyril,Q631641,SS. Cyril and Methodius National Library,28104,468.4,60
dervishes,Q138068646,The Whirling Dervishes,4259,71.0,60
hombre,Q5887854,Hombre,24408,406.8,60
jose,Q19801116,Jose,108567,1809.5,60
home office,Q763388,Home Office,1147490,19124.8,60
stephen dedalus,Q543671,Stephen Dedalus,217596,3626.6,60
tomorrowland,Q606649,Tomorrowland,521251,8687.5,60
timon,Q240702,Timon,52918,882.0,60
chris isaak,Q1948145,Chris Isaak,4741931,79032.2,60
steppe,Q123991,steppe,112,3.0,37
steve harvey,Q2347009,Steve Harvey,14104991,235083.2,60
milton bradley,Q116729980,Milton Bradley,307812,5130.2,60
queensberry,Q822393,Queensberry,11797,196.6,60
day after tomorrow,Q14320,The Day After Tomorrow,4943005,82383.4,60
dick button,Q572177,Dick Button,353138,5885.6,60
jonah hill,Q313388,Jonah Hill,13254190,220903.2,60
diego maradona,Q63457407,Diego Maradona,23574993,392916.5,60
victor mature,Q358317,Victor Mature,1931315,32188.6,60
flash gordon,Q1427252,Flash Gordon,1623197,27053.3,60
bud selig,Q2927496,Bud Selig,752445,12540.8,60
fascist,Q88110348,fascist,48,2.4,20
hooterville,Q35266076,Hooterville Airport,0,0,0
harry connick jr.,Q313755,Harry Connick Jr.,4536695,75611.6,60
brighton beach memoirs,Q4967605,Brighton Beach Memoirs,263381,4389.7,60
war & peace,Q16170490,War and Peace,4734667,78911.1,60
harry and the hendersons,Q2063289,Harry and the Hendersons,835830,13930.5,60
sportswriter,Q11313148,sports journalist,0,0,0
fascists,Q88110348,fascist,48,2.4,20
dave thomas,Q2627090,Dave Thomas,16930,282.2,60
warner bros.,Q126399,Warner Bros.,7454121,124235.4,60
newsday,Q623811,NewsDay,1887,31.4,60
david crosby,Q370560,David Crosby,6453954,107565.9,60
yves montand,Q106057,Yves Montand,1071614,17860.2,60
yves st. laurent,Q171556,Yves Saint Laurent,55161,919.4,60
david caruso,Q294901,David Caruso,3551909,59198.5,60
hotel new hampshire,Q1630995,The Hotel New Hampshire,166368,2772.8,60
dart,Q406009,Dart,132593,2209.9,60
bert,Q613014,Bert,44702,745.0,60
bambino,Q115045937,Bambino,57672,961.2,60
fairly oddparents,Q39037,The Fairly OddParents,3426039,57100.7,60
flowers in the attic,Q2567606,Flowers in the Attic,4326792,72113.2,60
darius the great,Q44387,Darius I,475272,7921.2,60
missionary,Q219477,missionary,2013,59.2,34
daniel ellsberg,Q431085,Daniel Ellsberg,2117135,35285.6,60
danse macabre,Q54913612,Danse Macabre,1647168,27452.8,60
rolodex,Q1476656,Rolodex,481360,8022.7,60
hannah and her sisters,Q845057,Hannah and Her Sisters,958589,15976.5,60
port arthur,Q45400,Port Arthur,176055,2934.2,60
portlandia,Q1645442,Portlandia,658636,10977.3,60
shelby foote,Q714250,Shelby Foote,1133030,18883.8,60
folies bergère,Q330375,Folies Bergère,444107,7401.8,60
kali,Q132127,Kali,7298175,121636.2,60
clement attlee,Q129006,Clement Attlee,4140554,69009.2,60
"atchison, topeka & santa fe",Q7419496,"Atchison, Topeka and Santa Fe Railway 5000",0,0,0
bullets,Q99529475,Gettysburg Bullets men's basketball,2201,36.7,60
eye for an eye,Q760229,Eye for an Eye,13069,217.8,60
leadville,Q286702,Leadville,20432,340.5,60
leah,Q107203547,Leah,1192155,19869.2,60
lawrence sanders,Q1397305,Lawrence Sanders,99860,1664.3,60
"absalom, absalom!",Q2181982,"Absalom, Absalom!",697186,11619.8,60
postage stamps,Q74614691,postage stamps and postal history by jurisdiction,0,0,0
dale,Q3701009,Dale,88976,1482.9,60
dagwood bumstead,Q2269799,Dagwood Bumstead,224391,3739.8,60
off-broadway,Q1058828,Off-Broadway,1123774,18729.6,60
captain crunch,Q712546,John Draper,410611,6843.5,60
sugar ray,Q575400,Sugar Ray,1556146,25935.8,60
guy,Q734,Guyana,13043551,217392.5,60
you can't take it with you,Q637835,You Can't Take It With You,1452,24.2,60
shiraz,Q6397066,Shiraz,1241852,20697.5,60
suleiman the magnificent,Q8474,Suleiman the Magnificent,7833153,130552.6,60
john jacob jingleheimer schmidt,Q6241418,John Jacob Jingleheimer Schmidt,1133913,18898.5,60
pythagorean theorem,Q11518,Pythagorean theorem,6434666,107244.4,60
national portrait gallery,Q1967614,National Portrait Gallery,21993,366.6,60
national endowment for the arts,Q1967116,National Endowment for the Arts,345638,5760.6,60
ben casey,Q1277494,Ben Casey,327298,5455.0,60
san andreas,Q2090000,San Andreas,89345,1489.1,60
foundling,Q3987128,The Foundling,1453,24.2,60
ben hogan,Q365626,Ben Hogan,1299351,21655.8,60
exhale,Q2215554,Exhale,12816,213.6,60
v.c. andrews,Q115479272,V.C. Andrews' Landry Family,0,0,0
agenda,Q4692030,Agenda,112065,1867.8,60
custer's last stand,Q79338468,Custer's Last Stand,143714,2395.2,60
blood meridian,Q581426,Blood Meridian,4831500,80525.0,60
ray liotta,Q112135891,Ray Liotta filmography,244408,4073.5,60
mediterranean fruit fly,Q250269,Ceratitis capitata,124571,2076.2,60
grimaldis,Q1408928,Grimaldi,36542,609.0,60
i-95,Q94967,Interstate 95,1653319,27555.3,60
old hickory,Q11817,Andrew Jackson,11611271,193521.2,60
curiosity killed the cat,Q2218579,Curiosity Killed the Cat,344639,5744.0,60
yes man,Q269887,Yes Man,9338,155.6,60
china syndrome,Q647599,The China Syndrome,1392468,23207.8,60
larry the cable guy,Q331728,Larry the Cable Guy,3398577,56642.9,60
power rangers,Q21648810,Power Rangers,8114972,135249.5,60
tramp,Q37506230,Tramp,611312,10188.5,60
trance,Q170435,trance,63,2.0,31
supreme court justices,Q66845552,Supreme Court Justices make Yearly Courtesy Call (NAID 176340),0,0,0
blu-ray,Q47770,Blu-ray Disc,506975,8449.6,60
ike turner,Q3197100,Kings of Rhythm,142834,2380.6,60
ignatius loyola,Q918937,Ignatius Loyola Donnelly,2101,35.0,60
blue devils,Q4171772,Duke Blue Devils men's basketball,2402541,40042.3,60
joe cocker,Q190076,Joe Cocker,5171907,86198.4,60
bacchanalia,Q331341,Bacchanalia,1402097,23368.3,60
greco-roman wrestling,Q389654,Greco-Roman wrestling,1137783,18963.0,60
nanook,Q6964092,Nanook River,4912,81.9,60
suwannee,Q2299655,Suwannee River,319896,5331.6,60
graveyard,Q39614,cemetery,782,17.8,44
fred grandy,Q653258,Fred Grandy,912798,15213.3,60
jingle,Q122382779,Jingle,408874,6814.6,60
impromptu,Q852027,impromptu,36,1.2,30
cruise control,Q22322489,Cruise Control,6173,102.9,60
nagano,Q128849,Nagano,54187,903.1,60
naiad,Q182037,naiad,63,2.5,25
"dude, where's my car?",Q933798,"Dude, Where's My Car?",1516445,25274.1,60
madam secretary,Q16875508,Madam Secretary,32374,539.6,60
transvaal,Q190959,Transvaal Province,299529,4992.1,60
kenan thompson,Q552900,Kenan Thompson,6343985,105733.1,60
reading gaol,Q3930959,HM Prison Reading,201684,3361.4,60
treble,Q111684926,Treble,73337,1222.3,60
right whale,Q1527843,Right whale,861643,14360.7,60
mystic pizza,Q125470147,Mystic Pizza,1955605,32593.4,60
crossfire,Q498866,Crossfire,118287,1971.5,60
infinite jest,Q1077445,Infinite Jest,3294088,54901.5,60
sybil,Q4851022,Sybil,32420,540.3,60
a.e. housman,Q351410,Alfred Edward Housman,32801,546.7,60
seattle slew,Q1457136,Seattle Slew,407932,6798.9,60
kevin,Q16731782,Kevin MacLeod,720099,12001.6,60
good king wenceslas,Q1198889,Good King Wenceslas,1069044,17817.4,60
durham,Q49229,Durham,266964,4449.4,60
peter abelard,Q4295,Peter Abelard,827035,13783.9,60
lake itasca,Q877319,Lake Itasca,583276,9721.3,60
lake managua,Q272380,Lake Managua,78472,1307.9,60
dusty springfield,Q219782,Dusty Springfield,5907468,98457.8,60
dutch door,Q77577204,Dutch Door,0,0,0
camellia,Q212815,Camellia,1954328,32572.1,60
prestige,Q3911225,Prestige,103305,1721.8,60
barnacle,Q220457,Barnacle,3766564,62776.1,60
baron munchausen,Q77066,Baron Munchausen,1020948,17015.8,60
maximillian,Q18133941,Maximillian,5019,83.7,60
bobby jindal,Q295492,Bobby Jindal,1677334,27955.6,60
eartha kitt,Q222818,Eartha Kitt,5848772,97479.5,60
charles boyer,Q105987,Charles Boyer,1125835,18763.9,60
wildebeests,Q117478051,Wildebeests,8044,134.1,60
jerry west,Q311195,Jerry West,7560898,126015.0,60
erica kane,Q5387892,Erica Kane,370643,6177.4,60
picayune,Q892694,Picayune,48777,813.0,60
al jazeera,Q13477,Al Jazeera,15861072,264351.2,60
uncle fester,Q63882683,Uncle Fester,2182290,36371.5,60
muriel's wedding,Q1348275,Muriel's Wedding,1608144,26802.4,60
easy rawlins,Q122311088,Easy Rawlins,22124,368.7,60
beau geste,Q1257031,Beau Geste,236086,3934.8,60
funnel cake,Q539429,funnel cake,39,2.4,16
pan's labyrinth,Q216006,Pan's Labyrinth,4800273,80004.6,60
ecstasy,Q69488,MDMA,9213843,153564.0,60
glenn frey,Q472051,Glenn Frey,6299584,104993.1,60
ephesus,Q47611,Ephesus,3246647,54110.8,60
l.a. confidential,Q339876,L.A. Confidential,448881,7481.4,60
scarborough,Q894092,Scarborough,105029,1750.5,60
scherzo,Q209534,scherzo,29,1.2,25
b.c.,Q1973,British Columbia,7863446,131057.4,60
jelly belly,Q1504145,Wildlife Generation Pro Cycling,28694,494.7,58
gadsden,Q79389,Gadsden,17040,284.0,60
mt. etna,Q31558224,Mount Etna,3331054,55517.6,60
tamagotchi,Q207786,Tamagotchi,2887747,48129.1,60
jelly beans,Q126956898,Jameliz,0,0,0
community college,Q1336920,community college,65,3.4,19
rhodes scholarship,Q1204346,Rhodes Scholarship,2481077,41351.3,60
calamine lotion,Q909139,Calamine lotion,55987,933.1,60
tristan and isolde,Q1324254,Tristan und Isolde,884810,14746.8,60
jean cocteau,Q83158,Jean Cocteau,1478344,24639.1,60
red rover,Q122385015,Red Rover,415195,6919.9,60
orly,Q236058,Orly,75811,1263.5,60
williams-sonoma,Q2581220,"Williams-Sonoma, Inc.",501529,8358.8,60
jean harris,Q62820395,Jean Thomson de Harris,0,0,0
empty,Q77252359,Empty,70407,1173.5,60
jason bateman,Q284636,Jason Bateman,18212446,303540.8,60
anno domini,Q159791,Anno Domini,7960795,132679.9,60
slip 'n slide,Q122657861,Slip 'n Slide,8030,133.8,60
return of the native,Q141568,The Return of the Native,407919,6798.6,60
charlottetown,Q2127,Charlottetown,851196,14186.6,60
anne bronte,Q44520,Anne Brontë,1500772,25012.9,60
jack sparrow,Q100925610,Jack Sparrow,3740978,62349.6,60
bausch & lomb,Q811857,Bausch & Lomb,508269,8471.1,60
prix fixe,Q3048434,table d'hôte,8,2.7,3
chatty cathy,Q5087973,Chatty Cathy,299805,4996.8,60
andy richter,Q497851,Andy Richter,2085744,34762.4,60
turks,Q84072,Turks,67119,1118.7,60
mount saint helens,Q4675,Mount St. Helens,4888093,81468.2,60
el capitan,Q5350921,El Capitan,2230767,37179.4,60
aztec empire,Q2608489,Aztec Empire,3005673,50094.6,60
george c. marshall,Q151414,George Marshall,858577,14309.6,60
ted knight,Q1277943,Ted Knight,2075754,34595.9,60
"battle creek, michigan",Q810998,Battle Creek,40127,668.8,60
witch doctor,Q17039047,Witch Doctor,16520,275.3,60
scopes monkey trial,Q642342,Scopes Trial,2008335,33472.2,60
gatwick,Q8703,London Gatwick Airport,109896,1831.6,60
borgia,Q24052709,Borgia,95589,1593.2,60
renee zellweger,Q122614,Renée Zellweger,14383856,239730.9,60
james frey,Q1349297,James Frey,789215,13153.6,60
jan hus,Q43977,Jan Hus,1676585,27943.1,60
chuck barris,Q1268397,Chuck Barris,1549325,25822.1,60
midori,Q443503,Midori,131606,2193.4,60
elizabeth banks,Q219373,Elizabeth Banks,12499336,208322.3,60
muslim islam,Q16386405,Islamic Way of Life,10485,174.8,60
christina onassis,Q241812,Christina Onassis,2072676,34544.6,60
amana,Q4739493,Amana,25892,431.5,60
definition,Q101072,definition,173,3.7,47
telegraph hill,Q1283754,Telegraph Hill,11089,184.8,60
st. vitus,Q41214173,St. Vitus,20289,338.1,60
jacques brel,Q1666,Jacques Brel,1186043,19767.4,60
cockneys,Q3414796,Cockneys vs Zombies,220410,3673.5,60
noam chomsky,Q9049,Noam Chomsky,11488238,191470.6,60
trumpeter swan,Q733375,Trumpeter Swan,31991,533.2,60
george jetson,Q457409,The Jetsons,2889539,48159.0,60
pyotr ilyich tchaikovsky,Q7315,Pyotr Ilyich Tchaikovsky,5258037,87633.9,60
greenhouse,Q5604155,Greenhouse,1763687,29394.8,60
greenbacks,Q48739970,Greenbacks,3131,52.2,60
ian smith,Q110275003,Ian Smith,1673183,27886.4,60
cordell hull,Q202979,Cordell Hull,565050,9417.5,60
sanctions,Q47510363,Sanctions,27309,455.1,60
aggies,Q16152277,North Carolina A&T Aggies,109344,1822.4,60
j.m.w. turner,Q159758,J. M. W. Turner,2481786,41363.1,60
william powell,Q105960,William Powell,2725802,45430.0,60
clipper,Q273081,clipper,115,2.7,43
national rifle association,Q6978115,National Rifle Association,2127668,35461.1,60
samuel langhorne clemens,Q7245,Mark Twain,9227762,153796.0,60
mt. olympus,Q6922584,Mount Olympus,2938701,48978.3,60
yosemite sam,Q1248567,Yosemite Sam,1290487,21508.1,60
ned kelly,Q109819337,Ned Kelly,4363445,72724.1,60
wayside inn,Q7976877,Wayside Inn,17815,296.9,60
ezra,Q17642702,Ezra,1275804,21263.4,60
will hays,Q8011782,William Hays,5956,99.3,60
sheila,Q18224611,Sheila,227725,3795.4,60
pantheism,Q728455,pantheism,277,7.7,36
clemenceau,Q11299609,Clemenceau,14405,240.1,60
wild one,Q1138349,The Wild One,726941,12115.7,60
golden globes,Q1011547,Golden Globe Awards,5483615,91393.6,60
bringing up baby,Q179743,Bringing Up Baby,924429,15407.1,60
harper's bazaar,Q654606,Harper's Bazaar,897927,14965.5,60
bob mackie,Q3435802,Bob Mackie,1055267,17587.8,60
vestry,Q468939,sacristy,15,1.7,9
polly,Q16423696,Polly,145988,2433.1,60
aunt bee,Q51231241,"Aunt Bee, the Juror",0,0,0
sydney greenstreet,Q656507,Sydney Greenstreet,1069639,17827.3,60
horned toad,Q14682342,Horned Toad Hills,4442,74.0,60
raisa gorbachev,Q229520,Raisa Gorbacheva,995378,16589.6,60
one tree hill,Q203385,One Tree Hill,44247,737.5,60
david halberstam,Q467156,David Halberstam,421966,7032.8,60
gran turismo,Q652928,Gran Turismo,101346,1689.1,60
air and space museum,Q752669,National Air and Space Museum,915139,15252.3,60
joan miró,Q152384,Joan Miró,1532738,25545.6,60
suspicion,Q1509470,Suspicion,41437,690.6,60
lisa leslie,Q257980,Lisa Leslie,1656216,27603.6,60
blue crab,Q844839,Callinectes sapidus,771072,12851.2,60
heathers,Q5694229,Heathers: The Musical,2740109,45668.5,60
p.l. travers,Q228901,P. L. Travers,2288060,38134.3,60
ozzie nelson,Q794871,Ozzie Nelson,904268,15071.1,60
elizabeth bennet,Q110559954,Elizabeth Bennet,894013,14900.2,60
notorious,Q587419,Notorious,71195,1186.6,60
dominica,Q784,Dominica,5052740,84212.3,60
privacy,Q188728,privacy,461,9.6,48
coors light,Q5168060,Coors Light,638143,10635.7,60
v.i. warshawski,Q438024,Sara Paretsky,195748,3262.5,60
violeta chamorro,Q114142,Violeta Chamorro,321473,5357.9,60
jack bauer,Q24,Jack Bauer,997698,16628.3,60
liv tyler,Q168763,Liv Tyler,14122982,235383.0,60
enchanted,Q490464,Enchanted,43311,721.9,60
chet huntley,Q796122,Chet Huntley,280004,4666.7,60
william fulbright,Q550255,J. William Fulbright,497104,8285.1,60
rhythm,Q45981,rhythm and blues,215,6.1,35
answering machine,Q2734312,voicemail,189,13.5,14
simon & simon,Q1968375,Simon & Simon,793122,13218.7,60
will & ariel durant,Q61731699,Will & Ariel Durant Branch Library,0,0,0
primrose path,Q1785051,Primrose Path,13951,232.5,60
michael vick,Q505431,Michael Vick,6219625,103660.4,60
la follette,Q1658843,La Follette,4160,69.3,60
lawn mower,Q260521,lawn mower,50,2.6,19
a$ap rocky,Q129910,A$AP Rocky,305094,5084.9,60
interpreter,Q3153559,music interpreter,0,0,0
"doogie howser, m.d.",Q94096400,"Doogie Howser, M.D., season 1",0,0,0
hms beagle,Q35926,HMS Beagle,640065,10667.8,60
saturn v,Q15050,Rhea,120497,2008.3,60
jim jeffords,Q1386836,Jim Jeffords,428172,7136.2,60
prerequisite,Q5260617,dependency,18,1.8,10
brandenburg concertos,Q208224,Brandenburg Concertos,685134,11418.9,60
tom mix,Q345468,Tom Mix,935039,15584.0,60
sweet home alabama,Q749688,Sweet Home Alabama,2017490,33624.8,60
toscanini,Q21452478,Toscanini,16194,269.9,60
upbeat,Q637371,upbeat,32,2.1,15
jimmy olsen,Q91642586,James Olsen,4805,80.1,60
chameleons,Q37686,chameleon,195,3.4,58
candyman,Q1033108,Candyman,182696,3044.9,60
sons and lovers,Q1621941,Sons and Lovers,674760,11246.0,60
european economic community,Q52847,European Economic Community,1570967,26182.8,60
mean streets,Q841335,Mean Streets,1887105,31451.8,60
thin,Q155271,think tank,1994,57.0,35
sandra oh,Q40337,Sandra Oh,9332014,155533.6,60
john wick,Q15732802,John Wick,11543155,192385.9,60
how to train your dragon,Q857000,How to Train Your Dragon,3729682,62161.4,60
housing and urban development,Q11381901,Housing and Urban Development Corporation,195918,3265.3,60
leibniz,Q678982,Leibniz University Hannover,129425,2157.1,60
göring,Q16870249,Goring,42422,707.0,60
nguyen,Q37305156,Nguyen,1287773,21462.9,60
césar chávez,Q355425,Cesar Chavez,4408634,73477.2,60
mohandas k. gandhi,Q1001,Mahatma Gandhi,35650335,594172.2,60
sam-i-am,Q114463370,Sam I Am,24618,410.3,60
"bangor, maine",Q327012,Bangor,94693,1578.2,60
de medici,Q56342070,De Medici,5119,85.3,60
postage stamp,Q37930,postage stamp,61,3.0,20
buck owens,Q712353,Buck Owens,1544902,25748.4,60
darrin stephens,Q8353920,Darrin Stephens,69056,1150.9,60
sedaris,Q21475296,Sedaris,7836,130.6,60
watusi,Q10393261,Watusi,75543,1259.0,60
cyclopes,Q128430,cyclops,68,2.1,33
u.s.s. constitution,Q24855731,USS Constitution,3491025,58183.8,60
temple of artemis,Q43018,Temple of Ephesian Artemis,0,0,0
iris murdoch,Q217495,Iris Murdoch,1140255,19004.2,60
john calhoun,Q880569,John Calhoun Phillips,13832,230.5,60
abbott elementary,Q136169211,Abbott Elementary season 5,0,0,0
super 8,Q379877,Super 8,70819,1180.3,60
clement clarke moore,Q2978887,Clement Clarke Moore,363435,6057.2,60
squid game,Q106582931,Squid Game,34200813,834166.2,41
max von sydow,Q203215,Max von Sydow,5193561,86559.4,60
bob vila,Q888302,Bob Vila,1121854,18697.6,60
taupe,Q19743862,Taupe,534812,8913.5,60
anne murray,Q236543,Anne Murray,2342770,39046.2,60
putt-putt,Q754796,miniature golf,58,2.4,24
blue thunder,Q62059838,Blue Thunder,767937,12799.0,60
estonian,Q9072,Estonian,59265,987.8,60
gulf of riga,Q174731,Gulf of Riga,107192,1786.5,60
price waterhouse,Q488048,PricewaterhouseCoopers,3503441,58390.7,60
così fan tutte,Q2817183,Così fan tutte,857507,14291.8,60
church of the holy sepulchre,Q187702,Church of the Holy Sepulchre,4344346,72405.8,60
st. luke,Q338523,Accademia di San Luca,55437,924.0,60
impressionists,Q16259682,Impressionists,50694,844.9,60
harrisburg pennsylvania,Q5665326,Harrisburg Transportation Center,62416,1040.3,60
josef mengele,Q57109,Josef Mengele,11599822,193330.4,60
julie nixon,Q1770472,Julie Nixon Eisenhower,1830033,30500.5,60
joy division,Q172763,Joy Division,5421862,90364.4,60
joshua reynolds,Q194402,Joshua Reynolds,589940,9832.3,60
judas priest,Q83468,Judas Priest,5467553,91125.9,60
judy jetson,Q457409,The Jetsons,2889539,48159.0,60
christie's,Q503176,Christie's,941644,15694.1,60
mighty ducks of anaheim,Q192751,Anaheim Ducks,2422532,40375.5,60
alyssa milano,Q189067,Alyssa Milano,9260271,154337.9,60
mignon,Q23774110,Mignon,117340,1955.7,60
quotations,Q206287,quotation,99,2.9,34
fillmore,Q129980,Fillmore,39262,654.4,60
brotherly love,Q1242529,philia,140,3.3,42
bagger vance,Q1141877,The Legend of Bagger Vance,1335058,22251.0,60
michael york,Q298777,Michael York,2429812,40496.9,60
tom-tom,Q19937257,Tom-Tom,779,13.0,60
journalists,Q18407833,Journalists,34041,567.4,60
joplin,Q317865,Joplin,34773,579.5,60
federated,Q702,Federated States of Micronesia,3176119,52935.3,60
federal bureau of investigation,Q8333,Federal Bureau of Investigation,7465792,124429.9,60
firenze,Q2044,Florence,5648526,94142.1,60
radio waves,Q4262,radio wave,410,15.8,26
tomtom,Q6071083,Tomtom,17782,296.4,60
michael cera,Q309555,Michael Cera,8786406,146440.1,60
amelie,Q18171830,Amelie,59286,988.1,60
shame,Q48700714,Shame,766939,12782.3,60
mindanao,Q124873,Mindanao,2282035,38033.9,60
miami marlins,Q652879,Miami Marlins,5118216,85303.6,60
timbaland,Q16741364,Timbaland & Magoo,357854,5964.2,60
flatliners,Q514348,Flatliners,1382689,23044.8,60
raisin bran,Q7285132,raisin bran,5,2.5,2
mini-me,Q12665611,Mini-Me,761977,12699.6,60
circuit city,Q1140946,Circuit City Stores,19670,327.8,60
american expeditionary force,Q464176,American Expeditionary Forces,681197,11353.3,60
american embassy,Q134527829,former American embassy,0,0,0
toro,Q23991190,Toro,57394,956.6,60
tori amos,Q193744,Tori Amos,5304518,88408.6,60
quarter pounder,Q125804383,Quarter Pounder: 25 Years of Being Consumed,1523,169.2,9
florence griffith-joyner,Q31082,Florence Griffith Joyner,6392745,106545.8,60
misfits,Q311785,Misfits,104498,1741.6,60
quantum physics,Q1144457,quantum physics,362,25.9,14
american indian movement,Q465140,American Indian Movement,946311,15771.9,60
quadrophenia,Q1123963,Quadrophenia,1355863,22597.7,60
miss jane marple,Q193531,Miss Marple,1767876,29464.6,60
facetime,Q648357,FaceTime,3575028,59583.8,60
brian piccolo,Q912910,Brian Piccolo,1463547,24392.5,60
alley-oop,Q4732199,Alley Oop,248935,4148.9,60
clarence,Q3373079,Clarence,55292,921.5,60
john sununu,Q1699908,John E. Sununu,608654,10144.2,60
fa,Q9168,Persian,159949,2665.8,60
bulge,Q1030752,salient,33,1.4,24
forests,Q4421,forest,1478,25.1,59
fortnite,Q349375,Fortnite,9217093,153618.2,60
claude pepper,Q331244,Claude Pepper,213469,3557.8,60
classical,Q9730,classical music,1444,32.8,44
rashida jones,Q540608,Rashida Jones,17034399,283906.7,60
melodrama,Q1919632,melodrama,39,1.9,20
meghan mccain,Q461063,Meghan McCain,3170932,52848.9,60
ratzinger,Q39031222,Ratzinger,25459,424.3,60
12 tribes of israel,Q2605404,tribes of Israel,2,2.0,1
thong,Q37471103,Thong,1865767,31096.1,60
francis macomber,Q123382694,Francis S. Macomber,0,0,0
francis drake,Q1441642,Francis M. Drake,26767,446.1,60
francois rabelais,Q131018,François Rabelais,722604,12043.4,60
fran tarkenton,Q1285539,Fran Tarkenton,1484097,24735.0,60
bandersnatch,Q60178661,Black Mirror: Bandersnatch,2400654,40010.9,60
frank ocean,Q357645,Frank Ocean,7792477,129874.6,60
purloined letter,Q136267643,"Purloined Letters: Cultural Borrowing and Japanese Crime Literature, 1868–1937",0,0,0
molly bloom,Q47067382,Molly Bloom,368917,6148.6,60
karl lagerfeld,Q76716,Karl Lagerfeld,6433187,107219.8,60
kaftan,Q37550880,Kaftan,1000821,16680.3,60
14th,Q187153,14th arrondissement of Paris,171995,2866.6,60
braniff,Q19901941,Braniff,21758,362.6,60
mcgill university,Q201492,McGill University,2770425,46173.8,60
reaganomics,Q608537,Reaganomics,1726143,28769.0,60
mccloud,Q1030989,McCloud,9929,165.5,60
esprit de corps,Q1465318,morale,59,1.8,32
john lennon & yoko ono,Q47122619,John Lennon and Yoko Ono,0,0,0
traveling wilburys,Q332399,Traveling Wilburys,6426162,107102.7,60
busby,Q503258,Busby Berkeley,517261,8621.0,60
mayflower madam,Q7659834,Sydney Biddle Barrows,154094,2568.2,60
alien and sedition acts,Q1118757,Alien and Sedition Acts,1197225,19953.8,60
kathy ireland,Q262490,Kathy Ireland,1629655,27160.9,60
karen carpenter,Q1250861,Karen Carpenter,8765240,146087.3,60
texas tech,Q7708117,Texas Tech Red Raiders basketball,404054,6734.2,60
texas ranger,Q329816,Texas Rangers,115025,1917.1,60
selective service,Q133897272,Selective Service,38897,648.3,60
cloak & dagger,Q3822411,Cloak & Dagger,4844,80.7,60
texas two-step,Q5177180,country-western two-step,3,1.5,2
andre the giant,Q44368,André the Giant,12096550,201609.2,60
katherine johnson,Q11740,Katherine Johnson,6399309,106655.1,60
katherine harris,Q272787,Katherine Harris,523815,8730.2,60
montgomery clift,Q193102,Montgomery Clift,4895822,81597.0,60
1787,Q13634664,1787,111606,1860.1,60
patent office,Q1148446,patent office,2,1.0,2
pate de foie gras,Q7264578,Pâté de Foie Gras,291,5.0,58
pullman company,Q2002710,Pullman Company,494793,8246.5,60
alfred lunt,Q47513552,Alfred Lunt,199934,3332.2,60
terra firma,Q104830659,Terra Firma,5712,95.2,60
montreux,Q69354,Montreux,626979,10449.6,60
androcles and the lion,Q4759428,Androcles and the Lion,6017,100.3,60
matchbox twenty,Q482444,Matchbox Twenty,2090213,34836.9,60
bounty hunter,Q621613,bounty hunter,35,2.3,15
andré the giant,Q44368,André the Giant,12096550,201609.2,60
yippies,Q1890424,Youth International Party,730870,12181.2,60
proxima centauri,Q14266,Proxima Centauri,3173064,52884.4,60
boulder dam,Q172822,Hoover Dam,4301856,71697.6,60
bouvier,Q526527,Eugène Louis Bouvier,7862,131.0,60
gasoline alley,Q1137794,Gasoline Alley,188563,3142.7,60
andy weir,Q18590295,Andy Weir,1689390,28156.5,60
mary wilson,Q2302368,Mary Wilson,26969,449.5,60
gavin macleod,Q928425,Gavin MacLeod,2494437,41573.9,60
boston harbor,Q894564,Boston Harbor,376463,6274.4,60
elo,Q4357006,Elonet,14052,234.2,60
temple grandin,Q2304429,Temple Grandin,3384233,56403.9,60
tsingtao,Q170322,Qingdao,1585058,26417.6,60
mary mapes dodge,Q2518093,Mary Mapes Dodge,71554,1192.6,60
gena rowlands,Q229258,Gena Rowlands,4126924,68782.1,60
elian gonzalez,Q551503,Elián González Brotons,110,2.7,41
jobs,Q37461660,Jobs,115938,1932.3,60
motley fool,Q7752442,The Motley Fool,674217,11237.0,60
persian gulf war,Q37643,Gulf War,14311563,238526.0,60
joe camel,Q1691355,Joe Camel,371630,6193.8,60
mount shasta,Q748355,Mount Shasta,1669837,27830.6,60
marley & me,Q1129290,Marley & Me,432382,7206.4,60
tuvalu,Q672,Tuvalu,5269285,87821.4,60
el camino real,Q110671301,El Camino Real,79840,1330.7,60
barbie doll,Q97593385,Barbie Doll,14149,235.8,60
joe theismann,Q175963,Joe Theismann,2094307,34905.1,60
albertville,Q159469,Albertville,282883,4714.7,60
alberto tomba,Q1950,Alberto Tomba,374645,6244.1,60
private parts,Q781344,Private Parts,29896,498.3,60
private investigator,Q21160132,Private Investigator,83244,1387.4,60
marilyn manson,Q186327,Marilyn Manson,14713748,245229.1,60
mariel hemingway,Q234101,Mariel Hemingway,3595233,59920.6,60
jimmy breslin,Q15524996,Jimmy Breslin,404608,6743.5,60
years,Q24564698,years old,1,1.0,1
edward i,Q57798,Edward I of England,6391227,106520.4,60
mr. & mrs. smith,Q191040,Mr. & Mrs. Smith,115825,1930.4,60
taps,Q1213746,Taps,632481,10541.4,60
annual percentage rate,Q765188,annual percentage rate,41,2.2,19
typhoons,Q105320895,Typhoons,24088,401.5,60
edsel ford,Q102211294,Edsel Ford Stiel,0,0,0
u.s. senator,Q4416090,United States senator,200655,3344.2,60
edith bunker,Q5338506,Edith Bunker,651948,10865.8,60
u.s.s.r.,Q15180,Soviet Union,31758794,529313.2,60
u.s.s. missouri,Q49356366,U.S.S. Missouri,0,0,0
baby-sitters club,Q3108867,The Baby-Sitters Club,1394832,23247.2,60
parliament hill,Q2036052,Parliament Hill,493490,8224.8,60
ed wynn,Q259537,Ed Wynn,1516118,25268.6,60
kettledrum,Q189737,timpani,443,16.4,27
cole younger,Q1108021,Cole Younger,658420,10973.7,60
glitter,Q5569959,Glitter,648294,10804.9,60
glenn gould,Q216924,Glenn Gould,1449133,24152.2,60
california highway patrol,Q2249117,California Highway Patrol,936432,15607.2,60
eau de cologne,Q2863,eau de cologne,23,1.4,16
tales of the south pacific,Q1535240,South Pacific,65872,1097.9,60
jim garrison,Q6195162,Jim Garrison,1388058,23134.3,60
manchus,Q145665,Manchu,359957,5999.3,60
richard crenna,Q318607,Richard Crenna,2393829,39897.2,60
al roker,Q3240869,Al Roker,4714031,78567.2,60
pride of the yankees,Q1198860,The Pride of the Yankees,477048,7950.8,60
rick moranis,Q336282,Rick Moranis,6856891,114281.5,60
calvary,Q371752,calvary,258,6.5,40
peter & paul,Q4212142,Peter & Paul Fortress Kanal,0,0,0
antioch,Q495357,Antioch,2819124,46985.4,60
rick riordan,Q212727,Rick Riordan,2674769,44579.5,60
union carbide,Q908553,Union Carbide,1080766,18012.8,60
unification church,Q217059,Unification Church,3523896,58731.6,60
paralegal,Q620413,paralegal,105,2.8,37
parakeets,Q114354005,Parakeets,22091,368.2,60
dvorák,Q7298,Antonín Dvořák,2118637,35310.6,60
musharraf,Q40495,Pervez Musharraf,3658770,60979.5,60
sean,Q19801202,Sean,591957,9866.0,60
silas,Q1426982,Silas,510816,8513.6,60
magnum p.i.,Q254689,"Magnum, P.I.",4549280,75821.3,60
dumb,Q135557574,Dumb,83502,1391.7,60
gouverneur morris,Q714960,Gouverneur Morris,644241,10737.4,60
seasonal affective disorder,Q1051223,seasonal affective disorder,60,2.9,21
khmer,Q9205,Khmer,97843,1630.7,60
myna,Q116667,Common myna,1203880,20064.7,60
swedish massage,Q1292880,Swedish massage,22498,375.0,60
swedish meatballs,Q1501015,Swedish meatballs,12391,206.5,60
grandma,Q122364074,GRANDMA,0,0,0
kiki dee,Q447101,Kiki Dee,1985041,33084.0,60
comedian,Q245068,comedian,194,3.9,50
wuhan,Q11746,Wuhan,7154973,119249.6,60
writers guild of america,Q1180240,Writers Guild of America,535714,8928.6,60
grandson,Q94579368,King Von,11341115,189018.6,60
grape-nuts,Q5596987,Grape-Nuts,763048,12717.5,60
grauman's chinese theater,Q1122565,Grauman's Chinese Theatre,1422095,23701.6,60
commodity,Q317088,commodity,258,5.4,48
silvio berlusconi,Q11860,Silvio Berlusconi,5419462,90324.4,60
dreary,Q106359289,Dreary Weather in Ladugårdsgärde,0,0,0
b.j. and the bear,Q1987517,B. J. and the Bear,746560,12442.7,60
peter principle,Q108476794,Peter Principle,124872,2081.2,60
mad anthony wayne,Q574116,Anthony Wayne,709033,11817.2,60
rob zombie,Q298255,Rob Zombie,6667184,111119.7,60
apolo anton ohno,Q329738,Apolo Ohno,1194242,19904.0,60
barry sanders,Q809097,Barry Sanders,4356620,72610.3,60
kilroy,Q16871390,Kilroy,18889,314.8,60
4-leaf clover,Q87576901,🍀,3384,59.4,57
bloom county,Q4573375,Bloom County,382854,6380.9,60
downbeat,Q251192,downtempo,188,3.5,54
sunfish,Q192285,ocean sunfish,214,7.9,27
vaduz,Q1844,Vaduz,940924,15682.1,60
potter stewart,Q1359993,Potter Stewart,645405,10756.8,60
nathan's,Q442125,Nathan Sanford,50304,838.4,60
commonwealth games,Q3684877,Commonwealth Sport,268,11.2,24
compuserve,Q1122074,CompuServe,881831,14697.2,60
ground floor,Q15199485,Ground Floor,264408,4406.8,60
national lampoon's vacation,Q579237,National Lampoon's Vacation,3458918,57648.6,60
vail,Q747987,Vail,29490,491.5,60
king charles ii,Q43274,Charles III,38283745,638062.4,60
king & queen,Q5226333,King & Queen,104264,1737.7,60
guillermo del toro,Q55012258,Guillermo del Toro's Cabinet of Curiosities,4494081,112352.0,40
suicide squad,Q18604504,Suicide Squad,2172512,36208.5,60
valparaiso,Q868888,Valparaiso,72750,1212.5,60
king's ransom,Q859917,King's Ransom,17476,291.3,60
afterword,Q135093669,Afterword,94784,1579.7,60
sukkot,Q182242,Sukkot,2325352,38755.9,60
van allen,Q1886750,Van McCoy,349115,5818.6,60
guy williams,Q562093,Guy Williams,19474,324.6,60
jason robards,Q296630,Jason Robards,3301921,55032.0,60
jason priestley,Q311769,Jason Priestley,3247848,54130.8,60
love actually,Q15902643,Love Actually,10228725,170478.8,60
peyote,Q271937,Lophophora williamsii,47625,793.8,60
azkaban,Q715509,Azkaban,84682,1411.4,60
louis xvii,Q49765,Louis XVII of France,782832,13047.2,60
rod mckuen,Q1341627,Rod McKuen,489292,8154.9,60
basra,Q48195,Basra,1182710,19711.8,60
jason patric,Q361412,Jason Patric,4664179,77736.3,60
roger chaffee,Q345678,Roger Bruce Chaffee,500,8.3,60
louis malle,Q55392,Louis Malle,1495261,24921.0,60
stubhub,Q7627285,StubHub,535209,8920.1,60
dogfight,Q5288336,Dogfight,1068064,17801.1,60
janet gaynor,Q182462,Janet Gaynor,870425,14507.1,60
janet,Q131324,Janet Jackson,12395870,206597.8,60
doctor octopus,Q63761127,Otto Octavius,16982,283.0,60
roger goodell,Q2271796,Roger Goodell,2322305,38705.1,60
james van der beek,Q313392,James Van Der Beek,4381236,73020.6,60
james spader,Q296928,James Spader,11308597,188476.6,60
roman candle,Q164135,Yucca gloriosa,151990,2533.2,60
dj khaled,Q80805,DJ Khaled,9199412,153323.5,60
hanoi hilton,Q1359941,Hỏa Lò Prison,729440,12157.3,60
strawberry shortcake,Q990035,Strawberry Shortcake,1124478,18741.3,60
strategic air command,Q937064,Strategic Air Command,929624,15493.7,60
strasbourg,Q6602,Strasbourg,3545532,59092.2,60
neve campbell,Q193482,Neve Campbell,9404360,156739.3,60
strait of malacca,Q48359,Strait of Malacca,1357848,22630.8,60
lone star,Q1439,Texas,18176413,302940.2,60
dirk gently,Q25396458,Dirk Gently's Holistic Detective Agency,647687,10794.8,60
carlton fisk,Q1043433,Carlton Fisk,767564,12792.7,60
carl yastrzemski,Q956100,Carl Yastrzemski,1676688,27944.8,60
carly rae jepsen,Q52583,Carly Rae Jepsen,3848544,64142.4,60
pop warner,Q5569101,Glenn Scobey Warner,79633,1327.2,60
sticky wicket,Q7616324,Sticky Wicket,17857,297.6,60
stock exchange,Q11691,stock exchange,461,9.8,47
conifers,Q132825,conifer,127,2.7,47
packard,Q19836286,Packard,1187572,19792.9,60
haute couture,Q216053,haute couture,1108,29.2,38
haunted house,Q3361561,Haunted House,28107,468.4,60
james ivory,Q51577,James Ivory,872461,14541.0,60
wiz khalifa,Q19756862,See You Again,2025883,33764.7,60
hatfields & mccoys,Q501529,Hatfields & McCoys,4286,71.4,60
hasta la vista,Q5680134,Hasta la Vista,500,8.3,60
hawkeye pierce,Q4589108,Benjamin Franklin 'Hawkeye' Pierce,0,0,0
live and let die,Q27204,Live and Let Die,29622,493.7,60
lizzie mcguire,Q635717,Lizzie McGuire,2168422,36140.4,60
nicolas sarkozy,Q329,Nicolas Sarkozy,4010772,66846.2,60
heart of gold,Q1592434,Heart of Gold,41508,691.8,60
hearst castle,Q378143,Hearst Castle,2457388,40956.5,60
detroit free press,Q601669,Detroit Free Press,288416,4806.9,60
carrot top,Q1820421,Les Anderson,3397,56.6,60
constantin stanislavski,Q49484,Constantine Stanislavsky,404,6.8,59
virgil tibbs,Q2110866,Virgil Tibbs,133111,2218.5,60
heinrich hertz,Q41257,Heinrich Hertz,999698,16661.6,60
vitruvian man,Q62694409,Vitruvian Man,3874442,64574.0,60
little america,Q979816,Little America,25109,418.5,60
pharmacists,Q7180775,Pharmacists' Defence Association,19641,327.4,60
contralto,Q37137,contralto,73,2.9,25
scooter libby,Q380441,Scooter Libby,913447,15224.1,60
battle of waterloo,Q48314,Battle of Waterloo,10138499,168975.0,60
bill walton,Q363246,Bill Walton,4827075,80451.2,60
henderson,Q49267,Henderson,84909,1415.2,60
bill monroe,Q170042,Bill Monroe,756113,12601.9,60
bill bixby,Q498503,Bill Bixby,3281669,54694.5,60
slim pickens,Q1277039,Slim Pickens,2128947,35482.4,60
henry knox,Q355680,Henry Knox,880984,14683.1,60
lindsey graham,Q22212,Lindsey Graham,6615346,110255.8,60
denmark & norway,Q95267942,"Denmark & Norway, Christian VII., King of",0,0,0
plo,Q1771695,PLOS Biology,82455,1374.2,60
nora roberts,Q231356,Nora Roberts,1280629,21343.8,60
jack warner,Q1566430,Jack Warner,40119,668.6,60
koan,Q37464176,Koan,1122770,18712.8,60
lily pons,Q242387,Lily Pons,224554,3742.6,60
higgs boson,Q402,Higgs boson,5024373,83739.6,60
deeds,Q37071533,Deeds,11856,197.6,60
deism,Q620629,deism,483,16.7,29
russian orthodox,Q60995,Russian Orthodox Church,2940500,49008.3,60
jack valenti,Q1380767,Jack Valenti,242355,4039.2,60
jack russell,Q390197,Jack Russell,34980,583.0,60
wind chill,Q1044340,wind chill,39,1.9,21
life of brian,Q24953,Monty Python’s Life of Brian,3747,62.5,60
achilles' heel,Q33785,Achilles' heel,1662854,27714.2,60
sacks,Q1134144,cornhole,42,2.8,15
windex,Q291140,Windex,277702,4628.4,60
out-of-towners,Q683129,The Out-of-Towners,5660,94.3,60
st. basil,Q44258,Basil of Caesarea,758131,12635.5,60
st. andrew's,Q7586923,St Andrews,956711,15945.2,60
lesley gore,Q98767059,Lesley Gore,2801472,46691.2,60
saginaw bay,Q49390417,Saginaw Bay,85523,1425.4,60
wally schirra,Q110450,Wally Schirra,839780,13996.3,60
our miss brooks,Q1561896,Our Miss Brooks,401877,6697.9,60
ace ventura,Q135932234,Ace Ventura,907442,15124.0,60
david stockman,Q1176745,David Stockman,222220,3703.7,60
saint denis,Q160506,Saint-Denis,17004,283.4,60
leonids,Q48779920,Leonīds,0,0,0
saint louis,Q273779,Saint-Louis,6461,107.7,60
places in the heart,Q59073,Places in the Heart,1019596,16993.3,60
willie sutton,Q7933536,Willie Sutton,555555,9259.2,60
dave matthews,Q380381,Dave Matthews,3962306,66038.4,60
asterix,Q42490,Asterix,2777580,46293.0,60
leipzig,Q2079,Leipzig,3327393,55456.6,60
pixies,Q188464,Pixies,149823,2497.1,60
abyssinia,Q207521,Ethiopian Empire,2733400,45556.7,60
oases,Q43742,oasis,511,8.7,59
splendor in the grass,Q3966927,Splendor in the Grass,1053211,17553.5,60
leghorn,Q6761,Livorno,763964,12732.7,60
cedric the entertainer,Q5057168,Cedric the Entertainer Presents,58941,982.4,60
dangerous minds,Q16989080,Dangerous Minds,1948744,32479.1,60
snapdragon,Q156692,Linaria,91413,1523.5,60
snagglepuss,Q2722789,Snagglepuss,719919,11998.6,60
occam's razor,Q131012,Occam's razor,9743678,162394.6,60
damon wayans,Q382420,Damon Wayans,6553433,109223.9,60
dance dance revolution,Q908392,Dance Dance Revolution,878724,14645.4,60
octavian,Q56728124,Octavian,599984,9999.7,60
corsair,Q2385117,Corsair,544199,9070.0,60
phone booth,Q1143785,telephone booth,326,19.2,17
league of legends,Q223341,League of Legends,8670246,144504.1,60
hume cronyn,Q395205,Hume Cronyn,1582963,26382.7,60
daisy duke,Q1776723,Daisy Duke,1147626,19127.1,60
dade county,Q468557,Miami-Dade County,188726,3145.4,60
daddy long legs,Q117481465,Playing for Time,3777,63.0,60
cote d'ivoire,Q1008,Ivory Coast,7174336,119572.3,60
charles rolls,Q21646583,Charles Rolls,409548,6825.8,60
côte d'azur,Q182822,French Riviera,2108954,35149.2,60
hurdy-gurdy,Q207821,hurdy-gurdy,94,4.1,23
century 21,Q1054480,Century 21 Real Estate,187315,3121.9,60
central pacific,Q14210573,Central Pacific,8157,135.9,60
bells of st. mary's,Q56273754,The Bells of St. Mary's,555568,9259.5,60
bells are ringing,Q2323002,Bells Are Ringing,4891,81.5,60
cottonwood,Q68127,Cottonwood,191624,3193.7,60
william buckley,Q4019946,William Buckley,39183,653.0,60
cesare,Q18341985,Cesare,28142,469.0,60
soundgarden,Q174817,Soundgarden,4332757,72212.6,60
westeros,Q3623561,Westeros,262852,4380.9,60
whatchamacallit,Q124881206,Whatchamacallit,49164,819.4,60
curious,Q11964251,Curious,38407,640.1,60
charles messier,Q14524,Charles Messier,255021,4250.4,60
ida lupino,Q148669,Ida Lupino,2091042,34850.7,60
olé,Q2097883,Ole,21490,358.2,60
what to expect when you're expecting,Q616649,What to Expect When You're Expecting,152827,2547.1,60
chaise longue,Q1059232,chaise longue,27,1.5,18
omaha beach,Q464257,Omaha Beach,2532770,42212.8,60
ira levin,Q317631,Ira Levin,641771,10696.2,60
wilhelm röntgen,Q35149,Wilhelm Röntgen,1356488,22608.1,60
crystal cathedral,Q1051217,Crystal Cathedral,141471,2357.8,60
beguine,Q147618,Beguines and Beghards,261535,4358.9,60
champ,Q192378,Champigny-sur-Marne,87782,1463.0,60
white & red,Q90812259,red and white,0,0,0
sonny and cher,Q907445,Sonny & Cher,2019383,33656.4,60
langhorne,Q107311731,Langhorne,7299,121.7,60
crossroads,Q6346,Indianapolis,4637816,77296.9,60
critique,Q2375522,Critique,274555,4575.9,60
indiana jones and the last crusade,Q185658,Indiana Jones and the Last Crusade,5393182,89886.4,60
sardi's,Q7423790,Sardi's,241958,4032.6,60
savings & loans,Q2228157,Savings & Loans,1304,21.7,60
into the wild,Q135055589,Into the Wild,48318,805.3,60
infomercial,Q1662452,infomercial,31,2.1,15
crayons,Q107356666,Crayons,22941,382.4,60
savannah guthrie,Q2227969,Savannah Guthrie,3302504,55041.7,60
social security number,Q5612679,Social Security number,2312255,38537.6,60
piccadilly,Q1124023,Piccadilly,643806,10730.1,60
charles & diana,Q13435381,Charles & Diana: A Royal Love Story,22696,709.2,32
opera house,Q153562,opera house,25,3.1,8
lithuanian,Q9083,Lithuanian,48502,808.4,60
aclu,Q131845363,American Civil Liberties Union Foundation of Florida,0,0,0
barbary ape,Q199962,Macaca sylvanus,11319,188.7,60
zippers,Q48818852,Zippers,10639,177.3,60
marilyn quayle,Q442258,Marilyn Quayle,468086,7801.4,60
inside the actors studio,Q1144268,Inside the Actors Studio,715038,11917.3,60
hezbollah,Q41053,Hezbollah,11530916,192181.9,60
lord mountbatten,Q157068,"Louis Mountbatten, 1st Earl Mountbatten of Burma",17335957,288932.6,60
"no, no, nanette",Q1994415,"No, No, Nanette",212380,3539.7,60
robert packwood,Q888183,Bob Packwood,284097,4734.9,60
u.s. flag,Q286608,United States Flag Code,839663,13994.4,60
crèche,Q31732,nativity scene,187,4.2,44
i don't know,Q99528839,I Don’t Know,0,0,0
central intelligence agency,Q37230,Central Intelligence Agency,10219943,170332.4,60
hurry,Q1659611,"Hurry Up, We're Dreaming",426155,7102.6,60
gila,Q2708321,Gila,31959,532.6,60
sydney biddle barrows,Q7659834,Sydney Biddle Barrows,154094,2568.2,60
kim possible,Q203707,Kim Possible,2485783,41429.7,60
abu simbel,Q134140,Abu Simbel,1702454,28374.2,60
madame curie,Q621716,Madame Curie,16832,280.5,60
eastern airlines,Q611742,Eastern Air Lines,1254657,20911.0,60
lucia di lammermoor,Q244209,Lucia di Lammermoor,570303,9505.0,60
escape from alcatraz,Q496316,Escape from Alcatraz,13953,232.6,60
dazed and confused,Q39975,Dazed and Confused,42620,710.3,60
sir john gielgud,Q204685,John Gielgud,2117112,35285.2,60
bay city rollers,Q812073,Bay City Rollers,2243741,37395.7,60
big hero 6,Q13091172,Big Hero 6,71230,1187.2,60
roberto rossellini,Q53003,Roberto Rossellini,1532340,25539.0,60
cook strait,Q5023,Cook Strait,331641,5527.4,60
jessica hahn,Q4495352,Jessica Hahn,1626599,27110.0,60
anne heche,Q234610,Anne Heche,21868710,364478.5,60
reversal of fortune,Q1210973,Reversal of Fortune,768104,12801.7,60
john audubon,Q182882,John James Audubon,1010461,16841.0,60
property taxes,Q112080130,"Property taxes and local economic development : Pennsylvania, 1976-1980",0,0,0
john cage,Q180727,John Cage,2029779,33829.7,60
red eye,Q200594,common rudd,11,2.2,5
john bolton,Q311269,John Bolton,3111350,51855.8,60
john daly,Q111227669,John Daly,58587,976.5,60
freddie prinze,Q309756,Freddie Prinze Jr.,10764104,179401.7,60
md,Q217,Moldova,13582763,226379.4,60
kaboodle,Q21467883,Kaboodle,2,1.0,2
paul hamm,Q887498,Paul Hamm,217361,3622.7,60
yule,Q19857423,Yule,2758176,45969.6,60
timberland,Q7804696,Timberland,57432,957.2,60
messi,Q615,Lionel Messi,78262422,1304373.7,60
queen's gambit,Q107925,Queen's Gambit,5041320,84022.0,60
flares,Q5457475,Flares,30636,510.6,60
judiciary committee,Q63910877,Judiciary Committee Files (NAID 648636),0,0,0
balenciaga,Q1530892,Balenciaga,5898900,98315.0,60
virginal,Q922337,virginal,27,1.8,15
stencil,Q504073,stencil,72,2.6,28
admiralty,Q2924826,Admiralty List of Lights and Fog Signals,0,0,0
scottsdale,Q49221,Scottsdale,40167,669.5,60
bishop fulton sheen,Q67609082,BISHOP FULTON SHEEN (NAID 120340),0,0,0
harold ramis,Q286890,Harold Ramis,9202903,153381.7,60
king solomon's mines,Q1137494,King Solomon's Mines,857398,14290.0,60
louis comfort tiffany,Q312950,Louis Comfort Tiffany,713439,11890.6,60
palo alto,Q47265,Palo Alto,275360,4589.3,60
kingston jamaica,Q34692,Kingston,161353,2689.2,60
gulf of alaska,Q180531,Gulf of Alaska,369323,6155.4,60
april fool's day,Q80949,April Fools' Day,6139858,102331.0,60
nancy davis reagan,Q193426,Nancy Reagan,5010314,83505.2,60
committees of correspondence,Q1115748,Committees of Correspondence for Democracy and Socialism,166405,2773.4,60
comcast,Q1113804,Comcast,5554843,92580.7,60
jessica,Q44077,Jessica Alba,15233889,253898.1,60
my darling clementine,Q370252,My Darling Clementine,667414,11123.6,60
jiffy lube,Q6192247,Jiffy Lube,319661,5327.7,60
tales of hoffmann,Q2249349,The Tales of Hoffmann,611320,10188.7,60
easter seals,Q446094,American Lung Association,83013,1383.5,60
anopheles mosquito,Q44164203,Anopheles mosquito bites activate cutaneous mast cells leading to a local inflammatory response and lymph node hyperplasia.,0,0,0
caldecott medal,Q1026417,Caldecott Medal,443465,7391.1,60
pension,Q2460422,guest house,184,16.7,11
rem sleep,Q211402,rapid eye movement sleep,36,3.0,12
genuflect,Q5533808,Genuflect,12687,211.4,60
ellesmere island,Q146841,Ellesmere Island,883947,14732.5,60
gatling gun,Q272975,Gatling gun,2094426,34907.1,60
g.i. jane,Q526690,G.I. Jane,2695287,44921.4,60
gale sayers,Q503760,Gale Sayers,2079964,34666.1,60
pern,Q387253,Pern,30542,509.0,60
while you were sleeping,Q14518812,While You Were Sleeping,16159,269.3,60
katherine,Q108631,Katherine,616331,10272.2,60
omar,Q357387,Omar Sy,5040645,84010.8,60
odes,Q1874,Odesa,1523291,25388.2,60
lautrec,Q82445,Henri de Toulouse-Lautrec,2582937,43048.9,60
samoyed,Q941253,Samoyeds,161657,2694.3,60
abyssinians,Q1535896,The Abyssinians,82729,1378.8,60
krazy glue,Q17192428,Krazy Glue,41137,685.6,60
berklee,Q248970,Berklee College of Music,2160500,36008.3,60
house at pooh corner,Q5914549,House at Pooh Corner,3559,59.3,60
assad,Q37219654,Assad,47672,794.5,60
all-american,Q54202857,All American,54069,901.1,60
allen ludden,Q640259,Allen Ludden,3837074,63951.2,60
alliance for progress,Q4732394,Alliance for Progress,168968,2816.1,60
bulkheads,Q64513933,Bulkheads,1754,29.2,60
fallacy,Q186150,fallacy,491,19.6,25
jokers,Q3209183,The Jokers,61919,1032.0,60
fasting,Q44602,fasting,749,22.7,33
jose greco,Q9013904,José Greco,73122,1218.7,60
lion's share,Q616954,lion's share,19,1.4,14
overeaters anonymous,Q2042328,Overeaters Anonymous,118086,1968.1,60
bald eagles,Q67697583,Bald Eagles (NAID 1697861),0,0,0
peloponnesian league,Q208742,Peloponnesian League,373148,6219.1,60
humperdinck,Q1192176,9913 Humperdinck,4056,67.6,60
once upon a time... in hollywood,Q47300912,Once Upon a Time in Hollywood,24044072,400734.5,60
barbara hutton,Q255620,Barbara Hutton,2020537,33675.6,60
johanna spyri,Q123053,Johanna Spyri,297100,4951.7,60
joseph bonaparte,Q7726,Joseph Bonaparte,1472413,24540.2,60
cousin itt,Q2355037,Cousin Itt,1100478,18341.3,60
arrakis,Q130553802,Arrakis,1075877,17931.3,60
woody hayes,Q8033668,Woody Hayes,772856,12880.9,60
bally,Q37080030,Bally,54130,902.2,60
mesabi range,Q909225,Mesabi Range,247961,4132.7,60
daily news,Q627827,New York Daily News,838884,13981.4,60
heliopolis,Q2739389,Heliopolis,46159,769.3,60
zion national park,Q205325,Zion National Park,1573595,26226.6,60
after,Q133271047,After,232231,3870.5,60
christoph waltz,Q76819,Christoph Waltz,8549571,142492.9,60
pro bowl,Q786705,Pro Bowl,2466114,41101.9,60
hallelujah chorus,Q31837673,Hallelujah Chorus,31570,526.2,60
hal prince,Q605924,Harold Prince,324571,5409.5,60
halvah,Q183599,halva,49915,1848.7,27
hamas,Q38799,Hamas,21323029,355383.8,60
zima,Q12779398,Zima,50547,842.5,60
haiphong,Q72818,Haiphong,487057,8117.6,60
black muslims,Q2908396,Black Muslim movement,0,0,0
hansel,Q37503358,Hansel,15018,250.3,60
hank williams jr.,Q552819,Hank Williams Jr.,4712941,78549.0,60
black & blue,Q2905291,Black & Blue,4847,80.8,60
christine baranski,Q229134,Christine Baranski,6882537,114708.9,60
chumbawamba,Q110528517,Chumbawamba's albums in chronological order,0,0,0
harold arlen,Q106350766,Harold Arlen and Yip Harburg,0,0,0
church and state,Q1742827,state and religion,0,0,0
harry bosch,Q2607112,Harry Bosch,1439404,23990.1,60
harris tweed,Q16937312,Harris Tweed,239030,3983.8,60
blast from the past,Q79646232,Blast from the Past,9831,163.8,60
harvey korman,Q717656,Harvey Korman,2505900,41765.0,60
harry winston,Q2522402,Harry Winston,573818,9563.6,60
young goodman brown,Q595934,Young Goodman Brown,387143,6452.4,60
christiane amanpour,Q236939,Christiane Amanpour,3009863,50164.4,60
rudy vallee,Q973228,Rudy Vallée,531231,8853.9,60
russell stover,Q7381799,Russell Stover Candies,204349,3405.8,60
russell westbrook,Q196185,Russell Westbrook,9586352,159772.5,60
gulf war,Q37643,Gulf War,14311563,238526.0,60
yin-yang,Q114510979,Yin-Yang,14150,235.8,60
"yes, virginia, there is a santa claus",Q1523055,"Yes, Virginia, there is a Santa Claus",692021,11533.7,60
carioca,Q9184548,Carioca,320211,5336.9,60
henley,Q16870698,Henley,40599,676.6,60
bill parcells,Q364415,Bill Parcells,2330225,38837.1,60
henry paulson,Q311025,Henry Paulson,1132188,18869.8,60
bill graham,Q956335,Bill Graham,23289,388.1,60
henry louis gates,Q561458,"Henry Louis Gates, Jr.",75495,1258.2,60
chris columbus,Q75079,Chris Columbus,17481,291.4,60
xanthippe,Q104307820,Xanthippe,447785,7463.1,60
xbox,Q48263,Xbox 360,6716632,111943.9,60
herbert clark hoover,Q35236,Herbert Hoover,8956439,149274.0,60
big rock candy mountain,Q4906230,The Big Rock Candy Mountains,212216,3596.9,59
hernán cortés,Q7326,Hernán Cortés,4170615,69510.2,60
big trouble in little china,Q859494,Big Trouble in Little China,2523344,42055.7,60
hexagram,Q1164668,hexagram,315,7.2,44
hidden valley,Q49811674,Hidden Valley,37769,629.5,60
hindus,Q668,India,528406108,8806768.5,60
grimaldi,Q23038861,Grimaldi,36542,609.0,60
big board,Q13677,New York Stock Exchange,7277190,121286.5,60
big broadcast,Q7717551,The Big Broadcast,49352,822.5,60
world book encyclopedia,Q2565203,World Book Encyclopedia,325921,5432.0,60
gregory hines,Q367653,Gregory Hines,2874746,47912.4,60
bicycle kick,Q860430,bicycle kick,1815,78.9,23
clapton,Q22910035,Clapton,27932,465.5,60
hms victory,Q213958,HMS Victory,3121744,52029.1,60
clark county,Q108403,Clark County,57757,962.6,60
home front,Q703006,home front,42,3.5,12
beverly hills hotel,Q2021533,Beverly Hills Hotel,116857,1947.6,60
honky-tonk,Q3140141,honky tonk,5,1.7,3
horn of plenty,Q3140652,Horn of Plenty,80391,1339.8,60
greater antilles,Q104850354,Greater Antilles mangroves,20245,337.4,60
blue crush,Q885677,Blue Crush,798328,13305.5,60
hornets,Q134969,R.E.M.,12464485,207741.4,60
hot topic,Q9294032,Hot Topic,747259,12454.3,60
hottentots,Q459387,Khoisan,1797852,29964.2,60
clayton kershaw,Q520665,Clayton Kershaw,2993453,49890.9,60
william wegman,Q567366,William Wegman,4034,67.2,60
william masters,Q3235877,William H. Masters,8087,134.8,60
william miller,Q8015640,William Miller,28173,469.6,60
howard hesseman,Q194881,Howard Hesseman,2005428,33423.8,60
grease monkey,Q327029,mechanic,81,2.5,33
gray whales,Q898360,Eschrichtiidae,53410,890.2,60
howling,Q1170554,The Howling,110639,1844.0,60
hue & cry,Q71861,Hue and Cry,21180,353.0,60
benjamin banneker,Q557600,Benjamin Banneker,982909,16381.8,60
huggies,Q3142214,Huggies,300619,5010.3,60
hullabaloo,Q18153237,Hullabaloo,19389,323.1,60
beneath the planet of the apes,Q469620,Beneath the Planet of the Apes,1628965,27149.4,60
wildcard,Q66817482,Wildcard,11478,191.3,60
ben vereen,Q770841,Ben Vereen,1484650,24744.2,60
granny smith apple,Q97274021,GRANNY SMITH APPLE PIE & COFFEE,0,0,0
ross ice shelf,Q200255,Ross Ice Shelf,386300,6438.3,60
belvedere,Q742848,Belvédère,25408,423.5,60
who moved my cheese?,Q892375,Who Moved My Cheese?,1304074,21734.6,60
beluga whale,Q132072,beluga whale,1099,44.0,25
i was a teenage werewolf,Q847276,I Was a Teenage Werewolf,221218,3687.0,60
ian,Q18336315,Ian,512697,8545.0,60
blythe danner,Q40064,Blythe Danner,4699029,78317.1,60
graham nash,Q357211,Graham Nash,3198210,53303.5,60
ice storm,Q304958,ice storm,39,2.2,18
grace period,Q5591337,Grace Period,2580,43.0,60
iggy azalea,Q2748803,Iggy Azalea,7590925,126515.4,60
dj jazzy jeff,Q553846,DJ Jazzy Jeff,1498807,24980.1,60
improv,Q7892,drinking water,93,3.0,31
gorillas in the mist,Q134219544,Gorillas in the Mist,898271,14971.2,60
sabine women,Q29235191,Sabine women throwing themselves between the Romans and the Sabines,0,0,0
inane,Q26224603,Inanekelok,0,0,0
bob & carol & ted & alice,Q2731768,Bob & Carol & Ted & Alice,580850,9680.8,60
dirty jobs,Q676924,Dirty Jobs,551383,9189.7,60
before common era,Q29964144,year BC,0,0,0
goodbye girl,Q5583277,Goodbye Girl,11060,184.3,60
india & china,Q79743820,India & China: time to catch up,0,0,0
beersheba,Q41843,Beersheba,1297956,21632.6,60
weber,Q65929085,Weber,100186,1669.8,60
roman holiday,Q201293,Roman Holiday,2138734,35645.6,60
ingmar,Q645672,Ingmar,19755,329.2,60
rogers hornsby,Q262945,Rogers Hornsby,623734,10395.6,60
roget's thesaurus,Q115783847,Roget's Thesaurus 1911 MICRA-expanded,0,0,0
goo goo dolls,Q2394527,Goo Goo Dolls,3422730,57045.5,60
gone in 60 seconds,Q502384,Gone in 60 Seconds,27206,453.4,60
golden temple,Q180422,Harmandir Sahib,341461,5691.0,60
"golden, colorado",Q983543,Golden,118775,1979.6,60
international herald tribune,Q678086,The New York Times International Edition,147340,2455.7,60
bobby hull,Q456688,Bobby Hull,1242797,20713.3,60
doctor in the house,Q17037959,Doctor in the House,145727,2428.8,60
gold glove,Q120649,Rawlings Gold Glove Award,372394,6206.6,60
irish eyes,Q6070716,Irish Eyes,5616,93.6,60
beats per minute,Q743895,beats per minute,15,1.4,11
wally cox,Q240998,Wally Cox,1408118,23468.6,60
gods must be crazy,Q647665,The Gods Must Be Crazy,2110046,35167.4,60
beaufort scale,Q170464,Beaufort Scale,19098,318.3,60
beaufort sea,Q131274,Beaufort Sea,329678,5494.6,60
bear bryant,Q278804,Bear Bryant,2016338,33605.6,60
rocky & bullwinkle,Q15270994,Rocky and Bullwinkle,65811,1096.8,60
itzhak,Q34981,Isaac Asimov,7814631,130243.9,60
jack anderson,Q113002961,Jack Anderson,13912,231.9,60
jack aubrey,Q2519212,Jack Aubrey,385454,6424.2,60
gnomon,Q1533284,Gnomon,451811,7530.2,60
volcanic eruptions,Q110817828,Volcanic eruptions of Sakurajima,0,0,0
battle of jutland,Q156554,Battle of Jutland,2498420,41640.3,60
jamba juice,Q3088784,Jamba Juice,441554,7359.2,60
globe theater,Q42538167,Strand Theatre,9848,164.1,60
dior,Q542767,Christian Dior,4559381,75989.7,60
robin quivers,Q7352728,Robin Quivers,1257256,20954.3,60
rocinante,Q1918252,Rocinante,528704,8811.7,60
virginia tech,Q7934614,Virginia Tech Hokies men's basketball,208557,3475.9,60
jamaica inn,Q497005,Jamaica Inn,200459,3341.0,60
vision quest,Q1139277,Vision Quest,768744,12812.4,60
james harden,Q136678,James Harden,9939668,165661.1,60
vince mcmahon,Q44430,Vince McMahon,14296672,238277.9,60
victrola,Q7927594,Victrola,79919,1332.0,60
jay mcinerney,Q721578,Jay McInerney,403866,6731.1,60
jason kidd,Q221341,Jason Kidd,5976917,99615.3,60
dogberry,Q966130,Sorbus decora,34608,576.8,60
jean smart,Q239069,Jean Smart,8020411,133673.5,60
victor frankenstein,Q2320164,Victor Frankenstein,1263104,21051.7,60
saint valentine,Q192151,Saint Valentine,4151397,69189.9,60
saint veronica,Q196653,Saint Veronica,685597,11426.6,60
bartolomeu dias,Q130377,Bartolomeu Dias,887492,14791.5,60
jennifer capriati,Q11680,Jennifer Capriati,2318615,38643.6,60
jenna ortega,Q21738166,Jenna Ortega,34395207,573253.4,60
barry diller,Q587455,Barry Diller,1372485,22874.8,60
giovanni,Q1158906,Giovanni,65668,1094.5,60
giovanni da verrazzano,Q147676,Giovanni da Verrazzano,552827,9213.8,60
"salem, oregon",Q43919,Salem,289877,4831.3,60
sally hemings,Q257464,Sally Hemings,3801895,63364.9,60
vernon castle,Q740036,Genesis P-Orridge,1379539,22992.3,60
vernon dursley,Q11910388,Vernon Dursley,141853,2364.2,60
barnaby rudge,Q2362527,Barnaby Rudge,276128,4602.1,60
bomber,Q17018049,Bomber,1024705,17078.4,60
gilbert gottfried,Q221464,Gilbert Gottfried,8060283,134338.0,60
gilbert grape,Q660894,What's Eating Gilbert Grape,4760490,79341.5,60
jimmy eat world,Q642988,Jimmy Eat World,1719788,28663.1,60
barcarolle,Q658334,barcarolle,7,2.3,3
joe cool,Q348011,Joe Montana,6867323,114455.4,60
jockey club,Q3179915,Jockey-Club de Paris,71940,1199.0,60
van pelt,Q41341994,Abraham van Pelt,0,0,0
vasectomy,Q690838,vasectomy,175,4.6,38
robert atkins,Q333736,Robert Atkins,8614,143.6,60
dogs of war,Q1234781,Dogs of War,2917,48.6,60
john birch,Q6221947,John Birch,11110,185.2,60
ghost and mrs. muir,Q1304578,The Ghost and Mrs. Muir,711491,11858.2,60
bonnaroo,Q2984221,Bonnaroo Music Festival,548977,9149.6,60
barbara fritchie,Q4858903,Barbara Fritchie,90079,1501.3,60
banquette,Q2883457,banquette,49,1.2,42
ute,Q2502926,Ute,55903,931.7,60
john davidson,Q3181327,John Davidson,25698,428.3,60
john dewey,Q131805,John Dewey,2669183,44486.4,60
"baltimore, maryland",Q5092,Baltimore,7540153,125669.2,60
john wycliffe,Q173893,John Wycliffe,1480290,24671.5,60
jolt,Q497332,jerk,78,2.4,33
ballerinas,Q110842921,Ballerinas,5044,84.1,60
joseph gordon-levitt,Q177311,Joseph Gordon-Levitt,11686141,194769.0,60
joseph hansom,Q1707184,Joseph Hansom,41380,689.7,60
journal of the american medical association,Q27718091,Journal of the American Medical Association,96535,1608.9,60
jovian,Q19968038,Jovian,55363,922.7,60
up in smoke,Q1381289,Up in Smoke,853937,14232.3,60
josh groban,Q218083,Josh Groban,6377698,106295.0,60
georgia dome,Q1058931,Georgia Dome,667576,11126.3,60
united states senate,Q66096,United States Senate,346708256,5778470.9,60
baileys,Q285480,Baileys Irish Cream,2236587,37276.4,60
chi-chi,Q107580237,Chi Chi,5624,93.7,60
chicago board of trade,Q1071867,Chicago Board of Trade,335301,5588.4,60
commodore matthew perry,Q61855,Matthew C. Perry,1529109,25485.2,60
river shannon,Q192820,River Shannon,409398,6823.3,60
dollhouse,Q111280260,Dollhouse,210368,3506.1,60
united states air force,Q11223,United States Air Force,8644696,144078.3,60
jungle cruise,Q24285605,Jungle Cruise,743717,12395.3,60
unfinished,Q21824756,Unfinished,11147,185.8,60
bad santa,Q126693149,Bad Santa,1711727,28528.8,60
jurassic world,Q2336369,Jurassic Park,8908268,148471.1,60
under the tuscan sun,Q41315,Under the Tuscan Sun,5958,99.3,60
jura,Q3120,Jura,85287,1421.5,60
compassion,Q1412160,compassion,235,5.0,47
riptide,Q126696024,Riptide,30543,509.1,60
dikes,Q37437171,Dikes,2955,49.2,60
back in black,Q155715,Back in Black,2534033,42233.9,60
general william westmoreland,Q67634278,GENERAL WILLIAM WESTMORELAND ADDRESSES CONGRESS (NAID 128492),0,0,0
general dynamics,Q502940,General Dynamics,2649296,44154.9,60
keely smith,Q449412,Keely Smith,615772,10262.9,60
kenesaw mountain landis,Q3106481,Kenesaw Mountain Landis,729239,12154.0,60
udall,Q37516014,Udall,3559,59.3,60
kewpie,Q11297548,Kewpie Corporation,0,0,0
kevin james,Q44561,Kevin James,7887092,131451.5,60
khalid,Q28816483,Khalid,251742,4195.7,60
don adams,Q464367,Don Adams,1717176,28619.6,60
kickapoo,Q1429504,Kickapoo,56308,938.5,60
kicker,Q62445094,kicker.de,0,0,0
killarney,Q623382,Killarney,858408,14306.8,60
king minos,Q122699039,King Minos,38691,644.9,60
kids are all right,Q380841,The Kids Are All Right,5474,91.2,60
kingfish,Q314384,Huey Long,3691136,61518.9,60
kingdom of heaven,Q207698,Kingdom of Heaven,46773,779.5,60
"kitty hawk, north carolina",Q628311,Kitty Hawk,69724,1162.1,60
klute,Q1348177,Klute,1113983,18566.4,60
tusk,Q749617,Tusk,640265,10671.1,60
klm royal dutch,Q181912,KLM,2850470,47507.8,60
klondike bar,Q11299865,Klondike bar,364847,6080.8,60
tutsi,Q193092,Tutsi,2109144,35152.4,60
knicks,Q131364,New York Knicks,5052685,84211.4,60
"boulder, colorado",Q192517,Boulder,444277,7404.6,60
avila,Q15688,Ávila,210852,3514.2,60
garden of earthly delights,Q135027509,Garden of Earthly Delights,29549,492.5,60
garden of gethsemane,Q205333,Gethsemane,1645824,27430.4,60
tug mcgraw,Q2459273,Tug McGraw,1535249,25587.5,60
l'enfant,Q134922994,L'Enfant,9777,162.9,60
kwai,Q10945273,Ji,119044,1984.1,60
sample,Q20997795,Sample,155888,2598.1,60
bourne identity,Q105624,The Bourne Identity,38688,644.8,60
congress of racial equality,Q1125901,Congress of Racial Equality,372305,6205.1,60
galápagos islands,Q38095,Galapagos Islands,111237,1854.0,60
labor party,Q216082,Australian Labor Party,2551562,42526.0,60
tristan und isolde,Q1324254,Tristan und Isolde,884810,14746.8,60
austerlitz,Q2380583,Austerlitz,85967,1432.8,60
richard scarry,Q724817,Richard Scarry,690726,11512.1,60
richard sears,Q470242,Richard Sears,5653,94.2,60
bowie,Q16824068,Bowie,64377,1073.0,60
laika,Q1763502,Laika,4613542,76892.4,60
conrad birdie,Q63882070,Conrad Birdie,1371,22.9,60
trey,Q44414,Trey Parker,5052210,84203.5,60
chelsea,Q743535,Chelsea,1286574,21442.9,60
chemical,Q902623,ChEBI,225541,3759.0,60
last exit to brooklyn,Q475800,Last Exit to Brooklyn,453884,7564.7,60
lanyards,Q49956032,Lanyards,5006,83.4,60
last man on earth,Q1242772,The Last Man on Earth,34618,577.0,60
au courant,Q101238488,Au Courant LGBT Newspaper,0,0,0
furl,Q16870055,Furlan,8034,133.9,60
atkins,Q1510450,Atkins,23778,396.3,60
richard milhous nixon,Q9588,Richard Nixon,21961189,366019.8,60
captain kirk,Q5036706,Captain Kirk Douglas,185947,3099.1,60
laura dern,Q56405358,Laura Dern filmography,354,10.1,35
transatlantic cable,Q361047,transatlantic communications cable,7,1.8,4
funny or die,Q727561,Funny or Die,833795,13896.6,60
lee child,Q333719,Lee Child,2781396,46356.6,60
lee grant,Q1605526,Lee Grant,2286493,38108.2,60
lees,Q16872006,Lees,17268,287.8,60
legends of the fall,Q913324,Legends of the Fall,3987104,66451.7,60
donna reed show,Q63677,The Donna Reed Show,720267,12004.5,60
legs diamond,Q3829972,Legs Diamond,493683,8228.0,60
leon panetta,Q244631,Leon Panetta,1981891,33031.5,60
checkers speech,Q3030188,Checkers speech,506637,8444.0,60
leyte gulf,Q60791030,Leyte Gulf order of battle,172948,2882.5,60
liberal democratic party,Q9624,Liberal Democrats,59206,986.8,60
lido,Q3832067,Lido,255317,4255.3,60
toronto maple leafs,Q17144084,Toronto Maple Leafs,3655317,60921.9,60
library of alexandria,Q435,Library of Alexandria,5546558,92442.6,60
topps,Q910541,Topps,696287,11604.8,60
brahman,Q190,God,8196487,136608.1,60
brahmin,Q47140,Brahmin,3686734,61445.6,60
rhiannon,Q959036,Rhiannon,636654,10610.9,60
dooley wilson,Q908998,Dooley Wilson,449897,7498.3,60
friars,Q120496144,Friars,32408,540.1,60
fresca,Q3245008,Fresca,814776,13579.6,60
frescoes,Q134194,fresco painting,1,1.0,1
linear accelerator,Q836828,linear particle accelerator,129,3.3,39
tommy gun,Q700292,Tommy Gunn,196281,3271.3,60
linsey-woolsey,Q814654,linsey-woolsey,18,1.6,11
che,Q39,Switzerland,24505524,408425.4,60
tom-toms,Q849349,tom-tom drum,101,10.1,10
corbin bernsen,Q737183,Corbin Bernsen,2722083,45368.1,60
little green apples,Q6650200,Little Green Apples,176233,2937.2,60
capri pants,Q1034971,capri pants,21,5.2,4
freddie mac,Q45132432,Freddie Mac Foundation,845,14.1,60
lockheed martin,Q7240,Lockheed Martin,5614119,93568.6,60
london & paris,Q66813769,London & Paris,0,0,0
fred de cordova,Q443351,Fred de Cordova,188272,3137.9,60
lonely island,Q28101964,Lonely island,8174,136.2,60
lonely planet,Q17957,Lonely Planet,518420,8640.3,60
"are you there god? it's me, margaret",Q116182802,"Are You There God? It's Me, Margaret",56017,933.6,60
are we there yet?,Q3273511,Are We There Yet?,26516,441.9,60
loretta swit,Q238862,Loretta Swit,3426123,57102.1,60
lorenzo de' medici,Q177854,Lorenzo de' Medici,4434569,73909.5,60
archie bunker's place,Q2698050,Archie Bunker's Place,1012210,16870.2,60
sara bareilles,Q230445,Sara Bareilles,4106919,68448.6,60
tinker toys,Q7808333,Tinker Toys,5525,92.1,60
frank chance,Q784534,Frank Chance,123331,2055.5,60
time warp,Q175553,Time Warp,55306,921.8,60
loveseat,Q131514,couch,77,2.9,27
lucerne,Q4191,Lucerne,1578216,26303.6,60
"sarah, plain and tall",Q4408219,"Sarah, Plain and Tall",287932,4798.9,60
appropriations committee,Q67619860,"APPROPRIATIONS COMMITTEE, RECONSIDERATION OF AID TO INDIA AND PAKISTAN WITH SECRETARY OF STATE DEAN RUSK, OTHERS (NAID 125282)",0,0,0
charlie brown christmas,Q1393337,A Charlie Brown Christmas,1534021,25567.0,60
corsican brothers,Q3232828,The Corsican Brothers,136465,2274.4,60
luther vandross,Q311306,Luther Vandross,5957628,99293.8,60
dick vermeil,Q1209818,Dick Vermeil,1552666,25877.8,60
lymphoma,Q208414,lymphoma,265,4.9,54
lynda bird johnson,Q6708532,Lynda Bird Johnson Robb,1045116,17418.6,60
fountains of wayne,Q733863,Fountains of Wayne,1766025,29433.8,60
macon,Q219656,Macon,40899,681.6,60
110,Q715456,110,176249,2937.5,60
three wise men,Q52151286,Three Wise Men,48163,802.7,60
fort sam houston,Q1438706,Fort Sam Houston,400210,6670.2,60
capezio,Q37478370,Capezio,80392,1339.9,60
brendan behan,Q313063,Brendan Behan,696707,11611.8,60
thousand acres,Q766463,A Thousand Acres,186517,3108.6,60
forsyte saga,Q7734872,The Forsyte Saga,742813,12380.2,60
maginot,Q37170096,Maginot,8640,144.0,60
brett butler,Q292073,Brett Butler,19215,320.2,60
thomas gibson,Q1030149,Thomas Gibson,3525808,58763.5,60
bretton woods,Q34905572,Bretton Woods Recreation Center,0,0,0
saving grace,Q515155,Saving Grace,16548,275.8,60
14th amendment,Q188116,Fourteenth Amendment to the United States Constitution,6577630,109627.2,60
malala yousafzai,Q32732,Malala Yousafzai,11027314,183788.6,60
forbidden planet,Q124065918,Forbidden Planet,1635886,27264.8,60
anthony michael hall,Q361215,Anthony Michael Hall,6308752,105145.9,60
theo van gogh,Q205456,Theo van Gogh,28275,471.2,60
mandrake,Q105083269,Mandrake,1517145,25285.8,60
reichenbach falls,Q183395,Reichenbach Falls,442826,7380.4,60
follies,Q2452512,Follies,655916,10931.9,60
manson,Q21448074,Manson,58314,971.9,60
anne robinson,Q59565753,Anne Skaja Robinson,0,0,0
annabelle,Q15733440,Annabelle,42793,713.2,60
"annapolis, maryland",Q28271,Annapolis,145413,2423.6,60
marie-louise,Q18012396,Marie-Louise,1464,24.4,60
mario vargas llosa,Q39803,Mario Vargas Llosa,1456483,24274.7,60
terrapins,Q3518575,Maryland Terrapins,378989,6316.5,60
anna christie,Q136813005,Anna Christie,165499,2758.3,60
mark anthony,Q51673,Mark Antony,6516944,108615.7,60
charles evans hughes,Q313252,Charles Evans Hughes,1022871,17047.8,60
charles bulfinch,Q1063849,Charles Bulfinch,104687,1744.8,60
anguilla,Q25228,Anguilla,3136890,52281.5,60
reggie miller,Q123684682,Reggie Miller,4433625,73893.8,60
marxism,Q7264,Marxism,8730095,145501.6,60
mary bono,Q459753,Mary Bono,1096463,18274.4,60
telly,Q29171440,Telly,16234,270.6,60
flooding of the nile,Q1519552,flooding of the Nile,15,1.9,8
andrew luck,Q506098,Andrew Luck,3963308,66055.1,60
matt drudge,Q1567226,Matt Drudge,1146256,19104.3,60
bristol,Q755149,Bristol,5215409,86923.5,60
maxim gorky,Q12706,Maxim Gorky,1526915,25448.6,60
max weinberg,Q553264,Max Weinberg,1238527,20642.1,60
flats,Q188507,apartment,1064,20.9,51
british expeditionary force,Q919272,British Expeditionary Force,12043,200.7,60
reddi-wip,Q7305606,Reddi-wip,32668,544.5,60
scarab beetle,Q186946,Scarabaeidae,989460,16491.0,60
mcintosh,Q16876697,McIntosh,37182,619.7,60
anarchism,Q6199,anarchism,1130,20.9,54
amun,Q58373,Amun,2973957,49565.9,60
tate gallery,Q430682,Tate,529106,8818.4,60
carpet sweeper,Q1936024,carpet sweeper,2,1.0,2
red ryder,Q673286,Red Ryder,167786,2796.4,60
creek indians,Q137704437,"Creek Indians in Southern Alabama Become a ""Nation within a Nation""",0,0,0
"20,000",Q183565,Twenty Thousand Leagues Under the Sea,755376,12589.6,60
memo,Q43382054,Memo,97074,1617.9,60
tarp,Q19845591,Tarp station,0,0,0
mendelevium,Q1898,mendelevium,14,1.4,10
american telephone & telegraph,Q35476,AT&T,6591729,109862.1,60
merry monarch,Q122553,Charles II of England,13528491,225474.9,60
chaperone,Q422496,molecular chaperone,12,2.0,6
21st,Q6939,21st century,3951076,65851.3,60
meredith baxter birney,Q272022,Meredith Baxter,3064485,51074.8,60
mexicali,Q1477270,Mexicali Municipality,55320,922.0,60
meta,Q380,Meta,1378788,22979.8,60
michael b. jordan,Q3308007,Michael B. Jordan,17415520,290258.7,60
tahrir square,Q12061,Tahrir Square,341404,5690.1,60
michael wilding,Q1385992,Michael Wilding,1082471,18041.2,60
cris collinsworth,Q5185866,Cris Collinsworth,3812392,63539.9,60
red adair,Q589905,Red Adair,628824,10480.4,60
recount,Q1768366,Recount,17177,286.3,60
aly raisman,Q238663,Aly Raisman,3806974,63449.6,60
brook,Q30198,marsh,171,3.5,49
finnair,Q201821,Finnair,1206707,20111.8,60
synagogues,Q42177433,View of the Two Synagogues of Amsterdam,0,0,0
rebel wilson,Q442897,Rebel Wilson,10829696,180494.9,60
milton eisenhower,Q4501243,Milton Stover Eisenhower,8209,136.8,60
financial times,Q183399,Financial Times,2368097,39468.3,60
minos,Q23168,Minos,1797386,29956.4,60
chancellor of germany,Q4970706,Federal Chancellor of Germany,17080,284.7,60
swiss army,Q23719,Swiss Army knife,1125820,18763.7,60
swiss chard,Q157954,chard,37,1.2,31
dr. schweitzer,Q99747861,Dr.-Schweitzer-Straße,0,0,0
brothers & sisters,Q390076,Brothers & Sisters,4219,70.3,60
swanee river,Q89706541,Swanee River,40091,668.2,60
mitch miller,Q709499,Mitch Miller,459132,7652.2,60
swamp thing,Q2024136,Swamp Thing,1795179,29919.7,60
"mobile, alabama",Q79875,Mobile,301783,5029.7,60
all work and no play,Q114488686,All Work and No Play,1417,23.6,60
susanna,Q14936808,Susanna,44566,742.8,60
all of me,Q1818379,All of Me,70385,1173.1,60
reading railroad,Q837860,Reading Company,263430,4390.5,60
brownian motion,Q178036,Brownian motion,2410105,40168.4,60
cry in the dark,Q6003373,Karanlıkta Bir Çığlık,0,0,0
surf & turf,Q127683978,Surf & Turf,70,8.8,8
montgomery bus boycott,Q249367,Montgomery bus boycott,1861150,31019.2,60
super soaker,Q7642783,Super Soaker,558254,9304.2,60
ferdinand porsche,Q57249,Ferdinand Porsche,2025398,33756.6,60
brunelleschi,Q174330,Filippo Brunelleschi,1012265,16871.1,60
morley safer,Q920637,Morley Safer,418725,6978.8,60
razorback,Q179020,fin whale,17,1.7,10
ray walston,Q692800,Ray Walston,1644571,27409.5,60
moscow river,Q83599468,Moscow River,14720,245.3,60
chairman of the joint chiefs of staff,Q1763459,Chairman of the Joint Chiefs of Staff,2398475,39974.6,60
alexander dumas,Q38337,Alexandre Dumas,5974774,99579.6,60
mothman,Q126695408,Mothman,4026445,67107.4,60
mount palomar,Q7128608,Palomar Mountain,163905,2731.8,60
scribes,Q508743,sofer,36,1.4,26
suite life of zack & cody,Q217246,The Suite Life of Zack & Cody,3140279,52338.0,60
mount moriah,Q6922267,Mount Moriah,33535,558.9,60
albert hall,Q1387383,Albert Hall,28826,480.4,60
submersible,Q135044365,SUBMERSIBLE,0,0,0
alan moore,Q205739,Alan Moore,3349236,55820.6,60
alan arkin,Q108283,Alan Arkin,7904755,131745.9,60
mt. kenya,Q172070,Mount Kenya,889063,14817.7,60
buckeyes,Q2927468,Ohio State Buckeyes,468132,7802.2,60
cesare borgia,Q110638058,Cesare Borgia,2597373,43289.6,60
father of the country,Q5437688,Father of the Country,3372,56.2,60
father mulcahy,Q96575405,Father Mulcahy,35401,590.0,60
airstream,Q409230,Airstream,710522,11842.0,60
stride,Q16883924,Stride,37398,623.3,60
certs,Q5065284,Certs,351327,5855.4,60
my man godfrey,Q1811134,My Man Godfrey,612217,10203.6,60
farm aid,Q1396782,Farm Aid,440682,7344.7,60
farming,Q743287,Farmington,38236,637.3,60
buena vista social club,Q774269,Buena Vista Social Club,1779934,29665.6,60
na'vi,Q316939,Na'vi,78765,1312.8,60
fantastic mr. fox,Q465275,Fantastic Mr. Fox,18946,315.8,60
sea legs,Q16961525,Sea Legs,3821,63.7,60
sea lion,Q3887135,sea lion,93,3.1,30
nancy walker,Q464973,Nancy Walker,1097472,18291.2,60
napoleonic wars,Q78994,Napoleonic Wars,7285512,121425.2,60
stone wall,Q7619043,Stone Wall,6474,107.9,60
faneuil,Q122544483,Faneuil,6054,100.9,60
national treasure,Q309366,National Treasure,29900,498.3,60
nas,Q270794,National Academy of Sciences,544004,9066.7,60
national organization for women,Q1967556,National Organization for Women,465671,7761.2,60
stigmata,Q190940,stigmata,130,2.9,45
steve canyon,Q1471769,Steve Canyon,149554,2492.6,60
steve winwood,Q314397,Steve Winwood,4656339,77605.6,60
central time zone,Q2086913,Central Time Zone,5386324,89772.1,60
stereo,Q34678,stereo sound,1,1.0,1
raffles,Q130327,Thomas Stamford Raffles,33566,559.4,60
candy man,Q296403,Lamar Odom,5186090,86434.8,60
767,Q829455,767,45615,760.2,60
neosporin,Q6994170,Neosporin (Neomycin/polymyxin B/bacitracin),0,0,0
steiff,Q151137,Margarete Steiff GmbH,103085,1718.1,60
neti pot,Q1425813,nasal irrigation,5,1.0,5
station,Q12819564,station,143,2.6,54
nice 'n easy,Q7024637,Nice 'n Easy,488,8.1,60
new rochelle,Q744948,New Rochelle,62143,1035.7,60
admirable crichton,Q7712389,The Admirable Crichton,154783,2579.7,60
station eleven,Q116173063,Station Eleven,2887591,48126.5,60
9/11,Q10806,September 11 attacks,36642264,610704.4,60
adolph green,Q329849,Adolph Green,301708,5028.5,60
nineteen eighty-four,Q208460,Nineteen Eighty-Four,14711380,245189.7,60
nitpick,Q256966,nitpicking,27,1.7,16
adam scott,Q201842,Adam Scott,68546,1142.4,60
stacey abrams,Q7595813,Stacey Abrams,7214731,120245.5,60
stacy keach,Q315090,Stacy Keach,3983471,66391.2,60
exorcise,Q122265472,Exorcised,3137,52.3,60
norsemen,Q1211290,Norsemen,1650613,27510.2,60
northeastern,Q37548,Northeastern University,2297575,38292.9,60
northern cross,Q3698087,Northern Cross,6359,106.0,60
st. dominic,Q44091,Saint Dominic,1159294,19321.6,60
notes,Q1277575,correspondence,34,1.7,20
now you see me,Q499851,Now You See Me,41393,689.9,60
nsync,Q68650453,NSYNC's albums in chronological order,0,0,0
november rain,Q1142302,November Rain,1350809,22513.5,60
noxzema,Q7067326,Noxzema,281809,4696.8,60
dale chihuly,Q613380,Dale Chihuly,1119478,18658.0,60
sporting news,Q2081740,Sporting News Men's College Basketball Player of the Year,48980,816.3,60
questlove,Q263024,Questlove,2637614,43960.2,60
quiche lorraine,Q7882068,quiche Lorraine,0,0,0
everquest,Q1134845,EverQuest,798141,13302.4,60
oberammergau,Q503757,Oberammergau,356333,5938.9,60
observer,Q830077,subject,106,2.6,41
european,Q46,Europe,23479724,391328.7,60
oingo boingo,Q1887278,Oingo Boingo,2646592,44109.9,60
eugenie,Q21142133,Eugenie,14415,240.2,60
old man,Q7565,father,222,4.0,55
abie's irish rose,Q321047,Abie's Irish Rose,79565,1326.1,60
oliver's story,Q104407058,Oliver's Story,74551,1242.5,60
olivia colman,Q7088045,Olivia Colman,12733593,212226.5,60
"oliver wendell holmes, jr.",Q360574,Oliver Wendell Holmes,22985,383.1,60
olympus mons,Q520,Olympus Mons,2595314,43255.2,60
"et tu, brute?",Q617371,"Et tu, Brute?",1927488,32124.8,60
etchings,Q29584752,Etchings of Tenby,0,0,0
danny bonaduce,Q1271088,Danny Bonaduce,2076646,34610.8,60
danny boyle,Q134867,Danny Boyle,3750054,62500.9,60
queen's birthday,Q2564633,King's Official Birthday,609485,10158.1,60
oprah's book club,Q1456851,Oprah's Book Club,351125,5852.1,60
orange free state,Q160284,Free State,52112,868.5,60
south lawn,Q1511154,South Lawn,196421,3273.7,60
southern baptist convention,Q1351880,Southern Baptist Convention,1812755,30212.6,60
operation overlord,Q8641370,Operation Overlord,4524711,75411.9,60
operation petticoat,Q5743121,Operation Petticoat,532575,8876.2,60
souchong,Q63341957,souchong,0,0,0
orcas,Q7100166,Orcas Village,22,4.4,5
order of the british empire,Q14420,Order of the British Empire,13537564,225626.1,60
ossining,Q522356,Ossining,9990,166.5,60
ove,Q1760107,Ove,27599,460.0,60
date palm,Q25292,Phoenix dactylifera,132407,2206.8,60
solomon grundy,Q65422757,Solomon Grundy,169780,2829.7,60
pad thai,Q730298,pad thai,16,1.6,10
dave chappelle,Q40321,Dave Chappelle,13671994,227866.6,60
paisley park,Q2280168,Paisley Park Records,295647,4927.4,60
soft,Q193934,paperback,83,2.5,33
snowy river,Q498876,Snowy River,121537,2025.6,60
desert inn,Q1200583,Desert Inn,524509,8741.8,60
secretary general,Q6501749,general secretary,7,1.0,7
pappy boyington,Q684140,Pappy Boyington,1038993,17316.5,60
par avion,Q667336,Par Avion,33822,563.7,60
david rockefeller,Q11239,David Rockefeller,2364057,39400.9,60
parker posey,Q204586,Parker Posey,5479022,91317.0,60
en plein air,Q829298,en plein air,13,1.4,9
smilla,Q113987144,Smilla Vallotto,7352,432.5,17
canal street,Q2431462,Canal Street,12673,211.2,60
pat summitt,Q460394,Pat Summitt,1539456,25657.6,60
emma woodhouse,Q75356141,Emma Woodhouse,431461,7191.0,60
emeril,Q106427196,Emeril,27160,452.7,60
patricia,Q1231089,Patricia,316330,5272.2,60
"paul ""bear"" bryant",Q278804,Bear Bryant,2016338,33605.6,60
patty duke show,Q3988658,The Patty Duke Show,404352,6739.2,60
punjabi,Q58635,Punjabi,162424,2707.1,60
peach pit,Q1053897,Peach-Pit,51882,864.7,60
elsie,Q16423214,Elsie,20520,342.0,60
canadian football league,Q1032175,Canadian Football League,2836319,47272.0,60
elizabeth edwards,Q43274817,Elizabeth A. Edwards,238,4.2,56
elizabeth smart,Q3051272,Elizabeth Smart,3710560,61842.7,60
pemex,Q871308,Pemex,616870,10281.2,60
pentatonix,Q20899525,Pentatonix,6179792,102996.5,60
pentecostal,Q483978,Pentecostalism,4765422,79423.7,60
dear john,Q51845576,Dear John,45465,757.8,60
pessimist,Q2072992,Pessimist,9692,161.5,60
peter dinklage,Q310937,Peter Dinklage,11046535,184108.9,60
sisters-in-law,Q29048284,Sisters-in-Law,0,0,0
death cab for cutie,Q16414,Death Cab for Cutie,4790719,79845.3,60
sister act 2,Q1140762,Sister Act 2: Back in the Habit,1505679,25094.7,60
peter boyle,Q315123,Peter Boyle,4192632,69877.2,60
sister kenny,Q2415401,Sister Kenny,103085,1718.1,60
peter straub,Q364189,Peter Straub,513144,8552.4,60
phoenician,Q36734,Phoenician,44558,742.6,60
phoebe cates,Q14439,Phoebe Cates-Kline,1,1.0,1
pianissimo,Q953127,pianissimo,3,1.0,3
canada day,Q639756,Canada Day,2337871,38964.5,60
dulce de leche,Q917761,dulce de leche,88,6.8,13
single white female,Q1542371,Single White Female,1474863,24581.0,60
eiderdown,Q20051632,eiderdown,1,1.0,1
silver chair,Q331669,The Silver Chair,789008,13150.1,60
edward the black prince,Q104858032,Edward the Black Prince,3304393,55073.2,60
department store,Q100353030,Department Store,16939,282.3,60
edo,Q1490,Tokyo,15028638,250477.3,60
"cairo, egypt",Q85,Cairo,5159433,85990.6,60
sick bay,Q7507597,sick bay,16,1.8,9
sepoys,Q129864,Indian Mutiny of 1857,39936,665.6,60
siamese cats,Q30936235,Siamese Cats,0,0,0
caldecott,Q1364488,Randolph Caldecott,100011,1666.8,60
shredded wheat,Q7503454,Shredded Wheat,48313,805.2,60
septuagint,Q29334,Septuagint,3201671,53361.2,60
eddie arcaro,Q28824,Eddie Arcaro,108564,1809.4,60
eddie bauer,Q23022225,Eddie Bauer,858876,14314.6,60
"ed begley, jr.",Q464425,"Ed Begley, Jr.",222696,3711.6,60
point break,Q1146552,Point Break,4358773,72646.2,60
ponce de léon,Q41140799,Ponce de León,11637,193.9,60
shipwreck,Q104836866,Shipwreck,855326,14255.4,60
pontoon bridge,Q2104072,pontoon bridge,967,48.4,20
casualties of war,Q1126637,Casualties of War,1097218,18287.0,60
delacroix,Q33477,Eugène Delacroix,1245046,20750.8,60
shelf,Q134851,continental shelf,1096,49.8,22
shasta,Q156350,Shasta County,14409,240.2,60
potus,Q76,Barack Obama,58197671,969961.2,60
praetorians,Q2052448,Praetorians,7201,120.0,60
sharpie,Q724530,Sharpie,28332,472.2,60
earl hines,Q354883,Earl Hines,334232,5570.5,60
preface,Q670787,preface,39,1.8,22
presbyterian church,Q178169,Presbyterianism,3853688,64228.1,60
presidency,Q3558349,presidency,40,1.3,30
president bill clinton,Q20198136,President Bill Clinton,17033,283.9,60
pribilof islands,Q1144173,Pribilof Islands,141834,2363.9,60
camden,Q79446,Camden,98294,1638.2,60
shakespeare in the park,Q7013975,Shakespeare in the Park,35812,596.9,60
dutch guiana,Q730,Suriname,10476378,174606.3,60
zooey,Q107059597,Valentina Azarova,72101,1897.4,38
dwight moody,Q100886537,Dwight Moody,10354,172.6,60
dwyane wade,Q31683,Dwyane Wade,11287965,188132.8,60
two weeks notice,Q719823,Two Weeks Notice,1203998,20066.6,60
alexander mcqueen,Q207939,Alexander McQueen,5194068,86567.8,60
twelve angry men,Q386042,12 Angry Men,64810,1080.2,60
movement,Q49773,social movement,115,5.0,23
kevin garnett,Q189240,Kevin Garnett,6709110,111818.5,60
chainsmokers,Q7721993,The Chainsmokers,2854857,47580.9,60
june allyson,Q232863,June Allyson,1816544,30275.7,60
modi,Q1058,Narendra Modi,28978082,482968.0,60
common cause,Q2197252,Common Cause,222337,3705.6,60
george f. handel,Q126290006,George F. Handel’s “How Beautiful Are the Feet” as Transformational Object: An Autobiographical Account,0,0,0
pierre auguste renoir,Q39931,Pierre-Auguste Renoir,1850775,30846.2,60
person of interest,Q564345,Person of Interest,21395,356.6,60
six-pack,Q2342050,Six Pack,5834,97.2,60
robin thicke,Q467423,Robin Thicke,6299703,104995.1,60
carlsbad,Q491099,Carlsbad,36094,601.6,60
changing water into wine,Q625140,Marriage at Cana,592640,9877.3,60
de medicis,Q182021,Marie de' Medici,1324731,22078.8,60
2016,Q25245,2016,1524716,25411.9,60
j'accuse...!,Q741304,J’accuse…!,1,1.0,1
sniff,Q2635348,Sniff,13702,228.4,60
boats,Q35872,boat,291,5.1,57
medes,Q8735,Medes,1939222,32320.4,60
betsy,Q832242,Betsy,52162,869.4,60
mc,Q235,Monaco,15902523,265042.0,60
billy barty,Q716319,Billy Barty,1020922,17015.4,60
second life,Q10369191,Second Life,4224464,70407.7,60
havana cuba,Q135111897,Havana Cuba,0,0,0
hatter,Q1639239,hatter,6,1.2,5
obituaries,Q309481,obituary,78,2.5,31
bizarro,Q37305964,Bizarro,1543582,25726.4,60
thomas e. dewey,Q320061,Thomas E. Dewey,1619063,26984.4,60
sean young,Q104840441,Sean Young,5407079,90118.0,60
tim gunn,Q978646,Tim Gunn,1501142,25019.0,60
love guru,Q656664,The Love Guru,832238,13870.6,60
los lobos,Q370400,Los Lobos,2703391,45056.5,60
frank buck,Q3751772,Frank Buck,4541,75.7,60
sandy duncan,Q266825,Sandy Duncan,2064695,34411.6,60
transamerica building,Q115176519,Fugazi Bank Building,7270,279.6,26
mr. mister,Q1334471,Mr. Mister,957847,15964.1,60
lacey chabert,Q232910,Lacey Chabert,9110168,151836.1,60
ruth st. denis,Q268760,Ruth St. Denis,181731,3028.8,60
praise the lord,Q190340,hallelujah,512,13.8,37
grenades,Q4147798,Grenades,54573,909.5,60
shrove tuesday,Q4845365,Shrove Tuesday,3126687,52111.4,60
pepsi-cola,Q20108640,Pepsi-Cola,79282,1321.4,60
snow white and the huntsman,Q624603,Snow White and the Huntsman,3284003,54733.4,60
secret life of walter mitty,Q3522637,The Secret Life of Walter Mitty,764025,12733.8,60
solvang,Q822559,Solvang,12743,212.4,60
née,Q1376230,maiden name,15,1.9,8
dan jansen,Q1159087,Dan Jansen,205324,3422.1,60
latter-day saints,Q3177118,Latter Day Saints,35582,593.0,60
cinéma vérité,Q1092621,cinéma vérité,39,3.5,11
national audubon society,Q1646000,National Audubon Society,179285,2988.1,60
alpenhorn,Q64140730,alphorn music,0,0,0
metroliner,Q5430063,Fairchild C-26 Metroliner,720730,12012.2,60
american sniper,Q16970789,American Sniper,5234480,87241.3,60
firths,Q25435899,Firths Stanislaviv Imperial and Royal gymnasium,0,0,0
matt helm,Q23773281,Matt Helm,360147,6002.4,60
andre braugher,Q463397,Andre Braugher,8708837,145147.3,60
"charles ""lucky"" luciano",Q208357,Lucky Luciano,7228623,120477.1,60
"trenton, new jersey",Q25330,Trenton,59476,991.3,60
"lynette ""squeaky"" fromme",Q508703,Lynette Fromme,1717419,28623.7,60
conde nast,Q605401,Condé Nast,1980894,33014.9,60
looney tunes,Q622435,Looney Tunes,4703801,78396.7,60
corncob pipe,Q2659887,corncob pipe,0,0,0
die hard 2,Q105993,Die Hard 2,2727197,45453.3,60
university of connecticut,Q99392063,University of Connecticut College of Liberal Arts and Sciences,3595,99.9,36
frank loesser,Q966018,Frank Loesser,407607,6793.4,60
jerry bruckheimer,Q217037,Jerry Bruckheimer,4153943,69232.4,60
lyon,Q456,Lyon,4484842,74747.4,60
jagermeister,Q4173566,Jägermeister,5487037,91450.6,60
gone baby gone,Q247182,Gone Baby Gone,2923185,48719.8,60
what color is your parachute?,Q126678195,What Color Is Your Parachute?,207154,3452.6,60
brenda lee,Q230925,Brenda Lee,3790538,63175.6,60
houdon,Q318741,Jean-Antoine Houdon,116717,1945.3,60
laurels,Q56312659,laurels,26,1.2,22
fibber mcgee & molly,Q4355416,Fibber McGee and Molly,369843,6164.1,60
star wars: the phantom menace,Q165713,Star Wars: Episode I – The Phantom Menace,6787504,113125.1,60
wasatch,Q26766,Wasatch County,4424,73.7,60
nineteen,Q39850,19,624200,10403.3,60
major league baseball,Q1163715,Major League Baseball,9173883,152898.0,60
san francisco examiner,Q2164240,San Francisco Examiner,168312,2805.2,60
massachusetts general hospital,Q126412,Massachusetts General Hospital,647999,10800.0,60
plain jane,Q7200616,Plain Jane,24189,403.1,60
franny,Q15615772,The Benefactor,5362,89.4,60
oral roberts university,Q3121493,Oral Roberts University,1734258,28904.3,60
gulf of sidra,Q187274,Gulf of Sidra,214821,3580.3,60
labrador retrievers,Q58120164,"Labrador retrievers under primary veterinary care in the UK: demography, mortality and disorders",0,0,0
