concept,qid,wiki_label,wiki_description
australia,Q408,Australia,country in Oceania
china,Q148,People's Republic of China,country in East Asia
chicago,Q1297,Chicago,"city and county seat of Cook County, and largest city in State of Illinois, United States of America"
france,Q142,France,"country in Western Europe and other continents (through its overseas territories in America, Africa and Oceania)"
japan,Q17,Japan,island country in East Asia
spain,Q29,Spain,country in southwestern Europe with territories in Africa
california,Q99,California,state of the United States of America
india,Q1415,Indiana,state of the United States of America
mexico,Q1489,Mexico City,capital and largest city of Mexico
canada,Q16,Canada,country in North America
new york,Q60,New York City,most populous city in the United States
alaska,Q797,Alaska,state of the United States of America
florida,Q812,Florida,state of the United States of America
italy,Q38,Italy,country in southern Europe
hawaii,Q782,Hawaii,state of the United States of America
texas,Q1439,Texas,state of the United States of America
ireland,Q27,Ireland,sovereign state in Northwestern Europe
brazil,Q155,Brazil,country in South America
paris,Q830149,Paris,"city in and county seat of Lamar County, Texas, United States"
germany,Q183,Germany,country in Central Europe
egypt,Q79,Egypt,country in Northeast Africa and Southwest Asia
thomas jefferson,Q11812,Thomas Jefferson,president of the United States from 1801 to 1809
south africa,Q258,South Africa,country in southern Africa
greece,Q41,Greece,country in Southeast Europe
london,Q84,London,capital and largest city of England and the United Kingdom
russia,Q159,Russia,country in Eastern Europe and Northern Asia
sweden,Q34,Sweden,country in Northern Europe
new orleans,Q34404,New Orleans,"largest city of the state of Louisiana, United States"
boston,Q100,Boston,"capital and largest city of Massachusetts, United States"
ronald reagan,Q9960,Ronald Reagan,president of the United States from 1981 to 1989 and actor (1911–2004)
richard nixon,Q9588,Richard Nixon,president of the United States from 1969 to 1974 (1913–1994)
san francisco,Q62,San Francisco,"consolidated city and county in California, United States"
switzerland,Q39,Switzerland,country in Central Europe
virginia,Q1370,Virginia,state of the United States of America
philadelphia,Q1345,Philadelphia,"largest city in Pennsylvania, United States"
georgia,Q1428,Georgia,state of the United States of America
maine,Q724,Maine,state of the United States of America
mississippi,Q1494,Mississippi,state of the United States of America
norway,Q20,Norway,country in Northern Europe
julius caesar,Q1048,Julius Caesar,Roman general and dictator
massachusetts,Q771,Massachusetts,state of the United States of America
andrew jackson,Q11817,Andrew Jackson,president of the United States from 1829 to 1837
cuba,Q241,Cuba,sovereign state situated on an island in the Caribbean Sea
napoleon,Q517,Napoleon,"French military leader, French Emperor 1804–1814 and again in 1815 (1769–1821)"
colorado,Q1261,Colorado,state of the United States of America
portugal,Q45,Portugal,country in Southwestern Europe
philippines,Q928,Philippines,archipelagic country in Southeast Asia
denmark,Q35,Denmark,country in Northern Europe and North America
mercury,Q613883,Mercury,automobile marque of the Ford Motor Company
israel,Q801,Israel,country in West Asia
pennsylvania,Q1400,Pennsylvania,state of the United States of America
michigan,Q1166,Michigan,state of the United States of America
george washington,Q23,George Washington,Founding Father and first U.S. president; soldier and slave owner (1732–1799)
venice,Q641,Venice,"capital city of Veneto, Italy"
washington,Q1223,Washington,state of the United States of America
woodrow wilson,Q105758745,Woodrow Wilson,American politician and member of the Nevada Assembly
new zealand,Q664,New Zealand,island country in the southwest Pacific Ocean
scotland,Q22,Scotland,"country in north-west Europe, part of the United Kingdom"
rome,Q6580,Rome,"county seat of Floyd County, Georgia, United States"
poland,Q36,Poland,country in Central Europe
louisiana,Q1588,Louisiana,state of the United States of America
missouri,Q1581,Missouri,state of the United States of America
winston churchill,Q8016,Winston Churchill,"British statesman, soldier and writer (1874–1965)"
africa,Q15,Africa,continent
new jersey,Q1408,New Jersey,state of the United States of America
benjamin franklin,Q817488,Benjamin Franklin Butler,American general and politician (1818–1893)
turkey,Q43,Turkey,country in West Asia and Southeast Europe
abraham lincoln,Q91,Abraham Lincoln,president of the United States from 1861 to 1865 (1809–1865)
netherlands,Q29999,Kingdom of the Netherlands,transcontinental sovereign state and constitutional monarchy
antarctica,Q51,Antarctica,terrestrial continent in the Southern Hemisphere
belgium,Q31,Belgium,country in western Europe
hamlet,Q27178,Hamlet,1948 film directed by Laurence Olivier
ohio,Q1397,Ohio,state of the United States of America
mars,Q111,Mars,"fourth planet from the Solar System, tellurian and orange-red due to iron oxide"
arizona,Q816,Arizona,state of the United States of America
iceland,Q189,Iceland,Nordic island country in the North Atlantic Ocean
argentina,Q414,Argentina,country in South America
venus,Q313,Venus,"second planet from the Solar System, tellurian and very similar to Earth"
iran,Q794,Iran,country in Western Asia
indonesia,Q252,Indonesia,island country in Southeast Asia and Oceania
henry viii,Q38370,Henry VIII of England,King of England from 1509 to 1547 (1491–1547)
mark twain,Q7245,Mark Twain,American author and humorist (1835–1910)
jimmy carter,Q123888092,Jimmy Carter,Indonesian politician (born 1977 in Lemo Ii)
cleopatra,Q18002300,Cleopatra,female given name
atlanta,Q23556,Atlanta,"capital city of Georgia, United States"
utah,Q829,Utah,state of the United States of America
oklahoma,Q1649,Oklahoma,state of the United States of America
vienna,Q577544,Vienna,"city in Johnson County, Illinois, United States"
athens,Q203263,Athens,"consolidated city-county and county seat of Clarke County, Georgia, United States"
edgar allan poe,Q16867,Edgar Allan Poe,American writer and literary critic (1809–1849)
north carolina,Q1454,North Carolina,state of the United States of America
minnesota,Q1527,Minnesota,state of the United States of America
berlin,Q64,Berlin,"federated state, capital and largest city of Germany"
macbeth,Q320363,Macbeth,opera by Giuseppe Verdi
marilyn monroe,Q4616,Marilyn Monroe,American actress and model (1926–1962)
new mexico,Q597711,New Mexico Territory,"territory of the United States of America, 1850–1912"
jupiter,Q860057,USS Langley,1922 unique aircraft carrier of the United States Navy
ernest hemingway,Q23434,Ernest Hemingway,American author and journalist (1899–1961)
teddy roosevelt,Q33866,Theodore Roosevelt,26th President of the United States from 1901 to 1909 (1858–1919)
harry truman,Q11613,Harry S. Truman,president of the United States from 1945 to 1953; politician (1884–1972)
illinois,Q1204,Illinois,state of the United States of America
john adams,Q77350282,John Adams,British video artist (born 1953)
hungary,Q28,Hungary,country in Central Europe
chile,Q298,Chile,country in South America
herbert hoover,Q5734467,"Herbert Hoover, Jr.",American politician (1903–1969)
apple,Q312,Apple Inc.,"American multinational technology company based in Cupertino, California"
tennessee,Q1509,Tennessee,state of the United States of America
world war i,Q361,World War I,"global war originating in Europe, 1914–1918"
jerusalem,Q1218,Jerusalem,"city in the Middle East, holy to the three Abrahamic religions"
columbia,Q49088,Columbia University,"private university in New York City, New York, US"
titanic,Q44578,Titanic,1997 film by James Cameron
lincoln,Q28260,Lincoln,"seat of Lancaster County, and capital of the State of Nebraska, United States"
john f. kennedy,Q9696,John F. Kennedy,president of the United States from 1961 to 1963 (1917–1963)
england,Q21,England,"country in north-west Europe, part of the United Kingdom"
haiti,Q790,Haiti,country in the Caribbean Sea
rhode island,Q1387,Rhode Island,state of the United States of America
saudi arabia,Q851,Saudi Arabia,country in West Asia
dublin,Q1761,Dublin,capital and largest city of Ireland
wisconsin,Q1537,Wisconsin,state of the United States of America
south carolina,Q1456,South Carolina,state of the United States of America
charles dickens,Q5686,Charles Dickens,English novelist and social critic (1812–1870)
moses,Q13554012,Moses,male given name
galileo,Q307,Galileo Galilei,Italian polymath (1564–1642)
amazon,Q3884,Amazon,American multinational technology company
maryland,Q1391,Maryland,state of the United States of America
kentucky,Q1603,Kentucky,state of the United States of America
united states,Q30,United States,country located primarily in North America
dylan thomas,Q126849994,Dylan Thomas,candidate in the 2024 United Kingdom general election
austria,Q40,Austria,country in Central Europe
panama,Q804,Panama,sovereign state in Central America
eisenhower,Q9916,Dwight D. Eisenhower,president of the United States from 1953 to 1961 (1890–1969)
kansas,Q1558,Kansas,state of the United States of America
gerald ford,Q5549544,Gerald Rudolff Ford,American politician and businessman (1890–1962)
wyoming,Q56145,Wyoming County,"county in New York, United States"
monaco,Q235,Monaco,microstate in Western Europe
greenland,Q223,Greenland,autonomous territory of the Kingdom of Denmark and world's largest island
amelia earhart,Q3355,Amelia Earhart,American aviation pioneer and author (1897–1939)
queen victoria,Q9439,Victoria,"Queen of the United Kingdom from 1837 to 1901, Empress of India from 1876 to 1901 (1819–1901)"
othello,Q7108566,Othello,1986 video game
german,Q188,German,West Germanic language native to Central Europe
ford,Q20827633,Ford,car brand owned by Ford Motor Company
tokyo,Q1490,Tokyo,capital and largest city of Japan
mozart,Q254,Wolfgang Amadeus Mozart,Austrian composer of the Classical period (1756–1791)
iraq,Q796,Iraq,sovereign state in Western Asia
jefferson davis,Q2525166,Jefferson C. Davis,Union general in the American Civil War (1828–1879)
quebec,Q2145,Quebec City,"capital city of the province of Quebec, Canada"
thames,Q19686,River Thames,river in southern England
piano,Q5994,piano,musical keyboard instrument
columbus,Q16567,Columbus,"capital city of Ohio, United States of America"
st. louis,Q38022,St. Louis,"independent city in Missouri, United States"
united nations,Q1065,United Nations,global international and intergovernmental organization
los angeles,Q65,Los Angeles,"seat of Los Angeles County, and largest city in California, United States"
montreal,Q340,Montreal,"largest city in Quebec, Canada"
indian ocean,Q1239,Indian Ocean,"ocean bounded by Africa, Asia, Australia, and Antarctica"
iowa,Q1546,Iowa,state of the United States of America
denver,Q16554,Denver,"consolidated city-county and capital of Colorado, United States"
romania,Q218,Romania,country in Southeast Europe
mexico city,Q1489,Mexico City,capital and largest city of Mexico
tennessee williams,Q134262,Tennessee Williams,American playwright (1911–1983)
john brown,Q913975,Johnny Mack Brown,American football player and actor (1904–1974)
finland,Q33,Finland,country in Northern Europe
eleanor roosevelt,Q83396,Eleanor Roosevelt,"American diplomat and activist, First Lady of the United States from 1933 to 1945 (1884–1962)"
jamaica,Q1320403,Jamaica,"neighborhood of Queens, New York City, United States"
sicily,Q1460,Sicily,"island in the Mediterranean, region of Italy"
ottoman empire,Q12560,Ottoman Empire,multiethnic empire with the monarchs from the Ottoman dynasty (1299–1922)
champagne,Q134862,champagne,"sparkling wine from Champagne, France"
gone with the wind,Q2875,Gone with the Wind,1939 film directed by Victor Fleming
cyprus,Q229,Cyprus,country in the Mediterranean Sea
love,Q105392014,Love,2021 film directed by Igor Tverdokhlebov
soviet union,Q15180,Soviet Union,former country in Eurasia (1922–1991)
hans christian andersen,Q5673,Hans Christian Andersen,Danish writer and poet (1805–1875)
john paul jones,Q314333,John Paul Jones,American naval officer (1747–1792)
jane austen,Q36322,Jane Austen,English novelist (1775–1817)
salvation army,Q188307,The Salvation Army,Evangelical Christian church and charitable organisation
dr. seuss,Q298685,Dr. Seuss,American children's author and cartoonist (1904–1991)
louvre,Q19675,Louvre Museum,"art and archeology museum in Paris, France"
lewis & clark,Q4227955,Lewis & Clark College,"private liberal arts college in Portland, Oregon, United States"
dracula,Q55310014,Dracula,1983 video game
bangladesh,Q902,Bangladesh,country in South Asia
romeo and juliet,Q19101569,Romeo and Juliet,"version included in Shakespeare's Plays: With His Life, The Illustrated Shakespeare edition, Vol. III: Tragedies, edited by Gulian C. Verplanck"
howard hughes,Q3141564,Howard Hughes,French singer
panama canal,Q42206536,Panama Canal,"canal in New Mexico, United States"
malcolm x,Q43303,Malcolm X,American Black rights activist (1925–1965)
dorothy parker,Q270707,Dorothy Parker,"American poet, short story writer, critic and satirist (1893-1967)"
dalai lama,Q25252,Ngawang Lobzang Gyatso,political and religious leader of Tibet (1617–1682)
wings,Q27157287,Wings,2016 studio album by BTS
algeria,Q262,Algeria,country in North Africa
asia,Q48,Asia,"terrestrial continent, mainly in the northeastern quadrant"
alamo,Q241598,Alamo,"census designated place in Contra Costa County, California, United States"
zachary taylor,Q139653,Zachary Taylor,American politician (1849–1921)
west point,Q679753,West Point,census-designated place in the U.S. state of New York
earth,Q2,Earth,third planet from the Sun in the Solar System
ivan the terrible,Q7996,Ivan the Terrible,Tsar and Grand Duke of all Rus' from 1547 to 1584
liechtenstein,Q347,Liechtenstein,country in Central Europe
luxembourg,Q1842,Luxembourg,capital and largest city of Luxembourg
john keats,Q82083,John Keats,English Romantic poet (1795–1821)
congo,Q971,Republic of the Congo,"country in Central Africa, capital Brazzaville"
jamestown,Q2117150,Jamestown,"village in County Leitrim, Ireland"
guatemala,Q1555,Guatemala City,capital and largest city of the Republic of Guatemala
grapes of wrath,Q676039,The Grapes of Wrath,1940 film by John Ford
mayflower,Q187093,Mayflower,sailing ship carrying English and Dutch Pilgrims from England to North America
baltimore,Q5092,Baltimore,"city in Maryland, United States"
malta,Q233,Malta,country in Southern Europe situated on an archipelago in the Mediterranean Sea
edinburgh,Q23436,Edinburgh,"capital city of Scotland, UK"
robinson crusoe,Q483034,Robinson Crusoe,1719 novel by Daniel Defoe
voltaire,Q9068,Voltaire,"French writer, historian and philosopher (1694–1778)"
prince charles,Q43274,Charles III,King of the United Kingdom and other Commonwealth realms since 2022 (born 1948)
al capone,Q80048,Al Capone,American gangster (1899–1947)
harry houdini,Q131545,Harry Houdini,"Hungarian-born American illusionist, escapologist, and stunt performer (1874–1926)"
madison,Q43788,Madison,"capital city of Wisconsin, United States"
wright brothers,Q35820,Wright brothers,American aviation pioneers
charleston,Q44564,Charleston,"capital city of West Virginia, United States"
oliver cromwell,Q44279,Oliver Cromwell,English military and political leader (1599–1658)
singapore,Q334,Singapore,sovereign island country and city-state in maritime Southeast Asia
magna carta,Q12519,Magna Carta,charter of rights agreed between King John of England and the nobility in 1215
andorra,Q228,Andorra,"sovereign microstate between France and Spain, in Western Europe"
jules verne,Q33977,Jules Verne,French writer (1828–1905)
st. petersburg,Q49236,St. Petersburg,"city in Pinellas County, Florida, United States"
aztecs,Q12542,Aztec,ethnic groups of central Mexico and their civilization
grease,Q611626,Grease,1972 musical
shakespeare,Q692,William Shakespeare,English playwright and poet (1564–1616)
newfoundland,Q2003,Newfoundland and Labrador,province of Canada
king kong,Q160215,King Kong,2005 film directed by Peter Jackson
louis xvi,Q7732,Louis XVI of France,King of France and Navarre (1754-1793)
alberta,Q1951,Alberta,province of Canada
beatrix potter,Q214565,Beatrix Potter,British children's writer and illustrator (1866–1943)
john jay,Q310847,John Jay,"Founding Father, U.S. Chief Justice from 1789 to 1795"
hubert humphrey,Q7535685,Skip Humphrey,American politician
dead sea,Q23883,Dead Sea,lake with no outflow (sea) in Western Asia
ottawa,Q1913965,Ottawa,"city in Kansas, United States"
warsaw,Q270,Warsaw,capital and largest city of Poland
sydney,Q3130,Sydney,"capital city of New South Wales, Australia"
himalayas,Q5451,Himalayas,mountain range in Asia
rio grande,Q40030,Rio Grande do Sul,state in the South Region of Brazil
hummingbird,Q43624,Trochilidae,family of birds
tarzan,Q28966664,Tarzan,1986 video game
al gore,Q19673,Al Gore,Vice President of the United States from 1993 to 2001 (born 1948)
anne boleyn,Q80823,Anne Boleyn,second wife of Henry VIII of England (died 1536)
pentagon,Q18435290,Pentagon,"inner city of Brussels within the inner ring road, Belgium"
charlotte,Q16565,Charlotte,"city in and county seat of Mecklenburg County, North Carolina, United States"
chihuahua,Q61302,Chihuahua City,"capital of the State of Chihuahua, Mexico"
fiddler on the roof,Q487330,Fiddler on the Roof,1964 musical
simpsons,Q7764350,The Simpsons,media franchise based on the animated television show The Simpsons
belize,Q108223,Belize City,most populous city in Belize and capital of the district of Belize
washington irving,Q181667,Washington Irving,"American writer, historian and diplomat (1783-1859)"
mona lisa,Q55441628,Mona Lisa,American pornographic actress (born 1970)
war and peace,Q111731093,War and Peace,Star Trek comic
stephen douglas,Q433174,Stephen A. Douglas,American politician and lawyer (1813–1861)
george wallace,Q3101983,George Wallace,American comedian and actor (born 1952)
glass,Q614235,Charles Edward Glass,American botanist (1934–1998)
stanford,Q41506,Stanford University,"private research university in Stanford, California, USA"
t.s. eliot,Q37767,T. S. Eliot,US-British poet (1888–1965)
pearl buck,Q80900,Pearl S. Buck,American writer (1892–1973)
caribbean,Q1247,Caribbean Sea,"Marginal tropical sea of the Atlantic Ocean, located east of Central America, south of the Greater Antilles and north of South America"
oak,Q12004,Quercus,genus of plants
great expectations,Q219552,Great Expectations,1861 novel by Charles Dickens
franz kafka,Q905,Franz Kafka,Bohemian writer from Prague (1883–1924)
judy garland,Q11637,Judy Garland,"American actress, singer, dancer and vaudevillian (1922–1969)"
william penn,Q209152,William Penn,"English real estate entrepreneur, philosopher, early Quaker and founder of the Province of Pennsylvania (1644-1718)"
charlie chaplin,Q882,Charlie Chaplin,British comic actor and filmmaker (1889–1977)
whitney houston,Q34389,Whitney Houston,"American singer, actress, and film producer (1963–2012)"
sleeping beauty,Q17508999,Sleeping Beauty,1979 studio album by Sun Ra and his Arkestra
iago,Q3791440,Iago,male given name
great salt lake,Q178741,Great Salt Lake,"salt lake in Utah, United States"
anne rice,Q184785,Anne Rice,American writer
sacramento,Q18013,Sacramento,capital city of the U.S. state of California and seat of Sacramento County
suriname,Q730,Suriname,country in South America
hundred years' war,Q12551,Hundred Years' War,series of conflicts and wars between England and France between 1337 and 1453
pony express,Q859130,Pony Express,former mail service in the Western United States
ian fleming,Q82104,Ian Fleming,Scottish author
apollo,Q37340,Apollo,god in Greek and later Roman mythology
carl sandburg,Q193608,Carl Sandburg,American writer and editor (1878–1967)
friday,Q130,Friday,day of the week
j.d. salinger,Q79904,J. D. Salinger,American author (1919–2010)
norman rockwell,Q271884,Norman Rockwell,American painter and illustrator (1894–1978)
camelot,Q1028491,Camelot,stage musical
frankenstein,Q65718139,Frankenstein,1992 video game
lake erie,Q5492,Lake Erie,one of the Great Lakes in North America
handel,Q7302,George Frideric Handel,German-British Baroque composer (1685–1759)
paul bunyan,Q150519,Paul Bunyan,North American folklore character
dolley madison,Q233638,Dolley Madison,First Lady of the United States from 1809 to 1817
boer war,Q215112,Second Boer War,war between two Boer Republics (South African Republic and Orange Free State) and the United Kingdom
brussels,Q239,City of Brussels,municipality and capital city of Belgium
little mermaid,Q911906,The Little Mermaid (musical),"2008 musical based on the 1989 Disney film ""The Little Mermaid""; book by Doug Wright, music by Alan Menken, lyrics by Howard Ashman, with additional lyrics by Glenn Slater"
damascus,Q3766,Damascus,capital and largest city of Syria
snow white,Q11831,Snow White,fairy tale version published by the Brothers Grimm
gregor mendel,Q37970,Gregor Mendel,Moravian scientist and Augustinian friar (1822–1884)
springfield,Q28515,Springfield,capital city of Illinois and county seat of Sangamon County
canberra,Q3114,Canberra,capital city of Australia
attila,Q924782,Attila,male given name
harp,Q47369,harp,class of musical instruments
charles i,Q3044,Charlemagne,"king of Franks, regarded as the first Holy Roman Emperor (747–814)"
all in the family,Q1048856,All in the Family,American television series (1971–1979)
edgar rice burroughs,Q148234,Edgar Rice Burroughs,American writer (1875–1950)
constantinople,Q16869,Constantinople,"capital of the Eastern Roman, Latin and Ottoman Empires, currently Istanbul, Turkey"
jackie robinson,Q731871,Jackie Robinson,American basketball player (1927–2022)
william shakespeare,Q692,William Shakespeare,English playwright and poet (1564–1616)
julia child,Q214477,Julia Child,American chef
matterhorn,Q1374,Matterhorn,mountain in the Pennine Alps on the border between Switzerland and Italy
tibet,Q17252,Tibet,plateau region in west China
vasco da gama,Q7328,Vasco da Gama,Portuguese explorer (c. 1460s – 1524)
manitoba,Q1948,Manitoba,province of Canada
scarlett o'hara,Q28452384,Scarlett O'Hara,1963 song performed by Jet Harris
jack nicklaus,Q9424,Jack Nicklaus,American golfer
miami vice,Q559321,Miami Vice,1984–1989 American crime drama television series
c.s. lewis,Q9204,C. S. Lewis,"British writer, lay theologian, and scholar (1898–1963)"
hirohito,Q34479,Hirohito,Emperor of Japan from 1926 to 1989
jericho,Q37054327,Jericho,family name
betsy ross,Q234952,Betsy Ross,American upholsterer who was credited by her relatives with making the first American flag
colin powell,Q150851,Colin Powell,American general and diplomat (1937–2021)
italian,Q652,Italian,Romance language
george sand,Q296491,George Sanders,British actor (1906–1972)
gauguin,Q37693,Paul Gauguin,French painter and printmaker (1848–1903)
eddie murphy,Q43874,Eddie Murphy,American actor and comedian
paraguay,Q733,Paraguay,sovereign state in South America
tom clancy,Q105167,Tom Clancy,American author (1947–2013)
alexander calder,Q151580,Alexander Calder,American artist (1898–1976)
last of the mohicans,Q144483,The Last of the Mohicans,1992 film directed by Michael Mann
ivory,Q579103,Ivory,"commune in Jura, France"
marc chagall,Q93284,Marc Chagall,Russian-French artist (1887–1985)
da vinci,Q762,Leonardo da Vinci,Italian Renaissance polymath (1452−1519)
jungle book,Q16857406,The Jungle Book,2016 film directed by Jon Favreau
ptolemy,Q13416191,Ptolemy,male given name
east of eden,Q125955729,East of Eden,2002 paperback edition published by Penguin Books
niels bohr,Q7085,Niels Bohr,Danish physicist (1885–1962)
julia roberts,Q40523,Julia Roberts,American actress (born 1967)
bible,Q1845,Bible,collection of sacred books in Judaism and Christianity
lbj,Q36159,LeBron James,American basketball player (born 1984)
equator,Q983,Equatorial Guinea,sovereign state in Africa
albuquerque,Q34804,Albuquerque,"city and county seat of Bernalillo County, New Mexico, United States and the largest city in the state"
dred scott,Q18211407,Dred Scott,"musician, songwriter, rapper, record producer"
gorbachev,Q30487,Mikhail Gorbachev,leader of the Soviet Union from 1985 to 1991 (1931–2022)
james monroe,Q136551427,James Monroe,American musician
joseph mccarthy,Q189197,Joseph McCarthy,American politician (1908–1957)
douglas macarthur,Q127417,Douglas MacArthur,"United States Army general in WWI, WWII and Korea (1880–1964)"
prince philip,Q80976,"Prince Philip, Duke of Edinburgh",consort of Elizabeth II from 1952 to 2021
"martin luther king, jr.",Q8027,Martin Luther King Jr.,American Baptist minister and civil rights leader (1929–1968)
waltz,Q16966927,Waltz,family name
santa anna,Q189145,Antonio López de Santa Anna,Mexican politician and military leader (1794-1876)
johnny carson,Q310819,Johnny Carson,American talk show host and comedian (1925–2005)
yuri gagarin,Q7327,Yuri Gagarin,"Soviet pilot and cosmonaut, first human in space (1934–1968)"
mount etna,Q16990,Mount Etna,"active stratovolcano on the east coast of Sicily, Italy"
toulouse-lautrec,Q82445,Henri de Toulouse-Lautrec,French painter and illustrator (1864–1901)
fugitive,Q156309,The Fugitive,1993 American film by Andrew Davis
jane fonda,Q41142,Jane Fonda,American actress and activist
joan crawford,Q40475,Joan Crawford,American actress (1908–1977)
aesop,Q43423,Aesop,ancient Greek storyteller (619 BC–563 BC)
naples,Q257830,Naples,"city in Collier County, Florida, United States"
francis scott key,Q93354,F. Scott Fitzgerald,American writer (1896–1940)
king arthur,Q45792,King Arthur,legendary British leader of the late 5th and early 6th centuries
ho chi minh,Q36014,Ho Chi Minh,"Vietnamese communist leader, founder of North Vietnam (1890–1969)"
joseph heller,Q208101,Joseph Heller,American writer
parthenon,Q10288,Parthenon,"former temple of Athena on the Athenian Acropolis, Greece"
annapolis,Q28271,Annapolis,"city in and county seat of Anne Arundel County, Maryland, United States, and Maryland federated state capital city"
bells,Q101401,bell,percussion musical instrument
maria callas,Q128297,Maria Meneghini Callas,American-Greek operatic soprano (1923-1977)
organ,Q1444,organ,musical keyboard instrument
louis armstrong,Q1779,Louis Armstrong,"American jazz musician, trumpeter and singer (1901–1971)"
kazakhstan,Q232,Kazakhstan,sovereign state in Eastern Europe and Central Asia
hartford,Q33486,Hartford,"city in and capital of Connecticut, United States"
helen of troy,Q164061,Helen of Troy,daughter of Zeus in Greek mythology
george pullman,Q133500753,George Pullman,associate professor of Rhetoric and Director of the Center for Instructional Innovation at Georgia State University
melbourne,Q949779,Melbourne,"city in Brevard County, Florida, United States of America"
anwar sadat,Q112896354,Anwar Sadat,Indonesian politician (born 1966)
woodstock,Q991162,Woodstock,"city in McHenry County, Illinois, United States"
edvard grieg,Q80621,Edvard Grieg,Norwegian composer and pianist (1843–1907)
little rock,Q33405,Little Rock,"seat of Pulaski County, and capital and largest city of Arkansas, United States"
prussia,Q38872,Prussia,"common term for the Duchy, the Kingdom and the Free State of Prussia (1525–1947)"
guys and dolls,Q796988,Guys and Dolls,1950 American musical with music and lyrics by Frank Loesser and book by Jo Swerling and Abe Burrows
swan lake,Q199786,Swan Lake,ballet by Pyotr Ilyich Tchaikovsky
virgil,Q1398,Virgil,Roman poet (1st century BC)
carl sagan,Q410,Carl Sagan,"American astrophysicist, cosmologist and author (1934–1996)"
juan carlos,Q19943,Juan Carlos I of Spain,King of Spain from 1975 to 2014
avignon,Q6397,Avignon,"commune in Vaucluse, France"
jean sibelius,Q45682,Jean Sibelius,Finnish composer (1865–1957)
alfred nobel,Q23810,Alfred Nobel,Swedish chemist and inventor (1833–1896)
frida kahlo,Q5588,Frida Kahlo,Mexican painter (1907–1954)
seville,Q8717,Seville,"municipality of Andalusia, Spain"
qantas,Q32491,Qantas Airways,the flag carrier airline of Australia
jack nicholson,Q39792,Jack Nicholson,American actor and filmmaker (born 1937)
nautilus,Q1324463,Nautilus,genus of molluscs
house of the seven gables,Q1141732,The House of the Seven Gables,novel by Nathaniel Hawthorne
ankara,Q2297724,Ankara Province,province in west-central Turkey
catcher in the rye,Q183883,The Catcher in the Rye,1951 novel by J. D. Salinger
mont blanc,Q583,Mont Blanc,highest mountain in the Alps
reykjavik,Q1764,Reykjavík,capital and largest city in Iceland
jane goodall,Q184746,Jane Goodall,English primatologist and anthropologist (1934–2025)
walt disney,Q8704,Walt Disney,"American animator, producer, director, screenwriter, voice actor and entrepreneur, founder of The Walt Disney Company (1901–1966)"
laos,Q819,Laos,country in Southeast Asia
ucla,Q174710,"University of California, Los Angeles","public university in Los Angeles, California, USA"
gilbert & sullivan,Q1146602,Gilbert and Sullivan,"British duo, Victorian-era theatrical partnership"
manuel noriega,Q6752771,Manuel Noriega Ruiz,Spanish actor
billy joel,Q194333,Billy Joel,"American singer, songwriter, and pianist (born 1949)"
oklahoma!,Q7082082,Oklahoma!,1955 soundtrack album by Rodgers and Hammerstein
isabel allende,Q83566,Isabel Allende,Chilean writer
dirty dancing,Q253978,Dirty Dancing,1987 film directed by Emile Ardolino
midway,Q47863,Midway Atoll,atoll of the United States Minor Outlying Islands
jurassic park,Q109123086,Jurassic Park,1993 Game Boy video game
machiavelli,Q2054380,Zanobi Machiavelli,Italian painter (1418-1479)
george clooney,Q23844,George Clooney,American-French actor and filmmaker (born 1961)
love story,Q729991,Love Story,1970 film directed by Arthur Hiller
andrew wyeth,Q316325,Andrew Wyeth,American visual artist (1917–2009)
cello,Q8371,cello,musical instrument
machu picchu,Q676203,Machu Picchu,15th-century Inca citadel in the Peruvian Andes and UNESCO World Heritage Site
mary magdalene,Q63070,Mary Magdalene,follower of Jesus
greta garbo,Q5443,Greta Garbo,Swedish-American actress (1905–1990)
aaron copland,Q192185,Aaron Copland,"American composer, composition teacher, writer, and conductor (1900-1990)"
pitcairn island,Q35672,Pitcairn Islands,British overseas territory in the South Pacific
mississippi river,Q1497,Mississippi River,primary river of the largest drainage basin in the United States
canton,Q491239,Canton,"city in Stark County, Ohio, United States"
henry david thoreau,Q131149,Henry David Thoreau,"American essayist, poet, and philosopher (1817–1862)"
george harrison,Q2643,George Harrison,English musician and member of the Beatles (1943–2001)
people,Q5,human,"any single member of Homo sapiens, unique extant species of the genus Homo"
hermes,Q1035642,Hermes,male given name
tom wolfe,Q216195,Tom Wolfe,American author and journalist (1930–2018)
princess bride,Q11239955,Princess Bride,2003 video game
flintstones,Q602094,The Flintstones,1994 film directed by Brian Levant
robin williams,Q83338,Robin Williams,American actor and comedian (1951–2014)
franklin roosevelt,Q8007,Franklin Delano Roosevelt,president of the United States from 1933 to 1945 (1882–1945)
naacp,Q502044,NAACP,civil rights organization in the United States
johannes kepler,Q8963,Johannes Kepler,German mathematician and astronomer (1571–1630)
pancho villa,Q192278,Pancho Villa,Mexican revolutionary (1878-1923)
flying dutchman,Q39252,Flying Dutchman,legendary ghost ship
vladimir nabokov,Q36591,Vladimir Nabokov,"Russian-American novelist, lepidopterist, professor (1899–1977)"
jakarta,Q3630,Jakarta,capital and largest city of Indonesia
swahili,Q721854,Swahili people,East African ethnic group
yom kippur,Q132994,Yom Kippur,"primary holy day in Judaism, tenth day of the new year"
williamsburg,Q2414374,Williamsburg,"town in Hampshire County, Massachusetts, United States"
armenia,Q399,Armenia,sovereign state in the South Caucasus region of Eurasia
goethe,Q5879,Johann Wolfgang von Goethe,"German writer, artist, natural scientist and politician (1749–1832)"
hamburg,Q1055,Hamburg,city and state in the North of Germany
nostradamus,Q39978,Nostradamus,French seer and astrologer (1503–1566)
lillian hellman,Q233701,Lillian Hellman,American dramatist and screenwriter (1905-1984)
aldous huxley,Q81447,Aldous Huxley,English writer and philosopher (1894–1963)
chesapeake bay,Q216868,Chesapeake Bay,"estuary in the U.S. states of Maryland, Delaware, District of Columbia, and Virginia"
persia,Q794,Iran,country in Western Asia
whigs,Q108700,Whigs,historic liberal political party in the United Kingdom (1678-1859)
dune,Q60834962,Dune,2021 film directed by Denis Villeneuve
underground railroad,Q868393,Underground Railroad,network of secret routes & safehouses in 19th-century U.S. used by slaves to find freedom
johnson & johnson,Q102543513,Johnson & Johnson,Slovak company
taco bell,Q752941,Taco Bell,American fast-food chain
happy days,Q518589,Happy Days,1974-1984 television comedy set in the 1950s
saul,Q9302723,Saul,male given name
avon,Q791277,Avon,"commune in Seine-et-Marne, France"
timbuktu,Q339462,Timbuktu Region,region of Mali
valhalla,Q54807387,Valhalla,1995 novel by Nathan Archer
phil collins,Q144622,Phil Collins,"English drummer, singer, and songwriter (born 1951)"
czech republic,Q213,Czech Republic,country in Central Europe
george eastman,Q330224,George Eastman,Italian actor (born 1942)
demi moore,Q43044,Demi Moore,American actress and producer (born 1962)
vince lombardi,Q553321,Vince Lombardi,"American football player, coach, and executive (1913-1970)"
pisces,Q152,fish,vertebrate animal that lives in water and (typically) has gills
george w. bush,Q207,George W. Bush,President of the United States from 2001 to 2009
perry mason,Q165356,Perry Mason,American dramatized court show (1957–1966)
l. frank baum,Q207544,L. Frank Baum,American author of children's books (1856–1919)
kareem abdul-jabbar,Q179051,Kareem Abdul-Jabbar,American basketball player
excalibur,Q187880,Excalibur,legendary sword of King Arthur
grant wood,Q217434,Grant Wood,American painter (1891–1942)
johann strauss,Q184178,Johann Strauss I,Austrian Romantic composer
dorian gray,Q921510,Dorian Gray,2009 British film by Oliver Parker
good earth,Q612540,The Good Earth,"1937 film by Victor Fleming, Sidney Franklin, Gustav Machatý"
bavaria,Q980,Bavaria,federated state in the south of Germany
ray charles,Q544387,Ray Charles,"American singer, pianist and songwriter (1930–2004)"
e.t.,Q60629803,E.T.,fictional character in the 1982 film E.T. the Extra-Terrestrial
chicago bears,Q205033,Chicago Bears,American football team
lady godiva,Q17300273,Godiva,painting by John Collier
stephen crane,Q206534,Stephen Crane,"American novelist, short story writer, poet, and journalist"
charlie's angels,Q617274,Charlie's Angels,1976 American crime drama television series
john smith,Q1701775,John Smith,American politician from New York (1752–1816)
alice in wonderland,Q1761330,Alice in Wonderland,1976 pornographic musical film directed by Bud Townsend
boston red sox,Q213959,Boston Red Sox,"baseball team and Major League Baseball franchise in Boston, Massachusetts, United States"
halifax,Q2141,Halifax,"municipality in the province of Nova Scotia, Canada"
moby dick,Q174596,Moby-Dick,novel by Herman Melville
anton chekhov,Q5685,Anton Chekhov,Russian dramatist and author (1860–1904)
tehran,Q3616,Tehran,capital city of Iran
archery,Q108429,archery,"art, sport, practice or skill of using a bow to shoot arrows"
lee harvey oswald,Q48745,Lee Harvey Oswald,American former marine who assassinated John F. Kennedy (1939–1963)
guyana,Q734,Guyana,country in South America
fahrenheit,Q42289,degree Fahrenheit,unit of temperature
ichabod crane,Q1656358,Ichabod Crane,American military officer
prospero,Q111910139,Prospero,puppet in a play in Québec
a.a. milne,Q207036,A. A. Milne,British author known for creating Winnie-the-Pooh (1882-1956)
humphrey bogart,Q12631007,Humphrey Bogart filmography,filmography
john irving,Q310379,John Irving,American novelist and screenwriter (b. 1942)
boise,Q35775,Boise,"city in and state capital of Idaho, United States"
bobby fischer,Q41314,Bobby Fischer,American chess player (1943–2008)
des moines,Q39709,Des Moines,"capital city of Iowa, United States"
cesar chavez,Q27983465,Cesar Chavez,Mexican-American politician and singer
david farragut,Q315607,David Farragut,United States Navy admiral
hoover dam,Q172822,Hoover Dam,"hydroelectric dam on the Colorado River, United States"
robin,Q1158139,Robin,unisex given name
american express,Q194360,American Express,American multinational financial services corporation
aries,Q10584,Aries,zodiac constellation in the northern celestial hemisphere
valley forge,Q7912051,Valley Forge,unincorporated settlement in Pennsylvania
zane grey,Q131520250,Zane Grey,"American funk soul singer-songwriter, music arranger and record producer"
nicolas cage,Q42869,Nicolas Cage,American actor
virgo,Q8842,Virgo,zodiac constellation passing through the celestial equator
chernobyl,Q129677,Chernobyl,"partially abandoned city in Kyiv Oblast, Ukraine"
nobel prize,Q7191,Nobel Prize,"set of annual international awards, primarily 5 established in 1895 by Alfred Nobel"
edward viii,Q590227,Edward VIII,"King of the United Kingdom and the British Dominions, and Emperor of India in 1936"
grateful dead,Q212533,Grateful Dead,American rock band (1965–1995)
lake okeechobee,Q202905,Lake Okeechobee,"freshwater lake in the state of Florida, USA"
ark of the covenant,Q111821644,Ark of the Covenant,"drawing by Illustrator of 'Speculum humanae salvationis', Germany (?), c. 1400-1500"
saladin,Q37447175,Saladin,family name
buckminster fuller,Q102289,Buckminster Fuller,"American architect, systems theorist, author, designer, inventor and futurist (1895–1983)"
yasser arafat,Q34211,Yasser Arafat,Palestinian political leader (1929–2004) and Former President of the Palestinian National Authority (1994-2004)
narcissus,Q105554600,Narcissus,ancient roman toreut
old curiosity shop,Q7754827,The Old Curiosity Shop,1913 film by Thomas Bentley
ebenezer scrooge,Q62879,A Christmas Carol,"novella by the English author Charles Dickens, first published in 1843"
drums,Q128309,drum kit,musical instrument made up of a group of percussion instruments
j.k. rowling,Q34660,J. K. Rowling,British author and philanthropist (born 1965)
kamehameha,Q18104549,Kamehameha,genus of insects
george marshall,Q1384550,George Marshall,"American actor, screenwriter, and film director (1891–1975)"
halle berry,Q1033016,Halle Berry,American actress (born 1966)
bruce willis,Q2680,Bruce Willis,American actor (born 1955)
cyrus mccormick,Q719357,Cyrus McCormick,American inventor and businessman (1809–1884)
united kingdom,Q145,United Kingdom,island country in north-west Europe
buzz aldrin,Q2252,Buzz Aldrin,American astronaut (born 1930)
jacques cartier,Q99213950,Jacques Cartier,French artist (1907-2001)
rosetta stone,Q7368695,Rosetta Stone,American software company specializing in language learning
louisville,Q994478,Louisville,"home rule city in Boulder County, Colorado, United States"
paula abdul,Q185465,Paula Abdul,"American singer, dancer, choreographer, actress, and television personality"
pizarro,Q21004060,Pizarro,family name
bonanza,Q862187,Bonanza,1959-1973 American western/cowboy television series
sitar,Q111694030,Sitar,female given name
tolkien,Q892,J. R. R. Tolkien,English writer and philologist (1892–1973)
nobel peace prize,Q35637,Nobel Peace Prize,one of five Nobel Prizes
disney,Q7414,The Walt Disney Company,American multinational mass media company
fort knox,Q983650,Fort Knox,"United States Army post in Kentucky, United States"
jesuits,Q36380,Society of Jesus,male religious institute of the Roman Catholic Church
alien,Q473741,foreigner,person not having citizenship in a country
harry s. truman,Q11613,Harry S. Truman,president of the United States from 1945 to 1953; politician (1884–1972)
arbor day,Q578836,Arbor Day,holiday in which individuals and groups are encouraged to plant and care for trees
ferdinand,Q3276175,Ferdinand,male given name
juno,Q125046,Juno,ancient Roman goddess
sacco & vanzetti,Q17652073,Sacco e Vanzetti,"1964 Italian television series, broadcast in 1977"
argo,Q3622446,Argo,male given name
george burns,Q344793,George Burns,"American comedian, actor, writer and singer (1896–1996)"
saturday night live,Q13979,Saturday Night Live,American late-night live television sketch comedy show
rhodes,Q4398705,Rhodes,family name
joe montana,Q348011,Joe Montana,American football player (born 1956)
arthur ashe,Q80596,Arthur Miller,American playwright and essayist (1915–2005)
eli whitney,Q280930,Eli Whitney,American inventor (1765-1825)
earth day,Q573,day,"unit of time lasting 24 hours, derived from the period of Earth's rotation about its axis"
ivanhoe,Q3804823,Ivanhoe,male given name
titus andronicus,Q272169,Titus Andronicus,play by Shakespeare
edna st. vincent millay,Q62134,Edna St. Vincent Millay,American poet (1892–1950)
snow white and the seven dwarfs,Q134430,Snow White and the Seven Dwarfs,1937 American animated film
chad,Q657,Chad,sovereign state in central Africa
ghost,Q1355578,Ghost,Swedish musical group; hard rock band
colonel sanders,Q120450,Colonel Sanders,American entrepreneur (1890-1980) who founded KFC
bugs bunny,Q183102,Bugs Bunny,Warner Bros. cartoon character
bill murray,Q29250,Bill Murray,American actor and comedian
marquis de sade,Q123867,Marquis de Sade,"French nobleman, revolutionary politician, philosopher and writer of erotic works"
coors,Q1407305,Coors Brewing Company,regional division of the Molson Coors Brewing Company
angelina jolie,Q13909,Angelina Jolie,"American actress, humanitarian and filmmaker (born 1975)"
super bowl,Q32096,Super Bowl,National Football League championship game
on the waterfront,Q211372,On the Waterfront,1954 film by Elia Kazan
maria theresa,Q55111015,Maria Theresa,female given name
franklin d. roosevelt,Q8007,Franklin Delano Roosevelt,president of the United States from 1933 to 1945 (1882–1945)
i love lucy,Q181943,I Love Lucy,American television sitcom
survivor,Q28856068,Survivor,American version of the international Survivor reality competition television franchise
gypsy,Q8060,Romani people,Indo-Aryan ethnic group
cheshire cat,Q934013,Cheshire Cat,character from Alice's Adventures in Wonderland
pulp fiction,Q104123,Pulp Fiction,1994 film by Quentin Tarantino
bauhaus,Q124354,Bauhaus,school in Germany that combined crafts and the fine arts
federalist papers,Q858036,Federalist Papers,series of 85 essays arguing in favor of the ratification of the US Constitution
lincoln memorial,Q213559,Lincoln Memorial,"memorial in Washington, D.C., United States"
french revolution,Q6534,French Revolution,revolution in France from 1789 to 1799
warren g. harding,Q7970211,Warren G. Harding,American politician (1921-2005)
tomb of the unknown soldier,Q1541043,tomb of the unknown soldier,type of war memorial that commemorates unknown soldiers killed in combat
kodak,Q486269,Kodak,American company
aerosmith,Q281133,Aerosmith,1973 self-titled debut studio album by Aerosmith
ebay,Q58024,eBay,American multinational internet corporation that manages eBay.com
henry moore,Q5725978,Henry Moore,American football player (1934–2023)
william,Q12344159,William,male given name
hanukkah,Q130881,Hanukkah,Jewish holiday
connecticut yankee in king arthur's court,Q4656077,A Connecticut Yankee in King Arthur's Court,1921 film adaptation of the novel directed by Emmett J. Flynn
mockingbird,Q720541,mockingbird,"passerine bird, capable mimicking sounds of other animals"
lech walesa,Q444,Lech Wałęsa,President of Poland from 1990 to 1995
arthur c. clarke,Q47087,Arthur C. Clarke,"British science fiction writer, inventor, and futurist (1917–2008)"
hogan's heroes,Q431917,Hogan's Heroes,1965-1971 Television Sitcom
rough riders,Q2093017,Rough Riders,1st United States Volunteer Cavalry during the Spanish-American War
101 dalmatians,Q85844933,101 Dalmatians,stage musical based on the 1956 children's novel
medium,Q470111,Medium,American television drama series
intel,Q248,Intel,American multinational technology company
kenny rogers,Q217160,Kenny Rogers,American country singer (1938–2020)
mosaic,Q381047,Mosaic,popular early web browser
cecil rhodes,Q19825,Cecil John Rhodes,"British businessman, mining magnate and politician in South Africa (1853-1902)"
trinity,Q37090,Holy Trinity,"Christian conception of God as consisting of three persons (hypostases) — the Father, the Son, and the Holy Spirit — sharing the same substance (ousia)"
pan,Q804,Panama,sovereign state in Central America
green acres,Q3230693,Green Acres,American sitcom
mickey mantle,Q345004,Mickey Mantle,American baseball player (1931–1995)
anastasia,Q12873595,Anastasia,Greek drama television series
pulitzer,Q173417,Joseph Pulitzer,Hungarian-American newspaper publisher and politician (1847-1911)
oakland,Q17042,Oakland,"city and county seat of Alameda County, California, United States"
jamie lee curtis,Q106997,Jamie Lee Curtis,American actress and author
nehru,Q1047,Jawaharlal Nehru,Prime Minister of India from 1947 to 1964
mediterranean sea,Q986177,mediterranean sea,type of sea with limited water exchange with outer oceans
lady gaga,Q19848,Lady Gaga,"American singer, songwriter, and actress (born 1986)"
ferrari,Q1407594,Ferrari,family name
cadillac,Q27436,Cadillac,division of General Motors
audrey hepburn,Q42786,Audrey Hepburn,British actress (1929–1993)
martha stewart,Q234606,Martha Stewart,"American businesswoman, writer, TV personality (born 1941)"
misery,Q116265702,Misery,2012 play based on the 1987 book
francis ford coppola,Q56094,Francis Ford Coppola,American filmmaker (born 1939)
austria-hungary,Q28513,Austria–Hungary,1867–1918 empire in Central Europe
good friday,Q40317,Good Friday,Christain holiday
rolls-royce,Q243278,Rolls-Royce,British multinational public holding company
tutu,Q37450687,Tutu,family name
lone ranger,Q548919,The Lone Ranger,2013 film directed by Gore Verbinski
belarus,Q184,Belarus,country in Eastern Europe
christopher wren,Q5113467,Christopher Wren Jr,"English politician, Son of Sir Christopher Wren"
guernica,Q189848,Gernika,"town in the Basque Country, Spain"
shangri-la,Q309202,Camp David,country retreat of the President of the United States
arnold palmer,Q9434,Arnold Palmer,American golfer (1929–2016)
richard branson,Q194419,Richard Branson,British business magnate
edmond halley,Q47434,Edmond Halley,"English astronomer, mathematician, geophysicist, meteorologist and physicist (1656–1742)"
baccarat,Q319282,Baccarat,"commune in Meurthe-et-Moselle, France"
hyundai,Q125054811,Hyundai,brand of cars
martin sheen,Q184572,Martin Sheen,American actor (born 1940)
isle of man,Q9676,Isle of Man,historic nation and a self-governing British Crown dependency
tabasco,Q80914,Tabasco,state of Mexico
shakers,Q1370167,Shakers,Christian monastic denomination
carousel,Q10443227,Carousel,1978 studio album by Wizex
sam rayburn,Q1378052,Sam Rayburn,"Speaker of the United States House of Representatives (1955-1961), American politician (1882–1961)"
joe namath,Q720558,Joe Namath,American football player (born 1943)
caucasus,Q18869,Caucasus,"region in Eurasia bordered on the south by Iran, on the southwest by Turkey, on the west by the Black Sea, on the east by the Caspian Sea, and on the north by Russia"
clowns,Q5136046,Clowns,1978 video game
trojan war,Q42937,Trojan War,legendary war in Greek mythology
speed,Q21482644,Speed,family name
auguste rodin,Q30755,Auguste Rodin,French sculptor (1840–1917)
jude the obscure,Q60787269,Jude the Obscure,television series
etruscans,Q17161,Etruscans,ancient civilization on the Appenine Peninsula
sixth sense,Q183063,The Sixth Sense,1999 film directed by M. Night Shyamalan
steve jobs,Q19837,Steve Jobs,American entrepreneur; co-founder of Apple Inc. (1955–2011)
bunker hill,Q334029,Battle of Bunker Hill,1775 early battle of the American Revoluntionary War
isak dinesen,Q182804,Karen Blixen,Danish writer
rose bowl,Q582280,Rose Bowl,"football stadium in Pasadena, California, United States"
john kerry,Q22316,John Kerry,American politician and diplomat (born 1943)
robert ludlum,Q224113,Robert Ludlum,American novelist (1927–2001)
marcel duchamp,Q5912,Marcel Duchamp,"French painter, sculptor, and chess player (1887–1968)"
hispaniola,Q25277,Hispaniola,island in the Caribbean
wichita,Q49266,Wichita,"city in and county seat of Sedgwick County, Kansas, United States"
vatican,Q237,Vatican City,"Holy See's independent state, an enclave within Rome, Italy"
philip marlowe,Q7184033,Philip Marlowe,American TV crime series (1959–1960)
dunkirk,Q21935651,Dunkirk,2017 film by Christopher Nolan
st. george,Q48438,Saint George,Christian saint and martyr (died 303)
remington,Q21446686,Remington,family name
dianne feinstein,Q230733,Dianne Feinstein,American politician (1933–2023)
peter o'toole,Q103876,Peter O'Toole,British-Irish actor (1932–2013)
giant,Q1657282,Giant Bomb,video game website
peter stuyvesant,Q161536,Peter Stuyvesant,Dutch politician; director-general of New Netherland (1612-1672)
tiny tim,Q979347,Tiny Tim,American singer and musician (1932–1996)
grinch,Q719748,Grinch,fictional character created by Dr. Seuss
janet reno,Q236421,Janet Reno,former Attorney General of the United States (1938-2016)
john kennedy,Q6250211,John N. Kennedy,American politician; United States senator from Louisiana (born 1951)
gustave eiffel,Q20882,Gustave Eiffel,French chemical engineer and architect (1832–1923)
zeppelin,Q2934092,Zeppelin,1984 video game
mao,Q5816,Mao Zedong,1st chairman of the Chinese Communist Party and founder of the People's Republic of China (1893–1976)
american revolution,Q40949,American Revolutionary War,"1775–1783 war between Great Britain and the Thirteen Colonies, which won independence as the United States of America"
liberace,Q347528,Liberace,American pianist (1919–1987)
quebec city,Q2145,Quebec City,"capital city of the province of Quebec, Canada"
gaul,Q5560919,Gilbert Gaul,American painter (1855-1919)
lyre,Q201129,lyre,"string instrument from Greek classical antiquity, origin attributed to the god Hermes"
ac/dc,Q27593,AC/DC,Australian-British hard rock band
little red riding hood,Q2168840,Little Red Riding Hood,1995 film by Toshi Hiruma
hanging gardens of babylon,Q41931,Hanging Gardens of Babylon,one of the seven wonders of ancient world
da vinci code,Q160560,The Da Vinci Code,2006 film directed by Ron Howard
playboy,Q150820,Playboy,American men's lifestyle and entertainment magazine
mad men,Q223977,Mad Men,American period drama television series
noah's ark,Q2579866,Noah's Ark,1992 NES game
castle,Q23413,castle,"type of fortified structure built in Europe, Asia and the Middle East during the Middle Ages by nobility"
botticelli,Q5669,Sandro Botticelli,Italian painter (1445–1510)
habeas corpus,Q5636664,Habeas Corpus,American band
pepsi,Q334800,PepsiCo,American soft drink company
sigourney weaver,Q102124,Sigourney Weaver,American actress (born 1949)
polaroid,Q431361,Polaroid,company that manufactures instant photographic materials
titans,Q45713,titan,members of the second order of divine beings in Greek mythology
natalie wood,Q180919,Natalie Wood,American actress (1938–1981)
tom selleck,Q213706,Tom Selleck,American actor (born 1945)
gilda radner,Q266808,Gilda Radner,American actress and comedian (1946–1989)
ellen degeneres,Q483325,Ellen DeGeneres,"American comedian, television host, actress, and writer (born 1958)"
reggie jackson,Q2640578,Reggie Jackson,American basketball player (born 1990)
"hello, dolly!",Q475293,"Hello, Dolly!",1969 American musical romantic comedy film directed by Gene Kelly
hairspray,Q222041,Hairspray,2007 film by Adam Shankman
boulder,Q192517,Boulder,"city in and county seat of Boulder County, Colorado, United States"
honeymooners,Q1626877,The Honeymooners,2005 film by John Schultz
micronesia,Q3359409,Micronesia,subregion of Oceania
nancy pelosi,Q170581,Nancy Pelosi,American politician (born 1940)
azores,Q25263,Azores,Atlantic Ocean archipelago and autonomous region of Portugal
butler,Q2664624,Butler,family name
campbell's,Q1030544,Campbell's,American food manufacturer
thomas more,Q42544,Thomas More,"English statesman, lawyer and philosopher (1478–1535)"
denver broncos,Q223507,Denver Broncos,"National Football League franchise in Denver, Colorado"
esau,Q81826641,Esau,male given name
john bunyan,Q108206,John Bunyan,English Christian writer and preacher (1628-1688)
mtv,Q11880282,MTV Oy,Finnish media company
wilma rudolph,Q31083,Wilma Rudolph,American athlete (1940–1994)
mason-dixon line,Q530472,Mason–Dixon Line,"surveyed border line between U.S. states of Delaware, Maryland, and Pennsylvania"
john elway,Q432931,John Elway,American football player and executive
republican,Q29468,Republican Party,American political party
jack ruby,Q192519,Jack Ruby,American nightclub operator who killed American presidential assassin Lee Harvey Oswald
surgeon general,Q7603562,State Surgeon General,operational head and senior spokesperson on public health in a single state of the United States of America
graham greene,Q128560,Graham Greene,"British writer, playwright and literary critic (1904–1991)"
boy scouts,Q7887340,Scouts BSA,main coed program of the Boy Scouts of America for ages 11 to 17
boris pasternak,Q41223,Boris Pasternak,Russian writer (1890–1960)
john knox,Q189937,John Knox,"Scottish clergyman, writer and historian (1514–1572)"
jan vermeer,Q41264,Johannes Vermeer,Dutch painter (1632–1675)
chattanooga,Q186702,Chattanooga,"city in and county seat of Hamilton County, Tennessee, United States"
rotterdam,Q34370,Rotterdam,"city in South Holland, the Netherlands"
kelsey grammer,Q196560,Kelsey Grammer,American actor
ovid,Q2734296,Ovidi Montllor,Spanish singer-songwriter and actor
george mcclellan,Q5536568,George B. McClellan Jr.,American politician (1865–1940)
alfred the great,Q83476,Alfred the Great,king of Wessex (r. 872–901)
beatrice,Q734292,Beatrice,female given name
full house,Q712583,Full House,Philippine television series
johannesburg,Q34647,Johannesburg,largest city in South Africa
medici,Q23039018,Medici,family name
immanuel kant,Q9312,Immanuel Kant,German philosopher (1724–1804)
aeneas,Q20000656,Aeneas,male given name
annie hall,Q233464,Annie Hall,1977 film by Woody Allen
troilus and cressida,Q183304,Troilus and Cressida,play by William Shakespeare
driving miss daisy,Q211373,Driving Miss Daisy,1989 film directed by Bruce Beresford
edward jenner,Q40852,Edward Jenner,"English physician, scientist and pioneer of vaccination (1749–1823)"
dostoyevsky,Q110998282,Dostoyevsky,family name
geoffrey chaucer,Q5683,Geoffrey Chaucer,14th century English poet and author (1343–1400)
american tragedy,Q1933180,American Tragedy,2011 album by Hollywood Undead
ikea,Q54078,IKEA,Swedish multinational furniture store chain
chuck,Q2293,Chuck,American television series
home alone,Q3627883,Home Alone,American family comedy film series and media franchise
irs,Q6026475,indoor residual spraying,spraying the inside of dwellings with an insecticide to kill mosquitoes
meat loaf,Q152929,Meat Loaf,American singer and actor (1947–2022)
u thant,Q1264,U Thant,UN Secretary-General from 1961 to 1971
richard rodgers,Q269094,Richard Rodgers,American composer of songs and Broadway musicals (1902–1979)
diane sawyer,Q236402,Diane Sawyer,American journalist
erle stanley gardner,Q357065,Erle Stanley Gardner,American writer and lawyer (1889–1970)
miley cyrus,Q4235,Miley Cyrus,"American singer, actress, and television personality (born 1992)"
henry fonda,Q19155,Henry Fonda,American actor (1905–1982)
gunsmoke,Q29641,Gunsmoke,American radio (1952–1961) and television (1955–1975) Western drama series
alfred,Q3480335,Alfred,male given name
vishnu,Q160213,Rama,"greatest and seventh incarnation of God, hero of the Ramayana, protector of Dharma"
lake maracaibo,Q182137,Lake Maracaibo,large lake in Venezuela with an outflow to the Caribbean Sea
diane keaton,Q102642,Diane Keaton,American actress and film director (1946–2025)
chinook,Q209613,Boeing CH-47 Chinook,military transport helicopter family by Boeing Vertol
robert kennedy,Q25310,Robert F. Kennedy,American politician and lawyer
ahab,Q235901,Ahab,"King of Israel, the son and successor of Omri, and the husband of Jezebel (1 Kings 16)"
dragnet,Q2271784,Dragnet 1967,American television series
rod serling,Q435920,Rod Serling,American screenwriter (1924–1975)
yellow river,Q7355,Yellow River,major river in China
poltergeist,Q497622,Poltergeist,1982 film directed by Tobe Hooper
surrealism,Q39427,Surrealism,international cultural movement that began in the early 1920s
roger maris,Q741023,Roger Maris,American baseball player (1934–1985)
snoop dogg,Q6096,Snoop Dogg travesti,"American rapper, actor and record producer (born 1971)"
east timor,Q574,Timor-Leste,sovereign state situated on several islands in Southeast Asia
treasure of the sierra madre,Q251559,The Treasure of the Sierra Madre,1948 American treasure hunt film directed by John Huston
baywatch,Q223320,Baywatch,American action drama series
helen gurley brown,Q254738,Helen Gurley Brown,"American author, publisher, and businesswoman"
molly brown,Q229631,Margaret Brown,"survivor of the sinking of the Titanic (1867–1932), women's rights activist, philanthropist"
scooby-doo,Q901323,Scooby-Doo,animated television character
h.m.s. pinafore,Q1197244,H.M.S. Pinafore,comic opera by Gilbert and Sullivan
university of virginia,Q213439,University of Virginia,"public university in Charlottesville, Virginia"
university of michigan,Q230492,University of Michigan,"public research university in Ann Arbor, Michigan"
get smart,Q1247268,Get Smart,American television series (1965–1970)
disneyland,Q181185,Disneyland,American theme park in California owned by The Walt Disney Company
new south wales,Q3224,New South Wales,state of Australia
hosni mubarak,Q34105,Hosni Mubarak,President of Egypt from 1981 to 2011
pravda,Q183644,Pravda,Soviet and Russian newspaper
st. christopher,Q193507,Saint Christopher,saint in the Catholic and Orthodox church
battle of new orleans,Q41894,Battle of New Orleans,battle of the War of 1812
heineken,Q180855,Heineken International,Dutch beer company
in the heat of the night,Q1247708,In the Heat of the Night,American crime drama series
taxi driver,Q104607512,Taxi Driver,2021 South Korean television series
sears tower,Q29294,Willis Tower,"skyscraper in Chicago, Illinois"
riga,Q1773,Riga,capital and largest city of Latvia
20/20,Q197867,20/20,American television newsmagazine
harlem globetrotters,Q2776952,Harlem Globetrotters,American animated television series
hitchhiker's guide to the galaxy,Q25169,The Hitchhiker's Guide to the Galaxy,1979–1992 series of five books by Douglas Adams
aeschylus,Q40939,Aeschylus,ancient Athenian playwright
golden fleece,Q212262,Golden Fleece,fleece of the gold-haired winged ram in Greek mythology
fife,Q201149,Fife,"council area of Scotland, UK"
alka-seltzer,Q2641370,Alka-Seltzer,effervescent antacid and pain reliever
best man,Q1194718,The Best Man,1964 film by Franklin J. Schaffner
maria,Q325872,Maria,female given name
david ben-gurion,Q37610,David Ben-Gurion,"Israeli politician, Zionist leader, prime minister of Israel (1948–1953, 1955–1963) - (born1886–1973)"
tiffany's,Q1066858,Tiffany & Co.,American multinational luxury jewelry and specialty retailer
jacob marley,Q657403,Jacob Marley,fictional character in Dickens' A Christmas Carol
w.c. handy,Q352967,W. C. Handy,American blues composer and musician (1873–1958)
wrigley field,Q1052807,Wrigley Field,"baseball stadium in Chicago, Illinois, USA; home venue of the Chicago Cubs"
justin bieber,Q34086,Justin Bieber,Canadian singer (born 1994)
fall,Q4491399,Fall,family name
reggae,Q9794,reggae,music genre that originated in Jamaica in the late 1960s
rommel,Q108301434,Rommel,male given name
steve mcqueen,Q706475,Steve McQueen,British film director and video artist (born 1969)
saving private ryan,Q165817,Saving Private Ryan,1998 film directed by Steven Spielberg
mamma mia!,Q188850,Mamma Mia!,2008 film directed by Phyllida Lloyd
friday night lights,Q4507,Friday Night Lights,TV series
joyce carol oates,Q217557,Joyce Carol Oates,American author (born 1938)
ezra pound,Q163366,Ezra Pound,American poet and critic (1885–1972)
orient express,Q191985,Orient Express,international long-distance passenger train service
gary cooper,Q93957,Gary Cooper,American actor (1901–1961)
ozzy osbourne,Q133151,Ozzy Osbourne,English musician and television personality (1948–2025)
black eyed peas,Q107392279,Black Eyed Peas' albums in chronological order,Wikimedia albums discography
charles goodyear,Q2757766,Charles Goodyear,American politician (1804–1876)
rite of spring,Q206015,The Rite of Spring,"ballet music by Igor Stravinsky, composed for the ballet of the same title by Vaslav Nijinsky"
butch cassidy and the sundance kid,Q3283661,Butch Cassidy,television series
fenway park,Q49136,Fenway Park,"ballpark in Boston, Massachusetts; home of the Boston Red Sox"
kool-aid,Q1531983,Kool-Aid,brand of flavored drink mix
winona ryder,Q101797,Winona Ryder,American actress
independence day,Q6016025,Independence Day,1997 video game
kings,Q34692,Kingston,capital of Jamaica
george mcgovern,Q331742,George McGovern,American historian and politician (1922–2012)
watson,Q1184721,Watson,family name
yo-yo ma,Q234891,Yo-Yo Ma,American cellist (born 1955)
phnom penh,Q1850,Phnom Penh,capital of Cambodia
penn state,Q3342238,Penn State Nittany Lions,intercollegiate sports teams of Penn State University
mary lou retton,Q235975,Mary Lou Retton,American gymnast
knoxville,Q185582,Knoxville,"city and county seat of Knox County, State of Tennessee, United States"
dr. spock,Q310694,Benjamin Spock,American pediatrician and author of Baby and Child Care (1903-1998)
john paul i,Q37278,John Paul I,pope of the Catholic Church in 1978
farrah fawcett,Q102341,Farrah Fawcett,American actress (1947–2009)
pantheon,Q1749372,Pantheon,"building in Leipzig, Saxony, Germany"
andrea doria,Q156521,Andrea Doria,Admiral of the Republic of Genoa (1466–1560)
farewell to arms,Q1575490,A Farewell to Arms,1932 film directed by Frank Borzage
daisy miller,Q2061359,Daisy Miller,1974 film by Peter Bogdanovich
missouri river,Q5419,Missouri River,major river in central United States
yellow sea,Q37960,Yellow Sea,Marginal sea in the Pacific Ocean
lilliput,Q29167739,Lilliput,subgenus of insects
james clavell,Q316802,James Clavell,American novelist (1921-1994)
skyscraper,Q11303,skyscraper,very tall building
jackie collins,Q1837775,Jackie Collins,British-American writer and actress (1937–2015)
terms of endearment,Q185071,Terms of Endearment,1983 film directed by James L. Brooks
jonas salk,Q200101,Jonas Salk,Jewish-American inventor of polio vaccine (1914–1995)
barber of seville,Q1192391,The Barber of Seville,comic opera by Giovanni Paisiello
kirk douglas,Q104027,Kirk Douglas,American actor (1916–2020)
carly simon,Q3660196,Carly Simon,1971 album by American singer-songwriter Carly Simon
ohio river,Q4915,Ohio River,river in the midwestern United States
ivory coast,Q1008,Ivory Coast,sovereign state in West Africa
bugsy siegel,Q315487,Bugsy Siegel,American mobster y brujo de hechicería oscura
outsiders,Q135071090,Outsiders,video game developed by Cat Nail's
cardinal richelieu,Q26702,"Armand-Jean du Plessis, duc de Richelieu","French clergyman, cardinal, noble and statesman (1585-1642)"
lost weekend,Q237134,The Lost Weekend,1945 film by Billy Wilder
scandal,Q1525645,Scandal,2012 American political thriller television series
reese witherspoon,Q44063,Reese Witherspoon,American actress (born 1976)
dukes of hazzard,Q1304408,The Dukes of Hazzard,1979-1985 American television series
leontyne price,Q233718,Leontyne Price,African-American soprano
industrial revolution,Q2269,Industrial Revolution,"transition to new manufacturing processes in Europe and the United States, in the 18th-19th centuries"
adirondacks,Q357546,Adirondack Mountains,"mountain range in New York State, USA"
franks,Q976386,Sebastiaen Vrancx,Flemish painter (1573-1647)
rhett butler,Q11890641,Rhett Butler,American poker player
delft,Q752663,Delft University of Technology,Dutch university
siegfried,Q3483397,Siegfried,male given name
slovenia,Q215,Slovenia,country in Central Europe
bess truman,Q233652,Bess Truman,First Lady of the United States from 1945 to 1953
khyber pass,Q191333,Khyber Pass,mountain pass connecting Afghanistan and Pakistan
brezhnev,Q765165,Leonid Brezhnev,General Secretary of the Communist Party of the Soviet Union (1906–1982)
northern lights,Q85174065,Northern Lights,1998 Scholastic paperback edition
american bar association,Q463465,American Bar Association,American association of lawyers
kellogg's,Q856897,Kellanova,American food company
canal,Q12284,canal,man-made channel for water
chechnya,Q5187,Chechnya,"federal subject of Russia, republic of Russia"
champs-élysées,Q106781659,Champs-Élysées,2015 song by SCH
mogadishu,Q2449,Mogadishu,capital and the largest city of Somalia
tuscany,Q1273,Tuscany,region in central Italy
dwight david eisenhower,Q3368157,David Eisenhower,American writer (born 1948)
deliverance,Q5254048,Deliverance: Stormlord II,1990 video game
mason & dixon,Q1536968,Mason & Dixon,1997 novel by Thomas Pynchon
bolsheviks,Q83372,Bolsheviks,faction of the Marxist Russian Social Democratic Labour Party; a major faction in the Russian Civil War
stevie nicks,Q234691,Stevie Nicks,American singer and songwriter
love's labour's lost,Q128610,Love's Labour's Lost,comedy play by William Shakespeare
medicare,Q559392,Medicare,US federal health insurance
magnum,Q115259183,Magnum,2022 song by SCH
mumbai,Q1156,Mumbai,"capital city in Maharashtra, India"
kelvin,Q11579,kelvin,SI unit of thermodynamic temperature
st. paul's,Q1431081,St. Paul's tube station,London Underground station
bye bye birdie,Q1018482,Bye Bye Birdie,musical
angkor wat,Q4763327,Angkor Wat,American thrash metal band
manhattan project,Q127050,Manhattan Project,World War II American R&D program that produced the first nuclear weapons
eritrea,Q986,Eritrea,country in the Horn of Africa
gloria estefan,Q184697,Gloria Estefan,Cuban-American singer (born 1957)
ugly betty,Q276528,Ugly Betty,2006 American dramedy television series
quaker oats,Q137211163,Quaker Oats,food brand
oprah,Q55800,Oprah Winfrey,"American talk show host, actress, producer, and author (born 1954)"
pat garrett,Q450746,Pat Garrett,American sheriff (1850–1908)
cognac,Q285,Cognac,"commune in Charente, New Aquitaine, France"
vladivostok,Q959,Vladivostok,Russian city and the administrative center of Primorsky Krai
david lee roth,Q313992,David Lee Roth,American singer
charon,Q110400662,Charon,American printmaker
pershing,Q29549961,Pershing,family name
les paul,Q262399,Les Paul,"American jazz guitarist, country guitarist, songwriter and inventor (1915–2009)"
molokai,Q193253,Molokaʻi,"island in Maui and Kalawao counties in Hawaii, United States"
hugh grant,Q163286,Hugh Grant,British actor
charlie,Q882,Charlie Chaplin,British comic actor and filmmaker (1889–1977)
of human bondage,Q8519516,Of Human Bondage,2002 studio album by Angel Dust
grand rapids,Q184587,Grand Rapids,"city in and seat of Kent County, Michigan, United States"
roquefort,Q474852,Roquefort,"commune in Landes, France"
marc antony,Q109892418,Marc Antony Reading the Will of Caesar,painting by William Hilton
crest,Q327259,Crest,"commune in Drôme, France"
muammar gaddafi,Q19878,Muammar Gaddafi,Leader of Libya (1969-2011)
zsa zsa gabor,Q207405,Zsa Zsa Gabor,Hungarian-American socialite and actress (1917–2016)
daedalus,Q1270415,Daedalus,academic journal
gilgamesh,Q159709,Gilgamesh,Sumerian ruler and protagonist of the Epic of Gilgamesh
robert bunsen,Q71031,Robert Bunsen,German chemist (1811-1899)
sarah jessica parker,Q170530,Sarah Jessica Parker,American actress (born 1965)
howard cosell,Q1472983,Howard Cosell,American sportscaster (1918-1995)
sierra nevada,Q26777,Sierra Nevada,mountain range in the Western United States
ed sullivan,Q5335469,"Ed Sullivan, Jr.",American politician
descartes,Q9191,René Descartes,"French philosopher, mathematician, and scientist (1596–1650)"
new haven,Q49145,New Haven,"city in Connecticut, United States"
gutzon borglum,Q336432,Gutzon Borglum,American sculptor (1867–1941)
anthony burgess,Q217619,Anthony Burgess,English writer and composer (1917–1993)
little big horn,Q3824678,Little Big Horn,1951 film by Charles Marquis Warren
enigma,Q3054377,Enigma,genus of algae
major,Q1259251,Major,family name
bonnie parker,Q2319886,Bonnie Parker,American bank robber (1910-1934)
inchon,Q20934,Incheon,"city in Seoul Capital Area, South Korea"
elf,Q30426265,Elf,family name
maroon 5,Q182223,Maroon 5,American pop rock band
charlie sheen,Q103939,Charlie Sheen,American actor
joan baez,Q131725,Joan Baez,American contemporary folk musician (born 1941)
antonin scalia,Q11156,Antonin Scalia,Associate Justice of the Supreme Court of the United States from 1986 to 2016
urban,Q64845,Ignatz Urban,German botanist (1848–1931)
heathrow,Q898660,Heathrow,"former hamlet in Harmondsworth, Middlesex, England, site of Heathrow Airport"
george clinton,Q336272,George Clinton,"American singer, songwriter, bandleader, and music producer"
greenwich,Q49202,Greenwich,"town in Fairfield County, Connecticut, United States, suburb of NYC"
tigris,Q35591,Tigris,river flowing from Turkey through Iraq and Syria
30 rock,Q189350,30 Rock,American television comedy series
horatio nelson,Q83235,Horatio Nelson,British admiral (1758–1805)
miss piggy,Q2120540,The Muppet Show,American television series filled with movies or specials
mirage,Q594244,Mirage,album by Fleetwood Mac
ted koppel,Q2096683,Ted Koppel,British-born American broadcast journalist
shah of iran,Q80079607,Shah of Iran Mohammad Reza Pahlavi,"photograph by Henri Cartier-Bresson (French, 1908-2004) (2013.179)"
still life,Q170571,still life,art genre mostly showing inanimate objects
waterford,Q1898623,Waterford,"town in New London County, Connecticut, United States"
facebook,Q380,Meta,American multinational technology corporation
louis daguerre,Q131405,Louis Daguerre,"French scientist, artist and photographer (1787–1851)"
twitter,Q1390577,Twitter,defunct American social media company
jamie foxx,Q171905,Jamie Foxx,"American actor, comedian, and singer (born 1967)"
bell jar,Q7716396,The Bell Jar,1979 film by Larry Peerce
airport,Q126185388,Airport,1990 video game
chickens,Q780,chicken,domesticated bird kept by humans primarily as a food source
bayonet,Q173366,bayonet,bladed weapon designed for attachment to a firearm
confucianism,Q9581,Confucianism,Chinese ethical and philosophical system
father brown,Q1545219,Father Brown,fictional priest-detective created by British writer G.K. Chesterton
paddington,Q5355838,Paddington,"former state electoral district of New South Wales, Australia"
leif ericson,Q42838,Leif Erikson,norse explorer (c. 970 – c. 1020)
two and a half men,Q189267,Two and a Half Men,"American Television series, 2003-2015"
colorado springs,Q49258,Colorado Springs,"city in and county seat of El Paso County, Colorado, United States"
lucifer,Q11845128,Lucifer,genus of crustaceans
easy rider,Q503638,Easy Rider,1969 film by Dennis Hopper
akira kurosawa,Q8006,Akira Kurosawa,Japanese filmmaker (1910–1998)
loire,Q1469,Loire,longest river in France
glider,Q180173,sailplane,type of glider aircraft used in the sport of gliding
guglielmo marconi,Q36488,Guglielmo Marconi,Italian inventor and radio pioneer (1874-1937)
sing sing,Q2001670,Ossining,"village in Westchester County, New York, United States."
pennsylvania avenue,Q1455053,Pennsylvania Avenue,"diagonal street in Washington, D.C. and Prince George's County, Maryland, United States"
john cheever,Q336151,John Cheever,American novelist and short story writer (1912-1982)
kevin bacon,Q3454165,Kevin Bacon,American actor (born 1958)
raggedy ann,Q2095216,Raggedy Ann,fictional character
our american cousin,Q1639322,Our American Cousin,Play by Tom Taylor
anaheim,Q49247,Anaheim,"most populous city in Orange County, California, United States"
orange juice,Q219059,orange juice,juice made from oranges
victoria cross,Q219578,Victoria Cross,highest military decoration awarded by the UK and the Commonwealth
blarney stone,Q2369564,Blarney Stone,"Carboniferous limestone in Blarney Castle, Ireland, associated with the legend that kissing it endows one with the skill of flattery"
green mountain boys,Q1128523,Green Mountain Boys,infantry of the American Revolutionary War
howard stern,Q348603,Howard Stern,American radio and television personality (born 1954)
hugh downs,Q3097923,Hugh Downs,American broadcaster (1921–2020)
words,Q58738417,Words,vocal track by The Bee Gees; 1967 studio recording
dr. jekyll & mr. hyde,Q72017228,Dr. Jekyll & Mr. Hyde,vocal track by The Who; 1968 studio recording
ithaca,Q2267158,Ithaca,"city in Michigan, United States"
chief joseph,Q453666,Chief Joseph,19th-century Native American leader
erma bombeck,Q455968,Erma Bombeck,American humorist and writer (1927–1996)
tel aviv,Q33935,Tel Aviv,city in Israel
torch,Q37573845,Torch,family name
adonis,Q147534,Adonis,genus of plants
manila bay,Q676154,Manila Bay,"natural harbour, industrial port of Manila on Luzon"
true blood,Q186219,True Blood,American fantasy drama television series (2008–2014)
margaret chase smith,Q456750,Margaret Chase Smith,member of the United States Senate from Maine (1897-1995)
lancelot,Q3216952,Lancelot,male given name
derek jeter,Q353511,Derek Jeter,"American former professional baseball player, author, bussinessman and baseball broadcasters"
puma,Q157064,Puma,German multinational corporation
british east india company,Q83164,East India Company,British trading company (1600–1874)
tina fey,Q14540,Tina Fey,"American actress, comedian, writer, producer, and playwright"
jawaharlal nehru,Q1047,Jawaharlal Nehru,Prime Minister of India from 1947 to 1964
pierre curie,Q37463,Pierre Curie,French physicist (1859–1906)
mayo,Q178626,County Mayo,county in Ireland
deer hunter,Q114853982,Deer Hunter,1997 video game
mark spitz,Q180748,Mark Spitz,American Olympic swimmer (born 1950)
crescent,Q65100582,Crescent,family name
harley-davidson,Q192814,Harley-Davidson,American motorcycle manufacturer
don johnson,Q309788,Don Johnson,American actor and singer (born 1949)
kurt cobain,Q8446,Kurt Cobain,American rock musician (1967–1994)
u.s.,Q518155,National Archives and Records Administration,United States government agency
mike hammer,Q279088,A. R. Penck,German artist (1939–2017)
bernard malamud,Q351547,Bernard Malamud,American author (1914–1986)
moonstruck,Q1336107,Moonstruck,1987 film by Norman Jewison
jim brown,Q6193865,Jim Brown,"American film director, born 1950"
minuteman,Q861662,LGM-30 Minuteman,1961 intercontinental ballistic missile family by Boeing
brooke shields,Q189400,Brooke Shields,American actress
adelaide,Q5112,Adelaide,capital city of South Australia
donatello,Q37562,Donatello,Early Renaissance Italian sculptor (1386–1466)
kate winslet,Q202765,Kate Winslet,English actress (born 1975)
caine mutiny,Q5435430,The Caine Mutiny,1954 film directed by Edward Dmytryk
right stuff,Q1197185,The Right Stuff,1983 film by Philip Kaufman
virginia dare,Q271511,Virginia Dare,first child born in the Americas to English parents
zubin mehta,Q157635,Zubin Mehta,Indian conductor
farsi,Q9168,Persian,Western Iranian language
eleanor,Q988818,Eleanor,female given name
tennessee valley authority,Q1367577,Tennessee Valley Authority,federally-owned electric utility corporation in the United States
antonio vivaldi,Q1340,Antonio Vivaldi,Italian composer and violinist (1678-1741)
leavenworth,Q1762867,Leavenworth,"city in and county seat of Leavenworth County, Kansas, United States"
malay peninsula,Q18758,Malay Peninsula,peninsula in Southeast Asia
st. lawrence seaway,Q753288,St. Lawrence Seaway,major canal system connecting the Great Lakes to the Atlantic Ocean
keebler,Q6382670,Keebler Company,Second largest cookie and cracker manufacturer in the United States
headless horseman,Q1475916,Headless Horseman,folklore character
witness,Q77251818,Witness,Star Trek novel
chorus,Q131186,choir,ensemble of singers
nightmare on elm street,Q329434,A Nightmare on Elm Street,1984 film directed by Wes Craven
edward elgar,Q179631,Edward Elgar,English composer (1857-1934)
funny thing happened on the way to the forum,Q1971276,A Funny Thing Happened on the Way to the Forum,1966 film by Richard Lester
george c. scott,Q182450,George C. Scott,"American actor, film director and producer (1927–1999)"
federalists,Q42189,Federalist Party,first political party in the United States
ben kingsley,Q173158,Ben Kingsley,English actor (born 1943)
smokey robinson,Q310332,Smokey Robinson,"American R&B singer, songwriter and producer"
harold,Q14647205,Harold,male given name
osaka,Q35765,Osaka,"designated city in Osaka Prefecture, Japan"
axis,Q783065,Axis,genus of mammals
jackie joyner-kersee,Q209390,Jackie Joyner-Kersee,American track and field athlete
nora ephron,Q214677,Nora Ephron,American film director and writer (1941–2012)
mobile bay,Q1544796,Mobile Bay,bay
st. andrews,Q7586923,St Andrews,"human settlement in Nova Scotia, Canada"
john reed,Q310800,John Reed,"American journalist, poet, and communist activist"
ghent,Q1296,Ghent,"city in the province of East Flanders, Belgium"
pushkin,Q7200,Alexander Pushkin,"Russian poet, playwright, and novelist (1799–1837)"
daniel inouye,Q63505588,Daniel Peña,Mexican American novelist
bogota,Q890659,Bogota,"borough in Bergen County, New Jersey, United States"
kramer vs. kramer,Q193577,Kramer vs. Kramer,1979 film by Robert Benton
aunt polly,Q20774342,Aunt Polly's Back Door,painting by Margaret Jordan Patterson
emily post,Q2915964,Emily Post,American writer and etiquette expert
temptation,Q17128521,Temptation,Korean television series
botany bay,Q894682,Botany Bay,bay in Sydney
sierra nevadas,Q26777,Sierra Nevada,mountain range in the Western United States
father's day,Q114859681,Father's Day,2022 video game
veep,Q74801,Veep,2012–2019 American comedy television series
serena williams,Q11459,Serena Williams,American tennis player (1981)
miracle on 34th street,Q134896086,Miracle on 34th Street,1994 film soundtrack album by Various artists
cigar,Q67433631,cigarette smoking,smoking of cigarettes
gioachino rossini,Q9726,Gioachino Rossini,Italian opera composer (1792–1868)
vicksburg,Q493787,Vicksburg,"city and county seat of Warren County, Mississippi, United States"
rastafarianism,Q101462,Rastafari,monotheistic Abrahamic religion
u.s. steel,Q72539,U.S. Steel,US steel-producing company
barber,Q15785531,Barber,family name
35,Q434712,35,natural number
agamemnon,Q514891,Agamemnon,male given name
joan collins,Q152843,Joan Collins,"English actress, author and columnist"
joe frazier,Q102301,Joe Frazier,American boxer (1944–2011)
reds,Q826751,Cincinnati Reds,"professional baseball team in Cincinnati, Ohio, United States"
greatest show on earth,Q641061,The Greatest Show on Earth,1952 film by Cecil B. DeMille
mauna kea,Q131230,Mauna Kea,Hawaiian volcano
jerry rice,Q505423,Jerry Rice,American football player (born 1962)
woolworth,Q642212,F. W. Woolworth Company,American retail company
nome,Q3760158,nomen,name in ancient Rome (and related cultures) which identified people as members of a gens (ie. family or clan)
collie,Q16865687,Collier,family name
inferno,Q16247895,Inferno,1994 video game
catholic,Q3892772,Catholic-Hierarchy.org,online database of bishops and dioceses of the Roman Catholic Church
ripley,Q22348139,Ripley,family name
ed wood,Q221843,Ed Wood,"American screenwriter, director, producer, actor, author, and film editor"
thomas aquinas,Q9438,Thomas Aquinas,"Italian Dominican friar, philosopher, Catholic priest, and Doctor of the Church (1225–1274)"
bar mitzvah,Q28807008,bar mitzvah,"Jewish coming-of-age ceremony/celebration, typically for a 13-year-old boy"
mackenzie,Q13553907,Mackenzie,family name
black hole of calcutta,Q1202492,Black Hole of Calcutta,"Dungeon in Fort William, Calcutta"
pangaea,Q111068628,Pangaea,British dj
boris becker,Q76334,Boris Becker,German tennis player (born 1967)
triathlon,Q10980,triathlon,"sport which combines swimming, cycling and distance running"
pol pot,Q39464,Pol Pot,former General Secretary of the Communist Party of Kampuchea (1925–1998)
hearst,Q20996400,Hearst,family name
gene kelly,Q73089,Gene Kelly,"American dancer, actor, singer, director and choreographer (1912–1996)"
tuileries,Q666009,Tuileries,Paris Métro station
lord kelvin,Q122701,"William Thomson, 1st Baron Kelvin",British physicist and engineer (1824–1908)
ann-margret,Q16166679,Ann-Margret,1980 self-titled studio album by Ann-Margret
one hundred years of solitude,Q124175370,One Hundred Years of Solitude,2024 Colombian television series
kleenex,Q1371867,Kleenex,brand name for a variety of paper-based products
rene descartes,Q9191,René Descartes,"French philosopher, mathematician, and scientist (1596–1650)"
88,Q341102,88,natural number
jennifer lawrence,Q20916609,Jennifer Lawrence filmography,filmography
beverly cleary,Q1316719,Beverly Cleary,American writer of children's books (1916–2021)
bowie knife,Q178664,bowie knife,pattern of fixed-blade fighting knife
lost horizon,Q1619885,Lost Horizon,"1937 film by Frank Capra, Andrew Marton"
lottery,Q189409,lottery,gambling which involves the drawing of numbers at random for a prize
charlotte bronte,Q127332,Charlotte Brontë,British novelist and poet (1816-1855)
oval office,Q133467218,Oval Office,painting by Roy Lichtenstein
roland,Q1068487,Roland,male given name
warner brothers,Q126399,Warner Bros.,American entertainment company
roberto clemente,Q684020,Roberto Clemente,Puerto Rican baseball player (1934–1972)
jacques-louis david,Q83155,Jacques-Louis David,French painter (1748–1825)
carpenters,Q223495,The Carpenters,American musical group; vocal sibling duo
kim il-sung,Q41117,Kim Il-sung,Leader of North Korea (1948-1994)
sweat,Q37018908,Sweat,family name
there will be blood,Q244315,There Will Be Blood,2007 film by Paul Thomas Anderson
preakness,Q11007793,Preakness,horse
v8,Q341174,V8,piston engine with eight cylinders in vee configuration
flanders,Q157070,County of Flanders,county and historic territory in the Low Countries
eero saarinen,Q167073,Eero Saarinen,American architect (1910–1961)
carat,Q13569873,Carat,"village in Pasuruan Regency, East Java, Indonesia"
tom brokaw,Q919527,Tom Brokaw,American broadcast journalist and author (born 1940)
fergie,Q180004,Fergie,American singer and actress
cracker jack,Q455721,Cracker Jack,American brand of snack food
austin powers,Q6500001,Austin Powers,film series
john jakes,Q1258959,John Jakes,American historical novelist and fantasy writer (1932–2023)
benedict,Q16275020,Benedict,male given name
edmund muskie,Q319867,Edmund Muskie,American politician (1914–1996)
huron,Q7892543,United States lightship Huron,"1920 lightvessel, now a museum ship in Port Huron, Michigan, United States"
sprint,Q624482,sprinting,running over a short distance at the top-most speed of the body in a limited period of time
berkshire hathaway,Q217583,Berkshire Hathaway,American multinational conglomerate holding company
bea arthur,Q138576,Bea Arthur,American actress and comedienne (1922–2009)
ivy league,Q49113,Ivy League,athletic conference of 8 American universities
frozen,Q313351,Frozen,song written and composed by Madonna and Patrick Leonard; first recorded by Madonna
anger,Q260704,Anger,"municipality in Berchtesgadener Land, Upper Bavaria, Bavaria, Germany"
hard day's night,Q913311,A Hard Day's Night,1964 film and pilot by Richard Lester
elbe,Q689718,Elbe,"municipality in Lower Saxony, Germany"
new year's day,Q47034767,New Year's Day,2017 song by Taylor Swift
overture,Q19320988,Overture,2015 video game
united negro college fund,Q30286201,United Negro College Fund Special Programs,"nonprofit organization in Falls Church, United States"
sancho panza,Q630823,Sancho Panza,fictional character in the novel Don Quixote
niagara river,Q182343,Niagara River,watercourse on the boundary of Canada and the United States
jeeves,Q55419988,Jeeves,family name
dakar,Q3718,Dakar,capital and the largest city of Senegal
francisco pizarro,Q44741,Francisco Pizarro,Spanish conquistador who conquered the Inca Empire
dag hammarskjold,Q1267,Dag Hammarskjöld,"Swedish diplomat, economist, and author (1905-1961)"
okefenokee,Q2162020,Okefenokee Swamp,"wetlands in Florida and Georgia, USA"
le mans,Q1476,Le Mans,"commune in Sarthe, France"
giacomo puccini,Q7311,Giacomo Puccini,Italian opera composer (1858–1924)
scarface,Q25066878,Scarface,song by Booba
john wooden,Q551032,John Wooden,American basketball coach (1910–2010)
winnebago,Q1537653,Ho-Chunk,Siouan-speaking Native American people
joan jett,Q231106,Joan Jett,American rock musician
garden of eden,Q66667743,Garden of Eden,vocal track by Guns N' Roses; 1991 studio recording
cordon bleu,Q429518,cordon bleu,meat and cheese dish
heartburn,Q625429,Heartburn,1986 film by Mike Nichols
union jack,Q83278,flag of the United Kingdom,national flag of the United Kingdom (UK)
love in the time of cholera,Q499396,Love in the Time of Cholera,novel by Colombian Nobel Prize-winning author Gabriel García Márquez
"magnum, p.i.",Q254689,"Magnum, P.I.",American crime drama television series (1980-1988)
band of brothers,Q48965859,Band of Brothers,2017 studio album by Brian Tarquin
christian,Q3675612,Christian,Italian singer
boris karloff,Q203219,Boris Karloff,British actor (1887–1969)
bolívar,Q191164,Bolívar,state of Venezuela
otto von bismarck,Q59872,Otto Christian Archibald von Bismarck,German politician (1897-1975)
torquemada,Q24012119,Torquemada,"capital of Torquemada Municipality, Spain"
hawaiian,Q33569,Hawaiian,Polynesian language
john nance garner,Q298991,John Nance Garner,Vice President of the United States from 1933 to 1941
growing pains,Q1061246,Growing Pains,American television sitcom series
nbc,Q13974,NBC,American television and radio network
prima donna,Q20813924,Prima Donna,2015 album by Rufus Wainwright
diogenes,Q5279172,Diogenes,genus of crustaceans
one day at a time,Q1248669,One Day at a Time,1975 American television series
yacht,Q2655601,Yacht,American band
mrs. doubtfire,Q85786843,Mrs. Doubtfire,Musical adaptation of the 1993 film Mrs. Doubtfire
epitaph,Q726153,Epitaph Records,American independent record label
double indemnity,Q478209,Double Indemnity,1944 US film by Billy Wilder
university of north carolina,Q192334,University of North Carolina at Chapel Hill,"public research university in Chapel Hill, North Carolina, United States"
monty hall,Q936132,Monty Hall,Canadian radio and television show host (1921-2017)
bratislava,Q1780,Bratislava,capital city of Slovakia
pete sampras,Q9446,Pete Sampras,American former tennis player (born 1971)
mia farrow,Q202725,Mia Farrow,American actress
country,Q83440,country music,genre of American popular music
detroit pistons,Q169661,Detroit Pistons,American professional basketball team
robert taft,Q519730,Robert A. Taft,"American politician, son of 27th U.S. President William Howard Taft (1889–1953)"
"salem, massachusetts",Q54140,Salem,"city in Massachusetts, United States"
adriatic sea,Q13924,Adriatic Sea,body of water between the Italian Peninsula and the Balkan Peninsula
doll's house,Q3279817,A Doll's House,1973 British film directed by Patrick Garland
dean rusk,Q313258,Dean Rusk,United States Secretary of State (1909-1994)
valentino,Q19819809,Valentino,male given name
david lynch,Q2071,David Lynch,"American filmmaker, visual artist, musician, and actor (1946–2025)"
lady of the lake,Q4113386,Lady of the Lake,1999 novel by Andrzej Sapkowski
sara lee,Q22957586,Sara Lee,American professional wrestler (1992–2022)
con air,Q607910,Con Air,1997 film directed by Simon West
cindy crawford,Q262856,Cindy Crawford,American pornographic actress
ford's theatre,Q54826462,Ford's Theatre Society,American nonprofit organization
valencia,Q8818,Valencia,"municipality in Spain, capital city of the Valencian Community"
jack kemp,Q357676,Jack Kemp,American football player and politician (1935–2009)
pokémon,Q864,Pokémon,Japanese media franchise
malcolm in the middle,Q3468540,"Malcolm in the Middle, season 2",season of television series
chris farley,Q311752,Chris Farley,American actor and comedian (1964–1997)
ziggurat,Q16915345,Ziggurat,2012 video game
killing fields,Q494582,The Killing Fields,1984 film by Roland Joffé
philosophy,Q5891,philosophy,"study of the truths and principles of being, schools of thought, knowledge, or conduct"
reuben,Q18325890,Reuben,male given name
merv griffin,Q6820806,Merv Griffin Enterprises,former U.S. television production company
aerie,Q259903,Aire-sur-la-Lys,"commune in Pas-de-Calais, France"
meg ryan,Q167498,Meg Ryan,American actress
charge of the light brigade,Q757870,Charge of the Light Brigade,1854 charge of British light cavalry led by Lord Cardigan against Russian forces
h.p. lovecraft,Q169566,H. P. Lovecraft,American writer and editor (1890–1937)
ramones,Q176284,Ramones,1976 self-titled debut studio album by Ramones
thomas gainsborough,Q192720,Thomas Gainsborough,English portrait and landscape painter (1727-1788)
american legion,Q468865,American Legion,organization of U.S. war veterans
walter payton,Q2545763,Walter Payton,American musician (1942-2010)
nancy,Q40898,Nancy,"city and commune in Meurthe-et-Moselle, Grand Est, France"
guy de maupassant,Q9327,Guy de Maupassant,French writer (1850-1893)
le corbusier,Q4724,Le Corbusier,"Swiss-French architect, designer, urbanist, and writer (1886–1965)"
mother jones,Q107082,Mary Harris Jones,Irish-born American labor and community organizer (1837–1930)
maggie smith,Q172653,Maggie Smith,British actress (1934–2024)
$2 bill,Q1189454,United States two-dollar bill,current denomination of United States currency
cabbage patch kids,Q2394642,Cabbage Patch Kids,American toy brand
eskimos,Q189975,Inuit,group of peoples of the Circumpolar Arctic
attica,Q122443,Attica,"historical region of Greece, including the city of Athens"
macgyver,Q210257,MacGyver,American television series (1985–1992)
world according to garp,Q994248,The World According to Garp,1982 film by George Roy Hill
yield,Q889514,crop yield,"total yield, or yield per unit area of land"
o.k. corral,Q7072063,O.K. Corral,"livery and horse corral in Tombstone, Arizona (1879-1888)"
suez,Q134514,Suez,seaport city in Egypt
darth vader,Q15995646,Darth Vader,Ukrainian politician
rockettes,Q5965467,The Rockettes,precision dance company
mind,Q15221937,MinDat,non-commercial online mineralogical database
caesars palace,Q649422,Caesars Palace,1993 video game developed by Realtime Associates
fyodor dostoevsky,Q991,Fyodor Dostoyevsky,Russian novelist (1821–1881)
children of a lesser god,Q47489891,Children of a Lesser God,2018 South Korean television series
nintendo,Q8093,Nintendo,Japanese multinational video game and consumer electronics company
pan-american highway,Q7129484,Pan-American Highway in North America,
padre island,Q2046019,Padre Island,"barrier island in Texas, United States"
zither,Q76239,zither,class of musical stringed instruments
herculaneum,Q961668,Herculaneum,"city in Jefferson County, Missouri, United States"
aaa,Q280732,AAA,Japanese pop group
cumberland gap,Q2796951,Cumberland Gap,"town in Claiborne County, Tennessee, United States"
mr. chips,Q17026862,Mr. Chips,album by Hank Crawford
square dance,Q1156994,square dance,dance for four couples (eight dancers) arranged in a square
vestal virgins,Q188761,Vestal Virgin,priestesses of goddess Vesta in Ancient Rome
volta,Q37552030,Volta,family name
officer and a gentleman,Q1132575,An Officer and a Gentleman,1982 film by Taylor Hackford
malibu,Q387047,Malibu,"city in Los Angeles County, California, United States"
john xxiii,Q294599,John XXIII,Italian bishop; Pisan antipope (1410–1415)
hajj,Q234915,Hajj,Islamic pilgrimage to Mecca
marty,Q16279078,Marty,male given name
marshall mcluhan,Q193871,Marshall McLuhan,"Canadian educator, philosopher, and scholar (1911–1980)"
beat,Q336958,Beat,male given name
ethanol,Q153,ethanol,chemical compound
grandfather,Q9238344,grandfather,male grandparent
nicholas sparks,Q219377,Nicholas Sparks,American writer and novelist
little john,Q603292,Little John,legendary character from the Robin Hood legend
cowboy,Q1425111,western music,form of American folk music
shakira,Q34424,Shakira,"Colombian singer, songwriter and actress"
helen mirren,Q349391,Helen Mirren,English actress (born 1945)
candlestick park,Q1033076,Candlestick Park,"former stadium in San Francisco, California"
whig,Q108700,Whigs,historic liberal political party in the United Kingdom (1678-1859)
lake,Q23397,lake,"body of relatively still water, localized in a basin"
no country for old men,Q183081,No Country for Old Men,2007 film directed by Ethan and Joel Coen
jeff bezos,Q312556,Jeff Bezos,American business magnate (born 1964)
radcliffe,Q27680785,Radcliffe,family name
charles manson,Q485508,Charles Manson,American criminal and cult leader (1934–2017)
hokkaido,Q35581,Hokkaido,island of Japan
lloyd's of london,Q1430712,Lloyd's of London,insurance market located in the City of London
camille saint-saëns,Q150445,Camille Saint-Saëns,"French composer, organist, conductor and pianist (1835–1921)"
secretary-general,Q6501749,general secretary,leader or chief officer of an organisation
bill & ted,Q4907852,Bill & Ted,American comedy sci-fi film series
airplane!,Q497256,Airplane!,"1980 film directed by Jim Abrahams, David Zucker and Jerry Zucker"
joe mccarthy,Q50528996,Joe McCarthy,American baseball player
edward teller,Q6733,Edward Teller,Hungarian-American Jewish nuclear physicist (1908–2003)
jack and jill,Q1505923,Jack and Jill,2011 film by Dennis Dugan
rothschild,Q316669,"Walter Rothschild, 2nd Baron Rothschild",British banker and zoologist (1868–1937)
chapel hill,Q671812,Chapel Hill,"town in Orange County, North Carolina, United States"
listerine,Q944073,Listerine,brand of mouthwash
calendar,Q12132,calendar system,"system of organizing days for social, religious, commercial, or administrative purposes"
joe lieberman,Q160157,Joe Lieberman,American politician (1942–2024)
ricky martin,Q972806,Ricky Martin,1999 studio album by Ricky Martin
usual suspects,Q132351,The Usual Suspects,1995 film directed by Bryan Singer
bourgeoisie,Q52090,bourgeoisie,wealthy stratum of the middle class that originated during the latter part of the Middle Ages
ulster,Q56152,Ulster County,"county in New York, United States"
argonauts,Q165510,Argonauts,hero group in Greek mythology
regis philbin,Q463673,Regis Philbin,American television personality (1931–2020)
pandora's box,Q135452711,Pandora's Box,2023 video game developed by Lotus Lynn
atari,Q207922,Atari,brand name owned by Atari Interactive
foghorn leghorn,Q1339544,Foghorn Leghorn,Warner Bros. theatrical cartoon character
ordinary people,Q372043,Slovakia,Slovak political party
chanel,Q20000232,Chanel,female given name
as good as it gets,Q18224953,As Good as It Gets,album by Hans Zimmer
alex rodriguez,Q558664,Alex Rodriguez,American former professional baseball player and baseball broadcasters
frances mcdormand,Q204299,Frances McDormand,American actress
1914,Q2083,1914,year
rocket,Q111674016,Rocket,1970 video game
burt bacharach,Q212762,Burt Bacharach,"American pianist, composer, producer (1928–2023)"
macduff,Q3778940,Macduff,"town in Aberdeenshire, Scotland, UK"
james cagney,Q47508837,James Cagney,painting by Everett Raymond Kinstler
index,Q1661161,Index Theologicus,International Bibliography for Theology and Religious Studies and web portal of the Specialised Information Service Theology
dixie chicks,Q142636,The Chicks,American country band
last tycoon,Q1199439,The Last Tycoon,1976 film by Elia Kazan
daughter,Q308194,daughter,female offspring; a girl or woman in relation to her parents
clara bow,Q125567261,Clara Bow,2024 song by Taylor Swift
amontillado,Q29815422,Amontillado Dmel_CG6438,protein found in Drosophila melanogaster
admiral nelson,Q83235,Horatio Nelson,British admiral (1758–1805)
big apple,Q60,New York City,most populous city in the United States
pensacola,Q486306,Pensacola,"county seat of Escambia County, Florida, United States"
canaan,Q753937,Canaan,"town in Connecticut, United States"
joy of cooking,Q2917079,The Joy of Cooking,book by Irma S. Rombauer
help,Q4663261,Wikipedia:Stub,Wikipedia page explaining stubs and conventions around them
terry mcmillan,Q535856,Terry McMillan,American author
who framed roger rabbit,Q379873,Who Framed Roger Rabbit,1988 film directed by Robert Zemeckis
south sudan,Q958,South Sudan,country in East Africa
very hungry caterpillar,Q491657,The Very Hungry Caterpillar,1969 book by Eric Carle
tatum o'neal,Q230138,Tatum O'Neal,American actress (born 1963)
hephaestus,Q4640,Vulcan,god of both beneficial and hindering fire
dollywood,Q530744,Dollywood,"theme park in Pigeon Forge, Tennessee, USA"
winston-salem,Q49227,Winston-Salem,"city in and the county seat of Forsyth County, North Carolina, United States"
rock hudson,Q184378,Rock Hudson,American actor (1925–1985)
kennedys,Q122551468,Kennedys,"hamlet in Warren County, New Jersey, United States"
pete townshend,Q26933,Pete Townshend,British musician
dark side of the moon,Q150901,The Dark Side of the Moon,1973 studio album by British band Pink Floyd
main street,Q79934,U.S. Route 66,former U.S. Numbered Highway in the United States
aleksandr solzhenitsyn,Q34474,Aleksandr Solzhenitsyn,"Russian writer, publicist, poet and politician (1918–2008)"
devil wears prada,Q223316,The Devil Wears Prada,2006 film directed by David Frankel
eldridge cleaver,Q1325716,Eldridge Cleaver,American activist (1935–1998)
new england,Q18389,New England,region of the northeasternmost United States
yentl,Q780469,Yentl,1983 film directed by Barbra Streisand
monday night football,Q1088765,Monday Night Football,live television broadcast of weekly National Football League (NFL) games
guinness book of world records,Q41675,Guinness World Records,reference book listing world records
diary of anne frank,Q1170501,The Diary of Anne Frank,1987 British television miniseries directed by Gareth Davies
ralston purina,Q17081865,Ralston Purina,"American animal feed, food and pet food company"
boutros boutros-ghali,Q1257,Boutros Boutros-Ghali,Secretary-General of the United Nations from 1992 to 1996
new york public library,Q219555,New York Public Library,public library system in New York City
christmas island,Q106080035,Christmas Island,2017 studio album by Jill Johnson
katarina witt,Q58028,Katarina Witt,German figure skater
erin brockovich,Q220955,Erin Brockovich,2000 film directed by Steven Soderbergh
kiss of the spider woman,Q1215865,Kiss of the Spider Woman,1985 film directed by Héctor Babenco
lillie langtry,Q297743,Lillie Langtry,British actress (1853-1929)
zoroaster,Q4024820,Zoroaster,genus of echinoderms
yorkshire pudding,Q951669,Yorkshire pudding,a traditional English side dish
dorothy lamour,Q166420,Dorothy Lamour,American actress and singer (1914-1996)
bernie madoff,Q14043,Bernard Madoff,American fraudster and financier (1938–2021)
hitch,Q16870803,Hitch,family name
kia,Q35349,Kia,South Korean automobile manufacturer
walden pond,Q2023853,Walden Pond,"lake in Concord, Massachusetts, United States"
woody harrelson,Q201279,Woody Harrelson,American actor
ryan gosling,Q193815,Ryan Gosling,"Canadian actor, singer and musician"
jeb bush,Q221997,Jeb Bush,Governor of Florida from 1999 to 2007
ritchie valens,Q309725,Ritchie Valens,Latino-American musician (1941–1959)
invasion of the body snatchers,Q45386,Invasion of the Body Snatchers,1956 film directed by Don Siegel
aurora borealis,Q4822496,Aurora Borealis,painting by Frederic Edwin Church (Smithsonian American Art Museum 1911.4.1)
village people,Q657842,Village People,1977 studio album by Village People
omen,Q2088663,Omen,song by The Prodigy
trinidad & tobago,Q754,Trinidad and Tobago,island sovereign state in the Caribbean
doobie brothers,Q506670,The Doobie Brothers,American rock band
dog day afternoon,Q458656,Dog Day Afternoon,1975 film directed by Sidney Lumet
cypress,Q37294801,Cypress,family name
hoosiers,Q784211,Hoosiers,1986 film by David Anspaugh
polar express,Q862197,The Polar Express,2004 animated film directed by Robert Zemeckis
taste,Q37477789,Taste,family name
elia kazan,Q72717,Elia Kazan,American director and actor (1909–2003)
tom ridge,Q559822,Tom Ridge,"43rd Governor of Pennsylvania, first United States Secretary of Homeland Security"
inception,Q25188,Inception,2010 film directed by Christopher Nolan
mindy kaling,Q539917,Mindy Kaling,"American actress, writer, and comedian"
victor,Q539581,Victor,male given name
annie leibovitz,Q225283,Annie Leibovitz,American photographer (born 1949)
john fitzgerald kennedy,Q9696,John F. Kennedy,president of the United States from 1961 to 1963 (1917–1963)
prada,Q193136,Prada,Italian luxury fashion house
shotgun,Q486396,shotgun,smoothbore firearm which can fire one or more projectiles in a single firing
nba,Q155223,National Basketball Association,North American professional basketball league
purgatory,Q69877617,Purgatory,vocal track by Iron Maiden; 1980 studio recording
kim jong-il,Q10665,Kim Jong-il,Leader of North Korea (1994-2011)
mary quant,Q234147,Mary Quant,British fashion designer (1930-2023)
bloemfontein,Q37701,Bloemfontein,judicial capital of South Africa
postcards,Q89302278,Postcards Collection of Paulista Museum,Paulista Museum collection
dr. watson,Q187349,Dr. Watson,fictional character of Sherlock Holmes
gene roddenberry,Q191716,Gene Roddenberry,American television screenwriter and producer (1921–1991)
piccadilly circus,Q10631439,Piccadilly Circus,song written and composed by Bruno Glenmark and Lars Andersson; originally performed by Pernilla Wahlgren at Melodifestivalen 1985
roanoke island,Q1636839,Roanoke Island,"island in Dare County, North Carolina, United States"
abbey road,Q173643,Abbey Road,1969 studio album by the Beatles
richard ii,Q649562,Richard II,history play by William Shakespeare
american kennel club,Q38216,American Kennel Club,umbrella organization
seventeen,Q14524548,Seventeen,South Korean musical group; boy band
world health organization,Q7817,World Health Organization,United Nations agency concerned with international public health
sundance,Q7639152,Sundance,1979 video game
troilus,Q867342,Troilus,mythical prince of Troy in Greek mythology
peer gynt,Q208094,Peer Gynt,dramatic poem in five acts by the Norwegian dramatist Henrik Ibsen
natty bumppo,Q1994420,Natty Bumppo,fictional character created by James Fenimore Cooper
modigliani,Q110891036,Modigliani,exhibition at Museum of Modern Art 1951
antonio banderas,Q41548,Antonio Banderas,Spanish actor
pope francis,Q450675,Pope Francis,266th pope of the Catholic Church (2013–2025)
ricky gervais,Q23517,Ricky Gervais,British comedian
whitehorse,Q2055,Whitehorse,"capital city of the territory of Yukon, Canada"
west indies,Q669037,West Indies,island region in the Caribbean
1980,Q2439,1980,year
robe,Q467574,Robert Frank,Swiss-American photographer and documentary filmmaker (1924-2019)
john delorean,Q558510,John DeLorean,American engineer and executive in the U.S. automobile industry (1925–2005)
carry nation,Q2583364,Carrie Nation,American temperance advocate (1846–1911)
sacha baron cohen,Q29055,Sacha Baron Cohen,British comedian and actor
church of england,Q82708,Church of England,Christian church in England and the Mother Church of the worldwide Anglican Communion
betty grable,Q233852,Betty Grable,American actress and pin-up girl (1916–1973)
ira,Q11864996,Ira,unisex given name
sotomayor,Q21494021,Sotomayor,family name
def leppard,Q182890,Def Leppard,British musical group; rock band
i am legend,Q212689,I Am Legend,2007 film directed by Francis Lawrence
mike fink,Q100788859,Mike Fink,college basketball player (1990–1993) Saint Francis (PA)
allah,Q234801,Allah,Arabic word for God
marshall plan,Q4576,Marshall Plan,American initiative for foreign aid to Western Europe following World War II
anais nin,Q220018,Anaïs Nin,French-born American author (1903–1977)
burning man,Q152518,Burning Man,"annual experimental festival based in Nevada, United States"
tarot cards,Q12058324,tarot card,type of playing cards
ruby dee,Q234360,Ruby Dee,American actress (1922–2014)
heather locklear,Q229749,Heather Locklear,American actress (born 1961)
waco,Q128244,Waco,"city in and seat of McLennan County, Texas, United States"
state of the union address,Q554211,State of the Union address,annual report by the president of the United States
sunrise,Q111450707,Sunrise,Japanese animation studio brand by Bandai Namco Filmworks
ed asner,Q154421,Ed Asner,American actor (1929–2021)
krispy kreme,Q1192805,Krispy Kreme,American global doughnut company and coffeehouse chain
lieutenant,Q186024,lieutenant,military rank in many armies
ali,Q39619,Alī ibn Abī Ṭālib,4th Rashidun Caliph (r. 656–661) and first Shia Imam
transcendental meditation,Q7833866,Transcendental Meditation movement,programs and organizations connected to Transcendental Meditation
insomnia,Q2097722,Insomnia,song recorded by Faithless
victor emmanuel,Q168691,Victor Emmanuel II of Italy,King of Sardinia (1849–1861) and King of Italy (1861–1878)
gustav mahler,Q7304,Gustav Mahler,Austrian late-Romantic composer (1860–1911)
walter gropius,Q61071,Walter Gropius,German-American architect (1883–1969)
quentin tarantino,Q3772,Quentin Tarantino,American filmmaker and actor (born 1963)
saint george,Q48438,Saint George,Christian saint and martyr (died 303)
lake tanganyika,Q5511,Lake Tanganyika,lake in Africa
isaac bashevis singer,Q75612,Isaac Bashevis Singer,Polish-American writer (1904–1991)
chianti,Q95720766,Chianti,given name
ankh,Q58460901,Ankh,sculpture in Amsterdam
george ii,Q131981,George II of Great Britain,King of Great Britain and Ireland from 1727 to 1760
million dollar baby,Q184255,Million Dollar Baby,2004 film by Clint Eastwood
college of cardinals,Q852242,College of Cardinals,body of all cardinals of the Catholic Church
rolls royce,Q243278,Rolls-Royce,British multinational public holding company
warren commission,Q722319,Warren Commission,U.S. presidential commission on the Assassination of J. F. Kennedy
timex,Q1644618,Timex Group USA,American watch maker
napa valley,Q20740301,Napa Valley,painting by Ransome Gillett Holdridge
rodeo drive,Q126326932,Rodeo Drive,vocal track by Sniff 'n' the Tears; 1980 studio recording
george westinghouse,Q262367,George Westinghouse,American inventor and businessman (1846–1914)
monarch butterfly,Q212398,Danaus plexippus,milkweed butterfly in the family Nymphalidae
jack frost,Q392,Bob Dylan,American singer-songwriter (born 1941)
woody herman,Q349357,Woody Herman,American jazz musician and bandleader (1913–1987)
british empire,Q8680,British Empire,overseas possessions of England and later the United Kingdom (1607–1997)
piltdown man,Q244937,Piltdown Man,paleoanthropological hoax
mackinac,Q1431148,Mackinac Island,island in Michigan
bianca,Q4961660,Bianca,female given name
david dinkins,Q467133,David Dinkins,106th mayor of New York City from 1990 to 1994
piper,Q159536,Piper,genus of plants
brasília,Q2844,Brasília,federal capital of Brazil
martin cruz smith,Q1395538,Martin Cruz Smith,American writer
st. patrick's,Q7590903,St. Patrick's,"human settlement in Newfoundland and Labrador, Canada"
skylark,Q90506781,Skylark,vocal track by Bob Dylan; 2016 studio recording; cover version
reincarnation,Q128593,reincarnation,concept of rebirth in some religions and cultures
rorschach,Q115118936,Rorschach,family name
chris christie,Q63879,Chris Christie,55th Governor of New Jersey and former U.S. Attorney for the District of New Jersey
muscat,Q3826,Muscat,capital of Oman
sissy spacek,Q190994,Sissy Spacek,American actress
chuck schumer,Q380900,Chuck Schumer,"American politician (born 1950), Minority Leader of the United States Senate (2017–2021) and again since 2025"
jean harlow,Q105719,Jean Harlow,American film actress (1911–1937)
last picture show,Q1218959,The Last Picture Show,1971 film by Peter Bogdanovich
food network,Q1435969,Food Network,American basic cable channel launched in 1993
blue nile,Q882739,Blue Nile,river originating at Lake Tana in Ethiopia that is a tributary of the Nile River
slingshot,Q7540754,Slingshot,video game
vincente minnelli,Q51535,Vincente Minnelli,American stage and film director (1903-1986)
lorraine,Q1158295,Lorraine,female given name
miss jean brodie,Q667764,The Prime of Miss Jean Brodie,1969 film by Ronald Neame
harvey milk,Q17141,Harvey Milk,American politician and gay rights activist (1930–1978)
space jam,Q207659,Space Jam,1996 live-action and animated film directed by Joe Pytka
once upon a time,Q7091840,Once Upon a Time,song by the French duo Air and is the second track on their 2007 studio album Pocket Symphony
pelican brief,Q728404,The Pelican Brief,1993 film directed by Alan J. Pakula
han,Q42740,Han Chinese people,ethnic group native to China Central Plain
david spade,Q298658,David Spade,American actor and comedian
davy jones,Q5383,David Bowie,English musician and actor (1947–2016)
iron maiden,Q209646,Iron Maiden,1980 studio album by Iron Maiden
irene cara,Q234169,Irene Cara—Escalera,American singer and actress (1959–2022)
hotel,Q27686,hotel,business enterprise that provides indoor lodging in a single location paid on a short-term basis
claire danes,Q867813,Claire Danes,American actress
gilded age,Q48816554,The Gilded Age,American television series
christopher isherwood,Q310111,Christopher Isherwood,English-American novelist (1904-1986)
jack in the box,Q1538507,Jack in the Box,American fast-food restaurant chain
metropolitan opera,Q10583424,The Metropolitan Opera,"opera company in Manhattan, New York City"
bridge of san luis rey,Q1211798,The Bridge of San Luis Rey,2004 film by Mary McGuckian
american pie,Q466255,American Pie,"song written and composed by Don McLean, originally recorded by Don McLean and released in 1971"
pretenders,Q755468,Pretenders,1980 self-titled debut studio album by The Pretenders
jane wyman,Q95055,Jane Wyman,American actress (1917–2007)
red pony,Q16654154,The Red Pony,1973 television film directed by Robert Totten
johannes gutenberg,Q8958,Johannes Gutenberg,German inventor and craftsman (1400-1468)
staircase,Q12511,stairs,construction designed to bridge a large vertical distance by dividing it into steps
virginian,Q147267,Didelphis virginiana,species of mammal
state farm,Q2007336,State Farm Insurance,American insurance company
dow jones industrial average,Q180816,Dow Jones Industrial Average,stock market index
limoges,Q45656,Limoges,"commune in Haute-Vienne, France"
high school musical,Q18418867,High School Musical,book series
princess stephanie,Q215012,Princess Stéphanie of Monaco,"younger daughter of Rainier III, Prince of Monaco, and Grace Kelly; younger sister of Albert II, Prince of Monaco"
rice krispies,Q1763921,Rice Krispies,breakfast cereal
separate peace,Q4659416,A Separate Peace,1972 film by Larry Peerce
golan heights,Q83210,Golan Heights,"Syrian territory occupied by Israel, annexed in 1981"
kevin kline,Q105817,Kevin Kline,American actor (born 1947)
martha,Q16279062,Martha,female given name
lawyers,Q6802429,Lawyers,television series
george of the jungle,Q225260,George of the Jungle,1997 film directed by Sam Weisman
aconcagua,Q4674491,Aconcagua,genus of insects
pat sajak,Q705419,Pat Sajak,American television host (born 1946)
justice department,Q1553390,United States Department of Justice,United States federal executive department
crystal gayle,Q434512,Crystal Gayle,American country music singer (born 1951)
duluth,Q485708,Duluth,"city in Minnesota, United States; county seat of St. Louis County"
pago pago,Q51678,Pago Pago,capital of American Samoa
cicada,Q18347690,Cicada,genus of insects
archduke,Q154615,Archduke,title of nobility in Austria and the Habsburg Empire
colorado rockies,Q868358,Colorado Rockies,defunct NHL team
girl with the dragon tattoo,Q474093,The Girl with the Dragon Tattoo,2011 film by David Fincher
stuarts,Q29174894,Stuarts,"locality in Clutha District, Otago Region, New Zealand"
cub,Q736674,University of Colorado Boulder,"public university in Boulder, Colorado, USA and flagship of the University of Colorado System"
tippecanoe,Q2233815,Tipp City,"human settlement in Miami County, Ohio, United States of America"
arthur clarke,Q47087,Arthur C. Clarke,"British science fiction writer, inventor, and futurist (1917–2008)"
nocturne,Q2287670,Nocturne,1999 video game
green lantern,Q3696459,Green Lantern,comic book series featuring the DC Comics heroes of the same name
wellesley,Q533317,Wellesley,"town in Norfolk County, Massachusetts, United States"
i know why the caged bird sings,Q12124964,I Know Why the Caged Bird Sings,1979 television film directed by Fielder Cook
leonid brezhnev,Q765165,Leonid Brezhnev,General Secretary of the Communist Party of the Soviet Union (1906–1982)
adrien brody,Q104514,Adrien Brody,American actor
leona helmsley,Q467364,Leona Helmsley,American hotel owner (1920–2007)
'50s,Q3146459,I–vi–IV–V progression,chord progression and a turnaround used in Western popular music
bitcoin,Q131723,Bitcoin,digital cash system and associated currency
pringles,Q528187,Pringles,brand of potato-based chips
great white hope,Q1218542,The Great White Hope,1970 film by Martin Ritt
pop-tarts,Q1585925,Pop-Tarts,brand of toaster pastries
chipotle,Q1074593,Chipotle-First Solar Development,former American cycling team
w.e.b. du bois,Q158060,W. E. B. Du Bois,American sociologist and activist (1868–1963)
ritz,Q21488339,Ritz,family name
mustache,Q15179,moustache,facial hair grown on the upper lip
zoot suit,Q68988515,Zoot Suit,vocal track by The High Numbers; 1964 studio recording
pius,Q1236883,Pius,male given name
18th,Q1588,Louisiana,state of the United States of America
matt groening,Q43994,Matt Groening,American cartoonist (born 1954)
lee marvin,Q76895,Lee Marvin,American actor (1924–1987)
lust,Q1159973,Lustig,family name
firestarter,Q828031,Firestarter,1980 novel by Stephen King
tang,Q1373610,Tangut,script used for writing the extinct Tangut language
viscount,Q185902,viscount,title of nobility
norman lear,Q1270283,Norman Lear,American television writer and producer (1922-2023)
george jones,Q508202,George Jones,American country musician (1931–2013)
zippo,Q115492546,ZippO,musical artist
veterans affairs,Q7923600,veterans' affairs,area of public policy concerned with the relation between a government and its veteran communities
etching,Q186986,etching,intaglio printmaking technique
shiloh,Q7496712,Shiloh,unisex given name
delorean,Q1184597,Delorean,Spanish musical group; alternative dance band
marie osmond,Q465641,Marie Osmond,American singer and member of The Osmonds
felix frankfurter,Q1403472,Felix Frankfurter,former Associate Justice of the United States Supreme Court (1882–1965)
emma watson,Q39476,Emma Watson,"English model, activist, and former actress (born 1990)"
alistair cooke,Q2094347,Alistair Cooke,British journalist and broadcaster (1908-2004)
kathryn bigelow,Q34816,Kathryn Bigelow,American film director (born 1951)
kmart,Q73205798,Kmart,retail brand
watercolor,Q18761202,watercolor painting,flat surface artistically covered with watercolor paint
laurel,Q934987,Laurel,"city in and county seat of Jones County, Mississippi, United States"
tabernacle,Q1670363,church tabernacle,"locked box in which, in some Christian churches, the Eucharist is stored"
organization of american states,Q123759,Organization of American States,international organization of states in the Americas
presto,Q37129809,Presto,family name
david lloyd george,Q134982,David Lloyd George,Prime Minister of the United Kingdom from 1916 to 1922
peking duck,Q404973,Peking duck,roast duck from Beijing (Peking)
l'oreal,Q156077,L'Oréal,international cosmetics and beauty company
vandals,Q42211,Vandals,East Germanic tribe
gary gilmore,Q16230686,Gary Gilmore,American baseball coach
morpheus,Q6913388,Morpheus,1988 video game
warlock,Q65563133,Warlock,"1987 Edge, The Action Amstrad CPC , ZX Spectrum"
pirouette,Q122264390,Pirouette,2019 video game
freedom trail,Q49131,Freedom Trail,"historical walking trail in Boston, Massachusetts"
brownsville,Q476804,Brownsville,"city in Haywood County, Tennessee, United States"
dire straits,Q731870,Dire Straits,1978 self-titled debut album by Dire Straits
eight men out,Q340814,Eight Men Out,1988 film directed by John Sayles
la la land,Q20856802,La La Land,2016 film directed by Damien Chazelle
u.n.,Q1065,United Nations,global international and intergovernmental organization
zelda,Q2438689,Zelda,female given name
cook islands,Q26988,Cook Islands,country in the South Pacific Ocean in free association with New Zealand
robert falcon scott,Q102527,Robert Falcon Scott,Royal Navy officer and explorer (1868–1912)
iberian,Q855215,Iberian,"the language of an indigenous pre-Migration Period people identified by Greco-Roman sources, living in the eastern/southeastern Iberian Peninsula between the 7th and 1st century BCE; became extinct by 2nd century CE"
dave matthews band,Q832086,Dave Matthews Band,American rock band
percy jackson,Q3899725,Percy Jackson,"fictional boy and demigod, protagonist of series Percy Jackson & the Olympians, The Heroes of Olympus and The Trials of Apollo"
amazon.com,Q3884,Amazon,American multinational technology company
longitude,Q36477,longitude,geographic coordinate that specifies the east-west position of a point on the Earth's surface
ll cool j,Q52440,LL Cool J,American rapper and actor (born 1968)
bruce almighty,Q207816,Bruce Almighty,2003 film by Tom Shadyac
atm,Q8701,Atlético Madrid,Spanish professional football club in Madrid
hells canyon,Q49810794,Hells Canyon,"valley in Siskiyou County, California, United States of America"
raymond burr,Q2041904,Boz Burrell,British singer and bassist (1946–2006)
tlc,Q1045344,The Learning Company,American educational software company
felicity,Q2435284,Felicity,female given name
chateaubriand,Q28800633,Chateaubriand,family name
ben bradlee,Q21104144,Ben Bradlee Jr.,American journalist
sammy davis jr.,Q297816,Sammy Davis Jr.,American entertainer (1925–1990)
hee haw,Q3129357,Hee Haw,album by The Birthday Party
billy mitchell,Q863201,Billy Mitchell,United States Army general during World War I (1879–1936)
valerie harper,Q239293,Valerie Harper,American actress (1939-2019)
appomattox,Q1375723,Appomattox,"town in Virginia, United States"
walter matthau,Q202172,Walter Matthau,"American actor, comedian and director (1920–2000)"
minnesota twins,Q604879,Minnesota Twins,"baseball team and Major League Baseball franchise in Minneapolis, Minnesota, United States"
curiosity,Q134991896,Curiosity,2021 video game developed by NonStandardCode
kite runner,Q637839,The Kite Runner,2003 novel by Khaled Hosseini
suzanne somers,Q242939,Suzanne Somers,American actress (1946–2023)
susan lucci,Q242936,Susan Lucci,American actress (born 1946)
conan the barbarian,Q108696872,Conan the Barbarian,1982 edition published by Bantam Books
rangoon,Q37995,Yangon,former capital of Myanmar (Burma) and the current capital of Yangon Region
wakefield,Q928044,Wakefield,"village in La Pêche, Quebec, Canada, former municipality"
united farm workers,Q7887749,United Farm Workers,American labor organization
genie,Q237068,Genie,abused child studied by linguists after spending most of early life locked in a room and tied to a chair
good wife,Q19570,The Good Wife,2009 American legal drama television series
patricia arquette,Q215976,Patricia Arquette,American actress (born 1968)
lena horne,Q112307,Lena Horne,"American singer, actress, dancer and activist (1917–2010)"
althing,Q131279,Althing,unicameral parliament of Iceland
scott baio,Q1276587,Scott Baio,American actor
crayola,Q1139197,Crayola LLC,American art supply manufacturer
octagon,Q30601297,Octagon,video game
icelandic,Q294,Icelandic,North Germanic language mainly spoken in Iceland
maracaibo,Q171632,Maracaibo,"capital city of the Zulia state, Venezuela"
british open,Q848797,The Open Championship,golf tournament held in the United Kingdom
chesapeake bay retriever,Q29084,Chesapeake Bay Retriever,dog breed
tanya tucker,Q463983,Tanya Tucker,American country singer (born 1958)
edam,Q77056,Edam,"town in Edam-Volendam, Netherlands"
national hockey league,Q1215892,National Hockey League,North American professional ice hockey league
miriam,Q1938195,Miriam,female given name
benjamin britten,Q150767,Benjamin Britten,"English composer, conductor, and pianist (1913-1976)"
danica patrick,Q213448,Danica Patrick,American racecar driver (born 1982)
dmitri mendeleev,Q5285754,Dmitry Mendeleev's Memorial Museum Apartment,"Museum in Saint Petersburg, Russia"
mulberry street,Q1934308,Mulberry Street,"thoroughfare in Manhattan, United States"
montego bay,Q17544192,Montego Bay,vocal track by Amazulu; 1986 studio recording; cover version
holly golightly,Q443418,Holly Golightly,British musician (born 1966)
nail polish,Q106075475,Nail Polish,2021 Indian Hindi-language film directed by Bugs Bhargava Krishna
smithsonian institution,Q1192305,Smithsonian American Art Museum,"fine arts museum in Washington, D.C., a division of the Smithsonian Institution"
strawberry fields,Q1156980,Strawberry Fields,memorial to John Lennon
hanover,Q1715,Hanover,capital city of the German federated state of Lower Saxony
brazil nuts,Q114511192,Brazil Nuts / South Sea Sick / Song: The Lion Sleeps Tonight,episode of Timon & Pumbaa (S1 E14)
sandinistas,Q27389,Sandinista National Liberation Front,Nicaraguan socialist political party founded in 1961
bobby vinton,Q363126,Bobby Vinton,American singer (born 1935)
romanticism,Q37068,Romanticism,"artistic, literary, musical, and intellectual movement"
teutonic knights,Q96651577,knight of the Teutonic Order,member of the Order of Brothers of the German House of Saint Mary in Jerusalem
fence,Q1307347,boundary,obstacle marking a delimitation of land
ariana grande,Q151892,Ariana Grande,American singer and actress
lionel hampton,Q313525,Lionel Hampton,American jazz musician (1908–2002)
motor trend,Q6314434,Motor Trend (TV network),American television network
lucy hayes,Q65557437,Lucy Hayes Herron,American socialite and golfer
12 years a slave,Q3023357,12 Years a Slave,2013 film directed by Steve McQueen
peter jackson,Q4465,Peter Jackson,"New Zealand film director, screenwriter, producer and actor (born 1961)"
blonde,Q26450992,Blonde,2016 studio album by Frank Ocean
togo,Q945,Togo,country in West Africa
joe,Q17862013,Joe,male given name
going my way,Q468877,Going My Way,1944 film by Leo McCarey
ferris bueller's day off,Q498906,Ferris Bueller's Day Off,1986 film by John Hughes
daytona,Q54171177,Daytona,2018 album by Pusha T
robert,Q4927937,Robert,male given name
robert joffrey,Q573576,Robert Joffrey,"Ballet choreographer, 1928–1988"
black-ish,Q26237540,"Black-ish, season 3",season of television series
fantasy island,Q60737563,Fantasy Island,2020 film directed by Jeff Wadlow
saint augustine,Q8018,Augustine of Hippo,"Christian theologian, philosopher, and saint (354–430)"
cul-de-sac,Q12731,dead end street,dead-end street with only one inlet/outlet
aramis,Q17620734,Aramis,male given name
nestle,Q160746,Nestlé,Swiss multi-national food and beverage company
hippolyta,Q210303,Hippolyta,queen of the Amazons in Greek mythology
richard the lionheart,Q3934414,Richard the Lionheart,British children's television series
katniss everdeen,Q2071301,Katniss Everdeen,character in the Hunger Games story
elmer,Q4357927,Elmer,male given name
hadassah,Q473752,Hadassah Women's Zionist Organization of America,Volunteer women's organization
nada,Q20084189,Nada,female given name
stan musial,Q1328142,Stan Musial,American baseball player (1920-2013)
surrey,Q67443130,Surrey,"historic county of England, United Kingdom"
rene magritte,Q7836,René Magritte,Belgian surrealist (1898–1967)
mesquite,Q51696,Mesquite,"city in Dallas and Kaufman counties in Texas, United States"
washington state,Q597236,Washington State University,"public university in Pullman, Washington, USA"
william safire,Q254983,William Safire,American journalist and presidential speechwriter (1929–2009)
marx & engels,Q120437587,Marx ＆ Engels’s Global Communication Concept,"scholarly article in Journal of Henan University (Social Science), no. 4, 2011"
huskies,Q550397,Washington Huskies,sports program of the University of Washington
terry bradshaw,Q633263,Terry Bradshaw,American football player and sports analyst (born 1948)
jack daniels,Q127962448,Jack Daniels,American politician
tropic thunder,Q380981,Tropic Thunder,2008 film by Ben Stiller
splash,Q1127184,Splash,1984 film by Ron Howard
becky sharp,Q613284,Becky Sharp,"1935 film by Rouben Mamoulian, Lowell Sherman"
victor borge,Q7925742,Victor Borge,Norwegian rock musician
diet coke,Q1815345,Diet Coke,brand of sugar-free cola
bill sikes,Q3639999,Bill Sikes,fictional character in the novel Oliver Twist by Charles Dickens
crispus attucks,Q288241,Crispus Attucks,"African American/Native American, first victim of the Boston Massacre"
stephen austin,Q250040,Stephen F. Austin,"American empresario, founder of Texas, namesake of Austin, Texas (1793-1836)"
indochina,Q43467,Mainland Southeast Asia,region in Southeast Asia
divergent,Q627192,Divergent,2011 novel by Veronica Roth
melvil dewey,Q26879,Melvil Dewey,American librarian (1851–1931)
judge judy,Q2660811,Judy Sheindlin,American television judge
dolce & gabbana,Q3712584,Dolce & Gabbana Milano Thunder,Italian boxing team
kris kringle,Q315796,Santa Claus,legendary figure said to deliver gifts to people on Christmas Eve
locks,Q37450699,Locks,family name
white men can't jump,Q3236283,White Men Can't Jump,1995 video game loosely based on the 1992 American sports comedy film
faye dunaway,Q168721,Faye Dunaway,American actress
cannibalism,Q44595,cannibalism,consuming another individual of the same species as food
freddy krueger,Q5496882,Freddy Krueger,American water skier
sirocco,Q20894608,Sirocco,1925 Bourrasque-class destroyer
james caan,Q6130837,James Caan,British-Pakistani entrepreneur and television personality
ann landers,Q3308441,Eppie Lederer,American advice columnist (1918-2002)
guns,Q12796,firearm,personal weapon using combustion or an explosive charge to propel a projectile
harold macmillan,Q128985,Harold Macmillan,Prime Minister of the United Kingdom from 1957 to 1963
dopey,Q100159038,Dopey,fictional character from the 1987–1996 Teenage Mutant Ninja Turtles animated television series
marion davies,Q242416,Marion Davies,"American actress, producer, screenwriter and socialite (1897–1961)"
gerardus mercator,Q6353,Gerardus Mercator,"Flemish geographer, cosmographer and cartographer (1512–1594)"
tintern abbey,Q1439379,Tintern Abbey,"Grade I listed ruined abbey in Tintern, Monmouthshire, Wales"
orange county,Q5925,Orange County,"county in California, United States"
knickers,Q49223,panties,form of underwear designed to be worn by women and girls
sun & moon,Q131841700,Sun & Moon Press,publishing company
robert todd lincoln,Q435793,Robert Todd Lincoln,"Union Army officer, U.S. ambassador, and Secretary of War (1843–1926)"
encyclopedia britannica,Q867541,Encyclopædia Britannica 11th edition,11th edition of Encyclopædia Britannica
seagram's,Q1969696,Seagram Company Ltd.,Canadian multinational conglomerate
dick van dyke,Q310295,Dick Van Dyke,American actor and comedian (born 1925)
39,Q712782,39,natural number
eddie fisher,Q363708,Eddie Fisher,American singer and actor (1928–2010)
catalan,Q7026,Catalan,Western Romance language
plaster of paris,Q27115003,calcium sulfate hemihydrate,chemical compound
wilderness road,Q1481324,Wilderness Road,historic highway in Kentucky
beale street,Q812917,Beale Street,"historic district in Memphis, Tennessee, United States"
old school,Q123403731,Old School,2023 video game
saskatoon,Q10566,Saskatoon,"largest city in Saskatchewan, Canada"
cantor,Q13098937,Cantor,family name
plaza,Q174782,square,"open public spaces in cities or towns, usually rectilinear, surrounded by buildings, and often located at the junction of two or more thoroughfares"
anne meara,Q257217,Anne Meara,American comedian and actress (1929–2015)
motorola,Q259011,Motorola,American telecommunications company (1928–2011)
snapping turtle,Q4113731,Peter Pitchlynn,Choctaw chief (1806-1881)
national labor relations board,Q3024155,National Labor Relations Board,independent agency of the United States Government
nick carraway,Q18710691,Nick Carraway,fictional character from The Great Gatsby
u-boat,Q1167344,Das Boot,1973 war novel by Lothar-Günther Buchheim
pixels,Q135042862,PIXELS,2023 video game developed by Alexander Gromyko
tempe,Q51685,Tempe,"city in Maricopa County, Arizona, United States"
kahlil gibran,Q47737,Kahlil Gibran,"Lebanese-American writer, poet, and painter (1883–1931)"
berkshires,Q820961,Berkshires,"subrange of the Appalachian Mountains in Connecticut and Massachusetts, United States"
sling blade,Q2264347,Sling Blade,1996 film by Billy Bob Thornton
sergeant york,Q939424,Sergeant York,1941 biographical film directed by Howard Hawks
aswan high dam,Q38891,Aswan Dam,"dam in Aswan, Egypt"
fathers and sons,Q80788521,Fathers and Sons,episode of the 2003–2009 Teenage Mutant Ninja Turtles animated television series
pogo stick,Q1506083,pogo stick,device for jumping off the ground in a standing position
maldives,Q826,Maldives,"sovereign state in South Asia, situated on an archipelago in the Arabian Sea"
shari lewis,Q440604,Shari Lewis,"American ventriloquist, puppeteer, and television show host (1933-1998)"
wild wild west,Q740528,Wild Wild West,1999 film directed by Barry Sonnenfeld
clemson,Q631066,Clemson University,"public university in South Carolina, United States"
samsung,Q20718,Samsung Electronics,South Korean multinational electronics corporation
pub,Q212198,pub,drinking establishment
steve cauthen,Q7612184,Steve Cauthen,American jockey
tunnel,Q44377,tunnel,underground passageway
seaworld,Q828545,United Parks & Resorts,"family entertainment, amusement park and attraction company headquartered in Orlando, Florida"
baltimore ravens,Q276539,Baltimore Ravens,"National Football League franchise in Baltimore, Maryland"
xanax,Q47521014,Xanax,pharmaceutical product
dead poets society,Q106316,Dead Poets Society,1989 film directed by Peter Weir
dead men don't wear plaid,Q497027,Dead Men Don't Wear Plaid,1982 film by Carl Reiner
starry night,Q45585,The Starry Night,painting by Vincent van Gogh
dilbert,Q726431,Dilbert,American comic strip
cleopatra's needle,Q729177,Cleopatra's Needle,ancient Egyptian obelisk in London
fly fishing,Q138023348,Fly-Fishing,book published in 2023
end,Q12769393,end,termination of something
diary of a wimpy kid,Q1339580,Diary of a Wimpy Kid,comic style book series by Jeff Kinney
catch me if you can,Q208108,Catch Me If You Can,2002 film by Steven Spielberg
astro,Q752075,Astronomy and Astrophysics,"scientific journal covering theoretical, observational, and instrumental astronomy and astrophysics"
oakland a's,Q504339,Athletics,"baseball team and Major League Baseball franchise in Sacramento, California, United States"
john nash,Q309905,John Nash,British architect (1752–1835)
psyche,Q10355327,Psyche,genus of insects
pointer sisters,Q1161836,The Pointer Sisters,American family R&B vocal group
pitbull,Q187844,Pitbull,American rapper (born 1981)
moonraker,Q334780,Moonraker,1979 film by Lewis Gilbert
yugo,Q83286,Socialist Federal Republic of Yugoslavia,Central and Southeast European socialist state (1945–1992)
jean paul getty,Q318591,J. Paul Getty,American industrialist and art collector (1892–1976)
al franken,Q319084,Al Franken,American comedian and politician (born 1951)
waterworld,Q62571947,Waterworld,1997 video game
basic instinct,Q146673,Basic Instinct,1992 film directed by Paul Verhoeven
hugo chávez,Q8440,Hugo Chávez,President of Venezuela (1999-2013)
max headroom,Q1912691,Max Headroom,American television series
flicka,Q636629,Flicka,2006 film by Michael Mayer
stratford,Q755140,Stratford,"town in Fairfield County, Connecticut, United States"
kung fu panda,Q129193,Kung Fu Panda,2008 film by John Stevenson and Mark Osborne
anne brontë,Q44520,Anne Brontë,British novelist and poet (1820-1849)
ashton kutcher,Q164782,Ashton Kutcher,"American actor, producer and model (born 1978)"
wilkie collins,Q210740,Wilkie Collins,British writer (1824-1889)
irving thalberg,Q438472,Irving Thalberg,American film producer (1899-1936)
beat movement,Q26906566,Beat poetry,poetry by a Beat generation author
dudley do-right,Q904256,Dudley Do-Right,1999 film by Hugh Wilson
return of the king,Q115285,The Return of the King,1980 animated musical television film directed by Jules Bass
indulgences,Q44777,indulgence,remission of temporal punishments for sins by the Roman Church
elaine may,Q454156,Elaine May,"American screenwriter, film director, actress, and comedian (b. 1932)"
new year's,Q34812,New Year,"first day of the year according to some calendar (e.g., January 1 in the Julian and Gregorian calendar)"
marlo thomas,Q1614313,Marlo Thomas,"American actress, producer, and social activist"
four corners,Q5475091,Four Corners,"census designated place and neighborhood in Montgomery County, Maryland, United States"
marianas trench,Q3291259,Marianas Trench,Canadian pop rock band
get shorty,Q30329333,Get Shorty,American comedy-drama television series
jimmy kimmel,Q4914,Jimmy Kimmel,Italian American talk show host and comedian (born 1967)
fort laramie,Q1013486,Fort Laramie,"town in Goshen County, Wyoming, United States"
martian chronicles,Q918052,The Martian Chronicles,1950 novel by Ray Bradbury
telstar,Q7697852,Telstar,UK record label; imprint of Telstar Records Ltd.
bernardo o'higgins,Q28930,Bernardo O'Higgins,Chilean independence leader (1778–1842)
measure for measure,Q665446,Measure for Measure,play by Shakespeare
bennington,Q817902,Bennington College,liberal arts college in Vermont
tom & jerry,Q63871256,Tom & Jerry,1994 video game
thomas alva edison,Q8743,Thomas Edison,American inventor and businessman (1847–1931)
bjorn borg,Q104506,Björn Borg,Swedish tennis player (born 1956)
imam,Q37243336,Imam,family name
sir thomas malory,Q309907,Thomas Malory,"English writer, author of Le Morte d'Arthur (1405–1471)"
voldemort,Q176132,Lord Voldemort,main antagonist of J. K. Rowling's Harry Potter series
shelley long,Q232951,Shelley Long,American actress and comedian (born 1949)
sarah lawrence,Q1051840,Sarah Lawrence College,private liberal arts college in the United States
falcon crest,Q662341,Falcon Crest,American television program
whist,Q135077425,Whist,video game developed by SDR Games
chicken of the sea,Q5096310,Chicken of the Sea,brand of Tuna Fish
philip of macedon,Q130650,Philip II of Macedon,King of Macedon from 359 to 336 BC
malcolm forbes,Q1887014,Malcolm Forbes,American publisher (1919–1990)
prizzi's honor,Q460664,Prizzi's Honor,1985 film by John Huston
dvořák,Q7298,Antonín Dvořák,Czech composer (1841–1904)
henry higgins,Q110459178,Henry Higgins,Genealogics person
abbot,Q1158513,Abbot,family name
fort ticonderoga,Q1438776,Fort Ticonderoga,18th-century star fort in northern New York in the United States
b-52s,Q950309,The B-52's,American rock band
anna sewell,Q258741,Anna Sewell,English novelist
velvet underground,Q103550,The Velvet Underground,American rock band
knossos,Q173527,Knossos,ancient Minoan through Roman administrative center and city
michael johnson,Q19880665,Mike Johnson,Speaker of the United States House of Representatives
howard the duck,Q1146570,Howard the Duck,1986 film directed by Willard Huyck
matchbox,Q1050690,Matchbox,brand of model vehicles
whole foods,Q1809448,Whole Foods Market,American supermarket chain specializing in natural and organic foods
teddy bear,Q132317887,Michael Volkar,"American go-go dancer, erotic model, and pornographic actor"
lindsay lohan,Q44903,Lindsay Lohan,American actress and singer
hiv,Q15787,HIV,"human retrovirus, cause of AIDS"
ohio state university,Q2927468,Ohio State Buckeyes,intercollegiate sports teams of Ohio State University
stingray,Q5328202,Myliobatoidei,suborder of fishes
david mccullough,Q122811146,David McCullough,film director
fayetteville,Q331104,Fayetteville,"city in Cumberland County, North Carolina, United States"
burmese,Q9228,Burmese,Sino-Tibetan language of Myanmar
st. basil's,Q129846,St. Basil's Cathedral,church in Moscow
penn station,Q54451,Pennsylvania Station,"major rail hub in Manhattan, New York"
sholem aleichem,Q238090,Sholem Aleichem,"Jewish writer and playwright of Yiddish, who worked in Russian Empire, Switzerland, Germany and the United States (1859-1916)"
washington senators,Q329816,Texas Rangers,"baseball team and Major League Baseball franchise in Arlington, Texas, United States"
highlander,Q1990805,Highlander,film and television franchise
peter lorre,Q78505,Peter Lorre,Hungarian and American actor (1904–1964)
sea-wolf,Q1196857,The Sea-Wolf,novel by Jack London
green card,Q505135,Green Card,1990 film by Peter Weir
blue angels,Q60792783,Blue Angels: Formation Flight Simulation,1989 video game
phil hartman,Q366834,Phil Hartman,"Canadian-American actor, comedian, screenwriter (1948-1998)"
bikini atoll,Q152225,Bikini Atoll,"atoll of the Marshall Islands, former site of nuclear tests"
guadalajara,Q9022,Guadalajara,"capital of the State of Jalisco, Mexico"
royal albert hall,Q3942038,Royal Albert Hall,1988 album by Umberto Tozzi
royal caribbean,Q929872,Royal Caribbean International,"cruise line brand founded in Norway and based in Miami, Florida"
billy martin,Q110228608,Billy Martin,American artist
rock & roll hall of fame,Q179191,Rock and Roll Hall of Fame,"music museum in Cleveland, Ohio, United States"
lobsters,Q60762874,Lobsters,social news website focused on computer engineering
neighbor,Q123705,neighborhood,"geographically localized community within a larger city, town or suburb"
potter's field,Q859551,potter's field,place for the burial of unknown or indigent people or prisoners
capital one,Q1034654,Capital One,"bank holding company headquartered in McLean, Virginia"
valkyrie,Q131087,valkyrie,one of a host of female figures who decide which soldiers die in battle and which live
valerie bertinelli,Q266917,Valerie Bertinelli,American actress (born 1960)
alan rickman,Q106481,Alan Rickman,British actor and director (1946–2016)
ralph fiennes,Q97188033,Ralph Fiennes filmography,filmography
lethal weapon,Q2780270,Lethal Weapon,1992 video game
goshen,Q392598,Goshen,"town in Massachusetts, United States"
american stock exchange,Q846626,NYSE American,"stock exchange located in New York City, New York, United States"
mahalia jackson,Q206466,Mahalia Jackson,American gospel singer (1911–1972)
merlot,Q110860025,Merlot,Italian singer (1998)
merry widow,Q654439,The Merry Widow,1925 film by Erich von Stroheim
joseph lieberman,Q160157,Joe Lieberman,American politician (1942–2024)
melody,Q466111,Melody,"Spanish singer, songwriter, actress and model"
truman show,Q214801,The Truman Show,1998 film directed by Peter Weir
pebbles,Q6363428,"Perri ""Pebbles"" Reid",American dance-pop singer-songwriter
danny elfman,Q193338,Danny Elfman,American composer and musician (born 1953)
dadaism,Q6034,Dada,avant-garde art movement in the early 20th century
michael flatley,Q28705194,Michael Flatley,"actor, born 1952"
kalamazoo,Q167155,Kalamazoo,"county seat of Kalamazoo County, Michigan, United States"
breakers,Q419974,Boston Breakers,defunct American women's soccer club (2008–2018)
meg,Q19831817,Meg,female given name
pat tillman,Q768879,Pat Tillman,American football player and soldier (1976-2004)
bangor,Q234178,Bangor,"city in Gwynedd, Wales"
amélie,Q2652203,Amélie,female given name
lapland,Q5700,Lapland,region of Finland
thin man,Q7784269,Thin Man,fictional superhero in Marvel Comics
ambergris,Q188774,ambergris,substance produced in the digestive system of sperm whales
party of five,Q1048363,Party of Five,American television series
mcgovern,Q6801398,McGovern,family name
freemasons,Q1453598,Freemasons,English-Irish DJ band
on the beach,Q1638881,On the Beach,album by Chris Rea
joel grey,Q316641,Joel Grey,"American actor, singer, dancer, director, and photographer (born 1932)"
keira knightley,Q42581,Keira Knightley,British actress
2 broke girls,Q4633303,"2 Broke Girls, season 1",season of television series
charles addams,Q361106,Charles Addams,American cartoonist (1912–1988)
george hamilton,Q359416,George Hamilton,American film and television actor
papeete,Q130800,Papeete,capital of French Polynesia
bullwinkle,Q3646886,Bullwinkle J. Moose,fictional moose from The Rocky and Bullwinkle Show
mitch albom,Q378878,Mitch Albom,American author
chiapas,Q60123,Chiapas,state of Mexico
peter frampton,Q2613438,Peter Frampton,1994 album by Peter Frampton
1972,Q8438,1972 Summer Olympics,"Games of the XX Olympiad, in Munich, West Germany"
bull moose party,Q1363538,Progressive Party,American third party founded by Theodore Roosevelt
sleuth,Q7540179,Sleuth,1983 video game
f. murray abraham,Q181936,F. Murray Abraham,American actor (born 1939)
peter ueberroth,Q713746,Peter Ueberroth,American water polo player and businessman
woolworth's,Q131405359,Woolworth's Building,"commercial building in Los Angeles, California, United States"
andy roddick,Q54584,Andy Roddick,American tennis player
american lung association,Q446094,American Lung Association,organization
fritz lang,Q19504,Fritz Lang,Austrian filmmaker (1890–1976)
spartans,Q3246281,San Jose State Spartans,intercollegiate sports teams of San Jose State University
experience,Q86591657,Experience,unisex given name
"john f. kennedy, jr.",Q316064,John F. Kennedy Jr.,American attorney and magazine publisher (1960–1999)
j. paul getty,Q318591,J. Paul Getty,American industrialist and art collector (1892–1976)
bobbsey twins,Q3520046,Bobbsey Twins,series of books for young adults
shays' rebellion,Q392601,Shays's Rebellion,armed uprising among farmers in Massachusetts between 1786 to 1787
diwali,Q10244,Diwali,"Hindu, Jain, Sikh, Buddhist and South Asian festival of lights"
denny's,Q1189683,Denny Smith,American politician
national security council,Q10876348,National Security Council,government agency of Republic of China advising on issues related to national security in Taiwan
klingon,Q10134,Klingon,constructed language created for Star Trek
arabian nights,Q2745805,Scooby-Doo! in Arabian Nights,1994 Animated television film
tommy tune,Q7819952,Tommy Tune,"American actor, dancer, singer, theatre director, producer, and choreographer"
copperheads,Q1257508,Agkistrodon,genus of venomous pit viper
silas marner,Q638327,Silas Marner,novel by George Eliot
reform,Q900406,reform,"major overhaul of a system considered wrong, corrupt, inadequate, insufficient, unsatisfactory or unsuitable for new uses"
garrett morris,Q2916869,Garrett Morris,American actor
batman & robin,Q604864,Batman & Robin,1998 video game
virginia military institute,Q785357,Virginia Military Institute,"state-supported military college in Lexington, Virginia, USA"
value added tax,Q7912726,value added tax in the United Kingdom,overview about the value added tax in the United Kingdom
lord north,Q312593,"Frederick North, 2nd Earl of Guilford",Prime Minister of Great Britain from 1770 to 1782
prince william sound,Q631282,Prince William Sound,sound of the Gulf of Alaska
magical realism,Q57234702,Magical Realism,"edition, ISBN:978-0-8223-1640-4"
saint petersburg,Q656,Saint Petersburg,federal city and former capital of Russia
american red cross,Q470110,American Red Cross,National Red Cross Society in the United States
rest in peace,Q135058948,Rest in Peace,video game
bactrian camel,Q132922,Camelus bactrianus,species of mammal
david blaine,Q353983,David Blaine,American illusionist and extreme performer
walter mosley,Q188117,Walter Mosley,American novelist (born 1952)
mormon tabernacle,Q2140759,Salt Lake Tabernacle,"building in Salt Lake City, Utah, United States"
das boot,Q1167344,Das Boot,1973 war novel by Lothar-Günther Buchheim
olive garden,Q3045312,Olive Garden,American casual dining restaurant chain specializing in Italian-American cuisine
olive oyl,Q2531690,Olive Oyl,character from Popeye
orthodox,Q2031836,Eastern Orthodox church building,type of church building
jimmy swaggart,Q1378213,Jimmy Swaggart,American TV evangelist
colonel tom parker,Q533864,Colonel Tom Parker,Dutch-American talent manager and concert promoter
big bad wolf,Q87070,Dennis Wolf,German bodybuilder
ernest borgnine,Q102551,Ernest Borgnine,American actor (1917–2012)
ernesto miranda,Q2034475,Ernesto Miranda,American rapist (1941–1976)
jean-luc godard,Q53001,Jean-Luc Godard,French and Swiss film director (1930–2022)
petra,Q2080180,Petra,Finnish musician
marco rubio,Q19881504,"Marco Rubio presidential campaign, 2016",2016 Presidential Campaign
edward gibbon,Q161841,Edward Gibbon,English historian and politician (1737–1794)
rhapsody in blue,Q338442,Rhapsody in Blue,1945 film by Irving Rapper
van dyck,Q150679,Anthony van Dyck,Flemish Baroque artist (1599–1641)
harry potter and the sorcerer's stone,Q719960,Harry Potter and the Philosopher's Stone,2001 video game for PlayStation
linda evans,Q234478,Linda Evans,American actress
nelly,Q218992,Nelly,"American rapper, singer and actor (born 1974)"
uther pendragon,Q657200,Uther Pendragon,father of King Arthur in Arthurian legend
wile e. coyote,Q598503,Wile E. Coyote,cartoon character
xena,Q25960594,Xena,female given name
perfect strangers,Q1304597,Perfect Strangers,American comedy television series
hagrid,Q177439,Rubeus Hagrid,fictional character from J. K. Rowling's Harry Potter series
taliban,Q42418,Taliban,Islamist organization in Afghanistan (founded 1994)
daryl hannah,Q207596,Daryl Hannah,American actress and director (born 1960)
15th,Q191066,15th arrondissement of Paris,"one of the 20 administrative districts of Paris, France"
john malkovich,Q172261,John Malkovich,American actor
john sirica,Q110111781,John Clemente Sirica,American artist (born 1936)
spinning wheel,Q58966,spinning wheel,"device for spinning thread, yarn, or silk from natural or synthetic fibers"
julius erving,Q209921,Julius Erving,American basketball player (born 1950)
porthos,Q936529,Porthos,fictional character from Alexandre Dumas' The Three Musketeers
stephen harper,Q76087223,Stephen Charles Harper,(born 1966)
msg,Q186125,Madison Square Garden,"multi-purpose indoor arena in New York City, located in Midtown Manhattan between 7th and 8th Avenues from 31st to 33rd Streets"
balkan,Q37295119,Balkan,family name
royal society,Q123885,Royal Society,English learned society for science
shane,Q2800558,Shane,male given name
sochi,Q1988475,Sochi,"river in Krasnodar Krai, Russia"
burlesque,Q217117,burlesque,"literary, dramatic or musical work that caricatures the manner or spirit of serious works"
elvira,Q3051870,Elvira,female given name
great pyramid,Q111584784,Great Pyramid VR,2017 video game
horus,Q84122,Horus,Egyptian sky deity
"goodbye, columbus",Q960840,"Goodbye, Columbus",1959 short story collection by Philip Roth
news,Q38926,news,communication of selected information on current events
phillis wheatley,Q257911,Phillis Wheatley,first African-American poet (1753–1784)
pentateuch,Q162062,Pentateuch,first five books of the Bible
brian de palma,Q189526,Brian De Palma,American film director and screenwriter
hermione,Q51161577,Hermione,genus of plants
airbnb,Q63327,Airbnb,American online platform for rental accommodations
bruno hauptmann,Q63731,Richard Hauptmann,"carpenter, convicted murderer (1899-1936)"
superbad,Q679611,Superbad,2011 film by Greg Mottola
mrs. fields,Q3866841,Mrs. Fields,American food company specializing in cookies
terre haute,Q492478,Terre Haute,"city and county seat of Vigo County, Indiana, United States"
sir edward elgar,Q179631,Edward Elgar,English composer (1857-1934)
duncan phyfe,Q3041258,Duncan Phyfe,Scottish-American cabinetmaker (1768–1854)
totem poles,Q76443315,Totem Poles,print in the National Gallery of Art (NGA 146221)
richard cory,Q109836456,Richard Cory,vocal track by Simon & Garfunkel; 1965 studio recording
hudson river school,Q943853,Hudson River school,American art movement
david niven,Q181917,David Niven,British actor and novelist (1910–1983)
ebenezer baptist church,Q77240068,Ebenezer Baptist Church,"church in Atlanta, Georgia, USA"
ladies' home journal,Q2394235,Ladies' Home Journal,American magazine
just shoot me!,Q17111960,"Just Shoot Me!, season 2",season of television series
backwards,Q112818451,Backwards,
potato famine,Q188371,Great Irish Famine,1845 -1852 famine in Ireland
man ray,Q46139,Man Ray,American and French visual artist (1890–1976)
aswan,Q29888,Aswan,Egyptian city
george brett,Q1216378,George Brettingham Sowerby III,British conchologist; (1843-1921)
outer limits,Q114512737,Outer Limits,episode of Swamp People (S5 E13)
antipope,Q172748,antipope,"person who claims to be, but is not recognized as, the legitimate pope"
prologue,Q56099425,Prologue,vocal track by Kate Bush from the 2005 album Aerial
reese's,Q124632170,Reese Samuel Thomas,American politician (1918–2011)
straight outta compton,Q18154625,Straight Outta Compton,2015 film directed by F. Gary Gray
victoria principal,Q232834,Victoria Principal,American actress
tom daschle,Q443640,Tom Daschle,American politician (born 1947)
riddler,Q12957007,puzzle designer,someone who invents riddles
sherwin-williams,Q48881,Sherwin-Williams,American paint and coatings manufacturing company
dionne warwick,Q234695,Dionne Warwick,American singer (born 1940)
middlemarch,Q313129,Middlemarch,novel by George Eliot
misty copeland,Q16204558,Misty Copeland,American ballet dancer
robert oppenheimer,Q132537,Robert Oppenheimer,"American theoretical physicist, known as ""father of the atomic bomb"" (1904–1967)"
room,Q18703032,Room,2015 film by Lenny Abrahamson
4-h,Q407431,(RS)-warfarin,group of stereoisomers
olof palme,Q53713,Olof Palme,"Swedish Prime Minister (1969–76, 1982–86)"
constantine the great,Q8413,Constantine the Great,Roman emperor from 306 to 337 and first to convert to Christianity (272–337)
peter lawford,Q345517,Peter Lawford,British actor (1923–1984)
coliseum,Q5777447,Coliseum,1988 video game
sharon gless,Q203417,Sharon Gless,American actress
chicago fire,Q308683,Chicago Fire FC,"soccer club in Chicago, Illinois, USA"
flower drum song,Q926825,Flower Drum Song,1961 film by Henry Koster
grace coolidge,Q234287,Grace Coolidge,First Lady of the United States from 1923 to 1929
dram,Q189396,dynamic random-access memory,random-access memory that stores each bit of data in a separate capacitor within an integrated circuit
east room,Q1144849,East Room,"large room in the White House, Washington DC"
world court,Q7801,International Court of Justice,primary judicial organ of the United Nations
cartoon network,Q708290,Cartoon Network,American cable television channel
michigan state,Q270222,Michigan State University,"public research university in East Lansing, Michigan, United States"
gethsemane,Q205333,Gethsemane,garden at the foot of the Mount of Olives in Jerusalem
kathleen turner,Q222008,Kathleen Turner,American actress (born 1954)
andromeda strain,Q499036,The Andromeda Strain,1971 film by Robert Wise
ralph kramden,Q136443288,Ralph Kramden,character from the sitcom The Honeymooners
fundamentalism,Q9149,fundamentalism,unwavering attachment to a set of irreducible beliefs
george stephanopoulos,Q63898447,George Stephanopoulos's Subject Files (NAID 2641926),series in the National Archives and Records Administration's holdings
father knows best,Q1287308,Father Knows Best,television program
felix the cat,Q4038693,Felix the Cat,1992 video game
saturnalia,Q878443,Saturnalia,extnct genus of dinosaurs
travis mcgee,Q3538234,Travis McGee,"fictional character, created by American mystery writer John D. MacDonald"
retirement,Q796919,resignation,act of giving up or quitting an office or position
mariana trench,Q510,Mariana Trench,deepest oceanic trench on Earth
georges simenon,Q128790,Georges Simenon,Belgian writer (1903–1986)
orestes,Q19731847,Orestes,male given name
zeitgeist,Q185994,Zeitgeist,software for tracking the user's own activities
stream of consciousness,Q3284176,stream of consciousness,narrative device used in literature
chris matthews,Q948687,Chris Matthews,"American political commentator, former talk show host, and author"
keith moon,Q211696,Keith Moon,"English rock musician, drummer of The Who (1946–1978)"
queequeg,Q3414055,Queequeg,fictional character from the novel Moby-Dick
siamese twins,Q216866,conjoined twins,twins physically joined in utero
looking for mr. goodbar,Q759444,Looking for Mr. Goodbar,1977 film by Richard Brooks
yukon river,Q104437,Yukon River,"river in the Yukon Territory, Canada and Alaska, United States of America"
montblanc,Q761735,Montblanc,"town in the province of Tarragona, Catalonia"
king james i,Q107290789,King James I,painting by Nicholas Hilliard (Folger FPm11)
longest day,Q468484,The Longest Day,1962 war film
ron weasley,Q173998,Ron Weasley,fictional character of Harry Potter series
trans-siberian railway,Q58767,Trans-Siberian railway,"railway line between Moscow, the Russian Far East and the Sea of Japan"
peta,Q16423649,Peta,female given name
tim curry,Q52392,Tim Curry,British actor
metropolitan opera house,Q188031,Metropolitan Opera House,"opera house in Manhattan, New York"
captain video,Q1145222,Tony Gwynn,American professional baseball right fielder; 1960-2014
situation room,Q2915674,Situation Room,iconic photo of Barack Obama and his national security team during Operation Neptune Spear
ihop,Q1185675,IHOP,American multinational pancake house restaurant chain
ice cube,Q173637,Ice Cube,American rapper and actor
conservative,Q9626,Conservative Party,centre-right to right-wing political party in the United Kingdom
doberman,Q38358,Dobermann,German dog breed
4th,Q230127,4th arrondissement of Paris,"one of the 20 administrative districts of Paris, France"
django unchained,Q571032,Django Unchained,2012 film by Quentin Tarantino
steroids,Q15716675,Steroids,scientific journal
american buffalo,Q463633,American Buffalo,1996 film by Michael Corrente
gangs of new york,Q154581,Gangs of New York,2002 film directed by Martin Scorsese
i spy,Q1249413,I Spy,television series
belle,Q188496,Belley,"commune in Ain, France"
luke skywalker,Q135402763,Luca Valentini,Italian pornographic actor
helen thomas,Q113483297,Helen Thomas,Director of BBC England
gulfstream,Q1554299,Gulfstream Aerospace,American company
myrtle beach,Q839805,Myrtle Beach,"coastal city in South Carolina, United States"
dirty dozen,Q470735,The Dirty Dozen,1967 UK-US film directed by Robert Aldrich
dunkin' donuts,Q847743,Dunkin' Donuts,American global donut company and coffeehouse
city lights,Q238211,City Lights,1931 film directed by Charlie Chaplin
lynda carter,Q242903,Lynda Carter,"American actress, singer, and beauty pageant titleholder"
maybelline,Q1351054,Maybelline,cosmetics company
mayberry,Q6796971,Mayberry,fictional community in The Andy Griffith Show and Mayberry R.F.D.
samuel gompers,Q282657,Samuel Gompers,(1850-1924) American labor leader (AFL)
san simeon,Q1353689,San Simeon,"census-designated place in California, United States"
taliesin,Q19888028,Taliesin,male given name
pitti palace,Q119684336,"Pitti Palace, Florence","painting by John Lavery (1856–1941), Colchester Town Hall"
digital,Q690079,Digital Equipment Corporation,American manufacturer of minicomputers
carol burnett show,Q3986215,The Carol Burnett Show,American variety/sketch comedy television show
san antonio spurs,Q159729,San Antonio Spurs,American professional basketball team
morgan,Q1260128,Morgan,family name
starship troopers,Q126708209,Starship Troopers,1975 New English Library edition
sunshine,Q7641406,Sunshine,"suburb of Melbourne, Victoria, Australia"
greco-roman,Q389654,Greco-Roman wrestling,style of amateur wrestling
carolyn keene,Q1293795,Edward Stratemeyer,"American book packager, publisher and writer (1862–1930)"
pat robertson,Q364990,Pat Robertson,American media mogul and minister (1930–2023)
river styx,Q8843276,Styx,river in Greek mythology that formed the boundary between Earth and the Underworld
wimpole street,Q3569249,Wimpole Street,"street in City of Westminster, United Kingdom"
mary-kate & ashley olsen,Q208415,Mary-Kate and Ashley Olsen,American exactresses (born 1986)
radio flyer,Q1746937,Radio Flyer,an American toy company best known for their popular red toy wagon
pete maravich,Q316183,Pete Maravich,American basketball player
rené descartes,Q9191,René Descartes,"French philosopher, mathematician, and scientist (1596–1650)"
granny smith,Q506040,Malus domestica 'Granny Smith',apple cultivar that produces cooking apples which are also sour eating apples
hippodrome,Q11822917,horse racing venue,venue used in horse racing
pyrrhus,Q172353,Pyrrhus,king of Epirus from 307 to 302 and 297 to 272 BC
gravity's rainbow,Q1212160,Gravity's Rainbow,1973 novel by Thomas Pynchon
yakov smirnoff,Q977228,Yakov Smirnoff,USSR-born American comedian
tintin,Q61447205,Tintin,female given name
firefox,Q698,Firefox,free and open source web browser
saab,Q219501,Saab Group,Swedish aerospace and defense company
biafra,Q16337010,Biafra,Brazilian recording artist and singer
hogwarts,Q174097,Hogwarts,fictional Scottish school of magic from the Harry Potter universe
democratic national convention,Q1185865,Democratic National Convention,series of presidential nominating conventions held every four years since 1832 by the United States Democratic Party
richard feynman,Q39246,Richard Feynman,American theoretical physicist (1918–1988)
hud,Q219786,Hūd,11th chapter of the Qur'an
cleveland indians,Q642553,Cleveland Guardians,"baseball team and Major League Baseball franchise in Cleveland, Ohio"
symbionese liberation army,Q1429446,Symbionese Liberation Army,"American left-wing terrorist organization, defunct"
edmond rostand,Q202749,Edmond Rostand,French poet and dramatist (1868–1918)
"good, the bad and the ugly",Q41483,"The Good, the Bad and the Ugly",1966 film directed by Sergio Leone
shepherd's pie,Q2303056,shepherd's pie,meat pie with a crust or topping of mashed potato
kate jackson,Q236253,Kate Jackson,"American actress, producer, and director (born 1948)"
wilderness,Q27995042,US Wilderness Area,congressionally designated wilderness area within the United States of America
berry gordy,Q355288,Berry Gordy,"American record producer, founder of Motown Records"
special olympics,Q1043220,Special Olympics,sports organization for people with intellectual disabilities
mister ed,Q1185758,Mister Ed,American television series
counting crows,Q178549,Counting Crows,American musical group; alternative rock band
cathode ray tube,Q83913,cathode ray tube,"vacuum tube that can show moving pictures, vector graphics, or lines"
mariska hargitay,Q275964,Mariska Hargitay,"American actress, producer, and philanthropist (born 1964)"
christian slater,Q204590,Christian Slater,American actor and producer (born 1969)
aaron spelling,Q295080,Aaron Spelling,American film and television producer (1923-2006)
thin red line,Q221491,The Thin Red Line,1998 film by Terrence Malick
general macarthur,Q127417,Douglas MacArthur,"United States Army general in WWI, WWII and Korea (1880–1964)"
tom bosley,Q333755,Tom Bosley,American actor (1927–2010)
river jordan,Q40059,Jordan River,river in West Asia which flows to the Dead Sea
u.k.,Q145,United Kingdom,island country in north-west Europe
little orphan annie,Q1865791,Little Orphan Annie,1924–2010 American comic strip
rosencrantz and guildenstern are dead,Q2517513,Rosencrantz and Guildenstern Are Dead,1966 play by Tom Stoppard
lenny kravitz,Q75748766,Lenny Kravitz' albums in chronological order,Wikimedia albums discography
habsburgs,Q65968,House of Habsburg,European imperial dynasty
dan,Q9035,Danish,North Germanic language spoken in Northern Europe
ferde grofé,Q375958,Ferde Grofé,"American composer, arranger, pianist and instrumentalist (1892–1972)"
howard baker,Q1337643,Howard Baker,American politician and diplomat (1925–2014)
accord,Q131569,treaty,express agreement between nations under international law
leap year,Q19828,leap year,"type of year that has 366 days, instead of 365 for a common year"
department of justice,Q3550363,Department of Justice (Philippines),justice ministry of the Philippines
adagio,Q135287035,Adagio,poem by Jaroslav Vrchlický
u.s. postal service,Q668687,United States Postal Service,independent agency of the U.S. federal government responsible for providing postal service
grand old party,Q29468,Republican Party,American political party
allies,Q329888,Allies of World War II,grouping of the victorious countries of World War II
bronx zoo,Q739792,Bronx Zoo,"metropolitan zoo in the Bronx, New York City, New York, USA"
vietnam war memorial,Q90147937,Vietnam War Memorial,"war memorial in Milwaukie, Oregon, United States"
diana vreeland,Q450619,Diana Vreeland,American magazine editor (1903–1989)
green mansions,Q605921,Green Mansions,novel by William Henry Hudson
musket,Q37015710,Musket,family name
lynn redgrave,Q156552,Lynn Redgrave,British actress (1943–2010)
international red cross,Q7178,International Red Cross and Red Crescent Movement,international humanitarian movement
rhombus,Q21442836,Rhombus,subgenus of molluscs
of thee i sing,Q1859308,Of Thee I Sing,2010 picture book by Barack Obama
nevis,Q207794,Nevis,island and state in the Caribbean Sea
heavy metal,Q38848,heavy metal,"genre of rock music characterized by slack-tuned instruments, and unconventional changes of tonality (key) and time signature (metre)"
django reinhardt,Q44122,Django Reinhardt,Romani-Belgian /French jazz musician (1910–1953)
university of miami,Q738258,University of Miami,"private university in Coral Gables, Florida, United States"
josiah wedgwood,Q2912529,"Josiah Wedgwood, Baron Wedgwood",British politician (1872-1943)
cutty sark,Q1146606,Cutty Sark for Maritime Greenwich,Docklands Light Railway station
stilton,Q2061106,Stilton,"village in Cambridgeshire, England"
pueblos,Q171927,Pygmy people,ethnic group whose average height is unusually short
harold washington,Q295584,Harold Washington,"American politician, former Mayor of the city of Chicago (1922—1987)"
doubting thomas,Q939139,Poison the Well,American metalcore band
left behind,Q1027525,Left Behind,"series of 16 novels by Tim LaHaye and Jerry B. Jenkins, published 1995-2007"
basin,Q813672,basin,geologic depression
allen wrench,Q16953,hex key,tool for screws with an internal hex head.
islands in the stream,Q1163515,Islands in the Stream,original song written and composed by the Bee Gees; first recorded by Kenny Rogers and Dolly Parton and released in 1983
ivan ilyich,Q1675928,Ivan Mozzhukhin,Russian-born actor
sea cucumber,Q1934690,sea cucumber as food,flesh from sea cucumbers
cicely tyson,Q238081,Cicely Tyson,American actress (1924–2021)
future farmers of america,Q4039073,National FFA Organization,organization
whistler's mother,Q687182,Whistler's Mother,painting by James Abbott McNeill Whistler
kingston trio,Q59965,The Kingston Trio,American folk and pop music group
stratford-on-avon,Q1693076,Stratford-on-Avon,"district in Warwickshire, England"
sojourner,Q105180,Sojourner Truth,African-American abolitionist and women's rights activist (1797–1883)
coen brothers,Q56095,Coen brothers,American filmmakers
lantern,Q862454,lantern,fixed or portable enclosed lighting device
olga korbut,Q221575,Olga Korbut,Belarusian gymnast (*1955)
wendy,Q4018995,Wendy,female given name
larry david,Q23728,Larry Ben David,"American comedian, writer and actor (born 1947)"
aborigine,Q103817,indigenous people,first inhabitants of an area and their descendants
weezer,Q209956,Weezer,American rock band
daniel radcliffe,Q38119,Daniel Radcliffe,British actor and film producer (born 1989)
dave barry,Q673567,Dave Barry,American writer
katrina,Q16277723,Katrina,female given name
john boehner,Q11702,John Boehner,53rd Speaker of the U.S. House of Representatives from 2011 to 2015
rabelais,Q131018,François Rabelais,16th-century French writer and humanist (1494–1553)
lee majors,Q454088,Lee Majors,American actor (born 1939)
frank robinson,Q104839929,Frank Robinson,American football player (born 1969)
patrick dempsey,Q212518,Patrick Dempsey,American actor and racecar driver
mambo,Q37434046,Mambo,family name
bobby kennedy,Q1352872,Robert F. Kennedy Jr.,"American politician, environmental lawyer, anti-vaccine activist, and conspiracy theorist (born 1954)"
general sherman,Q188936,William Tecumseh Sherman,United States Army general (1820–1891)
born to run,Q2734366,Born to Run,song written and composed by Bruce Springsteen; originally recorded by Bruce Springsteen in 1974 and released in 1975
pritzker prize,Q104010787,Pritzker Prize,encyclopedia article
homecoming,Q643264,Homecoming,1972 studio album by America
albert finney,Q219546,Albert Finney,British actor (1936–2019)
tipper gore,Q241609,Tipper Gore,Second Lady of the United States from 1993 to 2001
aviation,Q765633,aviation,human activity involving mechanical flight in atmosphere
u.s. mint,Q1141049,United States Mint,produces circulating coinage for the United States
madrigal,Q56252495,Madrigal,"human settlement in Atienza, Guadalajara Province, Castile-La Mancha, Spain"
poems,Q482,poetry,literary style characterized by a strong expressiveness of words
chartres,Q458688,"Prince Ferdinand Philippe, Duke of Orléans",French prince of the house of Orléans (1810-1842)
botox,Q4095199,botulinum toxin type A,the main type of neurotoxin produced by Clostridium botulinum
james corden,Q767499,James Corden,"English actor, comedian, singer and television host (born 1978)"
robert altman,Q55163,Robert Altman,American filmmaker (1925–2006)
cam newton,Q591678,Cam Newton,American football player (born 1989)
robert johnson,Q110290633,Robert Johnson,
brahmans,Q47140,Brahmin,varna (class) in Hinduism
my little pony,Q5415,My Little Pony: Friendship Is Magic,animated television series based on the Hasbro franchise
johnnie cochran,Q1346641,Johnnie Cochran,American attorney (1937–2005)
fisherman,Q135063134,FISHERMAN,2024 video game developed by tenvent
michael landon,Q949883,Michael Landon Jr.,American actor and director
timothy dalton,Q41233,Timothy Dalton,"British actor of stage, film and television"
armani,Q125182769,Armani,brand owned by Giorgio Armani S.p.A.
liz taylor,Q34851,Elizabeth Taylor,British-American actress (1932–2011)
habsburg,Q64131,Habsburg,"municipality in the canton Aargau, Switzerland"
stocks,Q4442805,John Ellerton Stocks,British botanist (1822–1854)
harrow,Q1247373,Harrow School,"school in Harrow, UK"
lou brock,Q3260115,Lou Brock,American baseball player (1939–2020)
donna shalala,Q292569,Donna Shalala,18th United States Secretary of Health and Human Services
andrew young,Q959635,Andrew Young,"American politician, diplomat, activist and pastor"
jed clampett,Q114544898,Jed Clampett Enterprises,episode of The Beverly Hillbillies (S7 E19)
world war z,Q56218638,World War Z,2019 cooperative third-person shooter video game developed by Saber Interactive
peter higgs,Q192112,Peter Higgs,British physicist and Nobel Prize winner (1929–2024)
peter graves,Q156532,Peter Graves,American actor (1926-2010)
visine,Q550442,Vișinelu,"locality in Mureș County, Romania"
whites of their eyes,Q18614946,Whites of Their Eyes,1041st strip of the webcomic xkcd
duke of windsor,Q590227,Edward VIII,"King of the United Kingdom and the British Dominions, and Emperor of India in 1936"
concerto,Q9748,concerto,musical composition usually in three parts
rudi gernreich,Q114041,Rudi Gernreich,American fashion designer and gay activist (1922-1985)
j. alfred prufrock,Q2247005,The Love Song of J. Alfred Prufrock,poem by T.S. Eliot
breathless,Q127283230,Breathless,2024 Spanish television series
gannett,Q1345971,USA Today Co.,United States newspaper company
cavalleria rusticana,Q221806,Cavalleria rusticana,opera by Pietro Mascagni
jon voight,Q167520,Jon Voight,American actor (born 1938)
round robin,Q10862465,round-robin,collection of signatures arranged in a circle to conceal ringleaders
teri hatcher,Q181490,Teri Hatcher,American actress
mit (massachusetts institute of technology),Q121057844,MIT (Massachusetts Institute of Technology),production company
isaac stern,Q311317,Isaac Stern,American musician
monica,Q14013933,Monica,female given name
all,Q655020,allative case,grammatical case
cape buffalo,Q39063067,Cape buffalo mitogenomics reveals a Holocene shift in the African human-megafauna dynamics,scientific article published on 22 June 2012
hormel,Q1454852,Hormel,American food processing company
caddie,Q125356202,Caddie,female given name
hill house,Q654780,Hill House,"home in Helensburgh, Scotland designed by Charles Rennie Mackintosh"
mel torme,Q470848,Mel Tormé,American recording artist (1925–1999)
knives out,Q115676286,Knives Out,murder mystery film series written and directed by Rian Johnson
negro leagues,Q1371594,Negro league baseball,former United States professional baseball leagues
beefeater,Q1763924,Beefeater Gin,brand of gin
melissa mccarthy,Q229048,Melissa McCarthy,American actress and comedian
"hank williams, sr.",Q206181,Hank Williams,American singer-songwriter (1923–1953)
daylight saving time,Q36669,daylight saving time,seasonal adjustment of clocks
runaway bride,Q135047589,Runaway bride,2024 video game developed by Games For Pleasure
hobart,Q40191,Hobart,"capital city of Tasmania, Australia"
island of the blue dolphins,Q1453053,Island of the Blue Dolphins,1960 children's novel by Scott O'Dell
ho chi minh trail,Q695916,Ho Chi Minh trail,logistical network of roads and trails in Vietnam
atlantic monthly,Q1542536,The Atlantic,"magazine and multi-platform publisher based in Washington, D.C."
jay gatsby,Q7048121,Jay Gatsby,protagonist of the novel The Great Gatsby
st. mark,Q16695525,St. Mark,Biblical portrait by Frans Hals
to have and have not,Q538390,To Have and Have Not,1937 novel by Ernest Hemingway
taft-hartley act,Q743212,Taft–Hartley Act,act regulating labor unions in the USA
isoroku yamamoto,Q152325,Isoroku Yamamoto,Japanese Marshal Admiral (1884–1943)
josie and the pussycats,Q1284299,Josie and the Pussycats,American animated television series
malcolm gladwell,Q318429,Malcolm Gladwell,Canadian journalist and science writer
e = mc2,Q35875,mass–energy equivalence,physical law relating mass to energy
wilco,Q2670656,Wilco,male given name
iq,Q796,Iraq,sovereign state in Western Asia
internal revenue service,Q973587,Internal Revenue Service,revenue service of the United States federal government
cowboy hat,Q1138175,cowboy hat,"high-crowned, wide-brimmed hat"
deep space nine,Q108774,Star Trek: Deep Space Nine,American science fiction television series from 1993–1999
deforest kelley,Q16349,DeForest Kelley,American actor (1920–1999)
christians,Q106039,Christian,person who adheres to Christianity
judith,Q5954149,Judith,female given name
christopher lee,Q180338,Christopher Lee,English actor and singer (1922–2015)
95,Q12784,Val-d'Oise,French department
nobody,Q83965418,Nobody,2021 American film directed by Ilya Naishuller
acura,Q53097,Acura,car brand and luxury vehicle division of Japanese automaker Honda Motor Company
stadium,Q152605,Stadium Arcadium,ninth studio album by American rock band Red Hot Chili Peppers
stage door,Q1020603,Stage Door,1937 film by Gregory La Cava
federal,Q183,Germany,country in Central Europe
fawn hall,Q5438777,Fawn Hall,American civil servant
stargate,Q215287,Stargate Atlantis,science fiction television series
walk the line,Q154077,Walk the Line,2005 film by James Mangold
tony awards,Q191874,Tony Awards,"awards to recognize the excellence in live Broadway theatre, presented by the American Theatre Wing and The Broadway League at an annual ceremony in New York City"
tony kushner,Q704433,Tony Kushner,American playwright and screenwriter (born 1956)
ashley wilkes,Q119570067,Ashley Wilkes,college basketball player (2011–2013) Canisius
ashram,Q2404393,Ashram,Italian musical group
british airways,Q8766,British Airways,flag carrier airline of the United Kingdom
british commonwealth,Q7785,Commonwealth of Nations,political association of mostly former British Empire territories
sacco and vanzetti,Q833926,Sacco and Vanzetti,Italian American anarchist duo executed by Massachusetts
sachertorte,Q131442,Sachertorte,"specific type of chocolate cake, or torte"
famous amos,Q5433442,Famous Amos,cookie brand founded by Wally Amos
american league,Q465469,American League,"baseball league, part of Major League Baseball"
choir,Q131186,choir,ensemble of singers
john stetson,Q101718971,John Stetson,American theatre manager
steve prefontaine,Q471417,Steve Prefontaine,American long-distance runner (1951–1975)
john singleton,Q363005,John Singleton,"American film director, screenwriter, and producer (1968–2019)"
dead on arrival,Q135081611,Dead On Arrival,video game developed by Jacob C
heartbreak hotel,Q1343509,Heartbreak Hotel,"song written and composed by Mae Boren, Axton Thomas Durden and Elvis Presley; originally recorded by Elvis Presley and released in 1956"
vienna woods,Q122568754,Vienna Woods,"hamlet in Virginia, United States"
vietnam veterans memorial,Q713628,Vietnam Veterans Memorial,"national memorial in Washington, D.C., United States"
q-tips,Q7265295,Q-Tips,British band
dick whittington,Q3026639,Dick Whittington,"American disc jockey, from 1970s"
died,Q62826,Diederich Franz Leonhard von Schlechtendal,German botanist (1794–1866)
birdcage,Q135014722,BIRDCAGE,video game developed by POLYGON BIRD
shire,Q218728,The Shire,fictional region in Middle-earth
clio,Q5059304,Clio,genus of molluscs
breed's hill,Q2483089,Breed's Hill,mountain in United States of America
clive cussler,Q366266,Clive Cussler,American novelist (1931–2020)
john cougar mellencamp,Q345431,John Mellencamp,American singer-songwriter
john cusack,Q106175,John Cusack,"American actor, producer, and screenwriter"
bureau of indian affairs,Q1010563,Bureau of Indian Affairs,Unted States government agency
cloisters,Q1138030,The Cloisters,museum in New York City part of the Metropolitan Museum of Art
short circuit,Q135452106,Short Circuit,2023 video game developed by FaxLab3D
mobil,Q17517,mobile phone,portable device to make telephone calls using a radio link
dave,Q16275316,Dave,male given name
raymond,Q2127728,Raymond,male given name
bessemer,Q79973,Bessemer,"suburb city of Birmingham, located in Jefferson County, Alabama, United States"
spongebob,Q83279,SpongeBob SquarePants,American animated television series
everclear,Q3061451,Everclear,brand name of rectified spirit
house of orange,Q155483,House of Orange-Nassau,royal house of the Dutch royal family
joe kennedy,Q934721,Joe Kennedy,American professional basketball player
franz,Q4925932,Franz,male given name
port said,Q134509,Port Said,city in northeastern Egypt
lord tennyson,Q173869,Alfred Tennyson,British Poet Laureate (1809–1892)
washington crossing the delaware,Q509806,Washington Crossing the Delaware,"painting by Emanuel Leutze, Metropolitan Museum of Art"
roller skates,Q7361037,Roller Skates,1936 novel by Ruth Sawyer
port of spain,Q39178,Port of Spain,capital of Trinidad and Tobago
bernanke,Q201795,Ben Bernanke,American economist (born 1953)
leeward islands,Q29971,Leeward Islands,"subgroup of islands in the Lesser Antilles, Caribbean Sea"
saluki,Q39108,Saluki,dog breed known in the Arabian Peninsula
jimmy smits,Q73416,Jimmy Smits,American actor (born 1955)
jim nabors,Q963787,Jim Nabors,American actor and singer (1930-2017)
daniel ortega,Q57402,Daniel Ortega,Nicaraguan politician
afghan,Q58680,Pashto,Indo-Aryan language of Afghanistan and Pakistan
berbers,Q45315,Berbers,ethnic group indigenous to North Africa
that championship season,Q2213212,That Championship Season,1982 film by Jason Miller
french open,Q43605,French Open,annual tennis tournament held in Paris
ancient mariner,Q708177,The Rime of the Ancient Mariner,1798 poem by Samuel Taylor Coleridge
le monde,Q12461,Le Monde,French daily newspaper founded in 1944
erin go bragh,Q1354637,Erin go bragh,Irish phrase
domino theory,Q221608,domino theory,theory concerning the influence of Communism
kids in the hall,Q64995229,The Kids in the Hall,Canadian sketch comedy troupe
silver skates,Q3484001,Silver Skates,1943 film by Leslie Goodwins
dame nellie melba,Q237607,Nellie Melba,Australian opera singer (1861–1931)
benghazi,Q40816,Benghazi,second largest city in Libya
dalton trumbo,Q350666,Dalton Trumbo,American screenwriter (1905–1976)
günter grass,Q6538,Günter Grass,"German novelist, poet, playwright, illustrator, graphic artist, and sculptor (1927-2015)"
wedding crashers,Q238866,Wedding Crashers,1998 film directed by David Dobkin
bart simpson,Q4865108,Bart Simpson,Canadian film director
galatians,Q98815366,Galatians,2005 edition of the book by Philip Graham Ryken
bartholdi,Q21493378,Bartholdi,family name
tristram shandy,Q1164083,"The Life and Opinions of Tristram Shandy, Gentleman",novel by Laurence Sterne
robitussin,Q7353181,Robitussin DAC,
king of queens,Q3730219,"The King of Queens, season 3",season of television series
sir lancelot,Q50107723,Sir Lancelot,1983 video game
b-52's,Q174534,Boeing B-52 Stratofortress,bomber aircraft family
conclave,Q56301616,Conclave,2016 novel by Robert Harris
encyclopedia brown,Q5375669,Encyclopedia Brown,novel series by Donald J. Sobol
southern baptists,Q1351880,Southern Baptist Convention,Christian denomination
master,Q183816,master's degree,postgraduate academic degree
"douglas fairbanks, sr.",Q104127,Douglas Fairbanks,"American actor, screenwriter, director, and producer (1883–1939)"
i remember mama,Q1498445,I Remember Mama,1948 drama film directed by George Stevens
old farmer's almanac,Q437765,Old Farmer's Almanac,American annual periodical
garry marshall,Q315087,Garry Marshall,American actor and filmmaker (1934–2016)
gary burghoff,Q593735,Gary Burghoff,American actor
sunset strip,Q2301193,Sunset Strip,"stretch of Sunset Boulevard that passes through West Hollywood, California, United States"
atomic energy commission,Q939090,United States Atomic Energy Commission,former agency of the United States federal government
prague spring,Q162401,Prague Spring,period of liberalisation in Czechoslovakia from 5 January to 21 August 1968
reichstag,Q151897,Reichstag,"seat of the German Bundestag and, before 1945, the eponymous parliament of the Weimar Republic"
greg kinnear,Q269869,Greg Kinnear,American actor
uriah,Q2151904,Uriah Shelton,American actor and singer
1988,Q2426,1988,year
scott adams,Q457923,Scott Adams,American cartoonist and author (1957–2026)
idina menzel,Q72765890,Idina Menzel's albums in chronological order,albums discography
general tom thumb,Q918691,General Tom Thumb,American circus performer (1838–1883)
ich bin ein berliner,Q443,Ich bin ein Berliner,speech given by John F. Kennedy in West Berlin in June 1963
cum laude,Q6581478,Latin honors,Latin phrases used to denote levels of academic distinction
maasai,Q163022,Maasai,"ethnic group inhabiting Kenya, Tanzania and Uganda"
blue & white,Q24027509,Blue & White,merchant ship
alex cross,Q4716871,Alex Cross,novel series by James Patterson
mackintosh,Q37474111,MacKintosh,family name
sleeper,Q37236141,Sleeper,family name
aviator,Q2095549,aircraft pilot,person controlling an aircraft in flight
jackie mason,Q75021,Jackie Mason,American comedian (1928-2021)
tater tots,Q3516025,Tater Tots,"trademarked Ore-Ida product, cylindrical pieces of deep-fried grated potatoes, the first tater tots made using holey board"
over the counter,Q122387085,Over the Counter,2022 video game
up in the air,Q122353373,Up in the Air,2020 video game
book club,Q2980154,book club,group of people who meet to discuss a book or books that they have read and express their opinions
kool,Q850290,Kool & The Gang,"American R&B, soul and funk band"
swatch,Q694107,The Swatch Group,Swiss company
caged bird,Q110527459,cage bird,captive bird typically kept in a birdcage or aviary
"crosby, stills & nash",Q733159,"Crosby, Stills & Nash",American folk rock band
my friend flicka,Q527702,My Friend Flicka,American television series
smiths,Q984158,Smithsonian Astrophysical Observatory Star Catalog,astrometric star catalogue
itunes,Q9589,iTunes,media player and library software
prison break,Q80044,Prison Break,American television series
white cliffs of dover,Q754785,White Cliffs of Dover,"chalk cliff coastline in Kent, UK"
mutual,Q540590,Mutual Film Corporation,American film conglomerate
university of arizona,Q3174614,Arizona Wildcats,intercollegiate sports teams of the University of Arizona
crocs,Q125007648,Crocs,brand of foam footwear
cosmo,Q21079746,Cosmo,male given name
charlie rose,Q715515,Charlie Rose,American TV interviewer and journalist (born 1942)
right guard,Q7333508,Right Guard,brand of deodorant and shower gel for men
bob cratchit,Q3641285,Bob Cratchit,fictional character in the Charles Dickens novella A Christmas Carol
u.s. supreme court,Q11201,Supreme Court of the United States,highest court of jurisdiction in the United States of America
kristen stewart,Q126599,Kristen Stewart,American actress
lake powell,Q667507,Lake Powell,reservoir Utah and Arizona in the United States
girl with a pearl earring,Q185372,Girl with a Pearl Earring,painting by Johannes Vermeer
gladstone,Q705699,Gladstone,"city in Queensland, Australia"
william gladstone,Q7529606,"Sir William Gladstone, 7th Baronet",British Baronet and scouting leader (1925-2018)
bob seger,Q364131,Bob Seger,American singer-songwriter
charles van doren,Q1066305,Charles Van Doren,"American university teacher, non-fiction writer, biographer (1926-2019)"
orkneys,Q100166,Orkney Islands,"archipelago, county and council area in northern Scotland"
wilhelm,Q11027623,Wilhelm,male given name
interview with the vampire,Q318910,Interview with the Vampire,1994 film by Neil Jordan
lady antebellum,Q389870,Lady A,American band
saint patrick,Q165479,Saint Patrick,5th-century Romano-British Christian missionary and bishop in Ireland
lil nas x,Q62591281,Lil Nas X,"American rapper, singer and songwriter (born 1999)"
"phoenix, arizona",Q16556,Phoenix,"seat of Maricopa County, largest city in, and capital of, the State of Arizona, United States"
anti-masonic party,Q574701,Anti-Masonic Party,American political party opposed to the Freemasons
"akron, ohio",Q163132,Akron,"city and the county seat of Summit County, Ohio, United States"
mush,Q14867524,Mush,2013 video game
california roll,Q19859306,California Roll,Single by Snoop Dogg featuring Stevie Wonder
girl of the golden west,Q1424447,The Girl of the Golden West,1938 film by Robert Zigler Leonard
ed mcbain,Q369632,Evan Hunter,American author and screenwriter (1926-2005)
antoine lavoisier,Q39607,Antoine Lavoisier,French nobleman and chemist (1743–1794)
my antonia,Q2776448,My Ántonia,novel by Willa Cather
midgard,Q180682,Midgard,name for the world inhabited by and known to humans in Norse mythology; one of the Nine Worlds
new york daily news,Q627827,New York Daily News,daily tabloid newspaper in New York City
perseids,Q173708,Perseids,prolific meteor shower associated with the comet Swift-Tuttle
tim berners-lee,Q80,Tim Berners-Lee,English computer scientist (born 1955)
nikon,Q63868416,Nikon,corporate brand of Nikon Corporation
barbara stanwyck,Q94002,Barbara Stanwyck,American actress (1907–1990)
brazil nut,Q81671,Bertholletia excelsa,"species of plant, Brazil nut"
medicaid,Q1141363,Medicaid,United States social health care program for families and individuals with limited resources
henrietta lacks,Q1647793,Henrietta Lacks,American woman whose cancer cells are the source of the HeLa cell line (1920–1951)
land's end,Q120597579,Land's End,2015 video game
codes,Q105700118,International Symposium on Hardware/Software Codesign,conference series
black forest cake,Q19028,Black Forest cake,"type of chocolate cake, traditionally made with ""kirschwasser"", a brandy made from double distillation of morello cherries"
mccoys,Q385841,The McCoys,American rock band
nell gwyn,Q234163,Nell Gwyn,Royal mistress (1650-1687)
thane,Q98827230,Thane,male given name
friar tuck,Q2074170,Friar Tuck,character from the Robin Hood legend
bozeman,Q569678,Bozeman,"city and the county seat of Gallatin County, Montana, United States"
animaniacs,Q547744,Animaniacs,American animated television series
1986,Q2430,1986,year
skype,Q40984,Skype,former telecommunications software service
hesperides,Q165938,Hesperides,nymphs in Greek mythology
eastman kodak,Q486269,Kodak,American company
regent's park,Q1259474,Regent's Park tube station,London Underground station
mary decker,Q238299,Mary Decker,"Athletics competitor, middle distance runner, long distance runner"
lyceum,Q16463,lyceum,type of secondary school
agnostic,Q288928,agnosticism,view that the existence of God or the supernatural are unknown or unknowable
hymns,Q5956833,Hymns,2004 EP by Anathallo
ferde grofe,Q375958,Ferde Grofé,"American composer, arranger, pianist and instrumentalist (1892–1972)"
reeds,Q24668263,Reeds,family name
true lies,Q110397,True Lies,1994 film by James Cameron
bok choy,Q165178,Brassica rapa subsp. chinensis,subspecies of plant
manchu,Q145665,Manchu,East Asian ethnic group native to northeastern China (Manchuria)
gruyère,Q106264434,Gruyère,family name
guardian angels,Q614136,Guardian Angels,non-profit international volunteer organization
lincoln bedroom,Q29096781,Lincoln Bedroom for contributors controversy,1990s American political controversy
pick,Q16881201,Pick,family name
walks,Q36892160,Walks,family name
anthropomorphism,Q132987,anthropomorphism,"attribution of human traits, emotions, or intentions to non-human entities"
zen buddhism,Q7953,Zen,school of Mahāyāna Buddhist Tradition
michelle wie,Q234329,Michelle Wie West,American professional golfer
kinky boots,Q6413943,Kinky Boots,"stage musical composed by Cyndi Lauper, with libretto by Harvey Fierstein"
gamestop,Q202210,GameStop,American video game retailer
luke perry,Q318165,Luke Perry,American actor (1966–2019)
middle east,Q7204,Middle East,"geopolitical region encompassing Egypt and most of Western Asia, including Iran"
gall,Q780,chicken,domesticated bird kept by humans primarily as a food source
pan american,Q626634,University of Texas–Pan American,defunct university
lucille,Q18145535,Lucille,female given name
robert pattinson,Q36767,Robert Pattinson,British actor (born 1986)
jennifer grey,Q232927,Jennifer Grey,American actress
"love, american style",Q1249367,"Love, American Style",American television series 1969-1974
kim novak,Q212879,Kim Novak,American actress
julianna margulies,Q229714,Julianna Margulies,American actress (born 1966)
robert mondavi,Q1344336,Robert Mondavi,American winemaker (1913–2008)
gene siskel,Q969105,Gene Siskel,American film critic (1946–1999)
good morning america,Q825946,Good Morning America,American morning television show
pied piper of hamelin,Q106880435,Pied Piper of Hamelin,legendary character
george h. w. bush,Q23505,George H. W. Bush,president of the United States from 1989 to 1993 (1924–2018)
elisabeth shue,Q207852,Elisabeth Shue,American actress
dan rostenkowski,Q963898,Dan Rostenkowski,American politician (1928–2010)
spanish flu,Q178275,1918–1920 flu pandemic,1918–1920 global influenza pandemic caused by the H1N1 influenza A virus
ernie,Q110228570,Ernie,American artist
sam donaldson,Q7407424,Sam Donaldson,American journalist
marshall islands,Q709,Marshall Islands,country near the equator in the Pacific Ocean
general lee,Q165557,Robert E. Lee,Confederate States general (1807–1870)
citigroup,Q219508,Citigroup,American investment bank and financial services corporation
sonoran desert,Q189429,Sonoran Desert,desert in northwestern Mexico and the southwestern United States
john l. lewis,Q433328,John Llewellyn Lewis,American labor leader (1880-1969)
tim tebow,Q517467,Tim Tebow,American football and baseball player (born 1987)
milton hershey,Q737720,Milton S. Hershey,American businessman (1857-1945)
adam levine,Q64358505,Adam Levine,"theatre director, actor, dramaturge and playwright (1965-)"
konstantin chernenko,Q127442,Constantine Chernenko,General Secretary of the Communist Party of the Soviet Union (1911-1985)
dark tower,Q280898,The Dark Tower,novel series by Stephen King
levar burton,Q312570,LeVar Burton,"American actor, director, and television host (born 1957)"
marie kondo,Q11638963,Marie Kondō,"Japanese organizing consultant, author and television show host (1984-)"
dirty,Q185529,pornographic film,film genre that represents sexually explicit visual material primarily in order to titillate the viewer
satisfaction,Q132151699,Satisfaction,2025 film directed by Alex Burunova
mini cooper,Q36024,Mini,British car model made by the British Motor Corporation (BMC) and its successors from 1959 until 2000
john hinckley,Q343960,John Hinckley,attempted assassin of Ronald Reagan (born 1955)
clockwise,Q109533600,Clockwise,podcast
dyson,Q52695774,Dyson,given name
stan laurel,Q72869,Stan Laurel,British-American actor (1890–1965)
gilbert and sullivan,Q1146602,Gilbert and Sullivan,"British duo, Victorian-era theatrical partnership"
melanesia,Q37394,Melanesia,subregion of the Pacific Ocean
robert ripley,Q732327,Robert Ripley,American cartoonist (1890–1949)
robert shaw,Q313727,Robert Shaw,British actor and writer (1927–1978)
doughboy,Q1251907,Doughboy,nickname popularly given to American infantryman during World War I
uffizi gallery,Q51252,Uffizi Gallery,"palace and art museum in Florence, Italy"
st. anthony,Q170547,Anthony the Great,"Egyptian Christian monk, hermit, and saint (died 356)"
hormuz,Q695265,Hormuz Island,"island in Bandar Abbas County, Iran"
zed,Q953,Zambia,country at the crossroads of Central and Southern Africa
"lincoln, nebraska",Q28260,Lincoln,"seat of Lancaster County, and capital of the State of Nebraska, United States"
treaty of ghent,Q1324198,Treaty of Ghent,December 1814 Peace Treaty ending the War of 1812
lieder,Q216860,Lied,classical art song in the German tradition
frosted flakes,Q2625790,Frosted Flakes,American brand of breakfast cereal
emmys,Q123737,Emmy Award,American television production award
st. valentine's day,Q37587,Valentine's Day,holiday observed on February 14 to celebrate love and friendship
claes oldenburg,Q156731,Claes Oldenburg,American sculptor and printmaker (1929–2022)
mesozoic era,Q83222,Mesozoic,second erathem and era of the Phanerozoic Eonothem and Eon
milan kundera,Q93166,Milan Kundera,Franco-Czech poet and novelist (1929–2023)
stevie smith,Q468344,Stevie Smith,"British poet, novelist, illustrator, performer (1902–1971)"
conan doyle,Q35610,Arthur Conan Doyle,British writer and physician (1859–1930)
rorschach test,Q488532,Rorschach Test,psychological test in which subjects' perceptions of inkblots are recorded and analyzed
yitzhak shamir,Q184351,Yitzhak Shamir,7th Prime Minister of Israel (1915-2012)
lennie,Q110167775,lennie,Croatian singer-songwriter
cab calloway,Q273079,Cab Calloway,American jazz singer (1907–1994)
knell,Q16871481,Knell,family name
jack armstrong,Q2611384,Jack Armstrong,American television actor
champs-elysees,Q550,avenue des Champs-Élysées,"avenue in Paris, France"
eric the red,Q170328,Eric Cantona,French footballer and actor (born 1966)
louis leakey,Q14837,Louis Leakey,kenyan-British archaeologist and naturalist
gunter grass,Q6538,Günter Grass,"German novelist, poet, playwright, illustrator, graphic artist, and sculptor (1927-2015)"
sgt. bilko,Q7756888,The Phil Silvers Show,American TV sitcom (1955–59)
false start,Q162991,false start,instance of breaking of rules for the start of a competition or play
doodle,Q185415,doodle,simple drawing
haley joel osment,Q489856,Haley Joel Osment,American actor
time to kill,Q498867,A Time to Kill,1996 film by Joel Schumacher
australia & new zealand,Q15753516,Australia and New Zealand Health Policy,journal
sergei diaghilev,Q211513,Sergei Diaghilev,Russian art critic and impresario (1872–1929)
edwin stanton,Q347864,Edwin Stanton Porter,American film pioneer (1870–1941)
golden eagle,Q41181,Golden Eagle,species of bird of prey
"bismarck, north dakota",Q37066,Bismarck,"capital of North Dakota, United States and seat of Burleigh County"
spanish moss,Q311524,Tillandsia usneoides,species of plant
megan thee stallion,Q59268408,Megan Thee Stallion,American rapper and songwriter
walt disney world,Q169889,American Broadcasting Company,American broadcast television network owned by The Walt Disney Company
university of kentucky,Q3324473,Kentucky Wildcats,intercollegiate sports teams of the University of Kentucky
shōgun,Q131767,shogun,"military dictators of Japan, 1185–1868"
wolfgang a. mozart,Q102041696,Wolfgang-A.-Mozart-Straße,"street in Burg, Saxony-Anhalt, Germany"
fermat,Q75655,Pierre de Fermat,French mathematician and lawyer
judging amy,Q1247192,Judging Amy,American television series (1999-2005)
chronicles of narnia,Q108370695,Chronicles of Narnia,video game series
quonset hut,Q1627026,Quonset hut,lightweight prefabricated structure
julian assange,Q360,Julian Assange,"Australian editor, publisher, and activist (born 1971)"
actium,Q14881034,Actium,genus of insects
democratic republic of congo,Q974,Democratic Republic of the Congo,country in Central Africa
michelle yeoh,Q214289,Michelle Yeoh,Malaysian actress
plowshares,Q138038074,"Plowshares into Swords: Weaponized Knowledge, Liberal Order, and the League of Nations",book published in 2022
lilo & stitch,Q48817628,Disney's Lilo & Stitch,2002 Game Boy Advance video game tie-in to Lilo & Stitch
michael palin,Q223985,Michael Palin,"English actor, comedian, writer, and television presenter (born 1943)"
rue morgue,Q60367748,Rue Morgue,episode of Death in Paradise (S3 E8)
playboy of the western world,Q451517,The Playboy of the Western World,play by J. M. Synge
wainwright,Q15112321,Wainwright,family name
debbie allen,Q263501,Debbie Allen,"American actress, choreographer, television director, television producer, singer, and dancer (born 1950)"
debbie downer,Q5247915,Debbie Downer,fictional character on Saturday Night Live
northern territory,Q3235,Northern Territory,federal territory of Australia
station wagon,Q14313,Pharrell Williams,"American record producer, songwriter, rapper, and singer"
pocket books,Q7206385,Pocket Books,American publisher founded by Robert de Graff and others as mass market paperback pioneer
arroz con pollo,Q703836,arroz con pollo,traditional dish of Spain and Latin America
miata,Q127110,Mazda MX-5,car model manufactured by Mazda
ruby tuesday,Q1953769,Ruby Tuesday,original song written and composed by Jagger/Richards; first recorded by the Rolling Stones
helmut,Q113674696,Helmut Martin Braun,German particle physicist
pocketbook,Q17994250,pocket edition,small-size book which could fit in a reader's pocket
st. cyril,Q631641,SS. Cyril and Methodius National Library,national library of Bulgaria
dervishes,Q138068646,The Whirling Dervishes,oil painting by Mahmoud Sa'id (1897-1964)
hombre,Q5887854,Hombre,1961 novel by Elmore Leonard
jose,Q19801116,Jose,male given name
home office,Q763388,Home Office,United Kingdom government ministerial department
stephen dedalus,Q543671,Stephen Dedalus,Character in the works of James Joyce
tomorrowland,Q606649,Tomorrowland,"Belgian annual electronic dance music festival held in Boom, Antwerp"
timon,Q240702,Timon,male given name
chris isaak,Q1948145,Chris Isaak,1986 self-titled studio album by Chris Isaak
steppe,Q123991,steppe,ecoregion of plains grasslands without trees
steve harvey,Q2347009,Steve Harvey,"American television presenter, comedian, actor, and author"
milton bradley,Q116729980,Milton Bradley,British racehorse trainer (1935–2023)
queensberry,Q822393,Queensberry,German band
day after tomorrow,Q14320,The Day After Tomorrow,2004 film by Roland Emmerich
dick button,Q572177,Dick Button,"American figure skater, sports personality, actor, lawyer (1929–2025)"
jonah hill,Q313388,Jonah Hill,American actor (born 1983)
diego maradona,Q63457407,Diego Maradona,2019 British documentary film by Asif Kapadia
victor mature,Q358317,Victor Mature,American actor (1913–1999)
flash gordon,Q1427252,Flash Gordon,1980 film by Mike Hodges
bud selig,Q2927496,Bud Selig,American baseball executive
fascist,Q88110348,fascist,member of any fascist party
hooterville,Q35266076,Hooterville Airport,"airport in DeWitt County, Illinois, United States of America"
harry connick jr.,Q313755,Harry Connick Jr.,American musician and actor (born 1967)
brighton beach memoirs,Q4967605,Brighton Beach Memoirs,1984 play written by Neil Simon
war & peace,Q16170490,War and Peace,2016 British television serial
harry and the hendersons,Q2063289,Harry and the Hendersons,American comedy television series
sportswriter,Q11313148,sports journalist,person who writes about sports especially for a newspaper
fascists,Q88110348,fascist,member of any fascist party
dave thomas,Q2627090,Dave Thomas,Canadian comedian and actor
warner bros.,Q126399,Warner Bros.,American entertainment company
newsday,Q623811,NewsDay,Zimbabwe newspaper (2010-)
david crosby,Q370560,David Crosby,"American singer, guitarist and songwriter (1941–2023)"
yves montand,Q106057,Yves Montand,French-Italian actor and singer (1921–1991)
yves st. laurent,Q171556,Yves Saint Laurent,French fashion designer (1936–2008)
david caruso,Q294901,David Caruso,American actor
hotel new hampshire,Q1630995,The Hotel New Hampshire,1984 film by Tony Richardson
dart,Q406009,Dart,programming language
bert,Q613014,Bert,male given name
bambino,Q115045937,Bambino,American pornographic actor (born 1988)
fairly oddparents,Q39037,The Fairly OddParents,2001 American animated television series
flowers in the attic,Q2567606,Flowers in the Attic,novel by V. C. Andrews
darius the great,Q44387,Darius I,The fourth and greatest Achaemenid emperor (522–486 BC)
missionary,Q219477,missionary,member of a religious group sent to do evangelism
daniel ellsberg,Q431085,Daniel Ellsberg,American whistleblower (1931–2023)
danse macabre,Q54913612,Danse Macabre,tone poem written by Camille Saint-Saëns performed by Kevin MacLeod
rolodex,Q1476656,Rolodex,rotating card file device
hannah and her sisters,Q845057,Hannah and Her Sisters,1986 film by Woody Allen
port arthur,Q45400,Port Arthur,"city in Jefferson County, Texas, United States"
portlandia,Q1645442,Portlandia,American television series
shelby foote,Q714250,Shelby Foote,"American novelist, historian (1916-2005)"
folies bergère,Q330375,Folies Bergère,"music hall and theatre in Paris, France"
kali,Q132127,Kali,Hindu goddess associated with empowerment
clement attlee,Q129006,Clement Attlee,Prime Minister of the United Kingdom from 1945 to 1951 (1883–1967)
"atchison, topeka & santa fe",Q7419496,"Atchison, Topeka and Santa Fe Railway 5000",class of 1 American 2-10-4 locomotive (preserved)
bullets,Q99529475,Gettysburg Bullets men's basketball,sports team of Gettysburg College
eye for an eye,Q760229,Eye for an Eye,1996 film by John Schlesinger
leadville,Q286702,Leadville,"statutory city in and county seat of Lake County, Colorado, United States"
leah,Q107203547,Leah,Canadian musician
lawrence sanders,Q1397305,Lawrence Sanders,American writer (1920–1998)
"absalom, absalom!",Q2181982,"Absalom, Absalom!",1936 novel by William Faulkner
postage stamps,Q74614691,postage stamps and postal history by jurisdiction,aspect of history
dale,Q3701009,Dale,unisex given name
dagwood bumstead,Q2269799,Dagwood Bumstead,fictional character in the American comic strip Blondie
off-broadway,Q1058828,Off-Broadway,any professional venue in NYC with a seating capacity between 100 and 499
captain crunch,Q712546,John Draper,American computer programmer and former phone phreak
sugar ray,Q575400,Sugar Ray,American rock band
guy,Q734,Guyana,country in South America
you can't take it with you,Q637835,You Can't Take It With You,1938 film by Frank Capra
shiraz,Q6397066,Shiraz,"city in Fars Province, Iran"
suleiman the magnificent,Q8474,Suleiman the Magnificent,the tenth and greatest Sultan of Ottoman Empire (1520–1566)
john jacob jingleheimer schmidt,Q6241418,John Jacob Jingleheimer Schmidt,children's song
pythagorean theorem,Q11518,Pythagorean theorem,relation in Euclidean geometry among the three sides of a right triangle
national portrait gallery,Q1967614,National Portrait Gallery,"art museum in Washington, D.C., a division of the Smithsonian Institution"
national endowment for the arts,Q1967116,National Endowment for the Arts,independent agency of the United States federal government
ben casey,Q1277494,Ben Casey,television series
san andreas,Q2090000,San Andreas,fictional federated state in the United States from the Grand Theft Auto video game series (3D)
foundling,Q3987128,The Foundling,"1915 film by Allan Dwan, John B. O'Brien"
ben hogan,Q365626,Ben Hogan,American golfer (1912–1997)
exhale,Q2215554,Exhale,1995 single by Whitney Houston
v.c. andrews,Q115479272,V.C. Andrews' Landry Family,2021 film series based on the novels by V.C. Andrews
agenda,Q4692030,Agenda,feminist journal
custer's last stand,Q79338468,Custer's Last Stand,painting by Edgar Spier Cameron
blood meridian,Q581426,Blood Meridian,1985 novel by Cormac McCarthy
ray liotta,Q112135891,Ray Liotta filmography,filmography of Ray Liotta
mediterranean fruit fly,Q250269,Ceratitis capitata,species of insect
grimaldis,Q1408928,Grimaldi,lunar impact crater
i-95,Q94967,Interstate 95,Interstate Highway on the east coast of the United States from Miami to Maine
old hickory,Q11817,Andrew Jackson,president of the United States from 1829 to 1837
curiosity killed the cat,Q2218579,Curiosity Killed the Cat,British pop band
yes man,Q269887,Yes Man,2008 film directed by Peyton Reed
china syndrome,Q647599,The China Syndrome,1979 film by James Bridges
larry the cable guy,Q331728,Larry the Cable Guy,American stand-up comedian (born 1963)
power rangers,Q21648810,Power Rangers,2017 film directed by Dean Israelite
tramp,Q37506230,Tramp,family name
trance,Q170435,trance,genre of electronic dance music
supreme court justices,Q66845552,Supreme Court Justices make Yearly Courtesy Call (NAID 176340),file unit in the National Archives and Records Administration's holdings
blu-ray,Q47770,Blu-ray Disc,digital optical disc data storage format
ike turner,Q3197100,Kings of Rhythm,American musical group; R&B/Soul band led by Ike Turner
ignatius loyola,Q918937,Ignatius Loyola Donnelly,American politician (1831-1901)
blue devils,Q4171772,Duke Blue Devils men's basketball,college men's basketball team representing Duke University
joe cocker,Q190076,Joe Cocker,English musician (1944–2014)
bacchanalia,Q331341,Bacchanalia,Roman mystery cults of the wine god and seer Bacchus
greco-roman wrestling,Q389654,Greco-Roman wrestling,style of amateur wrestling
nanook,Q6964092,Nanook River,"watercourse on Victoria Island, Canada"
suwannee,Q2299655,Suwannee River,"396km (246mi) river in Florida and Georgia, USA"
graveyard,Q39614,cemetery,place of burial
fred grandy,Q653258,Fred Grandy,American politician (b. 1948)
jingle,Q122382779,Jingle,2018 video game
impromptu,Q852027,impromptu,musical form
cruise control,Q22322489,Cruise Control,short film directed by Matt Palmieri
nagano,Q128849,Nagano,"city in Nagano Prefecture, Japan"
naiad,Q182037,naiad,female spirit or nymph in Greek mythology
"dude, where's my car?",Q933798,"Dude, Where's My Car?",2000 film by Danny Leiner
madam secretary,Q16875508,Madam Secretary,2014 American political drama television series
transvaal,Q190959,Transvaal Province,former province of South Africa
kenan thompson,Q552900,Kenan Thompson,American comedian and actor (born 1978)
reading gaol,Q3930959,HM Prison Reading,former British prison
treble,Q111684926,Treble,science fiction convention held in 1991
right whale,Q1527843,Right whale,genus of mammals
mystic pizza,Q125470147,Mystic Pizza,musical based on the 1988 film of the same name
crossfire,Q498866,Crossfire,2007 online game
infinite jest,Q1077445,Infinite Jest,1996 novel by David Foster Wallace
sybil,Q4851022,Sybil,female given name
a.e. housman,Q351410,Alfred Edward Housman,British classical scholar and poet (1859-1936)
seattle slew,Q1457136,Seattle Slew,Thoroughbred race horse; winner of US Triple Crown of Thoroughbred Racing in 1977
kevin,Q16731782,Kevin MacLeod,American composer and music producer (born 1972)
good king wenceslas,Q1198889,Good King Wenceslas,1994 television film directed by Michael Tuchner
durham,Q49229,Durham,"county seat of Durham County, North Carolina, United States"
peter abelard,Q4295,Peter Abelard,"French scholastic philosopher, theologian and preeminent logician (c.1079-1142)"
lake itasca,Q877319,Lake Itasca,"lake in Clearwater County, northern Minnesota, United States"
lake managua,Q272380,Lake Managua,"also known as Lake Xolotlán, is a large freshwater lake in the Nicaraguan Depression near Managua and several volcanoes"
dusty springfield,Q219782,Dusty Springfield,British singer (1939–1999)
dutch door,Q77577204,Dutch Door,painting by Dona Nelson
camellia,Q212815,Camellia,genus of plants
prestige,Q3911225,Prestige,1991 studio album by Rondò Veneziano
barnacle,Q220457,Barnacle,infraclass of crustaceans
baron munchausen,Q77066,Baron Munchausen,German nobleman
maximillian,Q18133941,Maximillian,male given name
bobby jindal,Q295492,Bobby Jindal,American politician and 55th governor of Louisiana (born 1971)
eartha kitt,Q222818,Eartha Kitt,American singer and actress (1927–2008)
charles boyer,Q105987,Charles Boyer,French actor (1899–1978)
wildebeests,Q117478051,Wildebeests,character group from Disney's The Wild
jerry west,Q311195,Jerry West,American basketball player and executive (1938-2024)
erica kane,Q5387892,Erica Kane,fictional character
picayune,Q892694,Picayune,"city in Pearl River County, Mississippi, United States"
al jazeera,Q13477,Al Jazeera,Qatari international television channel
uncle fester,Q63882683,Uncle Fester,musical character in the musical The Addams Family by Andrew Lippa
muriel's wedding,Q1348275,Muriel's Wedding,1994 film by P. J. Hogan
easy rawlins,Q122311088,Easy Rawlins,series
beau geste,Q1257031,Beau Geste,1939 film by William A. Wellman
funnel cake,Q539429,funnel cake,deep-fried batter
pan's labyrinth,Q216006,Pan's Labyrinth,2006 film by Guillermo del Toro
ecstasy,Q69488,MDMA,empathogen and stimulant
glenn frey,Q472051,Glenn Frey,American rock musician (1948–2016)
ephesus,Q47611,Ephesus,ancient Greek city in Anatolia
l.a. confidential,Q339876,L.A. Confidential,1997 film directed by Curtis Hanson
scarborough,Q894092,Scarborough,"former non-metropolitan district with borough status in North Yorkshire, England"
scherzo,Q209534,scherzo,musical form
b.c.,Q1973,British Columbia,province of Canada
jelly belly,Q1504145,Wildlife Generation Pro Cycling,cycling team
gadsden,Q79389,Gadsden,city in and the county seat of Etowah County in the U.S. state of Alabama
mt. etna,Q31558224,Mount Etna,"mountain in Arkansas, United States of America"
tamagotchi,Q207786,Tamagotchi,handheld digital pet
jelly beans,Q126956898,Jameliz,American pornographic actress
community college,Q1336920,community college,type of educational institution
rhodes scholarship,Q1204346,Rhodes Scholarship,international postgraduate award for students to study at the University of Oxford
calamine lotion,Q909139,Calamine lotion,Lotion Calamine
tristan and isolde,Q1324254,Tristan und Isolde,opera by Richard Wagner
jean cocteau,Q83158,Jean Cocteau,French writer and filmmaker (1889–1963)
red rover,Q122385015,Red Rover,2018 video game
orly,Q236058,Orly,"French commune in Val-de-Marne, Île-de-France"
williams-sonoma,Q2581220,"Williams-Sonoma, Inc.",American kitchenware and home furnishings retailer
jean harris,Q62820395,Jean Thomson de Harris,wife of the founder of Rotary
empty,Q77252359,Empty,Short Story
jason bateman,Q284636,Jason Bateman,American actor (born 1969)
anno domini,Q159791,Anno Domini,Western calendar era
slip 'n slide,Q122657861,Slip 'n Slide,song by Bjørn Lynne
return of the native,Q141568,The Return of the Native,novel by Thomas Hardy
charlottetown,Q2127,Charlottetown,"capital city of the province of Prince Edward Island, Canada"
anne bronte,Q44520,Anne Brontë,British novelist and poet (1820-1849)
jack sparrow,Q100925610,Jack Sparrow,college basketball player (1962–1962) Pacific
bausch & lomb,Q811857,Bausch & Lomb,American company
prix fixe,Q3048434,table d'hôte,a menu where multi-course meals with only a few choices are charged at a fixed total price
chatty cathy,Q5087973,Chatty Cathy,"Pull string ""talking"" doll"
andy richter,Q497851,Andy Richter,American actor and comedian
turks,Q84072,Turks,Turkic ethnic group
mount saint helens,Q4675,Mount St. Helens,volcano in Washington state
el capitan,Q5350921,El Capitan,"mountain in Texas, United States"
aztec empire,Q2608489,Aztec Empire,former Mesoamerican empire
george c. marshall,Q151414,George Marshall,American army officer and statesman (1880–1959)
ted knight,Q1277943,Ted Knight,American actor (1923-1986)
"battle creek, michigan",Q810998,Battle Creek,"city in Calhoun County, Michigan, United States"
witch doctor,Q17039047,Witch Doctor,live album by Chet Baker
scopes monkey trial,Q642342,Scopes Trial,"1925 legal case in Tennessee, USA"
gatwick,Q8703,London Gatwick Airport,"international airport in West Sussex, England"
borgia,Q24052709,Borgia,genus of insects (fossil)
renee zellweger,Q122614,Renée Zellweger,American actress (born 1969)
james frey,Q1349297,James Frey,American writer
jan hus,Q43977,Jan Hus,"Czech theologian, philosopher and preacher (1369–1415)"
chuck barris,Q1268397,Chuck Barris,"American game show creator, producer, and host (1929-2017)"
midori,Q443503,Midori,American pornographic actress
elizabeth banks,Q219373,Elizabeth Banks,American actress (born 1974)
muslim islam,Q16386405,Islamic Way of Life,"book written by Pakistani author Sayyid Abul Ala Maududi in Lahore, 1948"
christina onassis,Q241812,Christina Onassis,"American born Greek/Argentine businesswoman, socialite, and heiress to the Onassis fortune (1950-1988)"
amana,Q4739493,Amana,"genus of Asian bulbous herbs, formerly included in genus Tulipa (L.)"
definition,Q101072,definition,statement of the meaning of a word or phrase
telegraph hill,Q1283754,Telegraph Hill,"neighborhood in San Francisco, California, United States of America"
st. vitus,Q41214173,St. Vitus,"parish church in Nußdorf am Inn, Germany"
jacques brel,Q1666,Jacques Brel,Belgian singer (1929–1978)
cockneys,Q3414796,Cockneys vs Zombies,2012 film directed by Matthias Hoene
noam chomsky,Q9049,Noam Chomsky,American linguist and activist (born 1928)
trumpeter swan,Q733375,Trumpeter Swan,species of bird
george jetson,Q457409,The Jetsons,American animated sit-com (1962–1987)
pyotr ilyich tchaikovsky,Q7315,Pyotr Ilyich Tchaikovsky,Russian composer (1840–1893)
greenhouse,Q5604155,Greenhouse,family name
greenbacks,Q48739970,Greenbacks,episode of Once Upon a Time (S7 E5)
ian smith,Q110275003,Ian Smith,researcher (law)
cordell hull,Q202979,Cordell Hull,"American politician, U.S. Secretary of State from 1933 to 1944"
sanctions,Q47510363,Sanctions,painting by Roger Huyssen
aggies,Q16152277,North Carolina A&T Aggies,sports teams of North Carolina Agricultural & Technical State University
j.m.w. turner,Q159758,J. M. W. Turner,English painter and draftsman (c.1775–1851)
william powell,Q105960,William Powell,American actor (1892–1984)
clipper,Q273081,clipper,very fast sailing ship of the 19th century
national rifle association,Q6978115,National Rifle Association,sports governing body in the United Kingdom
samuel langhorne clemens,Q7245,Mark Twain,American author and humorist (1835–1910)
mt. olympus,Q6922584,Mount Olympus,"mountain in the Wasatch Range in Salt Lake County, Utah, United States"
yosemite sam,Q1248567,Yosemite Sam,Warner Bros. cartoon character
ned kelly,Q109819337,Ned Kelly,"Lecturer and corporate director, former chair of Citigroup Inc.’s Institutional Clients Group"
wayside inn,Q7976877,Wayside Inn,"historic property in Arlington, MA"
ezra,Q17642702,Ezra,male given name
will hays,Q8011782,William Hays,Wikimedia disambiguation page
sheila,Q18224611,Sheila,female given name
pantheism,Q728455,pantheism,religious and/or philosophical doctrine
clemenceau,Q11299609,Clemenceau,unfinished Richelieu-class battleship
wild one,Q1138349,The Wild One,1953 outlaw biker film directed by László Benedek
golden globes,Q1011547,Golden Globe Awards,American film and television awards in several categories (1944–)
bringing up baby,Q179743,Bringing Up Baby,1938 film by Howard Hawks
harper's bazaar,Q654606,Harper's Bazaar,American women's fashion magazine
bob mackie,Q3435802,Bob Mackie,American fashion designer (born 1940)
vestry,Q468939,sacristy,storage room in or attached to a church
polly,Q16423696,Polly,female given name
aunt bee,Q51231241,"Aunt Bee, the Juror",episode of The Andy Griffith Show (S8 E7)
sydney greenstreet,Q656507,Sydney Greenstreet,British-American actor (1879-1954)
horned toad,Q14682342,Horned Toad Hills,"mountain range in California, United States"
raisa gorbachev,Q229520,Raisa Gorbacheva,wife of Soviet leader Mikhail Gorbachev (1932-1999)
one tree hill,Q203385,One Tree Hill,2003 American television drama series
david halberstam,Q467156,David Halberstam,"American writer, journalist, historian (1934–2007)"
gran turismo,Q652928,Gran Turismo,video game series
air and space museum,Q752669,National Air and Space Museum,"aerospace museum in Washington, D.C."
joan miró,Q152384,Joan Miró,"Spanish painter, sculptor, and ceramicist (1893–1983)"
suspicion,Q1509470,Suspicion,1941 film directed by Alfred Hitchcock
lisa leslie,Q257980,Lisa Leslie,American basketball player
blue crab,Q844839,Callinectes sapidus,species of crab
heathers,Q5694229,Heathers: The Musical,musical based on the film of the same name written by Daniel Waters
p.l. travers,Q228901,P. L. Travers,"Australian-British novelist, actress and journalist (1899–1996)"
ozzie nelson,Q794871,Ozzie Nelson,"actor, band leader, television producer and director (1906-1975)"
elizabeth bennet,Q110559954,Elizabeth Bennet,
notorious,Q587419,Notorious,1946 film by Alfred Hitchcock
dominica,Q784,Dominica,island sovereign state in the Caribbean Sea
privacy,Q188728,privacy,"ability or right of an individual or group to seclude themselves, or information about themselves"
coors light,Q5168060,Coors Light,"light beer brewed in Golden, Colorado and Milwaukee, Wisconsin"
v.i. warshawski,Q438024,Sara Paretsky,American author of detective fiction
violeta chamorro,Q114142,Violeta Chamorro,President of Nicaragua from 1990 to 1997 (1929–2025)
jack bauer,Q24,Jack Bauer,character from the television series 24
liv tyler,Q168763,Liv Tyler,American actress (born 1977)
enchanted,Q490464,Enchanted,2007 American live-action/animated musical film
chet huntley,Q796122,Chet Huntley,American broadcaster (1911–1974)
william fulbright,Q550255,J. William Fulbright,American politician (1905–1995)
rhythm,Q45981,rhythm and blues,genre of popular music that originated within African-American communities in the 1940s
answering machine,Q2734312,voicemail,computer or analog based messaging service
simon & simon,Q1968375,Simon & Simon,television series
will & ariel durant,Q61731699,Will & Ariel Durant Branch Library,"former library building in Los Angeles, California"
primrose path,Q1785051,Primrose Path,1940 film by Gregory La Cava
michael vick,Q505431,Michael Vick,American football player (born 1980)
la follette,Q1658843,La Follette,"human settlement in Burnett County, Wisconsin, United States of America"
lawn mower,Q260521,lawn mower,machine that uses one or more revolving blades to cut a lawn to an even height.
a$ap rocky,Q129910,A$AP Rocky,American rapper and record producer
interpreter,Q3153559,music interpreter,a performing artist who interpret a musical work or improvises music
"doogie howser, m.d.",Q94096400,"Doogie Howser, M.D., season 1",season of television series
hms beagle,Q35926,HMS Beagle,1820 Cherokee-class brig-sloop
saturn v,Q15050,Rhea,moon of Saturn
jim jeffords,Q1386836,Jim Jeffords,American politician (1934–2014)
prerequisite,Q5260617,dependency,relationship in which one task of a project requires another to be completed first
brandenburg concertos,Q208224,Brandenburg Concertos,collection of six instrumental works by Johann Sebastian Bach
tom mix,Q345468,Tom Mix,American film actor (1880-1940)
sweet home alabama,Q749688,Sweet Home Alabama,2002 film directed by Andy Tennant
toscanini,Q21452478,Toscanini,family name
upbeat,Q637371,upbeat,unaccented note or group of notes that precedes the initial accented period of a musical phrase
jimmy olsen,Q91642586,James Olsen,fictional character from the television series Supergirl
chameleons,Q37686,chameleon,family of reptiles
candyman,Q1033108,Candyman,1992 film directed by Bernard Rose
sons and lovers,Q1621941,Sons and Lovers,1960 British film directed by Jack Cardiff
european economic community,Q52847,European Economic Community,"1958–2009 organisation for economic integration, under the EU from 1993"
mean streets,Q841335,Mean Streets,1973 film by Martin Scorsese
thin,Q155271,think tank,organization that performs research and advocacy
sandra oh,Q40337,Sandra Oh,Canadian and American actress (born 1971)
john wick,Q15732802,John Wick,2014 film directed by Chad Stahelski and David Leitch
how to train your dragon,Q857000,How to Train Your Dragon,novel series by Cressida Cowell
housing and urban development,Q11381901,Housing and Urban Development Corporation,former public corporation of Japan
leibniz,Q678982,Leibniz University Hannover,"public university located in Hannover, Germany"
göring,Q16870249,Goring,family name
nguyen,Q37305156,Nguyen,family name
césar chávez,Q355425,Cesar Chavez,"Mexican-American farm worker, labor leader, and civil rights activist (1927–1993)"
mohandas k. gandhi,Q1001,Mahatma Gandhi,Indian independence activist (1869–1948)
sam-i-am,Q114463370,Sam I Am,episode of Murder in the First (S3 E6)
"bangor, maine",Q327012,Bangor,"city in and county seat of Penobscot County, Maine, United States"
de medici,Q56342070,De Medici,family name
postage stamp,Q37930,postage stamp,small piece of paper that is purchased and displayed on an item of mail as evidence of payment of postage
buck owens,Q712353,Buck Owens,American country singer-songwriter (1929-2006)
darrin stephens,Q8353920,Darrin Stephens,character on the television series Bewitched
sedaris,Q21475296,Sedaris,family name
watusi,Q10393261,Watusi,Brazilian actress
cyclopes,Q128430,cyclops,member of a primordial race of giants in Greek mythology and later Roman mythology
u.s.s. constitution,Q24855731,USS Constitution,fictional spacecraft
temple of artemis,Q43018,Temple of Ephesian Artemis,"temple in Ephesus, one of the Seven Wonders of the Ancient World"
iris murdoch,Q217495,Iris Murdoch,Irish-born British writer and philosopher (1919–1999)
john calhoun,Q880569,John Calhoun Phillips,American politician (1870–1943)
abbott elementary,Q136169211,Abbott Elementary season 5,season of television series
super 8,Q379877,Super 8,2011 film directed by J. J. Abrams
clement clarke moore,Q2978887,Clement Clarke Moore,American biblical scholar and poet
squid game,Q106582931,Squid Game,2021 South Korean television series
max von sydow,Q203215,Max von Sydow,Swedish-French actor (1929–2020)
bob vila,Q888302,Bob Vila,American home improvement television host
taupe,Q19743862,Taupe,"village in Mamasa Regency, West Sulawesi, Indonesia"
anne murray,Q236543,Anne Murray,Canadian singer
putt-putt,Q754796,miniature golf,offshoot of the sport of golf focusing solely on the putting aspect of its parent game
blue thunder,Q62059838,Blue Thunder,1987 video game
estonian,Q9072,Estonian,Finnic language
gulf of riga,Q174731,Gulf of Riga,bay of the Baltic Sea between Latvia and Estonia
price waterhouse,Q488048,PricewaterhouseCoopers,multinational professional services brand
così fan tutte,Q2817183,Così fan tutte,television series
church of the holy sepulchre,Q187702,Church of the Holy Sepulchre,"church in Jerusalem, containing the two holiest sites in Christianity"
st. luke,Q338523,Accademia di San Luca,Italian association of artists in Rome
impressionists,Q16259682,Impressionists,1997 video game
harrisburg pennsylvania,Q5665326,Harrisburg Transportation Center,"intermodal station in Harrisburg, Pennsylvania"
josef mengele,Q57109,Josef Mengele,Nazi SS doctor and Military Officer at Auschwitz (1911–1979)
julie nixon,Q1770472,Julie Nixon Eisenhower,American author (born 1948)
joy division,Q172763,Joy Division,British post-punk band
joshua reynolds,Q194402,Joshua Reynolds,English painter (1723–1792)
judas priest,Q83468,Judas Priest,British heavy metal band
judy jetson,Q457409,The Jetsons,American animated sit-com (1962–1987)
christie's,Q503176,Christie's,art business and fine arts auction house
mighty ducks of anaheim,Q192751,Anaheim Ducks,"National Hockey League franchise in Anaheim, California"
alyssa milano,Q189067,Alyssa Milano,American actress (born 1972)
mignon,Q23774110,Mignon,family name
quotations,Q206287,quotation,repetition of one expression as part of another one
fillmore,Q129980,Fillmore,"city in and county seat of Millard County, Utah, United States"
brotherly love,Q1242529,philia,one of four ancient Greek concepts of love; affection; the opposite of a phobia
bagger vance,Q1141877,The Legend of Bagger Vance,2000 film by Robert Redford
michael york,Q298777,Michael York,British actor
tom-tom,Q19937257,Tom-Tom,Slovene musical duo
journalists,Q18407833,Journalists,2013 thriller novel by Russian writer Sergei Aman
joplin,Q317865,Joplin,"city in southern Jasper County and northern Newton County, Missouri, USA"
federated,Q702,Federated States of Micronesia,island sovereign state in Oceania
federal bureau of investigation,Q8333,Federal Bureau of Investigation,U.S. federal law enforcement agency
firenze,Q2044,Florence,"Italian city and commune, located in Tuscany"
radio waves,Q4262,radio wave,type of electromagnetic radiation
tomtom,Q6071083,Tomtom,"mahalle (administrative quarter) in Beyoğlu, İstanbul–Europe, northwestern Turkey"
michael cera,Q309555,Michael Cera,Canadian actor
amelie,Q18171830,Amelie,female given name
shame,Q48700714,Shame,British musical group; alternative rock band
mindanao,Q124873,Mindanao,second largest island of the Philippines
miami marlins,Q652879,Miami Marlins,"baseball team and Major League Baseball franchise in Miami, Florida, United States"
timbaland,Q16741364,Timbaland & Magoo,American musical group; rap duo
flatliners,Q514348,Flatliners,1990 film by Joel Schumacher
raisin bran,Q7285132,raisin bran,breakfast cereal containing raisins and bran flakes
mini-me,Q12665611,Mini-Me,Lithuanian singer
circuit city,Q1140946,Circuit City Stores,company
american expeditionary force,Q464176,American Expeditionary Forces,major formation of the United States Army in the Western Front of World War I
american embassy,Q134527829,former American embassy,
toro,Q23991190,Toro,"innhabited place in Toro, Spain"
tori amos,Q193744,Tori Amos,American singer-songwriter and pianist
quarter pounder,Q125804383,Quarter Pounder: 25 Years of Being Consumed,2019 greatest hits album by Regurgitator
florence griffith-joyner,Q31082,Florence Griffith Joyner,American track and field athlete (1959-1998)
misfits,Q311785,Misfits,American punk rock band
quantum physics,Q1144457,quantum physics,"theories, models and concepts that go back to the quantum hypothesis of Max Planck"
american indian movement,Q465140,American Indian Movement,United States civil rights organization
quadrophenia,Q1123963,Quadrophenia,1973 studio album by The Who
miss jane marple,Q193531,Miss Marple,fictional character appearing in Agatha Christie's crime novels
facetime,Q648357,FaceTime,video and audio communication service from Apple
brian piccolo,Q912910,Brian Piccolo,American football player (1943–1970)
alley-oop,Q4732199,Alley Oop,1960 single by The Hollywood Argyles
clarence,Q3373079,Clarence,male given name
john sununu,Q1699908,John E. Sununu,American politician (born 1964)
fa,Q9168,Persian,Western Iranian language
bulge,Q1030752,salient,battlefield front breakthrough progressing into enemy territory
forests,Q4421,forest,dense collection of trees covering a relatively large area
fortnite,Q349375,Fortnite,2017 video game developed by Epic Games
claude pepper,Q331244,Claude Pepper,American politician (1900–1989)
classical,Q9730,classical music,broad tradition of Western art music
rashida jones,Q540608,Rashida Jones,"American actress, writer, and producer (born 1976)"
melodrama,Q1919632,melodrama,film genre characterized by its emphasis on intense and exaggerated emotions and heightened dramatic situations
meghan mccain,Q461063,Meghan McCain,"American columnist, author, and television personality (born 1984)"
ratzinger,Q39031222,Ratzinger,family name
12 tribes of israel,Q2605404,tribes of Israel,Hebrew tribes descended from the 12 sons of Jacob in the Hebrew Bible
thong,Q37471103,Thong,family name
francis macomber,Q123382694,Francis S. Macomber,American photographer
francis drake,Q1441642,Francis M. Drake,"American soldier, businessman and politician (1830-1903)"
francois rabelais,Q131018,François Rabelais,16th-century French writer and humanist (1494–1553)
fran tarkenton,Q1285539,Fran Tarkenton,American football player
bandersnatch,Q60178661,Black Mirror: Bandersnatch,2018 interactive film directed by David Slade
frank ocean,Q357645,Frank Ocean,"American singer, songwriter, and rapper"
purloined letter,Q136267643,"Purloined Letters: Cultural Borrowing and Japanese Crime Literature, 1868–1937",book 2008
molly bloom,Q47067382,Molly Bloom,American entrepreneur and author
karl lagerfeld,Q76716,Karl Lagerfeld,German fashion designer (1933–2019)
kaftan,Q37550880,Kaftan,family name
14th,Q187153,14th arrondissement of Paris,one of the arrondissements of the capital city of France
braniff,Q19901941,Braniff,family name
mcgill university,Q201492,McGill University,"English-language public research university in Montreal, Quebec, Canada"
reaganomics,Q608537,Reaganomics,economic policies promoted by Republican U.S. President Ronald Reagan
mccloud,Q1030989,McCloud,television series
esprit de corps,Q1465318,morale,capacity of a group's members to maintain belief in an institution or goal
john lennon & yoko ono,Q47122619,John Lennon and Yoko Ono,musical duo; couple
traveling wilburys,Q332399,Traveling Wilburys,English–American musical group
busby,Q503258,Busby Berkeley,American film director and musical choreographer (1895-1976)
mayflower madam,Q7659834,Sydney Biddle Barrows,"management consultant, Madam, writer"
alien and sedition acts,Q1118757,Alien and Sedition Acts,series of Acts of Congress
kathy ireland,Q262490,Kathy Ireland,American model and businesswoman
karen carpenter,Q1250861,Karen Carpenter,American singer and drummer (1950–1983)
texas tech,Q7708117,Texas Tech Red Raiders basketball,basketball team that represents Texas Tech University
texas ranger,Q329816,Texas Rangers,"baseball team and Major League Baseball franchise in Arlington, Texas, United States"
selective service,Q133897272,Selective Service,2001 compilation album by Guided by Voices
cloak & dagger,Q3822411,Cloak & Dagger,1984 film by Richard Franklin
texas two-step,Q5177180,country-western two-step,type of dance
andre the giant,Q44368,André the Giant,French professional wrestler and actor (1946–1993)
katherine johnson,Q11740,Katherine Johnson,African-American mathematician
katherine harris,Q272787,Katherine Harris,American politician
montgomery clift,Q193102,Montgomery Clift,American actor (1920–1966)
1787,Q13634664,1787,natural number
patent office,Q1148446,patent office,type of government agency for registering inventions
pate de foie gras,Q7264578,Pâté de Foie Gras,1956 science fiction short story by Isaac Asimov
pullman company,Q2002710,Pullman Company,American company which manufactured railroad cars
alfred lunt,Q47513552,Alfred Lunt,painting by Claggett Wilson
terra firma,Q104830659,Terra Firma,two-part episode of Star Trek: Discovery
montreux,Q69354,Montreux,municipality in the canton of Vaud in Switzerland
androcles and the lion,Q4759428,Androcles and the Lion,play by George Bernard Shaw
matchbox twenty,Q482444,Matchbox Twenty,American rock band
bounty hunter,Q621613,bounty hunter,person who catches fugitives for a monetary reward
andré the giant,Q44368,André the Giant,French professional wrestler and actor (1946–1993)
yippies,Q1890424,Youth International Party,1960s American youth-oriented counter-cultural political party
proxima centauri,Q14266,Proxima Centauri,star in Centaurus constellation
boulder dam,Q172822,Hoover Dam,"hydroelectric dam on the Colorado River, United States"
bouvier,Q526527,Eugène Louis Bouvier,French entomologist & carcinologist (1856–1944)
gasoline alley,Q1137794,Gasoline Alley,American comic strip created by Frank King
andy weir,Q18590295,Andy Weir,American writer
mary wilson,Q2302368,Mary Wilson,American singer (1944–2021)
gavin macleod,Q928425,Gavin MacLeod,American actor (1931–2021)
boston harbor,Q894564,Boston Harbor,estuary and harbor of Massachusetts Bay in the northeastern United States
elo,Q4357006,Elonet,database of films created or screened in Finland
temple grandin,Q2304429,Temple Grandin,2010 film directed by Mick Jackson
tsingtao,Q170322,Qingdao,"prefecture-level city in Shandong, China"
mary mapes dodge,Q2518093,Mary Mapes Dodge,American children's writer (1831-1905)
gena rowlands,Q229258,Gena Rowlands,American actress (1930–2024)
elian gonzalez,Q551503,Elián González Brotons,Cuban boy in 2000 international custody dispute
jobs,Q37461660,Jobs,family name
motley fool,Q7752442,The Motley Fool,multimedia financial services company that provides financial advice
persian gulf war,Q37643,Gulf War,1990–1991 conflict between Iraq and a 42-country coalition
joe camel,Q1691355,Joe Camel,advertising mascot
mount shasta,Q748355,Mount Shasta,"stratovolcano in Siskiyou County, California, United States"
marley & me,Q1129290,Marley & Me,2008 American film directed by David Frankel
tuvalu,Q672,Tuvalu,country in Oceania
el camino real,Q110671301,El Camino Real,"place of the province of Almería, Spain"
barbie doll,Q97593385,Barbie Doll,dolls that are a part of Mattel's Barbie doll line
joe theismann,Q175963,Joe Theismann,American football player and broadcaster (born 1949)
albertville,Q159469,Albertville,"commune in Savoie, France"
alberto tomba,Q1950,Alberto Tomba,Italian alpine ski racer
private parts,Q781344,Private Parts,1997 film by Betty Thomas
private investigator,Q21160132,Private Investigator,television series
marilyn manson,Q186327,Marilyn Manson,American musician (born 1969)
mariel hemingway,Q234101,Mariel Hemingway,American actress and author
jimmy breslin,Q15524996,Jimmy Breslin,American journalist and author (1928-2017)
years,Q24564698,years old,unit for age
edward i,Q57798,Edward I of England,King of England from 1272 to 1307
mr. & mrs. smith,Q191040,Mr. & Mrs. Smith,2005 film by Doug Liman
taps,Q1213746,Taps,1981 film directed by Harold Becker
annual percentage rate,Q765188,annual percentage rate,interest rate for a whole year
typhoons,Q105320895,Typhoons,2021 album by Royal Blood
edsel ford,Q102211294,Edsel Ford Stiel,"Ph.D. University of California, Los Angeles 1962"
u.s. senator,Q4416090,United States senator,member of the United States Senate
edith bunker,Q5338506,Edith Bunker,"fictional character: wife of Archie Bunker, mother of Gloria Stivic"
u.s.s.r.,Q15180,Soviet Union,former country in Eurasia (1922–1991)
u.s.s. missouri,Q49356366,U.S.S. Missouri,painting by Hannah Wilke
baby-sitters club,Q3108867,The Baby-Sitters Club,series of novels
parliament hill,Q2036052,Parliament Hill,"hill and area of open parkland in the south-east corner of Hampstead Heath, London, England, UK"
ed wynn,Q259537,Ed Wynn,American actor (1886-1966)
kettledrum,Q189737,timpani,large percussion musical instrument which produces a definite pitch
cole younger,Q1108021,Cole Younger,American bank robber (1844–1916)
glitter,Q5569959,Glitter,2006 debut studio album by Kaya
glenn gould,Q216924,Glenn Gould,Canadian composer and pianist (1932–1982)
california highway patrol,Q2249117,California Highway Patrol,"law enforcement agency in California, USA"
eau de cologne,Q2863,eau de cologne,class of perfume concentration of between 2-6%
tales of the south pacific,Q1535240,South Pacific,"1949 musical by Richard Rodgers, Oscar Hammerstein II, and Joshua Logan"
jim garrison,Q6195162,Jim Garrison,American football player and coach (1933-2015)
manchus,Q145665,Manchu,East Asian ethnic group native to northeastern China (Manchuria)
richard crenna,Q318607,Richard Crenna,"American actor, director and producer (1926–2003)"
al roker,Q3240869,Al Roker,"American weather presenter, journalist, television personality, and author (born 1954)"
pride of the yankees,Q1198860,The Pride of the Yankees,1942 film by Sam Wood
rick moranis,Q336282,Rick Moranis,"Canadian actor, comedian and musician (born 1953)"
calvary,Q371752,calvary,type of monumental public crucifix
peter & paul,Q4212142,Peter & Paul Fortress Kanal,river in Russia
antioch,Q495357,Antioch,"city in California, United States"
rick riordan,Q212727,Rick Riordan,American author (born 1964)
union carbide,Q908553,Union Carbide,company
unification church,Q217059,Unification Church,South Korean new religious movement
paralegal,Q620413,paralegal,professional of legal science that performs as part of a legal assistance system
parakeets,Q114354005,Parakeets,painting by Gyula Madarász
dvorák,Q7298,Antonín Dvořák,Czech composer (1841–1904)
musharraf,Q40495,Pervez Musharraf,Pakistani soldier and politician (1943-2023)
sean,Q19801202,Sean,male given name
silas,Q1426982,Silas,male given name
magnum p.i.,Q254689,"Magnum, P.I.",American crime drama television series (1980-1988)
dumb,Q135557574,Dumb,2025 studio album by Emma Louise and Flume
gouverneur morris,Q714960,Gouverneur Morris,American politician (1752-1816)
seasonal affective disorder,Q1051223,seasonal affective disorder,mental depression that involves presentation of depressive symptoms only during a specific season of the year
khmer,Q9205,Khmer,Austroasiatic language of Cambodia
myna,Q116667,Common myna,species of bird
swedish massage,Q1292880,Swedish massage,
swedish meatballs,Q1501015,Swedish meatballs,Swedish dish made from ground meat
grandma,Q122364074,GRANDMA,2023 video game
kiki dee,Q447101,Kiki Dee,English pop singer
comedian,Q245068,comedian,"person who seeks to entertain an audience, primarily by making them laugh"
wuhan,Q11746,Wuhan,"capital city of Hubei Province, China"
writers guild of america,Q1180240,Writers Guild of America,joint brand of two US labor unions
grandson,Q94579368,King Von,American rapper from Illinois (1994–2020)
grape-nuts,Q5596987,Grape-Nuts,breakfast cereal brand by Post
grauman's chinese theater,Q1122565,Grauman's Chinese Theatre,"movie theater in Hollywood, Los Angeles, California, USA"
commodity,Q317088,commodity,fungible item produced to satisfy wants or needs
silvio berlusconi,Q11860,Silvio Berlusconi,Italian politician and media tycoon (1936–2023)
dreary,Q106359289,Dreary Weather in Ladugårdsgärde,painting by Olof Sager-Nelson
b.j. and the bear,Q1987517,B. J. and the Bear,television series
peter principle,Q108476794,Peter Principle,"American musician, video artist"
mad anthony wayne,Q574116,Anthony Wayne,Continental Army general (1745-1796)
rob zombie,Q298255,Rob Zombie,American rock singer and filmmaker
apolo anton ohno,Q329738,Apolo Ohno,American short track speed skater
barry sanders,Q809097,Barry Sanders,American football player (born 1968)
kilroy,Q16871390,Kilroy,family name
4-leaf clover,Q87576901,🍀,Unicode character
bloom county,Q4573375,Bloom County,American comic strip by Berkeley Breathed
downbeat,Q251192,downtempo,electronic music genre
sunfish,Q192285,ocean sunfish,species of fish
vaduz,Q1844,Vaduz,capital of Liechtenstein
potter stewart,Q1359993,Potter Stewart,US Supreme Court justice from 1958 to 1981 (1915-1985)
nathan's,Q442125,Nathan Sanford,American politician (1777-1838)
commonwealth games,Q3684877,Commonwealth Sport,international organization responsible for the Commonwealth Games and Commonwealth Youth Games
compuserve,Q1122074,CompuServe,American online service provider
ground floor,Q15199485,Ground Floor,American television series
national lampoon's vacation,Q579237,National Lampoon's Vacation,film series
vail,Q747987,Vail,"Home Rule Municipality in Eagle County, Colorado, United States"
king charles ii,Q43274,Charles III,King of the United Kingdom and other Commonwealth realms since 2022 (born 1948)
king & queen,Q5226333,King & Queen,1967 studio album by Otis Redding & Carla Thomas
guillermo del toro,Q55012258,Guillermo del Toro's Cabinet of Curiosities,American-Mexican horror anthology television show on Netflix
suicide squad,Q18604504,Suicide Squad,2016 film directed by David Ayer
valparaiso,Q868888,Valparaiso,"city in Porter County, Indiana, United States"
king's ransom,Q859917,King's Ransom,2005 film by Jeffrey W. Byrd
afterword,Q135093669,Afterword,chapter
sukkot,Q182242,Sukkot,"Jewish Holiday, Harvest Festival, Festival of Booths"
van allen,Q1886750,Van McCoy,"American musician, producer and songwriter (1940–1979)"
guy williams,Q562093,Guy Williams,American actor (1924–1989)
jason robards,Q296630,Jason Robards,American actor (1922–2000)
jason priestley,Q311769,Jason Priestley,Canadian-American actor and director (born 1969)
love actually,Q15902643,Love Actually,Chinese television series
peyote,Q271937,Lophophora williamsii,"species of plant, peyote"
azkaban,Q715509,Azkaban,fictional prison in the Harry Potter book series
louis xvii,Q49765,Louis XVII of France,heir of the French throne
rod mckuen,Q1341627,Rod McKuen,"American poet, songwriter, composer, and singer (1933-2015)"
basra,Q48195,Basra,"capital of Basra Governorate, in southern Iraq"
jason patric,Q361412,Jason Patric,American actor
roger chaffee,Q345678,Roger Bruce Chaffee,"United States Navy commander, NASA astronaut (1935–1967)"
louis malle,Q55392,Louis Malle,"French film director, screenwriter, and producer (1932-1995)"
stubhub,Q7627285,StubHub,American ticket brokering company
dogfight,Q5288336,Dogfight,1980 video game
janet gaynor,Q182462,Janet Gaynor,American actress (1906–1984)
janet,Q131324,Janet Jackson,"American singer, songwriter, dancer and actress (born 1966)"
doctor octopus,Q63761127,Otto Octavius,2002-2007 Spider-Man film series character
roger goodell,Q2271796,Roger Goodell,Commissioner of the National Football League
james van der beek,Q313392,James Van Der Beek,American actor (1977–2026)
james spader,Q296928,James Spader,American actor
roman candle,Q164135,Yucca gloriosa,species of plant
dj khaled,Q80805,DJ Khaled,American DJ (born 1975)
hanoi hilton,Q1359941,Hỏa Lò Prison,prison in Hanoi used for political prisoners in colonial times and for prisoners of war during the Vietnam war.
strawberry shortcake,Q990035,Strawberry Shortcake,character
strategic air command,Q937064,Strategic Air Command,1946-1992 United States Air Force major command; predecessor of Air Force Global Strike Command
strasbourg,Q6602,Strasbourg,"capital and largest city of Grand Est, located in the historical region of Alsace"
neve campbell,Q193482,Neve Campbell,Canadian actress
strait of malacca,Q48359,Strait of Malacca,strait between the Malay Peninsula and the Indonesian island of Sumatra
lone star,Q1439,Texas,state of the United States of America
dirk gently,Q25396458,Dirk Gently's Holistic Detective Agency,American television series
carlton fisk,Q1043433,Carlton Fisk,American baseball player
carl yastrzemski,Q956100,Carl Yastrzemski,American baseball player
carly rae jepsen,Q52583,Carly Rae Jepsen,Canadian singer
pop warner,Q5569101,Glenn Scobey Warner,"American college football coach, College Football Hall of Fame member (1871-1954)"
sticky wicket,Q7616324,Sticky Wicket,episode of M*A*S*H (S1 E21)
stock exchange,Q11691,stock exchange,organization that provides services for stock brokers and traders to trade securities
conifers,Q132825,conifer,division of plants
packard,Q19836286,Packard,family name
haute couture,Q216053,haute couture,"term used to describe the creation of exclusive, custom-fitted clothing"
haunted house,Q3361561,Haunted House,1997 video game
james ivory,Q51577,James Ivory,American film director
wiz khalifa,Q19756862,See You Again,2015 song by Wiz Khalifa featuring Charlie Puth; 2015 music video by Marc Klasfeld
hatfields & mccoys,Q501529,Hatfields & McCoys,2012 television miniseries directed by Kevin Reynolds
hasta la vista,Q5680134,Hasta la Vista,2001 single by MC Solaar
hawkeye pierce,Q4589108,Benjamin Franklin 'Hawkeye' Pierce,"protagonist of MASH novel, movie and television series"
live and let die,Q27204,Live and Let Die,1973 film by Guy Hamilton
lizzie mcguire,Q635717,Lizzie McGuire,2001-2004 American television series
nicolas sarkozy,Q329,Nicolas Sarkozy,23rd president of the French Republic from 2007 to 2012
heart of gold,Q1592434,Heart of Gold,"original song written, composed, and performed by Neil Young"
hearst castle,Q378143,Hearst Castle,"National Historic Landmark and California Historical Landmark located on the Central Coast of California, United States"
detroit free press,Q601669,Detroit Free Press,American newspaper
carrot top,Q1820421,Les Anderson,American musician (1921-2001)
constantin stanislavski,Q49484,Constantine Stanislavsky,Russian actor and theatre director (1863–1938)
virgil tibbs,Q2110866,Virgil Tibbs,fictional character in John Ball's 1965 novel In the Heat of the Night and six sequels
heinrich hertz,Q41257,Heinrich Hertz,German physicist (1857–1894)
vitruvian man,Q62694409,Vitruvian Man,artistic subject
little america,Q979816,Little America,"census designated place in Sweetwater County, Wyoming, United States"
pharmacists,Q7180775,Pharmacists' Defence Association,UK insurance company
contralto,Q37137,contralto,type of classical female singing voice
scooter libby,Q380441,Scooter Libby,American lawyer and political advisor
battle of waterloo,Q48314,Battle of Waterloo,1815 battle during the War of the Seventh Coalition
bill walton,Q363246,Bill Walton,American basketball player and sportscaster (1952–2024)
henderson,Q49267,Henderson,"city in Clark County, Nevada, United States"
bill monroe,Q170042,Bill Monroe,"American bluegrass musician, songwriter (1911-1996)"
bill bixby,Q498503,Bill Bixby,American actor and director (1934–1993)
slim pickens,Q1277039,Slim Pickens,"American rodeo performer, film and television actor (1919–1983)"
henry knox,Q355680,Henry Knox,American general and Secretary of War (1750–1806)
lindsey graham,Q22212,Lindsey Graham,American lawyer and politician (born 1955)
denmark & norway,Q95267942,"Denmark & Norway, Christian VII., King of","entry in Alumni Oxonienses: the Members of the University of Oxford, 1715-1886"
plo,Q1771695,PLOS Biology,monthly peer-reviewed scientific journal
nora roberts,Q231356,Nora Roberts,American romance writer
jack warner,Q1566430,Jack Warner,British actor (1895–1981)
koan,Q37464176,Koan,family name
lily pons,Q242387,Lily Pons,American opera singer and actress (1898-1976)
higgs boson,Q402,Higgs boson,elementary particle transmitting the Higgs field giving particles mass
deeds,Q37071533,Deeds,family name
deism,Q620629,deism,belief in God without revelation
russian orthodox,Q60995,Russian Orthodox Church,autocephalous Eastern Orthodox church
jack valenti,Q1380767,Jack Valenti,American political advisor and lobbyist who served as a Special Assistant to U.S. President Lyndon B. Johnson; also President of the MPAA (1921-2007)
jack russell,Q390197,Jack Russell,American singer (1960–2024)
wind chill,Q1044340,wind chill,lowering of body temperature due to the passing-flow of lower-temperature air
life of brian,Q24953,Monty Python’s Life of Brian,1979 film directed by Terry Jones
achilles' heel,Q33785,Achilles' heel,heel of the mythical Greek hero Achilles which is his only weak spot
sacks,Q1134144,cornhole,lawn game in which players take turns throwing bags of corn (or bean bags)
windex,Q291140,Windex,the brand name of a glass and hard-surface cleaner
out-of-towners,Q683129,The Out-of-Towners,1999 film by Sam Weisman
st. basil,Q44258,Basil of Caesarea,"4th-century Christian bishop, theologian, and saint (329–379)"
st. andrew's,Q7586923,St Andrews,"human settlement in Nova Scotia, Canada"
lesley gore,Q98767059,Lesley Gore,British visual artist (born 1947)
saginaw bay,Q49390417,Saginaw Bay,"bay in St. Louis County, Minnesota, United States of America"
wally schirra,Q110450,Wally Schirra,American astronaut (1923–2007)
our miss brooks,Q1561896,Our Miss Brooks,television series
ace ventura,Q135932234,Ace Ventura,
david stockman,Q1176745,David Stockman,American politician
saint denis,Q160506,Saint-Denis,"city and former commune in Seine-Saint-Denis, Île-de-France, France (-2024)"
leonids,Q48779920,Leonīds,male given name
saint louis,Q273779,Saint-Louis,city and regional capital in Senegal
places in the heart,Q59073,Places in the Heart,1984 British film by Robert Benton
willie sutton,Q7933536,Willie Sutton,American bank robber (1901–1980)
dave matthews,Q380381,Dave Matthews,American singer-songwriter and musician
asterix,Q42490,Asterix,series of French comic books
leipzig,Q2079,Leipzig,"largest city in Saxony, Germany"
pixies,Q188464,Pixies,American alternative rock band
abyssinia,Q207521,Ethiopian Empire,1270–1974 state in the Horn of Africa
oases,Q43742,oasis,isolated area of vegetation in a desert
splendor in the grass,Q3966927,Splendor in the Grass,1981 television film directed by Richard C. Sarafian
leghorn,Q6761,Livorno,"city in Italy, Central Italy"
cedric the entertainer,Q5057168,Cedric the Entertainer Presents,US television program
dangerous minds,Q16989080,Dangerous Minds,American drama television series
snapdragon,Q156692,Linaria,genus of plants
snagglepuss,Q2722789,Snagglepuss,fictional cartoon character
occam's razor,Q131012,Occam's razor,philosophical principle used to judge credibility of statements
damon wayans,Q382420,Damon Wayans,"American comedian, writer, and actor"
dance dance revolution,Q908392,Dance Dance Revolution,video game series
octavian,Q56728124,Octavian,French-born British rapper
corsair,Q2385117,Corsair,fictional character in Marvel Comics
phone booth,Q1143785,telephone booth,small structure furnished with a payphone
league of legends,Q223341,League of Legends,2009 multiplayer online battle arena video game
hume cronyn,Q395205,Hume Cronyn,Canadian-American actor (1911–2003)
daisy duke,Q1776723,Daisy Duke,fictional character
dade county,Q468557,Miami-Dade County,"county in Florida, United States"
daddy long legs,Q117481465,Playing for Time,song by the English singer-songwriter and rock musician Peter Gabriel (2023)
cote d'ivoire,Q1008,Ivory Coast,sovereign state in West Africa
charles rolls,Q21646583,Charles Rolls,British engraver (1800–1857)
côte d'azur,Q182822,French Riviera,Mediterranean coastline of the southeast corner of France
hurdy-gurdy,Q207821,hurdy-gurdy,mechanical stringed musical instrument
century 21,Q1054480,Century 21 Real Estate,US international real estate agent franchise company
central pacific,Q14210573,Central Pacific,region in Costa Rica
bells of st. mary's,Q56273754,The Bells of St. Mary's,1959 television film directed by Tom Donovan
bells are ringing,Q2323002,Bells Are Ringing,1960 film by Vincente Minnelli
cottonwood,Q68127,Cottonwood,"town in Houston County, Alabama, United States"
william buckley,Q4019946,William Buckley,American silent film actor
cesare,Q18341985,Cesare,male given name
soundgarden,Q174817,Soundgarden,American rock band
westeros,Q3623561,Westeros,fictional continent in George R.R. Martin's A Song of Ice and Fire and its prequels and adaptations
whatchamacallit,Q124881206,Whatchamacallit,2018 song by Ella Mai featuring Chris Brown
curious,Q11964251,Curious,1999 debut studio album by Noora Noor
charles messier,Q14524,Charles Messier,18th- and 19th-century French astronomer
ida lupino,Q148669,Ida Lupino,British actress and filmmaker (1918–1995)
olé,Q2097883,Ole,male given name
what to expect when you're expecting,Q616649,What to Expect When You're Expecting,2012 film by Kirk Jones
chaise longue,Q1059232,chaise longue,upholstered chair that is long enough to support the legs
omaha beach,Q464257,Omaha Beach,1944 one of the five sectors of the Allied invasion of German-occupied France
ira levin,Q317631,Ira Levin,"American novelist, playwright (1929–2007)"
wilhelm röntgen,Q35149,Wilhelm Röntgen,German physicist (1845–1923)
crystal cathedral,Q1051217,Crystal Cathedral,"church building in Garden Grove, Orange County, California, United States of America"
beguine,Q147618,Beguines and Beghards,Catholic lay occupation
champ,Q192378,Champigny-sur-Marne,"commune in Val-de-Marne, France"
white & red,Q90812259,red and white,
sonny and cher,Q907445,Sonny & Cher,American musical and entertainment duo
langhorne,Q107311731,Langhorne,given name
crossroads,Q6346,Indianapolis,capital city of the U.S. state of Indiana and the seat of Marion County
critique,Q2375522,Critique,academic journal
indiana jones and the last crusade,Q185658,Indiana Jones and the Last Crusade,1989 film directed by Steven Spielberg
sardi's,Q7423790,Sardi's,Famous upscale New York restaurant
savings & loans,Q2228157,Savings & Loans,road bicycle racing team from Australia
into the wild,Q135055589,Into the Wild,2024 video game developed by Persephone Dawson
infomercial,Q1662452,infomercial,form of television commercial
crayons,Q107356666,Crayons,video game developed by Panic
savannah guthrie,Q2227969,Savannah Guthrie,American journalist and attorney (born 1971)
social security number,Q5612679,Social Security number,"nine-digit number issued to U.S. citizens, permanent residents, and temporary working residents"
piccadilly,Q1124023,Piccadilly,"road in the City of Westminster, London, England"
charles & diana,Q13435381,Charles & Diana: A Royal Love Story,1982 television film directed by James Goldstone
opera house,Q153562,opera house,theatre building used for opera performances
lithuanian,Q9083,Lithuanian,Baltic language spoken in Lithuania
aclu,Q131845363,American Civil Liberties Union Foundation of Florida,organization in US
barbary ape,Q199962,Macaca sylvanus,species of mammal
zippers,Q48818852,Zippers,episode of Automan (S1 E11)
marilyn quayle,Q442258,Marilyn Quayle,Second Lady of the United States from 1989 to 1993
inside the actors studio,Q1144268,Inside the Actors Studio,American television show on the Bravo cable television
hezbollah,Q41053,Hezbollah,Lebanese Islamist organization
lord mountbatten,Q157068,"Louis Mountbatten, 1st Earl Mountbatten of Burma",British statesman and naval officer (1900-1979)
"no, no, nanette",Q1994415,"No, No, Nanette","1924 musical comedy by Irving Caesar, Otto Harbach, and Vincent Youmans"
robert packwood,Q888183,Bob Packwood,American politician
u.s. flag,Q286608,United States Flag Code,American federal law establishing advisory rules for display and care of the American flag
crèche,Q31732,nativity scene,representation of the birth of Christ
i don't know,Q99528839,I Don’t Know,vocal track by Celine Dion; 1995 studio recording
central intelligence agency,Q37230,Central Intelligence Agency,national foreign intelligence agency of the United States
hurry,Q1659611,"Hurry Up, We're Dreaming",2011 album by M83
gila,Q2708321,Gila,genus of fishes
sydney biddle barrows,Q7659834,Sydney Biddle Barrows,"management consultant, Madam, writer"
kim possible,Q203707,Kim Possible,American animated television series
abu simbel,Q134140,Abu Simbel,UNESCO World Heritage Site in southern Egypt
madame curie,Q621716,Madame Curie,1943 American film by Mervyn LeRoy
eastern airlines,Q611742,Eastern Air Lines,1926–1991 American airline
lucia di lammermoor,Q244209,Lucia di Lammermoor,opera by Gaetano Donizetti
escape from alcatraz,Q496316,Escape from Alcatraz,1979 film directed by Don Siegel
dazed and confused,Q39975,Dazed and Confused,1993 film directed by Richard Linklater
sir john gielgud,Q204685,John Gielgud,British actor and theatre director (1904-2000)
bay city rollers,Q812073,Bay City Rollers,Scottish musical group; rock n pop band
big hero 6,Q13091172,Big Hero 6,2014 animated film directed by Don Hall and Chris Williams
roberto rossellini,Q53003,Roberto Rossellini,Italian film director (1906–1977)
cook strait,Q5023,Cook Strait,strait between the North and South Islands of New Zealand
jessica hahn,Q4495352,Jessica Hahn,American model and actor
anne heche,Q234610,Anne Heche,American actress (1969–2022)
reversal of fortune,Q1210973,Reversal of Fortune,1990 film by Barbet Schroeder
john audubon,Q182882,John James Audubon,"French-American ornithologist, naturalist, and painter (1785–1851)"
property taxes,Q112080130,"Property taxes and local economic development : Pennsylvania, 1976-1980",book published in 1995
john cage,Q180727,John Cage,American avant-garde composer (1912-1992)
red eye,Q200594,common rudd,species of fish
john bolton,Q311269,John Bolton,American lawyer and diplomat (born 1948)
john daly,Q111227669,John Daly,American politician – Minnesota -House 1891-92 (District 23)
freddie prinze,Q309756,Freddie Prinze Jr.,American actor
md,Q217,Moldova,country in Eastern Europe
kaboodle,Q21467883,Kaboodle,website
paul hamm,Q887498,Paul Hamm,American gymnast
yule,Q19857423,Yule,family name
timberland,Q7804696,Timberland,"village and civil parish in Lincolnshire, UK"
messi,Q615,Lionel Messi,Argentine association football player (born 1987)
queen's gambit,Q107925,Queen's Gambit,chess opening
flares,Q5457475,Flares,"American-bred, British-trained Thoroughbred racehorse"
judiciary committee,Q63910877,Judiciary Committee Files (NAID 648636),series in the National Archives and Records Administration's holdings
balenciaga,Q1530892,Balenciaga,French fashion house and company
virginal,Q922337,virginal,keyboard instrument
stencil,Q504073,stencil,graphic design technique
admiralty,Q2924826,Admiralty List of Lights and Fog Signals,list by United Kingdom Hydrographic Office
scottsdale,Q49221,Scottsdale,"city in Maricopa County, Arizona, United States"
bishop fulton sheen,Q67609082,BISHOP FULTON SHEEN (NAID 120340),item in the National Archives and Records Administration's holdings
harold ramis,Q286890,Harold Ramis,"American actor, comedian, and filmmaker (1944–2014)"
king solomon's mines,Q1137494,King Solomon's Mines,novel by Henry Rider Haggard (1885)
louis comfort tiffany,Q312950,Louis Comfort Tiffany,American stained glass and jewelry designer (1848-1933)
palo alto,Q47265,Palo Alto,"city in Santa Clara County, California, United States"
kingston jamaica,Q34692,Kingston,capital of Jamaica
gulf of alaska,Q180531,Gulf of Alaska,gulf in the northern Pacific Ocean
april fool's day,Q80949,April Fools' Day,annual celebration commemorated on April 1 by playing practical jokes and spreading hoaxes
nancy davis reagan,Q193426,Nancy Reagan,First Lady of the United States from 1981 to 1989
committees of correspondence,Q1115748,Committees of Correspondence for Democracy and Socialism,moderate group of the Communist Party USA
comcast,Q1113804,Comcast,American multinational telecommunications conglomerate
jessica,Q44077,Jessica Alba,American actress (born 1981)
my darling clementine,Q370252,My Darling Clementine,1946 American western film directed by John Ford
jiffy lube,Q6192247,Jiffy Lube,American chain of automobile repair shops
tales of hoffmann,Q2249349,The Tales of Hoffmann,"1951 film by Emeric Pressburger, Michael Powell"
easter seals,Q446094,American Lung Association,organization
anopheles mosquito,Q44164203,Anopheles mosquito bites activate cutaneous mast cells leading to a local inflammatory response and lymph node hyperplasia.,scientific article published in April 2005
caldecott medal,Q1026417,Caldecott Medal,annual award for illustrating a children's picture book published in the U.S.
pension,Q2460422,guest house,type of lodging
rem sleep,Q211402,rapid eye movement sleep,"unique phase of sleep in mammals and birds, characterized by random/rapid movement of the eyes"
genuflect,Q5533808,Genuflect,Boston nu metal group
ellesmere island,Q146841,Ellesmere Island,part of the Qikiqtaaluk Region of the Canadian territory of Nunavut
gatling gun,Q272975,Gatling gun,"1860s multi-barrel rapid-fire gun of Richard Gatling, or its 1880s-1890s variants"
g.i. jane,Q526690,G.I. Jane,1997 film by Ridley Scott
gale sayers,Q503760,Gale Sayers,American professional football player (1943-2020)
pern,Q387253,Pern,"commune in Lot, France"
while you were sleeping,Q14518812,While You Were Sleeping,2017 South Korean TV series
katherine,Q108631,Katherine,female given name
omar,Q357387,Omar Sy,French actor and comedian (born 1978)
odes,Q1874,Odesa,"city in southwestern Ukraine, administrative center of Odesa Oblast and Odesa Raion"
lautrec,Q82445,Henri de Toulouse-Lautrec,French painter and illustrator (1864–1901)
samoyed,Q941253,Samoyeds,indigenous ethnolinguistic groups primarily residing throughout Siberia
abyssinians,Q1535896,The Abyssinians,Jamaican roots reggae group
krazy glue,Q17192428,Krazy Glue,
berklee,Q248970,Berklee College of Music,"independent college of contemporary music in Boston, Massachusetts, United States"
house at pooh corner,Q5914549,House at Pooh Corner,1971 single by Nitty Gritty Dirt Band
assad,Q37219654,Assad,family name
all-american,Q54202857,All American,2018 American television drama series
allen ludden,Q640259,Allen Ludden,"American television personality, actor, emcee and game show host (1917-1981)"
alliance for progress,Q4732394,Alliance for Progress,Peruvian political party
bulkheads,Q64513933,Bulkheads,painting by Sol Wilson
fallacy,Q186150,fallacy,use of invalid or otherwise faulty reasoning in the construction of an argument
jokers,Q3209183,The Jokers,1967 film directed by Michael Winner
fasting,Q44602,fasting,"willing abstinence from some, or reduced consumption of, food, drink or both, for a period of time"
jose greco,Q9013904,José Greco,American dancer and choreographer (1918–2000)
lion's share,Q616954,lion's share,idiom
overeaters anonymous,Q2042328,Overeaters Anonymous,twelve-step program
bald eagles,Q67697583,Bald Eagles (NAID 1697861),item in the National Archives and Records Administration's holdings
peloponnesian league,Q208742,Peloponnesian League,military alliance in Ancient Greece
humperdinck,Q1192176,9913 Humperdinck,asteroid
once upon a time... in hollywood,Q47300912,Once Upon a Time in Hollywood,2019 film directed by Quentin Tarantino
barbara hutton,Q255620,Barbara Hutton,American philanthropist and socialite (1912-1979)
johanna spyri,Q123053,Johanna Spyri,Swiss writer (1827–1901)
joseph bonaparte,Q7726,Joseph Bonaparte,brother of Napoleon Bonaparte; King of Naples (1806–08) and Spain (1808–13)
cousin itt,Q2355037,Cousin Itt,"fictional character in the television series ""The Addams Family"""
arrakis,Q130553802,Arrakis,genus of insects
woody hayes,Q8033668,Woody Hayes,American football player and coach
bally,Q37080030,Bally,family name
mesabi range,Q909225,Mesabi Range,"mining region in Minnesota, United States"
daily news,Q627827,New York Daily News,daily tabloid newspaper in New York City
heliopolis,Q2739389,Heliopolis,Cairo suburb
zion national park,Q205325,Zion National Park,"national park in Washington, Iron, and Kane counties in Utah, United States"
after,Q133271047,After,American musical group
christoph waltz,Q76819,Christoph Waltz,Austrian and German actor
pro bowl,Q786705,Pro Bowl,National Football League (NFL) all-star game
hallelujah chorus,Q31837673,Hallelujah Chorus,no. 39 from George Frideric Handel's Messiah
hal prince,Q605924,Harold Prince,American theatre producer and director (1928–2019)
halvah,Q183599,halva,confections often made from nut butters or flours
hamas,Q38799,Hamas,Palestinian Islamist political and military organization
zima,Q12779398,Zima,family name
haiphong,Q72818,Haiphong,municipality of Vietnam
black muslims,Q2908396,Black Muslim movement,group of US religious movements among African-Americans based in part on Islam
hansel,Q37503358,Hansel,family name
hank williams jr.,Q552819,Hank Williams Jr.,American singer-songwriter and musician (born 1949)
black & blue,Q2905291,Black & Blue,French record label
christine baranski,Q229134,Christine Baranski,American actress (born 1952)
chumbawamba,Q110528517,Chumbawamba's albums in chronological order,Wikimedia albums discography
harold arlen,Q106350766,Harold Arlen and Yip Harburg,American songwriting team
church and state,Q1742827,state and religion,overview of the relationship between state and religion
harry bosch,Q2607112,Harry Bosch,fictional detective created by author Michael Connelly
harris tweed,Q16937312,Harris Tweed,British comic strip character
blast from the past,Q79646232,Blast from the Past,episode of the 1987–1996 Teenage Mutant Ninja Turtles animated television series
harvey korman,Q717656,Harvey Korman,American actor and comedian (1927–2008)
harry winston,Q2522402,Harry Winston,American jeweller (1896–1978)
young goodman brown,Q595934,Young Goodman Brown,short story by Nathaniel Hawthorne
christiane amanpour,Q236939,Christiane Amanpour,English-Iranian news anchor and international correspondent
rudy vallee,Q973228,Rudy Vallée,"American singer, actor, and entertainer (1901–1986)"
russell stover,Q7381799,Russell Stover Candies,American confectionery company
russell westbrook,Q196185,Russell Westbrook,American basketball player
gulf war,Q37643,Gulf War,1990–1991 conflict between Iraq and a 42-country coalition
yin-yang,Q114510979,Yin-Yang,episode of Lilo & Stitch: The Series (S1 E9)
"yes, virginia, there is a santa claus",Q1523055,"Yes, Virginia, there is a Santa Claus","editorial appearing in the September 21, 1897, edition of The (New York) Sun"
carioca,Q9184548,Carioca,"metro station in Rio de Janeiro, Brazil"
henley,Q16870698,Henley,family name
bill parcells,Q364415,Bill Parcells,American football coach (born 1941)
henry paulson,Q311025,Henry Paulson,74th United States Secretary of the Treasury
bill graham,Q956335,Bill Graham,Canadian politician (1939–2022)
henry louis gates,Q561458,"Henry Louis Gates, Jr.","American literary critic, professor and historian (born 1950)"
chris columbus,Q75079,Chris Columbus,American filmmaker (born 1958)
xanthippe,Q104307820,Xanthippe,female given name
xbox,Q48263,Xbox 360,Microsoft's seventh-generation and second home video game console
herbert clark hoover,Q35236,Herbert Hoover,president of the United States from 1929 to 1933
big rock candy mountain,Q4906230,The Big Rock Candy Mountains,traditional song
hernán cortés,Q7326,Hernán Cortés,Spanish conquistador
big trouble in little china,Q859494,Big Trouble in Little China,1986 film directed by John Carpenter
hexagram,Q1164668,hexagram,six-pointed star polygon
hidden valley,Q49811674,Hidden Valley,"valley in Placer County, California, United States of America"
hindus,Q668,India,country in South Asia
grimaldi,Q23038861,Grimaldi,family name
big board,Q13677,New York Stock Exchange,American stock exchange
big broadcast,Q7717551,The Big Broadcast,1932 film by Frank Tuttle
world book encyclopedia,Q2565203,World Book Encyclopedia,American encyclopedia
gregory hines,Q367653,Gregory Hines,American actor and dancer (1946–2003)
bicycle kick,Q860430,bicycle kick,type of kick in association football
clapton,Q22910035,Clapton,"civil parish in Cotswold, Gloucestershire, England"
hms victory,Q213958,HMS Victory,1765 first-rate ship of the line
clark county,Q108403,Clark County,"county in Nevada, United States"
home front,Q703006,home front,people and territories contributing to a war effort without being involved in combat
beverly hills hotel,Q2021533,Beverly Hills Hotel,hotel in Beverly Hills
honky-tonk,Q3140141,honky tonk,genre of country music
horn of plenty,Q3140652,Horn of Plenty,album by Grizzly Bear
greater antilles,Q104850354,Greater Antilles mangroves,mangrove ecoregion in the Greater Antilles islands
blue crush,Q885677,Blue Crush,2002 film by John Stockwell
hornets,Q134969,R.E.M.,American alternative rock band
hot topic,Q9294032,Hot Topic,Retailer
hottentots,Q459387,Khoisan,African ethnic group
clayton kershaw,Q520665,Clayton Kershaw,American professional baseball player (born 1988)
william wegman,Q567366,William Wegman,American photographer (born 1943)
william masters,Q3235877,William H. Masters,American gynecologist (1915–2001)
william miller,Q8015640,William Miller,"Canadian politician, born 1835 (1835–1912)"
howard hesseman,Q194881,Howard Hesseman,American actor (1940–2022)
grease monkey,Q327029,mechanic,profession
gray whales,Q898360,Eschrichtiidae,family of mammals
howling,Q1170554,The Howling,1981 film by Joe Dante
hue & cry,Q71861,Hue and Cry,1947 film by Charles Crichton
benjamin banneker,Q557600,Benjamin Banneker,"free African American scientist, surveyor, almanac author and farmer (1731–1806)"
huggies,Q3142214,Huggies,a brand of disposable diapers and baby wipes marketed by Kimberly-Clark
hullabaloo,Q18153237,Hullabaloo,American punk and grunge band
beneath the planet of the apes,Q469620,Beneath the Planet of the Apes,1970 film directed by Ted Post
wildcard,Q66817482,Wildcard,album by Miranda Lambert
ben vereen,Q770841,Ben Vereen,"American actor, dancer, and singer"
granny smith apple,Q97274021,GRANNY SMITH APPLE PIE & COFFEE,Japanese specialty shop
ross ice shelf,Q200255,Ross Ice Shelf,ice shelf in Antarctica
belvedere,Q742848,Belvédère,"commune in Alpes-Maritimes, France"
who moved my cheese?,Q892375,Who Moved My Cheese?,motivational business fable written by Spencer Johnson
beluga whale,Q132072,beluga whale,species of whale
i was a teenage werewolf,Q847276,I Was a Teenage Werewolf,1957 film by Gene Fowler Jr.
ian,Q18336315,Ian,male given name
blythe danner,Q40064,Blythe Danner,American actress (born 1943)
graham nash,Q357211,Graham Nash,British singer
ice storm,Q304958,ice storm,storm characterized by a fall of freezing liquid precipitation
grace period,Q5591337,Grace Period,episode of NCIS (S4 E19)
iggy azalea,Q2748803,Iggy Azalea,Australian rapper (born 1990)
dj jazzy jeff,Q553846,DJ Jazzy Jeff,American DJ and music producer (born 1965)
improv,Q7892,drinking water,water safe for consumption
gorillas in the mist,Q134219544,Gorillas in the Mist,1988 soundtrack album composed by Maurice Jarre
sabine women,Q29235191,Sabine women throwing themselves between the Romans and the Sabines,drawn illustration
inane,Q26224603,Inanekelok,"village in Jayawijaya Regency, Highland Papua, Indonesia"
bob & carol & ted & alice,Q2731768,Bob & Carol & Ted & Alice,1969 film by Paul Mazursky
dirty jobs,Q676924,Dirty Jobs,US television series
before common era,Q29964144,year BC,any year item that is suffixed by B.C or B.C.E
goodbye girl,Q5583277,Goodbye Girl,album by David Gates
india & china,Q79743820,India & China: time to catch up,scientific article published on 01 December 2006
beersheba,Q41843,Beersheba,city in Israel
weber,Q65929085,Weber,German badminton player
roman holiday,Q201293,Roman Holiday,1953 film directed by William Wyler
ingmar,Q645672,Ingmar,male given name
rogers hornsby,Q262945,Rogers Hornsby,"American baseball player, coach, manager"
roget's thesaurus,Q115783847,Roget's Thesaurus 1911 MICRA-expanded,edition of Roget's Thesaurus from 1911 expanded by MICRA corporations
goo goo dolls,Q2394527,Goo Goo Dolls,album by Goo Goo Dolls
gone in 60 seconds,Q502384,Gone in 60 Seconds,2000 film directed by Dominic Sena
golden temple,Q180422,Harmandir Sahib,"Sikh religious site in Amritsar, Punjab, India"
"golden, colorado",Q983543,Golden,"city in and county seat of Jefferson County, Colorado, United States"
international herald tribune,Q678086,The New York Times International Edition,English-language international newspaper
bobby hull,Q456688,Bobby Hull,Canadian ice hockey player (1939–2023)
doctor in the house,Q17037959,Doctor in the House,novel by Richard Gordon
gold glove,Q120649,Rawlings Gold Glove Award,baseball award given annually to the best fielder at each position in each league in MLB
irish eyes,Q6070716,Irish Eyes,novel by Andrew M. Greeley
beats per minute,Q743895,beats per minute,speed of a piece of music
wally cox,Q240998,Wally Cox,American actor (1924-1973)
gods must be crazy,Q647665,The Gods Must Be Crazy,1980 film directed by Jamie Uys
beaufort scale,Q170464,Beaufort Scale,empirical measure describing wind speed based on observed conditions
beaufort sea,Q131274,Beaufort Sea,marginal sea of the Arctic Ocean
bear bryant,Q278804,Bear Bryant,American college football coach (1913–1983)
rocky & bullwinkle,Q15270994,Rocky and Bullwinkle,2014 animated short film directed by Gary Trousdale
itzhak,Q34981,Isaac Asimov,American writer and biochemist (1920–1992)
jack anderson,Q113002961,Jack Anderson,baseball player
jack aubrey,Q2519212,Jack Aubrey,fictional character in the Aubrey–Maturin series of novels by Patrick O'Brian
gnomon,Q1533284,Gnomon,academic journal
volcanic eruptions,Q110817828,Volcanic eruptions of Sakurajima,Volcanic eruptions
battle of jutland,Q156554,Battle of Jutland,1916 naval battle during World War I
jamba juice,Q3088784,Jamba Juice,American beverage chain
globe theater,Q42538167,Strand Theatre,"former movie theater in Chicago, Illinois, United States"
dior,Q542767,Christian Dior,French multinational luxury fashion house
robin quivers,Q7352728,Robin Quivers,American radio presenter
rocinante,Q1918252,Rocinante,horse of Don Quixote
virginia tech,Q7934614,Virginia Tech Hokies men's basketball,Men's basketball team of the Virginia Polytechnic Institute and State University
jamaica inn,Q497005,Jamaica Inn,1939 film by Alfred Hitchcock
vision quest,Q1139277,Vision Quest,1985 film by Harold Becker
james harden,Q136678,James Harden,American basketball player
vince mcmahon,Q44430,Vince McMahon,American professional wrestling promoter (born 1945)
victrola,Q7927594,Victrola,1995 single by Veruca Salt
jay mcinerney,Q721578,Jay McInerney,American writer
jason kidd,Q221341,Jason Kidd,American basketball player and coach
dogberry,Q966130,Sorbus decora,species of plant
jean smart,Q239069,Jean Smart,American actress (born 1951)
victor frankenstein,Q2320164,Victor Frankenstein,"character from Mary Shelley's 1818 novel ""Frankenstein"""
saint valentine,Q192151,Saint Valentine,3rd-century Roman Christian saint
saint veronica,Q196653,Saint Veronica,Christian saint
bartolomeu dias,Q130377,Bartolomeu Dias,Portuguese explorer
jennifer capriati,Q11680,Jennifer Capriati,American tennis player
jenna ortega,Q21738166,Jenna Ortega,American actress (born 2002)
barry diller,Q587455,Barry Diller,American businessman
giovanni,Q1158906,Giovanni,male given name
giovanni da verrazzano,Q147676,Giovanni da Verrazzano,Florentine explorer of North America for France
"salem, oregon",Q43919,Salem,"seat of Marion County, and capital of Oregon, USA"
sally hemings,Q257464,Sally Hemings,American enslaved woman (c1773-1835); owned by Thomas Jefferson and mother of his children
vernon castle,Q740036,Genesis P-Orridge,"British artist, musician and writer (1950–2020)"
vernon dursley,Q11910388,Vernon Dursley,fictional character of the Harry Potter series
barnaby rudge,Q2362527,Barnaby Rudge,1840 novel by Charles Dickens
bomber,Q17018049,Bomber,given name
gilbert gottfried,Q221464,Gilbert Gottfried,American stand-up comedian (1955–2022)
gilbert grape,Q660894,What's Eating Gilbert Grape,1993 film directed by Lasse Hallström
jimmy eat world,Q642988,Jimmy Eat World,American rock band
barcarolle,Q658334,barcarolle,musical form
joe cool,Q348011,Joe Montana,American football player (born 1956)
jockey club,Q3179915,Jockey-Club de Paris,private club in Paris
van pelt,Q41341994,Abraham van Pelt,"Dutch artist, 1815-1895 (1815–1895)"
vasectomy,Q690838,vasectomy,surgical procedure for male sterilization
robert atkins,Q333736,Robert Atkins,British politician (born 1946)
dogs of war,Q1234781,Dogs of War,1989 video game
john birch,Q6221947,John Birch,British politician
ghost and mrs. muir,Q1304578,The Ghost and Mrs. Muir,1947 film by Joseph L. Mankiewicz
bonnaroo,Q2984221,Bonnaroo Music Festival,annual four-day music festival developed and produced by Superfly Presents and AC Entertainment
barbara fritchie,Q4858903,Barbara Fritchie,American patriot during the American Civil War
banquette,Q2883457,banquette,upholstered bench-like seat
ute,Q2502926,Ute,female given name
john davidson,Q3181327,John Davidson,actor (1886-1968)
john dewey,Q131805,John Dewey,"American philosopher, psychologist, and educational reformer (1859–1952)"
"baltimore, maryland",Q5092,Baltimore,"city in Maryland, United States"
john wycliffe,Q173893,John Wycliffe,English theologian and early dissident in the Roman Catholic Church
jolt,Q497332,jerk,rate of change of acceleration
ballerinas,Q110842921,Ballerinas,painting by Pedro Weingärtner
joseph gordon-levitt,Q177311,Joseph Gordon-Levitt,American actor and filmmaker (born 1981)
joseph hansom,Q1707184,Joseph Hansom,English architect and inventor of the hansom cab (1803–1882)
journal of the american medical association,Q27718091,Journal of the American Medical Association,journal
jovian,Q19968038,Jovian,male given name
up in smoke,Q1381289,Up in Smoke,"1978 film by Tommy Chong, Lou Adler"
josh groban,Q218083,Josh Groban,American singer and actor
georgia dome,Q1058931,Georgia Dome,"former domed stadium located in Downtown Atlanta, Georgia, U.S."
united states senate,Q66096,United States Senate,upper house of the United States Congress
baileys,Q285480,Baileys Irish Cream,trademark
chi-chi,Q107580237,Chi Chi,American record producer and songwriter
chicago board of trade,Q1071867,Chicago Board of Trade,"world's oldest options and futures exchange, located in Chicago, Illinois, United States"
commodore matthew perry,Q61855,Matthew C. Perry,American naval officer (1794–1858)
river shannon,Q192820,River Shannon,longest river in Ireland
dollhouse,Q111280260,Dollhouse,2019 video game
united states air force,Q11223,United States Air Force,air service branch of the United States Armed Forces
jungle cruise,Q24285605,Jungle Cruise,2021 film directed by Jaume Collet-Serra
unfinished,Q21824756,Unfinished,2013 studio album by Monday Kiz
bad santa,Q126693149,Bad Santa,2024 video game
jurassic world,Q2336369,Jurassic Park,American science fiction media franchise
under the tuscan sun,Q41315,Under the Tuscan Sun,2003 film directed by Audrey Wells
jura,Q3120,Jura,French department
compassion,Q1412160,compassion,feeling of kindness and care for another
riptide,Q126696024,Riptide,2024 video game
dikes,Q37437171,Dikes,family name
back in black,Q155715,Back in Black,1980 studio album by AC/DC
general william westmoreland,Q67634278,GENERAL WILLIAM WESTMORELAND ADDRESSES CONGRESS (NAID 128492),item in the National Archives and Records Administration's holdings
general dynamics,Q502940,General Dynamics,American defense manufacturing conglomerate
keely smith,Q449412,Keely Smith,American singer (1928-2017)
kenesaw mountain landis,Q3106481,Kenesaw Mountain Landis,American judge and baseball commissioner (1866-1944)
udall,Q37516014,Udall,family name
kewpie,Q11297548,Kewpie Corporation,Japanese company
kevin james,Q44561,Kevin James,American comedian and actor
khalid,Q28816483,Khalid,American singer (born 1998)
don adams,Q464367,Don Adams,American actor (1923–2005)
kickapoo,Q1429504,Kickapoo,Native American tribe based in the United States and Mexico
kicker,Q62445094,kicker.de,
killarney,Q623382,Killarney,"town in County Kerry, Ireland"
king minos,Q122699039,King Minos,ship built in 1972
kids are all right,Q380841,The Kids Are All Right,2010 film by Lisa Cholodenko
kingfish,Q314384,Huey Long,"American politician, Governor of Louisiana, and United States Senator (1893-1935)"
kingdom of heaven,Q207698,Kingdom of Heaven,2005 film by Ridley Scott
"kitty hawk, north carolina",Q628311,Kitty Hawk,"town in Dare County, North Carolina, United States"
klute,Q1348177,Klute,1971 film by Alan J. Pakula
tusk,Q749617,Tusk,album by Fleetwood Mac
klm royal dutch,Q181912,KLM,flag carrier airline of the Netherlands
klondike bar,Q11299865,Klondike bar,ice cream bar made by Unilever
tutsi,Q193092,Tutsi,Ethnic group in Rwanda and Burundi
knicks,Q131364,New York Knicks,National Basketball Association team in New York City
"boulder, colorado",Q192517,Boulder,"city in and county seat of Boulder County, Colorado, United States"
avila,Q15688,Ávila,"municipality in Castile and León, Spain"
garden of earthly delights,Q135027509,Garden of Earthly Delights,2023 video game developed by Aldo Bocage
garden of gethsemane,Q205333,Gethsemane,garden at the foot of the Mount of Olives in Jerusalem
tug mcgraw,Q2459273,Tug McGraw,American baseball player (1944-2004)
l'enfant,Q134922994,L'Enfant,2022 EP by Sofia Duhaime
kwai,Q10945273,Ji,Chinese family name (季)
sample,Q20997795,Sample,family name
bourne identity,Q105624,The Bourne Identity,2002 action film directed by Doug Liman
congress of racial equality,Q1125901,Congress of Racial Equality,United States civil rights organization
galápagos islands,Q38095,Galapagos Islands,"Archipelago in the Pacific Ocean, part of Ecuador since 1832"
labor party,Q216082,Australian Labor Party,federal political party in Australia
tristan und isolde,Q1324254,Tristan und Isolde,opera by Richard Wagner
austerlitz,Q2380583,Austerlitz,"village in Zeist, the Netherlands"
richard scarry,Q724817,Richard Scarry,author and illustrator from the United States (1919–1994)
richard sears,Q470242,Richard Sears,American tennis player (1861-1943)
bowie,Q16824068,Bowie,family name
laika,Q1763502,Laika,German record label
conrad birdie,Q63882070,Conrad Birdie,musical character in the musical Bye Bye Birdie by Charles Strouse
trey,Q44414,Trey Parker,"American actor, animator and filmmaker (born 1969)"
chelsea,Q743535,Chelsea,area of London and former civil parish
chemical,Q902623,ChEBI,database and ontology of molecular entities focused on small chemical compounds
last exit to brooklyn,Q475800,Last Exit to Brooklyn,1989 film by Uli Edel
lanyards,Q49956032,Lanyards,scientific article published in December 2005
last man on earth,Q1242772,The Last Man on Earth,1964 film directed by Ubaldo Ragona and Sidney Salkow
au courant,Q101238488,Au Courant LGBT Newspaper,"LGBT news publication based in Philadelphia, Pennsylvania"
furl,Q16870055,Furlan,family name
atkins,Q1510450,Atkins,British company
richard milhous nixon,Q9588,Richard Nixon,president of the United States from 1969 to 1974 (1913–1994)
captain kirk,Q5036706,Captain Kirk Douglas,American guitarist
laura dern,Q56405358,Laura Dern filmography,filmography
transatlantic cable,Q361047,transatlantic communications cable,communications cable across the Atlantic
funny or die,Q727561,Funny or Die,comedy website/film/TV production company
lee child,Q333719,Lee Child,British thriller writer
lee grant,Q1605526,Lee Grant,"English association football player, born 1983"
lees,Q16872006,Lees,family name
legends of the fall,Q913324,Legends of the Fall,1994 film directed by Edward Zwick
donna reed show,Q63677,The Donna Reed Show,American situation comedy
legs diamond,Q3829972,Legs Diamond,1976 album by the band Legs Diamond
leon panetta,Q244631,Leon Panetta,"American politician, Secretary of Defense 2011–2013"
checkers speech,Q3030188,Checkers speech,1952 speech by Richard Nixon
leyte gulf,Q60791030,Leyte Gulf order of battle,overview of the Order of Battle for Leyte Gulf
liberal democratic party,Q9624,Liberal Democrats,centrist political party in the United Kingdom
lido,Q3832067,Lido,male given name
toronto maple leafs,Q17144084,Toronto Maple Leafs,baseball team of the Intercounty Baseball League
library of alexandria,Q435,Library of Alexandria,"one of the largest libraries in the ancient world, located in Alexandria, Egypt"
topps,Q910541,Topps,"American manufacturer of chewing gum, candy and collectibles"
brahman,Q190,God,"principal object of faith in monotheistic religions, a divine entity that created and typically supervises all existence"
brahmin,Q47140,Brahmin,varna (class) in Hinduism
rhiannon,Q959036,Rhiannon,1976 song by Fleetwood Mac
dooley wilson,Q908998,Dooley Wilson,American actor and musician (1886-1953)
friars,Q120496144,Friars,family name
fresca,Q3245008,Fresca,branded diet citrus soft drink
frescoes,Q134194,fresco painting,technique of mural painting executed upon freshly laid lime plaster
linear accelerator,Q836828,linear particle accelerator,type of particle accelerator
tommy gun,Q700292,Tommy Gunn,American pornographic actor
linsey-woolsey,Q814654,linsey-woolsey,coarse woven fabric with a linen warp and a wool weft
che,Q39,Switzerland,country in Central Europe
tom-toms,Q849349,tom-tom drum,"common drum, often included in a set"
corbin bernsen,Q737183,Corbin Bernsen,American actor and director
little green apples,Q6650200,Little Green Apples,original song written and composed by Bobby Russell
capri pants,Q1034971,capri pants,calf-length trousers
freddie mac,Q45132432,Freddie Mac Foundation,foundation in United States of America
lockheed martin,Q7240,Lockheed Martin,US aerospace and defense manufacturer
london & paris,Q66813769,London & Paris,
fred de cordova,Q443351,Fred de Cordova,"American stage, motion picture and television director and producer (1910-2001)"
lonely island,Q28101964,Lonely island,painting by L.H. Kuys
lonely planet,Q17957,Lonely Planet,publisher of guidebooks and other media related to travel
"are you there god? it's me, margaret",Q116182802,"Are You There God? It's Me, Margaret","1993 paperback edition, en, Macmillan Children's Books"
are we there yet?,Q3273511,Are We There Yet?,American television sitcom
loretta swit,Q238862,Loretta Swit,American actress (1937–2025)
lorenzo de' medici,Q177854,Lorenzo de' Medici,Italian politician and humanist
archie bunker's place,Q2698050,Archie Bunker's Place,American television sitcom
sara bareilles,Q230445,Sara Bareilles,American recording artist; pop rock singer-songwriter and pianist
tinker toys,Q7808333,Tinker Toys,2008 debut studio album by Rachel Goodrich
frank chance,Q784534,Frank Chance,American baseball player and manager (1876–1924)
time warp,Q175553,Time Warp,American television series
loveseat,Q131514,couch,piece of furniture for seating two or more persons in the form of a bench with armrests
lucerne,Q4191,Lucerne,"city at Lake Lucerne, in central Switzerland"
"sarah, plain and tall",Q4408219,"Sarah, Plain and Tall",1991 television film directed by Glenn Jordan
appropriations committee,Q67619860,"APPROPRIATIONS COMMITTEE, RECONSIDERATION OF AID TO INDIA AND PAKISTAN WITH SECRETARY OF STATE DEAN RUSK, OTHERS (NAID 125282)",item in the National Archives and Records Administration's holdings
charlie brown christmas,Q1393337,A Charlie Brown Christmas,1965 musical television special directed by Bill Melendez
corsican brothers,Q3232828,The Corsican Brothers,1917 film by André Antoine
luther vandross,Q311306,Luther Vandross,American R&B singer (1951–2005)
dick vermeil,Q1209818,Dick Vermeil,American football coach (born 1936)
lymphoma,Q208414,lymphoma,hematologic cancer that affects lymphocytes
lynda bird johnson,Q6708532,Lynda Bird Johnson Robb,daughter of Lyndon B. Johnson and Lady Bird Johnson
fountains of wayne,Q733863,Fountains of Wayne,American rock band
macon,Q219656,Macon,"consolidated city-county in Bibb County, Georgia, United States of America"
110,Q715456,110,natural number
three wise men,Q52151286,Three Wise Men,2016 Nigerian film directed by Pat Ogbere Imobhio
fort sam houston,Q1438706,Fort Sam Houston,"military base in San Antonio, Texas"
capezio,Q37478370,Capezio,family name
brendan behan,Q313063,Brendan Behan,"Irish poet, short story writer, novelist, and playwright (1923-1964)"
thousand acres,Q766463,A Thousand Acres,1997 film by Jocelyn Moorhouse
forsyte saga,Q7734872,The Forsyte Saga,UK television series from 2002–2003
maginot,Q37170096,Maginot,family name
brett butler,Q292073,Brett Butler,American actress
thomas gibson,Q1030149,Thomas Gibson,British painter (1680-1751)
bretton woods,Q34905572,Bretton Woods Recreation Center,"golf and recreation center on the banks of the Potomac River in Germantown, Maryland, United States"
saving grace,Q515155,Saving Grace,American television series
14th amendment,Q188116,Fourteenth Amendment to the United States Constitution,"1868 amendment addressing citizenship rights, civil and political liberties"
malala yousafzai,Q32732,Malala Yousafzai,Pakistani children's education activist
forbidden planet,Q124065918,Forbidden Planet,2013 video game
anthony michael hall,Q361215,Anthony Michael Hall,"American actor, producer and director"
theo van gogh,Q205456,Theo van Gogh,Dutch film director (1957–2004)
mandrake,Q105083269,Mandrake,family name
reichenbach falls,Q183395,Reichenbach Falls,waterfall in Switzerland that is famous for featuring in the fictitious life of Sherlock Holmes
follies,Q2452512,Follies,1971 musical by Stephen Sondheim
manson,Q21448074,Manson,family name
anne robinson,Q59565753,Anne Skaja Robinson,American biochemical engineer
annabelle,Q15733440,Annabelle,2014 film directed by John R. Leonetti
"annapolis, maryland",Q28271,Annapolis,"city in and county seat of Anne Arundel County, Maryland, United States, and Maryland federated state capital city"
marie-louise,Q18012396,Marie-Louise,female given name
mario vargas llosa,Q39803,Mario Vargas Llosa,"Peruvian, Spanish and Dominican novelist and writer (1936–2025)"
terrapins,Q3518575,Maryland Terrapins,intercollegiate sports teams of the University of Maryland
anna christie,Q136813005,Anna Christie,opera by Edward Thomas
mark anthony,Q51673,Mark Antony,Roman politician and general (83 BC – 30 BC)
charles evans hughes,Q313252,Charles Evans Hughes,American jurist; Chief Justice of the United States from 1930 to 1941 (1862–1948)
charles bulfinch,Q1063849,Charles Bulfinch,American architect (1763–1844)
anguilla,Q25228,Anguilla,British overseas territory in the Caribbean
reggie miller,Q123684682,Reggie Miller,American politician
marxism,Q7264,Marxism,economic and sociopolitical worldview
mary bono,Q459753,Mary Bono,American politician
telly,Q29171440,Telly,given name
flooding of the nile,Q1519552,flooding of the Nile,Famous natural phenomenon
andrew luck,Q506098,Andrew Luck,American football player (born 1989)
matt drudge,Q1567226,Matt Drudge,American internet journalist and talk radio host
bristol,Q755149,Bristol,"city in Hartford County, Connecticut, United States"
maxim gorky,Q12706,Maxim Gorky,Russian and Soviet writer (1868–1936)
max weinberg,Q553264,Max Weinberg,American drummer
flats,Q188507,apartment,self-contained housing unit occupying part of a building
british expeditionary force,Q919272,British Expeditionary Force,six British Army divisions sent to the Western Front during the First World War
reddi-wip,Q7305606,Reddi-wip,whipped cream brand
scarab beetle,Q186946,Scarabaeidae,family of beetles
mcintosh,Q16876697,McIntosh,family name
anarchism,Q6199,anarchism,"a philosophy, movement, and political ideology that holds that any government, like the state, is undesirable, unnecessary, and harmful"
amun,Q58373,Amun,Egyptian and Berber deity
tate gallery,Q430682,Tate,art institution in the United Kingdom
carpet sweeper,Q1936024,carpet sweeper,type of mechanical device used to clean carpets in the home
red ryder,Q673286,Red Ryder,1938–1965 American comic strip
creek indians,Q137704437,"Creek Indians in Southern Alabama Become a ""Nation within a Nation""",scholarly article published in Practicing Anthropology (1985)
"20,000",Q183565,Twenty Thousand Leagues Under the Sea,1869/1870 novel by Jules Verne
memo,Q43382054,Memo,male given name
tarp,Q19845591,Tarp station,railway station in Germany
mendelevium,Q1898,mendelevium,chemical element with symbol Md and atomic number 101
american telephone & telegraph,Q35476,AT&T,American multinational conglomerate
merry monarch,Q122553,Charles II of England,"King of England, Scotland, and Ireland from 1660 to 1685"
chaperone,Q422496,molecular chaperone,proteins assisting in protein folding
21st,Q6939,21st century,current century
meredith baxter birney,Q272022,Meredith Baxter,American actress and producer (born 1947)
mexicali,Q1477270,Mexicali Municipality,"municipality in the State of Baja California, Mexico"
meta,Q380,Meta,American multinational technology corporation
michael b. jordan,Q3308007,Michael B. Jordan,American actor (born 1987)
tahrir square,Q12061,Tahrir Square,"public town square in Downtown Cairo, Egypt"
michael wilding,Q1385992,Michael Wilding,English television and film actor (1912-1979)
cris collinsworth,Q5185866,Cris Collinsworth,American football player and sports broadcaster (born 1959)
red adair,Q589905,Red Adair,firefighter (1915–2004)
recount,Q1768366,Recount,2008 television film directed by Jay Roach
aly raisman,Q238663,Aly Raisman,American artistic gymnast and Olympic gold medalist
brook,Q30198,marsh,wetland dominated by herbaceous plants
finnair,Q201821,Finnair,flag-carrier and largest airline of Finland
synagogues,Q42177433,View of the Two Synagogues of Amsterdam,painting by Gerrit Berckheyde
rebel wilson,Q442897,Rebel Wilson,"Australian actress, writer, and producer"
milton eisenhower,Q4501243,Milton Stover Eisenhower,American university president (1899–1985)
financial times,Q183399,Financial Times,London-based daily newspaper
minos,Q23168,Minos,"Greek mythology character, son of Zeus and Europa, king of Crete"
chancellor of germany,Q4970706,Federal Chancellor of Germany,head of government of the Federal Republic of Germany (1949–present)
swiss army,Q23719,Swiss Army knife,brand of pocket knife
swiss chard,Q157954,chard,cultivar group of plant
dr. schweitzer,Q99747861,Dr.-Schweitzer-Straße,"street in Großenhain, Saxony, Germany"
brothers & sisters,Q390076,Brothers & Sisters,American television series
swanee river,Q89706541,Swanee River,vocal track by Kenny Ball and his Jazzmen; 1962 studio recording
mitch miller,Q709499,Mitch Miller,American record producer and musician (1911–2010)
swamp thing,Q2024136,Swamp Thing,1990 American television series
"mobile, alabama",Q79875,Mobile,"county seat of Mobile County, Alabama, United States"
all work and no play,Q114488686,All Work and No Play,episode of The Wild Thornberrys (S3 E14)
susanna,Q14936808,Susanna,female given name
all of me,Q1818379,All of Me,original song written and composed by Gerald Marks and Seymour Simons; jazz standard
reading railroad,Q837860,Reading Company,transport company
brownian motion,Q178036,Brownian motion,the random motion of particles suspended in a fluid resulting from their collision with the quick atoms or molecules in the gas or liquid
cry in the dark,Q6003373,Karanlıkta Bir Çığlık,Wikimedia disambiguation page
surf & turf,Q127683978,Surf & Turf,Papa's Sushiria special recipe
montgomery bus boycott,Q249367,Montgomery bus boycott,"protest campaign against racial segregation on buses in Montgomery, Alabama"
super soaker,Q7642783,Super Soaker,brand of recreational water gun
ferdinand porsche,Q57249,Ferdinand Porsche,"Austrian-born German automotive engineer, inventor (1875–1951)"
brunelleschi,Q174330,Filippo Brunelleschi,"Italian architect, sculptor and engineer"
morley safer,Q920637,Morley Safer,Canadian-American reporter and correspondent (1931-2016)
razorback,Q179020,fin whale,"baleen whale, and second-largest mammal species"
ray walston,Q692800,Ray Walston,American actor (1914–2001)
moscow river,Q83599468,Moscow River,ship built in 1999
chairman of the joint chiefs of staff,Q1763459,Chairman of the Joint Chiefs of Staff,highest ranking military officer in the United States
alexander dumas,Q38337,Alexandre Dumas,French writer and dramatist (1802–1870)
mothman,Q126695408,Mothman,2024 video game
mount palomar,Q7128608,Palomar Mountain,"mountain in San Diego County, California, USA"
scribes,Q508743,sofer,"non-priestly class in Judaism devoted to the study and exposition of the Law; known in the time of Jesus also by the name of lawyers, and addressed as Rabbis"
suite life of zack & cody,Q217246,The Suite Life of Zack & Cody,2005–2008 American sitcom
mount moriah,Q6922267,Mount Moriah,"mountain in Nevada, United States of America"
albert hall,Q1387383,Albert Hall,American actor
submersible,Q135044365,SUBMERSIBLE,video game developed by CJB Games
alan moore,Q205739,Alan Moore,British comic book author (born 1953)
alan arkin,Q108283,Alan Arkin,"American actor, filmmaker (1934–2023)"
mt. kenya,Q172070,Mount Kenya,African stratovolcano
buckeyes,Q2927468,Ohio State Buckeyes,intercollegiate sports teams of Ohio State University
cesare borgia,Q110638058,Cesare Borgia,materials science researcher at ETH Zurich
father of the country,Q5437688,Father of the Country,Wikimedia disambiguation page
father mulcahy,Q96575405,Father Mulcahy,character from the TV series M*A*S*H
airstream,Q409230,Airstream,brand of luxury recreational vehicles
stride,Q16883924,Stride,family name
certs,Q5065284,Certs,confectionery
my man godfrey,Q1811134,My Man Godfrey,1936 film directed by Gregory La Cava
farm aid,Q1396782,Farm Aid,music festival
farming,Q743287,Farmington,"town in Hartford County, Connecticut, United States"
buena vista social club,Q774269,Buena Vista Social Club,1999 film by Wim Wenders
na'vi,Q316939,Na'vi,constructed science-fiction language
fantastic mr. fox,Q465275,Fantastic Mr. Fox,2009 stop-motion animated film by Wes Anderson
sea legs,Q16961525,Sea Legs,2007 song performed by The Shins
sea lion,Q3887135,sea lion,subfamily of marine mammals
nancy walker,Q464973,Nancy Walker,American actress (1922–1992)
napoleonic wars,Q78994,Napoleonic Wars,1803–1815 wars involving the French Empire
stone wall,Q7619043,Stone Wall,escarpment overlooking Murchison River Gorge in Western Australia
faneuil,Q122544483,Faneuil,"populated place in Suffolk County, Massachusetts, United States"
national treasure,Q309366,National Treasure,2004 American adventure heist film by Jon Turteltaub
nas,Q270794,National Academy of Sciences,science branch of the United States National Academies
national organization for women,Q1967556,National Organization for Women,American feminist organization
stigmata,Q190940,stigmata,"the appearance of bodily wounds, scars, and pain in locations corresponding to the crucifixion wounds of Jesus Christ"
steve canyon,Q1471769,Steve Canyon,American comic strip by Milton Caniff
steve winwood,Q314397,Steve Winwood,English rock musician
central time zone,Q2086913,Central Time Zone,time zone observing UTC−06:00 during standard time and UTC−05:00 during daylight saving time
stereo,Q34678,stereo sound,method of sound reproduction using two audio channels
raffles,Q130327,Thomas Stamford Raffles,British statesman who founded Singapore (1781-1826)
candy man,Q296403,Lamar Odom,American basketball player
767,Q829455,767,natural number
neosporin,Q6994170,Neosporin (Neomycin/polymyxin B/bacitracin),antibiotic composed of several compounds
steiff,Q151137,Margarete Steiff GmbH,plush toy company based in Germany
neti pot,Q1425813,nasal irrigation,personal hygiene practice for rinsing out nasal passages.
station,Q12819564,station,intermediate stopping places along transportation routes
nice 'n easy,Q7024637,Nice 'n Easy,shampoo-in permanent hair-coloring
new rochelle,Q744948,New Rochelle,"city in Westchester County, State of New York, United States, suburb of NYC"
admirable crichton,Q7712389,The Admirable Crichton,1957 film by Lewis Gilbert
station eleven,Q116173063,Station Eleven,"2014 Paperback book edition, en, Picador"
9/11,Q10806,September 11 attacks,2001 attacks in the United States
adolph green,Q329849,Adolph Green,American lyricist and playwright (1914-2002)
nineteen eighty-four,Q208460,Nineteen Eighty-Four,1949 dystopian social science fiction novel by George Orwell
nitpick,Q256966,nitpicking,act of picking on minor details
adam scott,Q201842,Adam Scott,American actor
stacey abrams,Q7595813,Stacey Abrams,"American politician, lawyer, voting rights activist, and author (born 1973)"
stacy keach,Q315090,Stacy Keach,American actor
exorcise,Q122265472,Exorcised,2021 video game
norsemen,Q1211290,Norsemen,historical ethnolinguistic group of people originating in Scandinavia
northeastern,Q37548,Northeastern University,"private university in Boston, Massachusetts, USA"
northern cross,Q3698087,Northern Cross,astronomical asterism in the northern hemisphere celestial sphere
st. dominic,Q44091,Saint Dominic,founder of the Dominican Order (1170–1221)
notes,Q1277575,correspondence,mails or messages written by a person and sent to one or several other persons
now you see me,Q499851,Now You See Me,2013 film directed by Louis Leterrier
nsync,Q68650453,NSYNC's albums in chronological order,Wikimedia albums discography
november rain,Q1142302,November Rain,"original song written, composed, and performed by Guns N’ Roses; first recorded by Guns N’ Roses and released in 1991"
noxzema,Q7067326,Noxzema,Brand of skin cleanser marketed by Unilever
dale chihuly,Q613380,Dale Chihuly,American glass sculptor (born 1941)
sporting news,Q2081740,Sporting News Men's College Basketball Player of the Year,US college basketball award
questlove,Q263024,Questlove,"American hip hop musician, record producer and DJ"
quiche lorraine,Q7882068,quiche Lorraine,"savoury open pastry tart with a filling of egg, cream and bacon"
everquest,Q1134845,EverQuest,1999 video game
oberammergau,Q503757,Oberammergau,municipality and village in Germany
observer,Q830077,subject,"being who has a unique consciousness and/or unique personal experiences, or an entity that has a relationship with another entity that exists outside of itself"
european,Q46,Europe,terrestrial continent located in north-western Eurasia
oingo boingo,Q1887278,Oingo Boingo,American new wave band
eugenie,Q21142133,Eugenie,female given name
old man,Q7565,father,male parent
abie's irish rose,Q321047,Abie's Irish Rose,play by Anne Nichols
oliver's story,Q104407058,Oliver's Story,1977 novel by Erich Segal
olivia colman,Q7088045,Olivia Colman,British actress (born 1974)
"oliver wendell holmes, jr.",Q360574,Oliver Wendell Holmes,American jurist (1841–1935); US Supreme Court justice from 1902 to 1932
olympus mons,Q520,Olympus Mons,tallest volcano on Mars
"et tu, brute?",Q617371,"Et tu, Brute?",phrase said in the play Julius Caesar by the title character
etchings,Q29584752,Etchings of Tenby,"book by Charles Norris, 1812"
danny bonaduce,Q1271088,Danny Bonaduce,"American professional wrestler, actor and radio/television personality"
danny boyle,Q134867,Danny Boyle,English filmmaker
queen's birthday,Q2564633,King's Official Birthday,public holiday in Commonwealth realms
oprah's book club,Q1456851,Oprah's Book Club,award
orange free state,Q160284,Free State,province of South Africa
south lawn,Q1511154,South Lawn,"location within the White House campus in Washington, D.C., United States"
southern baptist convention,Q1351880,Southern Baptist Convention,Christian denomination
operation overlord,Q8641370,Operation Overlord,1944 Allied liberation of German-occupied France during World War II
operation petticoat,Q5743121,Operation Petticoat,American television series
souchong,Q63341957,souchong,
orcas,Q7100166,Orcas Village,"unincorporated community on Orcas Island, Washington"
order of the british empire,Q14420,Order of the British Empire,British order of chivalry
ossining,Q522356,Ossining,"town in Westchester County, New York, United States"
ove,Q1760107,Ove,male given name
date palm,Q25292,Phoenix dactylifera,palm tree cultivated for its edible sweet fruit
solomon grundy,Q65422757,Solomon Grundy,2012 film directed by Mattson Tomlin
pad thai,Q730298,pad thai,stir-fried noodle dish from Thailand
dave chappelle,Q40321,Dave Chappelle,American comedian and actor (born 1973)
paisley park,Q2280168,Paisley Park Records,US record label founded by Prince
soft,Q193934,paperback,book with a paper or paperboard cover
snowy river,Q498876,Snowy River,"river in New South Wales and Victoria, Australia"
desert inn,Q1200583,Desert Inn,"former hotel casino in Las Vegas, Nevada"
secretary general,Q6501749,general secretary,leader or chief officer of an organisation
pappy boyington,Q684140,Pappy Boyington,United States Marine Corps aviator and Medal of Honor recipient (1912-1988)
par avion,Q667336,Par Avion,episode of Lost (S3 E12)
david rockefeller,Q11239,David Rockefeller,American banker and philanthropist (1915–2017)
parker posey,Q204586,Parker Posey,American actress
en plein air,Q829298,en plein air,act of painting outdoors
smilla,Q113987144,Smilla Vallotto,Swiss-Italian-Norwegian association football player
canal street,Q2431462,Canal Street,New York City subway station
pat summitt,Q460394,Pat Summitt,American basketball player and coach (1952–2016)
emma woodhouse,Q75356141,Emma Woodhouse,(born 1954)
emeril,Q106427196,Emeril,given name
patricia,Q1231089,Patricia,female given name
"paul ""bear"" bryant",Q278804,Bear Bryant,American college football coach (1913–1983)
patty duke show,Q3988658,The Patty Duke Show,American television sitcom
punjabi,Q58635,Punjabi,Indo-Aryan language spoken in the Punjab region of Pakistan and India
peach pit,Q1053897,Peach-Pit,manga artists from Japan
elsie,Q16423214,Elsie,female given name
canadian football league,Q1032175,Canadian Football League,professional Canadian football league
elizabeth edwards,Q43274817,Elizabeth A. Edwards,chemical engineer
elizabeth smart,Q3051272,Elizabeth Smart,Canadian poet and novelist (1913-1986)
pemex,Q871308,Pemex,Mexican state-owned petroleum corporation
pentatonix,Q20899525,Pentatonix,2015 album by Pentatonix
pentecostal,Q483978,Pentecostalism,evangelical Christian movement
dear john,Q51845576,Dear John,song by Taylor Swift
pessimist,Q2072992,Pessimist,German thrash metal musical group
peter dinklage,Q310937,Peter Dinklage,American actor (born 1969)
sisters-in-law,Q29048284,Sisters-in-Law,television series
death cab for cutie,Q16414,Death Cab for Cutie,American rock band
sister act 2,Q1140762,Sister Act 2: Back in the Habit,1993 film directed by Bill Duke
peter boyle,Q315123,Peter Boyle,American actor (1935–2006)
sister kenny,Q2415401,Sister Kenny,1946 American movie
peter straub,Q364189,Peter Straub,American novelist and poet (1943–2022)
phoenician,Q36734,Phoenician,ancient Semitic language of the Mediterranean
phoebe cates,Q14439,Phoebe Cates-Kline,"American actress, model, and entrepreneur"
pianissimo,Q953127,pianissimo,term used in musical notation to indicate a very low degree of sound intensity
canada day,Q639756,Canada Day,Canadian national holiday on July 1
dulce de leche,Q917761,dulce de leche,sweet confection
single white female,Q1542371,Single White Female,1992 film directed by Barbet Schroeder
eiderdown,Q20051632,eiderdown,the down feathers of the eider duck
silver chair,Q331669,The Silver Chair,fantasy novel by C. S. Lewis
edward the black prince,Q104858032,Edward the Black Prince,play by William Shirley
department store,Q100353030,Department Store,painting by Amrita Sher-Gil
edo,Q1490,Tokyo,capital and largest city of Japan
"cairo, egypt",Q85,Cairo,capital city of Egypt
sick bay,Q7507597,sick bay,compartment in a ship used for medical purposes
sepoys,Q129864,Indian Mutiny of 1857,1857–58 uprising against British Company rule
siamese cats,Q30936235,Siamese Cats,Japanese band
caldecott,Q1364488,Randolph Caldecott,British artist and illustrator (1846-1886)
shredded wheat,Q7503454,Shredded Wheat,Brand of breakfast cereal by Post
septuagint,Q29334,Septuagint,translation of the Hebrew Bible and other books into the Greek language
eddie arcaro,Q28824,Eddie Arcaro,American jockey (1916–1997)
eddie bauer,Q23022225,Eddie Bauer,American outdoorsman
"ed begley, jr.",Q464425,"Ed Begley, Jr.",American actor
point break,Q1146552,Point Break,1991 film by Kathryn Bigelow
ponce de léon,Q41140799,Ponce de León,family name
shipwreck,Q104836866,Shipwreck,2014 video game
pontoon bridge,Q2104072,pontoon bridge,bridge that uses floats or shallow-draft boats for support (temporary or permanent)
casualties of war,Q1126637,Casualties of War,1989 film directed by Brian De Palma
delacroix,Q33477,Eugène Delacroix,French painter (1798–1863)
shelf,Q134851,continental shelf,portion of a continent that is submerged under an area of relatively shallow water known as a shelf sea
shasta,Q156350,Shasta County,"county in California, United States"
potus,Q76,Barack Obama,president of the United States from 2009 to 2017
praetorians,Q2052448,Praetorians,2003 video game
sharpie,Q724530,Sharpie,American manufacturer of writing instruments
earl hines,Q354883,Earl Hines,American jazz pianist (1903–1983)
preface,Q670787,preface,introduction to a book or other literary work
presbyterian church,Q178169,Presbyterianism,branch of Protestant Christianity using presbyterian church government and originating in the British Isles
presidency,Q3558349,presidency,collective administrative and governmental entity that exists around an office of president
president bill clinton,Q20198136,President Bill Clinton,painting by Chuck Close
pribilof islands,Q1144173,Pribilof Islands,"group of islands in Aleutians West Census Area, Alaska, United States"
camden,Q79446,Camden,"city in and county seat of Ouachita County, Arkansas, United States"
shakespeare in the park,Q7013975,Shakespeare in the Park,"theatrical program that stages productions of Shakespearean plays at the Delacorte Theater in Central Park, Manhattan, New York"
dutch guiana,Q730,Suriname,country in South America
zooey,Q107059597,Valentina Azarova,Russian jujutsuka and pornographic actress
dwight moody,Q100886537,Dwight Moody,college basketball player (1983–1983) Missouri
dwyane wade,Q31683,Dwyane Wade,American basketball player
two weeks notice,Q719823,Two Weeks Notice,2002 film directed by Marc Lawrence
alexander mcqueen,Q207939,Alexander McQueen,British fashion designer (1969–2010)
twelve angry men,Q386042,12 Angry Men,1997 television film directed by William Friedkin
movement,Q49773,social movement,loosely organized effort by a large group of people to achieve a particular set of goals
kevin garnett,Q189240,Kevin Garnett,American retired professional basketball player and actor
chainsmokers,Q7721993,The Chainsmokers,American electronic music duo
june allyson,Q232863,June Allyson,American actress (1917–2006)
modi,Q1058,Narendra Modi,Prime Minister of India since 2014
common cause,Q2197252,Common Cause,organization
george f. handel,Q126290006,George F. Handel’s “How Beautiful Are the Feet” as Transformational Object: An Autobiographical Account,scholarly article
pierre auguste renoir,Q39931,Pierre-Auguste Renoir,French painter and sculptor (1841–1919)
person of interest,Q564345,Person of Interest,2011 American science fiction crime drama television series
six-pack,Q2342050,Six Pack,1981 EP by Black Flag
robin thicke,Q467423,Robin Thicke,"American singer, songwriter, and record producer"
carlsbad,Q491099,Carlsbad,"coastal city in the North County region of San Diego County, California, United States"
changing water into wine,Q625140,Marriage at Cana,scene of a miracle in the Bible
de medicis,Q182021,Marie de' Medici,"Queen of France, second wife of King Henry IV of France (1575-1642)"
2016,Q25245,2016,year
j'accuse...!,Q741304,J’accuse…!,public letter by Émile Zola in 1898
sniff,Q2635348,Sniff,character in the Moomin series
boats,Q35872,boat,smaller watercraft
medes,Q8735,Medes,ancient Iranian People
betsy,Q832242,Betsy,female given name
mc,Q235,Monaco,microstate in Western Europe
billy barty,Q716319,Billy Barty,American film actor (1924-2000)
second life,Q10369191,Second Life,2009 film
havana cuba,Q135111897,Havana Cuba,painting by George Benjamin Luks (1867–1933)
hatter,Q1639239,hatter,"craftsperson who makes hats (blocking, shaping, sewing; may repair)"
obituaries,Q309481,obituary,short biography of someone who recently died
bizarro,Q37305964,Bizarro,family name
thomas e. dewey,Q320061,Thomas E. Dewey,American politician (1902–1971)
sean young,Q104840441,Sean Young,Canadian soccer player
tim gunn,Q978646,Tim Gunn,American actor and fashion consultant
love guru,Q656664,The Love Guru,2008 film directed by Marco Schnabel
los lobos,Q370400,Los Lobos,Mexican-American Chicano rock band
frank buck,Q3751772,Frank Buck,"American hunter, animal collector, actor and author (1884–1950)"
sandy duncan,Q266825,Sandy Duncan,"American actress, comedian, dancer and singer (born 1946)"
transamerica building,Q115176519,Fugazi Bank Building,"historic commercial building in San Francisco, California"
mr. mister,Q1334471,Mr. Mister,American pop rock band
lacey chabert,Q232910,Lacey Chabert,American actress
ruth st. denis,Q268760,Ruth St. Denis,American dancer (1879-1968)
praise the lord,Q190340,hallelujah,religious interjection derived from Hebrew
grenades,Q4147798,Grenades,2003 film
shrove tuesday,Q4845365,Shrove Tuesday,day in February or March preceding Ash Wednesday
pepsi-cola,Q20108640,Pepsi-Cola,cycling team (1987-1989)
snow white and the huntsman,Q624603,Snow White and the Huntsman,2012 film by Rupert Sanders
secret life of walter mitty,Q3522637,The Secret Life of Walter Mitty,2013 film by Ben Stiller
solvang,Q822559,Solvang,"city in Santa Barbara County, California, United States"
née,Q1376230,maiden name,original family name before it was changed upon marriage
dan jansen,Q1159087,Dan Jansen,American speed skater
latter-day saints,Q3177118,Latter Day Saints,religious group part of the Latter Day Saint movement
cinéma vérité,Q1092621,cinéma vérité,style of documentary filmmaking
national audubon society,Q1646000,National Audubon Society,American non-profit organization
alpenhorn,Q64140730,alphorn music,musical form/genre
metroliner,Q5430063,Fairchild C-26 Metroliner,1980s airlifter series by Fairchild Aircraft
american sniper,Q16970789,American Sniper,2014 film directed by Clint Eastwood
firths,Q25435899,Firths Stanislaviv Imperial and Royal gymnasium,
matt helm,Q23773281,Matt Helm,book series by Donald Hamilton
andre braugher,Q463397,Andre Braugher,American actor (1962–2023)
"charles ""lucky"" luciano",Q208357,Lucky Luciano,Italian American mobster (1897–1962)
"trenton, new jersey",Q25330,Trenton,"capital of New Jersey, United States and seat of Mercer County, New Jersey, United States"
"lynette ""squeaky"" fromme",Q508703,Lynette Fromme,attempted assassin of Gerald Ford (born 1948)
conde nast,Q605401,Condé Nast,American mass media company
looney tunes,Q622435,Looney Tunes,1930-1969 American series of animated comedy short films produced by Warner Bros
corncob pipe,Q2659887,corncob pipe,smoking pipe
die hard 2,Q105993,Die Hard 2,1990 film directed by Renny Harlin
university of connecticut,Q99392063,University of Connecticut College of Liberal Arts and Sciences,college within the University of Connecticut
frank loesser,Q966018,Frank Loesser,American songwriter (1910–1969)
jerry bruckheimer,Q217037,Jerry Bruckheimer,American film and television producer (born 1943)
lyon,Q456,Lyon,city of France
jagermeister,Q4173566,Jägermeister,"master of the hunt, position in the Russian Imperial order of rank"
gone baby gone,Q247182,Gone Baby Gone,2007 film by Ben Affleck
what color is your parachute?,Q126678195,What Color Is Your Parachute?,book edition (en)
brenda lee,Q230925,Brenda Lee,American singer and recording artist (born 1944)
houdon,Q318741,Jean-Antoine Houdon,French artist (1741–1828)
laurels,Q56312659,laurels,figure of speech
fibber mcgee & molly,Q4355416,Fibber McGee and Molly,American radio comedy series
star wars: the phantom menace,Q165713,Star Wars: Episode I – The Phantom Menace,1999 film directed by George Lucas
wasatch,Q26766,Wasatch County,"county in north-central Utah, United States"
nineteen,Q39850,19,natural number
major league baseball,Q1163715,Major League Baseball,North American professional baseball league
san francisco examiner,Q2164240,San Francisco Examiner,"newspaper in San Francisco, California"
massachusetts general hospital,Q126412,Massachusetts General Hospital,"teaching hospital in Boston, Massachusetts, United States"
plain jane,Q7200616,Plain Jane,album by Chantal Kreviazuk
franny,Q15615772,The Benefactor,2015 film directed by Andrew Renzi
oral roberts university,Q3121493,Oral Roberts University,"interdenominational, Christian, comprehensive liberal arts university"
gulf of sidra,Q187274,Gulf of Sidra,body of water in the Mediterranean Sea on the northern coast of Libya
labrador retrievers,Q58120164,"Labrador retrievers under primary veterinary care in the UK: demography, mortality and disorders",
