qid,label,norm,description,entity_type,feature_type,sitelinks,population,country,already_in_jeopardy
Q46,Europe,europe,terrestrial continent located in north-western Eurasia,LOC,continent,399,,,True
Q15,Africa,africa,continent,LOC,continent,367,,,True
Q48,Asia,asia,"terrestrial continent, mainly in the northeastern quadrant",LOC,continent,358,,,True
Q84,London,london,capital and largest city of England and the United Kingdom,GPE,city,350,8799728.0,United Kingdom,True
Q18,South America,south america,continent located mainly in the southwestern quadrant of the Earth,LOC,continent,334,,,False
Q334,Singapore,singapore,sovereign island country and city-state in maritime Southeast Asia,GPE,city,327,5866139.0,Singapore,True
Q60,New York City,new york city,most populous city in the United States,GPE,city,320,8804190.0,United States,True
Q51,Antarctica,antarctica,terrestrial continent in the Southern Hemisphere,LOC,continent,309,,,True
Q956,Beijing,beijing,capital city of China,GPE,city,302,21893095.0,People's Republic of China,False
Q8646,Hong Kong,hong kong,city and special administrative region of China,GPE,city,296,7413070.0,People's Republic of China,False
Q49,North America,north america,northern subcontinent of America,LOC,continent,295,,,False
Q1218,Jerusalem,jerusalem,"city in the Middle East, holy to the three Abrahamic religions",GPE,city,293,936425.0,Israel,True
Q1757,Helsinki,helsinki,capital and most populous city of Finland,GPE,city,291,686595.0,Finland,False
Q270,Warsaw,warsaw,capital and largest city of Poland,GPE,city,286,1862402.0,Poland,True
Q43387,Edirne,edirne,"central district and city in Edirne Province, Turkey",GPE,city,283,180327.0,Turkey,False
Q19689,Tirana,tirana,capital and the largest city of Albania,GPE,city,279,389323.0,Albania,False
Q65,Los Angeles,los angeles,"seat of Los Angeles County, and largest city in California, United States",GPE,city,277,3898747.0,United States,True
Q727,Amsterdam,amsterdam,capital and most populous city of the Netherlands,GPE,city,277,921468.0,Netherlands,False
Q1754,Stockholm,stockholm,capital and largest city of Sweden,GPE,city,275,984748.0,Sweden,False
Q828,Americas,americas,North America and South America taken together as a single continent or landmass,LOC,continent,266,,,False
Q97,Atlantic Ocean,atlantic ocean,"ocean between Europe, Africa and the Americas",LOC,ocean,265,,,False
Q98,Pacific Ocean,pacific ocean,"ocean between Asia, Australia and the Americas",LOC,ocean,260,,,False
Q1854,Ho Chi Minh City,ho chi minh city,municipality in Vietnam,GPE,city,256,14002598.0,Vietnam,False
Q1861,Bangkok,bangkok,capital of Thailand,GPE,city,256,5676648.0,Thailand,False
Q3130,Sydney,sydney,"capital city of New South Wales, Australia",GPE,city,255,5450496.0,Australia,True
Q1489,Mexico City,mexico city,capital and largest city of Mexico,GPE,city,254,9209944.0,Mexico,True
Q174,São Paulo,são paulo,"Municipality of São Paulo state, Brazil",GPE,city,253,11451999.0,Brazil,False
Q8684,Seoul,seoul,capital and largest city of South Korea,GPE,city,251,9668465.0,South Korea,False
Q1239,Indian Ocean,indian ocean,"ocean bounded by Africa, Asia, Australia, and Antarctica",LOC,sea,244,,,True
Q1492,Barcelona,barcelona,"city in Catalonia, Spain",GPE,city,244,1731649.0,Spain,False
Q1748,Copenhagen,copenhagen,capital and largest city of Denmark,GPE,city,243,667099.0,Denmark,False
Q3766,Damascus,damascus,capital and largest city of Syria,GPE,city,238,2685360.0,Syria,True
Q3640,Ankara,ankara,capital of Turkey,GPE,city,238,5803482.0,Turkey,False
Q3392,Nile,nile,major river in northeastern Africa,LOC,river,234,,,False
Q513,Mount Everest,mount everest,"Earth's highest mountain above sea level, located in the Mahalangur Himal sub-range of the Himalayas",LOC,mountain,230,,,False
Q216,Vilnius,vilnius,capital and largest city of Lithuania,GPE,city,228,581475.0,Lithuania,False
Q3711,Belgrade,belgrade,capital of Serbia,GPE,city,227,1197714.0,Serbia,False
Q641,Venice,venice,"capital city of Veneto, Italy",GPE,city,225,250369.0,Italy,True
Q994,Tbilisi,tbilisi,capital and the largest city of Georgia (country),GPE,city,224,1118035.0,Georgia,False
Q2844,Brasília,brasília,federal capital of Brazil,GPE,city,224,2996899.0,Brazil,True
Q490,Milan,milan,Italian commune and capital city of Lombardy,GPE,city,224,1354196.0,Italy,False
Q788,Arctic Ocean,arctic ocean,"smallest, shallowest, coldest, and northernmost of the world's major oceans",LOC,ocean,222,,,False
Q1156,Mumbai,mumbai,"capital city in Maharashtra, India",GPE,city,222,15414288.0,India,True
Q1780,Bratislava,bratislava,capital city of Slovakia,GPE,city,222,479389.0,Slovakia,True
Q1410,Gibraltar,gibraltar,British overseas territory on the Iberian peninsula,GPE,city,221,,United Kingdom,False
Q2868,Lima,lima,capital and largest city of Peru,GPE,city,218,9943800.0,Peru,False
Q172,Toronto,toronto,"capital and largest city of the province of Ontario, Canada",GPE,city,218,2794356.0,Canada,False
Q5838,Kabul,kabul,capital and the largest city of Afghanistan,GPE,city,218,5333284.0,Afghanistan,False
Q612,Dubai,dubai,most populous city in the United Arab Emirates and the capital of the Emirate of Dubai,GPE,city,217,3944751.0,United Arab Emirates,False
Q1354,Dhaka,dhaka,capital and largest city of Bangladesh,GPE,city,216,16800000.0,Bangladesh,False
Q1533,Caracas,caracas,capital and largest city of Venezuela,GPE,city,216,2245744.0,Venezuela,False
Q1764,Reykjavík,reykjavík,capital and largest city in Iceland,GPE,city,214,138772.0,Iceland,True
Q1865,Kuala Lumpur,kuala lumpur,Federal territory and capital city of Malaysia,GPE,city,213,9000280.0,Malaysia,False
Q11194,Sarajevo,sarajevo,capital city of Bosnia and Herzegovina,GPE,city,213,275524.0,Bosnia and Herzegovina,False
Q3783,Amazon,amazon,river in South America,LOC,river,208,,,False
Q3114,Canberra,canberra,capital city of Australia,GPE,city,207,381488.0,Australia,True
Q70,Bern,bern,"city in Switzerland, capital of the canton of Bern and de facto capital of Switzerland",GPE,city,205,136988.0,Switzerland,False
Q2634,Naples,naples,"capital city of Campania, Italy",GPE,city,203,913462.0,Italy,False
Q3561,Algiers,algiers,capital city of Algeria,GPE,city,203,2364230.0,Algeria,False
Q5484,Caspian Sea,caspian sea,The largest landlocked salt lake between Europe and Asia,LOC,sea,203,,,False
Q437,Ljubljana,ljubljana,capital city of Slovenia,GPE,city,201,284293.0,Slovenia,False
Q3141,Melbourne,melbourne,"capital city of Victoria, Australia",GPE,city,201,5350705.0,Australia,False
Q3624,Addis Ababa,addis ababa,capital city of Ethiopia,GPE,city,199,5704000.0,Ethiopia,False
Q3761,Accra,accra,capital city of Ghana,GPE,city,196,1782150.0,Ghana,False
Q18808,Pyongyang,pyongyang,capital city of North Korea,GPE,city,196,2863000.0,North Korea,False
Q3787,Abuja,abuja,capital city of Nigeria,GPE,city,195,1693400.0,Nigeria,False
Q1563,Havana,havana,capital and largest city of Cuba,GPE,city,195,2492618.0,Cuba,False
Q1867,Taipei,taipei,special municipality and capital city of Taiwan,GPE,city,193,2442991.0,Taiwan,False
Q1653,Danube,danube,second-longest river in Europe,LOC,river,193,,,False
Q21197,Chișinău,chișinău,capital of Moldova,GPE,city,193,567038.0,Moldova,False
Q3037,Kathmandu,kathmandu,capital of Nepal,GPE,city,193,845767.0,Nepal,False
Q7835,Crimea,crimea,"Eastern European peninsula, in the Black Sea and Sea of Azov, disputed between Ukraine (de jure) and Russia (de facto)",LOC,peninsula,192,,,False
Q16635,Guam,guam,unincorporated territory of the United States of America,LOC,island,192,,,False
Q269,Tashkent,tashkent,capital of Uzbekistan,GPE,city,192,2956384.0,Uzbekistan,False
Q3805,Amman,amman,capital of Jordan,GPE,city,192,4007526.0,Jordan,False
Q23522,Balkans,balkans,geopolitical and cultural region of Southeast Europe,LOC,peninsula,191,,,False
Q1863,Andorra la Vella,andorra la vella,capital of Andorra,GPE,city,191,,Andorra,False
Q7354,Southern Ocean,southern ocean,ocean around Antarctica,LOC,ocean,191,,,False
Q23564,Podgorica,podgorica,capital city of Montenegro,GPE,city,189,150977.0,Montenegro,False
Q23430,Ulaanbaatar,ulaanbaatar,capital and largest city of Mongolia,GPE,city,189,1396288.0,Mongolia,False
Q33935,Tel Aviv,tel aviv,city in Israel,GPE,city,189,467875.0,Israel,True
Q1693,North Sea,north sea,marginal sea of the Atlantic Ocean,LOC,sea,189,,,False
Q23436,Edinburgh,edinburgh,"capital city of Scotland, UK",GPE,city,189,488050.0,United Kingdom,True
Q23406,Red Sea,red sea,seawater inlet of the Indian Ocean,LOC,sea,187,,,False
Q8673,Lagos,lagos,largest city and former capital of Nigeria,GPE,city,186,15070000.0,Nigeria,False
Q3579,Tripoli,tripoli,capital city of Libya,GPE,city,186,1293016.0,Libya,False
Q34647,Johannesburg,johannesburg,largest city in South Africa,GPE,city,186,4803262.0,South Africa,True
Q34001,Roubaix,roubaix,"commune in Nord, France",GPE,city,184,,France,False
Q1519,Abu Dhabi,abu dhabi,capital city of the United Arab Emirates,GPE,city,184,1570000.0,United Arab Emirates,False
Q584,Rhine,rhine,river in Western Europe to the North Sea,LOC,river,184,,,False
Q3897,Luanda,luanda,capital of Angola,GPE,city,184,2487444.0,Angola,False
Q3551,Rabat,rabat,capital city of Morocco,GPE,city,183,572717.0,Morocco,False
Q626,Volga,volga,river in Russia; the longest river in Europe,LOC,river,183,,,False
Q1963,Khartoum,khartoum,capital city of Sudan,GPE,city,182,5345000.0,Sudan,False
Q23438,Ashgabat,ashgabat,capital city of Turkmenistan,GPE,city,182,1030063.0,Turkmenistan,False
Q36600,The Hague,hague,"city and municipality in the Netherlands, seat of the Dutch government",GPE,city,182,548320.0,Netherlands,False
Q3894,Kampala,kampala,capital and the largest city of Uganda,GPE,city,181,1680600.0,Uganda,False
Q24826,Liverpool,liverpool,"city in Merseyside, England, United Kingdom",GPE,city,181,513441.0,United Kingdom,False
Q18125,Manchester,manchester,"city in Greater Manchester, England",GPE,city,180,547627.0,United Kingdom,False
Q2900,Quito,quito,capital of Ecuador,GPE,city,180,1763275.0,Ecuador,False
Q1850,Phnom Penh,phnom penh,capital of Cambodia,GPE,city,179,2129371.0,Cambodia,True
Q1247,Caribbean Sea,caribbean sea,"Marginal tropical sea of the Atlantic Ocean, located east of Central America, south of the Greater Antilles and north of South America",LOC,sea,179,,,True
Q5513,Lake Baikal,lake baikal,"freshwater rift lake in southern Siberia, Russia; the greatest mountain lake in Asia and the most voluminous freshwater lake in the world",LOC,lake,177,,,False
Q23800,Valletta,valletta,capital of Malta,GPE,city,177,,Malta,False
Q3703,Bamako,bamako,capital of Mali,GPE,city,177,4227569.0,Mali,False
Q87,Alexandria,alexandria,port city on the Mediterranean coast of Egypt,GPE,city,176,5362517.0,Egypt,False
Q2933,Asunción,asunción,capital of Paraguay,GPE,city,175,462241.0,Paraguay,False
Q9365,Dushanbe,dushanbe,capital of Tajikistan,GPE,city,175,948251.0,Tajikistan,False
Q1497,Mississippi River,mississippi river,primary river of the largest drainage basin in the United States,LOC,river,175,,,True
Q3935,Windhoek,windhoek,capital of the Republic of Namibia,GPE,city,174,431000.0,Namibia,False
Q2656,Palermo,palermo,"Italian city, capital of Sicily",GPE,city,174,630167.0,Italy,False
Q1842,Luxembourg,luxembourg,capital and largest city of Luxembourg,GPE,city,174,137696.0,Luxembourg,True
Q83285,Durrës,durrës,city in Albania,GPE,city,174,101728.0,Albania,False
Q3844,Brazzaville,brazzaville,capital of the Republic of the Congo,GPE,city,173,2145783.0,Republic of the Congo,False
Q5089,Ganges,ganges,major river in India,LOC,river,172,,,False
Q3921,Harare,harare,capital and largest city of Zimbabwe,GPE,city,172,2150000.0,Zimbabwe,False
Q4093,Glasgow,glasgow,"city in Scotland, United Kingdom",GPE,city,172,626410.0,United Kingdom,False
Q23666,Great Britain,great britain,island in the North Atlantic Ocean off the northwest coast of continental Europe,LOC,island,170,,,False
Q3757,Java,java,island of Indonesia,LOC,island,169,,,False
Q22890,Ireland,ireland,island in the North Atlantic Ocean,LOC,island,169,,,False
Q2471,Sanaa,sanaa,capital city of Yemen,GPE,city,169,2957000.0,Yemen,False
Q34370,Rotterdam,rotterdam,"city in South Holland, the Netherlands",GPE,city,169,664311.0,Netherlands,True
Q2449,Mogadishu,mogadishu,capital and the largest city of Somalia,GPE,city,168,2120000.0,Somalia,True
Q9270,Thimphu,thimphu,capital of Bhutan,GPE,city,168,114551.0,Bhutan,False
Q2079,Leipzig,leipzig,"largest city in Saxony, Germany",GPE,city,168,619879.0,Germany,True
Q3183,Perth,perth,"capital city of Western Australia, Australia",GPE,city,167,2141834.0,Australia,False
Q40840,Tampere,tampere,city in the region of Pirkanmaa in Finland,GPE,city,167,255333.0,Finland,False
Q35178,Kuwait City,kuwait city,capital of Kuwait,GPE,city,166,2989000.0,Kuwait,False
Q3739,Bissau,bissau,capital city of Guinea-Bissau,GPE,city,165,492004.0,Guinea-Bissau,False
Q12837,Iberian Peninsula,iberian peninsula,peninsula located in the extreme southwest of Europe,LOC,peninsula,165,,,False
Q588,Katowice,katowice,"city in Silesian Voivodeship, Poland",GPE,city,164,278090.0,Poland,False
Q3881,Lusaka,lusaka,capital of Zambia,GPE,city,164,2467563.0,Zambia,False
Q3642,Asmara,asmara,capital city of Eritrea,GPE,city,164,963000.0,Eritrea,False
Q3882,Manama,manama,capital of Bahrain,GPE,city,164,297502.0,Bahrain,False
Q14452,Easter Island,easter island,Polynesian island and special territory of Chile,LOC,island,163,,,False
Q5776,Bethlehem,bethlehem,city in the State of Palestine,GPE,city,163,,Palestine,False
Q5413,Yangtze,yangtze,"Longest river in Asia, and the third-longest in the world",LOC,river,163,,,False
Q586,Bonn,bonn,city in Germany and capital of former West Germany,GPE,city,163,335789.0,Germany,False
Q3889,Maputo,maputo,capital and chief port of Mozambique,GPE,city,163,1133200.0,Mozambique,False
Q3919,Gaborone,gaborone,capital city of Botswana,GPE,city,163,235884.0,Botswana,False
Q34932,Brisbane,brisbane,"capital city of Queensland, Australia",GPE,city,162,2706966.0,Australia,False
Q3808,Yaoundé,yaoundé,capital of Cameroon,GPE,city,162,2440462.0,Cameroon,False
Q2256,Birmingham,birmingham,"city in the West Midlands, England",GPE,city,162,1137100.0,United Kingdom,False
Q3726,Banjul,banjul,capital of The Gambia,GPE,city,162,,The Gambia,False
Q3659,N'Djamena,ndjamena,capital and largest city of Chad,GPE,city,161,1092066.0,Chad,False
Q959,Vladivostok,vladivostok,Russian city and the administrative center of Primorsky Krai,GPE,city,161,591628.0,Russia,True
Q3792,Lomé,lomé,capital city of Togo,GPE,city,161,2188376.0,Togo,False
Q3748,Monrovia,monrovia,capital city of Liberia,GPE,city,161,1021762.0,Liberia,False
Q10686,Belfast,belfast,capital city of Northern Ireland,GPE,city,161,345006.0,United Kingdom,False
Q3674,Niamey,niamey,capital of Niger,GPE,city,161,1496260.0,Niger,False
Q9279,Bandar Seri Begawan,bandar seri begawan,capital and largest city of Brunei,GPE,city,160,,Brunei,False
Q10690,Cardiff,cardiff,"capital city of Wales, United Kingdom",GPE,city,160,383536.0,United Kingdom,False
Q3733,Conakry,conakry,capital of Guinea,GPE,city,160,1667864.0,Guinea,False
Q3001,Paramaribo,paramaribo,capital city of Suriname,GPE,city,160,223757.0,Suriname,False
Q3825,Libreville,libreville,capital city of Gabon,GPE,city,159,899000.0,Gabon,False
Q37100,Auckland,auckland,"city on the North Island, New Zealand",GPE,city,159,1470100.0,New Zealand,False
Q34692,Kingston,kingston,capital of Jamaica,GPE,city,159,937700.0,Jamaica,True
Q1891,Bologna,bologna,"city and commune in Emilia-Romagna, Italy",GPE,city,159,387971.0,Italy,False
Q3799,Porto-Novo,porto-novo,capital of Benin,GPE,city,158,234168.0,Benin,False
Q3492,Sumatra,sumatra,"island in western Indonesia, westernmost of the Sunda Islands",LOC,island,158,,,False
Q3832,Bangui,bangui,capital city of the Central African Republic,GPE,city,158,889231.0,Central African Republic,False
Q3503,Congo,congo,river in central Africa,LOC,river,158,,,False
Q13353,Montserrat,montserrat,British overseas territory and island in the Caribbean,LOC,island,157,,,False
Q34374,Crete,crete,island of Greece,LOC,island,157,,,False
Q3306,Panama City,panama city,capital of Panama,GPE,city,157,410354.0,Panama,False
Q5112,Adelaide,adelaide,capital city of South Australia,GPE,city,156,1387290.0,Australia,True
Q3751,Praia,praia,capital of Cape Verde,GPE,city,156,159050.0,Cape Verde,False
Q3780,Freetown,freetown,capital of Sierra Leone,GPE,city,155,951000.0,Sierra Leone,False
Q3854,Bujumbura,bujumbura,former capital of Burundi,GPE,city,155,658859.0,Burundi,False
Q9347,Malé,malé,capital of the Maldives,GPE,city,155,133019.0,Maldives,False
Q25270,Pristina,pristina,capital and the largest city of Kosovo,GPE,city,154,227466.0,Serbia,False
Q3818,Malabo,malabo,city and former capital of Equatorial Guinea,GPE,city,154,297000.0,Equatorial Guinea,False
Q1515,Abidjan,abidjan,major city and economic capital of Côte d'Ivoire,GPE,city,154,5616633.0,Ivory Coast,False
Q35493,Almaty,almaty,former capital of Kazakhstan and the nation's largest city,GPE,city,154,2228675.0,Kazakhstan,False
Q3876,Lilongwe,lilongwe,capital of Malawi,GPE,city,154,989318.0,Malawi,False
Q1458,Calabria,calabria,region of Italy,LOC,peninsula,154,,,False
Q3688,Nouakchott,nouakchott,capital of Mauritania,GPE,city,153,1446761.0,Mauritania,False
Q34675,Persian Gulf,persian gulf,extension of the Indian Ocean,LOC,sea,153,,,False
Q7348,Indus River,indus river,river in Asia,LOC,river,153,,,False
Q13375,Pisa,pisa,"city in Tuscany, Central Italy",GPE,city,153,,Italy,False
Q5505,Lake Victoria,lake victoria,lake in east-central Africa,LOC,lake,153,,,False
Q37400,Naypyidaw,naypyidaw,capital city of Myanmar,GPE,city,153,1160242.0,Myanmar,False
Q1555,Guatemala City,guatemala city,capital and largest city of the Republic of Guatemala,GPE,city,153,994938.0,Guatemala,True
Q3929,Port Louis,port louis,capital city of Mauritius,GPE,city,153,149194.0,Mauritius,False
Q31063,Christmas Island,christmas island,"island and external territory of Australia, located in the Indian Ocean",LOC,island,152,,,False
Q7903,Casablanca,casablanca,largest city of Morocco,GPE,city,152,3215935.0,Morocco,False
Q34820,Santo Domingo,santo domingo,capital of the Dominican Republic,GPE,city,152,2201941.0,Dominican Republic,False
Q34575,Aegean Sea,aegean sea,"part of the Mediterranean Sea, between the Greek mainland, the Turkish mainland, Crete, and Rhodes",LOC,sea,152,,,False
Q3909,Maseru,maseru,capital of Lesotho,GPE,city,151,343541.0,Lesotho,False
Q7355,Yellow River,yellow river,major river in China,LOC,river,151,,,True
Q11736,Tianjin,tianjin,municipality of China,GPE,city,151,13866009.0,People's Republic of China,False
Q3542,Niger River,niger river,river in West Africa,LOC,river,150,,,False
Q48278,Medellín,medellín,"capital city of Antioquia, Colombia",GPE,city,150,2529403.0,Colombia,False
Q35381,Colombo,colombo,largest city and de facto capital of Sri Lanka,GPE,city,150,647557.0,Sri Lanka,False
Q13924,Adriatic Sea,adriatic sea,body of water between the Italian Peninsula and the Balkan Peninsula,LOC,sea,149,,,True
Q34217,Oxford,oxford,"city in Oxfordshire, England",GPE,city,149,147500.0,United Kingdom,False
Q3070,San José,san josé,capital of Costa Rica,GPE,city,149,335007.0,Costa Rica,False
Q226,Nuuk,nuuk,capital of Greenland,GPE,city,148,,Greenland,False
Q2211,Malmö,malmö,"city in Skåne County, Sweden",GPE,city,148,339316.0,Sweden,False
Q37995,Yangon,yangon,former capital of Myanmar (Burma) and the current capital of Yangon Region,GPE,city,148,6874000.0,Myanmar,True
Q41183,Aleppo,aleppo,"city in Aleppo Governorate, Syria",GPE,city,147,2003671.0,Syria,False
Q1735,Innsbruck,innsbruck,"capital of the state of Tyrol, Austria",GPE,city,147,130585.0,Austria,False
Q1947,Juba,juba,capital of the Republic of South Sudan,GPE,city,147,500088.0,South Sudan,False
Q3604,Djibouti City,djibouti city,capital city of Djibouti,GPE,city,147,603900.0,Djibouti,False
Q36117,Borneo,borneo,"third largest island in the world by area, located in south-east Asia",LOC,island,146,,,False
Q350,Cambridge,cambridge,"city in Cambridgeshire, England",GPE,city,146,123867.0,United Kingdom,False
Q51614,Anatolia,anatolia,peninsula in Western Asia,LOC,peninsula,146,,,False
Q34497,Saint Helena,saint helena,island in the South Atlantic Ocean,LOC,island,146,,,False
Q3940,Victoria,victoria,capital city of the Seychelles,GPE,city,146,,Seychelles,False
Q3519,Bari,bari,"Italian city, capital of the Apulia region",GPE,city,145,315473.0,Italy,False
Q26793,Bergen,bergen,"Norwegian city in Vestland, Norway",GPE,city,145,291189.0,Norway,False
Q36312,Calgary,calgary,"largest city in Alberta, Canada",GPE,city,145,1306784.0,Canada,False
Q3043,Belmopan,belmopan,capital of Belize,GPE,city,145,,Belize,False
Q40285,New Guinea,new guinea,island in the Pacific Ocean,LOC,island,145,,,False
Q38511,Turku,turku,"city in the region of Southwest Finland, Finland",GPE,city,145,206420.0,Finland,False
Q39231,Mount Fuji,mount fuji,"volcano in Yamanashi and Shizuoka Prefectures, Japan",LOC,mountain,143,,,False
Q31945,Arabian Peninsula,arabian peninsula,peninsula in Western Asia,LOC,peninsula,143,,,False
Q5511,Lake Tanganyika,lake tanganyika,lake in Africa,LOC,lake,143,,,True
Q3904,Mbabane,mbabane,capital of Eswatini,GPE,city,142,,Eswatini,False
Q3901,Moroni,moroni,capital of Comoros,GPE,city,142,,Comoros,False
Q393,Szczecin,szczecin,"capital city of the West Pomeranian Voivodeship, Poland",GPE,city,142,387700.0,Poland,False
Q16520,Busan,busan,metropolitan city of South Korea,GPE,city,142,3453198.0,South Korea,False
Q36168,Bridgetown,bridgetown,capital of Barbados,GPE,city,142,,Barbados,False
Q37660,South China Sea,south china sea,Marginal sea in the Pacific Ocean,LOC,sea,141,,,False
Q37701,Bloemfontein,bloemfontein,judicial capital of South Africa,GPE,city,141,256185.0,South Africa,True
Q10717,Georgetown,georgetown,capital city of Guyana,GPE,city,141,235017.0,Guyana,False
Q2028,Verona,verona,"city in Veneto, northern Italy",GPE,city,141,255588.0,Italy,False
Q11739,Lahore,lahore,"capital of the Punjab province, Pakistan",GPE,city,141,11126285.0,Pakistan,False
Q4115712,Kaunas,kaunas,city and administrative center of Kaunas County in Lithuania,GPE,city,141,305120.0,Lithuania,False
Q23154,Bristol,bristol,"city in South West England, United Kingdom",GPE,city,141,472465.0,United Kingdom,False
Q1848,San Marino,san marino,capital city of San Marino,GPE,city,140,,San Marino,False
Q2467,Nassau,nassau,capital and largest city of the Bahamas,GPE,city,140,227940.0,The Bahamas,False
Q1960,Dar es Salaam,dar es salaam,largest city in Tanzania and capital of Dar es Salaam Region,GPE,city,140,4715000.0,Tanzania,False
Q36260,Apia,apia,capital of Samoa,GPE,city,140,,Samoa,False
Q13666,Messina,messina,Italian comune in Sicily,GPE,city,139,218786.0,Italy,False
Q39178,Port of Spain,port of spain,capital of Trinidad and Tobago,GPE,city,139,,Trinidad and Tobago,True
Q1733,Magdeburg,magdeburg,capital city of the German state of Saxony-Anhalt,GPE,city,139,240114.0,Germany,False
Q34589,Euphrates,euphrates,river in Asia,LOC,river,138,,,False
Q3932,São Tomé,são tomé,capital city of São Tomé and Príncipe,GPE,city,138,,São Tomé and Príncipe,False
Q25282,Da Nang,da nang,municipality of Vietnam,GPE,city,138,2819900.0,Vietnam,False
Q38807,Suva,suva,capital city of Fiji,GPE,city,137,,Fiji,False
Q16666,Nanjing,nanjing,"capital city of Jiangsu Province, China, former capital of the Republic of China and China's Ming dynasty",GPE,city,137,9314685.0,People's Republic of China,False
Q376749,Chittagong,chittagong,"second largest city of Bangladesh, situated at the southwestern part of the country",GPE,city,137,2581643.0,Bangladesh,False
Q2096,Edmonton,edmonton,"capital city of the province of Alberta, Canada",GPE,city,136,1010899.0,Canada,False
Q42800,Belo Horizonte,belo horizonte,"municipality of Minas Gerais state, Brazil",GPE,city,136,2315560.0,Brazil,False
Q39121,Leeds,leeds,"city in West Yorkshire, England, United Kingdom",GPE,city,136,536280.0,United Kingdom,False
Q101625,Marrakesh,marrakesh,"city in Marrakesh-Safi, Morocco",GPE,city,136,1002697.0,Morocco,False
Q25286,Uppsala,uppsala,"city in Uppsala County, Sweden",GPE,city,136,174982.0,Sweden,False
Q40738,Bursa,bursa,city in Turkey,GPE,city,135,2901396.0,Turkey,False
Q42941,Agra,agra,"city in Uttar Pradesh, India",GPE,city,135,1585705.0,India,False
Q580,Łódź,łódź,city in Łódź Voivodeship in central Poland,GPE,city,135,648711.0,Poland,False
Q36262,St. John's,st. johns,largest city of Antigua and Barbuda,GPE,city,135,,Antigua and Barbuda,False
Q159610,Vlorë,vlorë,city in Albania,GPE,city,134,,Albania,False
Q5869,Lhasa,lhasa,prefecture-level city and capital of Tibet,GPE,city,134,867891.0,People's Republic of China,False
Q6487,Antalya,antalya,city in Turkey,GPE,city,134,2426356.0,Turkey,False
Q13987,Kyushu,kyushu,third largest island of Japan,LOC,island,134,,,False
Q546,Trieste,trieste,city and seaport in northeastern Italy,GPE,city,134,198417.0,Italy,False
Q58705,Arabian Sea,arabian sea,marginal sea of the northern Indian Ocean,LOC,sea,133,,,False
Q79980,Varanasi,varanasi,city on the banks of the Ganges in the Uttar Pradesh state of India,GPE,city,133,1198491.0,India,False
Q37806,Port Vila,port vila,capital and largest city of Vanuatu,GPE,city,133,,Vanuatu,False
Q15174,Shenzhen,shenzhen,city in China,GPE,city,133,17494398.0,People's Republic of China,False
Q430776,Nazareth,nazareth,city in Israel; predominantly inhabited by Muslim-Arab citizens of Israel; a center of Christian pilgrimage as the childhood home of Jesus,GPE,city,132,,Israel,False
Q41621,Haifa,haifa,third-largest city in Israel,GPE,city,132,282831.0,Israel,False
Q524,Mount Vesuvius,mount vesuvius,"active stratovolcano in the Gulf of Naples, Italy",LOC,mountain,132,,,False
Q35342,Titicaca,titicaca,Alpine lake in Peru and Bolivia,LOC,lake,132,,,False
Q3960,Australian continent,australian continent,continent in the Earth's Southern Hemisphere,LOC,continent,132,,,False
Q40811,Sukhumi,sukhumi,"capital of Abkhazia, considered part of Georgia by most countries",GPE,city,132,,Georgia,False
Q5468,Durban,durban,"city in KwaZulu-Natal, South Africa",GPE,city,132,595061.0,South Africa,False
Q42956,Harbin,harbin,"capital of Heilongjiang province, China",GPE,city,131,10009854.0,People's Republic of China,False
Q36755,Sinai Peninsula,sinai peninsula,peninsula in the Red Sea,LOC,peninsula,131,,,False
Q35000,Sea of Azov,sea of azov,Inland sea of the Atlantic Ocean basin,LOC,sea,130,,,False
Q41699,Castries,castries,capital of Saint Lucia,GPE,city,130,,Saint Lucia,False
Q40191,Hobart,hobart,"capital city of Tasmania, Australia",GPE,city,129,197451.0,Australia,True
Q30002,Chengdu,chengdu,"capital of Sichuan Province, China",GPE,city,129,20937757.0,People's Republic of China,False
Q6576,Irkutsk,irkutsk,"capital city of Irkutsk Oblast, Siberia, in eastern Russia",GPE,city,129,605708.0,Russia,False
Q2751,Siena,siena,"city in Tuscany, Italy and capital of the province of Siena",GPE,city,129,,Italy,False
Q13991,Shikoku,shikoku,fourth largest island of Japan,LOC,island,129,,,False
Q41547,St. George's,st. georges,capital of Grenada,GPE,city,129,,Grenada,False
Q39984,Cannes,cannes,"French commune and city in Alpes-Maritimes, Provence-Alpes-Côte d'Azur",GPE,city,128,,France,False
Q9427,Timbuktu,timbuktu,city in Mali,GPE,city,128,,Mali,False
Q48344,Recife,recife,"municipality of Pernambuco state, Brazil",GPE,city,128,1488920.0,Brazil,False
Q628,Bergamo,bergamo,"comune in Lombardy, Italy",GPE,city,128,119534.0,Italy,False
Q11568,Darwin,darwin,"capital city of the Northern Territory, Australia, and the surrounding area",GPE,city,128,139902.0,Australia,False
Q79990,Christchurch,christchurch,largest city in the South Island of New Zealand,GPE,city,127,383200.0,New Zealand,False
Q583,Mont Blanc,mont blanc,highest mountain in the Alps,LOC,mountain,127,,,True
Q1538,Pune,pune,"metropolis in Maharashtra, India",GPE,city,127,5945000.0,India,False
Q35591,Tigris,tigris,river flowing from Turkey through Iraq and Syria,LOC,river,127,,,True
Q38545,Adana,adana,"central district and city in Adana Province, Turkey",GPE,city,127,1765981.0,Turkey,False
Q39042,Cheyenne,cheyenne,"capital of Wyoming, United States and seat of Laramie County",GPE,city,127,,United States,False
Q34640,English Channel,english channel,arm of the Atlantic Ocean that separates southern England from northern France,LOC,sea,127,,,False
Q3138,Trier,trier,"city in Rhineland-Palatinate, Germany",GPE,city,127,112737.0,Germany,False
Q42462,York,york,"city in North Yorkshire, England, United Kingdom",GPE,city,127,208400.0,United Kingdom,False
Q19686,River Thames,river thames,river in southern England,LOC,river,127,,,True
Q158119,Ramallah,ramallah,city in the State of Palestine,GPE,city,127,,Palestine,False
Q40921,Honiara,honiara,"capital of Solomon Islands, on the tropical island Guadalcanal",GPE,city,127,,Solomon Islands,False
Q36405,Aberdeen,aberdeen,"city in Scotland, United Kingdom",GPE,city,126,200680.0,United Kingdom,False
Q776965,Klaipėda,klaipėda,port city in Lithuania,GPE,city,126,158420.0,Lithuania,False
Q40855,Dnieper,dnieper,river in Eastern Europe,LOC,river,126,,,False
Q3437,Perugia,perugia,Italian comune,GPE,city,126,161748.0,Italy,False
Q16869,Constantinople,constantinople,"capital of the Eastern Roman, Latin and Ottoman Empires, currently Istanbul, Turkey",GPE,city,126,,Turkey,True
Q906,Chelyabinsk,chelyabinsk,"city in Russia, capital city of Chelyabinsk Oblast",GPE,city,126,1176770.0,Russia,False
Q1471,Seine,seine,river in France,LOC,river,126,,,False
Q43463,Fortaleza,fortaleza,"municipality of Ceará state, Brazil",GPE,city,125,2578483.0,Brazil,False
Q3012,Ulm,ulm,"large city in Baden-Württemberg, Germany",GPE,city,125,129942.0,Germany,False
Q13364,Ravenna,ravenna,city in northern Italy,GPE,city,125,155751.0,Italy,False
Q3992,Liège,liège,"city in Wallonia, Belgium",GPE,city,125,195278.0,Belgium,False
Q3812,Sulawesi,sulawesi,"one of the four Greater Sunda Islands, governed by Indonesia",LOC,island,125,,,False
Q36281,Roseau,roseau,capital of Dominica,GPE,city,125,,Dominica,False
Q5764,Bukhara,bukhara,city in Bukhara Province of Uzbekistan,GPE,city,124,280187.0,Uzbekistan,False
Q25804,Trondheim,trondheim,"city in Trøndelag, Norway",GPE,city,124,198777.0,Norway,False
Q42000,Tahiti,tahiti,island in the Southern Pacific Ocean,LOC,island,124,,,False
Q40059,Jordan River,jordan river,river in West Asia which flows to the Dead Sea,LOC,river,123,,,True
Q38834,Nukuʻalofa,nukuʻalofa,capital city of Tonga,GPE,city,123,,Tonga,False
Q47492,Gaza City,gaza city,ancient Levantine metropolis and modern city in Gaza Strip,GPE,city,123,590481.0,Palestine,False
Q13498,Taranto,taranto,Italian comune,GPE,city,123,188098.0,Italy,False
Q2683,Parma,parma,city in the northern Italian region of Emilia-Romagna,GPE,city,123,196764.0,Italy,False
Q162279,Kuopio,kuopio,city in the region of Northern Savonia in Finland,GPE,city,123,124131.0,Finland,False
Q38380,Angers,angers,"commune in Maine-et-Loire, Pays de la Loire, France",GPE,city,122,159022.0,France,False
Q100188,Cluj-Napoca,cluj-napoca,city and seat of Cluj County in northwestern Romania,GPE,city,122,286598.0,Romania,False
Q34126,Funafuti,funafuti,capital of Tuvalu,GPE,city,122,,Tuvalu,False
Q37333,Lublin,lublin,capital of Lublin Voivodeship in eastern Poland,GPE,city,122,334681.0,Poland,False
Q41295,Basseterre,basseterre,capital of Saint Kitts and Nevis,GPE,city,122,,Saint Kitts and Nevis,False
Q80985,Fez,fez,city in Morocco,GPE,city,122,1167842.0,Morocco,False
Q12919,Majuro,majuro,capital of the Marshall Islands,GPE,city,122,,Marshall Islands,False
Q126148,Tangier,tangier,"city in and capital of Tanger-Tetouan-Al Hoceima, Morocco",GPE,city,122,1275428.0,Morocco,False
Q1644,Elbe,elbe,major river in Central Europe,LOC,river,122,,,False
Q114257,Elbasan,elbasan,city in Albania,GPE,city,121,,Albania,False
Q45301,Trabzon,trabzon,city in Turkey,GPE,city,121,824352.0,Turkey,False
Q44401,Cayenne,cayenne,commune and capital city of French Guiana,GPE,city,121,,France,False
Q1709,Schwerin,schwerin,"capital city of Mecklenburg-Vorpommern, Germany",GPE,city,121,,Germany,False
Q25277,Hispaniola,hispaniola,island in the Caribbean,LOC,island,121,,,True
Q40104,Ajaccio,ajaccio,French commune and prefecture of Corse-du-Sud and Corsica,GPE,city,121,,France,False
Q8828,Mallorca,mallorca,island in the Mediterranean Sea,LOC,island,121,,,False
Q42448,Sheffield,sheffield,"city in South Yorkshire, England, United Kingdom",GPE,city,121,518090.0,United Kingdom,False
Q41262,Nottingham,nottingham,"city in Nottinghamshire, England, UK",GPE,city,121,289301.0,United Kingdom,False
Q3415,Ancona,ancona,Italian city in the Marches region,GPE,city,120,,Italy,False
Q25475,Batumi,batumi,second largest city of Georgia,GPE,city,120,169095.0,Georgia,False
Q6221,Brescia,brescia,Italian city in Lombardy,GPE,city,120,196446.0,Italy,False
Q43453,Plzeň,plzeň,city in Czechia,GPE,city,119,187928.0,Czech Republic,False
Q2999,Würzburg,würzburg,"city in the region of Franconia, Northern Bavaria, Germany",GPE,city,119,132215.0,Germany,False
Q6397,Avignon,avignon,"commune in Vaucluse, France",GPE,city,119,,France,True
Q93338,Gaziantep,gaziantep,city in Turkey,GPE,city,119,1680723.0,Turkey,False
Q80989,Bhopal,bhopal,"metropolis and state capital in Madhya Pradesh, India",GPE,city,118,1798218.0,India,False
Q125384,Luzon,luzon,largest island of the Philippines,LOC,island,118,,,False
Q1425428,Newcastle upon Tyne,newcastle upon tyne,"city in Tyne and Wear, England, UK",GPE,city,118,300196.0,United Kingdom,False
Q83317,Mosul,mosul,city in northern Iraq and capital of Nineveh Province,GPE,city,118,1792000.0,Iraq,False
Q5168,Makhachkala,makhachkala,"city in Dagestan, Russia",GPE,city,118,662660.0,Russia,False
Q12994,Bruges,bruges,"city in West Flanders, Belgium",GPE,city,118,118509.0,Belgium,False
Q23551,Mérida,mérida,city in Venezuela,GPE,city,118,248192.0,Venezuela,False
Q13670,Syracuse,syracuse,Italian municipality,GPE,city,118,116244.0,Italy,False
Q42751,Palikir,palikir,capital of Federated States of Micronesia,GPE,city,118,,Federated States of Micronesia,False
Q25396,Bonaire,bonaire,"island in the Caribbean, part of the Netherlands",LOC,island,117,,,False
Q41179,Mekong River,mekong river,major river in Southeast Asia,LOC,river,117,,,False
Q8826,Palma,palma,"city in Mallorca and capital of the Balearic Islands, Spain",GPE,city,117,434786.0,Spain,False
Q81033,Monterrey,monterrey,"capital of the State of Nuevo Leon, Mexico",GPE,city,117,1142952.0,Mexico,False
Q1308,Como,como,Italian city,GPE,city,117,,Italy,False
Q79848,Southampton,southampton,"city and major port in Hampshire, South-East England, United Kingdom",GPE,city,117,271173.0,United Kingdom,False
Q43433,Chandigarh,chandigarh,"capital of Punjab and Haryana states, Union Territory of India",GPE,city,117,1055450.0,India,False
Q41474,Kingstown,kingstown,capital of Saint Vincent and the Grenadines,GPE,city,117,,Saint Vincent and the Grenadines,False
Q6454,Calais,calais,"commune in Pas-de-Calais, France",GPE,city,117,,France,False
Q40556,Horn of Africa,horn of africa,land projection in East Africa in the Punt peninsula,LOC,peninsula,116,,,False
Q7024,Lugano,lugano,"city in the canton of Ticino, Switzerland",GPE,city,116,,Switzerland,False
Q47048,Oulu,oulu,"city in the North Ostrobothnia region, Finland",GPE,city,116,214814.0,Finland,False
Q279,Modena,modena,Italian city and municipality,GPE,city,116,184153.0,Italy,False
Q43048,Rhodes,rhodes,"island in Aegean sea, Greece",LOC,island,116,,,False
Q1310,Arnhem,arnhem,"city, municipality and capital of province Gelderland, the Netherlands",GPE,city,116,164096.0,Netherlands,False
Q548,Vistula,vistula,river in East-Central Europe,LOC,river,116,,,False
Q13369,Rimini,rimini,Italian comune,GPE,city,115,149211.0,Italy,False
Q170244,Berat,berat,city located in south-central Albania,GPE,city,115,,Albania,False
Q124739,Tijuana,tijuana,"municipal seat of Tijuana, State of Baja California, Mexico",GPE,city,115,1964788.0,Mexico,False
Q79857,Konya,konya,"metropolitan municipality in Central Anatolia, Turkey",GPE,city,115,2232374.0,Turkey,False
Q7792,Sakhalin,sakhalin,large Russian island in the North Pacific Ocean,LOC,island,115,,,False
Q48338,Kayseri,kayseri,city in Turkey,GPE,city,115,1389680.0,Turkey,False
Q6862,Amur River,amur river,"major river in eastern Russia and northeastern China, with tributaries also in Mongolia",LOC,river,114,,,False
Q83065,Leicester,leicester,"city in Leicestershire, East Midlands, England",GPE,city,114,368600.0,United Kingdom,False
Q43509,Guayaquil,guayaquil,city of Ecuador,GPE,city,114,2650288.0,Ecuador,False
Q190897,Fier,fier,"town in Fier County, Albania",GPE,city,114,,Albania,False
Q749,Groningen,groningen,"capital city of the province of Groningen, the Netherlands",GPE,city,114,238147.0,Netherlands,False
Q5582862,Cusco,cusco,"historic city of Peru, capital of the Department of Cusco",GPE,city,114,428450.0,Peru,False
Q51103,Cali,cali,capital of the Colombian department of Valle del Cauca,GPE,city,114,2471474.0,Colombia,False
Q225641,Mombasa,mombasa,city in Kenya,GPE,city,114,1208333.0,Kenya,False
Q80484,Patna,patna,"metropolis and state capital of Bihar, India",GPE,city,114,1684222.0,India,False
Q5788,Petra,petra,ancient rock-cut historical city in Jordan,GPE,city,114,,Jordan,False
Q6616,Poitiers,poitiers,"commune in Vienne, France",GPE,city,114,,France,False
Q6252,Monza,monza,Italian comune,GPE,city,114,121799.0,Italy,False
Q44725,Bering Sea,bering sea,Marginal sea in the Pacific Ocean,LOC,sea,113,,,False
Q81788,Giza,giza,city in Egypt,GPE,city,113,4458135.0,Egypt,False
Q39739,Aconcagua,aconcagua,highest mountain in both the Southern and the Western Hemispheres (6967 m),LOC,mountain,113,,,False
Q13362,Ferrara,ferrara,"comune in Emilia-Romagna, Italy",GPE,city,113,129340.0,Italy,False
Q13678,Agrigento,agrigento,Italian comune in Sicily,GPE,city,113,,Italy,False
Q81581,Szeged,szeged,"city in Csongrád-Csanád County, Hungary",GPE,city,112,157282.0,Hungary,False
Q46841,Lena River,lena river,"river in Eastern Siberia, Russia",LOC,river,112,,,False
Q973,Ob,ob,second-longest river in Russia,LOC,river,112,,,False
Q43512,K2,k2,2nd-highest mountain on Earth,LOC,mountain,112,,,False
Q14056,Jan Mayen,jan mayen,"island in the Arctic Ocean, part of Norway",LOC,island,112,,,False
Q36647,Cork,cork,"city in County Cork, Munster Province, Ireland",GPE,city,112,222333.0,Ireland,False
Q3476,L'Aquila,laquila,"Italian city, capital of the Abruzzo region and of the Province of L'Aquila",GPE,city,112,,Italy,False
Q13373,Lucca,lucca,"city and comune in Tuscany, Central Italy",GPE,city,112,,Italy,False
Q48403,Amritsar,amritsar,"city in the north-western part of Punjab, India",GPE,city,112,1132383.0,India,False
Q131818,Oran,oran,"coastal city in Oran Province, Algeria",GPE,city,112,803329.0,Algeria,False
Q43105,Mount Elbrus,mount elbrus,highest mountain of the Caucasus and highest mountain in Europe,LOC,mountain,112,,,False
Q1066,Lake Superior,lake superior,largest of the Great Lakes of North America,LOC,lake,111,,,False
Q116341,Korçë,korçë,city in Albania,GPE,city,111,,Albania,False
Q6537,Vicenza,vicenza,municipality of Northern Italy,GPE,city,111,109823.0,Italy,False
Q43631,Leiden,leiden,"city and municipality in South Holland, the Netherlands",GPE,city,111,124093.0,Netherlands,False
Q2790,Udine,udine,Italian comune,GPE,city,111,,Italy,False
Q41735,Irish Sea,irish sea,sea that separates the islands of Ireland and Great Britain,LOC,sea,110,,,False
Q13329,Piacenza,piacenza,Italian comune,GPE,city,110,102465.0,Italy,False
Q173690,Gjirokastër,gjirokastër,town in Albania,GPE,city,110,,Albania,False
Q79863,Tskhinval,tskhinval,"city in South Ossetia, Georgia",GPE,city,110,,Georgia,False
Q45604,Kandahar,kandahar,"city in Kandahar Province, Afghanistan",GPE,city,110,614254.0,Afghanistan,False
Q22889,Bath,bath,"city in Somerset, England, United Kingdom",GPE,city,110,,United Kingdom,False
Q162442,Prayagraj,prayagraj,"metropolis in Uttar Pradesh, India",GPE,city,110,5954391.0,India,False
Q6231,Cremona,cremona,Italian city in Lombardy,GPE,city,110,,Italy,False
Q11959,Alicante,alicante,"city in Valencian Community, Spain",GPE,city,110,366221.0,Spain,False
Q43595,Q43595,q43595,"city in Benin, seat of the government",GPE,city,110,780000.0,Benin,False
Q72259,Portsmouth,portsmouth,"city in Hampshire, England, United Kingdom",GPE,city,109,248440.0,United Kingdom,False
Q103717,Rovaniemi,rovaniemi,city in the region of Lapland in Finland,GPE,city,109,,Finland,False
Q1083,Salerno,salerno,Italian city and commune of Campania,GPE,city,109,127186.0,Italy,False
Q1229,Don,don,"Russian river, fifth-longest river in Europe",LOC,river,109,,,False
Q81398,Acapulco de Juárez,acapulco de juárez,"municipal seat of Acapulco, State of Guerrero, Mexico",GPE,city,109,673478.0,Mexico,False
Q80240,Ural River,ural river,river in Russia and Kazakhstan,LOC,river,109,,,False
Q9920,Haarlem,haarlem,municipality in the Netherlands and capital city of North Holland,GPE,city,109,162543.0,Netherlands,False
Q43382,Plymouth,plymouth,"city in Devon, England",GPE,city,109,267918.0,United Kingdom,False
Q41252,Bydgoszcz,bydgoszcz,city in the Kuyavian-Pomeranian Voivodeship in north-central Poland,GPE,city,109,324984.0,Poland,False
Q43467,Mainland Southeast Asia,mainland southeast asia,region in Southeast Asia,LOC,peninsula,108,,,True
Q131694,Aden,aden,port city and temporary capital of Yemen,GPE,city,108,1154410.0,Yemen,False
Q80344,Mount Olympus,mount olympus,"mountain in Elassona municipality, Greece",LOC,mountain,108,,,False
Q38882,Tyrrhenian Sea,tyrrhenian sea,part of the Mediterranean Sea off the western coast of Italy,LOC,sea,108,,,False
Q45403,Brahmaputra River,brahmaputra river,"river in China, India, and Bangladesh",LOC,river,108,,,False
Q129352,Khankendi,khankendi,city in Azerbaijan,GPE,city,108,,Azerbaijan,False
Q79808,Constanța,constanța,"city in Constanța County, Romania",GPE,city,108,263707.0,Romania,False
Q72303,Mount Ararat,mount ararat,large peak in Turkey,LOC,mountain,108,,,False
Q5419,Missouri River,missouri river,major river in central United States,LOC,river,108,,,True
Q25409,Košice,košice,city in Slovakia,GPE,city,108,223678.0,Slovakia,False
Q172415,Kutaisi,kutaisi,city in Georgia,GPE,city,107,147900.0,Georgia,False
Q552,Oder,oder,river in Central Europe flowing from the Czech Republic and along the Poland–Germany border,LOC,river,107,,,False
Q124873,Mindanao,mindanao,second largest island of the Philippines,LOC,island,107,,,True
Q1800,Kochi,kochi,"city in Kerala, India",GPE,city,107,677381.0,India,False
Q13464,Foggia,foggia,Italian comune,GPE,city,107,145348.0,Italy,False
Q37960,Yellow Sea,yellow sea,Marginal sea in the Pacific Ocean,LOC,sea,107,,,True
Q3883,Catanzaro,catanzaro,Italian city and capital of the Calabria province,GPE,city,107,,Italy,False
Q643,Po,po,longest river in Italy,LOC,river,107,,,False
Q761,Białystok,białystok,city and capital of Podlaskie Voivodeship in eastern Poland,GPE,city,107,290386.0,Poland,False
Q4629,Surat,surat,"city in Gujarat, India",GPE,city,107,5935000.0,India,False
Q102397,Miskolc,miskolc,city in Northeastern Hungary,GPE,city,107,141440.0,Hungary,False
Q3543,Potenza,potenza,Italian comune,GPE,city,106,,Italy,False
Q66568,Kanpur,kanpur,"city in Uttar Pradesh, India",GPE,city,106,3067700.0,India,False
Q6225,Coventry,coventry,"city in the West Midlands in England, UK",GPE,city,106,362690.0,United Kingdom,False
Q1169,Lake Michigan,lake michigan,one of the Great Lakes of North America,LOC,lake,106,,,False
Q1062,Lake Ontario,lake ontario,one of the Great Lakes in North America,LOC,lake,106,,,False
Q13629,Sassari,sassari,"city and commune in Sardinia, Italy",GPE,city,106,121021.0,Italy,False
Q2704,Pescara,pescara,"city in Abruzzo, Central Italy",GPE,city,106,118657.0,Italy,False
Q27527,Afro-Eurasia,afro-eurasia,"major landmass on Earth consisting of Africa, Asia and Europe",LOC,continent,106,,,False
Q1469,Loire,loire,longest river in France,LOC,river,106,,,True
Q25390,Leeuwarden,leeuwarden,"capital city of Friesland, the Netherlands",GPE,city,106,,Netherlands,False
Q13377,Prato,prato,Italian comune,GPE,city,106,195736.0,Italy,False
Q47034,Espoo,espoo,city in the region of Uusimaa in Finland,GPE,city,106,314821.0,Finland,False
Q993,Kamchatka Peninsula,kamchatka peninsula,peninsula in Eastern Russia between the Pacific Ocean and the Sea of Okhotsk,LOC,peninsula,105,,,False
Q170525,Agadir,agadir,city in Morocco,GPE,city,105,538000.0,Morocco,False
Q14686,Gulf of Finland,gulf of finland,arm of the Baltic Sea,LOC,sea,105,,,False
Q1113311,Peshawar,peshawar,"capital of Khyber Pakhtunkhwa Province, Pakistan",GPE,city,105,1970042.0,Pakistan,False
Q131210,Dniester,dniester,river in Eastern Europe,LOC,river,105,,,False
Q385,Gdynia,gdynia,"city in Pomeranian Voivodeship, Poland",GPE,city,105,245222.0,Poland,False
Q45313,Herat,herat,"capital of Herat Province, Afghanistan",GPE,city,105,556205.0,Afghanistan,False
Q602,Rhône,rhône,river in Switzerland and France,LOC,river,105,,,False
Q92161,Changchun,changchun,"capital city of Jilin Province, China",GPE,city,105,9066906.0,People's Republic of China,False
Q13360,Reggio Emilia,reggio emilia,Italian commune (comune) in Emilia-Romagna,GPE,city,105,169545.0,Italy,False
Q6285,Varese,varese,Italian comune,GPE,city,105,,Italy,False
Q6046,Novara,novara,Italian comune,GPE,city,105,101257.0,Italy,False
Q81621,Fort-de-France,fort-de-france,French commune; largest and capital city of Martinique,GPE,city,105,,France,False
Q82185,La Rochelle,la rochelle,"French commune and prefecture of Charente-Maritime, New Aquitaine",GPE,city,105,,France,False
Q126898,Antibes,antibes,"commune in Alpes-Maritimes, France",GPE,city,104,,France,False
Q8621,Terni,terni,Italian comune,GPE,city,104,106370.0,Italy,False
Q40816,Benghazi,benghazi,second largest city in Libya,GPE,city,104,631555.0,Libya,True
Q38954,Teide,teide,volcano on Tenerife in the Canary Islands,LOC,volcano,104,,,False
Q4092,Cape of Good Hope,cape of good hope,"headland of Cape Peninsula, South Africa",LOC,cape,104,,,False
Q167715,Thiruvananthapuram,thiruvananthapuram,city in southern India; the capital of Kerala,GPE,city,104,743691.0,India,False
Q134750,St. Lawrence River,st. lawrence river,"major river in eastern Canada and the United States, flowing into the Gulf of St. Lawrence",LOC,river,104,,,False
Q78707,Yenisey,yenisey,river in Asia; the 5th-longest in the world,LOC,river,104,,,False
Q33629,Kara Sea,kara sea,marginal sea of the Arctic Ocean north of Russia and east of Nova Zembla,LOC,sea,104,,,False
Q49364,Java Sea,java sea,"shallow sea between Java and Borneo, in Indonesia",LOC,sea,104,,,False
Q5475,Treviso,treviso,"comune in Veneto, Italy",GPE,city,104,,Italy,False
Q2167,Lund,lund,city in the southern Swedish province of Scania,GPE,city,104,,Sweden,False
Q130514,Luxor,luxor,city in southern Egypt,GPE,city,103,202232.0,Egypt,False
Q13712,Tiber,tiber,river in Italy,LOC,river,103,,,False
Q5532,Lake Malawi,lake malawi,African Great Lake,LOC,lake,103,,,False
Q52631,Ibiza,ibiza,"island in the Balearic Islands, Spain",LOC,island,103,,,False
Q13386,Lecce,lecce,Italian comune,GPE,city,103,,Italy,False
Q3752,Maykop,maykop,city in the south of Russia,GPE,city,103,137899.0,Russia,False
Q132754,Erbil,erbil,capital of Kurdistan Region in Iraq,GPE,city,103,846000.0,Iraq,False
Q484706,Karaganda,karaganda,city in Kazakhstan,GPE,city,103,515632.0,Kazakhstan,False
Q25528,Saba,saba,"island in the Caribbean, part of the Netherlands",LOC,island,103,,,False
Q2203,Arica,arica,city of Chile,GPE,city,103,202131.0,Chile,False
Q82070,Tyre,tyre,"city in the South Governorate of Lebanon, also an ancient Phoenician city and the legendary birthplace of Europa and Elissa (Dido)",GPE,city,103,160000.0,Lebanon,False
Q4648,Bali Island,bali island,"island in Bali Province, Indonesia",LOC,island,103,,,False
Q8969,Cancun,cancun,"city of Quintana Roo, Mexico",GPE,city,103,888797.0,Mexico,False
Q145694,Italian Peninsula,italian peninsula,peninsula of southern Europe,LOC,peninsula,103,,,False
Q15684,Segovia,segovia,"Spanish municipality, in Castilla y León, capital of the province of the same name",GPE,city,103,,Spain,False
Q1027830,Gotland,gotland,island and historical province in Sweden,LOC,island,103,,,False
Q130978,Yucatan Peninsula,yucatan peninsula,peninsula in Central America,LOC,peninsula,102,,,False
Q83067,Timor,timor,island bordering the south of maritime Southeast Asia and the north of the Australian continental plate,LOC,island,102,,,False
Q23408,Bouvet Island,bouvet island,Norwegian uninhabited subantarctic volcanic island,LOC,island,102,,,False
Q2766547,Q2766547,q2766547,"capital city of North Brabant, the Netherlands",GPE,city,102,158753.0,Netherlands,False
Q26180,Sint Eustatius,sint eustatius,"island in the Caribbean, part of the Netherlands",LOC,island,102,,,False
Q49111,Cambridge,cambridge,"city in Middlesex County, Massachusetts, United States of America",GPE,city,102,118403.0,United States,False
Q48335,Newfoundland,newfoundland,"island portion of Newfoundland and Labrador, Canada",LOC,island,102,,,False
Q875,Abakan,abakan,"capital city of the Republic of Khakassia, Russia",GPE,city,102,184284.0,Russia,False
Q130191,Norwich,norwich,"city in Norfolk, England",GPE,city,101,195971.0,United Kingdom,False
Q3370,Zadar,zadar,"city and settlement in Zadar County, Croatia",GPE,city,101,,Croatia,False
Q5492,Lake Erie,lake erie,one of the Great Lakes in North America,LOC,lake,101,,,True
Q13410,Latina,latina,Italian comune,GPE,city,101,127564.0,Italy,False
Q40844,Breda,breda,"city in the province of North Brabant, Netherlands",GPE,city,101,188078.0,Netherlands,False
Q29888,Aswan,aswan,Egyptian city,GPE,city,101,401890.0,Egypt,True
Q49218,Rochester,rochester,"county seat of Monroe County, New York, United States",GPE,city,101,211328.0,United States,False
Q8493,Amu Darya,amu darya,major river in Central Asia,LOC,river,101,,,False
Q130018,Q130018,q130018,"highest mountain in North America, located in Alaska",LOC,mountain,100,,,False
Q83178,Almere,almere,municipality in the Netherlands,GPE,city,100,214715.0,Netherlands,False
Q1383,Lake Huron,lake huron,one of the Great Lakes of North America,LOC,lake,100,,,False
Q131792,Orinoco River,orinoco river,river in South America,LOC,river,100,,,False
Q81137,Olomouc,olomouc,city in Czechia,GPE,city,100,103063.0,Czech Republic,False
Q25389,Jutland,jutland,peninsula of Northern Europe forming parts of Denmark and Germany,LOC,peninsula,100,,,False
Q160544,Heraklion,heraklion,"city in the island of Crete, Greece",GPE,city,100,145440.0,Greece,False
Q3214,Cottbus,cottbus,"city in Brandenburg, Germany",GPE,city,100,100010.0,Germany,False
Q168225,Hebron,hebron,Palestian city in the occupied West Bank,GPE,city,100,215452.0,Palestine,False
Q171771,Bhubaneswar,bhubaneswar,"capital city of Odisha, India",GPE,city,100,837737.0,India,False
Q14294,Tagus River,tagus river,longest river in the Iberian Peninsula,LOC,river,100,,,False
Q1513,Nagpur,nagpur,"city in Maharashtra, India",GPE,city,100,2405665.0,India,False
Q82019,Kanchenjunga,kanchenjunga,"third highest mountain in the world, in Nepal and India",LOC,mountain,100,,,False
Q47282,Osh,osh,city in Kyrgyzstan,GPE,city,100,375400.0,Kyrgyzstan,False
Q130800,Papeete,papeete,capital of French Polynesia,GPE,city,100,,France,True
Q82500,St. Pölten,st. pölten,"city in Austria, capital of Lower Austria",GPE,city,100,,Austria,False
Q29042,Akureyri,akureyri,town in Iceland,GPE,city,100,,Iceland,False
Q29303,Canterbury,canterbury,"cathedral city in Kent, England",GPE,city,100,,United Kingdom,False
Q126084,Acre,acre,city in Israel,GPE,city,100,,Israel,False
Q9679,Isle of Wight,isle of wight,"island, county and unitary authority area of England, United Kingdom",LOC,island,99,,,False
Q25359,Navassa Island,navassa island,island in the Caribbean,LOC,island,99,,,False
Q15688,Ávila,ávila,"municipality in Castile and León, Spain",GPE,city,99,,Spain,True
Q78967,Peloponnese,peloponnese,large peninsula and geographic region in southern Greece; named after the Greek mythological hero Pelops,LOC,peninsula,99,,,False
Q125434,Gqeberha,gqeberha,"city in the Eastern Cape, South Africa",GPE,city,99,312392.0,South Africa,False
Q23051,Swansea,swansea,city in Wales,GPE,city,99,246700.0,United Kingdom,False
Q5687,Jericho,jericho,"city in West Bank, Palestine",GPE,city,99,,Palestine,False
Q43475,Derby,derby,"city in Derbyshire, in the East Midlands region of England",GPE,city,99,255394.0,United Kingdom,False
Q47554,Toruń,toruń,city in north-central Poland,GPE,city,99,198273.0,Poland,False
Q798,Assen,assen,"municipality in and capital city of Drenthe, the Netherlands",GPE,city,99,,Netherlands,False
Q132726,Yamuna,yamuna,river in India,LOC,river,99,,,False
Q171639,Ashdod,ashdod,city in Israel,GPE,city,99,220174.0,Israel,False
Q1737,Bregenz,bregenz,"capital of Vorarlberg, the westernmost federal state of Austria",GPE,city,99,,Austria,False
Q121378,Corfu,corfu,Greek island in the Ionian Sea,LOC,island,99,,,False
Q133123,Patras,patras,city in Greece,GPE,city,99,173600.0,Greece,False
Q1265,Colorado River,colorado river,major river in the western United States and Mexico,LOC,river,99,,,False
Q15288,Lake Ladoga,lake ladoga,freshwater lake in Russia and largest lake entirely in Europe,LOC,lake,98,,,False
Q46197,Ascension Island,ascension island,island in the South Atlantic Ocean belonging to Great Britain,LOC,island,98,,,False
Q483134,Korean Peninsula,korean peninsula,peninsula in East Asia,LOC,peninsula,98,,,False
Q598,Rzeszów,rzeszów,city in Poland,GPE,city,98,195871.0,Poland,False
Q6122,Asti,asti,Italian comune,GPE,city,98,,Italy,False
Q36399,Huế,huế,municipality of Vietnam,GPE,city,98,1236393.0,Vietnam,False
Q93230,Rawalpindi,rawalpindi,"city in Punjab, Pakistan",GPE,city,98,2098231.0,Pakistan,False
Q133118,Şanlıurfa,şanlıurfa,city in Turkey,GPE,city,98,1985753.0,Turkey,False
Q83387,Diyarbakır,diyarbakır,"city in Southeastern Anatolia, Turkey",GPE,city,98,1732396.0,Turkey,False
Q132671,Pau,pau,"city and commune in Pyrénées-Atlantiques, Nouvelle-Aquitaine, France",GPE,city,98,,France,False
Q147402,Zapopan,zapopan,"municipal seat of Zapopan, State of Jalisco, Mexico",GPE,city,98,1257547.0,Mexico,False
Q181557,Kaohsiung,kaohsiung,city in southern Taiwan,GPE,city,98,2733964.0,Taiwan,False
Q134712,Šiauliai,šiauliai,city in Lithuania,GPE,city,98,104300.0,Lithuania,False
Q183584,Lanzhou,lanzhou,"prefecture-level city in Gansu, China",GPE,city,98,4359446.0,People's Republic of China,False
Q134620,Jyväskylä,jyväskylä,city in the region of Central Finland,GPE,city,98,147856.0,Finland,False
Q41843,Beersheba,beersheba,city in Israel,GPE,city,97,209000.0,Israel,True
Q6383,Lake Balaton,lake balaton,freshwater lake in Hungary,LOC,lake,97,,,False
Q25596,Saint Martin,saint martin,French and Dutch island in the Lesser Antilles,LOC,island,97,,,False
Q5968,Cuneo,cuneo,"city and comune in Piedmont, Northern Italy",GPE,city,97,,Italy,False
Q127623,Vantaa,vantaa,city in the region of Uusimaa in Finland,GPE,city,97,248199.0,Finland,False
Q6066,Kemerovo,kemerovo,city in Kemerovo Oblast in the Asiatic part of Russia,GPE,city,97,542928.0,Russia,False
Q123709,Dundee,dundee,"city in Scotland, UK",GPE,city,97,148280.0,United Kingdom,False
Q57278,Newcastle,newcastle,"city in New South Wales, Australia",GPE,city,97,152984.0,Australia,False
Q118863,North Island,north island,"more northern, and smaller, of the two main islands of New Zealand",LOC,island,97,,,False
Q1341,Tolyatti,tolyatti,"city in Samara Oblast, Russia",GPE,city,97,662683.0,Russia,False
Q173985,Faisalabad,faisalabad,"city in Punjab, Pakistan",GPE,city,97,3203846.0,Pakistan,False
Q6088,Alessandria,alessandria,Italian city and commune in Piedmont,GPE,city,97,,Italy,False
Q133315,Limerick,limerick,city in Ireland in the province of Munster,GPE,city,96,,Ireland,False
Q92212,Opole,opole,city with powiat rights of Poland,GPE,city,96,127387.0,Poland,False
Q131127,Banja Luka,banja luka,city in Bosnia and Herzegovina,GPE,city,96,185042.0,Bosnia and Herzegovina,False
Q131233,South Tarawa,south tarawa,capital of Kiribati,GPE,city,96,,Kiribati,False
Q45328,Elba,elba,"Mediterranean island in Tuscany, Italy",LOC,island,96,,,False
Q199500,Gyumri,gyumri,second-largest city in Armenia and capital of Shirak Province in the northwestern part of the country,GPE,city,96,121976.0,Armenia,False
Q83189,Goiânia,goiânia,"municipality of Goiás state, Brazil",GPE,city,96,1437366.0,Brazil,False
Q13320,Savona,savona,Italian comune,GPE,city,96,,Italy,False
Q13367,Forlì,forlì,Italian comune,GPE,city,96,116440.0,Italy,False
Q120755,South Island,south island,one of the two main New Zealand islands,LOC,island,96,,,False
Q128102,Irtysh,irtysh,"river in Mongolia, China, Kazakhstan and Russia",LOC,river,96,,,False
Q2759,Urbino,urbino,town in the Marche region of Italy,GPE,city,96,,Italy,False
Q645,Neva,neva,river in Russia connecting Lake Ladoga and the Baltic Sea,LOC,river,96,,,False
Q170919,Pattaya,pattaya,"city in Chon Buri province, Thailand",GPE,city,96,119532.0,Thailand,False
Q131638,Shkodër,shkodër,city in northwestern Albania,GPE,city,96,,Albania,False
Q384544,Karlovy Vary,karlovy vary,"city in Karlovy Vary Region, Czech Republic",GPE,city,96,,Czech Republic,False
Q25535,Zealand,zealand,island in Denmark,LOC,island,95,,,False
Q37040,Baffin Bay,baffin bay,bay between Greenland and Canada,LOC,sea,95,,,False
Q18758,Malay Peninsula,malay peninsula,peninsula in Southeast Asia,LOC,peninsula,95,,,True
Q185518,Mandalay,mandalay,"cultural city in Mandalay Region, Myanmar",GPE,city,95,1225546.0,Myanmar,False
Q22502,Taiwan Island,taiwan island,island in East Asia; main land of the Republic of China (Taiwan),LOC,island,95,,,False
Q186237,Joensuu,joensuu,city in the region of North Karelia in Finland,GPE,city,95,,Finland,False
Q168866,Eskişehir,eskişehir,"metropolitan municipality in Central Anatolia, Turkey",GPE,city,95,871187.0,Turkey,False
Q167551,Gitega,gitega,capital of Burundi,GPE,city,95,135467.0,Burundi,False
Q81046,Q81046,q81046,"city in Wallonia, Belgium",GPE,city,95,204322.0,Belgium,False
Q28911,Lahti,lahti,city in the region of Päijänne Tavastia in Finland,GPE,city,95,120809.0,Finland,False
Q83497,Mount Rushmore,mount rushmore,mountain in South Dakota featuring a sculpture of four US presidents,LOC,mountain,95,,,False
Q163434,East Siberian Sea,east siberian sea,sea in the Arctic Ocean,LOC,sea,94,,,False
Q769680,Bornholm,bornholm,Danish island,LOC,island,94,,,False
Q10086,Mysore,mysore,"city in the state of Karnataka, India",GPE,city,94,,India,False
Q101418,Lobamba,lobamba,city in Eswatini,GPE,city,94,114585.0,Eswatini,False
Q133116,Hamilton,hamilton,"city in Ontario, Canada",GPE,city,94,569353.0,Canada,False
Q228405,Madurai,madurai,city of Tamil Nadu in southern India,GPE,city,94,1561129.0,India,False
Q131243,Oranjestad,oranjestad,capital city of Aruba,GPE,city,94,,Aruba,False
Q129610,Galway,galway,city in Ireland,GPE,city,94,,Ireland,False
Q130212,Székesfehérvár,székesfehérvár,city in Hungary,GPE,city,94,,Hungary,False
Q159252,Chukchi Sea,chukchi sea,sea of the Arctic Ocean,LOC,sea,94,,,False
Q2061,Yellowknife,yellowknife,"capital and largest city of the Northwest Territories, Canada",GPE,city,94,,Canada,False
Q13486,Andria,andria,"city and comune in Apulia, Italy",GPE,city,94,,Italy,False
Q178663,Meknes,meknes,city in Morocco,GPE,city,94,601000.0,Morocco,False
Q18569,Douglas,douglas,capital city of the Isle of Man,GPE,city,94,,Isle of Man,False
Q186141,Gangtok,gangtok,"city in Gangtok district, Sikkim, India",GPE,city,94,100286.0,India,False
Q41986,Meuse,meuse,river in western Europe,LOC,river,94,,,False
Q33254,Tasman Sea,tasman sea,Marginal sea in the Pacific Ocean,LOC,sea,94,,,False
Q171632,Maracaibo,maracaibo,"capital city of the Zulia state, Venezuela",GPE,city,94,1551539.0,Venezuela,True
Q8197,Daugava,daugava,"river in Latvia, Belarus and Russia",LOC,river,94,,,False
Q160927,Blois,blois,"French commune and city in Loir-et-Cher, Centre-Val de Loire",GPE,city,94,,France,False
Q6681,Crotone,crotone,Italian comune,GPE,city,93,,Italy,False
Q83061,Van,van,city in Turkey,GPE,city,93,1127612.0,Turkey,False
Q122803,Erzurum,erzurum,city in Turkey,GPE,city,93,767848.0,Turkey,False
Q15679,Badajoz,badajoz,"municipality in Extremadura, Spain",GPE,city,93,150209.0,Spain,False
Q170616,Chiba,chiba,"city in Chiba prefecture, Japan",GPE,city,93,975014.0,Japan,False
Q128087,Lesbos,lesbos,Greek island located in the northeastern Aegean Sea,LOC,island,93,,,False
Q168954,Tripoli,tripoli,city in northern Lebanon,GPE,city,93,227857.0,Lebanon,False
Q131274,Beaufort Sea,beaufort sea,marginal sea of the Arctic Ocean,LOC,sea,93,,,True
Q81178,Baffin Island,baffin island,"largest Arctic island in Nunavut, Canada",LOC,island,93,,,False
Q103011,Corinth,corinth,"seaside city in Peloponnese, Greece",GPE,city,93,,Greece,False
Q4024,Frankfurt (Oder),frankfurt oder,"city in Brandenburg, Germany",GPE,city,93,,Germany,False
Q104437,Yukon River,yukon river,"river in the Yukon Territory, Canada and Alaska, United States of America",LOC,river,93,,,True
Q2123,Regina,regina,"capital and second-largest city of the province of Saskatchewan, Canada",GPE,city,93,226404.0,Canada,False
Q44254,Ushuaia,ushuaia,capital of Tierra del Fuego in Argentina,GPE,city,93,,Argentina,False
Q483159,Syr Darya,syr darya,"river in Kyrgyzstan, Uzbekistan, Tajikistan, Kazakhstan",LOC,river,93,,,False
Q134291,Mersin,mersin,city in Turkey,GPE,city,93,1040507.0,Turkey,False
Q13372,Carrara,carrara,"city in Tuscany, Italy",GPE,city,93,,Italy,False
Q2055,Whitehorse,whitehorse,"capital city of the territory of Yukon, Canada",GPE,city,92,,Canada,True
Q199712,Çanakkale,çanakkale,"central district and city in Çanakkale Province, Turkey",GPE,city,92,134478.0,Turkey,False
Q132679,Willemstad,willemstad,capital city of Curaçao,GPE,city,92,150000.0,Curaçao,False
Q134672,Exeter,exeter,"city in Devon, England",GPE,city,92,124180.0,United Kingdom,False
Q30985,Hamilton,hamilton,capital of Bermuda,GPE,city,92,,Bermuda,False
Q130469,Mazar-i-Sharif,mazar-i-sharif,"capital of Balkh, Afghanistan",GPE,city,92,469247.0,Afghanistan,False
Q82765,Olsztyn,olsztyn,"city in Warmian-Masurian Voivodeship, Poland",GPE,city,92,170225.0,Poland,False
Q23311,City of London,city of london,"city, ceremonial county and local government district containing the historic centre and the primary central business district in the London Region in England, UK",GPE,city,92,,United Kingdom,False
Q163490,Sidon,sidon,"capital city of South Governorate, Lebanon",GPE,city,92,200000.0,Lebanon,False
Q26421,Dordrecht,dordrecht,"city and municipality in South Holland, the Netherlands",GPE,city,92,122070.0,Netherlands,False
Q132868,Greenland Sea,greenland sea,sea,LOC,sea,92,,,False
Q41278,Ulsan,ulsan,metropolitan city in South Korea,GPE,city,92,1127553.0,South Korea,False
Q170532,Amasya,amasya,"central district and city in Amasya Province, Turkey",GPE,city,92,114921.0,Turkey,False
Q372773,Raipur,raipur,"capital of Chhattisgarh, India",GPE,city,92,1010087.0,India,False
Q140075,Gold Coast,gold coast,"city in Queensland, Australia",GPE,city,92,607665.0,Australia,False
Q160450,Samsun,samsun,city in northern Turkey,GPE,city,91,1368488.0,Turkey,False
Q199909,Karbala,karbala,"city in Karbala Governorate, Iraq",GPE,city,91,690100.0,Iraq,False
Q7030,Wismar,wismar,"city in Mecklenburg-Vorpommern, Germany",GPE,city,91,,Germany,False
Q1374,Matterhorn,matterhorn,mountain in the Pennine Alps on the border between Switzerland and Italy,LOC,mountain,91,,,True
Q3140,Hudson River,hudson river,"river in New York State, United States",LOC,river,91,,,False
Q179351,City of Westminster,city of westminster,"city and borough in London, England, UK",GPE,city,91,211365.0,United Kingdom,False
Q170967,Denizli,denizli,city in Turkey,GPE,city,91,1027782.0,Turkey,False
Q173292,Capri,capri,island near Naples,LOC,island,91,,,False
Q144983,Banská Bystrica,banská bystrica,city in central Slovakia,GPE,city,91,,Slovakia,False
Q101254,Newport,newport,"city in south east Wales, United Kingdom",GPE,city,91,159600.0,United Kingdom,False
Q158467,Gwalior,gwalior,"city in Madhya Pradesh, India",GPE,city,91,1069276.0,India,False
Q159183,Philippine Sea,philippine sea,Interisland Sea in the Pacific Ocean,LOC,sea,91,,,False
Q22905,Bradford,bradford,"city and largest settlement in the City of Bradford district, Yorkshire, England",GPE,city,91,293277.0,United Kingdom,False
Q182059,Kumasi,kumasi,capital city of Ashanti Region,GPE,city,91,3903480.0,Ghana,False
Q13939,Terrassa,terrassa,"city in Catalonia, Spain",GPE,city,91,233270.0,Spain,False
Q35784,Al Bayda,al bayda,city in Libya,GPE,city,91,250000.0,Libya,False
Q214173,Trujillo,trujillo,"city of Peru, capital of La Libertad region",GPE,city,91,919899.0,Peru,False
Q26268,Luleå,luleå,"urban area in Luleå Municipality, Sweden",GPE,city,90,,Sweden,False
Q1906,Caserta,caserta,Italian comune,GPE,city,90,,Italy,False
Q126269,Wolverhampton,wolverhampton,"city in the West Midlands, England, United Kingdom",GPE,city,90,250970.0,United Kingdom,False
Q125080,Vaasa,vaasa,city in the region of Ostrobothnia in Finland,GPE,city,90,,Finland,False
Q200019,Jodhpur,jodhpur,"city in Rajasthan, India",GPE,city,90,1033918.0,India,False
Q128147,Kingston upon Hull,kingston upon hull,"city in the East Riding of Yorkshire, England, UK",GPE,city,90,260200.0,United Kingdom,False
Q19583,Gori,gori,city in Georgia,GPE,city,90,,Georgia,False
Q2030,Iqaluit,iqaluit,"capital of the territory of Nunavut, Canada",GPE,city,90,,Canada,False
Q882739,Blue Nile,blue nile,river originating at Lake Tana in Ethiopia that is a tributary of the Nile River,LOC,river,90,,,True
Q1223508,Ohrid,ohrid,"town and seat of Ohrid Municipality, Macedonia",GPE,city,90,,North Macedonia,False
Q81499,Celtic Sea,celtic sea,sea west of the English Channel,LOC,sea,90,,,False
Q82859,Socotra,socotra,main island of Socotra Archipelago in the Guardafui Channel,LOC,island,90,,,False
Q127063,Kars,kars,"central district and city in Kars Province, Turkey",GPE,city,90,,Turkey,False
Q107401,Sivas,sivas,"central district and city in Sivas Province, Turkey",GPE,city,90,365274.0,Turkey,False
Q180233,Pori,pori,city in the region of Satakunta in Finland,GPE,city,90,,Finland,False
Q1670,Main,main,right tributary of Rhine river in Germany,LOC,river,90,,,False
Q160493,Inverness,inverness,"city in the Highlands of Scotland, United Kingdom",GPE,city,90,,United Kingdom,False
Q83786,Shimla,shimla,"capital of Himachal Pradesh, India",GPE,city,90,206575.0,India,False
Q13318,Imperia,imperia,"coastal city and comune in the region of Liguria, Italy",GPE,city,90,,Italy,False
Q1640,Osijek,osijek,"city and settlement in Osijek-Baranja County, Croatia",GPE,city,90,,Croatia,False
Q163607,Angkor,angkor,former capital city; region of Cambodia,GPE,city,90,,Cambodia,False
Q170688,Santa Cruz de la Sierra,santa cruz de la sierra,city in eastern Bolivia,GPE,city,90,3151676.0,Bolivia,False
Q170497,Gloucester,gloucester,"city and county town of Gloucestershire, England, UK",GPE,city,90,145563.0,United Kingdom,False
Q131418,Timor Sea,timor sea,sea,LOC,sea,90,,,False
Q127892,Paraná River,paraná river,river in South America,LOC,river,89,,,False
Q180803,Truro,truro,"city in Cornwall, United Kingdom",GPE,city,89,,United Kingdom,False
Q10965,Ebro,ebro,river in Spain,LOC,river,89,,,False
Q160636,Rio Grande,rio grande,"river originating in Colorado, flowing south through New Mexico, and forming part of the US-Mexico border along Texas until emptying into the Gulf of Mexico",LOC,river,89,,,False
Q134514,Suez,suez,seaport city in Egypt,GPE,city,89,716458.0,Egypt,True
Q72818,Haiphong,haiphong,municipality of Vietnam,GPE,city,89,2124500.0,Vietnam,True
Q600614,Okinawa,okinawa,smallest of the five main islands of Japan,LOC,island,89,,,False
Q181966,Naha,naha,"capital city of Okinawa prefecture, Japan",GPE,city,89,316048.0,Japan,False
Q485496,Shymkent,shymkent,city in Kazakhstan,GPE,city,89,1191877.0,Kazakhstan,False
Q172157,Winchester,winchester,"city and unparished area within the larger City of Winchester, Hampshire, England",GPE,city,89,,United Kingdom,False
Q229107,Mount Kailash,mount kailash,"mountain in Tibet, China",LOC,mountain,89,,,False
Q171223,Nyíregyháza,nyíregyháza,city in Hungary,GPE,city,89,114873.0,Hungary,False
Q134485,Lake Balkhash,lake balkhash,lake in southeastern Kazakhstan,LOC,lake,89,,,False
Q11909,Vadodara,vadodara,"metropolis in Gujarat, India",GPE,city,89,2065771.0,India,False
Q2251,Columbia River,columbia river,"river in North America; flows from British Columbia, through Washington, and along the Washington-Oregon border to the Pacific Ocean",LOC,river,89,,,False
Q108223,Belize City,belize city,most populous city in Belize and capital of the district of Belize,GPE,city,89,,Belize,True
Q3639,Verbania,verbania,Italian city,GPE,city,89,,Italy,False
Q4915,Ohio River,ohio river,river in the midwestern United States,LOC,river,89,,,True
Q163584,Derry,derry,City in Northern Ireland,GPE,city,89,,United Kingdom,False
Q134509,Port Said,port said,city in northeastern Egypt,GPE,city,89,791749.0,Egypt,True
Q178925,Gran Canaria,gran canaria,Spanish island of the Canary Islands,LOC,island,89,,,False
Q28516,Tarnobrzeg,tarnobrzeg,City with powiat rights of Poland,GPE,city,88,,Poland,False
Q73169,Scandinavian Peninsula,scandinavian peninsula,peninsula in Northern Europe,LOC,peninsula,88,,,False
Q169986,Makalu,makalu,mountain in Nepal/China; 5th highest in the world,LOC,mountain,88,,,False
Q129649,İzmit,i̇zmit,central district and city of Kocaeli in Turkey,GPE,city,88,376056.0,Turkey,False
Q172070,Mount Kenya,mount kenya,African stratovolcano,LOC,mountain,88,,,True
Q210197,Kukës,kukës,"city in Kukës County, Albania",GPE,city,88,,Albania,False
Q192379,Aizawl,aizawl,"capital of Mizoram, India",GPE,city,88,293416.0,India,False
Q187346,Constantine,constantine,city in Algeria,GPE,city,88,465138.0,Algeria,False
Q161258,Clipperton Island,clipperton island,French atoll in the Pacific Ocean,LOC,island,88,,,False
Q134703,Kahramanmaraş,kahramanmaraş,city in Turkey,GPE,city,88,443575.0,Turkey,False
Q207752,Shillong,shillong,"capital city of Meghalaya, India",GPE,city,88,143229.0,India,False
Q173121,Santiago de Querétaro,santiago de querétaro,"capital of Querétaro, Querétaro, Mexico",GPE,city,88,794789.0,Mexico,False
Q173545,Hama,hama,"city in Hama Governorate, Syria",GPE,city,88,696863.0,Syria,False
Q133423,Valley of the Kings,valley of the kings,necropolis in ancient Egypt,LOC,valley,88,,,False
Q170263,Chester,chester,"city in Cheshire, England",GPE,city,88,,United Kingdom,False
Q130736,Nanga Parbat,nanga parbat,mountain in Pakistan; 9th highest in the world,LOC,mountain,88,,,False
Q129296,Santorini,santorini,Greek island in the Cyclades,LOC,island,88,,,False
Q26119,Prešov,prešov,city in Slovakia,GPE,city,88,,Slovakia,False
Q157246,Bitola,bitola,"town and seat of Bitola Municipality, Macedonia",GPE,city,88,,North Macedonia,False
Q26175,Trnava,trnava,city in Slovakia,GPE,city,88,,Slovakia,False
Q200030,Latakia,latakia,principal port city of Syria,GPE,city,87,709000.0,Syria,False
Q52636,Menorca,menorca,island in Spain,LOC,island,87,,,False
Q200049,Ajmer,ajmer,"city in Rajasthan, India",GPE,city,87,542321.0,India,False
Q6414,Lake Garda,lake garda,lake in Italy,LOC,lake,87,,,False
Q69060,Xining,xining,"capital city of Qinghai province, China",GPE,city,87,2467965.0,People's Republic of China,False
Q183551,Waterford,waterford,city in Ireland,GPE,city,87,,Ireland,False
Q515229,Ngerulmud,ngerulmud,capital of Palau,GPE,city,87,,Palau,False
Q1667,Moselle,moselle,river in Western Europe,LOC,river,87,,,False
Q134287,Tarsus,tarsus,"district and town in Mersin, Turkey",GPE,city,87,346715.0,Turkey,False
Q164466,Ross Sea,ross sea,deep sea of the Southern Ocean in Antarctica,LOC,sea,87,,,False
Q9885,Coimbatore,coimbatore,"city in Tamil Nadu, India",GPE,city,87,959823.0,India,False
Q165440,Dhaulagiri,dhaulagiri,mountain in Nepal,LOC,mountain,87,,,False
Q54898,San Cristóbal de La Laguna,san cristóbal de la laguna,municipality in Tenerife,GPE,city,87,161108.0,Spain,False
Q117040,Santiago de Cuba,santiago de cuba,"city and capital of the province of Santiago de Cuba, Cuba",GPE,city,87,444851.0,Cuba,False
Q165090,Chambéry,chambéry,"commune in Savoie, France",GPE,city,87,,France,False
Q42191,Issyk-Kul,issyk-kul,lake in Kyrgyzstan,LOC,lake,87,,,False
Q183078,Murray River,murray river,river in Australia,LOC,river,87,,,False
Q173310,Kirkuk,kirkuk,city in Iraq,GPE,city,87,975000.0,Iraq,False
Q25797,Žilina,žilina,capital of the Žilina region in north-western Slovakia,GPE,city,87,,Slovakia,False
Q1719466,Panevėžys,panevėžys,city in Lithuania,GPE,city,87,,Lithuania,False
Q14299,Douro,douro,river in Spain and Portugal,LOC,river,87,,,False
Q169160,Lezhë,lezhë,"city in Lezhë County, Albania",GPE,city,87,,Albania,False
Q178405,Larissa,larissa,city of Thessaly region in Greece,GPE,city,87,146377.0,Greece,False
Q18438,Long Island,long island,"island in New York, United States of America",LOC,island,87,,,False
Q131230,Mauna Kea,mauna kea,Hawaiian volcano,LOC,volcano,87,,,True
Q165444,Tikrit,tikrit,"city in Saladin, Iraq",GPE,city,87,105700.0,Iraq,False
Q134902,Stoke-on-Trent,stoke-on-trent,"city in Staffordshire, England",GPE,city,87,258300.0,United Kingdom,False
Q2138,Fredericton,fredericton,"capital city of the province of New Brunswick, Canada",GPE,city,87,,Canada,False
Q187284,Hurghada,hurghada,"city in Red Sea Governorate, Egypt",GPE,city,87,214247.0,Egypt,False
Q35827,Río de la Plata,río de la plata,estuary formed by the confluence of the Uruguay River and the Paraná River on the border between Argentina and Uruguay,LOC,river,87,,,False
Q168193,Najaf,najaf,city in central-south Iraq,GPE,city,87,724700.0,Iraq,False
Q5832,Axum,axum,Ethiopian city,GPE,city,86,,Ethiopia,False
Q13470,Barletta,barletta,"city and comune in the north of Apulia, Italy",GPE,city,86,,Italy,False
Q450625,Alytus,alytus,city in Lithuania,GPE,city,86,,Lithuania,False
Q26397,Nitra,nitra,city in Slovakia,GPE,city,86,,Slovakia,False
Q185157,Tétouan,tétouan,Moroccan city located in the Western Rif,GPE,city,86,422757.0,Morocco,False
Q191314,Godavari River,godavari river,river in India,LOC,river,86,,,False
Q52101,Middelburg,middelburg,"capital city of Zeeland, the Netherlands",GPE,city,86,,Netherlands,False
Q599416,Sinop,sinop,"central district and city in Sinop Province, Turkey",GPE,city,86,,Turkey,False
Q159835,Batman,batman,"central district and city in Batman Province, Turkey",GPE,city,86,445874.0,Turkey,False
Q130321,Mount Athos,mount athos,mountain in northeastern Greece,LOC,mountain,86,,,False
Q131574,Vltava,vltava,river in Czechia,LOC,river,86,,,False
Q180522,Aqaba,aqaba,Jordanian coastal city,GPE,city,86,140000.0,Jordan,False
Q125888,Lake Albert,lake albert,lake in Uganda and the Democratic Republic of the Congo,LOC,lake,86,,,False
Q134350,Tisza,tisza,river in Europe,LOC,river,86,,,False
Q3237,Rügen,rügen,island in the Baltic Sea off the Pomeranian coast of Germany,LOC,island,86,,,False
Q102317,Kielce,kielce,city and capital of the Świętokrzyskie Voivodeship in south-central Poland,GPE,city,86,186894.0,Poland,False
Q171810,Alanya,alanya,"district and town in Antalya, Turkey",GPE,city,86,364180.0,Turkey,False
Q147089,Manisa,manisa,city in Turkey,GPE,city,86,420015.0,Turkey,False
Q173017,Limpopo River,limpopo river,river in southern Africa,LOC,river,85,,,False
Q200123,Ludhiana,ludhiana,"city in Punjab, India",GPE,city,85,1618879.0,India,False
Q203197,Kandy,kandy,"capital city in Central Province, Sri Lanka",GPE,city,85,120087.0,Sri Lanka,False
Q18021,Biella,biella,Italian comune,GPE,city,85,,Italy,False
Q175117,Moskva River,moskva river,"river in Russia, Moscow region",LOC,river,85,,,False
Q178167,Mount Kosciuszko,mount kosciuszko,"highest mountain in the mainland of the Australian continent, located on New South Wales–Victoria border",LOC,mountain,85,,,False
Q4814791,White Nile,white nile,river in Africa and tributary of the Nile River,LOC,river,85,,,False
Q188894,Kütahya,kütahya,"central district and city in Kütahya Province, Turkey",GPE,city,85,266784.0,Turkey,False
Q180057,Lincoln,lincoln,"cathedral city and county town of Lincolnshire, England, UK",GPE,city,85,,United Kingdom,False
Q165995,Malatya,malatya,"metropolitan municipality in Eastern Anatolia, Turkey",GPE,city,85,426381.0,Turkey,False
Q163852,Kópavogsbær,kópavogsbær,city of Iceland,GPE,city,85,,Iceland,False
Q489898,Nukus,nukus,"capital of the Republic of Karakalpakstan, Uzbekistan",GPE,city,85,319583.0,Uzbekistan,False
Q1015,Koper,koper,city in southwest Slovenia,GPE,city,85,,Slovenia,False
Q60956,Ashkelon,ashkelon,city in Israel,GPE,city,85,134454.0,Israel,False
Q208097,Imphal,imphal,capital of the Indian state of Manipur,GPE,city,85,268243.0,India,False
Q209034,Toluca de Lerdo,toluca de lerdo,"capital of the State of Mexico, Mexico",GPE,city,85,223876.0,Mexico,False
Q26521,Halmstad,halmstad,"urban area in Halmstad Municipality, Sweden",GPE,city,85,,Sweden,False
Q146841,Ellesmere Island,ellesmere island,part of the Qikiqtaaluk Region of the Canadian territory of Nunavut,LOC,island,85,,,True
Q2127,Charlottetown,charlottetown,"capital city of the province of Prince Edward Island, Canada",GPE,city,85,,Canada,True
Q190165,Luang Prabang,luang prabang,city located in north central Laos,GPE,city,85,,Laos,False
Q193367,Porvoo,porvoo,city in the region of Uusimaa in Finland,GPE,city,85,,Finland,False
Q133073,Dunedin,dunedin,city in New Zealand's South Island,GPE,city,85,106200.0,New Zealand,False
Q92561,London,london,"city in Southwestern Ontario, Canada",GPE,city,85,422324.0,Canada,False
Q179815,Durham,durham,city and the county town of County Durham in North East England,GPE,city,85,,United Kingdom,False
Q377485,Mount Sinai,mount sinai,mountain in the Sinai Peninsula of Egypt,LOC,mountain,85,,,False
Q26234,Esbjerg,esbjerg,town in Denmark,GPE,city,85,,Denmark,False
Q622,Ludwigsburg,ludwigsburg,"city in Baden-Württemberg, Germany",GPE,city,85,,Germany,False
Q168702,Lhotse,lhotse,mountain in Nepal,LOC,mountain,85,,,False
Q178835,Baalbek,baalbek,"city in Baalbek-Hermel, Lebanon",GPE,city,85,,Lebanon,False
Q1646181,Worcester,worcester,"city and the county town of Worcestershire, England",GPE,city,84,101891.0,United Kingdom,False
Q45942,Annaba,annaba,city in Algeria,GPE,city,84,257359.0,Algeria,False
Q11910,Gandhinagar,gandhinagar,"Capital of Gujarat State, India",GPE,city,84,195891.0,India,False
Q230104,Nakhchivan,nakhchivan,capital of the Nakhchivan Autonomous Republic of Azerbaijan,GPE,city,84,,Azerbaijan,False
Q105084,Gliwice,gliwice,city with powiat rights of Poland in Upper Silesia,GPE,city,84,174016.0,Poland,False
Q18278,Uruguay River,uruguay river,river in South America,LOC,river,84,,,False
Q168197,Adıyaman,adıyaman,"central district and city in Adıyaman Province, Turkey",GPE,city,84,267131.0,Turkey,False
Q743218,Jonava,jonava,"city in Kaunas County, Lithuania",GPE,city,84,,Lithuania,False
Q162737,Angara,angara,"river in Irkutsk Oblast and Krasnoyarsk Krai, south-east Siberia, Russia",LOC,river,84,,,False
Q172438,Peterborough,peterborough,"cathedral city in Cambridgeshire, England",GPE,city,84,194000.0,United Kingdom,False
Q26076,Irrawaddy River,irrawaddy river,river in Myanmar and China,LOC,river,84,,,False
Q165608,Kola Peninsula,kola peninsula,peninsula in the northwest of Russia,LOC,peninsula,84,,,False
Q181475,Orange River,orange river,major river of southern Africa,LOC,river,84,,,False
Q166162,Lake Onega,lake onega,"freshwater lake in Russia, second largest in Europe",LOC,lake,84,,,False
Q35045,Potosí,potosí,city in Bolivia,GPE,city,84,189652.0,Bolivia,False
Q170479,Vancouver Island,vancouver island,"island of British Columbia, Canada",LOC,island,84,,,False
Q289693,Sharjah,sharjah,city in the United Arab Emirates,GPE,city,84,1247749.0,United Arab Emirates,False
Q28729,Kozhikode,kozhikode,"city in Kerala, India",GPE,city,84,431560.0,India,False
Q184189,Labrador Sea,labrador sea,sea,LOC,sea,84,,,False
Q173731,Ghazni,ghazni,city in Afghanistan,GPE,city,84,143379.0,Afghanistan,False
Q14081,Chimborazo,chimborazo,volcano and highest mountain in Ecuador,LOC,mountain,84,,,False
Q174684,Tuzla,tuzla,"city in Federation of Bosnia and Herzegovina, Bosnia and Herzegovina",GPE,city,84,110979.0,Bosnia and Herzegovina,False
Q173338,Cetinje,cetinje,Old Royal Capital of Montenegro,GPE,city,84,,Montenegro,False
Q200713,Aurangabad,aurangabad,city in the district of Sambhajinagar,GPE,city,84,1175116.0,India,False
Q105060,Sosnowiec,sosnowiec,"city in the Dąbrowa Basin (the Lesser Poland part of the Silesian Voivodeship), Poland",GPE,city,84,185930.0,Poland,False
Q182984,Kano,kano,city in Nigeria,GPE,city,83,4348000.0,Nigeria,False
Q477232,Aktobe,aktobe,city in Kazakhstan,GPE,city,83,387807.0,Kazakhstan,False
Q169274,Sargasso Sea,sargasso sea,region in the gyre in the middle of the North Atlantic Ocean,LOC,sea,83,,,False
Q68144,Zug,zug,"capital of the canton of Zug, Switzerland",GPE,city,83,,Switzerland,False
Q79082,Kama,kama,"river in Russia, tributary to the Volga",LOC,river,83,,,False
Q173532,Byblos,byblos,"Mediterranean city in the Mount Lebanon Governorate, Lebanon, a main Canaanite-Phoenician city",GPE,city,83,,Lebanon,False
Q178543,Baja California peninsula,baja california peninsula,peninsula of North America on the Pacific Coast of Mexico,LOC,peninsula,83,,,False
Q128323,Trinidad,trinidad,larger of the two major islands which make up Trinidad and Tobago,LOC,island,83,,,False
Q214681,Panaji,panaji,capital city of Goa,GPE,city,83,,India,False
Q166824,Afyonkarahisar,afyonkarahisar,"central district and city in Afyonkarahisar Province, Turkey",GPE,city,83,299673.0,Turkey,False
Q160194,Sulu Sea,sulu sea,Interisland Sea in the Pacific Ocean,LOC,sea,83,,,False
Q165204,Mérida,mérida,"capital city of Yucatan, Mexico",GPE,city,83,892363.0,Mexico,False
Q26563,Roskilde,roskilde,city in Denmark,GPE,city,83,,Denmark,False
Q4078,Cape Horn,cape horn,headland of the Tierra del Fuego archipelago located in Chile,LOC,cape,83,,,False
Q14383,Sava,sava,river in Southeast Europe,LOC,river,83,,,False
Q61089,Malacca,malacca,"state capital of Malacca, Malaysia",GPE,city,83,455300.0,Malaysia,False
Q192155,Kotka,kotka,city in the region of Kymenlaakso in Finland,GPE,city,83,,Finland,False
Q62218,Jarvis Island,jarvis island,coral island located in the South Pacific Ocean,LOC,island,83,,,False
Q200078,Okayama,okayama,"city in Okayama prefecture, Japan",GPE,city,83,720043.0,Japan,False
Q283368,Raqqa,raqqa,city in Syria,GPE,city,83,299824.0,Syria,False
Q185458,Quetta,quetta,"capital of Balochistan Province, Pakistan",GPE,city,83,1001205.0,Pakistan,False
Q13625,Vibo Valentia,vibo valentia,Italian comune,GPE,city,83,,Italy,False
Q51679,Saipan,saipan,"largest island of the Northern Mariana Islands, United States of America",LOC,island,83,,,False
Q131128,Braunau am Inn,braunau am inn,"town in Braunau District, Upper Austria, Austria",GPE,city,83,,Austria,False
Q5077,Garonne,garonne,river in southwest France and northern Spain,LOC,river,83,,,False
Q131148,Stromboli,stromboli,island in Italy (about volcano see Q31445600),LOC,island,83,,,False
Q15092,Castellón de la Plana,castellón de la plana,"city in the Valencian Community, Spain",GPE,city,83,183711.0,Spain,False
Q44889,Son Doong Cave,son doong cave,"Largest cave passage in the world, located near the Laos-Vietnam border",LOC,cave,83,,,False
Q172089,Oka,oka,"river in Russia, tributary of Volga",LOC,river,82,,,False
Q183651,Tokat,tokat,"central district and city in Tokat Province, Turkey",GPE,city,82,163405.0,Turkey,False
Q173270,Veracruz,veracruz,"city of Veracruz, Mexico",GPE,city,82,428323.0,Mexico,False
Q174019,Béziers,béziers,"city in Hérault, Occitanie, France",GPE,city,82,,France,False
Q200237,Meerut,meerut,"metropolitan city in Uttar Pradesh, India",GPE,city,82,1305429.0,India,False
Q486913,Atyrau,atyrau,city in Kazakhstan,GPE,city,82,295496.0,Kazakhstan,False
Q483331,Iğdır,iğdır,"central district and city in Iğdır Province, Turkey",GPE,city,82,137613.0,Turkey,False
Q136217,Erzincan,erzincan,"central district and city in Erzincan Province, Turkey",GPE,city,82,157452.0,Turkey,False
Q7564,Lombok Island,lombok island,"island in West Nusa Tenggara Province, Indonesia",LOC,island,82,,,False
Q174060,Elazığ,elazığ,"central district and city in Elazığ Province, Turkey",GPE,city,82,421726.0,Turkey,False
Q187861,Wollongong,wollongong,"city in New South Wales, Australia",GPE,city,82,261896.0,Australia,False
Q170457,Aydın,aydın,metropolitan municipality in Turkey,GPE,city,82,259027.0,Turkey,False
Q179396,Paraguay River,paraguay river,"river of Argentina, Brazil and Paraguay",LOC,river,82,,,False
Q3569,Senegal River,senegal river,river in West Africa,LOC,river,82,,,False
Q61302,Chihuahua City,chihuahua city,"capital of the State of Chihuahua, Mexico",GPE,city,82,925762.0,Mexico,True
Q131347,Oahu,oahu,"island of Hawaii, United States",LOC,island,82,,,False
Q104720,"Zielona Góra [Grünberg], Lubusz Voivodeship",zielona góra grünberg lubusz voivodeship,City with powiat rights of Poland,GPE,city,82,140002.0,Poland,False
Q51432,Gniezno,gniezno,city in central-western Poland,GPE,city,82,,Poland,False
Q181854,Lappeenranta,lappeenranta,city in the region of South Karelia in Finland,GPE,city,82,,Finland,False
Q373808,Khujand,khujand,city in Tajikistan,GPE,city,82,198700.0,Tajikistan,False
Q156882,Samos,samos,Greek island in Aegean Sea,LOC,island,82,,,False
Q179046,Fatehpur Sikri,fatehpur sikri,"town in Agra District, Uttar Pradesh, India",GPE,city,82,,India,False
Q182481,Tourcoing,tourcoing,"commune in Nord department, Hauts-de-France, France",GPE,city,82,,France,False
Q52981,Faenza,faenza,"Italian city and comune, in the province of Ravenna, Emilia-Romagna",GPE,city,82,,Italy,False
Q4675,Mount St. Helens,mount st. helens,volcano in Washington state,LOC,mountain,82,,,True
Q118771,Rio Negro,rio negro,tributary of the Amazon river,LOC,river,82,,,False
Q486329,Fergana,fergana,capital of Fergana Province in eastern Uzbekistan,GPE,city,81,288850.0,Uzbekistan,False
Q198989,Aktau,aktau,city in western Kazakhstan,GPE,city,81,183350.0,Kazakhstan,False
Q486195,Khiva,khiva,city in Uzbekistan,GPE,city,81,105300.0,Uzbekistan,False
Q30970,Jamestown,jamestown,capital of Saint Helena,GPE,city,81,,"Saint Helena, Ascension and Tristan da Cunha",False
Q200878,Jabalpur,jabalpur,"city in Madhya Pradesh, India",GPE,city,81,1267564.0,India,False
Q170089,Cho Oyu,cho oyu,mountain in Nepal/China,LOC,mountain,81,,,False
Q8168,Pechora,pechora,river in Northern Russia,LOC,river,81,,,False
Q193499,Krishna River,krishna river,third longest river in central−southern India,LOC,river,81,,,False
Q208472,Bingöl,bingöl,"central district and city in Bingöl Province, Turkey",GPE,city,81,160165.0,Turkey,False
Q3786,Esslingen am Neckar,esslingen am neckar,"city in the Stuttgart Region of Baden-Württemberg, Germany",GPE,city,81,,Germany,False
Q160483,Chios,chios,Greek island situated in the Aegean Sea,LOC,island,81,,,False
Q131305,Howland Island,howland island,"coral island in the central Pacific Ocean; unincorporated, unorganized territory of the United States of America",LOC,island,81,,,False
Q151920,Tiberias,tiberias,"city in Galilee, Israel",GPE,city,81,,Israel,False
Q131605,Merano,merano,"municipality in South Tyrol, Italy",GPE,city,81,,Italy,False
Q131612,Wiener Neustadt,wiener neustadt,"city in Lower Austria, Austria",GPE,city,81,,Austria,False
Q189133,Cairns,cairns,"city in Queensland, Australia",GPE,city,81,146778.0,Australia,False
Q188304,Sunderland,sunderland,"city in Tyne and Wear, North East England",GPE,city,81,277417.0,United Kingdom,False
Q50816,Mississauga,mississauga,"city in Ontario, Canada",GPE,city,81,717961.0,Canada,False
Q170507,Nanterre,nanterre,"commune in Hauts-de-Seine, France",GPE,city,81,,France,False
Q186182,Dharamshala,dharamshala,"city in Himachal Pradesh, India",GPE,city,81,,India,False
Q180810,Mtskheta,mtskheta,"city in Mtskheta-Mtianeti, Georgia",GPE,city,81,,Georgia,False
Q1012,Celje,celje,city in Slovenia,GPE,city,81,,Slovenia,False
Q951302,Saaremaa,saaremaa,largest island in Estonia,LOC,island,80,,,False
Q170070,Manaslu,manaslu,mountain in Nepal; eighth highest mountain in the world,LOC,mountain,80,,,False
Q3411,Mackenzie River,mackenzie river,largest river system in Canada,LOC,river,80,,,False
Q14379,Lake Maggiore,lake maggiore,lake in Italy and Switzerland,LOC,lake,80,,,False
Q168159,Anglesey,anglesey,"island in north-west Wales, UK",LOC,island,80,,,False
Q59771,New Britain,new britain,island of the Bismarck Archipelago in Papua New Guinea,LOC,island,80,,,False
Q145002,Trenčín,trenčín,city in Slovakia,GPE,city,80,,Slovakia,False
Q14309,Guadalquivir,guadalquivir,river in Spain,LOC,river,80,,,False
Q188527,Naxos Island,naxos island,Greek island in the Aegean Sea,LOC,island,80,,,False
Q5622,Neman,neman,river in eastern Europe,LOC,river,80,,,False
Q36989,Pardubice,pardubice,city in Czechia,GPE,city,80,,Czech Republic,False
Q189128,León de Los Aldama,león de los aldama,"municipal seat of León, State of Guanajuato, Mexico",GPE,city,80,1579803.0,Mexico,False
Q5867,Vukovar,vukovar,"city and settlement in Vukovar-Srijem County, Croatia",GPE,city,80,,Croatia,False
Q170313,Mbombela,mbombela,"city in Mpumalanga, South Africa",GPE,city,80,,South Africa,False
Q88,Alexandria,alexandria,"city in the state of Virginia, United States",GPE,city,80,159467.0,United States,False
Q174341,İskenderun,i̇skenderun,"district and city in Hatay, Turkey",GPE,city,80,251682.0,Turkey,False
Q178582,Wels,wels,city in Upper Austria,GPE,city,80,,Austria,False
Q125912,Lake Kivu,lake kivu,meromictic lake in the East African Rift valley,LOC,lake,80,,,False
Q182625,Windsor,windsor,"city in Essex County, Ontario, Canada",GPE,city,80,229660.0,Canada,False
Q182025,Aksaray,aksaray,"central district and city in Aksaray Province, Turkey",GPE,city,80,253113.0,Turkey,False
Q26040,Borås,borås,"urban area in Borås Municipality, Sweden",GPE,city,80,,Sweden,False
Q49169,Stamford,stamford,"city in Fairfield County, Connecticut, United States",GPE,city,80,135470.0,United States,False
Q182432,Lanzarote,lanzarote,"one of the main islands of the Canary Islands, Spain",LOC,island,80,,,False
Q137271,Kota Kinabalu,kota kinabalu,"capital of Sabah, Malaysia",GPE,city,80,452058.0,Malaysia,False
Q183124,Cochabamba,cochabamba,city in Bolivia,GPE,city,80,632013.0,Bolivia,False
Q156974,Ústí nad Labem,ústí nad labem,"city in Ústí nad Labem Region, Czech Republic",GPE,city,80,,Czech Republic,False
Q173148,Delos,delos,island in Greece with famous Apollo sanctuary,LOC,island,79,,,False
Q173596,Vänern,vänern,largest lake in Sweden,LOC,lake,79,,,False
Q486282,Pavlodar,pavlodar,"city in Kazakhstan, former capital of the Kimek Khanate",GPE,city,79,333190.0,Kazakhstan,False
Q216075,Cần Thơ,cần thơ,municipality of Vietnam,GPE,city,79,3207000.0,Vietnam,False
Q4301,Arusha,arusha,"city in Arusha Region, Tanzania",GPE,city,79,416442.0,Tanzania,False
Q156557,Kura River,kura river,river in South Caucasus,LOC,river,79,,,False
Q180139,Hradec Králové,hradec králové,city in Czechia,GPE,city,79,,Czech Republic,False
Q118251,Madeira River,madeira river,river in Bolivia and Brazil,LOC,river,79,,,False
Q118388,Death Valley,death valley,"desert basin in Inyo and San Bernadino counties in California, United States",LOC,valley,79,,,False
Q150370,Flores Sea,flores sea,sea in Indonesia,LOC,sea,79,,,False
Q140631,Tainan,tainan,city in southern Taiwan,GPE,city,79,1874686.0,Taiwan,False
Q160819,Gambia River,gambia river,river in West Africa,LOC,river,79,,,False
Q203476,Srivijayapuram,srivijayapuram,"capital city of the Andaman and Nicobar Islands, India",GPE,city,79,100608.0,India,False
Q78879,Kolyma,kolyma,"river in Magadan Oblast and Yakutia, Russia",LOC,river,79,,,False
Q171080,Kotor,kotor,town in Montenegro,GPE,city,79,,Montenegro,False
Q171219,Dornbirn,dornbirn,"urban municipality in Dornbirn District, Vorarlberg, Austria",GPE,city,79,,Austria,False
Q170488,Gozo,gozo,island of the Maltese archipelago in the Mediterranean Sea,LOC,island,79,,,False
Q192534,Fuerteventura,fuerteventura,one of the Canary Islands,LOC,island,79,,,False
Q179751,Aras River,aras river,"river located in and along the countries of Turkey, Armenia, Azerbaijan, and Iran",LOC,river,79,,,False
Q102350,Bytom,bytom,city with powiat rights of Poland,GPE,city,79,153274.0,Poland,False
Q37620,Scheldt,scheldt,"river in France, Belgium and the Netherlands",LOC,river,79,,,False
Q61092,George Town,george town,capital city of the Malaysian state of Penang,GPE,city,79,794313.0,Malaysia,False
Q14369,Inn,inn,"river in Switzerland, Austria and Germany, a right tributary of the Danube",LOC,river,79,,,False
Q118995,Muş,muş,"central district and city in Muş Province, Turkey",GPE,city,79,120699.0,Turkey,False
Q40758,Damavand,damavand,potentially active stratovolcano and the highest peak in Iran,LOC,mountain,79,,,False
Q41128,Itanagar,itanagar,"capital of Arunachal Pradesh, India",GPE,city,79,,India,False
Q206900,Çorum,çorum,"central district and city in Çorum Province, Turkey",GPE,city,79,269595.0,Turkey,False
Q193250,Bulawayo,bulawayo,city in Zimbabwe,GPE,city,79,665940.0,Zimbabwe,False
Q191829,Magdalena River,magdalena river,river in Colombia,LOC,river,78,,,False
Q184046,Zenica,zenica,city in Bosnia and Herzegovina,GPE,city,78,,Bosnia and Herzegovina,False
Q183298,Ibadan,ibadan,capital city of Oyo State in Nigeria,GPE,city,78,2550593.0,Nigeria,False
Q26881,Helsingør,helsingør,city in Denmark,GPE,city,78,,Denmark,False
Q104740,Radom,radom,city in east-central Poland (Masovian Voivodeship),GPE,city,78,201601.0,Poland,False
Q185605,Antarctic Peninsula,antarctic peninsula,peninsula,LOC,peninsula,78,,,False
Q26503,Funen,funen,island in Denmark,LOC,island,78,,,False
Q13696,Adige,adige,river in northern Italy,LOC,river,78,,,False
Q29151,Jeju Island,jeju island,"island south of the Korean peninsula, part of the Jeju Special Autonomous Province of South Korea",LOC,island,78,,,False
Q108155,Kunduz,kunduz,city in northern Afghanistan,GPE,city,78,356536.0,Afghanistan,False
Q49650,Loch Ness,loch ness,"lake in Highland, Scotland, UK, outflows via Loch Dochfour to the River Ness and Caledonian Canal",LOC,lake,78,,,False
Q104731,Gorzów Wielkopolski,gorzów wielkopolski,city with powiat rights in Poland,GPE,city,78,119964.0,Poland,False
Q103892,Zabrze,zabrze,city with powiat rights of Poland,GPE,city,78,156935.0,Poland,False
Q3922,Detmold,detmold,"city in North Rhine-Westphalia, Germany",GPE,city,78,,Germany,False
Q183303,Jalalabad,jalalabad,city in Afghanistan,GPE,city,78,263312.0,Afghanistan,False
Q173862,Lake Nicaragua,lake nicaragua,largest lake in Central America,LOC,lake,78,,,False
Q200028,Hamilton,hamilton,largest city in New Zealand's Waikato region,GPE,city,78,176500.0,New Zealand,False
Q200036,Volos,volos,"coastal port city in Thessaly, Greece",GPE,city,78,,Greece,False
Q183199,Ioannina,ioannina,"capital and largest city of Ioannina and Epirus, Greece",GPE,city,78,,Greece,False
Q158129,Victoria Island,victoria island,island in the Northwest Territories and Nunavut in Canada,LOC,island,78,,,False
Q185453,Multan,multan,"city in Punjab, Pakistan",GPE,city,78,1871843.0,Pakistan,False
Q262579,Karaman,karaman,"central district and city in Karaman Province, Turkey",GPE,city,78,168299.0,Turkey,False
Q188693,Blantyre,blantyre,city in Malawi,GPE,city,78,800264.0,Malawi,False
Q7436,Gatchina,gatchina,"city in Gatchinsky District of Leningrad Oblast, Russia",GPE,city,77,,Russia,False
Q182009,Tekirdağ,tekirdağ,city in Turkey,GPE,city,77,204001.0,Turkey,False
Q1640079,Hyderabad,hyderabad,"city in Sindh, Pakistan",GPE,city,77,1732693.0,Pakistan,False
Q189715,Courbevoie,courbevoie,"commune in Hauts-de-Seine, France",GPE,city,77,,France,False
Q42780,Ningbo,ningbo,"prefecture-level city in Zhejiang, China",GPE,city,77,9404283.0,People's Republic of China,False
Q104674,Ben Nevis,ben nevis,highest mountain of Great Britain,LOC,mountain,77,,,False
Q192896,Carlisle,carlisle,"city in Cumberland, Cumbria, England",GPE,city,77,,United Kingdom,False
Q188022,Mardin,mardin,city in Turkey,GPE,city,77,129864.0,Turkey,False
Q192770,Saimaa,saimaa,largest lake in Finland and the fourth largest in Europe,LOC,lake,77,,,False
Q166966,Shatt al-Arab,shatt al-arab,"river in Southwest Asia, formed by the confluence of the Euphrates and the Tigris in the town of al-Qurnah in the Basra Governorate of southern Iraq",LOC,river,77,,,False
Q245023,Taichung,taichung,city in Taiwan,GPE,city,77,3033885.0,Taiwan,False
Q207639,Chichester,chichester,"city in West Sussex, England",GPE,city,77,,United Kingdom,False
Q5724,Anuradhapura,anuradhapura,"city in North Central Province, Sri Lanka",GPE,city,77,,Sri Lanka,False
Q182521,Rustavi,rustavi,"city in Kvemo Kartli, Georgia",GPE,city,77,132333.0,Georgia,False
Q181379,Osmaniye,osmaniye,"central district and city in Osmaniye Province, Turkey",GPE,city,77,252186.0,Turkey,False
Q234600,Al Ain,al ain,city in United Arab Emirates,GPE,city,77,766936.0,United Arab Emirates,False
Q182923,Stirling,stirling,"city in Scotland, UK",GPE,city,77,,United Kingdom,False
Q45197,Świętochłowice,świętochłowice,City with powiat rights of Poland,GPE,city,77,,Poland,False
Q46135,Créteil,créteil,"French commune and city in Val-de-Marne, Île-de-France",GPE,city,77,,France,False
Q487439,Oral,oral,city in Kazakhstan,GPE,city,77,235764.0,Kazakhstan,False
Q8187,Northern Dvina,northern dvina,"river in Arkhangelsk and Vologda Oblasts, Russia",LOC,river,77,,,False
Q202158,Hämeenlinna,hämeenlinna,city in the region of Tavastia Proper in Finland,GPE,city,77,,Finland,False
Q33377,Jalandhar,jalandhar,ancient city in the north Indian state of Punjab,GPE,city,77,873725.0,India,False
Q190583,Mikkeli,mikkeli,city in the region of Southern Savonia in Finland,GPE,city,77,,Finland,False
Q54886,Cuenca,cuenca,"city in Ecuador, capital of the Azuay Province",GPE,city,77,361524.0,Ecuador,False
Q3958,Neubrandenburg,neubrandenburg,"city in Mecklenburg-Vorpommern, Germany",GPE,city,77,,Germany,False
Q201832,Aligarh,aligarh,"City in Aligarh district of Uttar Pradesh, India.",GPE,city,77,874408.0,India,False
Q173096,Euboea,euboea,Greek island,LOC,island,77,,,False
Q187027,Kos,kos,Greek island,LOC,island,77,,,False
Q26432,Zoetermeer,zoetermeer,city and municipality in the Netherlands,GPE,city,76,125267.0,Netherlands,False
Q639912,Istria,istria,peninsula on the Adriatic Sea,LOC,peninsula,76,,,False
Q93360,Bío Bío River,bío bío river,river in Chile,LOC,river,76,,,False
Q1045888,Puncak Jaya,puncak jaya,highest mountain in Oceania and the highest island peak in the world,LOC,mountain,76,,,False
Q216847,Cúcuta,cúcuta,"capital city of North Santander, Colombia",GPE,city,76,806378.0,Colombia,False
Q185084,Siirt,siirt,"central district and city in Siirt Province, Turkey",GPE,city,76,166332.0,Turkey,False
Q186234,Kufa,kufa,"city in Iraq, about 170 kilometres (110 mi) south of Baghdad, and 10 kilometres (6.2 mi) northeast of Najaf.",GPE,city,76,171305.0,Iraq,False
Q106583,Bielsko-Biała,bielsko-biała,"city in Silesian Voivodeship, Poland",GPE,city,76,165127.0,Poland,False
Q171510,Banda Sea,banda sea,Interisland Sea in the Pacific Ocean,LOC,sea,76,,,False
Q185280,Baia Mare,baia mare,"capital of Maramureș County, Transylvania, in north-western Romania",GPE,city,76,108759.0,Romania,False
Q105037,Callao,callao,city and main seaport of Peru,GPE,city,76,567702.0,Peru,False
Q207754,Tiruchirappalli,tiruchirappalli,"metropolis in Tamil Nadu, India",GPE,city,76,916857.0,India,False
Q208473,Przemyśl,przemyśl,city in southeastern Poland,GPE,city,76,,Poland,False
Q189901,Q189901,q189901,"city in Argolis, Peloponnese, Greece",GPE,city,76,,Greece,False
Q214178,Nablus,nablus,"city in the West Bank, State of Palestine",GPE,city,76,177638.0,Palestine,False
Q148440,Flores Island,flores island,"island in East Nusa Tenggara Province, Indonesia",LOC,island,76,,,False
Q11977,Tychy,tychy,"city in Silesian Voivodeship, Poland",GPE,city,76,124882.0,Poland,False
Q183104,Feldkirch,feldkirch,"city in Feldkirch District, Vorarlberg, Austria",GPE,city,76,,Austria,False
Q26393,Poprad,poprad,city in Slovakia,GPE,city,76,,Slovakia,False
Q201101,Rize,rize,"central district and city in Rize Province, Turkey",GPE,city,76,147996.0,Turkey,False
Q200119,Ujjain,ujjain,ancient city beside the Kshipra River in the central Indian state of Madhya Pradesh,GPE,city,76,515215.0,India,False
Q61944,Semey,semey,"city in Eastern Kazakhstan, capital of Abay Region",GPE,city,76,350201.0,Kazakhstan,False
Q204720,Hereford,hereford,"cathedral city and county town of Herefordshire, England",GPE,city,76,,United Kingdom,False
Q1673,Neckar,neckar,right tributary of Rhine river in Germany,LOC,river,76,,,False
Q174262,Saint Peter Port,saint peter port,"parish, port, and capital of Guernsey in the Channel Islands",GPE,city,76,,Guernsey,False
Q207098,Ghaziabad,ghaziabad,city in the Indian state of Uttar Pradesh,GPE,city,76,2375820.0,India,False
Q171031,Isparta,isparta,"central district and city in Isparta Province, Turkey",GPE,city,76,247580.0,Turkey,False
Q179444,Potomac River,potomac river,river in the mid-Atlantic United States,LOC,river,76,,,False
Q59101,Narvik,narvik,"settlement in Narvik Municipality, Norway",GPE,city,76,,Norway,False
Q1021,Kranj,kranj,city in Slovenia,GPE,city,76,,Slovenia,False
Q205942,Yalova,yalova,"central district and city in Yalova Province, Turkey",GPE,city,76,133109.0,Turkey,False
Q200951,Bolu,bolu,"central district and city in Bolu Province, Turkey",GPE,city,75,184682.0,Turkey,False
Q202188,Ardahan,ardahan,"central district and city in Ardahan Province, Turkey",GPE,city,75,,Turkey,False
Q202973,Kingston,kingston,"city in Ontario, Canada",GPE,city,75,132485.0,Canada,False
Q33613,Kramatorsk,kramatorsk,city in Ukraine,GPE,city,75,147145.0,Ukraine,False
Q200805,Aguascalientes City,aguascalientes city,capital of the Mexican state of Aguascalientes,GPE,city,75,934424.0,Mexico,False
Q706857,Bakhmut,bakhmut,"city in Donetsk region, Ukraine",GPE,city,75,,Ukraine,False
Q201051,Rishon LeZion,rishon lezion,"city in the Central District of Israel, south of Tel Aviv",GPE,city,75,249860.0,Israel,False
Q231765,Geelong,geelong,"city in Victoria, Australia",GPE,city,75,180239.0,Australia,False
Q21162,Spitsbergen,spitsbergen,largest island of the Svalbard archipelago in northern Norway,LOC,island,75,,,False
Q107635,Baekdu Mountain,baekdu mountain,volcano on the border between North Korea and China,LOC,mountain,75,,,False
Q486324,Ferghana Valley,ferghana valley,valley in Central Asia,LOC,valley,75,,,False
Q146530,Hiiumaa,hiiumaa,second largest island in Estonia,LOC,island,75,,,False
Q217125,İznik,i̇znik,"district and town in the Province of Bursa, Turkey",GPE,city,75,,Turkey,False
Q118850,Chao Phraya River,chao phraya river,largest river in Thailand,LOC,river,75,,,False
Q105124,Shishapangma,shishapangma,mountain in China,LOC,mountain,75,,,False
Q171009,Drava,drava,"river in Italy, Austria, Slovenia, Croatia and Hungary",LOC,river,75,,,False
Q27116,Vejle,vejle,town in Denmark,GPE,city,75,,Denmark,False
Q178488,Cephalonia,cephalonia,Greek island in the Ionian Sea,LOC,island,75,,,False
Q3405693,Sark,sark,"one of the Channel Islands. Part of the Bailiwick of Guernsey, which is one of the British Crown Dependencies",LOC,island,75,,,False
Q1684,Spree,spree,river in Germany,LOC,river,75,,,False
Q19344,San Pedro de la Paz,san pedro de la paz,Chilean city and commune,GPE,city,75,131808.0,Chile,False
Q142148,São Francisco River,são francisco river,"river in Minas Gerais, Bahia, Pernambuco, Sergipe & Alagoas, Brazil",LOC,river,75,,,False
Q145972,Zamość,zamość,historical city in the Lublin Voivodeship of southeastern Poland,GPE,city,75,,Poland,False
Q3375,Zugspitze,zugspitze,highest peak of the Wetterstein Mountains (Eastern Alps),LOC,mountain,75,,,False
Q3272,Lake Winnipeg,lake winnipeg,"lake in Manitoba, Canada",LOC,lake,75,,,False
Q62868,Koszalin,koszalin,city with powiat rights of Poland,GPE,city,75,105883.0,Poland,False
Q194452,Karakol,karakol,city in Kyrgyzstan,GPE,city,75,,Kyrgyzstan,False
Q207749,Thane,thane,"a city in Maharashtra, India",GPE,city,75,1886941.0,India,False
Q1675,Aare,aare,river in Switzerland and tributary of the Rhine,LOC,river,75,,,False
Q189138,Hermosillo,hermosillo,"city in Mexico, Sonora state capital",GPE,city,75,855563.0,Mexico,False
Q191015,Trakai,trakai,city in Lithuania,GPE,city,75,,Lithuania,False
Q569766,Shahrisabz,shahrisabz,city in Uzbekistan,GPE,city,75,142700.0,Uzbekistan,False
Q11854,Rajkot,rajkot,"city in Gujarat, India",GPE,city,75,2043000.0,India,False
Q37056,Taymyr Peninsula,taymyr peninsula,peninsula in Northern Russia,LOC,peninsula,75,,,False
Q238752,Barbuda,barbuda,island in Antigua and Barbuda,LOC,island,75,,,False
Q120306,Mount Logan,mount logan,"highest mountain in Canada, in Yukon",LOC,mountain,75,,,False
Q216875,Chenab River,chenab river,major river of India and Pakistan,LOC,river,75,,,False
Q184163,Colchester,colchester,"city in Essex, England, UK",GPE,city,75,121859.0,United Kingdom,False
Q188773,Okavango River,okavango river,river in southwestern Africa,LOC,river,75,,,False
Q180996,Broad Peak,broad peak,mountain in China/Pakistan; 12th highest in the world,LOC,mountain,75,,,False
Q104302,Chorzów,chorzów,"city with powiat rights of Silesian Voivodeship, Poland",GPE,city,75,104193.0,Poland,False
Q489890,Kokand,kokand,"city in Fergana Province in eastern Uzbekistan, formerly the seat of an independent emirate",GPE,city,74,252731.0,Uzbekistan,False
Q171649,Ubangi River,ubangi river,largest tributary of the Congo River in the region of Central Africa,LOC,river,74,,,False
Q8319,Arkansas River,arkansas river,"major tributary of the Mississippi River, United States",LOC,river,74,,,False
Q193486,Dire Dawa,dire dawa,chartered city of Ethiopia,GPE,city,74,277000.0,Ethiopia,False
Q172996,George Town,george town,capital and largest city of the Cayman Islands,GPE,city,74,,Cayman Islands,False
Q201463,Pearl River,pearl river,river in China,LOC,river,74,,,False
Q193445,Artvin,artvin,"central district and city in Artvin Province, Turkey",GPE,city,74,,Turkey,False
Q200733,Nikšić,nikšić,city in western Montenegro,GPE,city,74,,Montenegro,False
Q16010,Esch-sur-Alzette,esch-sur-alzette,city in Luxembourg,GPE,city,74,,Luxembourg,False
Q131323,Misrata,misrata,city in Libya,GPE,city,74,259056.0,Libya,False
Q192807,Ramat Gan,ramat gan,city in the Tel Aviv District of Israel,GPE,city,74,159200.0,Israel,False
Q83531,Bitlis,bitlis,"central district and city in Bitlis Province, Turkey",GPE,city,74,,Turkey,False
Q206895,Hakkâri,hakkâri,"central district and city in Hakkâri Province, Turkey",GPE,city,74,,Turkey,False
Q192225,Netanya,netanya,city in Israel,GPE,city,74,217200.0,Israel,False
Q44213,Paraná,paraná,capital city of the Argentine province Entre Ríos,GPE,city,74,271304.0,Argentina,False
Q107338,Lampedusa,lampedusa,island in Italy,LOC,island,74,,,False
Q234056,Kohima,kohima,capital of the Indian state of Nagaland,GPE,city,74,,India,False
Q104784,Lord Howe Island,lord howe island,"island in the Tasman Sea between Australia and New Zealand, part of New South Wales",LOC,island,74,,,False
Q199723,Balıkesir,balıkesir,city in Turkey,GPE,city,74,1250610.0,Turkey,False
Q199575,Ağrı,ağrı,"central district and city in Ağrı Province, Turkey",GPE,city,74,149188.0,Turkey,False
Q5525,Great Bear Lake,great bear lake,"large glacial lake in the Northwest Territories, Canada",LOC,lake,74,,,False
Q106594,Wrangel Island,wrangel island,"island in East Siberian and Chukotka Seas, Russia",LOC,island,74,,,False
Q220843,Walvis Bay,walvis bay,"city and harbour in Erongo Region, Namibia",GPE,city,74,102704.0,Namibia,False
Q182299,Chania,chania,"city in Crete, Greece",GPE,city,74,,Greece,False
Q21176,Viborg,viborg,"city in central Jutland, Denmark",GPE,city,74,,Denmark,False
Q187471,Ithaca,ithaca,Greek island in the Ionian Sea,LOC,island,74,,,False
Q190235,Horsens,horsens,"city in Horsens Municipality, Denmark",GPE,city,74,,Denmark,False
Q181482,Darling River,darling river,"river in New South Wales, Australia",LOC,river,74,,,False
Q191204,Sulaymaniyah,sulaymaniyah,city in Iraq,GPE,city,74,878146.0,Iraq,False
Q192415,Volta River,volta river,river system in West Africa,LOC,river,74,,,False
Q104712,Elbląg,elbląg,"place in Warmian-Masurian, Poland",GPE,city,74,115220.0,Poland,False
Q162548,Oskemen,oskemen,city in East Kazakhstan,GPE,city,74,333113.0,Kazakhstan,False
Q239276,Öland,öland,second largest island in Sweden,LOC,island,74,,,False
Q190184,Harar,harar,city in the east of Ethiopia,GPE,city,74,157000.0,Ethiopia,False
Q242995,Jhansi,jhansi,"historic city in the state of Uttar Pradesh, India",GPE,city,73,507000.0,India,False
Q189616,Ellora Caves,ellora caves,"ancient cave temples of Hinduism, Buddhism and Jainism in Maharashtra, India",LOC,cave,73,,,False
Q186040,Ayodhya,ayodhya,"city in Uttar Pradesh, India",GPE,city,73,,India,False
Q230818,Leh,leh,"city, one of the capitals of Ladakh, India",GPE,city,73,,India,False
Q181932,Lake Sevan,lake sevan,lake in Armenia,LOC,lake,73,,,False
Q487684,Türkmenabat,türkmenabat,city of Turkmenistan,GPE,city,73,230861.0,Turkmenistan,False
Q184090,Preston,preston,"city and the administrative centre of Lancashire, England",GPE,city,73,141801.0,United Kingdom,False
Q185156,Guantánamo,guantánamo,Cuban City,GPE,city,73,228436.0,Cuba,False
Q77433,Leganés,leganés,municipality of Spain,GPE,city,73,195734.0,Spain,False
Q33581,Sloviansk,sloviansk,"city in Donetsk Oblast, Ukraine",GPE,city,73,105141.0,Ukraine,False
Q200061,Prizren,prizren,city in Kosovo,GPE,city,73,186986.0,Serbia,False
Q157024,Tetovo,tetovo,"town and seat of Tetovo Municipality, North Macedonia",GPE,city,73,,North Macedonia,False
Q1002,Chukchi Peninsula,chukchi peninsula,peninsula in the extreme North-Eastern Russia,LOC,peninsula,73,,,False
Q187895,Zonguldak,zonguldak,"central district and city in Zonguldak Province, Turkey",GPE,city,73,101749.0,Turkey,False
Q185291,Molucca Sea,molucca sea,sea in Indonesia located in the western Pacific Ocean,LOC,sea,73,,,False
Q204703,Scotia Sea,scotia sea,sea,LOC,sea,73,,,False
Q206879,Nevşehir,nevşehir,"central district and city in Nevşehir Province, Turkey",GPE,city,73,153117.0,Turkey,False
Q190828,Petah Tikva,petah tikva,"city in the Central District of Israel, part of the Tel Aviv metropolitan area",GPE,city,73,236169.0,Israel,False
Q193289,Iquitos,iquitos,"city of Peru, capital of Loreto region",GPE,city,73,377609.0,Peru,False
Q104725,Płock,płock,city with powiat rights of Poland,GPE,city,73,114594.0,Poland,False
Q210470,Katerini,katerini,"city in Macedonia, Greece",GPE,city,73,,Greece,False
Q144880,Zakynthos,zakynthos,Greek island in the Ionian Sea,LOC,island,73,,,False
Q192176,Bender,bender,"city in Transnistria, Republic of Moldova",GPE,city,73,,Moldova,False
Q205905,Lancaster,lancaster,"county town of Lancashire, England",GPE,city,73,,United Kingdom,False
Q82776,Terek,terek,river in Georgia and Russia,LOC,river,73,,,False
Q201095,Giresun,giresun,"central district and city in Giresun Province, Turkey",GPE,city,73,125682.0,Turkey,False
Q193821,Saumur,saumur,"commune in Maine-et-Loire, France",GPE,city,73,,France,False
Q202195,Tunceli,tunceli,"central district and city in Tunceli Province, Turkey",GPE,city,73,,Turkey,False
Q168714,Tambora,tambora,stratovolcano on the island of Sumbawa in Indonesia,LOC,mountain,73,,,False
Q200718,Bikaner,bikaner,"city in Bikaner district, Rajasthan, India",GPE,city,73,529007.0,India,False
Q29962,Asyut,asyut,City in Egypt,GPE,city,73,562061.0,Egypt,False
Q30994,The Valley,valley,capital of the island of Anguilla,GPE,city,73,,Anguilla,False
Q184539,Ordu,ordu,"former central district and city in Ordu province, Turkey",GPE,city,72,229214.0,Turkey,False
Q180294,Jaffa,jaffa,southern and oldest part of Tel Aviv,GPE,city,72,,Israel,False
Q188705,Maui,maui,"second-largest of the Hawaiian Islands, in the United States",LOC,island,72,,,False
Q190053,Patmos,patmos,island in the Aegean Sea,LOC,island,72,,,False
Q156054,Tocantins River,tocantins river,river in Brazil,LOC,river,72,,,False
Q146695,Phú Quốc,phú quốc,"special economic zone of An Giang province, Vietnam",LOC,island,72,,,False
Q216939,Essaouira,essaouira,"city in Marrakech-Safi, Morocco",GPE,city,72,,Morocco,False
Q492552,Namangan,namangan,city in Uzbekistan,GPE,city,72,626120.0,Uzbekistan,False
Q106588,Isar,isar,"river in Tyrol, Austria and Bavaria, Germany",LOC,river,72,,,False
Q1351046,Marijampolė,marijampolė,city in Lithuania,GPE,city,72,,Lithuania,False
Q107393,Isle of Skye,isle of skye,largest and most northerly large island in the Inner Hebrides of Scotland,LOC,island,72,,,False
Q185336,Zugdidi,zugdidi,city in Georgia,GPE,city,72,,Georgia,False
Q26422,Salween River,salween river,river in Asia,LOC,river,72,,,False
Q19682,River Severn,river severn,river in the United Kingdom,LOC,river,72,,,False
Q193802,Oujda,oujda,city in Morocco,GPE,city,72,506224.0,Morocco,False
Q199479,Solomon Sea,solomon sea,Interisland Sea in the Pacific Ocean,LOC,sea,72,,,False
Q244898,New Taipei,new taipei,"city in Taiwan, and most populous municipality of Taiwan",GPE,city,72,4046037.0,Taiwan,False
Q233836,Ojos del Salado,ojos del salado,highest volcano in the world,LOC,mountain,72,,,False
Q204266,Toyama,toyama,"city in Toyama Prefecture, Japan",GPE,city,72,413028.0,Japan,False
Q211828,Bayburt,bayburt,"central district and city in Bayburt Province, Turkey",GPE,city,72,,Turkey,False
Q208005,Kırşehir,kırşehir,"central district and city in Kırşehir Province, Turkey",GPE,city,72,150700.0,Turkey,False
Q93323,Chrzanów,chrzanów,city of Poland,GPE,city,72,,Poland,False
Q155993,Kladno,kladno,"statutory city in Kladno District, Central Bohemian Region, Czech Republic",GPE,city,72,,Czech Republic,False
Q6157,Seinäjoki,seinäjoki,city in the region of Southern Ostrobothnia in Finland,GPE,city,72,,Finland,False
Q1650,Weser,weser,river in north-western Germany,LOC,river,72,,,False
Q192235,Ciudad del Este,ciudad del este,"city and departmental capital of Alto Paraná, Paraguay",GPE,city,72,350000.0,Paraguay,False
Q182445,Prut,prut,river in Eastern Europe,LOC,river,72,,,False
Q189134,Uşak,uşak,"central district and city in Uşak Province, Turkey",GPE,city,72,228881.0,Turkey,False
Q116685,Lake Tana,lake tana,lake in Ethiopia,LOC,lake,71,,,False
Q201026,Kauai,kauai,northernmost populated island of the Hawaiian archipelago,LOC,island,71,,,False
Q82207,Indigirka,indigirka,"river in Yakutia, Russia",LOC,river,71,,,False
Q125211,Lake Edward,lake edward,lake in Uganda and smallest of the African Great Lakes,LOC,lake,71,,,False
Q273030,Haridwar,haridwar,city in India,GPE,city,71,,India,False
Q190210,Mykonos,mykonos,"island in the Cyclades, Greece",LOC,island,71,,,False
Q171675,Sutlej,sutlej,river in Asia,LOC,river,71,,,False
Q27001,Martin,martin,city in northern Slovakia,GPE,city,71,,Slovakia,False
Q179970,Kati Thanda–Lake Eyre,kati thanda–lake eyre,endorheic lake in South Australia,LOC,lake,71,,,False
Q201294,Qinghai Lake,qinghai lake,"lake in Qinghai, China",LOC,lake,71,,,False
Q182137,Lake Maracaibo,lake maracaibo,large lake in Venezuela with an outflow to the Caribbean Sea,LOC,lake,71,,,True
Q206881,Kilis,kilis,"central district and city in Kilis Province, Turkey",GPE,city,71,112187.0,Turkey,False
Q213360,Table Mountain,table mountain,"mountain in Cape Town, South Africa",LOC,mountain,71,,,False
Q182049,Rustenburg,rustenburg,"South African city, town and mine",GPE,city,71,,South Africa,False
Q271911,Dispur,dispur,"locality in Guwahti, India and seat of the Assam government",GPE,city,71,,India,False
Q54880,Valencia,valencia,"city in Carabobo State, Venezuela",GPE,city,71,1484430.0,Venezuela,False
Q27119,Kolding,kolding,city in Denmark,GPE,city,71,,Denmark,False
Q61445,Navi Mumbai,navi mumbai,Satellite city of Mumbai,GPE,city,71,1119477.0,India,False
Q188489,Cape Breton Island,cape breton island,"island in Nova Scotia, Canada",LOC,island,71,,,False
Q174237,Budva,budva,city in Montenegro,GPE,city,71,,Montenegro,False
Q185066,Cholet,cholet,"commune in Maine-et-Loire, France",GPE,city,71,,France,False
Q193920,Rueil-Malmaison,rueil-malmaison,"commune in Hauts-de-Seine, France",GPE,city,71,,France,False
Q211760,Culiacán,culiacán,capital and largest city in the Mexican state of Sinaloa,GPE,city,71,808416.0,Mexico,False
Q172572,Rubicon,rubicon,river in northeastern Italy,LOC,river,70,,,False
Q106274,"Legnica [Liegnitz], Lower Silesian Voivodeship",legnica liegnitz lower silesian voivodeship,city with powiat rights of Poland,GPE,city,70,,Poland,False
Q180921,Omdurman,omdurman,city in Sudan,GPE,city,70,2805396.0,Sudan,False
Q239097,Deir ez-Zor,deir ez-zor,city in eastern Syria,GPE,city,70,271800.0,Syria,False
Q216059,Mount Tai,mount tai,"mountain in Shandong, China",LOC,mountain,70,,,False
Q200226,Banks Island,banks island,"island in the Northwest Territories, Canada",LOC,island,70,,,False
Q191238,Donets,donets,"river in Ukraine and Russia, tributary of the Don River",LOC,river,70,,,False
Q251329,Gaya,gaya,"Holy City in Bihar, India",GPE,city,70,474093.0,India,False
Q487689,Manas,manas,city in Kyrgyzstan,GPE,city,70,,Kyrgyzstan,False
Q223920,Pointe-Noire,pointe-noire,city in the Republic of the Congo,GPE,city,70,1420612.0,Republic of the Congo,False
Q257785,Kızılırmak River,kızılırmak river,"river in Turkey, tributary of the Black Sea",LOC,river,70,,,False
Q316390,Antigua,antigua,island in Antigua and Barbuda,LOC,island,70,,,False
Q55498,Yalu River,yalu river,river on the border between North Korea and China,LOC,river,70,,,False
Q174916,Tartus,tartus,city in Syria,GPE,city,70,,Syria,False
Q158903,Shusha,shusha,"city in Azerbaijan, the cultural capital of the country, administrative centre of the Shusha District",GPE,city,70,,Azerbaijan,False
Q192493,Robben Island,robben island,"island in Table Bay, South Africa",LOC,island,70,,,False
Q5266,Novo Mesto,novo mesto,"town in Lower Carniola, Slovenia",GPE,city,70,,Slovenia,False
Q189697,Karabük,karabük,"central district and city in Karabük Province, Turkey",GPE,city,70,131989.0,Turkey,False
Q217156,Ismailia,ismailia,city in Egypt,GPE,city,70,429465.0,Egypt,False
Q9844,Helmond,helmond,city and municipality in the Netherlands,GPE,city,70,,Netherlands,False
Q191415,Asnières-sur-Seine,asnières-sur-seine,"commune in Hauts-de-Seine, France",GPE,city,70,,France,False
Q193103,Herceg Novi,herceg novi,city in Montenegro,GPE,city,70,,Montenegro,False
Q201823,Warta,warta,river in Poland,LOC,river,70,,,False
Q61306,Guanajuato,guanajuato,"capital city of the State of Guanajuato, Mexico",GPE,city,70,194500.0,Mexico,False
Q155915,Kastamonu,kastamonu,"central district and city in Kastamonu Province, Turkey",GPE,city,70,152541.0,Turkey,False
Q544914,Laccadive Sea,laccadive sea,sea,LOC,sea,70,,,False
Q61301,San Francisco de Campeche,san francisco de campeche,capital city of the Mexican state of Campeche,GPE,city,70,249623.0,Mexico,False
Q207322,Huambo,huambo,city in Angola,GPE,city,70,844000.0,Angola,False
Q330531,Kota,kota,"city on the Chambal River in Rajasthan, northern India",GPE,city,70,1001694.0,India,False
Q193264,Marajó,marajó,island,LOC,island,70,,,False
Q319366,Galle,galle,"city in Southern Province, Sri Lanka",GPE,city,70,,Sri Lanka,False
Q30990,Plymouth,plymouth,"de jure capital of Montserrat, West Indies, now a ghost town",GPE,city,69,,Montserrat,False
Q157032,Prilep,prilep,"city and seat of Prilep Municipality, North Macedonia",GPE,city,69,,North Macedonia,False
Q206903,Kırklareli,kırklareli,"central district and city in Kırklareli Province, Turkey",GPE,city,69,,Turkey,False
Q105048,Słupsk,słupsk,"city in the Pomeranian Voivodeship, in the northern part of Poland",GPE,city,69,,Poland,False
Q174002,Colombes,colombes,"commune in Hauts-de-Seine, France",GPE,city,69,,France,False
Q639421,Pondicherry,pondicherry,"city in the Union Territory of Puducherry, India",GPE,city,69,,India,False
Q206885,Düzce,düzce,"central district and city in Düzce Province, Turkey",GPE,city,69,240633.0,Turkey,False
Q230628,Erdenet,erdenet,"capital city of Orkhon Province, Mongolia",GPE,city,69,106810.0,Mongolia,False
Q47166,Orsk,orsk,"human settlement in Orsk Urban Okrug, Orenburg Oblast, Russia",GPE,city,69,185362.0,Russia,False
Q4709,Barquisimeto,barquisimeto,Venezuelan city,GPE,city,69,1059092.0,Venezuela,False
Q208006,Bilecik,bilecik,"central district and city in Bilecik Province, Turkey",GPE,city,69,,Turkey,False
Q194146,Niğde,niğde,"central district and city in Niğde Province, Turkey",GPE,city,69,224289.0,Turkey,False
Q491102,Taldyqorğan,taldyqorğan,city in Kazakhstan,GPE,city,69,162300.0,Kazakhstan,False
Q3255,Usedom,usedom,Baltic Sea island,LOC,island,69,,,False
Q487679,Alcobendas,alcobendas,town of Spain in the Madrid metropolitan area,GPE,city,69,123342.0,Spain,False
Q52842,Kalisz,kalisz,City with powiat rights of Poland,GPE,city,69,,Poland,False
Q215277,Jaffna,jaffna,capital city of the Northern Province of Sri Lanka,GPE,city,69,,Sri Lanka,False
Q5713,Mary,mary,city of Mary Province in Turkmenistan,GPE,city,69,126141.0,Turkmenistan,False
Q209176,Ely,ely,"city and civil parish in Cambridgeshire, England",GPE,city,69,,United Kingdom,False
Q167744,Gryfice,gryfice,city of Poland,GPE,city,69,,Poland,False
Q82308,Kuban,kuban,"river in Russia, in the North Caucasus region",LOC,river,69,,,False
Q51111,Pereira,pereira,"city and capital of Risaralda department, Colombia",GPE,city,69,590554.0,Colombia,False
Q189685,Abomey,abomey,"commune and city in Zou Department, Benin",GPE,city,69,,Benin,False
Q184851,Diego Garcia,diego garcia,Mauritus atoll in the Indian Ocean,LOC,island,69,,,False
Q156237,Western Bug,western bug,major European river,LOC,river,69,,,False
Q190005,Cienfuegos,cienfuegos,"city and capital of Cienfuegos Province, Cuba",GPE,city,69,164924.0,Cuba,False
Q190021,Townsville,townsville,"city in Queensland, Australia",GPE,city,69,173724.0,Australia,False
Q204806,Benue River,benue river,tributary of the Niger River in Cameroon and Nigeria,LOC,river,69,,,False
Q188982,Mount Erebus,mount erebus,"volcano on Ross Island, Antarctica",LOC,volcano,69,,,False
Q178948,Khajuraho,khajuraho,city,GPE,city,69,,India,False
Q202780,Peter I Island,peter i island,Norwegian territorial claim and volcanic island in the Bellingshausen Sea,LOC,island,69,,,False
Q188938,Djerba,djerba,island in Tunisia,LOC,island,68,,,False
Q202337,Q202337,q202337,"town in Argolis, Peloponnese, Greece",GPE,city,68,,Greece,False
Q848638,Turkistan,turkistan,"city in Turkistan Region, Kazakhstan",GPE,city,68,227098.0,Kazakhstan,False
Q107094,Rybnik,rybnik,"city in Silesian Voivodeship, Poland",GPE,city,68,133772.0,Poland,False
Q3107,Sylt,sylt,German island in the North Sea,LOC,island,68,,,False
Q459360,Cabinda,cabinda,"city in Cabinda Province, Angola",GPE,city,68,739182.0,Angola,False
Q201272,Paros,paros,"Greek island, part of the Cyclades",LOC,island,68,,,False
Q244004,Sétif,sétif,municipality of Algeria,GPE,city,68,288461.0,Algeria,False
Q802,Nowy Sącz,nowy sącz,"town in Lesser Poland Voivodeship, Poland",GPE,city,68,,Poland,False
Q237847,Solapur,solapur,"city in Maharashtra, India",GPE,city,68,951558.0,India,False
Q106896,Ísafjörður,ísafjörður,town in Iceland,GPE,city,68,,Iceland,False
Q44198,Brampton,brampton,"city in Ontario, Canada",GPE,city,68,656480.0,Canada,False
Q187138,Gasherbrum,gasherbrum,mountain in Asia,LOC,mountain,68,,,False
Q110732,Wałbrzych,wałbrzych,city in Poland,GPE,city,68,104401.0,Poland,False
Q200712,Balearic Sea,balearic sea,sea that is part of the Mediterranean Sea,LOC,sea,68,,,False
Q207324,Cuttack,cuttack,"second largest city of Odisha, India",GPE,city,68,606007.0,India,False
Q84170,Labrador Peninsula,labrador peninsula,peninsula,LOC,peninsula,68,,,False
Q193331,Kiritimati,kiritimati,"coral atoll in the northern Line Islands, Kiribati",LOC,island,68,,,False
Q200166,Kitchener,kitchener,"city in Ontario, Canada",GPE,city,68,256885.0,Canada,False
Q320704,Benin City,benin city,"capital city of Edo State, Nigeria",GPE,city,68,1780000.0,Nigeria,False
Q572041,Antequera,antequera,city in southern Spain,GPE,city,68,,Spain,False
Q185111,Tobago,tobago,island in Trinidad and Tobago,LOC,island,68,,,False
Q212773,Antigua Guatemala,antigua guatemala,city in the central highlands of Guatemala,GPE,city,68,,Guatemala,False
Q56064,Colonia del Sacramento,colonia del sacramento,"City in Uruguay, departmental capital of Colonia",GPE,city,68,,Uruguay,False
Q204271,San Luis Potosí,san luis potosí,"capital of the state San Luis Potosí, Mexico",GPE,city,68,772828.0,Mexico,False
Q189383,Damietta,damietta,city in Egypt,GPE,city,68,206664.0,Egypt,False
Q210985,Chelmsford,chelmsford,"city in Essex, United Kingdom",GPE,city,68,115369.0,United Kingdom,False
Q210292,Yozgat,yozgat,"central district and city in Yozgat Province, Turkey",GPE,city,68,105167.0,Turkey,False
Q27168,Randers,randers,city in Denmark,GPE,city,68,,Denmark,False
Q209009,Telavi,telavi,"City in Kakheti region, Georgia",GPE,city,68,,Georgia,False
Q179313,Alderney,alderney,"One of the Channel Islands. Part of the Bailiwick of Guernsey, which is one of the British Crown Dependencies.",LOC,island,68,,,False
Q255455,Jammu,jammu,"city in Jammu Division, India",GPE,city,68,502197.0,India,False
Q504657,Idlib,idlib,city in Syria,GPE,city,68,165000.0,Syria,False
Q172343,Rafah,rafah,"city in the Gaza Strip, Palestine",GPE,city,68,171889.0,Palestine,False
Q204234,Milton Keynes,milton keynes,"city in Buckinghamshire, England, United Kingdom",GPE,city,68,264349.0,United Kingdom,False
Q5059,Aoraki / Mount Cook,aoraki / mount cook,mountain in the Southern Alps of New Zealand,LOC,mountain,68,,,False
Q186853,Gasherbrum II,gasherbrum ii,mountain in Pakistan and China,LOC,mountain,68,,,False
Q146342,Teplice,teplice,city in Czechia,GPE,city,68,,Czech Republic,False
Q189157,Utena,utena,city and administrative center of Utena district and Utena County in north-east Lithuania,GPE,city,68,,Lithuania,False
Q143762,Delaware River,delaware river,major river on the East coast of the United States of America,LOC,river,68,,,False
Q214874,Jhelum River,jhelum river,river in India and Pakistan,LOC,river,67,,,False
Q60967,Mount Kota Kinabalu,mount kota kinabalu,mountain in Malaysia,LOC,mountain,67,,,False
Q970717,Kathmandu Valley,kathmandu valley,"valley in Bagmati Province, Nepal",LOC,valley,67,,,False
Q110218,Mwanza,mwanza,Lakeside City,GPE,city,67,706453.0,Tanzania,False
Q206891,Kırıkkale,kırıkkale,"central district and city in Kırıkkale Province, Turkey",GPE,city,67,186960.0,Turkey,False
Q1664,Ruhr,ruhr,river in Germany,LOC,river,67,,,False
Q200223,Alexander Island,alexander island,island in the Bellingshausen Sea off Antarctica,LOC,island,67,,,False
Q194057,Mount Rainier,mount rainier,stratovolcano in the U.S. state of Washington,LOC,mountain,67,,,False
Q182092,Tobruk,tobruk,city in Libya,GPE,city,67,135832.0,Libya,False
Q208134,Madura Island,madura island,"island in East Java Province, Indonesia",LOC,island,67,,,False
Q202852,Bled,bled,"place in Upper Carniola, Slovenia",GPE,city,67,,Slovenia,False
Q139242,Zacatecas,zacatecas,"city in Zacatecas Municipality, Zacatecas State, Mexico",GPE,city,67,149607.0,Mexico,False
Q727267,Westfjords,westfjords,administrative district and large peninsula in northwestern Iceland,LOC,peninsula,67,,,False
Q242898,Jaisalmer,jaisalmer,"city in Rajasthan, India",GPE,city,67,,India,False
Q243322,Gujranwala,gujranwala,"city in Punjab, Pakistan",GPE,city,67,2027001.0,Pakistan,False
Q108679,Ruda Śląska,ruda śląska,city in Poland in Silesian Voivodeship,GPE,city,67,133793.0,Poland,False
Q108672,Dąbrowa Górnicza,dąbrowa górnicza,"city in the Dąbrowa Basin (the Lesser Poland part of the Silesian Voivodeship), Poland",GPE,city,67,112876.0,Poland,False
Q187834,Saône,saône,river of France,LOC,river,67,,,False
Q491879,Termez,termez,town in Uzbekistan,GPE,city,67,136200.0,Uzbekistan,False
Q1682,Havel,havel,river in northeastern Germany,LOC,river,67,,,False
Q192483,Lemnos,lemnos,island of Greece,LOC,island,67,,,False
Q59975,Béjaïa,béjaïa,city and commune in Algeria,GPE,city,67,176139.0,Algeria,False
Q207756,Tauranga,tauranga,city in New Zealand's North Island,GPE,city,67,151300.0,New Zealand,False
Q191098,Comino,comino,Maltese island,LOC,island,67,,,False
Q103148,Lahn,lahn,right tributary of the Rhine River in Germany,LOC,river,67,,,False
Q14305,Guadiana,guadiana,river in the Iberian peninsula,LOC,river,67,,,False
Q191082,Aegina,aegina,Greek island of the Saronic Gulf,LOC,island,67,,,False
Q203409,Rioni,rioni,river in western Georgia,LOC,river,67,,,False
Q1451,Pinatubo,pinatubo,active stratovolcano on the island of Luzon in the Philippines,LOC,mountain,67,,,False
Q43171,Thien Duong Cave,thien duong cave,cave,LOC,cave,67,,,False
Q205022,Bioko,bioko,"northern island of Equatorial Guinea, Central Africa",LOC,island,67,,,False
Q205976,Mount of Olives,mount of olives,mountain in Jerusalem that is mentioned several times in the Bible,LOC,mountain,67,,,False
Q193737,Tennessee River,tennessee river,river in the southeastern United States,LOC,river,67,,,False
Q189546,Bizerte,bizerte,Tunisian town,GPE,city,67,142966.0,Tunisia,False
Q204434,Bihać,bihać,city in Bosnia and Herzegovina,GPE,city,67,,Bosnia and Herzegovina,False
Q202207,Po Valley,po valley,plain in Northern Italy,LOC,valley,67,,,False
Q17856,Ballarat,ballarat,"regional city in Victoria, Australia",GPE,city,67,116201.0,Australia,False
Q188940,Southern Bug,southern bug,river in Ukraine,LOC,river,67,,,False
Q15906,Ptuj,ptuj,city in Slovenia,GPE,city,67,,Slovenia,False
Q332319,Mekele,mekele,the capital city in the northern Tigray Region of Ethiopia,GPE,city,67,323700.0,Ethiopia,False
Q30963,Kingston,kingston,"capital of Norfolk Island, Australia",GPE,city,66,,Australia,False
Q241298,Albenga,albenga,Italian urban comune and city,GPE,city,66,,Italy,False
Q238508,Gurgaon,gurgaon,"City in Haryana, India",GPE,city,66,876824.0,India,False
Q107398,Akranes,akranes,town in Iceland,GPE,city,66,,Iceland,False
Q206687,Nelson,nelson,"city on the South Island, New Zealand",GPE,city,66,,New Zealand,False
Q986984,"Prudnik [Neustadt O/S], Opole Voivodeship",prudnik neustadt o/s opole voivodeship,city of Poland,GPE,city,66,,Poland,False
Q1484,Mayon Volcano,mayon volcano,volcano in the Philippines,LOC,mountain,66,,,False
Q192820,River Shannon,river shannon,longest river in Ireland,LOC,river,66,,,True
Q1154,Jamnagar,jamnagar,Indian city in the state of Gujarat,GPE,city,66,479920.0,India,False
Q191524,Ishim,ishim,river in Kazakhstan and Russia,LOC,river,66,,,False
Q146307,Děčín,děčín,"town in Ústí nad Labem Region, Czech Republic",GPE,city,66,,Czech Republic,False
Q186901,Drina,drina,"river, which forms a large portion of the border between Bosnia and Herzegovina and Serbia",LOC,river,66,,,False
Q488987,Türkmenbaşy,türkmenbaşy,"city in Balkan Province, Turkmenistan",GPE,city,66,,Turkmenistan,False
Q49149,Nantucket,nantucket,"island of Massachusetts, United States",LOC,island,66,,,False
Q213026,Bareilly,bareilly,"city in Uttar Pradesh, India",GPE,city,66,1000000.0,India,False
Q155868,Snake Island,snake island,Ukrainian island in the Black Sea,LOC,island,66,,,False
Q209537,East London,east london,"city in the Eastern Cape, South Africa",GPE,city,66,478676.0,South Africa,False
Q182343,Niagara River,niagara river,watercourse on the boundary of Canada and the United States,LOC,river,66,,,True
Q189969,Ulcinj,ulcinj,coastal town in Montenegro,GPE,city,66,,Montenegro,False
Q214248,Benguela,benguela,city in Angola,GPE,city,66,561775.0,Angola,False
Q203568,Mount Aragats,mount aragats,mountain in the Lesser Caucasus,LOC,mountain,66,,,False
Q3771,Gütersloh,gütersloh,"city in North Rhine-Westphalia, Germany",GPE,city,66,102464.0,Germany,False
Q186541,Kasai River,kasai river,tributary of the Congo River,LOC,river,66,,,False
Q19483,Hong Kong Island,hong kong island,second largest island in Hong Kong,LOC,island,66,,,False
Q207998,Q207998,q207998,"district and town in Muğla Province, Turkey",GPE,city,66,182200.0,Turkey,False
Q131495,Şırnak,şırnak,"central district and city in Şırnak Province, Turkey",GPE,city,66,,Turkey,False
Q192508,Bergen op Zoom,bergen op zoom,"city in Noord-Brabant, The Netherlands",GPE,city,66,,Netherlands,False
Q193452,Armagh,armagh,county town of County Armagh in Northern Ireland,GPE,city,66,,United Kingdom,False
Q26439,Argun River,argun river,river in Asia,LOC,river,66,,,False
Q487672,Daşoguz,daşoguz,human settlement in Turkmenistan,GPE,city,66,227184.0,Turkmenistan,False
Q277014,Bali Sea,bali sea,Interisland Sea in the Pacific Ocean,LOC,sea,66,,,False
Q115027,Isla de la Juventud,isla de la juventud,island beloging to Cuba,LOC,island,66,,,False
Q55500,Han River,han river,river in South Korea,LOC,river,66,,,False
Q203000,Perth,perth,"city in Perth and Kinross, Scotland, United Kingdom",GPE,city,66,,United Kingdom,False
Q179251,Morava,morava,river in Central Europe,LOC,river,66,,,False
Q158006,Jaworzno,jaworzno,"city in the Kraków Basin (the Lesser Poland part of the Silesian Voivodeship), Poland",GPE,city,66,,Poland,False
Q191047,Ilulissat,ilulissat,town in Greenland,GPE,city,66,,Greenland,False
Q186841,Devon Island,devon island,"island in Nunavut, Canada",LOC,island,66,,,False
Q273779,Saint-Louis,saint-louis,city and regional capital in Senegal,GPE,city,66,258592.0,Senegal,True
Q75745,Selenga,selenga,river in Mongolia and Russia,LOC,river,66,,,False
Q203995,Southend-on-Sea,southend-on-sea,"city in Essex, United Kingdom",GPE,city,66,160257.0,United Kingdom,False
Q192567,Ili River,ili river,river in Kazakhstan and China,LOC,river,66,,,False
Q466221,Sylhet,sylhet,city in Bangladesh,GPE,city,66,479837.0,Bangladesh,False
Q4044,Offenburg,offenburg,"city in Baden-Württemberg, Germany",GPE,city,66,,Germany,False
Q34116,Thunder Bay,thunder bay,"city in Thunder Bay District, province of Ontario, Canada",GPE,city,66,108843.0,Canada,False
Q6059,Krk,krk,island of Croatia,LOC,island,66,,,False
Q101530,Wieluń,wieluń,city of Poland,GPE,city,66,,Poland,False
Q270176,Belgaum,belgaum,"city in Karnataka, India",GPE,city,66,488157.0,India,False
Q244159,Dhanbad,dhanbad,"City of Jharkhand, India",GPE,city,66,,India,False
Q40868,Tirano,tirano,Italian comune,GPE,city,66,,Italy,False
Q214495,Bamyan,bamyan,The Cradle of Hazara Civilization,GPE,city,65,100000.0,Afghanistan,False
Q216912,Muğla,muğla,city in southwestern Turkey,GPE,city,65,,Turkey,False
Q105261,Mount Parnassus,mount parnassus,"mountain in Phthiotis Regional Unit, Greece",LOC,mountain,65,,,False
Q214485,Kisumu,kisumu,city in Kenya,GPE,city,65,397957.0,Kenya,False
Q269899,Amravati,amravati,"city in the state of Maharashtra, India",GPE,city,65,549370.0,India,False
Q205832,Corfu,corfu,capital of the Greek island and municipality of Corfu,GPE,city,65,,Greece,False
Q192378,Champigny-sur-Marne,champigny-sur-marne,"commune in Val-de-Marne, France",GPE,city,65,,France,True
Q211377,Leyte,leyte,island in the Philippines,LOC,island,65,,,False
Q194164,Krujë,krujë,town in north central Albania,GPE,city,65,,Albania,False
Q735138,Kėdainiai,kėdainiai,city in Lithuania,GPE,city,65,,Lithuania,False
Q234004,Narmada,narmada,5th longest river of India,LOC,river,65,,,False
Q207935,Chilpancingo de los Bravo,chilpancingo de los bravo,"capital of the State of Guerrero, Mexico",GPE,city,65,187251.0,Mexico,False
Q207801,Bijeljina,bijeljina,city in Bosnia and Herzegovina,GPE,city,65,,Bosnia and Herzegovina,False
Q61320,Colima,colima,"capital of the State of Colima, Mexico",GPE,city,65,146965.0,Mexico,False
Q186367,Sumbawa Island,sumbawa island,"island in West Nusa Tenggara Province, Indonesia",LOC,island,65,,,False
Q131354,Alcatraz Island,alcatraz island,"island in San Francisco, California, United States of America",LOC,island,65,,,False
Q109386,Nampo,nampo,"city and seaport in South Pyongan Province, North Korea",GPE,city,65,366815.0,North Korea,False
Q188195,Vättern,vättern,second largest lake in Sweden,LOC,lake,65,,,False
Q218861,Gondar,gondar,"city, former capital of Ethiopia",GPE,city,65,323900.0,Ethiopia,False
Q47571,Lorca,lorca,"municipality in the Region of Murcia, Spain",GPE,city,65,,Spain,False
Q270375,Ko Samui,ko samui,island in the gulf of Thailand,LOC,island,65,,,False
Q473914,Ibiza,ibiza,"municipality and capital of Ibiza, Balearic Islands, Spain",GPE,city,65,,Spain,False
Q181476,Cotopaxi volcano,cotopaxi volcano,Highest active volcano in the world,LOC,mountain,65,,,False
Q202796,Desna,desna,river in Ukraine and Russia,LOC,river,65,,,False
Q211811,Burdur,burdur,"central district and city in Burdur Province, Turkey",GPE,city,65,,Turkey,False
Q10006,Hengelo,hengelo,"city and municipality in Overijssel, the Netherlands",GPE,city,65,,Netherlands,False
Q11874,Zvolen,zvolen,town in Slovakia,GPE,city,65,,Slovakia,False
Q207690,Poyang Lake,poyang lake,"Largest freshwater lake in China, located in Jiangxi Province",LOC,lake,65,,,False
Q260911,Chiclayo,chiclayo,"city of Peru, capital of Lambayeque region",GPE,city,65,552508.0,Peru,False
Q1024,Triglav,triglav,highest mountain in Slovenia,LOC,mountain,65,,,False
Q209925,Çankırı,çankırı,"central district and city in Çankırı Province, Turkey",GPE,city,65,,Turkey,False
Q58900,Doncaster,doncaster,"city in South Yorkshire, England",GPE,city,65,109805.0,United Kingdom,False
Q157042,Pripyat River,pripyat river,river in Belarus and Ukraine,LOC,river,65,,,False
Q488379,Petropavl,petropavl,"city in Kazakhstan, seat of North Kazakhstan Province",GPE,city,65,222636.0,Kazakhstan,False
Q211590,Santa Clara,santa clara,"city in Villa Clara province, Cuba",GPE,city,65,247436.0,Cuba,False
Q459553,Chetumal,chetumal,city on the east coast of the Yucatán Peninsula and capital of Mexican state Quintana Roo in Mexico,GPE,city,65,169028.0,Mexico,False
Q19253,Lake Peipus,lake peipus,"lake in Estonia and Russia, including Lake Pihkva",LOC,lake,65,,,False
Q8510,Helmand River,helmand river,river in Afghanistan and Iran,LOC,river,65,,,False
Q14418,Lake Lugano,lake lugano,lake in Switzerland and Italy,LOC,lake,64,,,False
Q504433,Lake Mweru,lake mweru,lake in Uganda and Democratic Republic of the Congo,LOC,lake,64,,,False
Q209698,Kolhapur,kolhapur,"city in Maharashtra, India",GPE,city,64,,India,False
Q188336,Safed,safed,city in northern Israel,GPE,city,64,,Israel,False
Q46650,Macquarie Island,macquarie island,sub-Antarctic island of Australia,LOC,island,64,,,False
Q203979,Milos,milos,"island of the Cyclades, Greece",LOC,island,64,,,False
Q115276,Bar,bar,coastal town in Montenegro,GPE,city,64,,Montenegro,False
Q219583,El Jadida,el jadida,city in Morocco,GPE,city,64,235681.0,Morocco,False
Q497793,Bendigo,bendigo,"regional city in Victoria, Australia",GPE,city,64,103034.0,Australia,False
Q212546,Akhaltsikhe,akhaltsikhe,town in Georgia,GPE,city,64,,Georgia,False
Q41983,Marne,marne,river in France,LOC,river,64,,,False
Q211952,Kuşadası,kuşadası,"district and town of Aydın, Turkey",GPE,city,64,130835.0,Turkey,False
Q238217,Daraa,daraa,City in southwestern Syria,GPE,city,64,107500.0,Syria,False
Q211529,Khan Tengri,khan tengri,mountain in Kyrgyzstan,LOC,mountain,64,,,False
Q272471,Matanzas,matanzas,capital of the Cuban province of Matanzas,GPE,city,64,151624.0,Cuba,False
Q219986,Gangkhar Puensum,gangkhar puensum,Bhutan mountain,LOC,mountain,64,,,False
Q178168,Mitrovica,mitrovica,city in Kosovo,GPE,city,64,,Serbia,False
Q205632,Aubervilliers,aubervilliers,"French commune in Seine-Saint-Denis, Île-de-France",GPE,city,64,,France,False
Q201398,Halmahera Island,halmahera island,"island in North Maluku Province, Indonesia",LOC,island,64,,,False
Q26937,Kristianstad,kristianstad,"urban area in Kristianstad Municipality, Sweden",GPE,city,64,,Sweden,False
Q238147,Citlaltepetl,citlaltepetl,highest mountain and volcano in Mexico,LOC,mountain,64,,,False
Q1260331,North Sentinel Island,north sentinel island,one of the Andaman Islands,LOC,island,64,,,False
Q192773,Aulnay-sous-Bois,aulnay-sous-bois,"commune in Seine-Saint-Denis, France",GPE,city,64,,France,False
Q202422,Salamis Island,salamis island,"island in the Saronic Gulf near Piraeus, Greece",LOC,island,64,,,False
Q203675,Mažeikiai,mažeikiai,city in the north-western Lithuania,GPE,city,64,,Lithuania,False
Q323986,Prijedor,prijedor,city in Bosnia and Herzegovina,GPE,city,64,,Bosnia and Herzegovina,False
Q170315,Abbottabad,abbottabad,city in Khyber Pakhtunkhwa of Pakistan,GPE,city,64,148587.0,Pakistan,False
Q211800,Mindoro,mindoro,island in the Philippines,LOC,island,64,,,False
Q184184,Nouadhibou,nouadhibou,city in Mauritania,GPE,city,64,173525.0,Mauritania,False
Q109092,Kilkenny,kilkenny,"city in County Kilkenny, Ireland",GPE,city,64,,Ireland,False
Q234184,Chełm,chełm,city with powiat rights in the Lublin Voivodeship in south-eastern Poland,GPE,city,64,,Poland,False
Q109535,Zutphen,zutphen,"city in Zutphen, Netherlands",GPE,city,64,,Netherlands,False
Q222755,Ibagué,ibagué,capital of the department of Tolima in Colombia,GPE,city,64,546003.0,Colombia,False
Q203299,Faiyum,faiyum,city in Egypt,GPE,city,64,519047.0,Egypt,False
Q643883,Sialkot,sialkot,"city in Punjab, Pakistan",GPE,city,64,591668.0,Pakistan,False
Q175651,Obninsk,obninsk,"city in Kaluga Oblast, Russia",GPE,city,64,132477.0,Russia,False
Q271287,Kavaratti,kavaratti,island of Lakshadweep,LOC,island,64,,,False
Q192213,Holon,holon,city in the Tel Aviv District of Israel,GPE,city,64,194300.0,Israel,False
Q487801,Barakaldo,barakaldo,"city in Basque Country, Spain",GPE,city,64,102986.0,Spain,False
Q243125,Lincoln Sea,lincoln sea,part of the Arctic Ocean,LOC,sea,63,,,False
Q219737,Samar,samar,island in the Philippines,LOC,island,63,,,False
Q644636,Cyprus,cyprus,island in the Eastern Basin of the Mediterranean Sea,LOC,island,63,,,False
Q27393,Herning,herning,Danish city,GPE,city,63,,Denmark,False
Q140304,Zagazig,zagazig,city in Egypt,GPE,city,63,302840.0,Egypt,False
Q211805,Bartın,bartın,"central district and city in Bartın Province, Turkey",GPE,city,63,,Turkey,False
Q180176,Kozani,kozani,"town in Macedonia, Greece",GPE,city,63,,Greece,False
Q201766,Bougainville Island,bougainville island,island in Papua New Guinea,LOC,island,63,,,False
Q203370,Phra Nakhon Si Ayutthaya,phra nakhon si ayutthaya,"city in Phra Nakhon Si Ayutthaya province, Thailand",GPE,city,63,,Thailand,False
Q241122,Comrat,comrat,city in Moldova,GPE,city,63,,Moldova,False
Q41496,Thanjavur,thanjavur,"City in Tamil Nadu, India",GPE,city,63,222943.0,India,False
Q336250,Lienz,lienz,"town in Lienz District, Tyrol, Austria",GPE,city,63,,Austria,False
Q72248,Vitry-sur-Seine,vitry-sur-seine,"commune in Val-de-Marne, France",GPE,city,63,,France,False
Q321475,Kollam,kollam,"City in Kerala, India",GPE,city,63,397419.0,India,False
Q208174,Dordogne,dordogne,river in Southwestern France,LOC,river,63,,,False
Q210326,Songhua River,songhua river,river in China and North Korea,LOC,river,63,,,False
Q243325,Khulna,khulna,city of Bangladesh,GPE,city,63,928891.0,Bangladesh,False
Q4011,Wesel,wesel,city in Germany,GPE,city,63,,Germany,False
Q178124,Surtsey,surtsey,volcanic island located in the Vestmannaeyjar archipelago off the southern coast of Iceland,LOC,island,63,,,False
Q193409,Tripoli,tripoli,"city in Peloponnese, Greece",GPE,city,63,,Greece,False
Q207371,Lichfield,lichfield,"cathedral city in Staffordshire, England",GPE,city,63,,United Kingdom,False
Q490643,Kokshetau,kokshetau,"city in Kazakhstan, seat of Akmola Region",GPE,city,63,139063.0,Kazakhstan,False
Q107640,Komodo Island,komodo island,"island in West Manggarai Regency, East Nusa Tenggara Province, Indonesia",LOC,island,63,,,False
Q3388,Grossglockner,grossglockner,highest mountain in Austria,LOC,mountain,63,,,False
Q2222874,Zanzibar City,zanzibar city,city in Tanzania,GPE,city,63,709809.0,Tanzania,False
Q5993,Hvar,hvar,island of Croatia,LOC,island,63,,,False
Q14407,Lake Zurich,lake zurich,major lake in Switzerland,LOC,lake,63,,,False
Q211867,Oshawa,oshawa,"city in Durham Region, Ontario, Canada",GPE,city,63,175383.0,Canada,False
Q215633,Łomża,łomża,City with powiat rights of Poland,GPE,city,63,,Poland,False
Q189059,Mytilene,mytilene,city on the Greek island of Lesbos,GPE,city,63,,Greece,False
Q5584396,Gorakhpur,gorakhpur,"city in Uttar Pradesh, India",GPE,city,63,673446.0,India,False
Q43286,Mogao Caves,mogao caves,"caves in Dunhuang City, Gansu, China",LOC,cave,63,,,False
Q191805,Mladá Boleslav,mladá boleslav,"town in Central Bohemian Region, Czech Republic",GPE,city,63,,Czech Republic,False
Q204347,Maritsa,maritsa,river in the Balkans,LOC,river,63,,,False
Q192767,Guadalcanal,guadalcanal,island of the Solomon Islands chain in the South Pacific Ocean,LOC,island,63,,,False
Q207680,Mount Kazbek,mount kazbek,Dormant volcano in Georgia and Russia,LOC,mountain,63,,,False
Q184492,Mälaren,mälaren,lake in Sweden,LOC,lake,63,,,False
Q215471,Mount Hermon,mount hermon,mountain range in Syria and Lebanon,LOC,mountain,63,,,False
Q748336,Battambang,battambang,City in Cambodia,GPE,city,63,130000.0,Cambodia,False
Q158004,Piotrków Trybunalski,piotrków trybunalski,city with powiat rights of Poland,GPE,city,63,,Poland,False
Q199938,Tonlé Sap,tonlé sap,lake in Cambodia,LOC,lake,63,,,False
Q193149,Sea of Crete,sea of crete,southern portion of the Aegean Sea,LOC,sea,63,,,False
Q559661,Liao River,liao river,river in China,LOC,river,63,,,False
Q715269,World Ocean,world ocean,Earth's interconnected water system,LOC,ocean,63,,,False
Q317899,Ravi River,ravi river,river in India and Pakistan,LOC,river,63,,,False
Q221447,Ramla,ramla,city in Israel,GPE,city,63,,Israel,False
Q194364,Bear Island,bear island,southernmost island of the Norwegian Svalbard archipelago,LOC,island,63,,,False
Q185346,Ceyhan,ceyhan,"town and district in Adana Province, Turkey",GPE,city,63,159955.0,Turkey,False
Q207972,Tepic,tepic,"capital of the State of Nayarit, Mexico",GPE,city,63,425942.0,Mexico,False
Q82960,Rottweil,rottweil,"town in the district of Rottweil, Baden-Württemberg, Germany",GPE,city,63,,Germany,False
Q192860,Gallipoli,gallipoli,peninsula in northwestern Turkey,LOC,peninsula,63,,,False
Q165422,Francistown,francistown,city in northern Botswana,GPE,city,62,,Botswana,False
Q203175,Samothrace,samothrace,island in the north Aegean,LOC,island,62,,,False
Q189596,Vardar,vardar,river in North Macedonia and Greece,LOC,river,62,,,False
Q15928,Velenje,velenje,city in Slovenia,GPE,city,62,,Slovenia,False
Q275635,Massawa,massawa,city on the Red Sea coast of Eritrea,GPE,city,62,,Eritrea,False
Q8515,Kabul River,kabul river,river in Afghanistan and Pakistan,LOC,river,62,,,False
Q335322,Pointe-à-Pitre,pointe-à-pitre,French commune in Guadeloupe,GPE,city,62,,France,False
Q169247,Doboj,doboj,city in Bosnia and Herzegovina,GPE,city,62,,Bosnia and Herzegovina,False
Q184975,Hekla,hekla,stratovolcano in southern Iceland,LOC,volcano,62,,,False
Q501715,Port-Gentil,port-gentil,city in Gabon,GPE,city,62,154632.0,Gabon,False
Q9954,Purmerend,purmerend,"city in Purmerend, Netherlands",GPE,city,62,,Netherlands,False
Q206850,Red River,red river,river in southwest China and northern Vietnam,LOC,river,62,,,False
Q206368,Sumba Island,sumba island,"island in East Nusa Tenggara Province, Indonesia",LOC,island,62,,,False
Q278204,Noida,noida,"city in Uttar Pradesh, India",GPE,city,62,637272.0,India,False
Q320792,Bata,bata,most populous city in Equatorial Guinea,GPE,city,62,290000.0,Equatorial Guinea,False
Q167895,Kalamata,kalamata,"city in Peloponnese, Greece",GPE,city,62,,Greece,False
Q204439,El Alamein,el alamein,"town in the northern Matruh Governorate, Egypt",GPE,city,62,,Egypt,False
Q203380,Napier,napier,city in the North Island of New Zealand,GPE,city,62,,New Zealand,False
Q14366,Ticino,ticino,river in Switzerland and Italy,LOC,river,62,,,False
Q156258,Lake Ohrid,lake ohrid,lake in North Macedonia and Albania,LOC,lake,62,,,False
Q208948,Rotorua,rotorua,"city in Bay of Plenty, New Zealand",GPE,city,62,,New Zealand,False
Q183405,Safi,safi,city in Morocco,GPE,city,62,367249.0,Morocco,False
Q2222616,Telšiai,telšiai,city in Lithuania,GPE,city,62,,Lithuania,False
Q199436,Bismarck Sea,bismarck sea,Interisland Sea in the Pacific Ocean,LOC,sea,62,,,False
Q194215,Île Amsterdam,île amsterdam,islands in the southern Indian Ocean,LOC,volcano,62,,,False
Q223966,Piura,piura,"city of Peru, capital of Piura region",GPE,city,62,473025.0,Peru,False
Q60064,Alaska Peninsula,alaska peninsula,peninsula extending about 800 km (497 mi) to the southwest from the mainland of Alaska and ending in the Aleutian Islands,LOC,peninsula,62,,,False
Q1678,Saale,saale,river in Germany,LOC,river,62,,,False
Q271771,Tanta,tanta,city in Egypt,GPE,city,62,429503.0,Egypt,False
Q204757,Karpathos,karpathos,Greek island,LOC,island,62,,,False
Q192157,Belaya,belaya,"river in Bashkiria and Tatarstan, Russia",LOC,river,62,,,False
Q38811,Nasiriyah,nasiriyah,city in Iraq,GPE,city,62,541600.0,Iraq,False
Q134905,K'gari,kgari,"island located along the southern coast of Queensland, Australia",LOC,island,62,,,False
Q135477,Chari River,chari river,river in central Africa,LOC,river,62,,,False
Q208725,Bat Yam,bat yam,city in the Tel Aviv District of Israel,GPE,city,62,128800.0,Israel,False
Q205119,Cajamarca,cajamarca,"capital city of Cajamarca, Peru",GPE,city,62,201329.0,Peru,False
Q204905,Elefsina,elefsina,"modern city in West Attica, Greece",GPE,city,62,,Greece,False
Q208198,Viti Levu,viti levu,largest island in Fiji,LOC,island,62,,,False
Q208668,Rodrigues,rodrigues,Mauritian island,LOC,island,62,,,False
Q209891,Sura,sura,"river in Russia, tributary of Volga",LOC,river,62,,,False
Q234178,Bangor,bangor,"city in Gwynedd, Wales",GPE,city,62,,United Kingdom,True
Q107106,Jastrzębie-Zdrój,jastrzębie-zdrój,city with powiat rights of Poland,GPE,city,62,,Poland,False
Q269980,Newry,newry,city in Northern Ireland,GPE,city,62,,United Kingdom,False
Q76309,Mount Pelée,mount pelée,Active stratovolcano,LOC,mountain,62,,,False
Q270041,Al Hudaydah,al hudaydah,city in Yemen,GPE,city,62,617871.0,Yemen,False
Q190777,Neretva,neretva,river in Bosnia and Herzegovina and in Croatia,LOC,river,62,,,False
Q7263152,Pylos,pylos,"town in Messenia, Peloponnese, Greece",GPE,city,62,,Greece,False
Q200174,Marañón River,marañón river,river in Peru,LOC,river,62,,,False
Q200133,Q200133,q200133,Greek city in Central Greece region,GPE,city,62,,Greece,False
Q311321,Al-Hasakah,al-hasakah,capital city of the Al-Hasakah Governorate in Syria,GPE,city,62,188160.0,Syria,False
Q760714,Bhagalpur,bhagalpur,"City in Bihar, India",GPE,city,61,410210.0,India,False
Q239421,Nakuru,nakuru,city in Kenya,GPE,city,61,307990.0,Kenya,False
Q235571,Darkhan,darkhan,"capital city of Darkhan-Uul Aimag, Mongolia",GPE,city,61,,Mongolia,False
Q212083,Halmahera Sea,halmahera sea,sea in Indonesia,LOC,sea,61,,,False
Q134116,Melville Island,melville island,"island in the Northwest Territories, Canada",LOC,island,61,,,False
Q178067,Toamasina,toamasina,port city in eastern Madagascar,GPE,city,61,225116.0,Madagascar,False
Q148062,Zarqa,zarqa,city in Jordan,GPE,city,61,481300.0,Jordan,False
Q219608,Ambon Island,ambon island,"island in Maluku Province, Indonesia",LOC,island,61,,,False
Q208011,Schiermonnikoog,schiermonnikoog,"island and municipality in Friesland, the Netherlands",LOC,island,61,,,False
Q235539,Mount Whitney,mount whitney,highest mountain in California and the contiguous United States,LOC,mountain,61,,,False
Q251678,Aichach,aichach,municipality of Germany,GPE,city,61,,Germany,False
Q187352,Q187352,q187352,"city in northern Greece, the principal seaport of eastern Macedonia and the capital of Kavala regional unit",GPE,city,61,,Greece,False
Q207794,Nevis,nevis,island and state in the Caribbean Sea,LOC,island,61,,,True
Q1022488,Brighton and Hove,brighton and hove,"city and unitary authority area in East Sussex, England",GPE,city,61,277103.0,United Kingdom,False
Q223587,Mansoura,mansoura,city in Egypt,GPE,city,61,621953.0,Egypt,False
Q472925,Urgench,urgench,city in Uzbekistan,GPE,city,61,150000.0,Uzbekistan,False
Q478207,Kenitra,kenitra,city in Morocco,GPE,city,61,507736.0,Morocco,False
Q209031,Narva,narva,river between Estonia and Russia,LOC,river,61,,,False
Q102737,Agidel,agidel,town in Russia,GPE,city,61,,Russia,False
Q478675,Riobamba,riobamba,"city in Ecuador, capital of the Chimborazo Province",GPE,city,61,177213.0,Ecuador,False
Q233627,Lake Manasarovar,lake manasarovar,"freshwater lake in Purang County, Ngari Prefecture, Tibet, China",LOC,lake,61,,,False
Q233770,Cape York Peninsula,cape york peninsula,"peninsula in Far North Queensland, Australia",LOC,peninsula,61,,,False
Q214303,Gümüşhane,gümüşhane,"central district and city in Gümüşhane Province, Turkey",GPE,city,61,,Turkey,False
Q530171,Ajman,ajman,capital of the emirate of Ajman in the United Arab Emirates,GPE,city,61,490035.0,United Arab Emirates,False
Q208162,Patiala,patiala,"city in Punjab, India",GPE,city,61,406192.0,India,False
Q844430,Phuket,phuket,"city in Phuket province, Thailand",GPE,city,61,,Thailand,False
Q192961,Ramadi,ramadi,"city in Al Anbar Governorate, Iraq",GPE,city,61,874543.0,Iraq,False
Q6226,St Albans,st albans,"city and unparished area in southern Hertfordshire, England",GPE,city,61,,United Kingdom,False
Q193465,Savu Sea,savu sea,sea in Indonesia,LOC,sea,61,,,False
Q6647,Lalitpur,lalitpur,"city in Kathmandu Valley, Nepal",GPE,city,61,513200.0,Nepal,False
Q202322,Beqaa Valley,beqaa valley,valley in eastern Lebanon,LOC,valley,61,,,False
Q122044,Lubango,lubango,city in Angola,GPE,city,61,903564.0,Angola,False
Q647543,Arrecife,arrecife,"municipality in the Canary Islands, Spain",GPE,city,61,,Spain,False
Q19721,River Clyde,river clyde,river in Scotland rising in Lanarkshire and flowing through Glasgow to the Firth of Clyde,LOC,river,61,,,False
Q334577,Quetzaltenango,quetzaltenango,"capital of Quetzaltenango Department, Guatemala",GPE,city,61,207620.0,Guatemala,False
Q319813,Siedlce,siedlce,city in eastern Poland,GPE,city,61,,Poland,False
Q193896,Malta,malta,island of Malta,LOC,island,61,,,False
Q200952,Ucayali River,ucayali river,river in Peru,LOC,river,61,,,False
Q126415,Aïn al-Arab,aïn al-arab,town in Syria,GPE,city,61,,Syria,False
Q6855,Lörrach,lörrach,city in southwest Germany,GPE,city,61,,Germany,False
Q21168,Varberg,varberg,"urban area in Varberg Municipality, Sweden",GPE,city,61,,Sweden,False
Q156558,Fayzabad,fayzabad,"capital of Badakhshan, Afghanistan",GPE,city,61,,Afghanistan,False
Q203137,Lake Inari,lake inari,"lake in Inari, Finland",LOC,lake,61,,,False
Q192495,Vyatka,vyatka,"river in Udmurtia, Kirov Oblast, and Tatarstan, Russia",LOC,river,61,,,False
Q214655,Çorlu,çorlu,district and city in Turkey,GPE,city,61,290155.0,Turkey,False
Q4069,North Cape,north cape,cape on the island of Magerøya in Northern Norway,LOC,cape,61,,,False
Q208403,Komotini,komotini,"city in Thrace, Greece",GPE,city,61,,Greece,False
Q208352,Borjomi,borjomi,town in Georgia (country),GPE,city,61,,Georgia,False
Q240719,Qeshm Island,qeshm island,"island in Qeshm County, Iran",LOC,island,60,,,False
Q188871,Orontes River,orontes river,river in Western Asia,LOC,river,60,,,False
Q31610,Hrazdan,hrazdan,"capital and largest city of the Kotayk Province, Armenia",GPE,city,60,,Armenia,False
Q318156,Bahawalpur,bahawalpur,"city in Punjab, Pakistan",GPE,city,60,762111.0,Pakistan,False
Q209036,São Miguel Island,são miguel island,island in the Portuguese archipelago of the Azores,LOC,island,60,,,False
Q242176,Yakushima,yakushima,"island in Kagoshima, Japan",LOC,island,60,,,False
Q210855,Seram Sea,seram sea,sea in Indonesia,LOC,sea,60,,,False
Q215081,Coco Island,coco island,island in the Pacific Ocean administered by Costa Rica,LOC,island,60,,,False
Q185532,Seram,seram,"island in Maluku Province, Indonesia",LOC,island,60,,,False
Q216990,Blida,blida,city and commune in Algeria,GPE,city,60,191000.0,Algeria,False
Q376903,Valledupar,valledupar,Capital of the Colombian department of Cesar,GPE,city,60,544134.0,Colombia,False
Q500189,M'banza-Kongo,mbanza-kongo,capital of Angola's northwestern Zaire Province,GPE,city,60,148000.0,Angola,False
Q185405,Amstel,amstel,river in the Netherlands,LOC,river,60,,,False
Q212332,Kanchipuram,kanchipuram,"city in Tamil Nadu, India",GPE,city,60,164384.0,India,False
Q272074,Snake River,snake river,major tributary of the Columbia River in the northwestern United States,LOC,river,60,,,False
Q2750140,Kagera River,kagera river,river in Rwanda,LOC,river,60,,,False
Q207666,Axel Heiberg Island,axel heiberg island,"island in Nunavut, Canada",LOC,island,60,,,False
Q185134,Tlemcen,tlemcen,city in Algeria,GPE,city,60,173531.0,Algeria,False
Q209576,Icaria,icaria,Greek island in the Aegean Sea,LOC,island,60,,,False
Q210252,Klyuchevskaya Sopka,klyuchevskaya sopka,active volcano located on the peninsula of Kamchatka in Russia,LOC,volcano,60,,,False
Q467501,Khorugh,khorugh,city in Tajikistan,GPE,city,60,,Tajikistan,False
Q26906,Ciudad Bolívar,ciudad bolívar,"city in Bolívar, Venezuela",GPE,city,60,567953.0,Venezuela,False
Q14381,Lake Lucerne,lake lucerne,"lake at Lucerne, Switzerland",LOC,lake,60,,,False
Q9863,Salem,salem,"Metropolis in Tamil Nadu, India",GPE,city,60,693236.0,India,False
Q200908,Rethymno,rethymno,"city in Crete, Greece",GPE,city,60,,Greece,False
Q648567,Bokhtar,bokhtar,city in Tajikistan,GPE,city,60,126700.0,Tajikistan,False
Q201149,Fife,fife,"council area of Scotland, UK",LOC,peninsula,60,,,True
Q272795,Tacna,tacna,"city of Peru, capital of Tacna region",GPE,city,60,286240.0,Peru,False
Q311946,Naryn,naryn,provincial capital in Kyrgyzstan,GPE,city,60,,Kyrgyzstan,False
Q922,Brač,brač,island of Croatia,LOC,island,60,,,False
Q333074,Moundou,moundou,city in Chad,GPE,city,60,142462.0,Chad,False
Q338844,Batna,batna,"commune and city in Batna Province, Algeria",GPE,city,60,290645.0,Algeria,False
Q63109,Adda,adda,river in Italy,LOC,river,60,,,False
Q339527,Launceston,launceston,"city in the north of Tasmania, Australia",GPE,city,60,,Australia,False
Q1648,Ems,ems,river in northwestern Europe in Germany and the Netherlands,LOC,river,60,,,False
Q35246,Oruro,oruro,city of Bolivia,GPE,city,60,264683.0,Bolivia,False
Q206484,Abeokuta,abeokuta,city in Nigeria,GPE,city,60,888924.0,Nigeria,False
Q61434,Nellore,nellore,"city in Sri Potti Sri Ramulu Nellore district, Andhra Pradesh, India",GPE,city,60,547621.0,India,False
Q208098,Sisimiut,sisimiut,town in Greenland,GPE,city,60,,Greenland,False
Q208318,Kaduna,kaduna,state capital of Kaduna State in Nigeria,GPE,city,60,760084.0,Nigeria,False
Q107582,Cēsis,cēsis,"city and capital of Cēsis Municipality, Latvia",GPE,city,60,,Latvia,False
Q242144,Bhilai,bhilai,"city in Chhattisgarh, India",GPE,city,60,625700.0,India,False
Q44217,San Salvador de Jujuy,san salvador de jujuy,"city in Argentina, capital of Jujuy Province",GPE,city,60,312446.0,Argentina,False
Q31805,Invercargill,invercargill,city in New Zealand's Southland region,GPE,city,60,,New Zealand,False
Q212777,Negros,negros,island in the Philippines,LOC,island,60,,,False
Q207917,Mount Nemrut,mount nemrut,mountain and UNESCO World Heritage Site in Turkey,LOC,mountain,60,,,False
Q232842,Puno,puno,"Capital city of Puno, Peru",GPE,city,60,128637.0,Peru,False
Q244154,Holguin,holguin,"city and capital of Holguín province, Cuba",GPE,city,60,350191.0,Cuba,False
Q175741,Andros,andros,Greek island in the Cyclades,LOC,island,60,,,False
Q73639,Pogradec,pogradec,city in southeastern Albania,GPE,city,60,,Albania,False
Q221734,Rason,rason,North Korean city and ice-free port in the East Sea,GPE,city,60,196954.0,North Korea,False
Q48472,Konye-Urgench,konye-urgench,city,GPE,city,60,,Turkmenistan,False
Q274569,Upolu,upolu,island in Samoa,LOC,island,60,,,False
Q188487,Lake Trasimeno,lake trasimeno,"lake in Umbria, Italy",LOC,lake,59,,,False
Q190138,Lefkada,lefkada,Greek island in the Ionian Sea,LOC,island,59,,,False
Q242587,Abéché,abéché,"city in Ouaddaï Region, Chad",GPE,city,59,,Chad,False
Q48814,Strumica,strumica,city in North Macedonia,GPE,city,59,,North Macedonia,False
Q210371,Kangaroo Island,kangaroo island,island in South Australia,LOC,island,59,,,False
Q494693,Torrelavega,torrelavega,"town and municipality in Cantabria, northern Spain",GPE,city,59,,Spain,False
Q207323,Vulcano,vulcano,small volcanic island north of Sicily,LOC,mountain,59,,,False
Q106357,Utøya,utøya,island,LOC,island,59,,,False
Q146509,Krzeszowice,krzeszowice,city of Poland,GPE,city,59,,Poland,False
Q386991,Torreón,torreón,"municipal seat of Torreón, State of Coahuila, Mexico",GPE,city,59,690193.0,Mexico,False
Q223761,Bobo-Dioulasso,bobo-dioulasso,town in Burkina Faso,GPE,city,59,903887.0,Burkina Faso,False
Q44214,Formosa,formosa,city in Argentina,GPE,city,59,264452.0,Argentina,False
Q190562,Mount Cameroon,mount cameroon,active volcano in Cameroon near the Gulf of Guinea,LOC,volcano,59,,,False
Q243319,Morogoro,morogoro,city in Tanzania,GPE,city,59,207000.0,Tanzania,False
Q463252,Daman,daman,city in India,GPE,city,59,,India,False
Q213262,Nanda Devi,nanda devi,second highest mountain in India,LOC,mountain,59,,,False
Q219642,Mahé,mahé,largest island of Seychelles,LOC,island,59,,,False
Q215089,New Ireland,new ireland,island of the Bismarck Archipelago in the Pacific Ocean,LOC,island,59,,,False
Q124653,Tobol,tobol,river in Kazakhstan and Russia,LOC,river,59,,,False
Q1294439,Salalah,salalah,city in Oman,GPE,city,59,331949.0,Oman,False
Q194165,Irbid,irbid,city in Jordan,GPE,city,59,1911600.0,Jordan,False
Q15899,Murska Sobota,murska sobota,town in northeastern Slovenia; the centre of the traditional province of Prekmurje,GPE,city,59,,Slovenia,False
Q843138,Bhaktapur,bhaktapur,"municipality in Bhaktapur District, Nepal",GPE,city,59,,Nepal,False
Q605839,Lolland,lolland,island of Denmark,LOC,island,59,,,False
Q15984,Leer,leer,"town in Lower Saxony, Germany",GPE,city,59,,Germany,False
Q2762100,North Nicosia,north nicosia,capital of Northern Cyprus,GPE,city,59,,Cyprus,False
Q204989,Saint Kitts,saint kitts,island in Saint Kitts and Nevis,LOC,island,59,,,False
Q204387,Kodiak Island,kodiak island,island in the United States of America,LOC,island,59,,,False
Q56069,Punta del Este,punta del este,"City in Maldonado, Uruguay",GPE,city,59,,Uruguay,False
Q26569,Zahlé,zahlé,"capital and largest city of Beqaa Governorate, Lebanon",GPE,city,59,100000.0,Lebanon,False
Q4085,Cape Agulhas,cape agulhas,"headland in the Western Cape, South Africa, the southernmost point of mainland Africa",LOC,cape,59,,,False
Q374096,Chauvet Cave,chauvet cave,cave in France,LOC,cave,59,,,False
Q540844,Aghdam,aghdam,"city in Azerbaijan, administrative centre of the Aghdam District",GPE,city,59,,Azerbaijan,False
Q147934,"Jelenia Góra [Hirschberg], Lower Silesian Voivodeship",jelenia góra hirschberg lower silesian voivodeship,city with powiat rights of Poland,GPE,city,59,,Poland,False
Q239107,Edfu,edfu,"Egyptian city, located on the west bank of the Nile River",GPE,city,59,133772.0,Egypt,False
Q46702,Kavajë,kavajë,city of Albania,GPE,city,59,,Albania,False
Q474868,Alor Setar,alor setar,"state capital of Kedah, Malaysia",GPE,city,59,217000.0,Malaysia,False
Q244747,Tudela,tudela,"municipality in Navarre, Spain",GPE,city,59,,Spain,False
Q21181,Fredericia,fredericia,town in Denmark,GPE,city,59,,Denmark,False
Q212680,Lushnjë,lushnjë,"city in Fier County, Albania",GPE,city,59,,Albania,False
Q204392,Lake Prespa,lake prespa,lakes in Southeastern Europe,LOC,lake,59,,,False
Q190847,Alexandroupolis,alexandroupolis,"city in Thrace, Greece",GPE,city,59,,Greece,False
Q461557,Karun River,karun river,river in Iran,LOC,river,59,,,False
Q9783,Roermond,roermond,"city in the municipality with the same name, Netherlands",GPE,city,59,,Netherlands,False
Q48675,West Island,west island,capital of the Cocos (Keeling) Islands,LOC,island,59,,,False
Q212757,Qamishli,qamishli,city in northeastern Syria,GPE,city,59,184231.0,Syria,False
Q207751,Southampton Island,southampton island,"island in Nunavut, Canada",LOC,island,59,,,False
Q146356,Chomutov,chomutov,town in Czechia,GPE,city,59,,Czech Republic,False
Q330643,Moradabad,moradabad,city in the Indian state of Uttar Pradesh,GPE,city,58,887871.0,India,False
Q202162,Aba,aba,"city in Abia State, southern Nigeria",GPE,city,58,1160000.0,Nigeria,False
Q19714,River Trent,river trent,major river of England,LOC,river,58,,,False
Q242895,Saharanpur,saharanpur,"city in Uttar Pradesh, India",GPE,city,58,705478.0,India,False
Q26428,Nizhnyaya Tunguska,nizhnyaya tunguska,"river in Siberia, Russia",LOC,river,58,,,False
Q395863,Desouk,desouk,city in Egypt,GPE,city,58,143404.0,Egypt,False
Q26433,Vilyuy,vilyuy,"river in Yakutia, Russia",LOC,river,58,,,False
Q2292517,Skikda,skikda,city in Algeria,GPE,city,58,163318.0,Algeria,False
Q147243,Štip,štip,city in the eastern part of North Macedonia,GPE,city,58,,North Macedonia,False
Q219671,Ndola,ndola,city in Zambia,GPE,city,58,528330.0,Zambia,False
Q244347,Gorée,gorée,"one of the 19 communes d'arrondissement (i.e. districts) of the city of Dakar, Senegal; World Heritage Site",LOC,island,58,,,False
Q322155,Rajshahi,rajshahi,metropolitan city in Western Bangladesh,GPE,city,58,448087.0,Bangladesh,False
Q468782,Huancayo,huancayo,"capital city of Junín region, Peru",GPE,city,58,378203.0,Peru,False
Q309442,Q309442,q309442,"city; capital of Paysandú Department, Uruguay",GPE,city,58,,Uruguay,False
Q740832,Jezkazgan,jezkazgan,city in Kazakhstan,GPE,city,58,,Kazakhstan,False
Q242992,Bhavnagar,bhavnagar,"city in Gujarat, India",GPE,city,58,,India,False
Q433632,Santa Cruz de La Palma,santa cruz de la palma,municipality of Spain,GPE,city,58,,Spain,False
Q15901,Postojna,postojna,city in Slovenia,GPE,city,58,,Slovenia,False
Q8505,Hari River,hari river,"river in Afghanistan, Iran and Turkmenistan",LOC,river,58,,,False
Q191170,Fallujah,fallujah,"city in the province of Al Anbar, Iraq",GPE,city,58,250884.0,Iraq,False
Q4425,Eiger,eiger,"mountain in the Bernese Alps, Switzerland",LOC,mountain,58,,,False
Q209423,Kirkenes,kirkenes,"town in Sør-Varanger Municipality, Norway",GPE,city,58,,Norway,False
Q11864,Junagadh,junagadh,"city in Gujarat, India",GPE,city,58,320250.0,India,False
Q59698,Swakopmund,swakopmund,city in Namibia,GPE,city,58,,Namibia,False
Q217426,Soweto,soweto,township of South Africa,GPE,city,58,1271628.0,South Africa,False
Q217040,Tamale,tamale,"city in Northern Region, Ghana",GPE,city,58,729768.0,Ghana,False
Q216638,Wakefield,wakefield,"city in West Yorkshire, England",GPE,city,58,,United Kingdom,False
Q21180,Silkeborg,silkeborg,city in central Denmark,GPE,city,58,,Denmark,False
Q207132,Terich Mir,terich mir,highest mountain of the Hindu Kush range,LOC,mountain,58,,,False
Q204412,Terschelling,terschelling,"island and municipality in Friesland, the Netherlands",LOC,island,58,,,False
Q26390,Anadyr,anadyr,"river in Chukotka, Russia",LOC,river,58,,,False
Q173037,Nikolayevsk-on-Amur,nikolayevsk-on-amur,town in Russia,GPE,city,58,,Russia,False
Q331099,Island of Mozambique,island of mozambique,small island off mainland Mozambique,LOC,island,58,,,False
Q315954,Koro Sea,koro sea,Interisland Sea in the Pacific Ocean,LOC,sea,58,,,False
Q332359,Panay,panay,island in the Philippines,LOC,island,58,,,False
Q627508,Hoverla,hoverla,mountain,LOC,mountain,58,,,False
Q690052,Trebinje,trebinje,city in Bosnia and Herzegovina,GPE,city,58,,Bosnia and Herzegovina,False
Q27425,Hillerød,hillerød,city in Denmark,GPE,city,58,,Denmark,False
Q333928,Maracay,maracay,city in Venezuela,GPE,city,58,1102088.0,Venezuela,False
Q15918,Slovenj Gradec,slovenj gradec,town in northern Slovenia,GPE,city,58,,Slovenia,False
Q193478,Buda,buda,"western part of Budapest, Hungary, former independent city",GPE,city,58,,Hungary,False
Q193787,Tauragė,tauragė,city in Lithuania,GPE,city,58,,Lithuania,False
Q211563,Beira,beira,city in Mozambique,GPE,city,58,530604.0,Mozambique,False
Q5602,Lusatian Nysa,lusatian nysa,river in Central Europe,LOC,river,58,,,False
Q201843,Khanka,khanka,"freshwater lake located on the border between Primorsky Krai, Russia and Heilongjiang province, Northeast China",LOC,lake,58,,,False
Q4777,Mount Roraima,mount roraima,High plateau in South America,LOC,mountain,58,,,False
Q163798,Thrissur,thrissur,"city in Kerala, India",GPE,city,58,315596.0,India,False
Q272463,Lake Athabasca,lake athabasca,"large glacial lake in northern Alberta and Saskatchewan, Canada",LOC,lake,57,,,False
Q231620,Parícutin,parícutin,dormant scoria-cone volcano in Mexico,LOC,volcano,57,,,False
Q208319,Hydra,hydra,one of the Saronic Islands of Greece,LOC,island,57,,,False
Q191832,Aldan,aldan,"river in Yakutia, Russia",LOC,river,57,,,False
Q243846,Hillah,hillah,city in Iraq,GPE,city,57,541034.0,Iraq,False
Q210722,Sugarloaf Mountain,sugarloaf mountain,"peak situated in Rio de Janeiro, Brazil",LOC,mountain,57,,,False
Q216894,Mount Arafat,mount arafat,mountain in Saudi Arabia,LOC,mountain,57,,,False
Q214696,Mount Nyiragongo,mount nyiragongo,active volcano in Democratic Republic of the Congo,LOC,volcano,57,,,False
Q322828,Brčko,brčko,city in Bosnia and Herzegovina,GPE,city,57,,Bosnia and Herzegovina,False
Q322986,Delfzijl,delfzijl,"city in Eemsdelta, Netherlands",GPE,city,57,,Netherlands,False
Q748696,Levantine Sea,levantine sea,peripheral sea of the Mediterranean Sea,LOC,sea,57,,,False
Q239266,Višegrad,višegrad,town in Bosnia and Herzegovina,GPE,city,57,,Bosnia and Herzegovina,False
Q13288,Korčula,korčula,"island of Croatia, located in the Adriatic Sea",LOC,island,57,,,False
Q244139,Pinar del Río,pinar del río,city in Cuba,GPE,city,57,188614.0,Cuba,False
Q460925,Michalovce,michalovce,town in Slovakia,GPE,city,57,,Slovakia,False
Q221914,Moçâmedes,moçâmedes,city in Angola,GPE,city,57,255000.0,Angola,False
Q456624,Ambala,ambala,"Ambala, is a city and a municipal corporation in Ambala district in the state of Haryana, India,",GPE,city,57,,India,False
Q213237,Valdes Peninsula,valdes peninsula,peninsula,LOC,peninsula,57,,,False
Q207925,Prince of Wales Island,prince of wales island,"island in Nunavut, Canada",LOC,island,57,,,False
Q207903,Neris,neris,river in Lithuania and Belarus,LOC,river,57,,,False
Q207851,Vlieland,vlieland,"island and municipality in Friesland, the Netherlands",LOC,island,57,,,False
Q496368,Wrexham,wrexham,"city in Wales, United Kingdom",GPE,city,57,,United Kingdom,False
Q319821,Liberty Island,liberty island,"island in the Upper New York Bay, United States",LOC,island,57,,,False
Q319590,Beas River,beas river,river in north India,LOC,river,57,,,False
Q271700,Noshaq,noshaq,mountain in Afghanistan/Pakistan,LOC,mountain,57,,,False
Q223914,Lobito,lobito,town of Angola,GPE,city,57,436467.0,Angola,False
Q184864,Megara,megara,"city in western Attica, Greece",GPE,city,57,,Greece,False
Q584295,Udupi,udupi,"city in Karnataka, India",GPE,city,57,165401.0,India,False
Q52892,Leszno,leszno,city with powiat rights of Poland,GPE,city,57,,Poland,False
Q4138,Chiemsee,chiemsee,"freshwater lake in Bavaria, Germany",LOC,lake,57,,,False
Q207777,Ussuri,ussuri,river in Russia and China,LOC,river,57,,,False
Q213014,Akola,akola,"city in Maharashtra, India",GPE,city,57,425817.0,India,False
Q4534,Andalien River,andalien river,"river in the province of Concepcion, Chile",LOC,river,57,,,False
Q211950,Dunfermline,dunfermline,"city and former Royal Burgh in Fife, Scotland, UK",GPE,city,57,,United Kingdom,False
Q152831,Duhok,duhok,"City in Kurdistan Region, Iraq",GPE,city,57,330600.0,Iraq,False
Q206694,Onon River,onon river,river in Mongolia and Russia,LOC,river,57,,,False
Q192201,Wachau,wachau,valley in Austria,LOC,valley,57,,,False
Q204040,Mur,mur,river in Central Europe,LOC,river,57,,,False
Q502371,West Lake,west lake,"lake in Hangzhou, Zhejiang, China",LOC,lake,57,,,False
Q204728,Chalkidiki,chalkidiki,"peninsula of Macedonia, Greece",LOC,peninsula,57,,,False
Q158470,Mount Agung,mount agung,"Active volcano in Bali, Indonesia",LOC,mountain,57,,,False
Q202175,Ellis Island,ellis island,island in New York Harbor in the United States of America,LOC,island,57,,,False
Q852276,Sidi Bel Abbès,sidi bel abbès,City in Algeria,GPE,city,57,212935.0,Algeria,False
Q192980,Lamia,lamia,city in central Greece,GPE,city,57,,Greece,False
Q199762,Balkanabat,balkanabat,city in Turkmenistan,GPE,city,57,139000.0,Turkmenistan,False
Q200231,Oise,oise,river in Belgium and France,LOC,river,57,,,False
Q193785,Mount Tabor,mount tabor,mountain in northern Israel traditionally believed to be the scene of the Transfiguration of Jesus,LOC,mountain,57,,,False
Q617511,Sněžka,sněžka,highest mountain of the Giant Mountains at the border of the Czech Republic and Poland,LOC,mountain,57,,,False
Q333476,Ségou,ségou,city in Mali,GPE,city,57,133501.0,Mali,False
Q193401,Cape Canaveral,cape canaveral,cape on the Atlantic coast of Florida in the United States,LOC,cape,57,,,False
Q841359,Kapuas River,kapuas river,"river in West Kalimantan, Indonesia",LOC,river,57,,,False
Q8542,Panj River,panj river,tributary of the Amu Darya,LOC,river,57,,,False
Q4111,Jiuzhaigou Valley,jiuzhaigou valley,nature reserve and national park in northern Sichuan. China,LOC,valley,56,,,False
Q193089,Europa Island,europa island,island in the Scattered Islands in the Indian Ocean,LOC,island,56,,,False
Q334738,Margarita Island,margarita island,"island in Nueva Esparta, Venezuela",LOC,island,56,,,False
Q328153,Damanhur,damanhur,city in Egypt,GPE,city,56,329572.0,Egypt,False
Q239580,Kitwe,kitwe,city in Zambia,GPE,city,56,625000.0,Zambia,False
Q193253,Molokaʻi,molokaʻi,"island in Maui and Kalawao counties in Hawaii, United States",LOC,island,56,,,True
Q14375,Lake Neuchâtel,lake neuchâtel,lake in Switzerland,LOC,lake,56,,,False
Q31493,Abovyan,abovyan,"town in the Kotayk Province, Armenia",GPE,city,56,,Armenia,False
Q47952,Salford,salford,"city in Greater Manchester, England, UK",GPE,city,56,103886.0,United Kingdom,False
Q476800,Lashkar Gah,lashkar gah,"capital of Helmand Province, Afghanistan",GPE,city,56,201546.0,Afghanistan,False
Q27447,Uddevalla,uddevalla,"urban area in Uddevalla Municipality, Sweden",GPE,city,56,,Sweden,False
Q207239,Kythira,kythira,Greek island in the Ionian Sea,LOC,island,56,,,False
Q15877,Izola,izola,historical harbor town in Slovenia,GPE,city,56,,Slovenia,False
Q13280,Cres,cres,island of Croatia,LOC,island,56,,,False
Q1828035,Lisburn,lisburn,city in Northern Ireland,GPE,city,56,,United Kingdom,False
Q949746,Cox's Bazar,coxs bazar,beach town in Bangladesh,GPE,city,56,167477.0,Bangladesh,False
Q15762,Abinsk,abinsk,"town in Krasnodar Krai, Russia",GPE,city,56,,Russia,False
Q147975,Zaria,zaria,"city and local government area in Kaduna, Nigeria",GPE,city,56,408198.0,Nigeria,False
Q128261,Carrollton,carrollton,"city in Denton, Dallas, and Collin counties in Texas, United States",GPE,city,56,133434.0,United States,False
Q208715,Monastir,monastir,Tunisian town,GPE,city,56,104535.0,Tunisia,False
Q464699,Bahir Dar,bahir dar,city in Ethiopia,GPE,city,56,243300.0,Ethiopia,False
Q323801,Nampula,nampula,city in Mozambique,GPE,city,56,743000.0,Mozambique,False
Q337519,Savai'i,savaii,island of Samoa,LOC,island,56,,,False
Q47138,Encarnación,encarnación,"city and municipality capital of Itapua, Paraguay",GPE,city,56,106842.0,Paraguay,False
Q838954,Sheberghan,sheberghan,capital city of the Jowzjan Province in northern Afghanistan,GPE,city,56,175599.0,Afghanistan,False
Q1261509,Druskininkai,druskininkai,spa town in Lithuania,GPE,city,56,,Lithuania,False
Q210870,Ufa,ufa,"river in Bashkiria, Chelyabinsk and Sverdlovsk Oblasts, Russia",LOC,river,56,,,False
Q649384,Elephanta Caves,elephanta caves,Shiva cave temples and UNESCO world heritage site on a Mumbai harbor island,LOC,cave,56,,,False
Q211230,Syros,syros,Greek island in the Cyclades,LOC,island,56,,,False
Q211285,Tinos,tinos,"island in the Cyclades, Greece",LOC,island,56,,,False
Q26271,Purus River,purus river,river in Brazil,LOC,river,56,,,False
Q213127,Ukmergė,ukmergė,city in Lithuania,GPE,city,56,,Lithuania,False
Q817578,Kuantan,kuantan,"state capital of Pahang, Malaysia",GPE,city,56,607778.0,Malaysia,False
Q188428,Bangka Island,bangka island,"island in Bangka Belitung Islands Province, Indonesia",LOC,island,56,,,False
Q685941,Mawlamyine,mawlamyine,city in Myanmar,GPE,city,56,289388.0,Myanmar,False
Q1140136,Ciudad de la Paz,ciudad de la paz,capital city of Equatorial Guinea,GPE,city,56,,Equatorial Guinea,False
Q472822,Grindavík,grindavík,town in Iceland,GPE,city,56,,Iceland,False
Q212795,Alazani,alazani,river in Georgia and Azerbaijan,LOC,river,56,,,False
Q1136189,Darbhanga,darbhanga,city,GPE,city,56,,India,False
Q637555,Montego Bay,montego bay,"capital of Saint James Parish, Jamaica",GPE,city,56,123994.0,Jamaica,False
Q672936,Rysy,rysy,border peak in the main ridge of the High Tatras,LOC,mountain,56,,,False
Q1134454,Coro,coro,capital of Falcón State and the oldest city in the west of Venezuela,GPE,city,56,265569.0,Venezuela,False
Q477148,Pul-e Khomri,pul-e khomri,city,GPE,city,56,113500.0,Afghanistan,False
Q471886,Hadera,hadera,"city in the Haifa District, Israel",GPE,city,56,,Israel,False
Q459600,Wagga Wagga,wagga wagga,"city in the state of New South Wales, Australia",GPE,city,56,,Australia,False
Q477238,Taloqan,taloqan,"city in Takhar Province, Afghanistan",GPE,city,56,258758.0,Afghanistan,False
Q249884,Saint-Pierre,saint-pierre,French commune in Réunion,GPE,city,56,,France,False
Q249994,Hsinchu City,hsinchu city,city in northern Taiwan,GPE,city,56,499348.0,Taiwan,False
Q192918,Sabratha,sabratha,city in Libya,GPE,city,56,102038.0,Libya,False
Q383434,Greater Sudbury,greater sudbury,"city and unitary authority in Ontario, Canada",GPE,city,56,166004.0,Canada,False
Q204096,Thasos,thasos,Greek island in north Aegean Sea,LOC,island,56,,,False
Q169175,Cabo da Roca,cabo da roca,cape,LOC,cape,55,,,False
Q212289,Palmerston North,palmerston north,city on the North Island in New Zealand,GPE,city,55,,New Zealand,False
Q139706,Panipat,panipat,city in India,GPE,city,55,,India,False
Q648902,Lake Bled,lake bled,lake in Slovenia,LOC,lake,55,,,False
Q237901,Tarim River,tarim river,river in the People's Republic of China,LOC,river,55,,,False
Q3636023,Vijayapura,vijayapura,"city in Karnataka, India",GPE,city,55,327427.0,India,False
Q658437,Imbros,imbros,island off the northwestern coast of Turkey,LOC,island,55,,,False
Q646498,Rivera,rivera,city in Uruguay,GPE,city,55,,Uruguay,False
Q52845,Konin,konin,city with powiat rights in the Greater Poland Voivodeship in central Poland,GPE,city,55,,Poland,False
Q215080,Machala,machala,"city in Ecuador, capital of the El Oro Province",GPE,city,55,288072.0,Ecuador,False
Q208367,Bosna,bosna,river in Bosnia and Herzegovina,LOC,river,55,,,False
Q323873,Trincomalee,trincomalee,city in Sri Lanka,GPE,city,55,,Sri Lanka,False
Q465698,Sigulda,sigulda,city in Latvia,GPE,city,55,,Latvia,False
Q309348,Khan Yunis,khan yunis,"City in Gaza Strip, State of Palestine",GPE,city,55,142637.0,Palestine,False
Q312759,Biskra,biskra,city in Algeria,GPE,city,55,204661.0,Algeria,False
Q206957,Serres,serres,"city in Central Macedonia, Greece",GPE,city,55,,Greece,False
Q192898,Selfoss,selfoss,city in Iceland,GPE,city,55,,Iceland,False
Q847285,Kunashir Island,kunashir island,island in South Kuril Islands,LOC,island,55,,,False
Q191087,Acheron,acheron,river of northwest Greece,LOC,river,55,,,False
Q126805,St. Catharines,st. catharines,"city in Ontario, Canada",GPE,city,55,136803.0,Canada,False
Q211873,Isle of Arran,isle of arran,"the largest island in the Firth of Clyde, Scotland",LOC,island,55,,,False
Q216664,Taman Peninsula,taman peninsula,peninsula,LOC,peninsula,55,,,False
Q853785,Soroca,soroca,Moldovan city situated on the Dniester river,GPE,city,55,,Moldova,False
Q501709,Jinja,jinja,"City in Jinja District, Eastern Region, Uganda",GPE,city,55,279184.0,Uganda,False
Q210161,Ambato,ambato,"city in Ecuador, capital of the Tungurahua Province",GPE,city,55,177316.0,Ecuador,False
Q126822,Olt River,olt river,river in Romania,LOC,river,55,,,False
Q335548,Mbeya,mbeya,city in Tanzania,GPE,city,55,,Tanzania,False
Q273456,Omo River,omo river,River in Ethiopia,LOC,river,55,,,False
Q152902,Tanga,tanga,city in Tanzania,GPE,city,55,224891.0,Tanzania,False
Q214916,Llullaillaco,llullaillaco,stratovolcano in Chile and Argentina,LOC,volcano,55,,,False
Q171840,Japurá River,japurá river,river in South America,LOC,river,55,,,False
Q1674067,Isla Grande de Tierra del Fuego,isla grande de tierra del fuego,island of Argentina and Chile,LOC,island,55,,,False
Q207470,Bijelo Polje,bijelo polje,city in Montenegro,GPE,city,55,,Montenegro,False
Q49192,Middletown,middletown,"city in Middlesex County, Connecticut, United States",GPE,city,55,,United States,False
Q956117,Zhmerynka,zhmerynka,city of Ukraine,GPE,city,55,,Ukraine,False
Q4789666,Kannur,kannur,"city in Kannur district in Kerala, India",GPE,city,55,,India,False
Q41684,Stewart Island/Rakiura,stewart island/rakiura,"New Zealand's third largest island, 30 km south of the South Island",LOC,island,55,,,False
Q214011,Kebnekaise,kebnekaise,Sweden's highest mountain,LOC,mountain,55,,,False
Q332762,Jengish Chokusu,jengish chokusu,highest mountain of the Kakshaal Too range and Kyrgyzstan,LOC,mountain,55,,,False
Q209341,Musala,musala,highest mountain of the Balkans in Bulgaria,LOC,mountain,55,,,False
Q14554,Minho River,minho river,river in Spain,LOC,river,55,,,False
Q217501,Pechora Sea,pechora sea,sea of the Arctic Ocean,LOC,sea,55,,,False
Q244509,Kigoma,kigoma,city in Tanzania,GPE,city,55,135234.0,Tanzania,False
Q223385,Cueva de las Manos,cueva de las manos,"cave with cave paintings in Santa Cruz, Argentina",LOC,cave,55,,,False
Q488266,Yamal Peninsula,yamal peninsula,peninsula in northwest Siberia,LOC,peninsula,55,,,False
Q156858,Struga,struga,city in North Macedonia,GPE,city,55,,North Macedonia,False
Q132043,Kulob,kulob,city in Tajikistan,GPE,city,55,105500.0,Tajikistan,False
Q205792,Tamanrasset,tamanrasset,"city and capital of Tamanrasset Province, Algeria",GPE,city,55,,Algeria,False
Q210636,Príncipe,príncipe,island off of the coast of Africa,LOC,island,55,,,False
Q504449,Chiloé Island,chiloé island,island of Chile,LOC,island,55,,,False
Q200709,Słubice,słubice,city of Poland,GPE,city,55,,Poland,False
Q243699,Rosetta,rosetta,city in Egypt,GPE,city,55,125778.0,Egypt,False
Q8011202,Trbovlje,trbovlje,town in Slovenia,GPE,city,55,,Slovenia,False
Q15883,Kamnik,kamnik,city in Slovenia,GPE,city,55,,Slovenia,False
Q34183,Barrie,barrie,"city in Ontario, Canada",GPE,city,55,147829.0,Canada,False
Q528432,Bamenda,bamenda,city in Cameroon,GPE,city,55,348766.0,Cameroon,False
Q842779,Maturín,maturín,"city in Monagas, Venezuela",GPE,city,55,753254.0,Venezuela,False
Q15312,Jungfrau,jungfrau,"one of the main summits of the Bernese Alps in Switzerland (4,158m / 13,642 ft)",LOC,mountain,55,,,False
Q504114,Guelph,guelph,"city in Ontario, Canada",GPE,city,55,143740.0,Canada,False
Q233124,São Tomé Island,são tomé island,largest island of São Tomé and Príncipe,LOC,island,55,,,False
Q374748,Jenin,jenin,city in the State of Palestine,GPE,city,55,,Palestine,False
Q115456,Shilka,shilka,"river in Zabaykalsky Krai, Russia",LOC,river,54,,,False
Q81213,Gerlachovský štít,gerlachovský štít,highest mountain of the High Tatras in Slovakia,LOC,mountain,54,,,False
Q60974,Ottawa River,ottawa river,"major river in Ontario and Quebec, Canada",LOC,river,54,,,False
Q459369,Franceville,franceville,"City in Gabon, West Africa",GPE,city,54,110568.0,Gabon,False
Q78861,Yana,yana,"river in Yakutia, Russia",LOC,river,54,,,False
Q60789,Adam's Peak,adams peak,mountain in Sri Lanka,LOC,mountain,54,,,False
Q5276,Altena,altena,"town in the district of Märkischer Kreis, North Rhine-Westphalia, Germany",GPE,city,54,,Germany,False
Q214651,Bandırma,bandırma,"district and town in Balıkesir, Turkey",GPE,city,54,154359.0,Turkey,False
Q202598,Váh,váh,river in Slovakia,LOC,river,54,,,False
Q208302,Siret River,siret river,river in Romania and Ukraine,LOC,river,54,,,False
Q152467,Bnei Brak,bnei brak,"city in the Tel Aviv District, Israel",GPE,city,54,193774.0,Israel,False
Q271030,Buru Island,buru island,"island in Maluku Province, Indonesia",LOC,island,54,,,False
Q270821,Baqubah,baqubah,capital of Iraq's Diyala Governorate,GPE,city,54,467900.0,Iraq,False
Q271044,Mahanadi,mahanadi,"river in Odisha, India",LOC,river,54,,,False
Q620452,Tongatapu,tongatapu,main island of Tonga,LOC,island,54,,,False
Q204365,Zinder,zinder,city in Niger,GPE,city,54,235605.0,Niger,False
Q193962,Bering Island,bering island,"Russian island in the Bering Sea, part of Commander Islands",LOC,island,54,,,False
Q3562943,Volnovakha,volnovakha,"city in Donetsk Oblast, Ukraine",GPE,city,54,,Ukraine,False
Q505707,Nias Island,nias island,"island in North Sumatra Province, Indonesia",LOC,island,54,,,False
Q738028,Libyan Sea,libyan sea,"sea, part of the Mediterranean Sea between Libya and Crete, Greece",LOC,sea,54,,,False
Q676778,Chefchaouen,chefchaouen,Moroccan city located in the Western Rif in the Akhmas region,GPE,city,54,,Morocco,False
Q394080,Beni Suef,beni suef,City in Egypt,GPE,city,54,294125.0,Egypt,False
Q849494,Gandaki River,gandaki river,"river in Nepal and India, tributary of Ganges",LOC,river,54,,,False
Q211306,Mljet,mljet,island of Croatia,LOC,island,54,,,False
Q204821,Île Saint-Paul,île saint-paul,island in the southern Indian Ocean,LOC,volcano,54,,,False
Q455963,Mount Apo,mount apo,highest mountain in the Philippines,LOC,mountain,54,,,False
Q621001,Malanje,malanje,city in Angola,GPE,city,54,604215.0,Angola,False
Q208926,Loch Lomond,loch lomond,"freshwater lake in Scotland, UK",LOC,lake,54,,,False
Q328510,Tindouf,tindouf,municipality of Algeria,GPE,city,54,,Algeria,False
Q209530,Vaal River,vaal river,river in South Africa,LOC,river,54,,,False
Q326917,Liaodong Peninsula,liaodong peninsula,peninsula,LOC,peninsula,54,,,False
Q244236,Qabala,qabala,city of Azerbaijan,GPE,city,54,,Azerbaijan,False
Q331764,Albury,albury,"city in New South Wales, Australia",GPE,city,54,,Australia,False
Q154897,Aabenraa,aabenraa,city in Denmark,GPE,city,54,,Denmark,False
Q13778,Catanduanes,catanduanes,province of the Philippines,LOC,island,54,,,False
Q223314,Qaanaaq,qaanaaq,"place in Greenland, Kingdom of Denmark",GPE,city,54,,Kingdom of Denmark,False
Q474708,Visayan Sea,visayan sea,sea in the Philippines,LOC,sea,54,,,False
Q41962,Aisne,aisne,"river in France, tributary of the Oise",LOC,river,54,,,False
Q10014,Kampen,kampen,town in the Netherlands,GPE,city,54,,Netherlands,False
Q206954,Kastoria,kastoria,"city in Macedonia, Greece",GPE,city,54,,Greece,False
Q207467,Trikala,trikala,"city of Thessaly, Greece",GPE,city,54,,Greece,False
Q747840,Barishal,barishal,city in Bangladesh,GPE,city,54,328278.0,Bangladesh,False
Q208009,Liffey,liffey,"river flowing through Dublin, Ireland",LOC,river,54,,,False
Q695221,Mount Abu,mount abu,hill station in Sirohi district of Rajasthan state in western India,LOC,mountain,54,,,False
Q41413,Ismoil Somoni Peak,ismoil somoni peak,"highest mountain of Akademiya Nauk Range, Pamir mountains, Tajikistan",LOC,mountain,54,,,False
Q4133,Nordhorn,nordhorn,"town in Lower Saxony, Germany",GPE,city,54,,Germany,False
Q6903267,Roosendaal,roosendaal,"city in de Brabantse gemeente Roosendaal, Nederland",GPE,city,54,,Netherlands,False
Q1240598,Ruhnu,ruhnu,island in Estonia,LOC,island,54,,,False
Q216171,Waal,waal,river in the Netherlands,LOC,river,54,,,False
Q27538,Susquehanna River,susquehanna river,river in the northeastern United States,LOC,river,54,,,False
Q221883,Kish Island,kish island,"island in Bandar Lengeh County, Iran",LOC,island,54,,,False
Q242497,Tremblay-en-France,tremblay-en-france,"French commune in Seine-Saint-Denis, Île-de-France",GPE,city,54,,France,False
Q318435,Detroit River,detroit river,river along the border between Michigan and Ontario,LOC,river,54,,,False
Q102469,Abaza,abaza,town in Russia,GPE,city,54,,Russia,False
Q507080,Ciudad Guayana,ciudad guayana,"city in Bolívar, Venezuela",GPE,city,54,751331.0,Venezuela,False
Q201341,Isère,isère,river in south-eastern France,LOC,river,54,,,False
Q6419912,Porbandar,porbandar,city in Gujarat,GPE,city,54,,India,False
Q496442,Ekibastuz,ekibastuz,town in Kazakhstan,GPE,city,54,159760.0,Kazakhstan,False
Q208573,Arta,arta,"city in Epirus, Greece",GPE,city,54,,Greece,False
Q269710,Fraser River,fraser river,"river in British Columbia, Canada",LOC,river,54,,,False
Q472621,Wieliczka,wieliczka,city of Poland,GPE,city,53,,Poland,False
Q211218,Aasiaat,aasiaat,town in Greenland,GPE,city,53,,Greenland,False
Q243859,Abiko,abiko,"city in Chiba Prefecture, Japan",GPE,city,53,130290.0,Japan,False
Q221921,Comodoro Rivadavia,comodoro rivadavia,"city in Chubut, Argentina",GPE,city,53,201854.0,Argentina,False
Q503262,River Tweed,river tweed,"river in the Border region in Scotland and northern England, UK, flows into the North Sea at Berwick Upon Tweed",LOC,river,53,,,False
Q216083,Dongting Lake,dongting lake,"large, shallow lake in northeastern Hunan province, China",LOC,lake,53,,,False
Q576368,Quneitra,quneitra,Quineitra is the largely destroyed and abandoned capital of the Quneitra Governorate in south-western Syria,GPE,city,53,,Syria,False
Q587085,Ilorin,ilorin,city in Nigeria,GPE,city,53,847582.0,Nigeria,False
Q115256,Taoyuan,taoyuan,city in Taiwan,GPE,city,53,2352683.0,Taiwan,False
Q583184,Antsirabe,antsirabe,city in Madagascar,GPE,city,53,265018.0,Madagascar,False
Q217466,Sakarya River,sakarya river,river in Turkey,LOC,river,53,,,False
Q30548,Hrazdan River,hrazdan river,river in Armenia,LOC,river,53,,,False
Q49544,Xingu River,xingu river,tributary river of the Amazon River in South America,LOC,river,53,,,False
Q191718,Berbera,berbera,city in the northwestern Berbera District of Somalia,GPE,city,53,263000.0,Somalia,False
Q320649,Cunene River,cunene river,river in Southern Africa,LOC,river,53,,,False
Q217457,Shkhara,shkhara,"highest mountain of Main Caucasus Range, Caucasus Mountains, Georgia and Russia",LOC,mountain,53,,,False
Q191635,Iguazu River,iguazu river,"river in Paraná, Brazil",LOC,river,53,,,False
Q9974,Weesp,weesp,town and former municipality in the Netherlands,GPE,city,53,,Netherlands,False
Q390232,Ghaghara River,ghaghara river,perennial trans-boundary river originating on the Tibetan Plateau near Lake Mansarovar,LOC,river,53,,,False
Q752348,Rabat,rabat,"capital of Gozo, an island of the Maltese archipelago",GPE,city,53,,Malta,False
Q208200,Berane,berane,town and municipality in northeastern Montenegro,GPE,city,53,,Montenegro,False
Q336969,Absheron peninsula,absheron peninsula,peninsula in the Caspian Sea,LOC,peninsula,53,,,False
Q471793,Rarotonga,rarotonga,island of the Cook Islands,LOC,island,53,,,False
Q464945,Poopó Lake,poopó lake,salt lake in Bolivia,LOC,lake,53,,,False
Q42763,Santiago de los Caballeros,santiago de los caballeros,city in the Dominican Republic,GPE,city,53,1343423.0,Dominican Republic,False
Q2794758,Djelfa,djelfa,"city in Djelfa Province, Algeria",GPE,city,53,265833.0,Algeria,False
Q238452,Arish,arish,city in Egypt,GPE,city,53,164830.0,Egypt,False
Q15639,Sant Feliu de Llobregat,sant feliu de llobregat,"municipality in Catalonia, Spain, in the province of Barcelona",GPE,city,53,,Spain,False
Q12825018,Colón City,colón city,sea port on the Caribbean Sea (Atlantic) coast of Panama,GPE,city,53,241817.0,Panama,False
Q336661,Qena,qena,city in Egypt,GPE,city,53,201191.0,Egypt,False
Q735628,Salento,salento,"peninsula in southeastern Italy which is a historical, geographical and cultural region",LOC,peninsula,53,,,False
Q52051,Tsushima Island,tsushima island,"island in Nagasaki, Japan",LOC,island,53,,,False
Q54766,Falkenberg,falkenberg,"urban area in Falkenberg Municipality, Sweden",GPE,city,53,,Sweden,False
Q2361576,Kashmir Valley,kashmir valley,"intermontane valley in Jammu and Kashmir, bounded on the southwest by the Pir Panjal Range and on the northeast by the main Himalayas",LOC,valley,53,,,False
Q212984,New Plymouth,new plymouth,city of New Zealand in Taranaki Region,GPE,city,53,,New Zealand,False
Q269960,Shobra Elkhema,shobra elkhema,Egyptian city north of Cairo,GPE,city,53,1025569.0,Egypt,False
Q854333,Tokmok,tokmok,city in Kyrgyzstan,GPE,city,53,,Kyrgyzstan,False
Q44243,San Luis,san luis,capital city of the San Luis Province in the Cuyo region of Argentina,GPE,city,53,206921.0,Argentina,False
Q112657,Peja,peja,city in Kosovo,GPE,city,53,,Serbia,False
Q55499,Tumen River,tumen river,"river in China, Russia and North Korea",LOC,river,53,,,False
Q1453196,Muzaffarpur,muzaffarpur,"city in Bihar state, India",GPE,city,53,333200.0,India,False
Q15243,Volkhov,volkhov,"river in Novgorod and Leningrad Oblasts, Russia",LOC,river,53,,,False
Q273,Islay,islay,"southernmost island of the Inner Hebrides in Argyll and Bute, Scotland, UK",LOC,island,53,,,False
Q820235,San Cristóbal,san cristóbal,city in Venezuela,GPE,city,53,285872.0,Venezuela,False
Q171847,Araguaia River,araguaia river,river in the Tocantins River Basin in Brazil,LOC,river,53,,,False
Q60055,Narew,narew,"river in Poland and Belarus, tributary of the Vistula river",LOC,river,53,,,False
Q647982,Guba,guba,city in Azerbaijan,GPE,city,53,,Azerbaijan,False
Q782845,Awash River,awash river,major river in Ethiopia,LOC,river,53,,,False
Q388108,Sohag,sohag,city in Egypt,GPE,city,53,193931.0,Egypt,False
Q845720,Sancti Spíritus,sancti spíritus,city and municipality in Cuba,GPE,city,53,138504.0,Cuba,False
Q845662,Machilipatnam,machilipatnam,"city in Krishna district, Andhra Pradesh, India",GPE,city,53,169892.0,India,False
Q391221,Barcelona,barcelona,"capital of Anzoátegui State, Venezuela",GPE,city,53,550122.0,Venezuela,False
Q261076,Margilan,margilan,"city in Fergana, Uzbekistan",GPE,city,53,215400.0,Uzbekistan,False
Q826068,Krosno,krosno,city with powiat rights of Poland,GPE,city,53,,Poland,False
Q134927,Mount Emei,mount emei,"mountain in Sichuan, China",LOC,mountain,53,,,False
Q934455,Ebola River,ebola river,river in Democratic Republic of the Congo,LOC,river,53,,,False
Q655754,Platte River,platte river,"river in Nebraska, United States",LOC,river,53,,,False
Q208566,Q208566,q208566,Greek island in the Aegean Sea,LOC,island,53,,,False
Q317145,Ozurgeti,ozurgeti,"city in Guria, Georgia",GPE,city,53,,Georgia,False
Q320519,Senaki,senaki,city in Georgia,GPE,city,53,,Georgia,False
Q318245,Choibalsan,choibalsan,city in Mongolia,GPE,city,53,,Mongolia,False
Q461307,Muzaffarabad,muzaffarabad,city in Azad Kashmir,GPE,city,53,,Pakistan,False
Q463384,Bulqizë,bulqizë,town of Albania,GPE,city,52,,Albania,False
Q322149,Eldoret,eldoret,Town in Kenya,GPE,city,52,289380.0,Kenya,False
Q31565,Jerash,jerash,city in Jordan,GPE,city,52,,Jordan,False
Q159467,Iller,iller,"right tributary of Danube in Baden-Württemberg, Germany",LOC,river,52,,,False
Q207350,Rehovot,rehovot,"city in the Central District of Israel, south of Tel Aviv",GPE,city,52,132671.0,Israel,False
Q203942,Galdhøpiggen,galdhøpiggen,"mountain in Lom, Oppland, Norway",LOC,mountain,52,,,False
Q102682,Abdulino,abdulino,town in Russia,GPE,city,52,,Russia,False
Q527748,Koror,koror,city and former capital of Palau,GPE,city,52,,Palau,False
Q158526,Monte Titano,monte titano,mountain,LOC,mountain,52,,,False
Q52437,Murano,murano,"series of islands in the Venetian Lagoon, Italy",LOC,island,52,,,False
Q5460,Stellenbosch,stellenbosch,"town in the Western Cape, South Africa",GPE,city,52,,South Africa,False
Q853258,Puerto Vallarta,puerto vallarta,"municipal seat of Puerto Vallarta, State of Jalisco, Mexico",GPE,city,52,224166.0,Mexico,False
Q216488,San,san,river in Poland and Ukraine,LOC,river,52,,,False
Q213248,Tirunelveli,tirunelveli,"city in Tamil Nadu, South India",GPE,city,52,411298.0,India,False
Q842869,Barda,barda,city in Azerbaijan,GPE,city,52,,Azerbaijan,False
Q249996,Keelung,keelung,provincial-level city and the northernmost city in Taiwan,GPE,city,52,360429.0,Taiwan,False
Q387396,"Świdnica [Schweidnitz], Lower Silesian Voivodeship",świdnica schweidnitz lower silesian voivodeship,city and urban gmina of Poland,GPE,city,52,,Poland,False
Q16258,Maldonado,maldonado,city in Uruguay,GPE,city,52,,Uruguay,False
Q204200,Cavern of the Patriarchs,cavern of the patriarchs,series of caves located in the heart of the old city of Hebron,LOC,cave,52,,,False
Q609024,Gilgit,gilgit,"city in Gilgit-Baltistan, Pakistan",GPE,city,52,,Pakistan,False
Q175617,Obluchye,obluchye,town in Russia,GPE,city,52,,Russia,False
Q310117,Minya,minya,city in Middle Egypt,GPE,city,52,236043.0,Egypt,False
Q208664,Pemba Island,pemba island,"island in Zanzibar, Tanzania",LOC,island,52,,,False
Q594834,Sibuyan Sea,sibuyan sea,sea in the Philippines,LOC,sea,52,,,False
Q213975,Drin,drin,"river in Albania, Kosovo, and North Macedonia",LOC,river,52,,,False
Q793809,Huaraz,huaraz,"city in Ancash, Peru",GPE,city,52,118836.0,Peru,False
Q327733,Vanua Levu,vanua levu,second largest island in Fiji,LOC,island,52,,,False
Q328030,Kut,kut,city in eastern Iraq,GPE,city,52,377600.0,Iraq,False
Q459848,Kosrae,kosrae,island in Federated States of Micronesia,LOC,island,52,,,False
Q37104,Alajuela,alajuela,"district in Alajuela canton, and city of Alajuela province, Costa Rica",GPE,city,52,,Costa Rica,False
Q868631,Sukkur,sukkur,"city in Sindh, Pakistan",GPE,city,52,499900.0,Pakistan,False
Q203462,Ilmen,ilmen,"lake in Novgorod Oblast, Russia",LOC,lake,52,,,False
Q153972,Saar,saar,river in France and Germany,LOC,river,52,,,False
Q203811,Lake Skadar,lake skadar,lake on the border of Albania and Montenegro,LOC,lake,52,,,False
Q630805,Panjakent,panjakent,city in Tajikistan,GPE,city,52,,Tajikistan,False
Q213576,Huai River,huai river,major river in Northern China,LOC,river,52,,,False
Q233351,Nevado del Ruiz,nevado del ruiz,volcanic mountain in Colombia,LOC,volcano,52,,,False
Q158488,Piekary Śląskie,piekary śląskie,City with powiat rights of Poland,GPE,city,52,,Poland,False
Q217071,Pucallpa,pucallpa,"capital city of Ucayali, Peru",GPE,city,52,326040.0,Peru,False
Q504215,Ayacucho,ayacucho,"capital city of Ayacucho, Peru",GPE,city,52,216444.0,Peru,False
Q461287,Ostrołęka,ostrołęka,city with powiat rights of Poland,GPE,city,52,,Poland,False
Q270569,Pilcomayo River,pilcomayo river,river of South America,LOC,river,52,,,False
Q500888,Akhalkalaki,akhalkalaki,city in Georgia,GPE,city,52,,Georgia,False
Q211343,Pljevlja,pljevlja,city in Montenegro,GPE,city,52,,Montenegro,False
Q206942,Lough Neagh,lough neagh,large lake in Northern Ireland,LOC,lake,52,,,False
Q198650,Lodève,lodève,"commune in Hérault, Occitania, France",GPE,city,52,,France,False
Q152436,Kfar Saba,kfar saba,"city in the Central District of Israel, in the Sharon region",GPE,city,52,100800.0,Israel,False
Q111444,Isle of Mull,isle of mull,second-largest Inner Hebrides island (after Skye) off the west coast of Scotland,LOC,island,52,,,False
Q152449,Beit Shemesh,beit shemesh,city in Israel,GPE,city,52,118700.0,Israel,False
Q65383,Vychegda,vychegda,"river in Komi and Arkhangelsk Oblast, Russia",LOC,river,52,,,False
Q216993,Ios,ios,Greek island,LOC,island,52,,,False
Q152661,Salzach,salzach,river in Austria and Germany,LOC,river,52,,,False
Q192540,Streymoy,streymoy,island in the Faroe Islands,LOC,island,52,,,False
Q335575,Sacramento River,sacramento river,"river in Northern and Central California, United States",LOC,river,52,,,False
Q207675,Vágar,vágar,island in the Faroe Islands,LOC,island,52,,,False
Q329266,Crater Lake,crater lake,caldera lake in south-central Oregon and main feature of Crater Lake National Park,LOC,lake,52,,,False
Q463529,Cotentin Peninsula,cotentin peninsula,peninsula,LOC,peninsula,52,,,False
Q9824,Erode,erode,"Village in Erode District, Tamil Nadu, India",GPE,city,52,151184.0,India,False
Q27452,Frederikshavn,frederikshavn,"town in northeast Jutland, Denmark",GPE,city,52,,Denmark,False
Q503433,Jbel Toubkal,jbel toubkal,Mountain in Morocco,LOC,mountain,52,,,False
Q108448,Santiago,santiago,largest and most populous island of Cape Verde,LOC,island,52,,,False
Q379656,Saint Vincent,saint vincent,island of Saint Vincent and the Grenadines,LOC,island,52,,,False
Q478031,Batken,batken,city in Kyrgyzstan,GPE,city,52,,Kyrgyzstan,False
Q214535,Glomma,glomma,river in Norway,LOC,river,52,,,False
Q219117,Zomba,zomba,city in the southern parts of Malawi,GPE,city,52,101140.0,Malawi,False
Q209528,Mulhacén,mulhacén,highest mountain of the Sierra Nevada in Spain,LOC,mountain,52,,,False
Q207677,Vaygach Island,vaygach island,island,LOC,island,52,,,False
Q276537,Borgarnes,borgarnes,town in Iceland,GPE,city,52,,Iceland,False
Q335478,Marib,marib,"City in Marib Governorate, Yemen",GPE,city,52,,Yemen,False
Q33428,Vinh,vinh,provincial city in Vietnam,GPE,city,52,490000.0,Vietnam,False
Q1778301,Muhu,muhu,island in Estonia,LOC,island,52,,,False
Q207284,Mount Ruapehu,mount ruapehu,"active stratovolcano in central North Island, New Zealand",LOC,volcano,52,,,False
Q207366,Adour,adour,river in France,LOC,river,52,,,False
Q735905,Falster,falster,island in south-eastern Denmark,LOC,island,52,,,False
Q460222,Ulhasnagar,ulhasnagar,a suburb of Mumbai,GPE,city,52,506098.0,India,False
Q40194,Mazatlán,mazatlán,"city in Sinaloa, Mexico",GPE,city,52,501441.0,Mexico,False
Q695631,Los Teques,los teques,city in Venezuela,GPE,city,52,332725.0,Venezuela,False
Q1741199,Kihnu,kihnu,island in Estonia,LOC,island,52,,,False
Q695623,Barinas,barinas,city in Venezuela,GPE,city,52,873962.0,Venezuela,False
Q152368,Beit She'an,beit shean,Ancient city and modern regional center in the Northern District of Israel,GPE,city,52,,Israel,False
Q111989,Sal,sal,island of Cape Verde,LOC,island,51,,,False
Q321279,Ittoqqortoormiit,ittoqqortoormiit,settlement in Greenland,GPE,city,51,,Greenland,False
Q3873,Coronel,coronel,Chilean city,GPE,city,51,116262.0,Chile,False
Q534409,Keren,keren,city in Eritrea,GPE,city,51,146500.0,Eritrea,False
Q846502,Kuala Terengganu,kuala terengganu,"state capital of Terengganu, Malaysia",GPE,city,51,255109.0,Malaysia,False
Q193229,Visoko,visoko,city in central Bosnia and Herzegovina,GPE,city,51,,Bosnia and Herzegovina,False
Q191146,Peñón de Vélez de la Gomera,peñón de vélez de la gomera,Spanish peninsula claimed by Morocco,LOC,island,51,,,False
Q31572,Al-Karak,al-karak,city in Jordan,GPE,city,51,,Jordan,False
Q319729,Urayasu,urayasu,"city in Chiba Prefecture, Japan",GPE,city,51,169749.0,Japan,False
Q208493,Lys,lys,"river in France and Belgium, and a left tributary of the Scheldt",LOC,river,51,,,False
Q216835,Cap-Haïtien,cap-haïtien,city in Haiti,GPE,city,51,190289.0,Haiti,False
Q505935,Gough Island,gough island,island in the South Atlantic,LOC,island,51,,,False
Q572380,Jizzakh,jizzakh,City in Uzbekistan,GPE,city,51,163200.0,Uzbekistan,False
Q1003496,Eluru,eluru,"city in Elur district, Andhra Pradesh, India",GPE,city,51,203780.0,India,False
Q156439,Reichenau Island,reichenau island,island in Germany,LOC,island,51,,,False
Q270734,Broken Hill,broken hill,"town in New South Wales, Australia",GPE,city,51,,Australia,False
Q270535,Tkvarcheli,tkvarcheli,city in Georgia,GPE,city,51,,Georgia,False
Q2126436,Ras al-Khaimah,ras al-khaimah,"capital of Ras al-Khaimah, UAE",GPE,city,51,115949.0,United Arab Emirates,False
Q503469,Cahul,cahul,city in Moldova,GPE,city,51,,Moldova,False
Q211089,Great Menderes River,great menderes river,river in Turkey,LOC,river,51,,,False
Q456842,Ambrolauri,ambrolauri,city,GPE,city,51,,Georgia,False
Q868203,Osogbo,osogbo,"city and local government area in Osun State, Nigeria",GPE,city,51,731000.0,Nigeria,False
Q15648,Lake Iseo,lake iseo,"fourth largest lake in Lombardy, Italy",LOC,lake,51,,,False
Q750021,Ogooué River,ogooué river,river,LOC,river,51,,,False
Q204127,Struma,struma,river in Bulgaria and Greece,LOC,river,51,,,False
Q241074,Rocas Atoll,rocas atoll,Atoll in the Atlantic belonging to Brazil,LOC,island,51,,,False
Q378821,Inowrocław,inowrocław,city in north-central Poland,GPE,city,51,,Poland,False
Q815721,Nysa,nysa,city of Poland,GPE,city,51,,Poland,False
Q200939,Eysturoy,eysturoy,island,LOC,island,51,,,False
Q20119933,Cozumel Island,cozumel island,"island in Quintana Roo, Mexico",LOC,island,51,,,False
Q202023,Herm,herm,"One of the Channel Islands. Part of the Bailiwick of Guernsey, which is one of the British Crown Dependencies.",LOC,island,51,,,False
Q212096,Kastellorizo,kastellorizo,"island of Dodecanese, Greece",LOC,island,51,,,False
Q266896,Astara,astara,city in Azerbaijan,GPE,city,51,,Azerbaijan,False
Q737624,Vieques,vieques,island-municipality in Puerto Rico,LOC,island,51,,,False
Q840712,Ica,ica,"city of Peru, capital of Ica region",GPE,city,51,282407.0,Peru,False
Q932901,Khashuri,khashuri,city in Georgia,GPE,city,51,,Georgia,False
Q210811,Pico Island,pico island,Portuguese island in Azores archipelago,LOC,island,51,,,False
Q474651,Gjakova,gjakova,City in Kosovo,GPE,city,51,,Kosovo,False
Q638704,Béchar,béchar,"city and capital of Béchar Province, Algeria",GPE,city,51,165627.0,Algeria,False
Q14453,Egilsstaðir,egilsstaðir,town in Iceland,GPE,city,51,,Iceland,False
Q213146,Prince Patrick Island,prince patrick island,"island in the Northwest Territories, Canada",LOC,island,51,,,False
Q1137202,South Georgia,south georgia,island in the South Atlantic,LOC,island,51,,,False
Q16978,Krymsk,krymsk,"town in Krasnodar Krai, Russia",GPE,city,51,,Russia,False
Q500275,Yushan Main Peak,yushan main peak,highest mountain in Taiwan,LOC,mountain,51,,,False
Q207193,Skellig Michael,skellig michael,"UNESCO heritage island off coast of Kerry, Ireland",LOC,island,51,,,False
Q34180,Brantford,brantford,"city in Ontario, Canada",GPE,city,51,104688.0,Canada,False
Q946143,Sighnaghi,sighnaghi,human settlement in Georgia,GPE,city,51,,Georgia,False
Q696605,Larkana,larkana,"city in Sindh, Pakistan",GPE,city,51,490508.0,Pakistan,False
Q49152,Cape Cod,cape cod,"peninsula in Massachusetts, United States",LOC,peninsula,51,,,False
Q306201,Devils Tower,devils tower,"mountain near Moorcroft, Wyoming, United States",LOC,mountain,51,,,False
Q217524,Enns,enns,river in Austria,LOC,river,51,,,False
Q685344,Khabur River,khabur river,river in Syria and Turkey,LOC,river,51,,,False
Q210220,Zeya,zeya,"river in Amur Oblast, Russia",LOC,river,51,,,False
Q337530,Sarh,sarh,city in Chad,GPE,city,51,108061.0,Chad,False
Q143246,King William Island,king william island,"island in Nunavut, Canada",LOC,island,51,,,False
Q181544,Ilha da Queimada Grande,ilha da queimada grande,Brazilian island,LOC,island,51,,,False
Q207493,Mureș River,mureș river,river in Eastern Europe,LOC,river,51,,,False
Q14372,Doubs,doubs,river in Switzerland and France,LOC,river,51,,,False
Q977255,Plungė,plungė,city in Lithuania,GPE,city,51,,Lithuania,False
Q117526,Juruá River,juruá river,river in Brazil & Peru,LOC,river,51,,,False
Q214109,Kea,kea,"island in the Cyclades, Greece",LOC,island,51,,,False
Q208081,Aneto,aneto,highest mountain of the Pyrenees,LOC,mountain,51,,,False
Q208587,Amorgos,amorgos,Greek island in the Cyclades,LOC,island,51,,,False
Q217443,Chiatura,chiatura,human settlement,GPE,city,51,,Georgia,False
Q140712,Lake Tai,lake tai,"lake in Jiangsu and Zhejiang, China",LOC,lake,51,,,False
Q612250,Lae,lae,city in Papua New Guinea,GPE,city,51,100677.0,Papua New Guinea,False
Q379759,Henderson Island,henderson island,"atoll in the Pitcairn Islands, British Overseas Territories",LOC,island,51,,,False
Q605483,Kędzierzyn-Koźle,kędzierzyn-koźle,"city in Opole Voivodeship, Poland",GPE,city,50,,Poland,False
Q707056,Tapti River,tapti river,river in India,LOC,river,50,,,False
Q609649,Guliston,guliston,city in Uzbekistan,GPE,city,50,,Uzbekistan,False
Q309355,Kikinda,kikinda,city in Serbia,GPE,city,50,,Serbia,False
Q30996,El Alto,el alto,second-largest city in Bolivia,GPE,city,50,842378.0,Bolivia,False
Q300577,Vellore,vellore,"city in Tamil Nadu, India",GPE,city,50,484690.0,India,False
Q157915,Garoua,garoua,city in Cameroon,GPE,city,50,1750000.0,Cameroon,False
Q495730,Manzini,manzini,city in Eswatini,GPE,city,50,110508.0,Eswatini,False
Q213782,Putumayo River,putumayo river,tributary of the Amazon in South America,LOC,river,50,,,False
Q41562,Thoothukudi,thoothukudi,"city in Tamil Nadu, India",GPE,city,50,,India,False
Q216902,Kabwe,kabwe,city in central province of Zambia,GPE,city,50,299206.0,Zambia,False
Q182913,Grímsvötn,grímsvötn,volcano in Iceland,LOC,volcano,50,,,False
Q217214,Serifos,serifos,Greek island,LOC,island,50,,,False
Q765887,Özgön,özgön,city in Kyrgyzstan,GPE,city,50,,Kyrgyzstan,False
Q44016,Markham,markham,"city in the Greater Toronto Area, Ontario, Canada",GPE,city,50,338503.0,Canada,False
Q214811,Argeș River,argeș river,Romanian river,LOC,river,50,,,False
Q664550,Maradi,maradi,city in Niger,GPE,city,50,267249.0,Niger,False
Q840427,Myrtoan Sea,myrtoan sea,"sea southeast of Peloponnese, Greece",LOC,sea,50,,,False
Q393829,Marsa Matruh,marsa matruh,"city in Matruh Governorate, Egypt",GPE,city,50,108774.0,Egypt,False
Q237034,Juan de Nova Island,juan de nova island,island in the Scattered Islands in the Indian Ocean,LOC,island,50,,,False
Q817247,Dwarka,dwarka,temple town in Devbhoomi Dwarka district in the Gujarat state in India,GPE,city,50,,India,False
Q393171,Żory,żory,city with powiat rights of Poland,GPE,city,50,,Poland,False
Q822679,Garowe,garowe,"capital city of the Puntland, Somalia",GPE,city,50,,Somalia,False
Q650495,Cape Dezhnyov,cape dezhnyov,easternmost point of the Asian continent,LOC,cape,50,,,False
Q513727,Samtredia,samtredia,city in Georgia,GPE,city,50,,Georgia,False
Q515117,Margao,margao,second largest city in Goa,GPE,city,50,,India,False
Q1788115,Kretinga,kretinga,"city in Samogitia, Lithuania",GPE,city,50,,Lithuania,False
Q833016,Tacuarembó,tacuarembó,town in Uruguay,GPE,city,50,,Uruguay,False
Q656189,Ensenada,ensenada,"municipal seat of Ensenada, State of Baja California, Mexico",GPE,city,50,557430.0,Mexico,False
Q211817,Bozcaada,bozcaada,island off the northwestern coast of Turkey,LOC,island,50,,,False
Q610,Iona,iona,"island off the west coast of Scotland, UK",LOC,island,50,,,False
Q8526,Vakhsh River,vakhsh river,"major river of Kyrgyzstan & Tajikistan in Central Asia, a tributary of the Amu Darya",LOC,river,50,,,False
Q261243,Dmanisi,dmanisi,town and archaeological site in Dmanisi Municipality in Georgia,GPE,city,50,,Georgia,False
Q26155,Jounieh,jounieh,city in Lebanon,GPE,city,50,102221.0,Lebanon,False
Q867586,Salt,salt,city in Jordan,GPE,city,50,,Jordan,False
Q849561,Chlef,chlef,city in Algeria,GPE,city,50,155134.0,Algeria,False
Q203767,Vis,vis,island of Croatia,LOC,island,50,,,False
Q213898,Preveza,preveza,"city of Epirus, Greece",GPE,city,50,,Greece,False
Q54743,Alingsås,alingsås,"urban area in Alingsås Municipality, Sweden",GPE,city,50,,Sweden,False
Q211516,Võrtsjärv,võrtsjärv,lake in Estonia,LOC,lake,50,,,False
Q26799,Olenyok,olenyok,"river in Yakutia, Russia",LOC,river,50,,,False
Q862041,Paro,paro,city in Bhutan,GPE,city,50,,Bhutan,False
Q366010,Amarah,amarah,city in Iraq,GPE,city,50,511500.0,Iraq,False
Q372920,Puerto Ayacucho,puerto ayacucho,city,GPE,city,50,130000.0,Venezuela,False
Q373059,Żywiec,żywiec,city and gmina the Silesian Voivodeship,GPE,city,50,,Poland,False
Q351427,Adama,adama,human settlement in Ethiopia,GPE,city,50,324000.0,Ethiopia,False
Q345204,Dakhla,dakhla,city in Western Sahara,GPE,city,50,165463.0,Morocco,False
Q21178,Næstved,næstved,town on the island of Zealand in Denmark,GPE,city,50,,Denmark,False
Q231167,Zaltan,zaltan,Coastal city in western Libya,GPE,city,50,,Libya,False
Q1125242,Meghna River,meghna river,river in Bangladesh,LOC,river,50,,,False
Q187063,Lanai,lanai,"island in Hawaii, USA",LOC,island,50,,,False
Q210296,Xanthi,xanthi,"city in Thrace, Greece",GPE,city,50,,Greece,False
Q580533,Gwadar,gwadar,"port city in Balochistan, Pakistan",GPE,city,50,,Pakistan,False
Q27524,Langeland,langeland,Danish island,LOC,island,50,,,False
Q28061,Quebrada de Humahuaca,quebrada de humahuaca,valley in Argentina,LOC,valley,50,,,False
Q209978,Edessa,edessa,"city in Macedonia, Greece",GPE,city,50,,Greece,False
Q2734,Skierniewice,skierniewice,city in central Poland,GPE,city,50,,Poland,False
Q209064,Mont Ventoux,mont ventoux,mountain in southern France,LOC,mountain,50,,,False
Q209784,Pag,pag,island of Croatia,LOC,island,50,,,False
Q593193,Burhanpur,burhanpur,"city in Madhya Pradesh, India",GPE,city,50,,India,False
Q207927,Berezina River,berezina river,river in Belarus,LOC,river,50,,,False
Q724367,Belukha Mountain,belukha mountain,mountain in Russia,LOC,mountain,50,,,False
Q725591,Mount Bazardüzü,mount bazardüzü,highest mountain of Azerbaijan and southernmost point of Russia,LOC,mountain,50,,,False
Q930773,Padma River,padma river,major river in Bangladesh,LOC,river,50,,,False
Q319476,Cumaná,cumaná,"capital city of Sucre, Venezuela",GPE,city,50,374706.0,Venezuela,False
Q216373,River Tyne,river tyne,river in North East England,LOC,river,50,,,False
Q461922,Bidar,bidar,"city in Karnataka, India",GPE,city,50,172298.0,India,False
Q463165,Sault Ste. Marie,sault ste. marie,"city in Ontario, Canada",GPE,city,50,,Canada,False
Q374772,Yellowstone River,yellowstone river,"tributary of the Missouri River in North Dakota, Montana, and Wyoming in the United States",LOC,river,50,,,False
Q994514,Rangpur,rangpur,city in Bangladesh,GPE,city,50,294265.0,Bangladesh,False
Q744239,Whangārei,whangārei,city in New Zealand,GPE,city,49,,New Zealand,False
Q970130,Argentine Sea,argentine sea,sea,LOC,sea,49,,,False
Q302268,Afrin,afrin,City and District in Syria,GPE,city,49,,Syria,False
Q30620,Limón,limón,"district in Limón canton, and city of Limón province, Costa Rica",GPE,city,49,,Costa Rica,False
Q214894,Timiș River,timiș river,"tributary of Danube, Romania, Serbia",LOC,river,49,,,False
Q214779,Kemijoki,kemijoki,"river of Lapland region, Finland",LOC,river,49,,,False
Q138491,Jubba River,jubba river,river in Somalia,LOC,river,49,,,False
Q117615,Mamoré River,mamoré river,river in Bolivia & Brazil,LOC,river,49,,,False
Q3314,Eider,eider,"river in Schleswig-Holstein, Germany",LOC,river,49,,,False
Q23070,Sneek,sneek,"town in Súdwest-Fryslân, Netherlands",GPE,city,49,,Netherlands,False
Q214646,Dâmbovița River,dâmbovița river,river in Romania,LOC,river,49,,,False
Q312818,Mount Scopus,mount scopus,"mountain in Jerusalem, Israel",LOC,mountain,49,,,False
Q429063,Ballary,ballary,"city in Karnataka, India",GPE,city,49,,India,False
Q944697,Loja,loja,"city in Ecuador, capital of the Loja Province",GPE,city,49,203496.0,Ecuador,False
Q207928,Gauja,gauja,river in Latvia and Estonia,LOC,river,49,,,False
Q1146939,Manbij,manbij,"city in Aleppo Governorate, Syria",GPE,city,49,,Syria,False
Q34986,Trinidad,trinidad,city in Bolivia,GPE,city,49,124357.0,Bolivia,False
Q217142,Snowdon,snowdon,highest mountain in Wales,LOC,mountain,49,,,False
Q21184,Køge,køge,town in Denmark,GPE,city,49,,Denmark,False
Q217805,Iskar,iskar,river in Bulgaria,LOC,river,49,,,False
Q343973,İnegöl,i̇negöl,"district and town in Bursa Province, Turkey",GPE,city,49,281384.0,Turkey,False
Q285468,Hashima Island,hashima island,"abandoned island lying about 15 kilometres (9 miles) from the city of Nagasaki, in southern Japan. Abandoned concrete buildings and the surrounding sea wall.",LOC,island,49,,,False
Q21179,Sønderborg,sønderborg,town in Denmark,GPE,city,49,,Denmark,False
Q782278,Nafpaktos,nafpaktos,town in Greece,GPE,city,49,,Greece,False
Q704371,Mackay,mackay,"city in Queensland, Australia",GPE,city,49,,Australia,False
Q216941,Xi River,xi river,"river in Guangdong, China",LOC,river,49,,,False
Q44013,Vaughan,vaughan,"city in Ontario, Canada",GPE,city,49,323103.0,Canada,False
Q763015,Navoiy,navoiy,town in Uzbekistan,GPE,city,49,134100.0,Uzbekistan,False
Q209899,Ross Island,ross island,Antarctic volcanic island dependency of New Zealand,LOC,island,49,,,False
Q755763,Jijiga,jijiga,city,GPE,city,49,125876.0,Ethiopia,False
Q755765,Hawaasa,hawaasa,city in Ethiopia,GPE,city,49,300100.0,Ethiopia,False
Q21158,North Jutlandic Island,north jutlandic island,the northernmost part of Denmark and of Jutland,LOC,island,49,,,False
Q200935,Huascarán,huascarán,mountain in the Peruvian province of Yungay,LOC,mountain,49,,,False
Q820972,Tadjoura,tadjoura,city,GPE,city,49,,Djibouti,False
Q1266637,Dibrugarh,dibrugarh,city,GPE,city,49,154019.0,India,False
Q215378,Emajõgi,emajõgi,river in Estonia flowing into Lake Peipus,LOC,river,49,,,False
Q821321,Dongola,dongola,capital of the state of Northern in Sudan,GPE,city,49,,Sudan,False
Q1866604,Livingstone,livingstone,city in Zambia,GPE,city,49,177393.0,Zambia,False
Q842411,Faizabad,faizabad,"city in Uttar Pradesh, India",GPE,city,49,165228.0,India,False
Q215727,Iturup,iturup,largest of the Kuril Islands,LOC,island,49,,,False
Q312723,El Mahalla El Kubra,el mahalla el kubra,City in Egypt,GPE,city,49,592573.0,Egypt,False
Q457261,Redonda,redonda,island in Antigua and Barbuda,LOC,island,49,,,False
Q426555,Fogo,fogo,only island of Cape Verde with an active volcano,LOC,island,49,,,False
Q695265,Hormuz Island,hormuz island,"island in Bandar Abbas County, Iran",LOC,island,49,,,True
Q30951,Jalgaon,jalgaon,"city in northern Maharashtra, India; administrative headquarters of the Jalgaon district",GPE,city,49,460468.0,India,False
Q604283,Coffs Harbour,coffs harbour,"city in New South Wales, Australia",GPE,city,49,,Australia,False
Q695610,Kosi River,kosi river,"River in China, Nepal and India",LOC,river,49,,,False
Q752674,Tapajós River,tapajós river,"river in Pará, Brazil",LOC,river,49,,,False
Q22883,Engadin,engadin,long valley in the Swiss Alps,LOC,valley,49,,,False
Q220601,Bassas da India,bassas da india,island in the Scattered Islands in the Indian Ocean,LOC,island,49,,,False
Q2216,Athabasca River,athabasca river,Canadian river in Alberta province,LOC,river,49,,,False
Q800122,Bago,bago,"capital city of Bago Region, Myanmar",GPE,city,49,284179.0,Myanmar,False
Q799808,Bafoussam,bafoussam,city,GPE,city,49,480000.0,Cameroon,False
Q1741475,Kilwa Kisiwani,kilwa kisiwani,island in Tanzania,LOC,island,49,,,False
Q15865,Domžale,domžale,city in Slovenia,GPE,city,49,,Slovenia,False
Q1772825,Hisar,hisar,"city in Haryana, India",GPE,city,49,307024.0,India,False
Q6434,Fulda,fulda,"head river of the Weser in Hesse, Germany",LOC,river,49,,,False
Q211328,Great Morava,great morava,river in Serbia,LOC,river,49,,,False
Q272380,Lake Managua,lake managua,"also known as Lake Xolotlán, is a large freshwater lake in the Nicaraguan Depression near Managua and several volcanoes",LOC,lake,49,,,True
Q152872,Ball's Pyramid,balls pyramid,an island and an erosional remnant of a shield volcano southeast of Lord Howe Island in the Pacific,LOC,island,49,,,False
Q284604,Kłodzko,kłodzko,city and urban gmina of Poland,GPE,city,49,,Poland,False
Q605544,Halabja,halabja,city in Iraqi Kurdistan,GPE,city,49,,Iraq,False
Q208267,Sambre,sambre,"river in France and Belgium, mouth in Meuse river",LOC,river,49,,,False
Q3403,Dufourspitze,dufourspitze,highest mountain of Switzerland,LOC,mountain,49,,,False
Q837325,Cape Chelyuskin,cape chelyuskin,cape,LOC,cape,49,,,False
Q215238,Abancay,abancay,"capital city of Apurímac, Peru",GPE,city,49,,Peru,False
Q26361,Podkamennaya Tunguska,podkamennaya tunguska,"river in Krasnoyarsk Krai and Irkutsk Oblast, Russia",LOC,river,49,,,False
Q237099,Orkhon River,orkhon river,river in Mongolia,LOC,river,49,,,False
Q180333,Foča,foča,town in Bosnia and Herzegovina,GPE,city,49,,Bosnia and Herzegovina,False
Q212219,Somerset Island,somerset island,"island in Nunavut, Canada",LOC,island,49,,,False
Q849524,Mostaganem,mostaganem,"city in Mostaganem Province, Algeria",GPE,city,49,145696.0,Algeria,False
Q399316,Gweru,gweru,city in Zimbabwe,GPE,city,49,141260.0,Zimbabwe,False
Q651294,Namtso,namtso,"lake in Nagqu, Tibet, China",LOC,lake,49,,,False
Q259929,Wandel Sea,wandel sea,body of water in the Arctic Ocean from northeast of Greenland to Svalbard,LOC,sea,49,,,False
Q26068,Vitim,vitim,"river in eastern Siberia, Russia",LOC,river,49,,,False
Q206161,Mount Herzl,mount herzl,site of Israel's national cemetery in Jerusalem,LOC,mountain,49,,,False
Q212841,Drama,drama,city in northeastern Greece,GPE,city,49,,Greece,False
Q859376,Volcán de Fuego,volcán de fuego,volcano in Guatemala,LOC,volcano,49,,,False
Q126804,Mount Erciyes,mount erciyes,volcano in Turkey,LOC,volcano,49,,,False
Q1006303,Mymensingh,mymensingh,City in Bangladesh,GPE,city,48,258040.0,Bangladesh,False
Q137203,Sandakan,sandakan,"city in Sabah, Borneo, Malaysia",GPE,city,48,396290.0,Malaysia,False
Q936510,Istaravshan,istaravshan,city in Tajikistan,GPE,city,48,,Tajikistan,False
Q236673,Gali,gali,city in Georgia,GPE,city,48,,Georgia,False
Q333946,Siachen Glacier,siachen glacier,glacier located in the eastern Karakoram range in the Himalayas,LOC,glacier,48,,,False
Q467419,Vetluga,vetluga,"river in Kirov, Kostroma, and Nizhny Novgorod Oblasts, Russia",LOC,river,48,,,False
Q565568,Tiaret,tiaret,city in Algeria,GPE,city,48,178915.0,Algeria,False
Q336966,Benha,benha,city in Egypt,GPE,city,48,157701.0,Egypt,False
Q318686,Radviliškis,radviliškis,city in Lithuania,GPE,city,48,,Lithuania,False
Q476313,Dykh-Tau,dykh-tau,mountain in Greater Caucasus,LOC,mountain,48,,,False
Q475802,Zaranj,zaranj,city in Afghanistan,GPE,city,48,,Afghanistan,False
Q30687,Puntarenas,puntarenas,city in Costa Rica,GPE,city,48,,Costa Rica,False
Q310772,Mukalla,mukalla,"City in Hadhramaut Governorate, Yemen",GPE,city,48,144137.0,Yemen,False
Q332628,Lake Nyos,lake nyos,crater lake in the Northwest Region of Cameroon,LOC,lake,48,,,False
Q311204,Al-Fashir,al-fashir,"capital city of North Darfur, Sudan",GPE,city,48,286277.0,Sudan,False
Q1391243,D'Urville Sea,durville sea,sea,LOC,sea,48,,,False
Q805876,Balykchy,balykchy,city in Kyrgyzstan,GPE,city,48,,Kyrgyzstan,False
Q213230,Hron,hron,river in Slovakia,LOC,river,48,,,False
Q213188,Kunta Kinteh Island,kunta kinteh island,island in Gambia,LOC,island,48,,,False
Q216363,Rîbnița,rîbnița,city in Moldova,GPE,city,48,,Moldova,False
Q798382,Bhuj,bhuj,city in Gujarat,GPE,city,48,,India,False
Q213895,Gavdos,gavdos,island in Greece,LOC,island,48,,,False
Q213462,Piave,piave,river in Italy,LOC,river,48,,,False
Q217818,IJssel,ijssel,branch of the Rhine in the Netherlands,LOC,river,48,,,False
Q272593,Nevado Sajama,nevado sajama,mountain,LOC,mountain,48,,,False
Q270787,Kismayo,kismayo,port city in the southern Lower Juba province of Somalia and capital of Jubaland,GPE,city,48,166667.0,Somalia,False
Q652376,Ratlam,ratlam,city in India,GPE,city,48,273892.0,India,False
Q271901,Banaba Island,banaba island,island in the Pacific Ocean,LOC,island,48,,,False
Q269205,Tutuila,tutuila,largest island in American Samoa,LOC,island,48,,,False
Q712567,Artigas,artigas,"capital of the Artigas Department, Uruguay",GPE,city,48,,Uruguay,False
Q19695,River Wye,river wye,river in Wales and England,LOC,river,48,,,False
Q500552,Uniejów,uniejów,city of Poland,GPE,city,48,,Poland,False
Q870844,Sentosa,sentosa,island off the south coast of the main island of Singapore,LOC,island,48,,,False
Q111509,Jura,jura,"island in the Inner Hebrides of Scotland, UK",LOC,island,48,,,False
Q756774,Olkhon Island,olkhon island,island in Lake Baikal in eastern Siberia,LOC,island,48,,,False
Q760153,Bharuch,bharuch,"city in Gujarat state, India",GPE,city,48,158253.0,India,False
Q912579,Korab,korab,mountain in North Macedonia and Albania,LOC,mountain,48,,,False
Q618643,Luena,luena,"town in Moxico Province, Angola",GPE,city,48,357413.0,Angola,False
Q502379,Lantau Island,lantau island,largest island in Hong Kong,LOC,island,48,,,False
Q1683958,Madaba,madaba,"city in Madaba Governorate, Jordan",GPE,city,48,,Jordan,False
Q495547,Mindelo,mindelo,second largest city of Cape Verde,GPE,city,48,,Cape Verde,False
Q220049,Malakal,malakal,city in South Sudan,GPE,city,48,147450.0,South Sudan,False
Q575033,Anticosti Island,anticosti island,"island in Quebec, Canada",LOC,island,48,,,False
Q18207676,Sihanoukville,sihanoukville,"city in Preah Sihanouk Province, Cambodia",GPE,city,48,,Cambodia,False
Q638407,St. Lawrence Island,st. lawrence island,"island in Nome Census Area, Alaska, United States",LOC,island,48,,,False
Q423831,Akure,akure,capital of Ondo State in Nigeria,GPE,city,48,847903.0,Nigeria,False
Q504373,Awaji Island,awaji island,Seto Inland Sea Island,LOC,island,48,,,False
Q626031,Esna,esna,city in Egypt,GPE,city,48,,Egypt,False
Q581379,Gulu City,gulu city,city in Uganda,GPE,city,48,177400.0,Uganda,False
Q3047,Saskatchewan River,saskatchewan river,river in Canada,LOC,river,48,,,False
Q770336,Marneuli,marneuli,city in Georgia,GPE,city,48,,Georgia,False
Q234208,Tromelin Island,tromelin island,island in the Scattered Islands in the Indian Ocean,LOC,island,48,,,False
Q851576,Nyala,nyala,capital of state of South Darfur in the south-west of Sudan,GPE,city,48,492984.0,Sudan,False
Q852469,Ouargla,ouargla,"city and capital of Ouargla Province, Algeria",GPE,city,48,133024.0,Algeria,False
Q864024,Ponce,ponce,city and municipality in the southern part of Puerto Rico,GPE,city,48,137491.0,United States,False
Q743970,Filfla,filfla,uninhabited island in Malta,LOC,island,48,,,False
Q205244,Kizhi,kizhi,island in Russia,LOC,island,48,,,False
Q36796,Munger,munger,"City in Bihar, India",GPE,city,48,,India,False
Q156715,Königssee,königssee,"lake in Schönau am Königsee, Bavaria, Germany",LOC,lake,48,,,False
Q855997,Sargodha,sargodha,"city in Punjab, Pakistan",GPE,city,48,659862.0,Pakistan,False
Q201722,Veria,veria,"town in Macedonia, Greece",GPE,city,48,,Greece,False
Q651195,Naryn River,naryn river,"river in Kyrgyzstan, a tributary of the Syr Darya",LOC,river,48,,,False
Q650654,Archipelago Sea,archipelago sea,part of the Baltic Sea,LOC,sea,48,,,False
Q824594,Nador,nador,Moroccan town located in the Eastern Rif in the Iqel'iyen (Imazouzen) region,GPE,city,48,161726.0,Morocco,False
Q13277,Rab,rab,island of Croatia,LOC,island,48,,,False
Q746524,Moldoveanu Peak,moldoveanu peak,highest mountain in Romania,LOC,mountain,48,,,False
Q647417,Mohammedia,mohammedia,city in Morocco,GPE,city,48,194358.0,Morocco,False
Q649527,Samara,samara,"river in Russia, tributary of the Volga",LOC,river,48,,,False
Q739687,Hooghly River,hooghly river,"river in West Bengal, India",LOC,river,48,,,False
Q844091,Calabar,calabar,city in Nigeria,GPE,city,48,179392.0,Nigeria,False
Q239743,Niʻihau,niʻihau,"island in Hawaii, United States of America",LOC,island,48,,,False
Q131615,Lake Starnberg,lake starnberg,"lake in Bavaria, Germany",LOC,lake,48,,,False
Q391626,Šilutė,šilutė,city in Lithuania,GPE,city,48,,Lithuania,False
Q216188,Tom,tom,"river in Khakassia, Kemerovo Oblast, and Tomsk Oblast, Russia",LOC,river,48,,,False
Q836527,Tiruppur,tiruppur,"city in Tamil Nadu, India",GPE,city,48,,India,False
Q215074,Terceira Island,terceira island,island in the Azores archipelago,LOC,island,48,,,False
Q605160,Kamëz,kamëz,city in Albania,GPE,city,48,,Albania,False
Q456415,Litani River,litani river,river in Lebanon,LOC,river,48,,,False
Q337524,Espiritu Santo,espiritu santo,largest island in the nation of Vanuatu,LOC,island,48,,,False
Q606162,Rockhampton,rockhampton,"city in Queensland, Australia",GPE,city,48,,Australia,False
Q4015,Reuss,reuss,river in Switzerland,LOC,river,47,,,False
Q208337,Koltur,koltur,island of the Faroe Islands,LOC,island,47,,,False
Q606288,Port Augusta,port augusta,city in South Australia,GPE,city,47,,Australia,False
Q1000883,Lachin,lachin,"city in Azerbaijan, administrative center of the Lachin District",GPE,city,47,,Azerbaijan,False
Q738748,Sittwe,sittwe,city in Myanmar,GPE,city,47,100748.0,Myanmar,False
Q4168,Loreley,loreley,rock on the eastern bank of the River Rhine in Germany,LOC,mountain,47,,,False
Q2088176,Kargil,kargil,city in the Indian union territory of Ladakh,GPE,city,47,,India,False
Q1453180,Rohtak,rohtak,city in Haryana,GPE,city,47,374292.0,India,False
Q818824,Maroua,maroua,capital of the Far North Region of Cameroon,GPE,city,47,201371.0,Cameroon,False
Q169532,Land's End,lands end,"cape in Cornwall, England, UK",LOC,cape,47,,,False
Q844192,Sveti Stefan,sveti stefan,town and island in Montenegro,LOC,island,47,,,False
Q149955,Esmeraldas,esmeraldas,"city in Ecuador, capital of the Esmeraldas Province",GPE,city,47,155487.0,Ecuador,False
Q162084,Chystiakove,chystiakove,"city in Chystiakove Hromada, Horlivka Raion, Donetsk Oblast, Ukraine",GPE,city,47,,Ukraine,False
Q161945,Torrent,torrent,"municipality and city in Valencia, Spain",GPE,city,47,,Spain,False
Q201914,Katla,katla,volcano in Iceland,LOC,volcano,47,,,False
Q816845,Irapuato,irapuato,"municipal seat of Irapuato, State of Guanajuato, Mexico",GPE,city,47,592953.0,Mexico,False
Q16525,Mönch,mönch,mountain in the Bernese Alps,LOC,mountain,47,,,False
Q203950,Cape Trafalgar,cape trafalgar,"headland in Spain, site of the Battle of Trafalgar",LOC,cape,47,,,False
Q826112,Punakha,punakha,city in Bhutan,GPE,city,47,,Bhutan,False
Q842806,Guelmim,guelmim,city in Morocco,GPE,city,47,126729.0,Morocco,False
Q659817,Leitha,leitha,river in Austria and Hungary,LOC,river,47,,,False
Q746787,Ol Doinyo Lengai,ol doinyo lengai,mountain in Tanzania,LOC,mountain,47,,,False
Q212029,Sifnos,sifnos,"island of Cyclades, Aegean Sea, Greece",LOC,island,47,,,False
Q645725,Bhiwandi,bhiwandi,Big City Located In thane Dist.,GPE,city,47,709665.0,India,False
Q849470,Yarmouk River,yarmouk river,river,LOC,river,47,,,False
Q1637471,Vidisha,vidisha,city,GPE,city,47,155959.0,India,False
Q844914,Mercedes,mercedes,city in Uruguay,GPE,city,47,,Uruguay,False
Q34218,Burlington,burlington,"city in Halton Region, Ontario, Canada",GPE,city,47,186948.0,Canada,False
Q4045,Fujairah,fujairah,capital of the Emirate of Fujairah,GPE,city,47,,United Arab Emirates,False
Q504394,Huánuco,huánuco,"capital city of Huánuco, Peru",GPE,city,47,196627.0,Peru,False
Q524206,Chu River,chu river,river in Kyrgyzstan and Kazakhstan,LOC,river,47,,,False
Q213067,Svir,svir,"river in Leningrad Oblast, Russia",LOC,river,47,,,False
Q120314,Mount Wutai,mount wutai,"mountain in Shanxi, China",LOC,mountain,47,,,False
Q2220,Peace River,peace river,"river in Alberta and British Columbia, Canada",LOC,river,47,,,False
Q1062370,Myitkyina,myitkyina,"capital city of Kachin State, Myanmar",GPE,city,47,243031.0,Myanmar,False
Q650720,Bolshevik Island,bolshevik island,island in Russia,LOC,island,47,,,False
Q399322,Mutare,mutare,city in Zimbabwe,GPE,city,47,224804.0,Zimbabwe,False
Q558093,Gehenna,gehenna,small valley located in Jerusalem,LOC,valley,47,,,False
Q509739,Butare,butare,city in Rwanda,GPE,city,47,,Rwanda,False
Q126712,Vrbas,vrbas,river in Bosnia and Herzegovina,LOC,river,47,,,False
Q853945,Dindigul,dindigul,"city in Tamil Nadu, India",GPE,city,47,207327.0,India,False
Q15855,Bovec,bovec,city in Slovenia,GPE,city,47,,Slovenia,False
Q1061269,Palawan,palawan,island in the Philippines,LOC,island,47,,,False
Q203169,Montecristo,montecristo,island in the Tyrrhenian Sea,LOC,island,47,,,False
Q622841,Ghardaia,ghardaia,"City and capital of Ghardaïa Province, Algeria",GPE,city,47,120000.0,Algeria,False
Q68467,Lake Champlain,lake champlain,"lake in New York, Vermont and Quebec",LOC,lake,47,,,False
Q1693963,Rokiškis,rokiškis,city in northeastern Lithuania,GPE,city,47,,Lithuania,False
Q461426,Lošinj,lošinj,island of Croatia,LOC,island,47,,,False
Q207421,Tungurahua volcano,tungurahua volcano,volcano in Ecuador,LOC,mountain,47,,,False
Q593156,Farah,farah,"capital of Farah Province, Afghanistan",GPE,city,47,,Afghanistan,False
Q325124,Aleksandrów Kujawski,aleksandrów kujawski,city and urban gmina of Poland,GPE,city,47,,Poland,False
Q724484,M'zab,mzab,"Valley in the north of Algerian Sahara, in the Ghardaïa province",LOC,valley,47,,,False
Q464904,Yinxu,yinxu,archeological site of the last capital of China's Shang dynasty,GPE,city,47,,People's Republic of China,False
Q739808,Gjilan,gjilan,city in Kosovo,GPE,city,47,,Kosovo,False
Q745906,Ngaoundéré,ngaoundéré,city in Cameroon,GPE,city,47,189800.0,Cameroon,False
Q133476,Kamchatka River,kamchatka river,"river in Kamchatka, Russia",LOC,river,47,,,False
Q329422,Robinson Crusoe Island,robinson crusoe island,island of Chile,LOC,island,47,,,False
Q216621,Lake Zaysan,lake zaysan,lake in eastern Kazakhstan,LOC,lake,47,,,False
Q622616,Mount Lu,mount lu,mountain in central China,LOC,mountain,47,,,False
Q589911,Essequibo River,essequibo river,major river in northern South America,LOC,river,47,,,False
Q706105,Dubbo,dubbo,"city in New South Wales, Australia",GPE,city,47,,Australia,False
Q423258,Orhei,orhei,"city in Moldova, seat of Orhei District",GPE,city,47,,Moldova,False
Q641020,Kherlen River,kherlen river,river in Asia,LOC,river,47,,,False
Q709319,Bathinda,bathinda,"headquarter and city in Bathinda District, Punjab, India",GPE,city,47,285813.0,India,False
Q218768,Rabaul,rabaul,"township in East New Britain, Papua New Guinea",GPE,city,47,,Papua New Guinea,False
Q7332301,Unguja,unguja,island in Tanzania,LOC,island,47,,,False
Q673400,Moorea,moorea,island in French Polynesia,LOC,island,47,,,False
Q504388,Enguri,enguri,river in Georgia,LOC,river,47,,,False
Q506938,Corcovado,corcovado,"mountain in Rio de Janeiro, Brazil, known for the Christ Statue",LOC,mountain,47,,,False
Q509321,Davis Sea,davis sea,sea along the coast of East Antarctica,LOC,sea,47,,,False
Q738986,Seym,seym,river in Russia and Ukraine,LOC,river,47,,,False
Q270627,Colorado River,colorado river,river in Argentina,LOC,river,47,,,False
Q35004,Tarija,tarija,city of Bolivia,GPE,city,47,179528.0,Bolivia,False
Q202776,Ziguinchor,ziguinchor,city and regional capital in Senegal,GPE,city,47,205294.0,Senegal,False
Q214212,Kardítsa,kardítsa,"city in western Thessaly, Greece",GPE,city,47,,Greece,False
Q52439,Burano,burano,"island in the Venetian Lagoon, Italy",LOC,island,47,,,False
Q1514176,Mount Yamantau,mount yamantau,"mountain in the Ural Mountains, Bashkortostan, Russia",LOC,mountain,47,,,False
Q110440,Boa Vista,boa vista,easternmost island of Cape Verde,LOC,island,47,,,False
Q157795,Druzhkivka,druzhkivka,city of Ukraine,GPE,city,47,,Ukraine,False
Q328846,Nuevo Laredo,nuevo laredo,"city in the Municipality of Nuevo Laredo, México",GPE,city,47,384033.0,Mexico,False
Q49148,Martha's Vineyard,marthas vineyard,"island south of Cape Cod, Massachusetts, United States",LOC,island,47,,,False
Q27678,Holstebro,holstebro,"town in Holstebro Municipality, Denmark",GPE,city,47,,Denmark,False
Q1990163,Narayanganj,narayanganj,human settlement in Bangladesh,GPE,city,47,,Bangladesh,False
Q580973,Orange,orange,"city in New South Wales, Australia",GPE,city,47,,Australia,False
Q207374,Nordaustlandet,nordaustlandet,island in the Svalbard archipelago,LOC,island,47,,,False
Q216889,Cap-Vert,cap-vert,peninsula in Senegal,LOC,peninsula,47,,,False
Q501253,Hai River,hai river,river in the People's Republic of China,LOC,river,47,,,False
Q497321,Linosa,linosa,island near Italy,LOC,island,47,,,False
Q202170,Borðoy,borðoy,island in the Faroe Islands,LOC,island,46,,,False
Q379063,Thracian Sea,thracian sea,northeastern part of the Aegean Sea,LOC,sea,46,,,False
Q1452991,Firozabad,firozabad,"city in Firozabad district, Uttar Pradesh, India",GPE,city,46,,India,False
Q215397,Venta,venta,river in Latvia and Lithuania,LOC,river,46,,,False
Q208345,Tortuga,tortuga,Caribbean island that forms part of Haiti,LOC,island,46,,,False
Q847606,Nagercoil,nagercoil,"city in Kanyakumari district, Tamil Nadu, India",GPE,city,46,,India,False
Q212051,Mývatn,mývatn,lake,LOC,lake,46,,,False
Q1971511,Damodar River,damodar river,river in India,LOC,river,46,,,False
Q15890,Lendava,lendava,town in Slovenia,GPE,city,46,,Slovenia,False
Q648391,Kotelny Island,kotelny island,"island in Anzhu Islands, Russia",LOC,island,46,,,False
Q827640,Tumbes,tumbes,"city of Peru, capital of Tumbes region",GPE,city,46,,Peru,False
Q16648,Monte San Giorgio,monte san giorgio,mountain,LOC,mountain,46,,,False
Q1643630,Kalbajar,kalbajar,"city in Azerbaijan, administrative centre of the Kalbajar District",GPE,city,46,,Azerbaijan,False
Q842472,Florida,florida,"city in Florida Department, Uruguay",GPE,city,46,,Uruguay,False
Q821023,Peqin,peqin,town in Albania,GPE,city,46,,Albania,False
Q845868,Taymyr,taymyr,"lake in Krasnoyarsk Krai, Russia",LOC,lake,46,,,False
Q1315012,Snæfellsjökull,snæfellsjökull,mountain in Iceland,LOC,volcano,46,,,False
Q754718,Durance,durance,major river in southeastern France,LOC,river,46,,,False
Q6424,Werra,werra,river in central Germany,LOC,river,46,,,False
Q686813,Kassala,kassala,capital of the state of Kassala in Sudan,GPE,city,46,536009.0,Sudan,False
Q582922,Grand-Bassam,grand-bassam,city of côte d'ivoire,GPE,city,46,124567.0,Ivory Coast,False
Q206928,Lítla Dímun,lítla dímun,island,LOC,island,46,,,False
Q271733,Moshi,moshi,city in Tanzania,GPE,city,46,144739.0,Tanzania,False
Q501027,Zeravshan,zeravshan,river in Uzbekistan and Tajikistan,LOC,river,46,,,False
Q244652,Phrae,phrae,province in northern Thailand,GPE,city,46,437350.0,Thailand,False
Q213704,Pico Bolívar,pico bolívar,mountain,LOC,mountain,46,,,False
Q827604,Tortola,tortola,island in British Virgin Islands,LOC,island,46,,,False
Q502216,Mzuzu,mzuzu,city in Malawi,GPE,city,46,150100.0,Malawi,False
Q155277,Tlaquepaque,tlaquepaque,"municipal seat of Tlaquepaque, State of Jalisco, Mexico",GPE,city,46,650123.0,Mexico,False
Q505847,Salina,salina,island north of Sicily,LOC,island,46,,,False
Q639674,Banfora,banfora,city in Burkina Faso,GPE,city,46,117200.0,Burkina Faso,False
Q1025475,Jaunpur,jaunpur,"city in Uttar Pradesh, India",GPE,city,46,180362.0,India,False
Q679590,Mount Bromo,mount bromo,"Active volcano in East Java, Indonesia",LOC,mountain,46,,,False
Q681389,Hans Island,hans island,"island off the coast of Ellesmere Island, belonging to Canada and Denmark",LOC,island,46,,,False
Q210309,Suðuroy,suðuroy,island,LOC,island,46,,,False
Q210396,Amager,amager,island in the Øresund,LOC,island,46,,,False
Q527809,Kalymnos,kalymnos,Greek island,LOC,island,46,,,False
Q518431,Chimbote,chimbote,"city in Ancash, Peru",GPE,city,46,395100.0,Peru,False
Q5606,Hel Peninsula,hel peninsula,sand bar peninsula in northern Poland,LOC,peninsula,46,,,False
Q822815,Ulaangom,ulaangom,capital of Uvs Province in Mongolia,GPE,city,46,,Mongolia,False
Q855235,Boracay,boracay,island in the Philippines,LOC,island,46,,,False
Q1060631,Chambal River,chambal river,river in India,LOC,river,46,,,False
Q8553,Marghab River,marghab river,river in Central Asia,LOC,river,46,,,False
Q856662,Lautoka,lautoka,"city in Ba Province, Fiji",GPE,city,46,,Fiji,False
Q694939,Al Diwaniyah,al diwaniyah,city in Iraq,GPE,city,46,391600.0,Iraq,False
Q260386,Valley of the Queens,valley of the queens,ancient Egyptian necropolis,LOC,valley,46,,,False
Q121551,Jhelum,jhelum,"city in Punjab, Pakistan",GPE,city,46,,Pakistan,False
Q542966,Angren,angren,city in Uzbekistan,GPE,city,46,126962.0,Uzbekistan,False
Q224086,Kahoolawe,kahoolawe,"island in Maui County, Hawaii",LOC,island,46,,,False
Q211195,Plav,plav,city in Montenegro,GPE,city,46,,Montenegro,False
Q217372,October Revolution Island,october revolution island,"island in Severnaya Zemlya, Russia",LOC,island,46,,,False
Q941980,Tkibuli,tkibuli,human settlement,GPE,city,46,,Georgia,False
Q946384,Ibarra,ibarra,"city in Ecuador, capital of the Imbabura Province",GPE,city,46,157941.0,Ecuador,False
Q217126,Yantra,yantra,river in Bulgaria,LOC,river,46,,,False
Q213967,Yonne,yonne,river in France,LOC,river,46,,,False
Q217109,Teletskoe,teletskoe,"lake in Altai Republic, Russia",LOC,lake,46,,,False
Q2308046,Sparta,sparta,"modern town in Laconia, Greece, near the site of ancient Sparta",GPE,city,46,,Greece,False
Q1032254,Pangong Tso,pangong tso,soda lake in the Himalayas,LOC,lake,46,,,False
Q325652,Tinian,tinian,"Pacific island, part of the Northern Mariana Islands, United States",LOC,island,46,,,False
Q757133,Chachapoyas,chachapoyas,"city in Amazonas, Peru",GPE,city,46,,Peru,False
Q704978,Bathurst,bathurst,"city in New South Wales, Australia",GPE,city,46,,Australia,False
Q642481,Saint Croix,saint croix,one of the main islands of the Virgin Islands of the United States,LOC,island,46,,,False
Q736668,Shkumbin,shkumbin,river in Albania,LOC,river,46,,,False
Q503368,Carrauntoohil,carrauntoohil,highest mountain in Ireland,LOC,mountain,46,,,False
Q115382,Bayamo,bayamo,"capital city of Granma Province, Cuba",GPE,city,46,235107.0,Cuba,False
Q334771,Belitung Island,belitung island,"island in Bangka Belitung Islands Province, Indonesia",LOC,island,46,,,False
Q463937,Saint Thomas,saint thomas,one of the main islands of the United States Virgin Islands,LOC,island,46,,,False
Q207376,Iron Gate,iron gate,gorge on the river Danube in Romania,LOC,valley,46,,,False
Q81503,Aoös,aoös,river in Greece and Albania,LOC,river,46,,,False
Q726751,Varadero,varadero,"resort town in Matanzas province, Cuba",GPE,city,46,,Cuba,False
Q216950,Abakan,abakan,"river in Khakassia, Russia",LOC,river,46,,,False
Q214748,Göta älv,göta älv,"river in Sweden; with the Klarälven, the longest river system in the Nordic countries",LOC,river,46,,,False
Q170732,Maun,maun,town in Botswana,GPE,city,46,,Botswana,False
Q330618,Taedong River,taedong river,river in North Korea,LOC,river,46,,,False
Q958621,Chaghcharan,chaghcharan,city,GPE,city,46,,Afghanistan,False
Q815462,Pärnu River,pärnu river,river in Estonia,LOC,river,46,,,False
Q946194,Lake Ritsa,lake ritsa,lake in Georgia,LOC,lake,46,,,False
Q333483,Ternate Island,ternate island,"island in Ternate City, North Maluku Province, Indonesia",LOC,island,46,,,False
Q112031,São Vicente,são vicente,island of Cape Verde,LOC,island,46,,,False
Q377802,Arwad,arwad,island in Syria,LOC,island,46,,,False
Q216422,Samsø,samsø,island in Denmark,LOC,island,46,,,False
Q990738,Manta,manta,"city of Manabí Province, Ecuador",GPE,city,46,258697.0,Ecuador,False
Q233467,Gisborne,gisborne,city in New Zealand,GPE,city,46,,New Zealand,False
Q995,Appingedam,appingedam,"city and former municipality in Eemsdelta, Netherlands",GPE,city,46,,Netherlands,False
Q303160,Upernavik,upernavik,town in Greenland,GPE,city,45,,Greenland,False
Q606335,Mount Isa,mount isa,"city in Queensland, Australia",GPE,city,45,,Australia,False
Q82187,Anabar,anabar,"river in Yakutia, Russia",LOC,river,45,,,False
Q82175,Khatanga,khatanga,"river in Krasnoyarsk Krai, Russia",LOC,river,45,,,False
Q112232,Santo Antão,santo antão,second largest island of Cape Verde,LOC,island,45,,,False
Q588587,Arrah,arrah,"Arrah is a city and a municipal corporation in Bhojpur district in the state of Bihar, India",GPE,city,45,,India,False
Q1009276,Trelew,trelew,city in Argentina,GPE,city,45,106796.0,Argentina,False
Q12506955,Tidore Island,tidore island,"island in Tidore Islands City, North Maluku Province, Indonesia",LOC,island,45,,,False
Q141915,Shebelle River,shebelle river,river in the Horn of Africa,LOC,river,45,,,False
Q39578,Qormi,qormi,"city in Southern Region, Malta",GPE,city,45,,Malta,False
Q838587,Lenin Peak,lenin peak,mountain on the Kyrgyzstan–Tajikistan border,LOC,mountain,45,,,False
Q1020776,Cabo San Lucas,cabo san lucas,"town in Los Cabos Municipality, State of Baja California Sur, Mexico",GPE,city,45,202694.0,Mexico,False
Q1018167,Dawei,dawei,city in Myanmar,GPE,city,45,146964.0,Myanmar,False
Q142604,Beni River,beni river,river in Bolivia,LOC,river,45,,,False
Q431347,Rădăuți,rădăuți,"city in Suceava County, Romania",GPE,city,45,,Romania,False
Q499019,Jebel Barkal,jebel barkal,mountain,LOC,mountain,45,,,False
Q1048219,Waikato River,waikato river,longest river in New Zealand,LOC,river,45,,,False
Q226221,Lido di Venezia,lido di venezia,"sandbar island located on Laguna Veneta near Venice, Italy",LOC,island,45,,,False
Q12556970,Klyazma,klyazma,"river in Moscow, Vladimir, Ivanovo, and Nizhny Novgorod Oblasts, Russia",LOC,river,45,,,False
Q5611,Pregolya,pregolya,"river in Kaliningrad Oblast, Russia",LOC,river,45,,,False
Q41473,Nizamabad,nizamabad,"city in Nizamabad district, Telangana, India",GPE,city,45,311152.0,India,False
Q18612,Segura,segura,river in Spain,LOC,river,45,,,False
Q26358,Olyokma,olyokma,"river in Siberia, Russia",LOC,river,45,,,False
Q235062,Galeras,galeras,volcanic mountain in Colombia,LOC,volcano,45,,,False
Q541435,Puerto Maldonado,puerto maldonado,"capital city of Madre de Dios, Peru",GPE,city,45,,Peru,False
Q595542,Mandurah,mandurah,city in Western Australia,GPE,city,45,,Australia,False
Q850602,Hira,hira,cave,LOC,cave,45,,,False
Q21185,Hjørring,hjørring,town in Denmark,GPE,city,45,,Denmark,False
Q207136,Þjórsá,þjórsá,river in Iceland,LOC,river,45,,,False
Q215395,Lielupe,lielupe,river in Latvia,LOC,river,45,,,False
Q791652,Avachinsky,avachinsky,mountain,LOC,volcano,45,,,False
Q18772,Librazhd,librazhd,town in Albania,GPE,city,45,,Albania,False
Q486636,Draa River,draa river,river in Morocco,LOC,river,45,,,False
Q642109,Khyrdalan,khyrdalan,city in Azerbaijan,GPE,city,45,100900.0,Azerbaijan,False
Q533410,Kasos,kasos,island of Greece,LOC,island,45,,,False
Q861194,Chandrapur,chandrapur,city in Maharashtra,GPE,city,45,,India,False
Q873405,La Guaira,la guaira,"city in Vargas state, Venezuela",GPE,city,45,203520.0,Venezuela,False
Q858306,Shandong Peninsula,shandong peninsula,peninsula in Eastern China,LOC,peninsula,45,,,False
Q270500,Al-Muharraq,al-muharraq,city; former capital of Kingdom of Bahrain,GPE,city,45,176583.0,Bahrain,False
Q217449,Val d'Orcia,val dorcia,valley and cultural landscape in central Italy; a World Heritage site,LOC,valley,45,,,False
Q1075566,Taunggyi,taunggyi,"capital city of Shan State, Myanmar",GPE,city,45,264804.0,Myanmar,False
Q182892,Polessk,polessk,town in Russia,GPE,city,45,,Russia,False
Q214551,Brenta,brenta,river in Italy,LOC,river,45,,,False
Q212209,Mjøsa,mjøsa,lake in Norway,LOC,lake,45,,,False
Q746861,Babeldaob,babeldaob,island in Palau,LOC,island,45,,,False
Q653420,Bolnisi,bolnisi,city in Georgia,GPE,city,45,,Georgia,False
Q211046,Kupa,kupa,river in Croatia and Slovenia,LOC,river,45,,,False
Q668616,Negombo,negombo,city in Sri Lanka,GPE,city,45,142136.0,Sri Lanka,False
Q639408,Waterloo,waterloo,"city in Ontario, Canada",GPE,city,45,121436.0,Canada,False
Q212027,Skopelos,skopelos,"inhabited island in the Sporades, Greece",LOC,island,45,,,False
Q849292,Pedro Juan Caballero,pedro juan caballero,"city and departmental capital of Amambay, Paraguay",GPE,city,45,127437.0,Paraguay,False
Q984575,Tébessa,tébessa,"city in Tébessa Province, Algeria",GPE,city,45,194461.0,Algeria,False
Q731256,Khovd,khovd,city in Mongolia,GPE,city,45,,Mongolia,False
Q215653,Tarn,tarn,river in southern France,LOC,river,45,,,False
Q476688,Lebedyn,lebedyn,"city in Sumy Raion, Sumy Oblast, Ukraine",GPE,city,45,,Ukraine,False
Q733093,Cobh,cobh,town in Ireland,GPE,city,45,,Ireland,False
Q388242,Tete,tete,city in Mozambique,GPE,city,45,152909.0,Mozambique,False
Q27660,Jizan,jizan,"capital of Jizan Province, Saudi Arabia",GPE,city,45,127743.0,Saudi Arabia,False
Q217061,Yser,yser,river in northern France and Belgium,LOC,river,45,,,False
Q819457,Kotlin Island,kotlin island,island in Russia,LOC,island,45,,,False
Q735025,Cabo Frio,cabo frio,"municipality of Rio de Janeiro state, Brazil",LOC,cape,45,,,False
Q847323,Rinjani,rinjani,"Active volcano in Lombok, Indonesia",LOC,mountain,45,,,False
Q852528,Wad Madani,wad madani,"city in Gezira State, Sudan",GPE,city,45,,Sudan,False
Q208114,Pianosa,pianosa,"island in the Tuscan Archipelago in the Tyrrhenian Sea, Italy",LOC,island,45,,,False
Q140084,Hvannadalshnúkur,hvannadalshnúkur,mountain,LOC,mountain,45,,,False
Q310350,Al Hoceima,al hoceima,"Moroccan town located in the Central Rif, beetween Ibaqoyen region and Ayt Ouriarhel region",GPE,city,45,,Morocco,False
Q841342,Canelones,canelones,city in Uruguay,GPE,city,45,,Uruguay,False
Q198859,Yadrin,yadrin,town in Russia,GPE,city,45,,Russia,False
Q30188,Madeira Island,madeira island,island of Portugal,LOC,island,45,,,False
Q2085564,Cooperation Sea,cooperation sea,"proposed sea name for part of the Southern Ocean, between Enderby Land and West Ice Shelf",LOC,sea,45,,,False
Q378649,Janakpurdham,janakpurdham,"city in Dhanusha District, Nepal",GPE,city,45,,Nepal,False
Q950875,Ometepe,ometepe,"UNESCO Biosphere Reserve on a volcanic island in Lake Nicaragua (Cocibolca), formed by the Concepción and Maderas volcanoes, with rainforests and growing ecotourism",LOC,island,45,,,False
Q275435,Ras Dashen,ras dashen,Mountain in Ethiopia,LOC,mountain,45,,,False
Q719518,Paxos,paxos,Greek island in the Ionian Sea,LOC,island,45,,,False
Q15265,Mount Pilatus,mount pilatus,mountain massif in central Switzerland,LOC,mountain,45,,,False
Q328176,Kafr el-Sheikh,kafr el-sheikh,city in Egypt,GPE,city,45,147393.0,Egypt,False
Q926426,Kozan,kozan,"District of Adana, Turkey",GPE,city,45,130495.0,Turkey,False
Q689820,Debar,debar,town in North Macedonia,GPE,city,45,,North Macedonia,False
Q109949,Matola,matola,city in Mozambique,GPE,city,45,1032197.0,Mozambique,False
Q212927,Una,una,river in Bosnia and Herzegovina and Croatia,LOC,river,45,,,False
Q19719,River Tay,river tay,"river in Perth and Kinross, and Stirling, Scotland, UK, flows into the North Sea at the Firth of Tay",LOC,river,45,,,False
Q152331,Rur,rur,river in Germany and the Netherlands,LOC,river,45,,,False
Q924132,Turek,turek,city and urban gmina of Poland,GPE,city,45,,Poland,False
Q329452,Kolepom Island,kolepom island,"island in Merauke Regency, South Papua Province, Indonesia",LOC,island,45,,,False
Q14429,Lake Biel,lake biel,"lake at Biel/Bienne, Canton of Bern, Switzerland",LOC,lake,45,,,False
Q773603,Dhule,dhule,city,GPE,city,45,,India,False
Q182138,Rába,rába,river in Austria and Hungary,LOC,river,45,,,False
Q198349,Shumerlya,shumerlya,human settlement in Russia,GPE,city,45,,Russia,False
Q167800,Zakho,zakho,city and centre of the Zakho District in Iraqi Kurdistan,GPE,city,45,219006.0,Iraq,False
Q500376,Škocjan Caves,škocjan caves,cave system in Slovenia,LOC,cave,45,,,False
Q1711521,Nazca,nazca,"city in Ica, Peru",GPE,city,45,,Peru,False
Q42120,Anyang,anyang,"city in Gyeonggi province, South Korea",GPE,city,45,233172.0,South Korea,False
Q828869,Noteć,noteć,river in Poland,LOC,river,45,,,False
Q873358,Mount Sanqing,mount sanqing,mountain range,LOC,mountain,45,,,False
Q735645,Atar,atar,city in Mauritania,GPE,city,45,,Mauritania,False
Q695330,Isfara,isfara,city in Tajikistan,GPE,city,45,,Tajikistan,False
Q858513,New Providence,new providence,district-island of the Bahamas,LOC,island,45,,,False
Q213730,Antikythera,antikythera,island in Greece,LOC,island,45,,,False
Q497115,Frombork,frombork,city of Poland,GPE,city,45,,Poland,False
Q500877,Kalimpong,kalimpong,"municipality in Kalimpong district, West Bengal",GPE,city,45,,India,False
Q73022,Sittard,sittard,"city in Sittard-Geleen, Netherlands",GPE,city,45,,Netherlands,False
Q379338,Latacunga,latacunga,"city in Ecuador, capital of the Cotopaxi Province",GPE,city,44,,Ecuador,False
Q685105,Valtellina,valtellina,valley in Northern Italy,LOC,valley,44,,,False
Q606126,Karpacz,karpacz,city and urban gmina of Poland,GPE,city,44,,Poland,False
Q266594,Efate,efate,Vanuatu island,LOC,island,44,,,False
Q544733,Bordj Bou Arreridj,bordj bou arreridj,city in Algeria,GPE,city,44,168346.0,Algeria,False
Q2139799,Tasiilaq,tasiilaq,town in Greenland,GPE,city,44,,Greenland,False
Q160884,Keetmanshoop,keetmanshoop,a city of Namibia,GPE,city,44,,Namibia,False
Q15916,Sežana,sežana,city in Slovenia,GPE,city,44,,Slovenia,False
Q638509,Chimoio,chimoio,"capital of Manica Province, Mozambique",GPE,city,44,238976.0,Mozambique,False
Q58794,Satna,satna,city in India,GPE,city,44,283004.0,India,False
Q713391,Mafia Island,mafia island,island off Tanzania,LOC,island,44,,,False
Q208321,Sandoy,sandoy,island in the Faroe Islands,LOC,island,44,,,False
Q993859,Mardan,mardan,"city in Khyber Pakhtunkhwa, Pakistan",GPE,city,44,,Pakistan,False
Q31424,Llobregat,llobregat,"second longest river in Catalonia, Spain",LOC,river,44,,,False
Q686841,Hoher Dachstein,hoher dachstein,mountain in the Dachstein Massif at the border Upper Austria / Styria,LOC,mountain,44,,,False
Q504763,Melville Island,melville island,"one of the Tiwi Islands, off the northern Australian coast",LOC,island,44,,,False
Q732115,Montserrat,montserrat,"multi-peaked mountain in Catalonia, Spain",LOC,mountain,44,,,False
Q732838,Mount Elgon,mount elgon,shield volcano on the border of Uganda and Kenya,LOC,mountain,44,,,False
Q811144,Bauchi,bauchi,"city and local government area of Bauchi State, Nigeria",GPE,city,44,693700.0,Nigeria,False
Q185404,Bundaberg,bundaberg,"city in Queensland, Australia",GPE,city,44,,Australia,False
Q27150,Ærø,ærø,Danish Baltic Sea island,LOC,island,44,,,False
Q99648,Ibb,ibb,city in Yemen,GPE,city,44,350864.0,Yemen,False
Q723864,Katun,katun,"left headwater of Ob in Altai Krai and Altai Republic, Russia",LOC,river,44,,,False
Q28374,Kungsbacka,kungsbacka,"urban area in Kungsbacka Municipality, Sweden",GPE,city,44,,Sweden,False
Q572951,Mörön,mörön,"city in Mongolia, administrative center of Khövsgöl Province",GPE,city,44,134530.0,Mongolia,False
Q2249,Liard River,liard river,left tributary of the Mackenzie River in Canada,LOC,river,44,,,False
Q847677,Kaolack,kaolack,town and regional capital in Senegal,GPE,city,44,172305.0,Senegal,False
Q220385,Devil's Island,devils island,Cayenne's Prison in French Guiana,LOC,island,44,,,False
Q339258,Mocha,mocha,city in Yemen,GPE,city,44,,Yemen,False
Q548466,Aube,aube,river in France,LOC,river,44,,,False
Q1026616,Jhang,jhang,"city in Punjab, Pakistan",GPE,city,44,414131.0,Pakistan,False
Q847665,Hässleholm,hässleholm,"Place in Scania, Sweden",GPE,city,44,,Sweden,False
Q15930,Zagorje ob Savi,zagorje ob savi,city in Slovenia,GPE,city,44,,Slovenia,False
Q476721,Vishera,vishera,"river in Perm Krai, Russia",LOC,river,44,,,False
Q1006296,Cumilla,cumilla,Major city in Bangladesh,GPE,city,44,296010.0,Bangladesh,False
Q2148635,Sabirabad,sabirabad,city in Azerbaijan,GPE,city,44,,Azerbaijan,False
Q731039,Mbarara City,mbarara city,city in Uganda,GPE,city,44,264425.0,Uganda,False
Q1999000,Uyo,uyo,city in Nigeria,GPE,city,44,429900.0,Nigeria,False
Q227156,Tsqaltubo,tsqaltubo,city in Georgia,GPE,city,44,,Georgia,False
Q506775,Rožaje,rožaje,town in Montenegro,GPE,city,44,,Montenegro,False
Q734284,Remich,remich,city and commune in Luxembourg,GPE,city,44,,Luxembourg,False
Q741636,Coiba,coiba,island and national park in Panama,LOC,island,44,,,False
Q738901,Ferizaj,ferizaj,City in Kosovo,GPE,city,44,,Serbia,False
Q938835,Guadalupe,guadalupe,"municipal seat of Guadalupe, State of Nuevo León, Mexico",GPE,city,44,691931.0,Mexico,False
Q867603,El-Tor,el-tor,town in Egypt,GPE,city,44,,Egypt,False
Q643112,Tabora,tabora,city in Tanzania,GPE,city,44,127880.0,Tanzania,False
Q595213,Moksha,moksha,"river in Mordovia, Penza, Ryazan, and Nizhny Novgorod Oblasts, Russia",LOC,river,44,,,False
Q760235,Tokmak,tokmak,"City in Zaporizhzhia Oblast, Ukraine",GPE,city,44,,Ukraine,False
Q849835,Fray Bentos,fray bentos,"capital city of the Río Negro Department, southwestern Uruguay",GPE,city,44,,Uruguay,False
Q337,Lake Chaubunagungamaug,lake chaubunagungamaug,"lake in the town of Webster, Massachusetts, United States",LOC,lake,44,,,False
Q745859,Talas River,talas river,river in Kirgizstan and Kazakhstan,LOC,river,44,,,False
Q429430,Symi,symi,Greek island in Dodecanese,LOC,island,44,,,False
Q845717,Garissa,garissa,"capital of Garissa County, Kenya",GPE,city,44,,Kenya,False
Q868205,Minas,minas,city in Uruguay,GPE,city,44,,Uruguay,False
Q339990,Ljubljanica,ljubljanica,river in Slovenia,LOC,river,44,,,False
Q426893,Leros,leros,island in the Aegean Sea,LOC,island,44,,,False
Q698941,Arkalyk,arkalyk,"city in Kostanay Province, Kazakhstan",GPE,city,44,,Kazakhstan,False
Q213503,Cher,cher,river in central France,LOC,river,44,,,False
Q14338,Limmat,limmat,river in Switzerland,LOC,river,44,,,False
Q13648,Le Tampon,le tampon,"commune in La Réunion, France",GPE,city,44,,France,False
Q475597,Murrumbidgee River,murrumbidgee river,"river in New South Wales, Australia",LOC,river,44,,,False
Q753898,Argentino Lake,argentino lake,"glacial lake in the Patagonian province of Santa Cruz, Argentina",LOC,lake,44,,,False
Q257416,Sarygamysh Lake,sarygamysh lake,salt lake,LOC,lake,44,,,False
Q914225,Inaccessible Island,inaccessible island,island in Tristan Da Cunha archipelago,LOC,island,44,,,False
Q309098,Mount Meru,mount meru,mountain,LOC,mountain,44,,,False
Q3292,Nelson River,nelson river,river that flows from Lake Winnipeg to Hudson's Bay,LOC,river,44,,,False
Q325391,Dal Lake,dal lake,"lake in Srinagar, Jammu and Kashmir, India",LOC,lake,44,,,False
Q334761,Lake Ülemiste,lake ülemiste,lake in Estonia,LOC,lake,44,,,False
Q588242,Tura,tura,"river in Sverdlovsk and Tyumen Oblasts, Russia",LOC,river,44,,,False
Q825347,Colima,colima,mountain,LOC,mountain,44,,,False
Q156032,Red River,red river,major river in the southern United States,LOC,river,44,,,False
Q155045,Ohře,ohře,river in Germany and the Czech Republic,LOC,river,44,,,False
Q1915327,Nizwa,nizwa,"city in Ad Dakhiliyah governorate, Oman",GPE,city,44,,Oman,False
Q15117,Dom,dom,mountain in the Pennine Alps,LOC,mountain,44,,,False
Q705829,Mildura,mildura,"regional city in Victoria, Australia",GPE,city,44,,Australia,False
Q378943,Vitosha,vitosha,mountain massif in Bulgaria,LOC,mountain,44,,,False
Q18768,Laç,laç,"city in Lezhë County, Albania",GPE,city,44,,Albania,False
Q756091,Chusovaya,chusovaya,"river in Perm Krai, Chelyabinsk and Sverdlovsk Oblasts, Russia",LOC,river,44,,,False
Q706029,Whyalla,whyalla,city in South Australia,GPE,city,44,,Australia,False
Q217369,Bathurst Island,bathurst island,"island in Nunavut, Canada",LOC,island,44,,,False
Q213769,Päijänne,päijänne,lake in central Finland,LOC,lake,44,,,False
Q387256,Śniardwy,śniardwy,lake in Poland,LOC,lake,44,,,False
Q297060,Ölgii,ölgii,capital-city of the Bayan-Ölgii aimag in Mongolia,GPE,city,44,,Mongolia,False
Q61394,Latur,latur,city in the Marathwada region in the Maharashtra state of India,GPE,city,44,,India,False
Q858713,Ungheni,ungheni,city in Moldova,GPE,city,44,,Moldova,False
Q855645,Durazno,durazno,capital city of the department of Durazno in Uruguay,GPE,city,44,,Uruguay,False
Q30617,Cartago,cartago,city in Costa Rica,GPE,city,44,,Costa Rica,False
Q175923,Gabala,gabala,"town in Latakia Governorate, Syria",GPE,city,44,,Syria,False
Q848308,Sepik,sepik,river in Papua New Guinea and Indonesia,LOC,river,43,,,False
Q855122,Nanded,nanded,city in India,GPE,city,43,,India,False
Q530577,Jiu River,jiu river,Tributary of the Danube River in southern Romania,LOC,river,43,,,False
Q958528,Big Diomede,big diomede,"island in the Bering Strait, Russia",LOC,island,43,,,False
Q1771398,Riffa,riffa,human settlement from Bahrain,GPE,city,43,115495.0,Bahrain,False
Q713127,Santa Cruz Island,santa cruz island,island of the Galápagos Islands,LOC,island,43,,,False
Q609831,San-Pédro,san-pédro,city in Ivory Coast,GPE,city,43,390654.0,Ivory Coast,False
Q606169,Armidale,armidale,"city in New South Wales, Australia",GPE,city,43,,Australia,False
Q606775,Larache,larache,town in Morocco,GPE,city,43,133731.0,Morocco,False
Q1020077,Yasynuvata,yasynuvata,"city in Donetsk Raion, Donetsk Oblast of Ukraine",GPE,city,43,,Ukraine,False
Q392225,Šolta,šolta,island of Croatia,LOC,island,43,,,False
Q938563,Masbate,masbate,island in the Philippines and mainland of the province of Masbate,LOC,island,43,,,False
Q208327,Hestur,hestur,island of the Faroe Islands,LOC,island,43,,,False
Q690062,Rønne,rønne,main town on the island Bornholm in Denmark,GPE,city,43,,Denmark,False
Q500080,Mojkovac,mojkovac,town in northern Montenegro,GPE,city,43,,Montenegro,False
Q645180,Bylot Island,bylot island,"uninhabited island off Baffin Island in Nunavut Territory, Canada",LOC,island,43,,,False
Q1315249,Kentau,kentau,"place in Turkistan Region, Kazakhstan",GPE,city,43,,Kazakhstan,False
Q493472,Honningsvåg,honningsvåg,"settlement in Nordkapp Municipality, Norway",GPE,city,43,,Norway,False
Q170727,Tshabong,tshabong,town in Botswana,GPE,city,43,,Botswana,False
Q14426,Lake Thun,lake thun,"lake in the canton of Bern, Switzerland",LOC,lake,43,,,False
Q217362,Severny Island,severny island,island in Russia,LOC,island,43,,,False
Q2416423,Vuhledar,vuhledar,"city of regional significance in the Donetsk Oblast, Ukraine",GPE,city,43,,Ukraine,False
Q213372,Mykines,mykines,island in the Faroe Islands,LOC,island,43,,,False
Q694109,Puerto Baquerizo Moreno,puerto baquerizo moreno,city in Ecuador,GPE,city,43,,Ecuador,False
Q506202,Spotsylvania County,spotsylvania county,"county in Virginia, United States",GPE,city,43,140032.0,United States,False
Q499318,Prienai,prienai,"city in Kaunas County, Lithuania",GPE,city,43,,Lithuania,False
Q1010335,Burkhan Khaldun,burkhan khaldun,mountain in the Khentii Province in Mongolia,LOC,mountain,43,,,False
Q331162,Tana River,tana river,river of Kenya,LOC,river,43,,,False
Q867102,Gharyan,gharyan,"town in northwestern Libya, in Jabal al Gharbi District",GPE,city,43,123456.0,Libya,False
Q842407,Umm Qasr,umm qasr,city,GPE,city,43,107620.0,Iraq,False
Q1509546,Cosmonauts Sea,cosmonauts sea,sea of Antarctica,LOC,sea,43,,,False
Q1983875,Aghjabadi,aghjabadi,city in Azerbaijan,GPE,city,43,,Azerbaijan,False
Q596630,Aragvi River,aragvi river,river in Georgia,LOC,river,43,,,False
Q182042,Kuma,kuma,"river in Russia, flows into the Caspian Sea",LOC,river,43,,,False
Q771345,Helwan,helwan,city in Cairo Governorate,GPE,city,43,619293.0,Egypt,False
Q937487,Katsina,katsina,local government area in Nigeria,GPE,city,43,318459.0,Nigeria,False
Q83639,Isabela Island,isabela island,The largest of the Galápagos Islands,LOC,island,43,,,False
Q3619248,Vizianagaram,vizianagaram,"city in Vizianagaram district, Andhra Pradesh, India",GPE,city,43,228720.0,India,False
Q359955,Ado Ekiti,ado ekiti,"state capital and headquarters of the Ekiti, Nigeria",GPE,city,43,446749.0,Nigeria,False
Q270754,Nag Hammadi,nag hammadi,town in Egypt,GPE,city,43,,Egypt,False
Q822808,Dalanzadgad,dalanzadgad,"capital city and sum (district) of Ömnögovi Aimag, Mongolia",GPE,city,43,,Mongolia,False
Q213902,Folegandros,folegandros,island in the Aegean Sea,LOC,island,43,,,False
Q1340579,Nuwara Eliya,nuwara eliya,human settlement,GPE,city,43,,Sri Lanka,False
Q121538,Torne River,torne river,river in northern Sweden and Finland,LOC,river,43,,,False
Q478518,Kallithea,kallithea,"suburb of Athens, Greece",GPE,city,43,,Greece,False
Q767528,Nisyros,nisyros,island in Greece,LOC,island,43,,,False
Q193904,Nestos,nestos,river in Bulgaria and Greece,LOC,river,43,,,False
Q748355,Mount Shasta,mount shasta,"stratovolcano in Siskiyou County, California, United States",LOC,mountain,43,,,True
Q750190,Sulaiman-Too,sulaiman-too,"mountain in Osh city, Kyrgyzstan",LOC,mountain,43,,,False
Q211425,Hjälmaren,hjälmaren,lake in central Sweden,LOC,lake,43,,,False
Q19307,Çorovodë,çorovodë,"main city of Skrapar District, Albania",GPE,city,43,,Albania,False
Q846939,Spanish Town,spanish town,"town and city in the Saint Catherine Parish, Jamaica",GPE,city,43,131056.0,Jamaica,False
Q842854,Ali Sabieh,ali sabieh,city in Djibouti,GPE,city,43,,Djibouti,False
Q847008,Raiatea,raiatea,"island part of the group of Leeward Islands in the Society Islands, French Polynesia; subdivided in three municipalities",LOC,island,43,,,False
Q860452,Bilaspur,bilaspur,city in Chhattisgarh state of India,GPE,city,43,365579.0,India,False
Q170725,Molepolole,molepolole,"village in Kweneng District, Botswana",GPE,city,43,,Botswana,False
Q14442,Lake Brienz,lake brienz,"lake in the Berne Canton, Switzerland",LOC,lake,43,,,False
Q3369,Müritz,müritz,"large lake in Mecklenburg-Vorpommern, Germany",LOC,lake,43,,,False
Q870103,Pathein,pathein,city in Myanmar,GPE,city,43,287071.0,Myanmar,False
Q869403,Ciudad de la Costa,ciudad de la costa,"city in the Canelones department, Uruguay",GPE,city,43,112449.0,Uruguay,False
Q1949410,Sasaram,sasaram,"city in Rohtas district, Bihar, India",GPE,city,43,,India,False
Q1949069,Mohali,mohali,"city in Punjab, India",GPE,city,43,146213.0,India,False
Q948448,Burao,burao,city in Somaliland,GPE,city,43,350211.0,Somalia,False
Q215138,Mount Fitz Roy,mount fitz roy,mountain of Argentina and Chile,LOC,mountain,43,,,False
Q215001,Ellef Ringnes Island,ellef ringnes island,"island in Nunavut, Canada",LOC,island,43,,,False
Q860179,Obock,obock,city,GPE,city,43,,Djibouti,False
Q31616,Ma'an,maan,city in Jordan,GPE,city,43,,Jordan,False
Q649957,Alicudi,alicudi,Italian island,LOC,island,43,,,False
Q667650,Lichinga,lichinga,Província do Niassa,GPE,city,43,142253.0,Mozambique,False
Q664371,Aleksandrów Łódzki,aleksandrów łódzki,city of Poland,GPE,city,43,,Poland,False
Q1642636,El Oued,el oued,"city and capital of El Oued Province, Algeria",GPE,city,43,134699.0,Algeria,False
Q739484,Pico da Neblina,pico da neblina,(highest) peak in Brazil,LOC,mountain,43,,,False
Q659546,Vienne,vienne,"river in France, tributary of the Loire",LOC,river,43,,,False
Q1142817,Mount Narodnaya,mount narodnaya,mountain in Russia,LOC,mountain,43,,,False
Q529834,Tsetserleg,tsetserleg,"city in Arkhangai Province, Mongolia",GPE,city,43,,Mongolia,False
Q739751,Fly River,fly river,river in Papua New Guinea and Indonesia,LOC,river,43,,,False
Q203923,Achelous River,achelous river,river in central Greece,LOC,river,43,,,False
Q668472,Ill,ill,"river in Alsace, France",LOC,river,43,,,False
Q211182,Heimaey,heimaey,island in Iceland,LOC,island,43,,,False
Q657072,Touba,touba,city in Senegal,GPE,city,43,529176.0,Senegal,False
Q814113,Beerenberg,beerenberg,mountain on Jan Mayen island,LOC,volcano,43,,,False
Q941948,Oni,oni,city in Georgia,GPE,city,43,,Georgia,False
Q804117,Bayankhongor,bayankhongor,"city in Bayankhongor Province, Mongolia",GPE,city,43,,Mongolia,False
Q799788,Bafatá,bafatá,town in Guinea-Bissau,GPE,city,43,,Guinea-Bissau,False
Q280796,Kalmius,kalmius,"river in Donetsk Oblast, Ukraine",LOC,river,43,,,False
Q913406,Chirchiq,chirchiq,city in Uzbekistan,GPE,city,43,159400.0,Uzbekistan,False
Q275662,Mount Hood,mount hood,"stratovolcano in the Cascade Volcanic Arc in Oregon, United States",LOC,mountain,43,,,False
Q18451,Ariège,ariège,"river in southern France, right tributary of the Garonne",LOC,river,43,,,False
Q182942,Cuando River,cuando river,river in south-central Africa,LOC,river,43,,,False
Q929062,Gujrat,gujrat,"City in Punjab, Pakistan",GPE,city,43,390533.0,Pakistan,False
Q216161,Kolguyev Island,kolguyev island,"island in Barents Sea, Russia",LOC,island,43,,,False
Q123782,Fansipan,fansipan,mountain in Vietnam,LOC,mountain,43,,,False
Q1013454,Julfa,julfa,city in Nakhchivan Autonomous Republic in Azerbaijan,GPE,city,43,,Azerbaijan,False
Q840962,Concepción,concepción,"city and department capital of Concepcion, Paraguay",GPE,city,43,,Paraguay,False
Q2464,Allier,allier,river in France,LOC,river,43,,,False
Q515085,Skiathos,skiathos,"island in Aegean sea, Greece",LOC,island,43,,,False
Q838143,Gila River,gila river,river in Arizona and New Mexico in the United States,LOC,river,43,,,False
Q15858,Brežice,brežice,city in Slovenia,GPE,city,43,,Slovenia,False
Q239485,Phou Bia,phou bia,mountain,LOC,mountain,43,,,False
Q817218,Karur,karur,"city and municipality in Tamil Nadu, India",GPE,city,43,,India,False
Q379509,Puerto La Cruz,puerto la cruz,"capital city of Sotillo Municipality in Anzoátegui State, Venezuela",GPE,city,43,306261.0,Venezuela,False
Q850031,Ouidah,ouidah,city in Benin,GPE,city,43,162034.0,Benin,False
Q686021,Allegheny River,allegheny river,"river in western Pennsylvania and New York, United States",LOC,river,43,,,False
Q185555,Birštonas,birštonas,city in Lithuania,GPE,city,43,,Lithuania,False
Q396807,Agrinio,agrinio,largest city and capital of the Aetolia-Acarnania regional unit of Greece,GPE,city,43,,Greece,False
Q695846,Nyamuragira,nyamuragira,shield volcano in Africa,LOC,volcano,43,,,False
Q1004693,Fårö,fårö,Swedish Baltic Sea island,LOC,island,43,,,False
Q695120,Edgeøya,edgeøya,third-largest island of the Svalbard archipelago,LOC,island,43,,,False
Q1192453,Deoghar,deoghar,"Headquarters of Deoghar district, Santhal Parganas, Jharkhand, India",GPE,city,43,203116.0,India,False
Q52441,Torcello,torcello,"Island of the Venetian Lagoon, Italy",LOC,island,43,,,False
Q770496,Mount Saint Elias,mount saint elias,mountain on the Canada-United States border,LOC,mountain,43,,,False
Q748028,Puerto Madryn,puerto madryn,"coastal city in the province of Chubut, Argentina",GPE,city,43,102505.0,Argentina,False
Q753642,Avellaneda,avellaneda,"city in the province of Buenos Aires, Argentina",GPE,city,43,366117.0,Argentina,False
Q764943,Olkusz,olkusz,city of Poland,GPE,city,43,,Poland,False
Q275630,Danilovgrad,danilovgrad,town in central Montenegro,GPE,city,43,,Montenegro,False
Q302099,Requena,requena,"municipality in Valencia, Spain",GPE,city,43,,Spain,False
Q714023,Heaven Lake,heaven lake,crater lake in China/North Korea,LOC,lake,43,,,False
Q379648,Connecticut River,connecticut river,river in the New England region of the United States,LOC,river,43,,,False
Q99785,Huangpu River,huangpu river,"Major tributary of the Yangtze flowing through central Shanghai, now the municipality's largest river after floods during the Yuan and Ming dynasties",LOC,river,43,,,False
Q1001887,Ifrane,ifrane,city in Morocco,GPE,city,42,,Morocco,False
Q2084527,Kerch Peninsula,kerch peninsula,eastern portion of Crimea,LOC,peninsula,42,,,False
Q989283,Kasur,kasur,Historical City in Province Punjab (Pakistan),GPE,city,42,314617.0,Pakistan,False
Q310114,Khartoum North,khartoum north,city in central Sudan,GPE,city,42,936349.0,Sudan,False
Q1056521,Alatyr,alatyr,"river in Nizhny Novgorod Oblast, Mordovia, and Chuvashia, Russia",LOC,river,42,,,False
Q849693,Madre de Dios River,madre de dios river,river in Peru and Bolivia,LOC,river,42,,,False
Q714339,Ishigaki Island,ishigaki island,"island in Okinawa, Japan",LOC,island,42,,,False
Q606385,Queanbeyan,queanbeyan,"city in New South Wales, Australia",GPE,city,42,,Australia,False
Q1372,Gran Paradiso,gran paradiso,mountain in the Graian Alps located between the Aosta Valley and Piedmont regions of north-west Italy,LOC,mountain,42,,,False
Q903306,Brazos River,brazos river,"river in Texas, United States",LOC,river,42,,,False
Q3127,Föhr,föhr,"island in North Frisia, Germany",LOC,island,42,,,False
Q312930,Copahue,copahue,stratovolcano nestled on the border between Argentina and Chile,LOC,volcano,42,,,False
Q492520,Isla de los Estados,isla de los estados,island in Argentina,LOC,island,42,,,False
Q819979,Mount Olympus,mount olympus,highest point in Cyprus,LOC,mountain,42,,,False
Q816843,San Fernando Valley,san fernando valley,"urbanized valley in Los Angeles County, California, United States",LOC,valley,42,,,False
Q817337,Río Negro,río negro,river in Argentina,LOC,river,42,,,False
Q2353526,Novoazovsk,novoazovsk,"city in Donetsk Oblast, south-eastern Ukraine",GPE,city,42,,Ukraine,False
Q748832,Chios,chios,Greek town on the homonymous island,GPE,city,42,,Greece,False
Q240071,Nólsoy,nólsoy,island in central Faroe Islands,LOC,island,42,,,False
Q245062,Philae,philae,"former island in Aswan, Egypt",LOC,island,42,,,False
Q194670,Skopin,skopin,human settlement in Russia,GPE,city,42,,Russia,False
Q460697,Koudougou,koudougou,town in Burkina Faso,GPE,city,42,160207.0,Burkina Faso,False
Q153945,Lippe,lippe,river in Germany,LOC,river,42,,,False
Q1542675,Irminger Sea,irminger sea,marginal sea of the North Atlantic Ocean,LOC,sea,42,,,False
Q340572,Akhmim,akhmim,city in the Sohag Governorate of Upper Egypt,GPE,city,42,101509.0,Egypt,False
Q216768,Astypalaia,astypalaia,island in the Aegean Sea,LOC,island,42,,,False
Q77056,Edam,edam,"town in Edam-Volendam, Netherlands",GPE,city,42,,Netherlands,True
Q251181,Adrar,adrar,"сapital city of Adrar Province, Algeria",GPE,city,42,,Algeria,False
Q277505,اتميده,اتميده,ميت غمر,GPE,city,42,,Saudi Arabia,False
Q277674,Azaz,azaz,"town in Aleppo, Syria",GPE,city,42,155965.0,Syria,False
Q1015681,Lower Hutt,lower hutt,city in the Wellington Region of New Zealand,GPE,city,42,103400.0,New Zealand,False
Q215662,Monte Perdido,monte perdido,"mountain in Huesca, next to the border with France",LOC,mountain,42,,,False
Q738353,Matamoros,matamoros,"city in Tamaulipas, Mexico",GPE,city,42,541979.0,Mexico,False
Q747898,Uummannaq,uummannaq,town in Greenland,GPE,city,42,,Greenland,False
Q79106,Mezen,mezen,"river in Arkhangelsk Oblast and Komi, Russia",LOC,river,42,,,False
Q214921,Apurímac River,apurímac river,river in Peru,LOC,river,42,,,False
Q215516,Mount Helicon,mount helicon,"mountain in Livadia municipality, Greece",LOC,mountain,42,,,False
Q911339,Sunzha,sunzha,"river in Chechnya, Ingushetia, and North Ossetia, Russia",LOC,river,42,,,False
Q320936,Mare Tranquillitatis,mare tranquillitatis,sea on the Moon,LOC,lunar mare,42,,,False
Q18791,Shijak,shijak,town in Albania,GPE,city,42,,Albania,False
Q388575,Leerdam,leerdam,city and former municipality in the Netherlands,GPE,city,42,,Netherlands,False
Q630156,Vormsi,vormsi,island in Estonia,LOC,island,42,,,False
Q641588,Arenal Volcano,arenal volcano,"Active stratovolcano in Alajuela Province, Costa Rica",LOC,mountain,42,,,False
Q1032440,Maja Jezercë,maja jezercë,mountain in Albania,LOC,mountain,42,,,False
Q781354,Kapurthala,kapurthala,"Kapurthala is a city in Punjab state of India, It is the administrative headquarters of Kapurthala District",GPE,city,42,,India,False
Q82228,Alazeya,alazeya,"river in Yakutia, Russia",LOC,river,42,,,False
Q18705,Bajram Curri,bajram curri,"town in Kukës County, Albania",GPE,city,42,,Albania,False
Q956745,Caxito,caxito,"town and commune in the municipality of Dande, province of Bengo, Angola",GPE,city,42,,Angola,False
Q956893,Malappuram,malappuram,City in Kerala,GPE,city,42,,India,False
Q756018,Great Zab,great zab,river in Iraq and Turkey,LOC,river,42,,,False
Q728226,Ma'arrat Nu'man,maarrat numan,City in Syria,GPE,city,42,,Syria,False
Q640366,Haliacmon,haliacmon,"river in Macedonia, Greece",LOC,river,42,,,False
Q219039,Nadiad,nadiad,"city in Gujarat state, India",GPE,city,42,225132.0,India,False
Q170730,Kanye,kanye,town in Botswana,GPE,city,42,,Botswana,False
Q279951,Cuddalore,cuddalore,"city in Tamil Nadu, India",GPE,city,42,173676.0,India,False
Q28031,Svendborg,svendborg,"town on the south coast of Funen, Denmark",GPE,city,42,,Denmark,False
Q255010,Parinacota,parinacota,volcano on the border of Chile and Bolivia,LOC,volcano,42,,,False
Q15127,Finsteraarhorn,finsteraarhorn,highest mountain of the Bernese Alps at the border of Berne and Valais in Switzerland,LOC,mountain,42,,,False
Q15132,Piz Bernina,piz bernina,mountain of the Eastern Alps,LOC,mountain,42,,,False
Q167677,Yavne,yavne,city in Israel,GPE,city,42,,Israel,False
Q780534,Sumbe,sumbe,"city in Cuanza Sul, Angola",GPE,city,42,279968.0,Angola,False
Q217253,Anafi,anafi,Greek island in Aegean Sea,LOC,island,42,,,False
Q217401,Someș River,someș river,river in Romania and Hungary,LOC,river,42,,,False
Q928681,Mount Pico,mount pico,stratovolcano in the Azores and the highest mountain of Portugal,LOC,volcano,42,,,False
Q165450,Aral,aral,city in southwest Kazakhstan in the Kyzylorda region,GPE,city,42,,Kazakhstan,False
Q26134,Nabatieh,nabatieh,town in Lebanon,GPE,city,42,120000.0,Lebanon,False
Q52650,Cabrera,cabrera,An Algerian island occupied by Spain,LOC,island,42,,,False
Q876549,Kampot,kampot,town in Cambodia,GPE,city,42,,Cambodia,False
Q837062,Olite/Erriberri,olite/erriberri,"town and municipality located in Navarre, Spain",GPE,city,42,,Spain,False
Q691016,Mutsamudu,mutsamudu,"city in Anjouan, Comoros",GPE,city,42,,Comoros,False
Q643058,Tuul River,tuul river,river in Mongolia,LOC,river,42,,,False
Q1137644,Pumori,pumori,Himalayan mountain (PRC / Nepal),LOC,mountain,42,,,False
Q1971856,Sea of the Hebrides,sea of the hebrides,"portion of the North Atlantic Ocean, located off the coast of western Scotland",LOC,sea,42,,,False
Q505416,Anykščiai,anykščiai,city in Lithuania,GPE,city,42,,Lithuania,False
Q688654,Dubăsari,dubăsari,city in Moldova,GPE,city,42,,Moldova,False
Q582128,Gyachung Kang,gyachung kang,mountain in Nepal/China,LOC,mountain,42,,,False
Q845540,San Salvador Island,san salvador island,island and district of the Bahamas,LOC,island,42,,,False
Q180084,Ile Ife,ile ife,ancient Yoruba city in southwestern Nigeria,GPE,city,42,501952.0,Nigeria,False
Q859934,Biya,biya,"right headwater of Ob in Altai Republic, Russia",LOC,river,42,,,False
Q829866,Tana,tana,river in Norway and Finland,LOC,river,42,,,False
Q1649939,Bothnian Sea,bothnian sea,part of Gulf of Bothnia,LOC,sea,42,,,False
Q537374,Hulun Lake,hulun lake,"lake in New Barag Left Banner, Inner Mongolia, People's Republic of China",LOC,lake,42,,,False
Q158924,Black Drin,black drin,river in North Macedonia and Albania,LOC,river,42,,,False
Q20357,Aragón,aragón,river in Spain,LOC,river,42,,,False
Q526822,Murzuk,murzuk,town in Libya,GPE,city,42,,Libya,False
Q212043,Kalsoy,kalsoy,island,LOC,island,42,,,False
Q1021162,Tezpur,tezpur,"city in Sonitpur district, Assam, India",GPE,city,42,100437.0,India,False
Q654105,Panarea,panarea,island between Sicily and mainland Italy,LOC,island,42,,,False
Q657187,Faial Island,faial island,Portuguese island of the Central Group of the Azores,LOC,island,42,,,False
Q54771,Värnamo,värnamo,"urban area in Värnamo Municipality, Sweden",GPE,city,42,,Sweden,False
Q737859,Mount Karisimbi,mount karisimbi,volcano on the Rwanda–Democratic Republic of the Congo border,LOC,mountain,42,,,False
Q859319,Ghanzi,ghanzi,city in Botswana,GPE,city,42,,Botswana,False
Q8321,Illinois River,illinois river,Illinois tributary of the Mississippi River in the United States,LOC,river,42,,,False
Q2415973,Dobropillia,dobropillia,"city in Pokrovsk Raion, Donetsk Oblast, Ukraine",GPE,city,42,,Ukraine,False
Q3414556,Slagelse,slagelse,town in Denmark,GPE,city,42,,Denmark,False
Q1754806,Mount Ontake,mount ontake,"mountain in Nagano and Gifu Prefectures, Japan",LOC,volcano,42,,,False
Q806551,Bangor,bangor,"city in Northern Ireland, United Kingdom",GPE,city,42,,United Kingdom,False
Q259272,Gargždai,gargždai,city in Lithuania,GPE,city,42,,Lithuania,False
Q1576063,Lazarev Sea,lazarev sea,sea,LOC,sea,42,,,False
Q158077,Dojran Lake,dojran lake,lake in Greece and North Macedonia,LOC,lake,42,,,False
Q545707,Mascara,mascara,"city in Mascara Province, Algeria",GPE,city,42,108587.0,Algeria,False
Q1288751,Mount Gerizim,mount gerizim,"mountain in Judea and Samaria Area, Palestine",LOC,mountain,42,,,False
Q840694,Dunajec,dunajec,river in Poland and Slovakia,LOC,river,42,,,False
Q1976493,Aghstafa,aghstafa,city and municipality in Azerbaijan,GPE,city,42,,Azerbaijan,False
Q811130,Baucau,baucau,city in East Timor,GPE,city,42,,Timor-Leste,False
Q720015,Karakul,karakul,lake in Tajikistan,LOC,lake,42,,,False
Q724394,Poros,poros,Greek island of the Saronic Gulf,LOC,island,42,,,False
Q1408929,Kathiawar,kathiawar,peninsula,LOC,peninsula,42,,,False
Q312209,Buea,buea,town in Cameroon,GPE,city,42,131325.0,Cameroon,False
Q31350,Shibin Al Kawm,shibin al kawm,"city in Monufia, Egypt",GPE,city,42,267945.0,Egypt,False
Q286554,Elektrėnai,elektrėnai,city in Lithuania,GPE,city,42,,Lithuania,False
Q985627,Korhogo,korhogo,city in Côte d'Ivoire,GPE,city,42,440926.0,Ivory Coast,False
Q680161,Mount Nebo,mount nebo,mountain in Jordan,LOC,mountain,42,,,False
Q683719,Læsø,læsø,island,LOC,island,42,,,False
Q118167,Vézère,vézère,river in France,LOC,river,42,,,False
Q605113,Gosford,gosford,"city in New South Wales, Australia",GPE,city,42,,Australia,False
Q605267,Geraldton,geraldton,city in Western Australia,GPE,city,42,,Australia,False
Q209590,Urubamba River,urubamba river,river in Peru,LOC,river,42,,,False
Q583619,Owerri,owerri,city in Nigeria,GPE,city,42,908109.0,Nigeria,False
Q736707,Lake Saint Clair,lake saint clair,"lake bordering Ontario, Canada and Michigan, US",LOC,lake,42,,,False
Q839630,Koryaksky,koryaksky,Active volcano located on the peninsula of Kamchatka in Russia,LOC,volcano,42,,,False
Q725802,Dugi otok,dugi otok,island of Croatia,LOC,island,42,,,False
Q726693,Ialomița River,ialomița river,river in Romania,LOC,river,42,,,False
Q732790,Kwango River,kwango river,river,LOC,river,42,,,False
Q1006343,Mira-Bhayandar,mira-bhayandar,city in India,GPE,city,42,814655.0,India,False
Q367943,Perito Moreno Glacier,perito moreno glacier,glacier located in the Patagonian Andes,LOC,glacier,42,,,False
Q1000495,Rewa,rewa,city in the state of Madhya Pradesh in India,GPE,city,42,,India,False
Q855724,Kampong Cham,kampong cham,capital of the same named Cambodian province,GPE,city,42,118242.0,Cambodia,False
Q849441,Saint John,saint john,one of the main islands of the United States Virgin Islands,LOC,island,42,,,False
Q372490,Buna,buna,river in Montenegro and Albania,LOC,river,42,,,False
Q994271,Opoczno,opoczno,town in Poland,GPE,city,42,,Poland,False
Q950908,Marmara Island,marmara island,island off the northwestern coast of Turkey,LOC,island,42,,,False
Q852515,Touggourt,touggourt,"city in Ouargla Province, Algeria",GPE,city,41,143270.0,Algeria,False
Q856151,Chipata (Fort Jameson),chipata fort jameson,city,GPE,city,41,141800.0,Zambia,False
Q311199,Al Qadarif,al qadarif,"capital of the state of Al Qadarif, Sudan",GPE,city,41,354927.0,Sudan,False
Q1404920,Somov Sea,somov sea,Antarctic sea,LOC,sea,41,,,False
Q1044225,Abengourou,abengourou,city of côte d'ivoire,GPE,city,41,164424.0,Ivory Coast,False
Q2494365,Marinka,marinka,"city in Pokrovsk Raion, Donetsk Oblast, Ukraine",GPE,city,41,,Ukraine,False
Q23550,Velikaya,velikaya,"river in Pskov Oblast, Russia, flows into Lake Peipus",LOC,river,41,,,False
Q2279579,Shire River,shire river,river in southern Malawi and central Mozambique,LOC,river,41,,,False
Q83659,Mount Ida,mount ida,highest mountain on Crete,LOC,mountain,41,,,False
Q1980885,Errachidia,errachidia,City in Morocco,GPE,city,41,,Morocco,False
Q1771762,Purnia,purnia,human settlement in India,GPE,city,41,310817.0,India,False
Q1774606,Motihari,motihari,"city in Bihar, India",GPE,city,41,,India,False
Q27320,Porto Santo,porto santo,"municipality in Madeira, Portugal",LOC,island,41,,,False
Q282059,Bananal Island,bananal island,"island in Tocantins, Brazil",LOC,island,41,,,False
Q15867,Dravograd,dravograd,city in Slovenia,GPE,city,41,,Slovenia,False
Q40508,La Romana,la romana,city in the Dominican Republic,GPE,city,41,139238.0,Dominican Republic,False
Q578862,Pico Cristóbal Colón,pico cristóbal colón,mountain in Colombia,LOC,mountain,41,,,False
Q826471,Kaffeklubben Island,kaffeklubben island,island off the northern tip of Greenland,LOC,island,41,,,False
Q82812,Sukhona,sukhona,"river in Vologda Oblast, Russia",LOC,river,41,,,False
Q844041,Vorskla,vorskla,river in Russia and Ukraine,LOC,river,41,,,False
Q1798750,Anand,anand,"city in Gujarat state, India",GPE,city,41,130462.0,India,False
Q27026,Central Valley,central valley,"valley in central California, USA",LOC,valley,41,,,False
Q270467,Bermejo,bermejo,river of Argentina and Bolivia,LOC,river,41,,,False
Q244230,Bani Walid,bani walid,city in Libya,GPE,city,41,,Libya,False
Q27162,Gölcük,gölcük,town of Kocaeli Province in Turkey,GPE,city,41,162584.0,Turkey,False
Q292568,Oléron Island,oléron island,"island in Charente-Maritime, New Aquitaine, France",LOC,island,41,,,False
Q503842,Lake General Carrera/Buenos Aires,lake general carrera/buenos aires,"lake in Patagonia, between Argentina and Chile",LOC,lake,41,,,False
Q303621,Semois,semois,"river in Belgium and France, tributary of the Meuse",LOC,river,41,,,False
Q158336,Mariinsky Posad,mariinsky posad,"town in the Chuvash Republic, Russia",GPE,city,41,,Russia,False
Q2361176,Russeifa,russeifa,"city in Zarqa Governorate, Jordan",GPE,city,41,472604.0,Jordan,False
Q27212,Thatta,thatta,"city in Sindh, Pakistan",GPE,city,41,,Pakistan,False
Q1816833,Qonayev,qonayev,"capital of Almaty Region, Kazakhstan",GPE,city,41,,Kazakhstan,False
Q492528,Brava,brava,smallest inhabited island of Cape Verde,LOC,island,41,,,False
Q147548,Zagatala,zagatala,city in Azerbaijan,GPE,city,41,,Azerbaijan,False
Q830390,Treinta y Tres,treinta y tres,"city of Treinta y Tres Department, Uruguay",GPE,city,41,,Uruguay,False
Q393495,Belbis,belbis,town in Egypt,GPE,city,41,198167.0,Egypt,False
Q1012887,Karadeniz Ereğli,karadeniz ereğli,"district and town in Zonguldak, Turkey",GPE,city,41,175605.0,Turkey,False
Q817140,Bilisht,bilisht,town of Albania,GPE,city,41,,Albania,False
Q216627,Dalälven,dalälven,river in Sweden,LOC,river,41,,,False
Q611206,Bosten Lake,bosten lake,lake,LOC,lake,41,,,False
Q33334,Sikar,sikar,city in India,GPE,city,41,,India,False
Q907883,Teesta River,teesta river,river that flows from the eastern Himalayas to the Bay of Bengal,LOC,river,41,,,False
Q941451,Tykocin,tykocin,city of Poland,GPE,city,41,,Poland,False
Q753906,Atbarah,atbarah,city in Sudan,GPE,city,41,139768.0,Sudan,False
Q461313,Burrel,burrel,town in Albania,GPE,city,41,,Albania,False
Q1011016,Kvareli,kvareli,city in Georgia,GPE,city,41,,Georgia,False
Q78898,Onega,onega,"river in Arkhangelsk Oblast, Russia",LOC,river,41,,,False
Q145127,Tsalka,tsalka,town in southern Georgia,GPE,city,41,,Georgia,False
Q148307,Bóbr,bóbr,river in Poland and the Czech Republic,LOC,river,41,,,False
Q148521,Illimani,illimani,mountain close to La Paz,LOC,mountain,41,,,False
Q329597,Goleniów,goleniów,town of Poland,GPE,city,41,,Poland,False
Q845097,Sokodé,sokodé,city of Togo,GPE,city,41,115442.0,Togo,False
Q835838,Jurbarkas,jurbarkas,"city in Tauragė County, Lithuania",GPE,city,41,,Lithuania,False
Q835848,Naujoji Akmenė,naujoji akmenė,city,GPE,city,41,,Lithuania,False
Q951436,Selydove,selydove,"city in Pokrovsk Raion, Donetsk Oblast, Ukraine",GPE,city,41,,Ukraine,False
Q737270,Sur,sur,city in Oman,GPE,city,41,120000.0,Oman,False
Q630579,Muztagh Ata,muztagh ata,mountain,LOC,mountain,41,,,False
Q1902276,Mawson Sea,mawson sea,proposed sea name along the Queen Mary Land coast of East Antarctica east of the Shackleton Ice Shelf,LOC,sea,41,,,False
Q138833,Kom Ombo,kom ombo,city,GPE,city,41,,Egypt,False
Q214768,Chulym,chulym,"river in Russia, tributary of Ob",LOC,river,41,,,False
Q48877,Shiveluch,shiveluch,active volcano located on the peninsula of Kamchatka in Russia,LOC,volcano,41,,,False
Q489820,Seokguram,seokguram,cave/grotto in South Korea,LOC,cave,41,,,False
Q18774,Kuçovë,kuçovë,City in Albania,GPE,city,41,,Albania,False
Q48108,Viñales Valley,viñales valley,valley,LOC,valley,41,,,False
Q956602,Durg,durg,city in the Indian state of Chattisgarh,GPE,city,41,268806.0,India,False
Q705705,Devonport,devonport,"city in Tasmania, Australia",GPE,city,41,,Australia,False
Q705867,Warrnambool,warrnambool,"city in Victoria, Australia",GPE,city,41,,Australia,False
Q1133871,Psel,psel,river in Russia and Ukraine,LOC,river,41,,,False
Q916136,Spinalonga,spinalonga,island in the Gulf of Elounda in north-eastern Crete,LOC,island,41,,,False
Q155721,Brocken,brocken,"highest mountain of the Harz Mountains in Saxony-Anhalt, Germany",LOC,mountain,41,,,False
Q853909,Guadalupe Island,guadalupe island,"island in the Pacific Ocean, off Baja California, Mexico",LOC,island,41,,,False
Q862508,Trinidad,trinidad,capital city of Flores in southern Uruguay,GPE,city,41,,Uruguay,False
Q753897,Atbarah River,atbarah river,river in Africa,LOC,river,41,,,False
Q502023,Coatzacoalcos,coatzacoalcos,port city in Mexico,GPE,city,41,319187.0,Mexico,False
Q196042,Agaléga,agaléga,island,LOC,island,41,,,False
Q645191,Logone River,logone river,river in Central-Africa,LOC,river,41,,,False
Q19711,River Avon,river avon,river in the southwest of England,LOC,river,41,,,False
Q14448,Lake Murten,lake murten,lake in Switzerland,LOC,lake,41,,,False
Q1649570,Khenchela,khenchela,City in Algeria,GPE,city,41,108580.0,Algeria,False
Q384433,Łęczna,łęczna,city of Poland,GPE,city,41,,Poland,False
Q846063,Kafue River,kafue river,river in Zambia,LOC,river,41,,,False
Q1028279,Cambridge,cambridge,"city in the Regional Municipality of Waterloo, Ontario, Canada",GPE,city,41,138479.0,Canada,False
Q976955,Skardu,skardu,"city in Gilgit-Baltistan, Pakistan",GPE,city,41,112996.0,Pakistan,False
Q750418,Pilica,pilica,river in Poland,LOC,river,41,,,False
Q645901,Lake Manitoba,lake manitoba,"lake in Manitoba, Canada",LOC,lake,41,,,False
Q646290,Bird's Head Peninsula,birds head peninsula,geographical object,LOC,peninsula,41,,,False
Q646398,Kongur Tagh,kongur tagh,mountain,LOC,mountain,41,,,False
Q658230,Kelmė,kelmė,city in central Lithuania,GPE,city,41,,Lithuania,False
Q21191,Rømø,rømø,Danish island,LOC,island,41,,,False
Q211982,Viðoy,viðoy,island of the Faroe Islands,LOC,island,41,,,False
Q1266413,Dewas,dewas,city in India,GPE,city,41,,India,False
Q526757,Azamgarh,azamgarh,"city in Azamgarh district, Uttar Pradesh, India",GPE,city,41,,India,False
Q212033,Kunoy,kunoy,island in the Faroe Islands,LOC,island,41,,,False
Q659887,Kottayam,kottayam,city in the Indian state of Kerala,GPE,city,41,,India,False
Q1017387,Rocha,rocha,city in Uruguay,GPE,city,41,,Uruguay,False
Q335432,Þingvallavatn,þingvallavatn,lake in southwestern Iceland,LOC,lake,41,,,False
Q747929,Tagliamento,tagliamento,river in Italy,LOC,river,41,,,False
Q654405,Manitoulin Island,manitoulin island,"island in Lake Huron, Ontario, Canada",LOC,island,41,,,False
Q666502,Møn,møn,island in south-eastern Denmark,LOC,island,41,,,False
Q739779,Kythnos,kythnos,Greek cyclades island,LOC,island,41,,,False
Q1141858,Ajloun,ajloun,city,GPE,city,41,190200.0,Jordan,False
Q737831,Loa River,loa river,river in Chile,LOC,river,41,,,False
Q738734,Mainland,mainland,"main island of the Shetland Islands, Scotland, UK",LOC,island,41,,,False
Q214347,Kilkis,kilkis,city and district capital in Greece,GPE,city,41,,Greece,False
Q4461769,Bagmati River,bagmati river,river in Nepal and India,LOC,river,41,,,False
Q450722,Alzette,alzette,river of France and Luxembourg,LOC,river,41,,,False
Q634698,Kenema,kenema,city in Sierra Leone,GPE,city,41,188463.0,Sierra Leone,False
Q210313,Fugloy,fugloy,island,LOC,island,41,,,False
Q569904,Ouahigouya,ouahigouya,town in northern Burkina Faso,GPE,city,41,124580.0,Burkina Faso,False
Q734455,Shinano River,shinano river,longest river of Japan,LOC,river,41,,,False
Q733645,Sazan Island,sazan island,island in Albania,LOC,island,41,,,False
Q574469,Taza,taza,city in Morocco,GPE,city,41,148406.0,Morocco,False
Q115323,Sumbawanga,sumbawanga,city located in western Tanzania,GPE,city,41,147483.0,Tanzania,False
Q115465,Ciego de Ávila,ciego de ávila,city in Cuba,GPE,city,41,143449.0,Cuba,False
Q986100,Ridder,ridder,city,GPE,city,41,,Kazakhstan,False
Q1018160,Khachmaz,khachmaz,city in Azerbaijan,GPE,city,41,,Azerbaijan,False
Q404728,Aiguille du Midi,aiguille du midi,mountain,LOC,mountain,41,,,False
Q600893,Kasama,kasama,District in Northern province of Zambia,GPE,city,41,158051.0,Zambia,False
Q13700,Lake Texcoco,lake texcoco,former natural lake formation within the Valley of Mexico,LOC,lake,41,,,False
Q1357248,Kassari,kassari,island in Estonia,LOC,island,41,,,False
Q973951,Zbruch,zbruch,river in Ukraine,LOC,river,40,,,False
Q696228,Tanegashima,tanegashima,"island in Kagoshima, Japan",LOC,island,40,,,False
Q368275,Spetses,spetses,Greek island of the Argolic Gulf,LOC,island,40,,,False
Q363778,Lewis and Harris,lewis and harris,"largest island in Scotland, part of the Outer Hebrides",LOC,island,40,,,False
Q987745,Swords,swords,county town near Dublin in Ireland,GPE,city,40,,Ireland,False
Q986429,Olmaliq,olmaliq,city in Uzbekistan,GPE,city,40,141894.0,Uzbekistan,False
Q589163,Amreli,amreli,"city in Gujarat state, India",GPE,city,40,,India,False
Q728665,Annobón Island,annobón island,island of Equatorial Guinea,LOC,island,40,,,False
Q579702,Patan,patan,"city in Patan district, Gujarat, India",GPE,city,40,125497.0,India,False
Q685318,Mactan,mactan,island in the Philippines,LOC,island,40,,,False
Q847281,Urup,urup,"island in Kuril Islands, Russia",LOC,island,40,,,False
Q265336,Ammersee,ammersee,"lake in Upper Bavaria, Germany",LOC,lake,40,,,False
Q1576011,Riiser-Larsen Sea,riiser-larsen sea,sea,LOC,sea,40,,,False
Q851323,Tanaro,tanaro,river in northwestern Italy,LOC,river,40,,,False
Q852272,Vilkaviškis,vilkaviškis,"city in Marijampolė County, Lithuania",GPE,city,40,,Lithuania,False
Q849480,Napo River,napo river,tributary of the Amazon in Ecuador and Peru,LOC,river,40,,,False
Q849958,Graciosa,graciosa,"island of the Canaries, Spain",LOC,island,40,,,False
Q1146608,Moulouya River,moulouya river,river in Morocco,LOC,river,40,,,False
Q118821,Isla Salas y Gómez,isla salas y gómez,uninhabited Pacific island of Chile,LOC,island,40,,,False
Q635045,Ondjiva,ondjiva,human settlement,GPE,city,40,121537.0,Angola,False
Q451697,Ama Dablam,ama dablam,mountain in Nepal,LOC,mountain,40,,,False
Q285672,Moyobamba,moyobamba,"capital city of San Martín, Peru",GPE,city,40,,Peru,False
Q211766,Lot,lot,river in France,LOC,river,40,,,False
Q211665,Askja,askja,stratovolcano situated in a remote part of the central highlands of Iceland,LOC,volcano,40,,,False
Q655771,Hisar,hisar,city in Tajikistan,GPE,city,40,,Tajikistan,False
Q390096,Badulla,badulla,city in Sri Lanka,GPE,city,40,,Sri Lanka,False
Q865586,Galkayo,galkayo,city in Puntland,GPE,city,40,,Somalia,False
Q863461,Bimbo,bimbo,city,GPE,city,40,124176.0,Central African Republic,False
Q853332,Cauca River,cauca river,river in Colombia,LOC,river,40,,,False
Q154372,Monte Cassino,monte cassino,"rocky hill with monastery, southeast of Rome, Italy",LOC,mountain,40,,,False
Q1649301,Sar-e Pol,sar-e pol,"capital of Sar-e Pol Province, Afghanistan",GPE,city,40,,Afghanistan,False
Q842228,Sangüesa/Zangoza,sangüesa/zangoza,"municipality and city in Navarre, Spain",GPE,city,40,,Spain,False
Q847715,Joniškis,joniškis,city in northern Lithuania,GPE,city,40,,Lithuania,False
Q18730,Cërrik,cërrik,"town in Elbasan, Albania",GPE,city,40,,Albania,False
Q252848,Bregenz Forest,bregenz forest,"Region in Vorarlberg, Austria",LOC,valley,40,,,False
Q252385,White Drin,white drin,river in Kosovo and Albania,LOC,river,40,,,False
Q836965,Władysławowo,władysławowo,city of Poland,GPE,city,40,,Poland,False
Q540520,Meron,meron,mountain in the Upper Galilee in Israel,LOC,mountain,40,,,False
Q2421,River Forth,river forth,"river in Scotland, flows into the Firth of Forth",LOC,river,40,,,False
Q517670,Emba River,emba river,river in Kazakhstan,LOC,river,40,,,False
Q372872,Delvinë,delvinë,"town in Vlorë County, southern Albania",GPE,city,40,,Albania,False
Q835843,Varėna,varėna,city in Lithuania,GPE,city,40,,Lithuania,False
Q390783,Şəmkir,şəmkir,city in Azerbaijan,GPE,city,40,,Azerbaijan,False
Q390605,Plužine,plužine,city in Montenegro,GPE,city,40,,Montenegro,False
Q648709,Tursunzoda,tursunzoda,city in Tajikistan,GPE,city,40,,Tajikistan,False
Q646684,Mtwara,mtwara,city,GPE,city,40,,Tanzania,False
Q660758,Tino,tino,Italian island,LOC,island,40,,,False
Q1017710,Gubadly,gubadly,"city in Azerbaijan, administrative centre of the Qubadli District",GPE,city,40,,Azerbaijan,False
Q212040,Stóra Dímun,stóra dímun,island of the Faroe Islands,LOC,island,40,,,False
Q1996981,Akhurian River,akhurian river,river in Armenia and Turkey,LOC,river,40,,,False
Q51594,Puente Alto,puente alto,city and commune of Chile,GPE,city,40,573935.0,Chile,False
Q23145,Segre,segre,French-Spanish-Andorran river,LOC,river,40,,,False
Q55501,Nakdong River,nakdong river,river in South Korea,LOC,river,40,,,False
Q870063,Hkakabo Razi,hkakabo razi,mountain in Myanmar,LOC,mountain,40,,,False
Q521020,Huahine,huahine,island in French Polynesia,LOC,island,40,,,False
Q827047,Berovo,berovo,town in North Macedonia,GPE,city,40,,North Macedonia,False
Q818403,Sokółka,sokółka,city of Poland,GPE,city,40,,Poland,False
Q818019,Settat,settat,city in Morocco,GPE,city,40,171556.0,Morocco,False
Q167217,Abu Musa Island,abu musa island,"island in Abumusa County, Iran",LOC,island,40,,,False
Q750025,Pool Malebo,pool malebo,lake on the lower Congo River,LOC,lake,40,,,False
Q475219,Niutao,niutao,reef island of Tuvalu,LOC,island,40,,,False
Q14436,Lake Zug,lake zug,lake in Switzerland,LOC,lake,40,,,False
Q327348,Mount Gambier,mount gambier,city in South Australia,GPE,city,40,,Australia,False
Q1018862,Bárðarbunga,bárðarbunga,stratovolcano in Iceland,LOC,volcano,40,,,False
Q685808,Asadabad,asadabad,"capital of Kunar, Afghanistan",GPE,city,40,,Afghanistan,False
Q212806,Yuzhny Island,yuzhny island,island in Russia,LOC,island,40,,,False
Q216307,Q216307,q216307,"town in Greece, Peloponnese, Elis",GPE,city,40,,Greece,False
Q19716,River Great Ouse,river great ouse,river in the United Kingdom,LOC,river,40,,,False
Q2226,Slave River,slave river,river in Alberta and Northwest Territories,LOC,river,40,,,False
Q220701,Yonaguni,yonaguni,"island in Yaeyama Islands, Okinawa, Japan",LOC,island,40,,,False
Q923393,Lentvaris,lentvaris,city in Lithuania,GPE,city,40,,Lithuania,False
Q1982137,Médéa,médéa,Algerian city,GPE,city,40,138355.0,Algeria,False
Q246693,Ząbkowice Śląskie,ząbkowice śląskie,city of Poland,GPE,city,40,,Poland,False
Q23798,Eure,eure,river in France,LOC,river,40,,,False
Q171436,Uele,uele,river in the Democratic Republic of the Congo,LOC,river,40,,,False
Q15917,Slovenska Bistrica,slovenska bistrica,city in Slovenia,GPE,city,40,,Slovenia,False
Q840509,Rudolf Island,rudolf island,"island in Franz Josef Land, Russia",LOC,island,40,,,False
Q6453423,Isle of Lewis,isle of lewis,northern part of the Scottish island Lewis and Harris,LOC,peninsula,40,,,False
Q1967803,Aller,aller,"river in Germany, sidestream of the river Weser",LOC,river,40,,,False
Q331594,Abruka,abruka,island in Estonia,LOC,island,40,,,False
Q3311985,Guernsey,guernsey,"one of the Channel Islands, part of the Bailiwick of Guernsey, which is one of the British Crown Dependencies",LOC,island,40,,,False
Q914907,Khortytsia,khortytsia,largest island in the River Dnieper,LOC,island,40,,,False
Q1136609,Styr River,styr river,river in Belarus and Ukraine,LOC,river,40,,,False
Q1133858,Mologa,mologa,"river in Tver Oblast, Russia",LOC,river,40,,,False
Q586212,Monte Pissis,monte pissis,extinct volcano in the province of La Rioja in Argentina,LOC,mountain,40,,,False
Q581819,Praslin,praslin,"island in the Seychelles, Somali Sea",LOC,island,40,,,False
Q217262,Santa Maria Island,santa maria island,"island in the Azores, Portugal",LOC,island,40,,,False
Q292384,Île de Ré,île de ré,"island in Charente-Maritime, France",LOC,island,40,,,False
Q271564,Dusheti,dusheti,"town in Georgia, the administrative center of Dusheti Municipality",GPE,city,40,,Georgia,False
Q875573,Han River,han river,"longest tributary of the Yangtze River, China",LOC,river,40,,,False
Q831903,Lake Bohinj,lake bohinj,lake in Slovenia,LOC,lake,40,,,False
Q403446,Douma,douma,city in Syria,GPE,city,40,400000.0,Syria,False
Q712644,Baramulla,baramulla,"city in Kashmir, India",GPE,city,40,,India,False
Q707030,Shepparton,shepparton,"regional city in Victoria, Australia",GPE,city,40,,Australia,False
Q641923,Om,om,"river in Omsk and Novosibirsk Oblasts, Russia",LOC,river,40,,,False
Q476317,Tugela River,tugela river,river in South Africa,LOC,river,40,,,False
Q1130403,Wieprz,wieprz,"river in Poland, right tributary of the Vistula",LOC,river,40,,,False
Q733744,Filadelfia,filadelfia,"city and department capital of Boqueron, Paraguay",GPE,city,40,,Paraguay,False
Q62467,Coma Pedrosa,coma pedrosa,mountain in Andorra,LOC,mountain,40,,,False
Q432397,Narsaq,narsaq,town in Greenland,GPE,city,40,,Greenland,False
Q431533,Chingola,chingola,city,GPE,city,40,255000.0,Zambia,False
Q498671,Lake Hillier,lake hillier,"lake in Western Australia, Australia",LOC,lake,40,,,False
Q1047596,Guaviare River,guaviare river,river in Colombia,LOC,river,40,,,False
Q886946,Blue Lagoon,blue lagoon,lake in Iceland,LOC,lake,40,,,False
Q150062,Jamuna River,jamuna river,river in Bangladesh,LOC,river,40,,,False
Q1983932,Agdash,agdash,city in Azerbaijan,GPE,city,40,,Azerbaijan,False
Q822326,Mount Tahat,mount tahat,tallest mountain in Algeria,LOC,mountain,40,,,False
Q909799,Shanidar Cave,shanidar cave,archaeological site,LOC,cave,40,,,False
Q148505,Wolin,wolin,island in Poland,LOC,island,40,,,False
Q14684,Luga,luga,"river in Leningrad and Novgorod Oblasts, Russia",LOC,river,40,,,False
Q784682,Sozh,sozh,"river in Russia, Belarus, and Ukraine",LOC,river,40,,,False
Q1228827,Disko Island,disko island,"island in Baffin Bay, Greenland",LOC,island,40,,,False
Q470481,Amfissa,amfissa,Greek city in central Greece,GPE,city,40,,Greece,False
Q467632,Gardez,gardez,"city in Paktia Province, Afghanistan",GPE,city,40,,Afghanistan,False
Q943270,Sohar,sohar,a city in Oman,GPE,city,40,219264.0,Oman,False
Q335708,6th of October City,6th of october city,"City in Giza Governorate, Egypt",GPE,city,40,376302.0,Egypt,False
Q938739,San Lorenzo,san lorenzo,city in Paraguay,GPE,city,40,225395.0,Paraguay,False
Q147750,Zarasai,zarasai,city in Lithuania,GPE,city,40,,Lithuania,False
Q145715,Qusar,qusar,city in Azerbaijan,GPE,city,40,,Azerbaijan,False
Q752113,Tulcán,tulcán,"city in Ecuador, capital of the Carchi Province",GPE,city,40,,Ecuador,False
Q750679,Samawah,samawah,city in Iraq,GPE,city,40,215000.0,Iraq,False
Q216752,Flores Island,flores island,island of the Azores,LOC,island,40,,,False
Q81555,Taz,taz,"river in Krasnoyarsk Krai and Yamalo-Nenets AO, Russia",LOC,river,40,,,False
Q755752,Dessie,dessie,city,GPE,city,40,187900.0,Ethiopia,False
Q495501,Mount Kumgang,mount kumgang,mountain range in North Korea,LOC,mountain,40,,,False
Q494786,Ganghwa Island,ganghwa island,Island of Republic of Korea,LOC,island,40,,,False
Q1017314,Çolpon-Ata,çolpon-ata,town in Kyrgyzstan,GPE,city,40,,Kyrgyzstan,False
Q3136,Amrum,amrum,"island in North Frisia, Germany",LOC,island,40,,,False
Q932261,Sydney,sydney,"community in Nova Scotia, Canada",GPE,city,40,,Canada,False
Q1740527,Khambhat,khambhat,"city in Gujarat, India",GPE,city,40,,India,False
Q991400,Puerto Barrios,puerto barrios,"municipality and capital of Izabal Department, Guatemala",GPE,city,40,110846.0,Guatemala,False
Q941265,Ko Chang,ko chang,island in eastern Thailand,LOC,island,40,,,False
Q989492,Córdoba,córdoba,Mexican city,GPE,city,40,204721.0,Mexico,False
Q69116,Kuma–Manych Depression,kuma–manych depression,valley in Russia,LOC,valley,40,,,False
Q687629,Batu Caves,batu caves,"limestone hill that has a series of caves and cave temples in Gombak, Selangor, Malaysia",LOC,cave,40,,,False
Q605235,Goulburn,goulburn,"city in New South Wales, Australia",GPE,city,40,,Australia,False
Q2088480,Ambikapur,ambikapur,city in India,GPE,city,40,,India,False
Q855652,San Cristóbal Island,san cristóbal island,island in the Galápagos archipelago,LOC,island,40,,,False
Q530479,Mara River,mara river,river in Kenya and Tanzania,LOC,river,40,,,False
Q994114,Yola,yola,City in Nigeria,GPE,city,40,392854.0,Nigeria,False
Q994096,Makurdi,makurdi,city in Nigeria,GPE,city,40,170925.0,Nigeria,False
Q988689,Elephant Island,elephant island,island off the coast of Antarctica,LOC,island,40,,,False
Q949090,Rota,rota,island in the Northern Mariana Islands,LOC,island,39,,,False
Q30616,Heredia,heredia,"district in Heredia canton, and city of Heredia province, Costa Rica",GPE,city,39,,Costa Rica,False
Q378281,Tanna,tanna,island of Vanuatu,LOC,island,39,,,False
Q376708,Kazanka,kazanka,"river in Tatarstan, Russia",LOC,river,39,,,False
Q1000839,Ordubad,ordubad,city in the Nakhchivan Autonomous Republic of Azerbaijan,GPE,city,39,,Azerbaijan,False
Q979518,Barito River,barito river,"river in South Kalimantan, Indonesia",LOC,river,39,,,False
Q952429,Green River,green river,"river in Wyoming, Utah, and Colorado, in the United States, that is a tributary of the Colorado River",LOC,river,39,,,False
Q954488,Corvo Island,corvo island,island of the Azores,LOC,island,39,,,False
Q964949,River Dee,river dee,"river in Aberdeenshire, Scotland, UK, flows into the North Sea at Aberdeen",LOC,river,39,,,False
Q852550,Gonaïves,gonaïves,city,GPE,city,39,356324.0,Haiti,False
Q858250,Golmud,golmud,"county-level city in Haixi Prefecture, Qinghai Province, China",GPE,city,39,221863.0,People's Republic of China,False
Q2087713,Morbi,morbi,"city in Gujarat state, India",GPE,city,39,,India,False
Q605167,Potchefstroom,potchefstroom,city in the North West Province of South Africa,GPE,city,39,148804.0,South Africa,False
Q1365115,Lake Naivasha,lake naivasha,lake in Kenya,LOC,lake,39,,,False
Q1367638,Kansas River,kansas river,"river in northeastern Kansas, United States",LOC,river,39,,,False
Q606307,Wodonga,wodonga,"regional city in Victoria, Australia",GPE,city,39,,Australia,False
Q14052,Sangay volcano,sangay volcano,active stratovolcano in central Ecuador,LOC,mountain,39,,,False
Q990764,San Fernando de Apure,san fernando de apure,city of Venezuela,GPE,city,39,194274.0,Venezuela,False
Q1020087,Sviatohirsk,sviatohirsk,city of Ukraine,GPE,city,39,,Ukraine,False
Q216878,Lastovo,lastovo,island of Croatia,LOC,island,39,,,False
Q216985,Antiparos,antiparos,island in the Aegean Sea,LOC,island,39,,,False
Q317060,Altmühl,altmühl,"river in Bavaria, Germany",LOC,river,39,,,False
Q1043128,Shikotan,shikotan,island in South Kuril Islands,LOC,island,39,,,False
Q492551,Maio,maio,island of Cape Verde,LOC,island,39,,,False
Q819967,Kanin Peninsula,kanin peninsula,peninsula in the Barents Sea,LOC,peninsula,39,,,False
Q818749,Paramushir,paramushir,"island in Kuril Islands, Russia",LOC,island,39,,,False
Q456577,Inhambane,inhambane,city in southern Mozambique,GPE,city,39,,Mozambique,False
Q457865,Sulechów,sulechów,city of Poland,GPE,city,39,,Poland,False
Q597753,Canadian River,canadian river,river in the United States,LOC,river,39,,,False
Q60010,Kenai Peninsula,kenai peninsula,peninsula,LOC,peninsula,39,,,False
Q460971,Biecz,biecz,city of Poland,GPE,city,39,,Poland,False
Q754724,Gheorgheni,gheorgheni,"city in Harghita County, Romania",GPE,city,39,,Romania,False
Q275592,Pińczów,pińczów,town in Poland,GPE,city,39,,Poland,False
Q943374,Uliastai,uliastai,"capital city and sum (district) in Zavkhan Aimag, Mongolia",GPE,city,39,,Mongolia,False
Q794927,Charles River,charles river,"river in Massachusetts, United States",LOC,river,39,,,False
Q743016,Ballsh,ballsh,"town in Fier County, Albania",GPE,city,39,,Albania,False
Q772970,Brda,brda,river in Poland,LOC,river,39,,,False
Q774859,Bintan Island,bintan island,"island in Bintan Regency, Riau Islands Province, Indonesia",LOC,island,39,,,False
Q947069,Le Lamentin,le lamentin,French commune and city in Martinique,GPE,city,39,,France,False
Q1024667,Hazaribagh,hazaribagh,city,GPE,city,39,,India,False
Q319836,Pohnpei,pohnpei,island in Micronesia,LOC,island,39,,,False
Q1331959,Inhulets River,inhulets river,river in Ukraine,LOC,river,39,,,False
Q951906,Khojaly,khojaly,"city in Azerbaijan, administrative centre of the Khojaly District",GPE,city,39,,Azerbaijan,False
Q1996358,Amvrosiivka,amvrosiivka,"city in Donetsk Raion, Donetsk Oblast of Ukraine",GPE,city,39,,Ukraine,False
Q1011047,Gurjaani,gurjaani,town in Georgia,GPE,city,39,,Georgia,False
Q794813,Songea,songea,city in Tanzania,GPE,city,39,,Tanzania,False
Q774098,Kazimierz Dolny,kazimierz dolny,city of Poland,GPE,city,39,,Poland,False
Q825709,Gunnbjørn Fjeld,gunnbjørn fjeld,tallest mountain in Greenland,LOC,mountain,39,,,False
Q826041,Siberut Island,siberut island,"island in Mentawai Islands Regency, West Sumatra Province, Indonesia",LOC,island,39,,,False
Q15122,Weisshorn,weisshorn,mountain in the Pennine Alps,LOC,mountain,39,,,False
Q216849,Skúvoy,skúvoy,island in the Faroe Islands,LOC,island,39,,,False
Q438,Vrhnika,vrhnika,city in Slovenia,GPE,city,39,,Slovenia,False
Q819448,Vuoksa,vuoksa,river in Russia and Finland,LOC,river,39,,,False
Q733005,Guanare,guanare,city in Venezuela,GPE,city,39,192644.0,Venezuela,False
Q735609,Iringa,iringa,city,GPE,city,39,,Tanzania,False
Q641568,Malaita,malaita,island in Solomon Islands,LOC,island,39,,,False
Q757114,Palmaria,palmaria,"island in Liguria, Italy",LOC,island,39,,,False
Q191697,Peñón de Alhucemas,peñón de alhucemas,island in Spain,LOC,island,39,,,False
Q135970,Pilar,pilar,"town and district capital in Neembucu, Paraguay",GPE,city,39,,Paraguay,False
Q956932,Sagarejo,sagarejo,city in Georgia,GPE,city,39,,Georgia,False
Q134086,Al Jawf,al jawf,town in Libya,GPE,city,39,,Libya,False
Q4939409,Bolgatanga,bolgatanga,"capital of the Upper East Region, Ghana",GPE,city,39,,Ghana,False
Q226748,Zorkul,zorkul,lake in Afghanistan and Tajikistan,LOC,lake,39,,,False
Q828250,Cominotto,cominotto,island,LOC,island,39,,,False
Q831527,Djurgården,djurgården,"island and urban district in Stockholm, Sweden",LOC,island,39,,,False
Q242059,Andrijevica,andrijevica,town and the seat of Andrijevica Municipality in eastern Montenegro,GPE,city,39,,Montenegro,False
Q874369,Iset,iset,"river in Sverdlovsk, Tyumen, and Kurgan Oblasts, Russia",LOC,river,39,,,False
Q27161,Körfez,körfez,district and town of the Kocaeli Province in Turkey,GPE,city,39,165503.0,Turkey,False
Q1520301,Nusapenida Island,nusapenida island,"island in Klungkung Regency, Bali Province, Indonesia",LOC,island,39,,,False
Q791766,Awka,awka,"town in Awka-South Local Government Area, Anambra State, Nigeria",GPE,city,39,301657.0,Nigeria,False
Q1822209,Goychay,goychay,city in Azerbaijan,GPE,city,39,,Azerbaijan,False
Q497154,Jastarnia,jastarnia,city of Poland,GPE,city,39,,Poland,False
Q1134536,Horyn,horyn,river in Ukraine and Belarus,LOC,river,39,,,False
Q11198998,Chittoor,chittoor,"city in Chittoor district, Andhra Pradesh, India",GPE,city,39,160722.0,India,False
Q916349,Guaporé River,guaporé river,river of Brazil & Bolivia,LOC,river,39,,,False
Q279009,David,david,"capital of the province of Chiriquí, Panama",GPE,city,39,,Panama,False
Q28042,Holbæk,holbæk,town in Denmark,GPE,city,39,,Denmark,False
Q280709,Yavatmal,yavatmal,city in Maharashtra state of India,GPE,city,39,116551.0,India,False
Q498048,Pemba,pemba,city in Mozambique,GPE,city,39,141316.0,Mozambique,False
Q837267,Prince Charles Island,prince charles island,"island in Nunavut, Canada",LOC,island,39,,,False
Q837723,Maglić,maglić,highest mountain of Bosnia and Herzegovina,LOC,mountain,39,,,False
Q2462135,Dharashiv,dharashiv,"city in Maharashtra, India",GPE,city,39,112085.0,India,False
Q1772819,Wardha,wardha,city,GPE,city,39,,India,False
Q34995,Cobija,cobija,city and municipality of Bolivia,GPE,city,39,,Bolivia,False
Q916382,Ollantaytambo,ollantaytambo,city,GPE,city,39,,Peru,False
Q223379,Aitutaki,aitutaki,island of the Cook Islands,LOC,island,39,,,False
Q674320,Cerro de Pasco,cerro de pasco,"capital city of Pasco, Peru",GPE,city,39,,Peru,False
Q19709,River Avon,river avon,"river in Warwickshire, UK",LOC,river,39,,,False
Q1018014,Buton Island,buton island,"island in Southeast Sulawesi Province, Indonesia",LOC,island,39,,,False
Q14311,Júcar,júcar,river in Spain,LOC,river,39,,,False
Q972756,Sheikhupura,sheikhupura,"city in Punjab, Pakistan",GPE,city,39,473129.0,Pakistan,False
Q506578,Baidoa,baidoa,city in Somalia,GPE,city,39,,Somalia,False
Q748040,Mount Hiei,mount hiei,"mountain in Kyōto, Kyōto prefefecture and Ōtsu, Shiga Prefectures, Japan",LOC,mountain,39,,,False
Q541157,Goli otok,goli otok,island of Croatia,LOC,island,39,,,False
Q546146,Lake Wörther,lake wörther,lake,LOC,lake,39,,,False
Q1012924,Ceadîr-Lunga,ceadîr-lunga,city in Moldova,GPE,city,39,,Moldova,False
Q1918837,Bogura,bogura,"City in Rajshahi Division, Bangladesh",GPE,city,39,400983.0,Bangladesh,False
Q1922257,Ratnagiri,ratnagiri,"city in Ratnagiri district, Konkan division, Maharashtra, India",GPE,city,39,,India,False
Q863102,Kostroma,kostroma,"river in Kostroma and Yaroslavl Oblasts, Russia",LOC,river,39,,,False
Q870069,Chindwin River,chindwin river,river in Myanmar,LOC,river,39,,,False
Q128097,Cape Farewell,cape farewell,cape in Greenland,LOC,cape,39,,,False
Q516769,Faya-Largeau,faya-largeau,"place in Borkou, Chad",GPE,city,39,,Chad,False
Q657428,Merca,merca,port city in the southern Lower Shebelle province of Somalia,GPE,city,39,230100.0,Somalia,False
Q200003,Hornindalsvatnet,hornindalsvatnet,"lake in Norway, and Europe's deepest lake",LOC,lake,39,,,False
Q1017662,Qakh,qakh,city in Azerbaijan,GPE,city,39,,Azerbaijan,False
Q983435,San José de Mayo,san josé de mayo,"city in Uruguay, departmental capital of San José",GPE,city,39,,Uruguay,False
Q933778,Rakaposhi,rakaposhi,mountain in Pakistan,LOC,mountain,39,,,False
Q1023513,Kurakhove,kurakhove,"city in Pokrovsk Raion, Donetsk Oblast, Ukraine",GPE,city,39,,Ukraine,False
Q743908,Filicudi,filicudi,"island in Italy, the ancient Phoenicusa",LOC,island,39,,,False
Q654352,Jostedal Glacier,jostedal glacier,largest glacier in continental Europe,LOC,glacier,39,,,False
Q1014511,Uyuni,uyuni,city in Bolivia,GPE,city,39,,Bolivia,False
Q830631,Gisenyi,gisenyi,Rubavu is located in the Western Province and borders the city of Goma in the Democratic Republic of Congo. A Pleasant Place to Visit,GPE,city,39,,Rwanda,False
Q858808,Osorno,osorno,stratovolcano in Chile,LOC,volcano,39,,,False
Q859440,King George Island,king george island,island of the South Shetland Islands,LOC,island,39,,,False
Q513216,Kelut,kelut,crater lake in Indonesia,LOC,volcano,39,,,False
Q514626,Tubuai,tubuai,main island of the Tubuai Island group,LOC,island,39,,,False
Q829886,Lindi,lindi,town in Tanzania,GPE,city,39,,Tanzania,False
Q248654,Komsomolets Island,komsomolets island,"island in Severnaya Zemlya, Russia",LOC,island,39,,,False
Q540067,Oskil,oskil,river in Russia and Ukraine,LOC,river,39,,,False
Q854109,Luanshya,luanshya,city in Zambia,GPE,city,39,147400.0,Zambia,False
Q847691,Maniitsoq,maniitsoq,town in Greenland,GPE,city,39,,Kingdom of Denmark,False
Q867573,Freeport,freeport,"city, district and free trade zone on Grand Bahama",GPE,city,39,,The Bahamas,False
Q247248,Sambhal,sambhal,city in India,GPE,city,39,220813.0,India,False
Q654259,Bukoba,bukoba,"city in Kagera, Tanzania",GPE,city,39,,Tanzania,False
Q1140988,Debed,debed,river in Arnenia and Georgia,LOC,river,39,,,False
Q737640,Salhyr,salhyr,"river in Crimea, Ukraine",LOC,river,39,,,False
Q527268,Caguas,caguas,municipality in Puerto Rico,GPE,city,39,127244.0,United States,False
Q545767,Paamiut,paamiut,town in Greenland,GPE,city,39,,Kingdom of Denmark,False
Q172581,Katni,katni,city,GPE,city,39,,India,False
Q935821,Senja,senja,island in Norway,LOC,island,39,,,False
Q936023,Rufiji River,rufiji river,river in Tanzania,LOC,river,39,,,False
Q256782,Busko-Zdrój,busko-zdrój,city of Poland,GPE,city,39,,Poland,False
Q850202,Punta de Tarifa,punta de tarifa,southernmost point of the Iberian Peninsula and Continental Europe,LOC,cape,39,,,False
Q847641,Wei River,wei river,river in west-central China's Gansu and Shaanxi provinces,LOC,river,39,,,False
Q848670,Oglio,oglio,river in Italy,LOC,river,39,,,False
Q15656,Mondego River,mondego river,river in Portugal,LOC,river,39,,,False
Q26544,La Soufrière,la soufrière,Volcano on the island of Saint Vincent in the Caribbean,LOC,mountain,39,,,False
Q861827,Bokaro Steel City,bokaro steel city,steel city of India,GPE,city,39,,India,False
Q163384,Iori River,iori river,River in Georgia and Azerbaijan,LOC,river,39,,,False
Q385341,Jimma,jimma,city in southwestern Ethiopia,GPE,city,39,177900.0,Ethiopia,False
Q209393,Ghat,ghat,town in Libya,GPE,city,39,,Libya,False
Q692922,Novarupta,novarupta,"volcano in Katmai National Park, Alaska, USA",LOC,volcano,39,,,False
Q999076,Dera Ghazi Khan,dera ghazi khan,"city in Punjab, Pakistan",GPE,city,39,399064.0,Pakistan,False
Q1020384,Labé,labé,city in Guinea,GPE,city,39,107695.0,Guinea,False
Q369773,Nitra,nitra,river in Slovakia,LOC,river,39,,,False
Q403657,Great Glen,great glen,"100km length valley bisecting Highland, Scotland, UK, between Inverness and Fort William",LOC,valley,39,,,False
Q697278,Amami Ōshima,amami ōshima,island within Ryukyu Islands,LOC,island,39,,,False
Q953140,Beloye Lake,beloye lake,"lake in Vologda Oblast, Russia",LOC,lake,38,,,False
Q949183,Tungabhadra River,tungabhadra river,river in India,LOC,river,38,,,False
Q974525,Panjshir Valley,panjshir valley,valley,LOC,valley,38,,,False
Q1369204,Samosir Island,samosir island,"island in Samosir Regency, North Sumatra Province, Indonesia",LOC,island,38,,,False
Q557383,Deir al-Balah,deir al-balah,city in the State of Palestine,GPE,city,38,,Palestine,False
Q1006355,Sagar,sagar,"city in Madhya Pradesh, India",GPE,city,38,,India,False
Q584515,Amroha,amroha,city in India,GPE,city,38,,India,False
Q583818,Ichalkaranji,ichalkaranji,city in Kolhapur district in the Indian state of Maharashtra,GPE,city,38,287570.0,India,False
Q5478122,Oum El Bouaghi,oum el bouaghi,city in Algeria,GPE,city,38,,Algeria,False
Q925688,Uludağ,uludağ,mountain in western Turkey,LOC,mountain,38,,,False
Q1342847,Samur,samur,"river in Russia and Azerbaijan, flowing into the Caspian Sea",LOC,river,38,,,False
Q994085,Lokoja,lokoja,local government area of Nigeria,GPE,city,38,196643.0,Nigeria,False
Q41172,Ulleungdo,ulleungdo,island,LOC,island,38,,,False
Q989297,Rahim Yar Khan,rahim yar khan,"city in Rahim Yar Khan, Punjab, Pakistan",GPE,city,38,420419.0,Pakistan,False
Q4110,Cape Arkona,cape arkona,"cape on the island of Rügen in Mecklenburg-Vorpommern, Germany",LOC,cape,38,,,False
Q202905,Lake Okeechobee,lake okeechobee,"freshwater lake in the state of Florida, USA",LOC,lake,38,,,True
Q601142,Masvingo,masvingo,City in Zimbabwe,GPE,city,38,1638528.0,Zimbabwe,False
Q729705,Bureya,bureya,"river in Khabarovsk Krai and Amur Oblast, Russia",LOC,river,38,,,False
Q615470,Las Piedras,las piedras,"city in Canelones Department, Uruguay",GPE,city,38,,Uruguay,False
Q615006,Ho,ho,"Volta regional capital, Ghana",GPE,city,38,125914.0,Ghana,False
Q613246,Barawa,barawa,village in Somalia,GPE,city,38,,Somalia,False
Q695947,Ingoda,ingoda,"river in Zabaykalsky Krai, Russia",LOC,river,38,,,False
Q746975,Lake Chilwa,lake chilwa,lake in Malawi,LOC,lake,38,,,False
Q324971,Dąbrowa Tarnowska,dąbrowa tarnowska,city of Poland,GPE,city,38,,Poland,False
Q341983,Gjeravica,gjeravica,mountain in Kosovo,LOC,mountain,38,,,False
Q985803,N'dalatando,ndalatando,city,GPE,city,38,161584.0,Angola,False
Q334225,Li River,li river,river in the People's Republic of China,LOC,river,38,,,False
Q746779,Ruvuma River,ruvuma river,river,LOC,river,38,,,False
Q679277,Wildspitze,wildspitze,mountain,LOC,mountain,38,,,False
Q2094012,Võhandu River,võhandu river,river in Estonia,LOC,river,38,,,False
Q203301,Umuahia,umuahia,"city in the Eastern land, Nigeria",GPE,city,38,359230.0,Nigeria,False
Q62937,Pułtusk,pułtusk,city of Poland,GPE,city,38,,Poland,False
Q747935,Sikinos,sikinos,"Greek island and municipality in the Cyclades, Greece",LOC,island,38,,,False
Q19691,River Bann,river bann,the longest river in Northern Ireland,LOC,river,38,,,False
Q115006,Artemisa,artemisa,"city and capital of Artemisa province, Cuba",GPE,city,38,,Cuba,False
Q639467,Tsumeb,tsumeb,city in Namibia,GPE,city,38,,Namibia,False
Q2176882,Yüksekova district,yüksekova district,"district of Hakkari, southeastern Turkey",GPE,city,38,119760.0,Turkey,False
Q19378,Giannutri,giannutri,island in the Mediterranean Sea,LOC,island,38,,,False
Q983896,Alwernia,alwernia,city of Poland,GPE,city,38,,Poland,False
Q470777,Mount Amiata,mount amiata,"lava dome in Tuscany, Italy",LOC,mountain,38,,,False
Q1009384,Weno,weno,island in Federated States of Micronesia,LOC,island,38,,,False
Q756244,Tupungato Volcano,tupungato volcano,Volcanic dome in the Andes,LOC,mountain,38,,,False
Q1140980,Mount Song,mount song,"mountain in Henan province, China",LOC,mountain,38,,,False
Q19146,Morotai Island,morotai island,"island in Morotai Island Regency, North Maluku Province, Indonesia",LOC,island,38,,,False
Q227072,Zouérat,zouérat,city in Mauritania,GPE,city,38,,Mauritania,False
Q763829,Jezreel Valley,jezreel valley,valley in Israel,LOC,valley,38,,,False
Q762752,Fair Isle,fair isle,"island at the south of the Shetland Islands, Scotland, UK",LOC,island,38,,,False
Q668180,Muhanga,muhanga,city in Rwanda,GPE,city,38,319141.0,Rwanda,False
Q648551,Nevado del Huila,nevado del huila,second highest mountain in Colombia,LOC,mountain,38,,,False
Q647941,Alonnisos,alonnisos,Greek island in the Aegean Sea and Municipality,LOC,island,38,,,False
Q1139538,Nuptse,nuptse,mountain in Himalaya,LOC,mountain,38,,,False
Q757314,Atlasov Island,atlasov island,island in Russia,LOC,volcano,38,,,False
Q790453,Lake Baringo,lake baringo,lake,LOC,lake,38,,,False
Q1434796,Tamworth,tamworth,"city in New South Wales, Australia",GPE,city,38,,Australia,False
Q1006277,Mandya,mandya,city in Indian state of Karnataka,GPE,city,38,131211.0,India,False
Q213707,Grímsey,grímsey,human settlement,LOC,island,38,,,False
Q2006112,Drochia,drochia,city in Moldova,GPE,city,38,,Moldova,False
Q643284,Chicago River,chicago river,"river in Chicago, Illinois, United States",LOC,river,38,,,False
Q686167,Trzebinia,trzebinia,city of Poland,GPE,city,38,,Poland,False
Q680596,San Pedro de Macorís,san pedro de macorís,city in the Dominican Republic,GPE,city,38,217141.0,Dominican Republic,False
Q477676,Gomti River,gomti river,river in India,LOC,river,38,,,False
Q1025339,Gulangyu,gulangyu,island of China,LOC,island,38,,,False
Q1024682,La Désirade,la désirade,island of Lesser Antilles,LOC,island,38,,,False
Q2768828,Muzaffarnagar,muzaffarnagar,city and a municipal board in the Indian state of Uttar Pradesh,GPE,city,38,392768.0,India,False
Q898718,Tilos,tilos,island in Greece,LOC,island,38,,,False
Q909777,Roosevelt Island,roosevelt island,"island on East River in New York City, United States",LOC,island,38,,,False
Q148749,Mainland,mainland,"main island of the Orkney Islands, Scotland, UK",LOC,island,38,,,False
Q642226,East Falkland,east falkland,island in the Falkland Islands,LOC,island,38,,,False
Q794502,King Island,king island,island between mainland Australia and Tasmania,LOC,island,38,,,False
Q46319,Sükhbaatar,sükhbaatar,"city in Mongolia, administrative center of Selenge Province",GPE,city,38,,Mongolia,False
Q462766,Solan,solan,city in Himachal Pradesh,GPE,city,38,,India,False
Q27176,Al Bahah,al bahah,city in Saudi Arabia,GPE,city,38,,Saudi Arabia,False
Q1334492,Marie-Galante,marie-galante,"island in Guadeloupe, French Antilles",LOC,island,38,,,False
Q322824,Signal de Botrange,signal de botrange,mountain,LOC,mountain,38,,,False
Q1024728,Wangaratta,wangaratta,"city in Victoria, Australia",GPE,city,38,,Australia,False
Q1043657,River Dee,river dee,river in England and Wales,LOC,river,38,,,False
Q1015796,Victor Harbor,victor harbor,city in South Australia,GPE,city,38,,Australia,False
Q945055,Bulgan,bulgan,"Capital city and sum (district) of Bulgan Province, Mongolia",GPE,city,38,,Mongolia,False
Q723677,Huaral,huaral,"capital city of Huaral, Lima, Peru",GPE,city,38,,Peru,False
Q631581,Achill Island,achill island,"largest of the Irish isles, situated off the west coast of Ireland",LOC,island,38,,,False
Q63141,Lake Orta,lake orta,lake in Italy,LOC,lake,38,,,False
Q630397,Sabarmati,sabarmati,river of India,LOC,river,38,,,False
Q1487593,Rampur,rampur,"city in Uttar Pradesh, India",GPE,city,38,,India,False
Q1248,Viso,viso,"the highest mountain of the Cottian Alps, located in Italy",LOC,mountain,38,,,False
Q619297,Cape Adare,cape adare,"north-easternmost peninsula in Victoria Land, East Antarctica",LOC,cape,38,,,False
Q822822,Izu Peninsula,izu peninsula,peninsula in Japan,LOC,peninsula,38,,,False
Q27163,Kladovo,kladovo,town and municipality in Serbia,GPE,city,38,,Serbia,False
Q943290,Sainshand,sainshand,"capital city and sum (district) of Dornogovi Aimag (province), Mongolia",GPE,city,38,,Mongolia,False
Q1017183,Erigavo,erigavo,capital of the Sanaag region of Somaliland,GPE,city,38,,Somaliland,False
Q317036,Regen,regen,river in Germany,LOC,river,38,,,False
Q890651,Lake Bogoria,lake bogoria,meromictic lake,LOC,lake,38,,,False
Q880254,Irkut,irkut,"river in Buryatia and Irkutsk Oblast, Russia",LOC,river,38,,,False
Q760146,Bhilwara,bhilwara,city in India,GPE,city,38,,India,False
Q2415345,Ilovaisk,ilovaisk,"city in Donetsk Raion, Donetsk Oblast of Ukraine",GPE,city,38,,Ukraine,False
Q594387,Mount Baker,mount baker,"stratovolcano in Washington State, United States",LOC,mountain,38,,,False
Q593025,Snæfellsnes,snæfellsnes,peninsula in western Iceland,LOC,peninsula,38,,,False
Q216848,Svínoy,svínoy,island of the Faroe Islands,LOC,island,38,,,False
Q246685,Polkowice,polkowice,city of Poland,GPE,city,38,,Poland,False
Q246554,Dolisie,dolisie,city,GPE,city,38,117920.0,Republic of the Congo,False
Q169998,Cape Nordkinn,cape nordkinn,"cape in Finnmark, Norway",LOC,cape,38,,,False
Q249226,Zangilan,zangilan,"city in Azerbaijan, administrative center of the Zangilan District",GPE,city,38,,Azerbaijan,False
Q217347,Indre River,indre river,"river in France, tributary of the Loire",LOC,river,38,,,False
Q776887,Kurunegala,kurunegala,human settlement,GPE,city,38,,Sri Lanka,False
Q1989793,Balakan,balakan,city in Azerbaijan,GPE,city,38,,Azerbaijan,False
Q592315,Graciosa Island,graciosa island,"island of Azores, Portugal",LOC,island,38,,,False
Q580019,Oulujärvi,oulujärvi,"lake of Northern Ostrobothnia and Kainuu, Finland",LOC,lake,38,,,False
Q500954,Arda,arda,river in Bulgaria and Greece,LOC,river,38,,,False
Q933165,Reconquista,reconquista,"city in Santa Fe Province, Argentina",GPE,city,38,,Argentina,False
Q304413,Diyala River,diyala river,river in Iraq and Iran,LOC,river,38,,,False
Q1050238,Namcha Barwa,namcha barwa,"mountain in Tibet, China",LOC,mountain,38,,,False
Q864843,Alma,alma,river in Crimea,LOC,river,38,,,False
Q864697,Cheptsa,cheptsa,"river in Perm Krai, Udmurtia, and Kirov Oblast, Russia",LOC,river,38,,,False
Q1775128,Gómez Palacio,gómez palacio,"municipal seat of Gómez Palacio, State of Durango, Mexico",GPE,city,38,342286.0,Mexico,False
Q797568,Babahoyo,babahoyo,"capital of the Los Ríos Province, Ecuador",GPE,city,38,,Ecuador,False
Q809657,Baruun-Urt,baruun-urt,"Capital city and sum (district) of Sükhbaatar Aimag, Mongolia",GPE,city,38,,Mongolia,False
Q223212,Barra,barra,"island in Outer Hebrides, Scotland, UK",LOC,island,38,,,False
Q1004298,Kalvarija,kalvarija,city in Lithuania,GPE,city,38,,Lithuania,False
Q15911,Ravne na Koroškem,ravne na koroškem,city in Slovenia,GPE,city,38,,Slovenia,False
Q1680,Mulde,mulde,"river in Saxony and Saxony-Anhalt, Germany",LOC,river,38,,,False
Q854295,Masherbrum,masherbrum,"mountain in Pakistan, the highest peak of Masherbrum Mountains",LOC,mountain,38,,,False
Q155298,Kara Darya,kara darya,river in Kyrgyzstan and Uzbekistan,LOC,river,38,,,False
Q927933,Tarapoto,tarapoto,city of Peru,GPE,city,38,240453.0,Peru,False
Q1048890,Kodori River,kodori river,river in Georgia,LOC,river,38,,,False
Q283622,Atrek River,atrek river,river,LOC,river,38,,,False
Q805946,Bambari,bambari,city,GPE,city,38,,Central African Republic,False
Q1672472,Irazú Volcano,irazú volcano,mountain in Costa Rica,LOC,volcano,38,,,False
Q391582,Šilalė,šilalė,city in Lithuania,GPE,city,38,,Lithuania,False
Q1012831,Nizip,nizip,"district in Gaziantep Province, Turkey",GPE,city,38,142389.0,Turkey,False
Q818765,Shinyanga,shinyanga,city in Tanzania,GPE,city,38,107362.0,Tanzania,False
Q1949422,Saharsa,saharsa,"city in Bihar, India",GPE,city,38,156540.0,India,False
Q539983,Agistri,agistri,Greek island of the Saronic Gulf,LOC,island,38,,,False
Q1069922,Ko Pha-ngan,ko pha-ngan,island in the gulf of Thailand,LOC,island,38,,,False
Q24853,Gran Valira,gran valira,river in Andorra and Spain,LOC,river,38,,,False
Q390969,Šakiai,šakiai,city in Lithuania,GPE,city,38,,Lithuania,False
Q1786045,Mao,mao,city in Chad,GPE,city,38,,Chad,False
Q259497,Krynica-Zdrój,krynica-zdrój,"city in Lesser Poland Voivodeship, Poland",GPE,city,38,,Poland,False
Q917690,Zuunmod,zuunmod,"Capital city of Töv Aimag, Mongolia",GPE,city,38,,Mongolia,False
Q910616,Ebolowa,ebolowa,City of Cameroon,GPE,city,38,,Cameroon,False
Q893554,Borgholm,borgholm,"city and the seat of Borgholm Municipality, Kalmar County, Sweden",GPE,city,38,,Sweden,False
Q849911,Cape Matapan,cape matapan,"cape at south tip of Greece, ancient Taenarum",LOC,cape,38,,,False
Q261892,Kratié,kratié,capital of the same named Cambodian province,GPE,city,38,,Cambodia,False
Q1636630,Kasari River,kasari river,river in Estonia,LOC,river,38,,,False
Q855717,Sisophon,sisophon,city in Cambodia,GPE,city,38,,Cambodia,False
Q855634,Serowe,serowe,city in Botswana,GPE,city,38,,Botswana,False
Q847315,Musoma,musoma,city,GPE,city,38,103497.0,Tanzania,False
Q537627,Fungus Rock,fungus rock,small islet in Gozo,LOC,island,38,,,False
Q844423,Teyateyaneng,teyateyaneng,city in Lesotho,GPE,city,38,,Lesotho,False
Q845876,Lake of the Woods,lake of the woods,large glacial lake in the Canadian provinces of Manitoba and Ontario and the U.S. state of Minnesota,LOC,lake,38,,,False
Q162741,Teteriv,teteriv,right tributary of the Dnieper River in Ukraine,LOC,river,38,,,False
Q1641083,Murray Bridge,murray bridge,city in South Australia,GPE,city,38,,Australia,False
Q524612,Paatsjoki,paatsjoki,"river that flows in Finland, Norway and Russia",LOC,river,38,,,False
Q271043,Sea of Åland,sea of åland,"sea between the Finnish Åland islands and the Swedish mainland, part of the Baltic Sea",LOC,sea,38,,,False
Q849129,Mount Richard-Molard,mount richard-molard,mountain in Guinea and Cote d'Ivoire,LOC,mountain,38,,,False
Q847893,Voronezh,voronezh,"river in Tambov, Lipetsk, and Voronezh Oblasts, Russia",LOC,river,38,,,False
Q1321671,Luangwa River,luangwa river,river in Zambia,LOC,river,38,,,False
Q1321311,Nosy Boraha,nosy boraha,island in Madagascar,LOC,island,38,,,False
Q1357713,Mount Lycabettus,mount lycabettus,"Cretaceous limestone hill in Athens, Greece",LOC,mountain,38,,,False
Q993149,Otjiwarongo,otjiwarongo,city in Namibia,GPE,city,38,,Namibia,False
Q995163,Tawau,tawau,"A town, division and district in Sabah, Malaysia",GPE,city,38,113809.0,Malaysia,False
Q567332,Annopol,annopol,city of Poland,GPE,city,38,,Poland,False
Q994255,Orašje,orašje,city in Bosnia and Herzegovina,GPE,city,38,,Bosnia and Herzegovina,False
Q991395,Saada,saada,human settlement,GPE,city,38,,Yemen,False
Q392840,Ibar,ibar,"river in Montenegro, Serbia and Kosovo",LOC,river,38,,,False
Q1419813,Roatán,roatán,largest island of Honduras,LOC,island,38,,,False
Q310892,al-Bab,al-bab,"district city of Aleppo, Syria",GPE,city,38,144705.0,Syria,False
Q954645,Little Zab,little zab,river in Iran and Iraq,LOC,river,37,,,False
Q1709695,Hathras,hathras,city in India,GPE,city,37,,India,False
Q390370,Windermere,windermere,largest natural lake in England,LOC,lake,37,,,False
Q119152,Eurotas,eurotas,"river of Peloponnese, Greece",LOC,river,37,,,False
Q70970,Çoruh River,çoruh river,river in Georgia and Turkey,LOC,river,37,,,False
Q606153,Port Macquarie,port macquarie,"city in New South Wales, Australia",GPE,city,37,,Australia,False
Q2088349,Aïn Beïda,aïn beïda,"commune and city in Oum El Bouaghi Province, Algeria",GPE,city,37,116064.0,Algeria,False
Q724465,Ket,ket,"river in Siberia, tributary of the Ob",LOC,river,37,,,False
Q1165587,Mius,mius,river in Ukraine and Russia,LOC,river,37,,,False
Q1025462,Nepalgunj,nepalgunj,"city in Banke District, Nepal",GPE,city,37,,Nepal,False
Q1056741,Mount Terror,mount terror,"volcano on Ross Island, Antarctica",LOC,mountain,37,,,False
Q269407,Dender,dender,river in Belgium,LOC,river,37,,,False
Q268282,Gonâve Island,gonâve island,island and arrondissement of Haiti,LOC,island,37,,,False
Q1922275,Mandsaur,mandsaur,human settlement in India,GPE,city,37,141667.0,India,False
Q847785,Colorado River,colorado river,"river in Texas, United States",LOC,river,37,,,False
Q158847,Sauer,sauer,"river in Belgium, Luxembourg and German border",LOC,river,37,,,False
Q1000844,Khojavend,khojavend,"city in Azerbaijan, administrative centre of the Khojavend District",GPE,city,37,,Azerbaijan,False
Q68939,Sakmara,sakmara,"river in Bashkiria, Russia",LOC,river,37,,,False
Q698516,Attersee,attersee,lake in Upper Austria,LOC,lake,37,,,False
Q743570,Alboran Island,alboran island,little island in the Mediterranean sea,LOC,island,37,,,False
Q743362,São Jorge Island,são jorge island,"island of the Azores, Portugal",LOC,island,37,,,False
Q526568,Tôlanaro,tôlanaro,city in Madagascar,GPE,city,37,,Madagascar,False
Q52603,Ksar el-Kebir,ksar el-kebir,city in northwest Morocco,GPE,city,37,124701.0,Morocco,False
Q170715,Kasane,kasane,town in Botswana,GPE,city,37,,Botswana,False
Q1627534,Valley of Egüés,valley of egüés,"municipality and valle in Navarre, Spain",LOC,valley,37,,,False
Q522100,Cetina,cetina,river in Croatia,LOC,river,37,,,False
Q519873,Anegada,anegada,island in British Virgin Islands,LOC,island,37,,,False
Q862612,Bundi,bundi,"city in Bundi district, Rajasthan, India",GPE,city,37,103286.0,India,False
Q525940,Ko Tao,ko tao,island in the Gulf of Thailand,LOC,island,37,,,False
Q26728,Sierra Nevada de Santa Marta,sierra nevada de santa marta,mountain range,LOC,glacier,37,,,False
Q265997,Imandra,imandra,"lake in Murmansk Oblast, Russia",LOC,lake,37,,,False
Q324941,Żnin,żnin,city of Poland,GPE,city,37,,Poland,False
Q988225,Tapachula de Córdova y Ordóñez,tapachula de córdova y ordóñez,"municipal seat of Tapachula, State of Chiapas, Mexico",GPE,city,37,217550.0,Mexico,False
Q422487,James River,james river,"river in Virginia, United States",LOC,river,37,,,False
Q1896205,Tell Abyad,tell abyad,village in Syria,GPE,city,37,,Syria,False
Q459948,Ambrym,ambrym,volcanic island in the archipelago of Vanuatu,LOC,mountain,37,,,False
Q44729,Weisse Elster,weisse elster,river,LOC,river,37,,,False
Q324884,Brzesko,brzesko,city of Poland,GPE,city,37,,Poland,False
Q20118,Turia,turia,Spanish river,LOC,river,37,,,False
Q675028,Dora Baltea,dora baltea,"river in Italy, Po tributary",LOC,river,37,,,False
Q922959,Glyfada,glyfada,"southern suburb of Athens, Greece",GPE,city,37,,Greece,False
Q912253,North Bay,north bay,"city in Ontario, Canada",GPE,city,37,,Canada,False
Q910997,Wyszków,wyszków,city of Poland,GPE,city,37,,Poland,False
Q277441,Mount Wilhelm,mount wilhelm,highest mountain in Papua New Guinea,LOC,mountain,37,,,False
Q893092,Borama,borama,city in Somalia,GPE,city,37,,Somalia,False
Q851568,Kvitøya,kvitøya,island in the Svalbard archipelago in the Arctic Ocean,LOC,island,37,,,False
Q264040,Ugra,ugra,"river in Smolensk and Kaluga Oblasts, Russia",LOC,river,37,,,False
Q844878,Bo,bo,city of Sierra Leone,GPE,city,37,233684.0,Sierra Leone,False
Q18709,Patos,patos,"town in Fier County, Albania",GPE,city,37,,Albania,False
Q255379,Lovat,lovat,"river in Belarus and Russia, flows into Lake Ilmen",LOC,river,37,,,False
Q835856,Kuršėnai,kuršėnai,city in Lithuania,GPE,city,37,,Lithuania,False
Q833946,Nueva Gerona,nueva gerona,"city on Isle of Youth, Cuba",GPE,city,37,,Cuba,False
Q1302768,Mount Hasan,mount hasan,"mountain in Aksaray, Turkey",LOC,mountain,37,,,False
Q165383,Als,als,Danish island in the Baltic Sea,LOC,island,37,,,False
Q1648807,Valle de Elorz / Elortzibar,valle de elorz / elortzibar,municipality of Spain,LOC,valley,37,,,False
Q1643788,Kapova Cave,kapova cave,"cave in Bashkortostan, Russia",LOC,cave,37,,,False
Q616877,Louny,louny,town in Czech Republic,GPE,city,37,,Czech Republic,False
Q636209,Mufulira,mufulira,"place in Copperbelt Province, Zambia",GPE,city,37,182400.0,Zambia,False
Q695081,Yarra River,yarra river,"river in Victoria, Australia",LOC,river,37,,,False
Q673169,Lake Bangweulu,lake bangweulu,lake,LOC,lake,37,,,False
Q1147144,Maromokotro,maromokotro,mountain in Madagascar,LOC,mountain,37,,,False
Q21064,Nuku Hiva,nuku hiva,island in French Polynesia,LOC,island,37,,,False
Q623159,Qalqilya,qalqilya,"city in West Bank, Palestine",GPE,city,37,,Palestine,False
Q753919,Timok,timok,river in Serbia and Bulgaria,LOC,river,37,,,False
Q753765,Lomami River,lomami river,river in the Democratic Republic of the Congo,LOC,river,37,,,False
Q1143852,Lek,lek,river in the Netherlands,LOC,river,37,,,False
Q1143718,Cumberland River,cumberland river,"river in Kentucky and Tennessee, United States",LOC,river,37,,,False
Q750683,Malpelo Island,malpelo island,Colombian island,LOC,island,37,,,False
Q1284453,Sivasagar,sivasagar,city in Sivasagar district,GPE,city,37,,India,False
Q845310,Caprera,caprera,island,LOC,island,37,,,False
Q845239,Soufrière Hills,soufrière hills,volcano on Montserrat in the Caribbean,LOC,mountain,37,,,False
Q845229,Santa Catalina Island,santa catalina island,"island in Los Angeles County, California, United States",LOC,island,37,,,False
Q391011,Šalčininkai,šalčininkai,city,GPE,city,37,,Lithuania,False
Q820024,Kupiškis,kupiškis,city in Lithuania,GPE,city,37,,Lithuania,False
Q1072342,Moraine Lake,moraine lake,"lake in Alberta, Canada",LOC,lake,37,,,False
Q1708143,Hardoi,hardoi,city,GPE,city,37,,India,False
Q1707857,Gondia,gondia,city in India,GPE,city,37,132821.0,India,False
Q985548,Luba,luba,city in Equatorial Guinea,GPE,city,37,,Equatorial Guinea,False
Q977305,Tambacounda,tambacounda,city and regional capital in Senegal,GPE,city,37,,Senegal,False
Q3318,Churchill River,churchill river,tributary of Hudson Bay in Canada,LOC,river,37,,,False
Q282380,Jedwabne,jedwabne,city of Poland,GPE,city,37,,Poland,False
Q913355,Kharg Island,kharg island,"island in Bushehr County, Iran",LOC,island,37,,,False
Q490883,Sri Ganganagar,sri ganganagar,"town in Rajasthan, India",GPE,city,37,,India,False
Q755984,St Paul's Island,st pauls island,island,LOC,island,37,,,False
Q657225,Mount Elbert,mount elbert,"Highest mountain in the US state of Colorado (14,440')",LOC,mountain,37,,,False
Q1780350,Faridkot,faridkot,"headquarter and city in Faridkot district, Punjab, India",GPE,city,37,,India,False
Q264464,Guaranda,guaranda,"city in Ecuador, capital of the Bolívar Province",GPE,city,37,,Ecuador,False
Q859548,Río Negro,río negro,river in Uruguay,LOC,river,37,,,False
Q928349,Hoshiarpur,hoshiarpur,Capital city of Hoshiarpur district,GPE,city,37,,India,False
Q298119,Öræfajökull,öræfajökull,volcano in south-eastern Iceland,LOC,volcano,37,,,False
Q924078,Grodzisk Mazowiecki,grodzisk mazowiecki,city of Poland,GPE,city,37,,Poland,False
Q1048225,Villarrica Volcano,villarrica volcano,Chilean volcano,LOC,mountain,37,,,False
Q1862,Wolin,wolin,town in Poland,GPE,city,37,,Poland,False
Q1070175,Koumra,koumra,city,GPE,city,37,,Chad,False
Q1054127,Andkhoy,andkhoy,city,GPE,city,37,,Afghanistan,False
Q806478,Bangassou,bangassou,city in Central African Republic,GPE,city,37,,Central African Republic,False
Q661235,Lagoa dos Patos,lagoa dos patos,"lake in Rio Grande do Sul, Brazil",LOC,lake,37,,,False
Q1141272,Kamet,kamet,"mountain in Uttarakhand, India",LOC,mountain,37,,,False
Q642164,Beylagan,beylagan,city in Azerbaijan,GPE,city,37,,Azerbaijan,False
Q754734,Cayambe,cayambe,volcano in Ecuador,LOC,mountain,37,,,False
Q122795,Mount Tongariro,mount tongariro,Compound volcano on the North Island of New Zealand,LOC,mountain,37,,,False
Q763332,Gargano,gargano,cape,LOC,peninsula,37,,,False
Q647052,Khopyor,khopyor,"river in Penza Oblast, Russia",LOC,river,37,,,False
Q2008189,Korba,korba,Industrial area of Chhattisgarh,GPE,city,37,,India,False
Q856906,Livingston Island,livingston island,island of the South Shetland Islands,LOC,island,37,,,False
Q799920,Baghdati,baghdati,town in Georgia,GPE,city,37,,Georgia,False
Q798839,Budaun,budaun,"city in Uttar Pradesh, India.",GPE,city,37,,India,False
Q797036,Prijepolje,prijepolje,town and municipality in Serbia,GPE,city,37,,Serbia,False
Q796669,Bhiwani,bhiwani,"city and a municipal council in Bhiwani district in the state of Haryana, India",GPE,city,37,197662.0,India,False
Q841059,South Uist,south uist,"island of the Outer Hebrides, Scotland, UK",LOC,island,37,,,False
Q168820,Lampione,lampione,island,LOC,island,37,,,False
Q657734,Bertoua,bertoua,commune of Cameroon,GPE,city,37,173000.0,Cameroon,False
Q653797,Brzozów,brzozów,city of Poland,GPE,city,37,,Poland,False
Q187763,Lake Zell,lake zell,lake in Salzburg,LOC,lake,37,,,False
Q47264,Hassan,hassan,city in Indian state of Karnataka,GPE,city,37,133436.0,India,False
Q1006321,Ghazipur,ghazipur,city,GPE,city,37,121020.0,India,False
Q2006076,Muyinga,muyinga,city in Burundi,GPE,city,37,,Burundi,False
Q711996,Barnala,barnala,City in Punjab (India),GPE,city,37,,India,False
Q276747,Mafraq,mafraq,"capital of Mafraq governate, Jordan",GPE,city,37,,Jordan,False
Q794712,Aghdara,aghdara,"city in Azerbaijan, administrative centre of the Aghdara District",GPE,city,37,,Azerbaijan,False
Q791685,Aweil,aweil,city in South Sudan,GPE,city,37,,South Sudan,False
Q217274,Eldfell,eldfell,mountain,LOC,mountain,37,,,False
Q572191,Volturno,volturno,river in Italy,LOC,river,37,,,False
Q497327,Gardon,gardon,river in southern France,LOC,river,37,,,False
Q1047492,Minamitorishima,minamitorishima,isolated Pacific island under Japanese jurisdiction,LOC,island,37,,,False
Q896037,River Boyne,river boyne,river in Ireland,LOC,river,37,,,False
Q335769,Kafr el-Dawwar,kafr el-dawwar,city,GPE,city,37,104709.0,Egypt,False
Q14757,Pisuerga River,pisuerga river,river in Spain,LOC,river,37,,,False
Q640263,Ardèche,ardèche,river in France,LOC,river,37,,,False
Q717684,Arvaikheer,arvaikheer,"Capital city and sum (district) of Övörkhangai Aimag, Mongolia",GPE,city,37,,Mongolia,False
Q636540,Corno Grande,corno grande,highest mountain of the Apennines in Italy,LOC,mountain,37,,,False
Q1136502,Minnesota River,minnesota river,"river in Minnesota, United States",LOC,river,37,,,False
Q1006240,Palakkad,palakkad,city in Kerala,GPE,city,37,130955.0,India,False
Q803634,Bahr el Ghazal River,bahr el ghazal river,river in South Sudan,LOC,river,37,,,False
Q216551,Akri,akri,cape with ancient Apollo sanctuary in western Greece,LOC,cape,37,,,False
Q834454,Gasherbrum IV,gasherbrum iv,mountain,LOC,mountain,37,,,False
Q835328,Cape Fligely,cape fligely,cape,LOC,cape,37,,,False
Q17760,Genil,genil,river in Spain,LOC,river,37,,,False
Q15871,Hrastnik,hrastnik,city in Slovenia,GPE,city,37,,Slovenia,False
Q1983868,Aghsu,aghsu,city in Azerbaijan,GPE,city,37,,Azerbaijan,False
Q780771,Escuintla,escuintla,"municipality and capital of Escuintla Department, Guatemala",GPE,city,37,170280.0,Guatemala,False
Q216845,Anholt,anholt,Danish island in Kattegat,LOC,island,37,,,False
Q762727,Taroudant,taroudant,"City in Souss-Massa, Morocco",GPE,city,37,,Morocco,False
Q836812,Lualaba River,lualaba river,river in the eastern Democratic Republic of Congo,LOC,river,37,,,False
Q632489,Niulakita,niulakita,reef island of Tuvalu,LOC,island,37,,,False
Q81626,Pyasina,pyasina,"river in Krasnoyarsk Krai, Russia",LOC,river,37,,,False
Q1330873,Psara,psara,Greek island,LOC,island,37,,,False
Q1015618,Gyzylarbat,gyzylarbat,"city in Balkan Province, Turkmenistan",GPE,city,37,,Turkmenistan,False
Q1023720,Jalingo,jalingo,city in Nigeria,GPE,city,37,660213.0,Nigeria,False
Q316401,Feldberg,feldberg,"highest mountain in the Black Forest, Baden-Württemberg, Germany",LOC,mountain,37,,,False
Q272800,Çerkezköy district,çerkezköy district,"district of Tekirdağ, northwestern Turkey",GPE,city,37,213243.0,Turkey,False
Q340566,Akhmeta,akhmeta,Georgian town,GPE,city,37,,Georgia,False
Q338059,Acarigua,acarigua,city in Venezuela,GPE,city,37,195637.0,Venezuela,False
Q601637,Prince of Wales Island,prince of wales island,"island in Alaska, United States of America",LOC,island,37,,,False
Q755860,Oakland,oakland,"town in the west-central part of Garrett County, Maryland, United States",GPE,city,37,,United States,False
Q755791,Ati,ati,"prefecture of Batha Region, Chad",GPE,city,37,,Chad,False
Q8212,Pinega,pinega,"river in Arkhangelsk Oblast, Russia",LOC,river,37,,,False
Q1816821,Sriharikota,sriharikota,island in India hosting the Satish Dhawan Space Centre,LOC,island,37,,,False
Q826464,Llanquihue Lake,llanquihue lake,lake of Chile,LOC,lake,37,,,False
Q429215,Sangli,sangli,"city in Maharashtra, India",GPE,city,37,436639.0,India,False
Q1010960,Gardabani,gardabani,"town in Kvemo Kartli, Georgia (country)",GPE,city,37,,Georgia,False
Q618594,Malakula Island,malakula island,island in Vanuatu,LOC,island,37,,,False
Q741876,Piaseczno,piaseczno,city of Poland,GPE,city,37,,Poland,False
Q1126509,Krka,krka,river in southern Slovenia,LOC,river,37,,,False
Q827202,Lake Karachay,lake karachay,"former lake in the southern Ural mountains in Russia, used as a disposal site for high-radioactive waste",LOC,lake,37,,,False
Q1195983,Kohat,kohat,"city in Khyber Pakhtunkhwa, Pakistan",GPE,city,37,170800.0,Pakistan,False
Q731777,Tundzha,tundzha,river in Bulgaria and Turkey,LOC,river,37,,,False
Q730378,Tara,tara,river in Montenegro and Bosnia and Herzegovina,LOC,river,37,,,False
Q600405,Gusau,gusau,city and local government area in Nigeria,GPE,city,37,383162.0,Nigeria,False
Q737765,Grand Cayman,grand cayman,island in the Caribbean,LOC,island,37,,,False
Q1355749,Gorham's Cave,gorhams cave,natural sea cave in the British Overseas Territory of Gibraltar; one of the last known habitations of the Neanderthals in Europe,LOC,cave,37,,,False
Q1008853,Rudny,rudny,"Quarry and industrial city in the European part, Kostanay region of Kazakhstan",GPE,city,37,128234.0,Kazakhstan,False
Q994105,Minna,minna,capital of Niger State in Nigeria,GPE,city,37,322163.0,Nigeria,False
Q997121,Kribi,kribi,Cameroonian town,GPE,city,37,,Cameroon,False
Q937908,Hiva-Oa,hiva-oa,island in French Polynesia,LOC,island,37,,,False
Q1422965,Lake Trichonida,lake trichonida,"lake in Aetolia-Acarnania, Greece",LOC,lake,37,,,False
Q1419768,Alaknanda River,alaknanda river,"river in Uttarakhand, India",LOC,river,36,,,False
Q936301,Barrow,barrow,"second longest river in Ireland, one of the Three Sisters",LOC,river,36,,,False
Q1019287,Cheyenne,cheyenne,"city in Oklahoma, United States",GPE,city,36,,United States,False
Q1019356,Mendefera,mendefera,city,GPE,city,36,,Eritrea,False
Q373190,Barentsøya,barentsøya,"island in the Svalbard archipelago, Norway",LOC,island,36,,,False
Q994203,Cazin,cazin,city in Bosnia and Herzegovina,GPE,city,36,,Bosnia and Herzegovina,False
Q117822,Acotango,acotango,mountain shared by Bolivia and Chile,LOC,mountain,36,,,False
Q736600,Sarthe,sarthe,river in France,LOC,river,36,,,False
Q175191,Novopavlovsk,novopavlovsk,"city in Stavropol Krai, Russia",GPE,city,36,,Russia,False
Q946750,Huaynaputina,huaynaputina,volcano in Peru,LOC,mountain,36,,,False
Q1434222,River Medway,river medway,"river in South East England, UK",LOC,river,36,,,False
Q1343019,Point Barrow,point barrow,"cape in Alaska State, United States of America",LOC,cape,36,,,False
Q919194,Kimolos,kimolos,island in the Aegean Sea,LOC,island,36,,,False
Q52902,Września,września,city of Poland,GPE,city,36,,Poland,False
Q544701,Berbérati,berbérati,City in Central African Republic,GPE,city,36,,Central African Republic,False
Q734317,Val Camonica,val camonica,valley,LOC,valley,36,,,False
Q586758,Gazakh,gazakh,city in Azerbaijan,GPE,city,36,,Azerbaijan,False
Q117196,Salsette,salsette,island in India; home to Mumbai,LOC,island,36,,,False
Q1209404,Hpa-An,hpa-an,"city in Kayin State, Myanmar",GPE,city,36,421525.0,Myanmar,False
Q1000438,Szczawnica,szczawnica,city of Poland,GPE,city,36,,Poland,False
Q1418724,Karpaz Peninsula,karpaz peninsula,peninsula on the island of Cyprus,LOC,peninsula,36,,,False
Q1259188,White Volta,white volta,river,LOC,river,36,,,False
Q829500,Magerøya,magerøya,"island in Finnmark, Norway",LOC,island,36,,,False
Q2394006,Jabrayil,jabrayil,"city in Azerbaijan, administrative centre of the Jabrayil District",GPE,city,36,,Azerbaijan,False
Q821911,Sobat River,sobat river,river in South Sudan,LOC,river,36,,,False
Q741134,Linden,linden,city in Guyana,GPE,city,36,,Guyana,False
Q1010979,Dedoplis Tskaro,dedoplis tskaro,"town in Kakheti, Georgia",GPE,city,36,,Georgia,False
Q1011011,Khoni,khoni,"town in the region (mkhare) of Imereti, Georgia",GPE,city,36,,Georgia,False
Q1778840,Oum Er-Rbia River,oum er-rbia river,river in Morocco,LOC,river,36,,,False
Q1793853,Masirah Island,masirah island,island in Oman,LOC,island,36,,,False
Q1807338,Răut,răut,river in Moldova,LOC,river,36,,,False
Q27242,Al-Ula,al-ula,city in Saudi Arabia,GPE,city,36,,Saudi Arabia,False
Q316397,Breg,breg,river in Germany,LOC,river,36,,,False
Q15293,Aletschhorn,aletschhorn,mountain in Switzerland,LOC,mountain,36,,,False
Q81773,Hérault,hérault,river in southern France,LOC,river,36,,,False
Q1132165,Sviyaga,sviyaga,"river in Tatarstan, Russia",LOC,river,36,,,False
Q631789,Vandzhyakh Glacier,vandzhyakh glacier,glacier in Tajikistan,LOC,glacier,36,,,False
Q628327,Lake Rakshastal,lake rakshastal,"lake in Darchen, Purang County, Ngari Prefecture, Tibet, China",LOC,lake,36,,,False
Q149155,Semenivka,semenivka,city in Chernihiv Oblast (province) of Ukraine,GPE,city,36,,Ukraine,False
Q186155,Amga,amga,"river in Yakutia, Russia",LOC,river,36,,,False
Q955523,Dhamar,dhamar,capital of the Dhamar Governorate in Yemen,GPE,city,36,160114.0,Yemen,False
Q956922,Lanchkhuti,lanchkhuti,city in Georgia,GPE,city,36,,Georgia,False
Q3306193,West Philippine Sea,west philippine sea,designation for parts of the South China Sea claimed by the Philippines,LOC,sea,36,,,False
Q945473,Kazlų Rūda,kazlų rūda,city in Lithuania,GPE,city,36,,Lithuania,False
Q1015752,Konibodom,konibodom,city in Tajikistan,GPE,city,36,,Tajikistan,False
Q1024647,Ikeja,ikeja,"local government area and capital of Lagos State, Nigeria",GPE,city,36,861300.0,Nigeria,False
Q3237966,Ras Hafun,ras hafun,"cape/headland in Somalia, easternmost point of Africa",LOC,cape,36,,,False
Q324812,Lundy,lundy,largest island in the Bristol Channel,LOC,island,36,,,False
Q766464,Kaya,kaya,city in Burkina Faso,GPE,city,36,122949.0,Burkina Faso,False
Q59116,Sorrento Peninsula,sorrento peninsula,peninsula located in southern Italy,LOC,peninsula,36,,,False
Q833573,Körös River,körös river,river in Hungary,LOC,river,36,,,False
Q752257,Néma,néma,commune of Mauritania,GPE,city,36,,Mauritania,False
Q615337,Mount Mitchell,mount mitchell,Highest mountain in the Eastern United States,LOC,mountain,36,,,False
Q615657,Wetar Island,wetar island,"island in Southwest Maluku Regency, Maluku Province, Indonesia",LOC,island,36,,,False
Q487895,Mare Imbrium,mare imbrium,vast lunar mare filling a basin on Earth's Moon,LOC,lunar mare,36,,,False
Q474669,Sachkhere,sachkhere,City in Georgia,GPE,city,36,,Georgia,False
Q812044,Bawean Island,bawean island,"island in Gresik Regency, East Java Province, Indonesia",LOC,island,36,,,False
Q4660870,Araria,araria,city in India,GPE,city,36,,India,False
Q705699,Gladstone,gladstone,"city in Queensland, Australia",GPE,city,36,,Australia,True
Q717942,Trzebnica,trzebnica,city of Poland,GPE,city,36,,Poland,False
Q641755,Baztan,baztan,"municipality in Navarre, Spain",LOC,valley,36,,,False
Q1051394,Machhapuchhre,machhapuchhre,mountain,LOC,mountain,36,,,False
Q1044515,Delmarva Peninsula,delmarva peninsula,peninsula,LOC,peninsula,36,,,False
Q579274,Pašman,pašman,island of Croatia,LOC,island,36,,,False
Q572865,Misti,misti,stratovolcano in Peru,LOC,mountain,36,,,False
Q581154,La Digue,la digue,island,LOC,island,36,,,False
Q79322,Kluczbork,kluczbork,city of Poland,GPE,city,36,,Poland,False
Q393498,Mallawi,mallawi,town in Middle Egypt,GPE,city,36,212628.0,Egypt,False
Q170081,Neandertal,neandertal,"valley in North Rhine-Westphalia, Germany",LOC,valley,36,,,False
Q171440,Mbomou River,mbomou river,river,LOC,river,36,,,False
Q15861,Črnomelj,črnomelj,city in Slovenia,GPE,city,36,,Slovenia,False
Q953449,Porlamar,porlamar,"city and major seaport in the state of Nueva Esparta in the Margarita Island, Venezuela.",GPE,city,36,120924.0,Venezuela,False
Q492509,São Nicolau,são nicolau,island of Cape Verde,LOC,island,36,,,False
Q328396,Mahakam River,mahakam river,"river in East Kalimantan, Indonesia",LOC,river,36,,,False
Q18793,Ersekë,ersekë,town and former municipality in southeastern Albania,GPE,city,36,,Albania,False
Q1887662,Siglufjörður,siglufjörður,"town in Northeast Constituency, Iceland",GPE,city,36,,Iceland,False
Q1137636,Gasherbrum III,gasherbrum iii,mountain,LOC,mountain,36,,,False
Q683938,Nueva Loja,nueva loja,"city in Ecuador, capital of the Sucumbíos Province",GPE,city,36,,Ecuador,False
Q770781,Sulak,sulak,"river in Dagestan, Russia",LOC,river,36,,,False
Q8550,Pamir River,pamir river,river in Tajikistan and Afghanistan,LOC,river,36,,,False
Q169625,Mare Serenitatis,mare serenitatis,lunar feature,LOC,lunar mare,36,,,False
Q1807935,Jind,jind,city in Jind District in the Indian state of Haryana,GPE,city,36,,India,False
Q1004302,Pakruojis,pakruojis,city,GPE,city,36,,Lithuania,False
Q807311,Barbacena,barbacena,"municipality of Minas Gerais state, Brazil",GPE,city,36,125317.0,Brazil,False
Q860298,Jolo,jolo,volcanic island in the southwest Philippines,LOC,island,36,,,False
Q866345,Grand Bahama,grand bahama,island of the Bahamas,LOC,island,36,,,False
Q857160,Biebrza,biebrza,"river in Poland, tributary of the Narew",LOC,river,36,,,False
Q929022,Giannitsa,giannitsa,"city in Pella regional unit, Macedonia, Greece",GPE,city,36,,Greece,False
Q2268790,Tartar,tartar,"city in Tartar, Azerbaijan. District center",GPE,city,36,,Azerbaijan,False
Q1360304,Monywa,monywa,city of Myanmar (former Burma),GPE,city,36,207489.0,Myanmar,False
Q754867,Unst,unst,"northernmost Shetland Island, Scotland, UK",LOC,island,36,,,False
Q669547,Wieringen,wieringen,"former island in North Holland, Netherlands",LOC,island,36,,,False
Q640355,Kartuzy,kartuzy,"city in Pomeranian Voivodeship, Poland",GPE,city,36,,Poland,False
Q658594,Reno,reno,river in Italy,LOC,river,36,,,False
Q659526,Orne,orne,river in France,LOC,river,36,,,False
Q660208,Thaya,thaya,river in Central Europe,LOC,river,36,,,False
Q186362,Embu,embu,city in Kenya,GPE,city,36,,Kenya,False
Q391747,Byumba hospital,byumba hospital,the first hospital in gicumbi district,GPE,city,36,,Rwanda,False
Q2859566,Arashiyama,arashiyama,human settlement in Japan,LOC,mountain,36,,,False
Q1906346,Ustrzyki Dolne,ustrzyki dolne,city of Poland,GPE,city,36,,Poland,False
Q156006,Red River of the North,red river of the north,river in central Canada and the United States,LOC,river,36,,,False
Q1338024,Klarälven,klarälven,river in Norway and Sweden,LOC,river,36,,,False
Q1707629,Gurdaspur,gurdaspur,city in Indian state of Punjab,GPE,city,36,,India,False
Q917162,Halki,halki,island in Greece,LOC,island,36,,,False
Q331455,Casiquiare canal,casiquiare canal,river in Venezuela,LOC,river,36,,,False
Q984786,Les Cayes,les cayes,city in Haiti,GPE,city,36,151696.0,Haiti,False
Q1454776,Singapore River,singapore river,river in Singapore,LOC,river,36,,,False
Q559283,Yarkand River,yarkand river,river in the People's Republic of China,LOC,river,36,,,False
Q5601,Vistula Spit,vistula spit,peninsular stretch of land in the Baltic Sea on the border between Russia and Poland,LOC,peninsula,36,,,False
Q825818,Masyaf,masyaf,Syrian city,GPE,city,36,,Syria,False
Q1012868,Vulcănești,vulcănești,city in Moldova,GPE,city,36,,Moldova,False
Q1012881,Silopi,silopi,"district and town of Şırnak, Turkey",GPE,city,36,134754.0,Turkey,False
Q162830,Tiruvannamalai,tiruvannamalai,"city in Tamil Nadu, India",GPE,city,36,,India,False
Q16669,Sado River,sado river,river in Portugal,LOC,river,36,,,False
Q1284886,Tuzla Island,tuzla island,island,LOC,island,36,,,False
Q845873,Hopen,hopen,"island in the southeastern part of the Svalbard archipelago, Norway",LOC,island,36,,,False
Q575679,Lake Alaotra,lake alaotra,lake in Madagascar,LOC,lake,36,,,False
Q219093,Pyrzyce,pyrzyce,city of Poland,GPE,city,36,,Poland,False
Q753924,Pacaya,pacaya,mountain and national park in Guatemala,LOC,volcano,36,,,False
Q664321,Futuna,futuna,island in Wallis and Futuna,LOC,island,36,,,False
Q664341,Traun,traun,river in Austria,LOC,river,36,,,False
Q19720,River Spey,river spey,"river in Highland and Moray, Scotland, UK, flows into the Moray Firth at Kingston on Spey",LOC,river,36,,,False
Q1972264,Bzyb River,bzyb river,river in Georgia,LOC,river,36,,,False
Q1991483,Bardsey Island,bardsey island,island off the coast of North Wales,LOC,island,36,,,False
Q748872,Ipoly,ipoly,river in Slovakia and Hungary,LOC,river,36,,,False
Q510413,Sullana,sullana,"city in Piura, Peru",GPE,city,36,162434.0,Peru,False
Q1196145,Hunza Valley,hunza valley,"vall, Pakistan",LOC,valley,36,,,False
Q683100,Lake Mai-Ndombe,lake mai-ndombe,"lake in the province of Mai-Ndombe, Democratic Republic of the Congo",LOC,lake,36,,,False
Q632361,Sidi Ifni,sidi ifni,"city in Guelmim-Oued Noun, Morocco",GPE,city,36,,Morocco,False
Q11285,Hetauda,hetauda,"city in Makwanpur District, Nepal",GPE,city,36,,Nepal,False
Q1145293,Yeşilırmak River,yeşilırmak river,river in Turkey,LOC,river,36,,,False
Q1147118,Sheksna,sheksna,"river in Vologda Oblast, Russia",LOC,river,36,,,False
Q638621,Bahraich,bahraich,city in Indian state of Uttar Pradesh,GPE,city,36,,India,False
Q114832,Rapa Iti,rapa iti,island of the Bass Islands in French Polynesia,LOC,island,36,,,False
Q686196,Rote Island,rote island,"island in Rote Ndao Regency, East Nusa Tenggara Province, Indonesia",LOC,island,36,,,False
Q617987,Dhar,dhar,historic city in central India,GPE,city,36,,India,False
Q852433,East Rennell,east rennell,southern portion of Rennell Island in the Solomon Islands,LOC,island,36,,,False
Q163880,Pegnitz,pegnitz,natural watercourse in Germany,LOC,river,36,,,False
Q16508,Jarama,jarama,river in Spain,LOC,river,36,,,False
Q16512,Manzanares,manzanares,river in Spain,LOC,river,36,,,False
Q165635,Hinnøya,hinnøya,"large island of Troms and Nordland, Norway",LOC,island,36,,,False
Q2527695,Vipava,vipava,town in western Slovenia,GPE,city,36,,Slovenia,False
Q2463859,Jordan Valley,jordan valley,valley in Palestine and Jordan,LOC,valley,36,,,False
Q548524,Leipsoi,leipsoi,"island in the Dodecanese, Greece",LOC,island,36,,,False
Q1949385,Kaithal,kaithal,"city in Kaithal district, Karnal division, Haryana, India",GPE,city,36,,India,False
Q558643,Alabama River,alabama river,"river in Alabama, United States",LOC,river,36,,,False
Q257857,Bequia,bequia,island,LOC,island,36,,,False
Q842810,Smara,smara,city in Western Sahara,GPE,city,36,,Morocco,False
Q530454,Nunivak Island,nunivak island,"island in Bethel Census Area, Alaska, United States",LOC,island,36,,,False
Q377965,San Nicolás de los Arroyos,san nicolás de los arroyos,city in Argentina,GPE,city,36,159978.0,Argentina,False
Q849879,Cap Bon,cap bon,cape in Tunisia,LOC,cape,36,,,False
Q922701,Sitapur,sitapur,"city in Uttar Pradesh, India",GPE,city,36,,India,False
Q674504,Cornwallis Island,cornwallis island,"island in Nunavut, Canada",LOC,island,36,,,False
Q2015695,Arpa River,arpa river,river in Armenia,LOC,river,36,,,False
Q52578,Concordia,concordia,city in Argentina,GPE,city,36,180325.0,Argentina,False
Q324897,Łask,łask,city of Poland,GPE,city,36,,Poland,False
Q985622,Oshakati,oshakati,city in Namibia,GPE,city,36,,Namibia,False
Q432124,Iriomote Island,iriomote island,"island in Okinawa, Japan",LOC,island,36,,,False
Q1017971,Loikaw,loikaw,"capital settlement of Kayah State, Myanmar",GPE,city,36,,Myanmar,False
Q892441,Bongor,bongor,city in Chad,GPE,city,36,,Chad,False
Q1061515,Ishikari River,ishikari river,river in Japan,LOC,river,36,,,False
Q860689,La Asunción,la asunción,"city in Venezuela, capital of Nueva Esparta",GPE,city,36,117513.0,Venezuela,False
Q864100,Katima Mulilo,katima mulilo,"town in Zambezi Region, Namibia",GPE,city,36,,Namibia,False
Q51845,Ume älv,ume älv,"river in Västerbotten, Sweden",LOC,river,36,,,False
Q1648551,Khandwa,khandwa,"city in Madhya Pradesh, India",GPE,city,36,,India,False
Q161051,Leine,leine,"river in Germany, tributary of the river Aller",LOC,river,36,,,False
Q250733,Wa,wa,Upper West regional capital city,GPE,city,36,107214.0,Ghana,False
Q845960,Yug,yug,"river in Vologda and Kirov Oblasts, Russia, tributary to the Northern Dvina",LOC,river,36,,,False
Q747554,Narač,narač,lake in Belarus,LOC,lake,36,,,False
Q1156477,Pasig River,pasig river,river in the Philippines,LOC,river,36,,,False
Q2085183,Azat River,azat river,river in Armenia,LOC,river,36,,,False
Q695579,Izhma,izhma,"river in Komi, Russia",LOC,river,36,,,False
Q701647,Orchid Island,orchid island,volcanic island in the Pacific Ocean part of Taiwan,LOC,island,36,,,False
Q691557,Gangotri Glacier,gangotri glacier,glacier in India,LOC,glacier,36,,,False
Q593256,Kurukshetra,kurukshetra,city in India,GPE,city,36,,India,False
Q1160017,Perim,perim,island,LOC,island,36,,,False
Q1161204,Río San Juan,río san juan,"River in Nicaragua, connecting Lake Nicaragua with the Caribbean Sea",LOC,river,36,,,False
Q302654,Valsad,valsad,"city in Gujarat, India",GPE,city,36,,India,False
Q938581,Flinders Island,flinders island,"island to the north of Tasmania, Australia",LOC,island,36,,,False
Q376328,Pineios,pineios,"river in Thessaly, Greece",LOC,river,36,,,False
Q1364168,Sabalan,sabalan,mountain in Iran,LOC,mountain,36,,,False
Q941329,Javary River,javary river,river in Brazil and Peru,LOC,river,36,,,False
Q157736,Morača,morača,river in Montenegro,LOC,river,36,,,False
Q504582,Rega,rega,river in Poland,LOC,river,36,,,False
Q509682,Ven,ven,Swedish island in Öresund,LOC,island,36,,,False
Q1162365,Salado River,salado river,river in Argentina,LOC,river,36,,,False
Q725896,Pelješac,pelješac,peninsula,LOC,peninsula,36,,,False
Q1249888,Dera Ismail Khan,dera ismail khan,"city in Khyber Pakhtunkhwa, Pakistan",GPE,city,36,109686.0,Pakistan,False
Q1020627,Jalilabad,jalilabad,city in Azerbaijan,GPE,city,36,,Azerbaijan,False
Q995695,Puerto Cabello,puerto cabello,city in Venezuela,GPE,city,36,209080.0,Venezuela,False
Q991435,Ciudad del Carmen,ciudad del carmen,"municipal seat of Carmen, State of Campeche, Mexico",GPE,city,36,191238.0,Mexico,False
Q990122,Fada N’Gourma,fada n’gourma,city in Burkina Faso,GPE,city,36,,Burkina Faso,False
Q1433715,River Wear,river wear,river in North East England,LOC,river,36,,,False
Q375615,Unimak Island,unimak island,"island in Aleutians East Borough, Alaska, United States",LOC,island,35,,,False
Q367027,Nanumanga,nanumanga,reef island of Tuvalu,LOC,island,35,,,False
Q405836,Ain,ain,river in eastern France,LOC,river,35,,,False
Q408636,River Aire,river aire,"river in Yorkshire, England, UK",LOC,river,35,,,False
Q391543,Agathonisi,agathonisi,Greek island,LOC,island,35,,,False
Q1428329,Khumbu,khumbu,region in Nepal,LOC,valley,35,,,False
Q14352,Bidasoa,bidasoa,river in Spain and France,LOC,river,35,,,False
Q922342,Sithonia,sithonia,"peninsula of Chalkidiki, Greece",LOC,peninsula,35,,,False
Q925252,Half Dome,half dome,"granite dome in Yosemite National Park, California",LOC,mountain,35,,,False
Q928983,Murter,murter,"island of Croatia, ancient Colentum",LOC,island,35,,,False
Q931708,Lake Tengiz,lake tengiz,"lake in Karaganda Region, Kazakhstan",LOC,lake,35,,,False
Q118910,Nemenčinė,nemenčinė,city in Lithuania,GPE,city,35,,Lithuania,False
Q1191011,Man,man,city of côte d'ivoire,GPE,city,35,241969.0,Ivory Coast,False
Q1006350,Jhunjhunu,jhunjhunu,"City in Rajasthan, India",GPE,city,35,,India,False
Q738746,Slættaratindur,slættaratindur,mountain,LOC,mountain,35,,,False
Q212686,Aigio,aigio,"city in Achaea, West Greece",GPE,city,35,,Greece,False
Q12191144,New Cairo,new cairo,town east of Cairo in Egypt,GPE,city,35,1500000.0,Egypt,False
Q736575,Oulujoki,oulujoki,river of Finland,LOC,river,35,,,False
Q955354,Chubut River,chubut river,river in Argentina,LOC,river,35,,,False
Q1370044,Lovćen,lovćen,mountain and national park in southwestern Montenegro,LOC,mountain,35,,,False
Q1006363,Jagdalpur,jagdalpur,city,GPE,city,35,,India,False
Q115403,Manzanillo,manzanillo,city in Cuba,GPE,city,35,150999.0,Cuba,False
Q716206,Sun Moon Lake,sun moon lake,largest lake in Taiwan,LOC,lake,35,,,False
Q746304,Seliger,seliger,"lake system in Tver and Novgorod Oblasts, Russia",LOC,lake,35,,,False
Q742216,Pichincha Volcano,pichincha volcano,"volcano in Quito Metro, Ecuador",LOC,mountain,35,,,False
Q52998,Richmond Hill,richmond hill,"city in Ontario, Canada",GPE,city,35,202022.0,Canada,False
Q540895,Mongo,mongo,city in Chad,GPE,city,35,,Chad,False
Q737363,Vorotan River,vorotan river,river in Armenia and Azerbaijan,LOC,river,35,,,False
Q733338,West Falkland,west falkland,island of the Falkland islands,LOC,island,35,,,False
Q41452,Inhul River,inhul river,river in Ukraine,LOC,river,35,,,False
Q1018701,Thakhèk,thakhèk,city in Laos,GPE,city,35,,Laos,False
Q14444,Walensee,walensee,lake in Switzerland,LOC,lake,35,,,False
Q144928,Zala,zala,river in Hungary,LOC,river,35,,,False
Q1334825,Pelion,pelion,mountain at the southeastern part of Thessaly in central Greece,LOC,mountain,35,,,False
Q1340711,Mehetia,mehetia,island in French Polynesia,LOC,volcano,35,,,False
Q913193,Murat River,murat river,river in Turkey,LOC,river,35,,,False
Q470542,Amgun River,amgun river,river in Russia,LOC,river,35,,,False
Q986384,Aleg,aleg,commune of Mauritania,GPE,city,35,,Mauritania,False
Q2092607,Roman-Kosh,roman-kosh,"mountain in Alushta city council, Ukraine",LOC,mountain,35,,,False
Q1150764,Popa Hill,popa hill,volcano in Myanmar,LOC,mountain,35,,,False
Q2015702,Manas River,manas river,river in India,LOC,river,35,,,False
Q523778,Sahiwal,sahiwal,"city in Sahiwal District, Punjab, Pakistan",GPE,city,35,247706.0,Pakistan,False
Q524984,Kaédi,kaédi,commune of Mauritania,GPE,city,35,,Mauritania,False
Q606357,Cessnock,cessnock,"city in New South Wales, Australia",GPE,city,35,,Australia,False
Q984538,Krotoszyn,krotoszyn,city of Poland,GPE,city,35,,Poland,False
Q984863,Huehuetenango,huehuetenango,"municipality and capital of Huehuetenango Department, Guatemala",GPE,city,35,136639.0,Guatemala,False
Q1453235,Orkhon Valley,orkhon valley,valley,LOC,valley,35,,,False
Q1474188,Mangyshlak Peninsula,mangyshlak peninsula,peninsula in Kazakhstan,LOC,peninsula,35,,,False
Q1334148,Lake Eğirdir,lake eğirdir,lake in Turkey,LOC,lake,35,,,False
Q492133,Antipaxos,antipaxos,island of the Ionian Islands,LOC,island,35,,,False
Q1023722,Damaturu,damaturu,local government area of Nigeria,GPE,city,35,141897.0,Nigeria,False
Q1142842,Omolon,omolon,"river in Magadan Oblast, Chukotka, and Yakutia, Russia",LOC,river,35,,,False
Q1143089,Ik,ik,"river in Tatarstan, Bashkiria, and Orenburg Oblast, Russia",LOC,river,35,,,False
Q662158,North Uist,north uist,"island and community in the Outer Hebrides of Scotland, UK",LOC,island,35,,,False
Q753794,Atauro,atauro,Island and municipality in East Timor,LOC,island,35,,,False
Q510827,Strzelce Opolskie,strzelce opolskie,city of Poland,GPE,city,35,,Poland,False
Q512116,Masally,masally,city in Azerbaijan,GPE,city,35,,Azerbaijan,False
Q51427,Szamotuły,szamotuły,city of Poland,GPE,city,35,,Poland,False
Q1145492,Poveglia,poveglia,"small island located between Venice and Lido in the Venetian Lagoon, for more than 100 years (beginning in 1776), used as a quarantine station for those suffering the plague and other diseases, and later as a mental hospital (closed in 1968)",LOC,island,35,,,False
Q1025283,Hambantota,hambantota,"main town in Hambantota District, Southern Province, Sri Lanka",GPE,city,35,,Sri Lanka,False
Q318350,Lake Chapala,lake chapala,lake in Jalisco in Mexico,LOC,lake,35,,,False
Q1501150,Sula River,sula river,river in Ukraine,LOC,river,35,,,False
Q1330853,Vilsandi,vilsandi,island in Estonia,LOC,island,35,,,False
Q875301,Itsukushima,itsukushima,"island in Hiroshima, Japan",LOC,island,35,,,False
Q310547,Lake Alakol,lake alakol,lake in Kazakhstan,LOC,lake,35,,,False
Q1033157,Jabal al-Nour,jabal al-nour,Holy mountain in Saudia Arabia,LOC,mountain,35,,,False
Q640493,Kępno,kępno,city of Poland,GPE,city,35,,Poland,False
Q656640,Bzura,bzura,river in Poland,LOC,river,35,,,False
Q755739,Benbecula,benbecula,"island of the Outer Hebrides, Scotland, UK",LOC,island,35,,,False
Q756302,Poprad,poprad,river in Poland and in Slovakia,LOC,river,35,,,False
Q2191437,Hajigabul,hajigabul,city in Azerbaijan,GPE,city,35,,Azerbaijan,False
Q751347,San Joaquin River,san joaquin river,"river in California, United States",LOC,river,35,,,False
Q639241,Międzyrzecz,międzyrzecz,city of Poland,GPE,city,35,,Poland,False
Q113464,Chatham-Kent,chatham-kent,"rural municipality in Ontario, Canada",GPE,city,35,103988.0,Canada,False
Q492531,Santa Luzia,santa luzia,smallest and the only uninhabited island of Cape Verde,LOC,island,35,,,False
Q939610,Unnao,unnao,"city and headquarters of Unnao District in Uttar Pradesh, India",GPE,city,35,,India,False
Q1015690,Hastings,hastings,"city in Hawke's Bay, New Zealand",GPE,city,35,,New Zealand,False
Q152380,Chaitén,chaitén,"mountain in Palena Province, Chile",LOC,volcano,35,,,False
Q263684,Czechowice-Dziedzice,czechowice-dziedzice,city of Poland,GPE,city,35,,Poland,False
Q860532,Kidron Valley,kidron valley,valley on the eastern side of The Old City of Jerusalem,LOC,valley,35,,,False
Q860540,Buka Island,buka island,island of Papua New Guinea,LOC,island,35,,,False
Q860726,New Siberia,new siberia,"island in Anzhu Islands, Russia",LOC,island,35,,,False
Q866771,Kula Kangri,kula kangri,mountain in Bhutan/China,LOC,mountain,35,,,False
Q1046685,Gan River,gan river,"river in Jiangxi, China",LOC,river,35,,,False
Q1047528,Manych,manych,"river in Kalmykia, Stavropol Krai and Rostov Oblast, Russia",LOC,river,35,,,False
Q1047677,Samara River,samara river,"river in Ukraine, a tributary of the Dnieper",LOC,river,35,,,False
Q934436,Dédougou,dédougou,city,GPE,city,35,,Burkina Faso,False
Q758260,Attu Island,attu island,"island in Aleutians West Census Area, Alaska, United States",LOC,island,35,,,False
Q1139679,Usumacinta River,usumacinta river,river in México and Guatemala,LOC,river,35,,,False
Q1140075,Doi Inthanon,doi inthanon,highest mountain of Thailand,LOC,mountain,35,,,False
Q1140642,Mount Catherine,mount catherine,Highest mountain in Egypt,LOC,mountain,35,,,False
Q1137387,Swan River,swan river,"river in Perth, Western Australia",LOC,river,35,,,False
Q2015760,Kara-Balta,kara-balta,"place in Chuy Region, Kyrgyzstan",GPE,city,35,,Kyrgyzstan,False
Q2019727,Briceni,briceni,"City in Moldova, seat of Briceni District",GPE,city,35,,Moldova,False
Q652052,Argun,argun,river in Russia and Georgia,LOC,river,35,,,False
Q648860,Osmussaar,osmussaar,island in Estonia,LOC,island,35,,,False
Q1232261,Dyoma,dyoma,"river in Bashkiria and Orenburg Oblast, Russia",LOC,river,35,,,False
Q1219,Alster,alster,right tributary of the Elbe in Schleswig-Holstein and Hamburg,LOC,river,35,,,False
Q1224996,Little Diomede Island,little diomede island,"island in Nome Census Area, Alaska, United States",LOC,island,35,,,False
Q1138545,Taveuni,taveuni,island in Fiji,LOC,island,35,,,False
Q685509,Santiago de Veraguas,santiago de veraguas,human settlement,GPE,city,35,109605.0,Panama,False
Q6447129,Cebu,cebu,island of the Philippines,LOC,island,35,,,False
Q23044,San Rafael,san rafael,"city in Mendoza Province, Argentina",GPE,city,35,215020.0,Argentina,False
Q137863,Švenčionys,švenčionys,city of Lithuania,GPE,city,35,,Lithuania,False
Q140314,Tsageri,tsageri,city,GPE,city,35,,Georgia,False
Q790092,Avalon Peninsula,avalon peninsula,peninsula on the island of Newfoundland,LOC,peninsula,35,,,False
Q936316,Tan-Tan,tan-tan,City in Morocco,GPE,city,35,,Morocco,False
Q280771,Aydar Lake,aydar lake,lake in Uzbekistan,LOC,lake,35,,,False
Q286340,Klondike River,klondike river,"watercourse in Yukon, Canada",LOC,river,35,,,False
Q288695,Oka,oka,"river in Irkutsk Oblast, Russia",LOC,river,35,,,False
Q289460,Bani River,bani river,river in Mali,LOC,river,35,,,False
Q29384,Kadisha Valley,kadisha valley,valley in the North Governorate of Lebanon,LOC,valley,35,,,False
Q1050154,Cat Island,cat island,island in the Bahamas,LOC,island,35,,,False
Q1913327,Łosice,łosice,city of Poland,GPE,city,35,,Poland,False
Q857676,Lule River,lule river,river in Sweden,LOC,river,35,,,False
Q1542679,Keila River,keila river,river in Estonia,LOC,river,35,,,False
Q855314,Biak Island,biak island,"island in Biak Numfor Regency, Papua Province, Indonesia",LOC,island,35,,,False
Q893274,Bor,bor,city in South Sudan,GPE,city,35,315351.0,South Sudan,False
Q894513,Bossangoa,bossangoa,city,GPE,city,35,,Central African Republic,False
Q278082,Rùm,rùm,"island in Lochaber, Highland, Scotland, UK, one of the Small Isles of the Inner Hebrides",LOC,island,35,,,False
Q624655,Arachthos,arachthos,"river in Epirus, Greece",LOC,river,35,,,False
Q627412,Upa,upa,"river in Tula Oblast, Russia",LOC,river,35,,,False
Q629354,Storsjön,storsjön,lake in northern Sweden,LOC,lake,35,,,False
Q148947,Krosno Odrzańskie,krosno odrzańskie,city of Poland,GPE,city,35,,Poland,False
Q148956,Biała Rawska,biała rawska,city of Poland,GPE,city,35,,Poland,False
Q1133148,Valle de Yerri / Deierri,valle de yerri / deierri,"human settlement in Estella Oriental, Navarre, Spain",LOC,valley,35,,,False
Q642028,Miass,miass,"river in Bashkiria, Chelyabinsk and Kurgan Oblasts, Russia",LOC,river,35,,,False
Q705884,Arta,arta,city in Djibouti,GPE,city,35,,Djibouti,False
Q911358,Ebibeyin,ebibeyin,city,GPE,city,35,,Equatorial Guinea,False
Q2588425,Rymanów,rymanów,city of Poland,GPE,city,35,,Poland,False
Q259030,Moga,moga,"city of Punjab, India",GPE,city,35,,India,False
Q1587234,Shyok River,shyok river,river in India and Pakistan,LOC,river,35,,,False
Q848917,Lough Corrib,lough corrib,"lake in Galway, Connacht, Ireland",LOC,lake,35,,,False
Q876483,Sambalpur,sambalpur,"city in Odisha, India",GPE,city,35,,India,False
Q1922254,Raigarh,raigarh,"City in Raigarh district, Chhattisgarh, India",GPE,city,35,,India,False
Q1056102,Cerro Torre,cerro torre,mountain in Southern Patagonia in South America,LOC,mountain,35,,,False
Q507997,Uzh River,uzh river,river in Ukraine and Slovakia,LOC,river,35,,,False
Q1010985,Tetritsqaro,tetritsqaro,city,GPE,city,35,,Georgia,False
Q749187,Girga,girga,city in Egypt,GPE,city,35,157754.0,Egypt,False
Q152374,Kiryat Bialik,kiryat bialik,"city in the Haifa District, Israel",GPE,city,35,,Israel,False
Q433861,Altai,altai,"Capital city of Govi-Altai Province, Mongolia",GPE,city,35,,Mongolia,False
Q451529,Am Timan,am timan,city,GPE,city,35,,Chad,False
Q1132211,Nettilling Lake,nettilling lake,"freshwater lake on Baffin Island in Nunavut, Canada",LOC,lake,35,,,False
Q724815,San Ignacio,san ignacio,capital of the Cayo district,GPE,city,35,,Belize,False
Q1996181,Fuzuli,fuzuli,"city in Azerbaijan, administrative centre of the Fuzuli District",GPE,city,35,,Azerbaijan,False
Q601056,Gyda Peninsula,gyda peninsula,"peninsula in Yamalo-Nenets AO, Russia",LOC,peninsula,35,,,False
Q83458,Tavda,tavda,"river in Sverdlovsk and Tyumen Oblasts, Russia",LOC,river,35,,,False
Q1256528,Black Volta,black volta,"river in Burkina Faso, Ivory Coast, and Ghana",LOC,river,35,,,False
Q828570,Bodrog,bodrog,river in Hungary and Slovakia,LOC,river,35,,,False
Q1126234,Tavolara Island,tavolara island,"Tavolara is a small island off the northeast coast of Sardinia, Italy.",LOC,island,35,,,False
Q1126808,Yauza,yauza,"river in Moscow, Russia",LOC,river,35,,,False
Q753752,Gemlik,gemlik,"district and town in Bursa Province, Turkey",GPE,city,35,111488.0,Turkey,False
Q511067,Vasyugan,vasyugan,"river in Tomsk Oblast, Russia",LOC,river,35,,,False
Q526440,Great Bitter Lake,great bitter lake,salt water lake that is part of the Suez Canal in Egypt,LOC,lake,35,,,False
Q864655,Serhetabat,serhetabat,"city in Mary Province, Turkmenistan",GPE,city,35,,Turkmenistan,False
Q511617,Tiree,tiree,most westerly island in the Inner Hebrides of Scotland,LOC,island,35,,,False
Q1636195,Aranguren,aranguren,"human settlement in Cuenca de Pamplona, Navarre, Spain",LOC,valley,35,,,False
Q131071,Willamette River,willamette river,major river in northwest Oregon,LOC,river,35,,,False
Q1026631,Goygol,goygol,city in Azerbaijan,GPE,city,35,,Azerbaijan,False
Q18737,Rrëshen,rrëshen,"city in Lezhë County, Albania",GPE,city,35,,Albania,False
Q250117,Staffa,staffa,"island of the Inner Hebrides in Argyll and Bute, Scotland, UK",LOC,island,35,,,False
Q1014380,Djanet,djanet,"City and capital of Djanet Province, Algeria",GPE,city,35,,Algeria,False
Q1015172,Sulejów,sulejów,city of Poland,GPE,city,35,,Poland,False
Q812717,Baños,baños,"city of Tungurahua Province, Ecuador",GPE,city,35,,Ecuador,False
Q1738211,Keli Mutubuurai,keli mutubuurai,volcano on the island of Flores in Indonesia,LOC,volcano,35,,,False
Q17541,Victoria Peak,victoria peak,mountain in Hong Kong,LOC,mountain,35,,,False
Q177452,Tone River,tone river,river in Japan,LOC,river,35,,,False
Q403929,Koluszki,koluszki,city of Poland,GPE,city,35,,Poland,False
Q831884,Xiang River,xiang river,"river in Hunan, China feeding Dongting Lake",LOC,river,35,,,False
Q615662,Komoé River,komoé river,river,LOC,river,35,,,False
Q1046653,Khemisset,khemisset,city in Morocco,GPE,city,35,131542.0,Morocco,False
Q1014248,Sonsonate,sonsonate,city in El Salvador,GPE,city,35,,El Salvador,False
Q391461,Grójec,grójec,city of Poland,GPE,city,35,,Poland,False
Q179290,Martvili,martvili,city in Georgia,GPE,city,35,,Georgia,False
Q844667,Vozrozhdeniya island,vozrozhdeniya island,former island in Kazakhstan and Uzbekistan,LOC,peninsula,35,,,False
Q575891,Volcán Momotombo,volcán momotombo,volcano in Nicaragua,LOC,volcano,35,,,False
Q577700,Puyehue-Cordón Caulle,puyehue-cordón caulle,volcanic complex in Chile,LOC,volcano,35,,,False
Q2237,North Saskatchewan River,north saskatchewan river,river in Alberta and Saskatchewan,LOC,river,35,,,False
Q1005356,Rabka-Zdrój,rabka-zdrój,city of Poland,GPE,city,35,,Poland,False
Q15914,Ruše,ruše,city in Slovenia,GPE,city,35,,Slovenia,False
Q170218,Bhagirathi River,bhagirathi river,"river in Uttarakhand, India",LOC,river,35,,,False
Q2460416,Gazipur,gazipur,human settlement in Bangladesh,GPE,city,35,,Bangladesh,False
Q11116077,Mount Fanjing,mount fanjing,mountain in People's Republic of China,LOC,mountain,35,,,False
Q594726,Volcan Baru,volcan baru,Stratovolcano in Panama,LOC,mountain,35,,,False
Q59580,Rennell Island,rennell island,main island of two inhabited islands that make up the Rennell and Bellona Province of the Solomon Islands,LOC,island,35,,,False
Q1982155,Mihtarlam,mihtarlam,"city in Laghman Province, Afghanistan",GPE,city,35,,Afghanistan,False
Q393332,Žagarė,žagarė,city in Lithuania,GPE,city,35,,Lithuania,False
Q168416,Mare Crisium,mare crisium,lunar mare,LOC,lunar mare,35,,,False
Q169141,Cape Froward,cape froward,cape,LOC,cape,35,,,False
Q1807929,Yamunanagar,yamunanagar,"city of Hariyana, India",GPE,city,35,,India,False
Q15896,Metlika,metlika,city in Slovenia,GPE,city,35,,Slovenia,False
Q591224,Krka,krka,river in Croatia,LOC,river,35,,,False
Q1000609,Gobabis,gobabis,city in eastern Namibia,GPE,city,35,,Namibia,False
Q942940,Irpin River,irpin river,river in Ukraine,LOC,river,35,,,False
Q1418174,Son River,son river,river in India,LOC,river,35,,,False
Q1348116,Mount Moco,mount moco,mountain in Angola,LOC,mountain,35,,,False
Q934638,Lake Winnipegosis,lake winnipegosis,"lake in Manitoba, Canada",LOC,lake,35,,,False
Q933459,Goeree-Overflakkee,goeree-overflakkee,island and municipality in the Netherlands,LOC,island,35,,,False
Q392623,Samar Sea,samar sea,sea in the Philippines,LOC,sea,35,,,False
Q393769,Tanana River,tanana river,left tributary of Yukon River in Alaska,LOC,river,35,,,False
Q138637,Lake Izabal,lake izabal,lake,LOC,lake,35,,,False
Q138925,Nevėžis,nevėžis,river in Lithuania,LOC,river,35,,,False
Q139362,Smolikas,smolikas,"mountain in Ioannina Regional Unit, Greece",LOC,mountain,35,,,False
Q30771,Jalna,jalna,"city in Jalna district in the Aurangabad Division, or Marathwada region, in Maharashtra, India",GPE,city,35,,India,False
Q376133,Loir,loir,river in France,LOC,river,35,,,False
Q386331,Grande River,grande river,river in south central Brazil,LOC,river,35,,,False
Q955139,Hula Valley,hula valley,valley,LOC,valley,34,,,False
Q1757609,Rivas,rivas,"municipality in Rivas Department, Nicaragua",GPE,city,34,,Nicaragua,False
Q1367245,Ros River,ros river,river in Ukraine,LOC,river,34,,,False
Q989883,Büyükada,büyükada,island in the Sea of Marmara (Turkey),LOC,island,34,,,False
Q376068,Yell,yell,"island of the Shetland Islands, Scotland, UK",LOC,island,34,,,False
Q940773,Oeno Island,oeno island,"atoll in the Pitcairn Islands, British Overseas Territories",LOC,island,34,,,False
Q939604,Yamdrok Lake,yamdrok lake,"lake in Shannan, Tibet, China",LOC,lake,34,,,False
Q302912,Kakamega,kakamega,human settlement,GPE,city,34,,Kenya,False
Q174126,Köping,köping,"urban area in Köping Municipality, Sweden",GPE,city,34,,Sweden,False
Q1393536,King Haakon VII Sea,king haakon vii sea,sea,LOC,sea,34,,,False
Q369923,Lake Beyşehir,lake beyşehir,lake in Turkey,LOC,lake,34,,,False
Q991201,Rjukan,rjukan,"town in Tinn Municipality, Norway",GPE,city,34,,Norway,False
Q1020261,Higüey,higüey,"capital city of La Altagracia Province, Dominican Republic",GPE,city,34,251243.0,Dominican Republic,False
Q934226,Dyle / Dijle,dyle / dijle,river in central Belgium,LOC,river,34,,,False
Q936688,Mincio,mincio,river in Northern Italy,LOC,river,34,,,False
Q1419084,Parnaíba River,parnaíba river,"river in Maranhão & Piauí, Brazil",LOC,river,34,,,False
Q1363130,Great Barrier Island,great barrier island,largest island near New Zealand's North Island,LOC,island,34,,,False
Q301627,Muzaffargarh,muzaffargarh,"city in Punjab, Pakistan",GPE,city,34,163268.0,Pakistan,False
Q1987828,Kareli,kareli,city in Georgia,GPE,city,34,,Georgia,False
Q571433,McMurdo Dry Valleys,mcmurdo dry valleys,snow-free valleys in Antarctica,LOC,valley,34,,,False
Q570604,Miljacka,miljacka,river in Bosnia and Herzegovina,LOC,river,34,,,False
Q5629,Šešupė,šešupė,"river in Lithuania, Russia, and Poland",LOC,river,34,,,False
Q5620,Łyna,łyna,river in Poland and Russia,LOC,river,34,,,False
Q841189,El Chichón,el chichón,Mexican volcano,LOC,volcano,34,,,False
Q391764,Širvintos,širvintos,town in Lithuania,GPE,city,34,,Lithuania,False
Q1976231,Terjola,terjola,"place in Imereti, Georgia",GPE,city,34,,Georgia,False
Q1061665,Asaba,asaba,"Capital City of Delta State, Nigeria.",GPE,city,34,149603.0,Nigeria,False
Q770518,Boumerdès,boumerdès,city in Algeria,GPE,city,34,,Algeria,False
Q15870,Grosuplje,grosuplje,city in Slovenia,GPE,city,34,,Slovenia,False
Q15860,Cerknica,cerknica,city in Slovenia,GPE,city,34,,Slovenia,False
Q249259,Jędrzejów,jędrzejów,"city in Świętokrzyskie Voivodeship, Poland",GPE,city,34,,Poland,False
Q786758,Azogues,azogues,"city in Ecuador, capital of the Cañar Province",GPE,city,34,,Ecuador,False
Q786124,Kosovo Polje,kosovo polje,"town in Kosovo, Serbia",GPE,city,34,,Serbia,False
Q782743,Chinhoyi,chinhoyi,city,GPE,city,34,,Zimbabwe,False
Q583990,Thurston Island,thurston island,Antarctic island,LOC,island,34,,,False
Q217430,Siljan,siljan,"lake in Dalarna, central Sweden",LOC,lake,34,,,False
Q10600995,Ninotsminda,ninotsminda,town in Georgia,GPE,city,34,,Georgia,False
Q1091113,Hüiten Peak,hüiten peak,The highest mountain of Mongolia and the Tavan-Bogdo-Ula mountain range,LOC,mountain,34,,,False
Q576032,Sajó,sajó,river,LOC,river,34,,,False
Q845520,Kalix River,kalix river,river of Northern Sweden,LOC,river,34,,,False
Q843343,Bâc,bâc,river in Moldova,LOC,river,34,,,False
Q1285832,Ushba,ushba,mountain in Georgia,LOC,mountain,34,,,False
Q239883,Sangha,sangha,river,LOC,river,34,,,False
Q814033,Beed,beed,"City in Maharashtra, India",GPE,city,34,146709.0,India,False
Q611388,Huallaga River,huallaga river,river in Peru,LOC,river,34,,,False
Q215818,Torneträsk,torneträsk,lake in Kiruna municipality in Sweden,LOC,lake,34,,,False
Q831383,Maya,maya,"river in Yakutia, Russia",LOC,river,34,,,False
Q830766,Bezymianny,bezymianny,volcano,LOC,mountain,34,,,False
Q836299,Gers,gers,river in France,LOC,river,34,,,False
Q836283,Maupiti,maupiti,island in French Polynesia,LOC,island,34,,,False
Q15876,Ilirska Bistrica,ilirska bistrica,city in Slovenia,GPE,city,34,,Slovenia,False
Q590533,Caroní River,caroní river,river in Venezuela,LOC,river,34,,,False
Q590237,Fontanka,fontanka,"left branch of the river Neva in Saint Petersburg, Russia",LOC,river,34,,,False
Q596901,Eisack,eisack,river in Northern Italy,LOC,river,34,,,False
Q2322479,Prince Gustav Adolf Sea,prince gustav adolf sea,"marginal sea of the Arctic Ocean located in Qikiqtaaluk Region, Nunavut, Canada",LOC,sea,34,,,False
Q1949364,Rewari,rewari,"city in Rewari district, Gurugram division, Haryana, India",GPE,city,34,,India,False
Q252362,Cerro Chirripó,cerro chirripó,mountain in Costa Rica,LOC,mountain,34,,,False
Q250907,Traunsee,traunsee,lake in Upper Austria,LOC,lake,34,,,False
Q248496,Izh,izh,"river in Udmurtia and Tatarstan, Russia",LOC,river,34,,,False
Q1648094,Urraúl Bajo,urraúl bajo,human settlement in Spain,LOC,valley,34,,,False
Q164121,Llaima,llaima,mountain,LOC,mountain,34,,,False
Q1315570,Lake Fagnano,lake fagnano,lake in Argentina and Chile,LOC,lake,34,,,False
Q846744,Hornád,hornád,river,LOC,river,34,,,False
Q855330,Donegal,donegal,"town in the Donegal County, Ireland",GPE,city,34,,Ireland,False
Q256293,Grande Terre,grande terre,principal island of New Caledonia,LOC,island,34,,,False
Q845990,Kriváň,kriváň,mountain in Slovakia,LOC,mountain,34,,,False
Q845920,Senne,senne,river in Belgium,LOC,river,34,,,False
Q845891,Pielinen,pielinen,"lake in North Karelia, Finland",LOC,lake,34,,,False
Q160698,Ourthe,ourthe,river in Belgium,LOC,river,34,,,False
Q1647776,Razzakov,razzakov,"town in Batken Region, Kyrgyzstan (known as Isfana until 2022)",GPE,city,34,,Kyrgyzstan,False
Q1642884,Muszyna,muszyna,city of Poland in malopolskie voivodeship,GPE,city,34,,Poland,False
Q517081,Westerplatte,westerplatte,"peninsula in the harbour channel of Gdańsk, Poland",LOC,peninsula,34,,,False
Q888300,Dangriga,dangriga,Stann Creek district capital,GPE,city,34,,Belize,False
Q509058,Sylva,sylva,"river in Sverdlovsk Oblast and Perm Krai, Russia",LOC,river,34,,,False
Q738563,Hakha,hakha,Capital of the Chin State in Myanmar,GPE,city,34,,Myanmar,False
Q824371,Näsijärvi,näsijärvi,"lake in Pirkanmaa, Finland",LOC,lake,34,,,False
Q4178675,Žiežmariai,žiežmariai,"city in Aukštaitija, Lithuania",GPE,city,34,,Lithuania,False
Q126327,San Giorgio Maggiore,san giorgio maggiore,island in Italy,LOC,island,34,,,False
Q1261915,Jebel Shams,jebel shams,mountain in Oman,LOC,mountain,34,,,False
Q603664,Latorica,latorica,river in Slovakia and Ukraine,LOC,river,34,,,False
Q60067,Kuskokwim River,kuskokwim river,river in Alaska,LOC,river,34,,,False
Q598889,Tiran Island,tiran island,A Saudi island,LOC,island,34,,,False
Q616662,Mangareva,mangareva,central and largest island of the Gambier Islands in French Polynesia,LOC,island,34,,,False
Q1996815,Imishli,imishli,city in Azerbaijan,GPE,city,34,,Azerbaijan,False
Q2352160,Gadabay,gadabay,city in Azerbaijan,GPE,city,34,,Azerbaijan,False
Q815838,Belle Île,belle île,"island in Morbihan, France",LOC,island,34,,,False
Q1555366,Gusinje,gusinje,city in Montenegro,GPE,city,34,,Montenegro,False
Q429059,Dvin,dvin,capital of early medieval Armenia,GPE,city,34,,Armenia,False
Q42678,Makeni,makeni,capital city of Northern Province in Sierra Leone,GPE,city,34,125970.0,Sierra Leone,False
Q747470,Dimitrovgrad,dimitrovgrad,town and municipality in Serbia,GPE,city,34,,Serbia,False
Q746395,Góra,góra,city of Poland,GPE,city,34,,Poland,False
Q271112,Ångermanälven,ångermanälven,river in Sweden,LOC,river,34,,,False
Q849539,Tietê River,tietê river,"river in São Paulo, Brazil",LOC,river,34,,,False
Q1573427,Mount Hamiguitan,mount hamiguitan,mountain in Philippines,LOC,mountain,34,,,False
Q1323436,Yapen Island,yapen island,"island in Yapen Islands Regency, Papua Province, Indonesia",LOC,island,34,,,False
Q923643,Lazdijai,lazdijai,city in Lithuania,GPE,city,34,,Lithuania,False
Q916514,Brzeszcze,brzeszcze,city of Poland,GPE,city,34,,Poland,False
Q1054325,St. Clair River,st. clair river,river in North America on the boundary of Michigan and Ontario,LOC,river,34,,,False
Q635545,Suriname River,suriname river,river in Suriname,LOC,river,34,,,False
Q634530,Olib,olib,island of Croatia,LOC,island,34,,,False
Q1132553,Naissaar,naissaar,island in Estonia,LOC,island,34,,,False
Q1005472,Warta,warta,town of Poland,GPE,city,34,,Poland,False
Q2341875,Rupnagar,rupnagar,"city in Rupnagar district, India",GPE,city,34,,India,False
Q808176,Barguzin,barguzin,"river in Buryatia, Russia",LOC,river,34,,,False
Q807267,Baranof Island,baranof island,"island in Sitka City and Borough, Alaska, United States",LOC,island,34,,,False
Q730791,Wajir,wajir,city in Kenya,GPE,city,34,,Kenya,False
Q1537157,Mount Gongga,mount gongga,"highest mountain in Sichuan, China",LOC,mountain,34,,,False
Q1049578,Gogland,gogland,island in the Gulf of Finland in the eastern Baltic Sea,LOC,island,34,,,False
Q789969,Bandama River,bandama river,river in Ivory Coast,LOC,river,34,,,False
Q772214,Chelif River,chelif river,river in Algeria,LOC,river,34,,,False
Q227509,Az Zubayr,az zubayr,city in Iraq,GPE,city,34,370000.0,Iraq,False
Q2006102,Strășeni,strășeni,municipality in Moldova,GPE,city,34,,Moldova,False
Q1139404,Msta,msta,"river in Tver and Novgorod Oblasts, Russia",LOC,river,34,,,False
Q1139293,Virgin Gorda,virgin gorda,island which is part of the British Virgin Islands,LOC,island,34,,,False
Q673275,Sodo,sodo,City in Ethiopia,GPE,city,34,512498.0,Ethiopia,False
Q1129992,Le Morne Brabant,le morne brabant,peninsula and mountain in Mauritius,LOC,mountain,34,,,False
Q7180187,Ballia,ballia,City in the Indian state of Uttar Pradesh,GPE,city,34,,India,False
Q6651815,Little Saint James,little saint james,island in U. S. Virgin Islands,LOC,island,34,,,False
Q1225369,Dikson Island,dikson island,island in Russia,LOC,island,34,,,False
Q135975,Areguá,areguá,city and capital of the Central Department of Paraguay,GPE,city,34,,Paraguay,False
Q765106,Barada,barada,river in Syria,LOC,river,34,,,False
Q1047568,Shelon,shelon,"river in Pskov and Novgorod Oblasts, Russia",LOC,river,34,,,False
Q1015699,Lira,lira,"municipality in Lira District, Northern Region, Uganda",GPE,city,34,116500.0,Uganda,False
Q496415,Ulva,ulva,island in the Inner Hebrides of Scotland,LOC,island,34,,,False
Q204391,Zinjibar,zinjibar,"town in Abyan, Yemen",GPE,city,34,,Yemen,False
Q2036966,Shivpuri,shivpuri,city in India,GPE,city,34,,India,False
Q751887,Aveyron,aveyron,"river in France, tributary of the Tarn",LOC,river,34,,,False
Q19347,Gorgona,gorgona,island in the Tuscan Archipelago,LOC,island,34,,,False
Q2235493,Myronivka,myronivka,town in Ukraine,GPE,city,34,,Ukraine,False
Q644799,Mongu,mongu,city in Western Zambia,GPE,city,34,148972.0,Zambia,False
Q659044,Rhone Glacier,rhone glacier,glacier in Switzerland,LOC,glacier,34,,,False
Q1141700,Eleuthera,eleuthera,island in the Bahamas,LOC,island,34,,,False
Q1017210,Tsalenjikha,tsalenjikha,city,GPE,city,34,,Georgia,False
Q1048284,Wellington Island,wellington island,island off Southern Chile,LOC,island,34,,,False
Q879332,Biševo,biševo,island of Croatia,LOC,island,34,,,False
Q876280,Lagoa Mirim,lagoa mirim,lake on the border of Brazil and Uruguay,LOC,lake,34,,,False
Q875712,Leizhou Peninsula,leizhou peninsula,peninsula,LOC,peninsula,34,,,False
Q337683,Čapljina,čapljina,city in Bosnia and Herzegovina,GPE,city,34,,Bosnia and Herzegovina,False
Q1688300,Jashore,jashore,"town in Jashore District, Bangladesh",GPE,city,34,209330.0,Bangladesh,False
Q951602,Port-de-Paix,port-de-paix,city in Haiti,GPE,city,34,121220.0,Haiti,False
Q948953,Mixco,mixco,"City in Guatemala Departament, Guatemala",GPE,city,34,527828.0,Guatemala,False
Q671890,Tvertsa,tvertsa,"river in Tver Oblast, Russia",LOC,river,34,,,False
Q1146327,Pidurutalagala,pidurutalagala,mountain in Sri Lanka,LOC,mountain,34,,,False
Q1146222,Scafell Pike,scafell pike,highest mountain in England,LOC,mountain,34,,,False
Q1960702,Marapi,marapi,"complex volcano in West Sumatra, Indonesia",LOC,mountain,34,,,False
Q120352,Paravani Lake,paravani lake,lake in south Georgia,LOC,lake,34,,,False
Q665000,Grauspitz,grauspitz,mountain,LOC,mountain,34,,,False
Q1143836,Fish River,fish river,river in Namibia,LOC,river,34,,,False
Q1143757,Cumbre Vieja,cumbre vieja,"volcano in La Palma, Spain",LOC,mountain,34,,,False
Q957530,Molėtai,molėtai,city in Lithuania,GPE,city,34,,Lithuania,False
Q957326,Magway,magway,human settlement,GPE,city,34,,Myanmar,False
Q481597,Amund Ringnes Island,amund ringnes island,"island in Nunavut, Canada",LOC,island,34,,,False
Q489003,Wallis,wallis,island in Wallis and Futuna,LOC,island,34,,,False
Q905536,Mount Qingcheng,mount qingcheng,"mountain in Sichuan, China",LOC,mountain,34,,,False
Q895385,Bow River,bow river,"watercourse in Alberta, Canada",LOC,river,34,,,False
Q985562,Fada,fada,city in Chad,GPE,city,34,,Chad,False
Q983729,Krapkowice,krapkowice,"city, Krapkowice County, Poland",GPE,city,34,,Poland,False
Q1017696,Jacobabad,jacobabad,city in Pakistan,GPE,city,34,200815.0,Pakistan,False
Q2078085,Fălești,fălești,"city in Moldova, seat of Fălești District",GPE,city,34,,Moldova,False
Q611086,Lesko,lesko,town in south-eastern Poland,GPE,city,34,,Poland,False
Q20837,Fanø,fanø,Danish island,LOC,island,34,,,False
Q2148072,Ismayilli,ismayilli,city in Azerbaijan,GPE,city,34,,Azerbaijan,False
Q526539,Mongomo,mongomo,city in Equatorial Guinea,GPE,city,34,,Equatorial Guinea,False
Q520858,Bagalkot,bagalkot,"city in Karnataka, India",GPE,city,34,,India,False
Q678878,Groote Eylandt,groote eylandt,island off the Northern Australian coast,LOC,island,34,,,False
Q620625,Dikhil,dikhil,city,GPE,city,34,,Djibouti,False
Q617032,Kibuye,kibuye,city in Rwanda,GPE,city,34,,Rwanda,False
Q1150673,Penang Island,penang island,"island on west coast of Penang, Malaysia",LOC,island,34,,,False
Q965754,San Felipe,san felipe,"capital city of Yaracuy State, Venezuela",GPE,city,34,220786.0,Venezuela,False
Q1707848,Hanumangarh,hanumangarh,city,GPE,city,34,129654.0,India,False
Q1336091,Sable Island,sable island,"island in Nova Scotia, Canada",LOC,island,34,,,False
Q324903,Poddębice,poddębice,town in Łódź Voivodeship in central Poland,GPE,city,34,,Poland,False
Q988275,Lerum,lerum,"urban area in Lerum Municipality, Sweden",GPE,city,34,,Sweden,False
Q1018092,Usulután,usulután,city in El Salvador,GPE,city,34,,El Salvador,False
Q340043,Medjerda River,medjerda river,"major river in Tunisia, the ancient Bagrada",LOC,river,34,,,False
Q1179634,Khairpur,khairpur,"city in Sindh, Pakistan",GPE,city,34,144949.0,Pakistan,False
Q738237,Walcheren,walcheren,"peninsula in Zeeland, Netherlands",LOC,peninsula,34,,,False
Q2139428,Kranjska Gora,kranjska gora,"place in Upper Carniola, Slovenia",GPE,city,34,,Slovenia,False
Q743296,Drôme,drôme,river in France,LOC,river,34,,,False
Q745295,Mani Peninsula,mani peninsula,"peninsula in south Peloponnese, Greece",LOC,peninsula,34,,,False
Q59086,Suva Reka,suva reka,town in Kosovo,GPE,city,34,,Serbia,False
Q2072887,Florești,florești,city in the northeast of Moldova,GPE,city,34,,Moldova,False
Q1008152,Thisted,thisted,"town in Thisted municipality of Region Nordjylland, in Denmark",GPE,city,34,,Denmark,False
Q57924,Lugau,lugau,"town and municipality in Saxony, Germany",GPE,city,34,,Germany,False
Q2067956,Väinameri,väinameri,part of the Baltic Sea,LOC,sea,34,,,False
Q1210015,Kaga-Bandoro,kaga-bandoro,city,GPE,city,34,,Central African Republic,False
Q1197824,Pilibhit,pilibhit,city,GPE,city,34,,India,False
Q2090598,Lerik,lerik,city in Azerbaijan,GPE,city,34,,Azerbaijan,False
Q1166036,Ayon Island,ayon island,island,LOC,island,34,,,False
Q14333,Saane/Sarine,saane/sarine,left tributary of the Aare in Switzerland,LOC,river,34,,,False
Q990115,Khenifra,khenifra,city in Morocco,GPE,city,34,123738.0,Morocco,False
Q3593349,Capraia,capraia,island in Italy,LOC,island,34,,,False
Q1020490,Mirpur Khas,mirpur khas,"city in Sindh, Pakistan",GPE,city,34,236961.0,Pakistan,False
Q374269,Reykjanes,reykjanes,peninsula in Iceland,LOC,peninsula,34,,,False
Q962258,Unciti,unciti,municipality of Spain,LOC,valley,34,,,False
Q1000373,Mandalgovi,mandalgovi,"city in Dundgovi, Mongolia",GPE,city,34,,Mongolia,False
Q1000346,Moquegua,moquegua,"city of Peru, capital of Moquegua region",GPE,city,34,,Peru,False
Q1002823,Fomboni,fomboni,Capital of Mohéli,GPE,city,33,,Comoros,False
Q242083,Kintyre,kintyre,"peninsula in Argyll and Bute, Scotland, UK",LOC,peninsula,33,,,False
Q1072354,Chek Lap Kok,chek lap kok,"island in Hong Kong, reclaiming surrounding sea and expanding extensively as Hong Kong International Airport",LOC,island,33,,,False
Q697907,Großvenediger,großvenediger,mountain in the Venediger Group at the border Salzburg / Tyrol,LOC,mountain,33,,,False
Q1362309,Nieuwe Maas,nieuwe maas,distributary of the Rhine River,LOC,river,33,,,False
Q419544,Akjoujt,akjoujt,commune of Mauritania,GPE,city,33,,Mauritania,False
Q829688,Alpamayo,alpamayo,mountain in Peru,LOC,mountain,33,,,False
Q252472,Oti River,oti river,river in West-Central Africa,LOC,river,33,,,False
Q1026613,Wazirabad,wazirabad,"city in Punjab, Pakistan",GPE,city,33,,Pakistan,False
Q18592055,Gagnoa,gagnoa,city in Côte d'Ivoire,GPE,city,33,277044.0,Ivory Coast,False
Q1074945,Wadi El Natrun,wadi el natrun,desert valley near the Egyptian Nile delta,LOC,valley,33,,,False
Q18751,Poliçan,poliçan,city in Albania,GPE,city,33,,Albania,False
Q18746,Roskovec,roskovec,"town in Fier County, Albania",GPE,city,33,,Albania,False
Q1004295,Kybartai,kybartai,city in Lithuania,GPE,city,33,,Lithuania,False
Q1004290,Skuodas,skuodas,city in Lithuania,GPE,city,33,,Lithuania,False
Q840735,Mount Redoubt,mount redoubt,steep-sided volcanic cone about 10 km in diameter at its base,LOC,volcano,33,,,False
Q2352148,Goranboy,goranboy,city in Azerbaijan,GPE,city,33,,Azerbaijan,False
Q817858,Bennett Island,bennett island,"island in De Long Islands, Russia",LOC,island,33,,,False
Q8175,Usa,usa,"river in Komi Republic, Russia, tributary of Pechora",LOC,river,33,,,False
Q1076018,Chomolhari,chomolhari,mountain in Bhutan/China,LOC,mountain,33,,,False
Q258588,Ybbs,ybbs,"river in Lower Austria, tributary of Danube",LOC,river,33,,,False
Q1001897,San Antonio de Palé,san antonio de palé,"city in Annobón Province, Equatorial Guinea",GPE,city,33,,Equatorial Guinea,False
Q207100,"Ziębice [Münsterberg], Lower Silesian Voivodeship",ziębice münsterberg lower silesian voivodeship,city of Poland,GPE,city,33,,Poland,False
Q222149,Sumida River,sumida river,"river in Tokyo, Japan",LOC,river,33,,,False
Q220241,Millstätter See,millstätter see,"lake in Carinthia, Austria",LOC,lake,33,,,False
Q262035,New Hanover Island,new hanover island,island,LOC,island,33,,,False
Q841451,Creuse,creuse,"river in France, tributary of the Vienne",LOC,river,33,,,False
Q2669289,Iremel,iremel,mountain ridge in the Southern Ural,LOC,mountain,33,,,False
Q1130713,Kem River,kem river,"river in Karelia, Russia ending in the White Sea",LOC,river,33,,,False
Q1130641,Alor Island,alor island,"island in Alor Regency, East Nusa Tenggara Province, Indonesia",LOC,island,33,,,False
Q1128488,Swains Island,swains island,"remote coral atoll of American Samoa, United States of America",LOC,island,33,,,False
Q1128134,Suir,suir,river in Ireland,LOC,river,33,,,False
Q1136637,Sounion,sounion,"cape and archaeological site in Lavreotiki municipality, Attica, Greece",LOC,cape,33,,,False
Q1136111,Rathlin Island,rathlin island,"island in County Antrim, Northern Ireland, UK",LOC,island,33,,,False
Q1392962,Failaka Island,failaka island,Kuwaiti island,LOC,island,33,,,False
Q1131774,Ugljan,ugljan,island of Croatia,LOC,island,33,,,False
Q267646,Mount Adams,mount adams,Southern Washington stratovolcano in the Cascade Volcanic Arc,LOC,mountain,33,,,False
Q1139771,Hoy,hoy,"island in the Orkney Islands group, Scotland, UK",LOC,island,33,,,False
Q1139395,Illampu,illampu,mountain in the Bolivian Andes,LOC,mountain,33,,,False
Q1025587,Grafton,grafton,"city in New South Wales, Australia",GPE,city,33,,Australia,False
Q2114101,Mawson Peak,mawson peak,volcano on Heard Island,LOC,mountain,33,,,False
Q1145030,Cape Guardafui,cape guardafui,cape,LOC,cape,33,,,False
Q798460,Zarqa River,zarqa river,"Jordanian river near Amman, tributary to the lower Jordan River",LOC,river,33,,,False
Q795647,Carriacou Island,carriacou island,island in Grenada,LOC,island,33,,,False
Q1149819,Trashigang,trashigang,city,GPE,city,33,,Bhutan,False
Q1149502,Jarabulus,jarabulus,"district city in Aleppo, Syria",GPE,city,33,,Syria,False
Q1141853,Hîncești,hîncești,city in Moldova,GPE,city,33,,Moldova,False
Q114093,Stryków,stryków,city of Poland,GPE,city,33,,Poland,False
Q1146838,Valentia Island,valentia island,island in Ireland,LOC,island,33,,,False
Q27923,Desertas Islands,desertas islands,"small Portuguese archipelago, part of Madeira archipelago",LOC,island,33,,,False
Q27600,Vasilyevsky Island,vasilyevsky island,"island in St. Petersburg, Russia",LOC,island,33,,,False
Q1054311,Upper Angara,upper angara,"river in Buryatia, Russia",LOC,river,33,,,False
Q691151,Noto Peninsula,noto peninsula,"peninsula in the island of Honshū, Japan",LOC,peninsula,33,,,False
Q1145743,Pico Turquino,pico turquino,mountain,LOC,mountain,33,,,False
Q279980,Kata Tjuta,kata tjuta,domed rock formation in the Northern Territory of Australia,LOC,mountain,33,,,False
Q844263,San Michele,san michele,"island in the Venetian Lagoon, Italy",LOC,island,33,,,False
Q248144,Biała,biała,city of Poland,GPE,city,33,,Poland,False
Q1161258,Mount Robson,mount robson,"highest mountain in the Canadian Rockies, in British Columbia",LOC,mountain,33,,,False
Q1160449,Ljusnan,ljusnan,"river in Härjedalen and Hälsingland, Sweden",LOC,river,33,,,False
Q1166791,Muttrah,muttrah,city in Oman,GPE,city,33,230881.0,Oman,False
Q1851063,Kurdamir,kurdamir,city in Azerbaijan,GPE,city,33,,Azerbaijan,False
Q2287173,Mainpuri,mainpuri,"city in Mainpuri district, Agra division, Uttar Pradesh, India",GPE,city,33,,India,False
Q845988,Osam,osam,river in Bulgaria,LOC,river,33,,,False
Q1048813,Weh Island,weh island,"island in Sabang City, Aceh Province, Indonesia",LOC,island,33,,,False
Q1192238,Datia,datia,"city in Madhya Pradesh, India",GPE,city,33,,India,False
Q205428,Semliki River,semliki river,river,LOC,river,33,,,False
Q1209397,Lashio,lashio,"city in Shan State, Myanma",GPE,city,33,149423.0,Myanmar,False
Q304933,Lake Abaya,lake abaya,lake in Southern Ethiopia,LOC,lake,33,,,False
Q30453,Grandes Jorasses,grandes jorasses,mountain in the Mont Blanc massif in the Alps,LOC,mountain,33,,,False
Q611784,Włoszczowa,włoszczowa,city of Poland,GPE,city,33,,Poland,False
Q626295,Ararat,ararat,"city in Victoria, Australia",GPE,city,33,,Australia,False
Q1045820,Deception Island,deception island,Antarctic island,LOC,island,33,,,False
Q118904,Makatea,makatea,island in French Polynesia,LOC,island,33,,,False
Q255780,Singrauli,singrauli,city,GPE,city,33,,India,False
Q203098,Onyx River,onyx river,"river in McMurdo Dry Valleys, Victoria Land, Antarctica",LOC,river,33,,,False
Q1249932,Bahawalnagar,bahawalnagar,"city in Punjab, Pakistan",GPE,city,33,141935.0,Pakistan,False
Q1035273,Car Nicobar Island,car nicobar island,island of India,LOC,island,33,,,False
Q1023713,Dutse,dutse,city and local government area in Nigeria,GPE,city,33,153000.0,Nigeria,False
Q1025286,Lalitpur,lalitpur,city in India,GPE,city,33,,India,False
Q1024731,Valladolid,valladolid,"city in Yucatan, Mexico",GPE,city,33,,Mexico,False
Q775056,Culebra,culebra,island-municipality in Puerto Rico,LOC,island,33,,,False
Q771440,Wkra,wkra,river in Poland,LOC,river,33,,,False
Q1026302,Calbuco,calbuco,"volcano near Llanquihue lake, Chile",LOC,mountain,33,,,False
Q8519,Kunar River,kunar river,River in Afghanistan and Pakistan,LOC,river,33,,,False
Q33211,Janq'u Uma,janqu uma,mountain,LOC,mountain,33,,,False
Q1996389,Yosemite Valley,yosemite valley,"glacial valley in California, United States of America",LOC,valley,33,,,False
Q19751,Qiantang River,qiantang river,"river in western Zhejiang, China",LOC,river,33,,,False
Q767793,Bistrița River,bistrița river,"river in Romania, tributary to Siret River",LOC,river,33,,,False
Q19718,River Ouse,river ouse,"river in North Yorkshire, England",LOC,river,33,,,False
Q196183,Wabash River,wabash river,tributary of the Ohio River in the United States,LOC,river,33,,,False
Q999070,Nkongsamba,nkongsamba,commune of Cameroon,GPE,city,33,135405.0,Cameroon,False
Q2603127,Al-Malikiyah,al-malikiyah,"city in Al-Hasakah Governorate, Syria",GPE,city,33,,Syria,False
Q1948210,Catatumbo River,catatumbo river,River shared between Colombia and Venezuela,LOC,river,33,,,False
Q343902,İmralı,i̇mralı,island off the northwestern coast of Turkey,LOC,island,33,,,False
Q1020320,San Carlos,san carlos,"municipality in Río San Juan Department, Nicaragua",GPE,city,33,,Nicaragua,False
Q353920,Adelaide Island,adelaide island,island on the north side of Marguerite Bay off the west coast of the Antarctic Peninsula,LOC,island,33,,,False
Q756886,Maine,maine,tributary of the Loire in France,LOC,river,33,,,False
Q1020535,Trujillo,trujillo,"state capital of Trujillo State, Venezuela",GPE,city,33,,Venezuela,False
Q1729385,Sribhumi,sribhumi,"city in Assam, India",GPE,city,33,,India,False
Q997069,Mansa,mansa,city in Zambia,GPE,city,33,,Zambia,False
Q859354,Lassen Peak,lassen peak,lava dome in the Cascade Range,LOC,volcano,33,,,False
Q995707,Lodwar,lodwar,city,GPE,city,33,,Kenya,False
Q370750,Savannah River,savannah river,river in the southeastern United States,LOC,river,33,,,False
Q3809449,Simeulue Island,simeulue island,"island in Simeulue Regency, Aceh Province, Indonesia",LOC,island,33,,,False
Q380699,Aegna,aegna,island in Estonia,LOC,island,33,,,False
Q378985,West Morava,west morava,river in Serbia,LOC,river,33,,,False
Q2191860,Berrechid,berrechid,City in Morocco,GPE,city,33,168687.0,Morocco,False
Q3861073,Tianmen Mountain,tianmen mountain,mountain in People's Republic of China,LOC,mountain,33,,,False
Q866875,Nen River,nen river,river in the People's Republic of China,LOC,river,33,,,False
Q864870,Tulagi,tulagi,island,LOC,island,33,,,False
Q868952,Dia,dia,Greek island,LOC,island,33,,,False
Q867864,Choiseul Island,choiseul island,island in Solomon Islands,LOC,island,33,,,False
Q271083,Åndalsnes,åndalsnes,"settlement in Rauma Municipality, Norway",GPE,city,33,,Norway,False
Q345243,Łapy,łapy,city of Poland,GPE,city,33,,Poland,False
Q715797,Khalkhyn River,khalkhyn river,river in China and Mongolia,LOC,river,33,,,False
Q993697,Ocnița,ocnița,city in Moldova,GPE,city,33,,Moldova,False
Q752505,Tinetto,tinetto,Italian island,LOC,island,33,,,False
Q1814470,Mahoba,mahoba,city,GPE,city,33,,India,False
Q991840,Janów Lubelski,janów lubelski,city in eastern Poland,GPE,city,33,,Poland,False
Q991797,Kolbuszowa,kolbuszowa,city of Poland,GPE,city,33,,Poland,False
Q991006,Minatitlán,minatitlán,"city and municipal seat in Veracruz, Mexico",GPE,city,33,356020.0,Mexico,False
Q1018163,Myeik,myeik,city,GPE,city,33,222056.0,Myanmar,False
Q1018173,Sagaing,sagaing,city,GPE,city,33,,Myanmar,False
Q423528,ʻEua,ʻeua,island of Tonga,LOC,island,33,,,False
Q988588,Wyrzysk,wyrzysk,city of Poland,GPE,city,33,,Poland,False
Q988576,Nakło nad Notecią,nakło nad notecią,city of Poland,GPE,city,33,,Poland,False
Q276746,Babati,babati,city,GPE,city,33,,Tanzania,False
Q275694,Opatów,opatów,town in Świętokrzyskie Voivodeship in southern Poland,GPE,city,33,,Poland,False
Q512111,Bouar,bouar,city in Central African Republic,GPE,city,33,,Central African Republic,False
Q1773019,Goñi,goñi,"town and municipality located in Navarre, northern Spain",LOC,valley,33,,,False
Q985687,Konstancin-Jeziorna,konstancin-jeziorna,"city in Masovian Voivodeship, Poland",GPE,city,33,,Poland,False
Q1345896,Mohawk River,mohawk river,"river in New York state, United States",LOC,river,33,,,False
Q65300020,Sofifi,sofifi,"capital of North Maluku Province, Indonesia",GPE,city,33,,Indonesia,False
Q985462,Nikaia,nikaia,"suburb of Athens, Greece",GPE,city,33,,Greece,False
Q1017678,Salyan,salyan,city in Azerbaijan,GPE,city,33,,Azerbaijan,False
Q1017651,Chiniot,chiniot,"city in Punjab, Pakistan",GPE,city,33,477781.0,Pakistan,False
Q1017644,Chaman,chaman,"city in Balochistan, Pakistan",GPE,city,33,107660.0,Pakistan,False
Q1017637,Nawabshah,nawabshah,"city in Sindh, Pakistan",GPE,city,33,263102.0,Pakistan,False
Q15868,Gornja Radgona,gornja radgona,city in Slovenia,GPE,city,33,,Slovenia,False
Q986207,Carrefour,carrefour,city,GPE,city,33,511345.0,Haiti,False
Q968211,Okara,okara,"city in Punjab, Pakistan",GPE,city,33,232386.0,Pakistan,False
Q473435,Mount Bulusan,mount bulusan,active volcano in the Philippines,LOC,mountain,33,,,False
Q985618,Doba,doba,city,GPE,city,33,,Chad,False
Q985614,Koulamoutou,koulamoutou,town in Gabon,GPE,city,33,,Gabon,False
Q1274177,Yas Island,yas island,"island in Abu Dhabi, United Arab Emirates",LOC,island,33,,,False
Q956966,Lagodekhi,lagodekhi,city in Georgia,GPE,city,33,,Georgia,False
Q911748,Gunung Galunggung,gunung galunggung,"mountain in West Java, Indonesia",LOC,mountain,33,,,False
Q487319,Anatahan,anatahan,island in the Northern Mariana Islands in the Pacific Ocean,LOC,island,33,,,False
Q661684,Vilnia,vilnia,river in Lithuania and Belarus,LOC,river,33,,,False
Q1427436,Chatham Island,chatham island,island off eastern New Zealand,LOC,island,33,,,False
Q657744,Căușeni,căușeni,"city in Moldova, seat of Căușeni District",GPE,city,33,,Moldova,False
Q528679,Nyanza,nyanza,city in Rwanda,GPE,city,33,,Rwanda,False
Q532102,Asosa,asosa,town in western Ethiopia,GPE,city,33,,Ethiopia,False
Q1015727,Mbale City,mbale city,"City in Mbale District, Eastern Region, Uganda",GPE,city,33,586300.0,Uganda,False
Q167916,Lim,lim,"river in Montenegro, Serbia and Bosnia and Herzegovina",LOC,river,33,,,False
Q948050,Seeb,seeb,City in Oman,GPE,city,33,470878.0,Oman,False
Q1901003,Dondușeni,dondușeni,town in Moldova,GPE,city,33,,Moldova,False
Q495437,Cheonggyecheon,cheonggyecheon,"stream in Seoul, South Korea",LOC,river,33,,,False
Q499164,Ascraeus Mons,ascraeus mons,Martian shield volcano,LOC,volcano,33,,,False
Q497357,Levanzo,levanzo,island,LOC,island,33,,,False
Q529282,Anenii Noi,anenii noi,city in Moldova,GPE,city,33,,Moldova,False
Q179007,Tucupita,tucupita,"city of the Tucupita Municipality in the state of Delta Amacuro, eastern Venezuela",GPE,city,33,,Venezuela,False
Q2021260,Camenca,camenca,"town in Transnistria, Moldova",GPE,city,33,,Moldova,False
Q644663,Portmore,portmore,"city in the Saint Catherine Parish, Jamaica",GPE,city,33,182153.0,Jamaica,False
Q501337,Roosevelt Island,roosevelt island,island in Antarctica,LOC,island,33,,,False
Q16540,Breithorn,breithorn,mountain of the Pennine Alps,LOC,mountain,33,,,False
Q1647988,Urraúl Alto,urraúl alto,human settlement in Spain,LOC,valley,33,,,False
Q883362,Punta Gorda,punta gorda,capital of the Toledo district,GPE,city,33,,Belize,False
Q876166,Mariental,mariental,town in Namibia,GPE,city,33,,Namibia,False
Q927016,Yarkon River,yarkon river,river in central Israel,LOC,river,33,,,False
Q1636204,Anue,anue,municipality of Spain,LOC,valley,33,,,False
Q932332,Foula,foula,"island of the Shetland Islands, Scotland, UK",LOC,island,33,,,False
Q52435,Giudecca,giudecca,"island in the Venetian Lagoon, Italy",LOC,island,33,,,False
Q871209,Solwezi,solwezi,city,GPE,city,33,,Zambia,False
Q532590,Malden Island,malden island,island in the central Pacific Ocean,LOC,island,33,,,False
Q835423,Strzyżów,strzyżów,"city in Subcarpathian Voivodeship, Poland",GPE,city,33,,Poland,False
Q835000,Tutin,tutin,town and municipality in Serbia,GPE,city,33,,Serbia,False
Q539053,Moldova River,moldova river,river in Romania and Moldova,LOC,river,33,,,False
Q958359,Nissan,nissan,river in southern Sweden,LOC,river,33,,,False
Q6634626,Pali,pali,"city in Pali district, Rajasthan, India",GPE,city,33,229956.0,India,False
Q540373,Zemlya Georga,zemlya georga,island in the Russian Artic,LOC,island,33,,,False
Q1323418,Waigeo Island,waigeo island,"island in Raja Ampat Regency, Southwest Papua Province, Indonesia",LOC,island,33,,,False
Q815370,Beledweyne,beledweyne,city,GPE,city,33,,Somalia,False
Q1013526,Puerto Ayora,puerto ayora,"city of Galágagos islands, Ecuador",GPE,city,33,,Ecuador,False
Q1938135,Udhampur,udhampur,"a human settlement in Udhampur district, Jammu and Kashmir, India",GPE,city,33,,India,False
Q572801,Mount Washington,mount washington,highest mountain in the U.S. state of New Hampshire,LOC,mountain,33,,,False
Q939766,Markermeer,markermeer,lake in the central Netherlands,LOC,lake,33,,,False
Q939664,River Derwent,river derwent,"principal river of Derbyshire, England",LOC,river,33,,,False
Q939201,Kan,kan,"river in Krasnoyarsk Krai, Russia",LOC,river,33,,,False
Q809787,Basarabeasca,basarabeasca,city in Moldova,GPE,city,33,,Moldova,False
Q808100,Barentu,barentu,city in Eritrea,GPE,city,33,,Eritrea,False
Q1774419,Pala,pala,town in Chad,GPE,city,33,,Chad,False
Q591974,South Morava,south morava,river,LOC,river,33,,,False
Q590269,Moyka River,moyka river,river in Russia,LOC,river,33,,,False
Q1436040,Mount Uhud,mount uhud,mountain in Saudi Arabia,LOC,mountain,33,,,False
Q599986,Unije,unije,island of Croatia,LOC,island,33,,,False
Q598256,Ilek,ilek,river in Russia and Kazakhstan,LOC,river,33,,,False
Q597311,Drūkšiai,drūkšiai,lake in Belarus and Lithuania,LOC,lake,33,,,False
Q776499,Końskie,końskie,city of Poland,GPE,city,33,,Poland,False
Q602106,Manus Island,manus island,island part of Manus Province in northern Papua New Guinea,LOC,island,33,,,False
Q593435,Mbaïki,mbaïki,city in the Central African Republic,GPE,city,33,,Central African Republic,False
Q1511454,Kala Patthar,kala patthar,landmark located on the south ridge of Pumori in the Nepalese Himalayas,LOC,mountain,33,,,False
Q15138,Titlis,titlis,Swiss mountain of the Urner Alps,LOC,mountain,33,,,False
Q762656,Gambela,gambela,city in Ethiopia,GPE,city,33,,Ethiopia,False
Q15120,Lyskamm,lyskamm,mountain in the Pennine Alps,LOC,mountain,33,,,False
Q770447,Tissemsilt,tissemsilt,village in Algeria,GPE,city,33,,Algeria,False
Q757041,Tidjikja,tidjikja,commune of Mauritania,GPE,city,33,,Mauritania,False
Q615711,Achensee,achensee,lake in Tyrol,LOC,lake,33,,,False
Q1330952,Lake Moeris,lake moeris,lake in Egypt,LOC,lake,33,,,False
Q1478849,Incahuasi,incahuasi,mountain in Argentina,LOC,volcano,33,,,False
Q94899,Isla de Mona,isla de mona,"island of Mayagüez, Puerto Rico",LOC,island,33,,,False
Q948747,Nemrut,nemrut,"mountain in Bitlis Province, Turkey",LOC,mountain,33,,,False
Q948298,Kinyeti,kinyeti,highest mountain in South Sudan,LOC,mountain,33,,,False
Q14556,Silis,silis,river in Spain,LOC,river,33,,,False
Q676931,Puyo,puyo,"city in Ecuador, capital of the Pastaza Province",GPE,city,33,,Ecuador,False
Q945753,Tjörnin,tjörnin,"lake in Reykjavík, Capital Region, Iceland",LOC,lake,33,,,False
Q1476324,Wisłok,wisłok,river in Poland,LOC,river,33,,,False
Q1468689,Coco River,coco river,major river in Nicaragua and Honduras forming much of the border and emptying into the Caribbean Sea at Cape Gracias a Dios,LOC,river,33,,,False
Q723588,Cabimas,cabimas,city in Venezuela,GPE,city,33,351735.0,Venezuela,False
Q632061,Fatu Hiva,fatu hiva,island in French Polynesia,LOC,island,33,,,False
Q633819,Arve,arve,"river in France and Switzerland, tributary of the Rhône",LOC,river,33,,,False
Q709254,Batala,batala,city in Gurdaspur district,GPE,city,33,183314.0,India,False
Q1339113,Saona Island,saona island,island in the Dominican Republic,LOC,island,33,,,False
Q718108,Arys,arys,city in Kazakhstan,GPE,city,33,,Kazakhstan,False
Q717774,"Namysłów [Namslau], Opole Voivodeship",namysłów namslau opole voivodeship,city of Poland,GPE,city,33,,Poland,False
Q1002052,Huacho,huacho,"city of Peru, capital of Lima region",GPE,city,33,200585.0,Peru,False
Q700946,Miyako Island,miyako island,"island in Okinawa, Japan",LOC,island,32,,,False
Q2415962,Mykolaivka,mykolaivka,"city in Donetsk Oblast, Ukraine",GPE,city,32,,Ukraine,False
Q1073822,Taipa,taipa,island in Macau,LOC,island,32,,,False
Q1000333,Huancavelica,huancavelica,"capital city of Huancavelica, Peru",GPE,city,32,,Peru,False
Q2471326,Lake Kari,lake kari,lake in Armenia,LOC,lake,32,,,False
Q1002900,Edéa,edéa,commune of Cameroon,GPE,city,32,,Cameroon,False
Q865146,Birendranagar,birendranagar,city,GPE,city,32,,Nepal,False
Q1315765,Vygozero,vygozero,"lake and reservoir in Karelia, Russia",LOC,lake,32,,,False
Q1925191,Samastipur,samastipur,city,GPE,city,32,,India,False
Q515022,River Tees,river tees,river in the North East of England,LOC,river,32,,,False
Q510481,Orava,orava,river in Slovakia,LOC,river,32,,,False
Q891241,Bol,bol,city in Chad,GPE,city,32,,Chad,False
Q16539,Schreckhorn,schreckhorn,"mountain peak in the administrative district of Interlaken-Oberhasli in the canton of Bern, Switzerland",LOC,mountain,32,,,False
Q1658,Peene,peene,river in Germany,LOC,river,32,,,False
Q246069,Rutana,rutana,city of Burundi,GPE,city,32,,Burundi,False
Q4418748,Sidi Bennour,sidi bennour,city in Morocco,GPE,city,32,,Morocco,False
Q1071519,Chhatarpur,chhatarpur,"city in Madhya Pradesh, India",GPE,city,32,,India,False
Q2280814,Siargao,siargao,island in the Philippines,LOC,island,32,,,False
Q4159797,Jamalpur,jamalpur,city in Bangladesh,GPE,city,32,158873.0,Bangladesh,False
Q403941,Tuszyn,tuszyn,city of Poland,GPE,city,32,,Poland,False
Q83628,Erhai Lake,erhai lake,"lake in Yunnan, People's Republic of China",LOC,lake,32,,,False
Q2450994,Shamli,shamli,"city in Shamli district, Saharanpur division, Uttar Pradesh, India Earlier known as Prabudhnagar but again known as Shamli",GPE,city,32,,India,False
Q717933,Milicz,milicz,city of Poland,GPE,city,32,,Poland,False
Q81632,Seman,seman,river in Albania,LOC,river,32,,,False
Q246145,Ruhengeri,ruhengeri,city,GPE,city,32,153368.0,Rwanda,False
Q1462941,Alexandra Land,alexandra land,"island in Franz Josef Land, Russia",LOC,island,32,,,False
Q714606,Lazarevac,lazarevac,"municipality of Belgrade, Serbia",GPE,city,32,,Serbia,False
Q1471677,Mount Ossa,mount ossa,"mountain in Tempi municipality, Greece",LOC,mountain,32,,,False
Q1471716,Khumbu Glacier,khumbu glacier,glacier in Nepal,LOC,glacier,32,,,False
Q838500,Shumshu,shumshu,"island in Kuril Islands, Russia",LOC,island,32,,,False
Q1004312,Garliava,garliava,"city in Kaunas District Municipality, Lithuania",GPE,city,32,,Lithuania,False
Q1004328,Pabradė,pabradė,city in Lithuania,GPE,city,32,,Lithuania,False
Q1064098,Pinta Island,pinta island,"Island in the Galapagos Archipelago, Ecuador",LOC,volcano,32,,,False
Q910973,Diourbel,diourbel,regional capital town in Senegal,GPE,city,32,100445.0,Senegal,False
Q923811,New Amsterdam,new amsterdam,city in Guyana,GPE,city,32,,Guyana,False
Q650695,Ortler,ortler,mountain in the Alps,LOC,mountain,32,,,False
Q958530,River Foyle,river foyle,river in Ireland and UK,LOC,river,32,,,False
Q14353,Nervión,nervión,river in Spain,LOC,river,32,,,False
Q1798559,Tonalá,tonalá,"municipal seat of Tonalá, State of Jalisco, Mexico",GPE,city,32,442440.0,Mexico,False
Q81528,Pur,pur,"river in Yamalo-Nenets Autonomous Okrug, Russia",LOC,river,32,,,False
Q815670,Belkovsky Island,belkovsky island,"island in Anzhu Islands, Russia",LOC,island,32,,,False
Q10859501,Stung Treng,stung treng,capital of the same named Cambodian province,GPE,city,32,,Cambodia,False
Q2639098,Mount Haku,mount haku,"mountain in Ishikawa and Gifu Prefecture, Japan",LOC,volcano,32,,,False
Q26210,Mare Fecunditatis,mare fecunditatis,lunar mare,LOC,lunar mare,32,,,False
Q698451,Puster Valley,puster valley,valley in Italy and Austria,LOC,valley,32,,,False
Q612328,Balrampur,balrampur,city,GPE,city,32,,India,False
Q976458,Min River,min river,"river in Fujian province, China",LOC,river,32,,,False
Q262545,Hochkönig,hochkönig,mountain in the Berchtesgadener Alps in Salzburg,LOC,mountain,32,,,False
Q1473243,South Andaman Island,south andaman island,island in the Indian Ocean,LOC,island,32,,,False
Q1474026,Batang Rajang,batang rajang,river in Malaysia,LOC,river,32,,,False
Q729269,Min River,min river,"tributary of Yangtze river in Sichuan, China",LOC,river,32,,,False
Q260073,Großer Arber,großer arber,"highest mountain of the Bohemian Forest in Bavaria, Germany",LOC,mountain,32,,,False
Q740149,Södermalm,södermalm,"island and urban district in Stockholm, Sweden",LOC,island,32,,,False
Q52903,Środa Wielkopolska,środa wielkopolska,city of Poland,GPE,city,32,,Poland,False
Q929689,Ngozi,ngozi,Province of Burundi,GPE,city,32,,Burundi,False
Q1676138,Itzagaondoa,itzagaondoa,human settlement in Spain,LOC,valley,32,,,False
Q945484,Pasvalys,pasvalys,city in Lithuania,GPE,city,32,,Lithuania,False
Q1015891,Gabu,gabu,city in Guinea-Bissau,GPE,city,32,,Guinea-Bissau,False
Q9135742,Likoma Island,likoma island,island in Malawi,LOC,island,32,,,False
Q1015036,Skarszewy,skarszewy,city of Poland,GPE,city,32,,Poland,False
Q2333417,Rudrapur,rudrapur,city in India,GPE,city,32,154485.0,India,False
Q1126761,Pagan,pagan,volcanic island in the Mariana Islands archipelago in the Pacific Ocean,LOC,island,32,,,False
Q1124698,Lopud,lopud,island of Croatia,LOC,island,32,,,False
Q598667,Bria,bria,city of the Central African Republic,GPE,city,32,,Central African Republic,False
Q625575,Hotan River,hotan river,river in the People's Republic of China,LOC,river,32,,,False
Q812895,Beachy Head,beachy head,"chalk headland in East Sussex, England",LOC,cape,32,,,False
Q949907,Palanpur,palanpur,"city in Gujarat state, India",GPE,city,32,,India,False
Q950991,Qasigiannguit,qasigiannguit,town in Greenland,GPE,city,32,,Greenland,False
Q527318,Qalat,qalat,"capital of Zabul, Afghanistan",GPE,city,32,,Afghanistan,False
Q15898,Mežica,mežica,city in Slovenia,GPE,city,32,,Slovenia,False
Q665321,Pikes Peak,pikes peak,"mountain in the Rocky Mountains, Colorado, United States",LOC,mountain,32,,,False
Q545808,Cagayan River,cagayan river,longest and largest river in the Philippines,LOC,river,32,,,False
Q909136,Waiheke Island,waiheke island,island in the Hauraki Gulf of New Zealand,LOC,island,32,,,False
Q974977,Szydłowiec,szydłowiec,city of Poland,GPE,city,32,,Poland,False
Q27035,Grijalva River,grijalva river,river in México and Guatemala,LOC,river,32,,,False
Q1133295,Ponza,ponza,largest of the Italian Pontine Islands,LOC,island,32,,,False
Q1134446,Reindeer Lake,reindeer lake,"large glacial lake in northern Manitoba and Saskatchewan, Canada",LOC,lake,32,,,False
Q204957,Kalundborg,kalundborg,town in Denmark,GPE,city,32,,Denmark,False
Q733155,Rahovec,rahovec,town in Kosovo,GPE,city,32,,Kosovo,False
Q743910,Shadek,shadek,city of Poland,GPE,city,32,,Poland,False
Q976223,Kampong Thom,kampong thom,Capital of the same named Cambodian province,GPE,city,32,,Cambodia,False
Q908529,Okinotorishima,okinotorishima,reef,LOC,island,32,,,False
Q472816,Juruena River,juruena river,"river in Mato Grosso & Amazonas, Brazil",LOC,river,32,,,False
Q1017683,Siyazan,siyazan,city in Azerbaijan,GPE,city,32,,Azerbaijan,False
Q983983,Nisko,nisko,city of Poland,GPE,city,32,,Poland,False
Q663607,Aura River,aura river,river in Finland,LOC,river,32,,,False
Q1431174,Unzha,unzha,"river in Vologda Oblast, Russia",LOC,river,32,,,False
Q2044578,Daugai,daugai,"city in Dzūkija, Lithuania",GPE,city,32,,Lithuania,False
Q798422,Ghaggar-Hakra river,ghaggar-hakra river,intermittent river in India and Pakistan,LOC,river,32,,,False
Q1144734,Genting Highlands,genting highlands,"highland in Pahang and Selangor, Malaysia",LOC,mountain,32,,,False
Q1140684,Vihren,vihren,highest point of Pirin mountain,LOC,mountain,32,,,False
Q1140790,Alofi Island,alofi island,island in Wallis and Futuna,LOC,island,32,,,False
Q643525,Regnitz,regnitz,river in Germany,LOC,river,32,,,False
Q643780,Monongahela River,monongahela river,"river in Pennsylvania and West Virginia, United States",LOC,river,32,,,False
Q166002,Upper Hutt,upper hutt,"city in Wellington Region, New Zealand",GPE,city,32,,New Zealand,False
Q522912,Nola,nola,city in Central African Republic,GPE,city,32,,Central African Republic,False
Q177392,Prins Karls Forland,prins karls forland,island of Svalbard,LOC,island,32,,,False
Q17744,Tinto,tinto,river in Spain,LOC,river,32,,,False
Q904696,Korana,korana,river in central Croatia and west Bosnia and Herzegovina,LOC,river,32,,,False
Q275919,Tubas,tubas,Palestinian city,GPE,city,32,,Palestine,False
Q176381,Adak Island,adak island,"island in Aleutians West Census Area, Alaska, United States",LOC,island,32,,,False
Q1261531,Drwęca,drwęca,river in Poland,LOC,river,32,,,False
Q819314,Limbe,limbe,commune of Cameroon,GPE,city,32,,Cameroon,False
Q392988,Żabno,żabno,city of Poland,GPE,city,32,,Poland,False
Q1145646,Himalchuli,himalchuli,mountain,LOC,mountain,32,,,False
Q1474460,Sarez Lake,sarez lake,"lake in Gorno-Badakhshan Autonomous Province, Tajikistan",LOC,lake,32,,,False
Q1496289,Gauri Sankar,gauri sankar,mountain in Nepal and Tibet,LOC,mountain,32,,,False
Q686248,Knivskjellodden,knivskjellodden,"cape in Nordkapp, Norway",LOC,cape,32,,,False
Q1412482,Sipadan,sipadan,island in Malaysia,LOC,island,32,,,False
Q621181,Varniai,varniai,city in Lithuania,GPE,city,32,,Lithuania,False
Q1972013,Salfit,salfit,"city in West Bank, State of Palestine",GPE,city,32,,Palestine,False
Q432278,Cooper Creek,cooper creek,Australian river,LOC,river,32,,,False
Q1018201,Norak,norak,town in Tajikistan,GPE,city,32,,Tajikistan,False
Q418485,Akimiski Island,akimiski island,"island in Nunavut, Canada",LOC,island,32,,,False
Q1780360,Ibargoiti,ibargoiti,"municipality in Navarre, Spain",LOC,valley,32,,,False
Q17812,Guadalete,guadalete,river in Spain,LOC,river,32,,,False
Q990706,Montero,montero,city in Bolivia,GPE,city,32,126886.0,Bolivia,False
Q41455,Snares Islands/Tini Heke,snares islands/tini heke,"small group of islands SSW of Stewart Island, New Zealand",LOC,island,32,,,False
Q1018116,Ruyigi,ruyigi,commune of Burundi,GPE,city,32,,Burundi,False
Q408217,Santiago Island,santiago island,"Island in the Galápagos Archipelago, Ecuador",LOC,volcano,32,,,False
Q4103,Cape St. Vincent,cape st. vincent,headland,LOC,cape,32,,,False
Q1253855,King Edward VII Land,king edward vii land,peninsula which forms part of Marie Byrd Land in Antarctica,LOC,peninsula,32,,,False
Q580131,Mountain Slamet,mountain slamet,"mountain in Central Java, Indonesia",LOC,mountain,32,,,False
Q578127,River Tamar,river tamar,"river in Cornwall and Devon, England",LOC,river,32,,,False
Q845880,Hornavan,hornavan,"lake in Arjeplog Municipality, Norrbotten County, Sweden",LOC,lake,32,,,False
Q1150271,Edineț,edineț,city in Moldova,GPE,city,32,,Moldova,False
Q1147435,Isle of Bute,isle of bute,island in the Firth of Clyde in Scotland,LOC,island,32,,,False
Q1331750,Lake Pontchartrain,lake pontchartrain,"estuary located in southeastern Louisiana, United States",LOC,lake,32,,,False
Q1010954,Somoto,somoto,municipality of Nicaragua,GPE,city,32,,Nicaragua,False
Q614531,Antsiferov Island,antsiferov island,island in Russia,LOC,volcano,32,,,False
Q615051,Bega River,bega river,river in Romania and Serbia,LOC,river,32,,,False
Q1157724,Mount Dajti,mount dajti,mountain in Albania,LOC,mountain,32,,,False
Q991022,Bystrzyca Kłodzka,bystrzyca kłodzka,town in Poland,GPE,city,32,,Poland,False
Q1525330,Etah,etah,"city in Etah district, Aligarh division, Uttar Pradesh, India",GPE,city,32,145601.0,India,False
Q518791,Veraval,veraval,"City in Gujarat, India",GPE,city,32,153696.0,India,False
Q1993517,Saatly,saatly,city in Azerbaijan,GPE,city,32,,Azerbaijan,False
Q1784846,Morena,morena,"metropolis in Mandhya Pradesh, India",GPE,city,32,,India,False
Q152484,Sieg,sieg,river in Germany,LOC,river,32,,,False
Q15289,Bietschhorn,bietschhorn,mountain in Switzerland,LOC,mountain,32,,,False
Q1539961,Tatamailau,tatamailau,mountain in East Timor,LOC,mountain,32,,,False
Q11938328,Nagaon,nagaon,"city in Assam, India",GPE,city,32,147137.0,India,False
Q681871,Manono Island,manono island,island,LOC,island,32,,,False
Q1048209,Floreana Island,floreana island,Island in Ecuador's Galapagos Archipelago,LOC,volcano,32,,,False
Q1165761,Branco River,branco river,principal affluent of the Rio Negro,LOC,river,32,,,False
Q617414,Apalachicola River,apalachicola river,"180 km (112mi) river in Florida, USA",LOC,river,32,,,False
Q75621,Salamiyah,salamiyah,city,GPE,city,32,110683.0,Syria,False
Q769631,Drohiczyn,drohiczyn,city of Poland,GPE,city,32,,Poland,False
Q498968,Espargos,espargos,"city in Sal island, Cape Verde",GPE,city,32,,Cape Verde,False
Q387843,Gotska Sandön,gotska sandön,Swedish Baltic Sea island,LOC,island,32,,,False
Q875547,Svislach River,svislach river,river in Belarus,LOC,river,32,,,False
Q876857,Yalong River,yalong river,tributary of Yangtze in Sichuan province in southwestern China,LOC,river,32,,,False
Q606324,Hervey Bay,hervey bay,"city in Queensland, Australia",GPE,city,32,,Australia,False
Q1424060,Unalaska Island,unalaska island,"island in Aleutians West Census Area, Alaska, United States",LOC,island,32,,,False
Q1251080,Chilean Sea,chilean sea,portion of the Pacific Ocean lying west of the Chilean mainland,LOC,sea,32,,,False
Q384885,Val Gardena,val gardena,"valley in the Dolomites, South Tyrol, Italy",LOC,valley,32,,,False
Q860113,Bikin,bikin,"river in Primorsky Krai, Russia",LOC,river,32,,,False
Q14217100,Griffith,griffith,"city in New South Wales, Australia",GPE,city,32,,Australia,False
Q770653,El Taref,el taref,"city in El Taref Province, Algeria",GPE,city,32,,Algeria,False
Q773227,Kęty,kęty,city of Poland,GPE,city,32,,Poland,False
Q780293,Olympic Peninsula,olympic peninsula,peninsula in U.S. state Washington,LOC,peninsula,32,,,False
Q781268,Bubiyan Island,bubiyan island,island in Kuwait,LOC,island,32,,,False
Q782496,Distaghil Sar,distaghil sar,mountain in Karakoram mountain range,LOC,mountain,32,,,False
Q1190524,Cave of the Crystals,cave of the crystals,cave in Mexico,LOC,cave,32,,,False
Q15126,Grand Combin,grand combin,mountain massif in the western Pennine Alps,LOC,mountain,32,,,False
Q2550996,Tafilah,tafilah,"city in Tafilah Governorate, Jordan",GPE,city,32,,Jordan,False
Q2199004,Leova,leova,city in Moldova,GPE,city,32,,Moldova,False
Q1389472,Dumka,dumka,Sub Capital of Jharkhand,GPE,city,32,,India,False
Q994312,Tena,tena,"city in Ecuador, capital of the Napo Province",GPE,city,32,,Ecuador,False
Q369193,Cape Prince of Wales,cape prince of wales,cape,LOC,cape,32,,,False
Q995718,San Carlos,san carlos,"city in Cojedes, Venezuela",GPE,city,32,120000.0,Venezuela,False
Q995727,Sacaba,sacaba,city of Bolivia,GPE,city,32,172466.0,Bolivia,False
Q1330800,Lake Mamry,lake mamry,lake,LOC,lake,32,,,False
Q1418409,Prangli,prangli,island in Estonia,LOC,island,32,,,False
Q965436,Iliamna Lake,iliamna lake,lake in southwest Alaska,LOC,lake,32,,,False
Q1029322,Denisova Cave,denisova cave,cave,LOC,cave,32,,,False
Q771765,Tioman Island,tioman island,island in Malaysia,LOC,island,32,,,False
Q732587,Trebbia,trebbia,river in Italy,LOC,river,32,,,False
Q592262,Baborów,baborów,town of Poland,GPE,city,32,,Poland,False
Q151559,Gaspé Peninsula,gaspé peninsula,"peninsula in Québec, Canada",LOC,peninsula,32,,,False
Q1330818,Pite River,pite river,river in Sweden,LOC,river,32,,,False
Q3657,Rietavas,rietavas,city in Lithuania,GPE,city,32,,Lithuania,False
Q135983,Saltos del Guairá,saltos del guairá,human settlement,GPE,city,32,,Paraguay,False
Q13360574,Matara,matara,"city in Southern, Sri Lanka",GPE,city,32,,Sri Lanka,False
Q341057,Akhtuba,akhtuba,"river in Volgograd Oblast, Russia",LOC,river,32,,,False
Q341554,Čiovo,čiovo,island of Croatia,LOC,island,32,,,False
Q379669,Viekšniai,viekšniai,city in Lithuania,GPE,city,32,,Lithuania,False
Q768480,Rose Valley,rose valley,area in central Bulgaria,LOC,valley,32,,,False
Q595037,Ouémé River,ouémé river,river in Benin,LOC,river,32,,,False
Q3302,Trave,trave,"river in Schleswig-Holstein, Germany",LOC,river,32,,,False
Q1404282,Kondoa Rock Art Sites,kondoa rock art sites,cave in Tanzania,LOC,cave,32,,,False
Q1518531,Pedja River,pedja river,river in Estonia,LOC,river,32,,,False
Q941745,Alfeios,alfeios,"river in the Peloponnese, Greece",LOC,river,32,,,False
Q290504,Pisco,pisco,"city in Ica, Peru",GPE,city,32,109965.0,Peru,False
Q2977093,Turbat,turbat,"city in Balochistan, Pakistan",GPE,city,32,,Pakistan,False
Q713182,Santa Isabel Island,santa isabel island,island in the Solomon Islands,LOC,island,32,,,False
Q991283,Donoussa,donoussa,"island in the Cyclades, Greece",LOC,island,32,,,False
Q702507,Naab,naab,river in Germany,LOC,river,32,,,False
Q887488,Boaco,boaco,"municipality and departmental capital in central Boaco Department, Nicaragua.",GPE,city,32,,Nicaragua,False
Q928075,Corregidor,corregidor,island in the Philippines,LOC,island,32,,,False
Q1622,Neuwerk,neuwerk,Wadden Sea island on the German North Sea coast,LOC,island,32,,,False
Q325627,Mogilno,mogilno,city of Poland,GPE,city,32,,Poland,False
Q932408,Sørvágsvatn,sørvágsvatn,largest lake in the Faroe Islands,LOC,lake,32,,,False
Q1014367,Călărași,călărași,city in Moldova,GPE,city,32,,Moldova,False
Q305154,Szczekociny,szczekociny,city of Poland,GPE,city,32,,Poland,False
Q1072094,Chichagof Island,chichagof island,island in the United States of America,LOC,island,32,,,False
Q23249,Donauinsel,donauinsel,"island in Vienna, Austria",LOC,island,32,,,False
Q1363972,Atrato River,atrato river,river in Colombia,LOC,river,32,,,False
Q1002807,Cacheu,cacheu,city,GPE,city,32,,Guinea-Bissau,False
Q2006121,Taraclia,taraclia,"city in Moldova, capital of Taraclia District",GPE,city,32,,Moldova,False
Q1376373,Volcán Wolf,volcán wolf,mountain in Ecuador,LOC,volcano,32,,,False
Q1764282,Balasagun,balasagun,ancient Sogdian city in modern-day Kyrgyzstan,GPE,city,32,,Kyrgyzstan,False
Q1359323,Mangaia,mangaia,island of the Southern Cook Islands,LOC,island,31,,,False
Q7082047,Okinoshima,okinoshima,"island in Fukuoka, Japan",LOC,island,31,,,False
Q301924,Skawina,skawina,city of Poland,GPE,city,31,,Poland,False
Q248212,Barren Island,barren island,active volcano and island in the Andaman Sea,LOC,mountain,31,,,False
Q1048147,Kampong Chhnang,kampong chhnang,city in Cambodia,GPE,city,31,,Cambodia,False
Q2369466,Moussoro,moussoro,"place in Barh El Gazel, Chad",GPE,city,31,,Chad,False
Q1067452,Concepción,concepción,"Volcano in Nicaragua, Ometepe Island",LOC,volcano,31,,,False
Q1026976,Sale,sale,"city in Victoria, Australia",GPE,city,31,,Australia,False
Q19258,Prrenjas,prrenjas,"town in Elbasan County, Albania",GPE,city,31,,Albania,False
Q324892,Staszów,staszów,city of Poland,GPE,city,31,,Poland,False
Q324888,Sępólno Krajeńskie,sępólno krajeńskie,city of Poland,GPE,city,31,,Poland,False
Q931179,Lamma Island,lamma island,Outlying island in Hong Kong,LOC,island,31,,,False
Q855820,Beltinci,beltinci,town in northeastern Slovenia,GPE,city,31,,Slovenia,False
Q529797,Yerupajá,yerupajá,mountain,LOC,mountain,31,,,False
Q528884,Aneityum,aneityum,island in Vanuatu,LOC,island,31,,,False
Q1642808,Charsadda,charsadda,"city in Khyber Pakhtunkhwa, Pakistan",GPE,city,31,105414.0,Pakistan,False
Q2043944,Babek,babek,city in the Nakhchivan Autonomous Republic of Azerbaijan,GPE,city,31,,Azerbaijan,False
Q709323,Topozero,topozero,"lake in Karelia, Russia",LOC,lake,31,,,False
Q1280257,Stary Sącz,stary sącz,city of Poland,GPE,city,31,,Poland,False
Q3280,Warnow,warnow,"river in Mecklenburg-Vorpommern, Germany",LOC,river,31,,,False
Q326868,Mare Moscoviense,mare moscoviense,lunar mare,LOC,lunar mare,31,,,False
Q1264412,Dholpur,dholpur,"city in Dholpur district, Rajasthan, India",GPE,city,31,,India,False
Q2002193,Azykh Cave,azykh cave,six-cave complex known as a living site of stone-age man in Azerbaijan,LOC,cave,31,,,False
Q329676,Sambia Peninsula,sambia peninsula,peninsula,LOC,peninsula,31,,,False
Q595780,Babia Góra,babia góra,mountain on Poland–Slovakia border,LOC,mountain,31,,,False
Q1020769,Isla Mujeres,isla mujeres,"island of Quintana Roo, Mexico",LOC,island,31,,,False
Q1023044,Akmenė,akmenė,city,GPE,city,31,,Lithuania,False
Q346141,Ada Kaleh,ada kaleh,island,LOC,island,31,,,False
Q1922031,Aibi Lake,aibi lake,lake in People's Republic of China,LOC,lake,31,,,False
Q1420630,Numedalslågen,numedalslågen,"river in Flesberg, Hol, Kongsberg, Larvik, Nore og Uvdal and Rollag, Norway",LOC,river,31,,,False
Q997047,Kumba,kumba,commune of Cameroon,GPE,city,31,144268.0,Cameroon,False
Q1232266,Hymettus,hymettus,mountain range of Attica,LOC,mountain,31,,,False
Q600282,Isla del Sol,isla del sol,island in the southern part of Lake Titicaca,LOC,island,31,,,False
Q771431,Aukštojas Hill,aukštojas hill,hill in Lithuania,LOC,mountain,31,,,False
Q201520,Geba River,geba river,river,LOC,river,31,,,False
Q1251473,Chakwal,chakwal,"city in Punjab, Pakistan",GPE,city,31,299751.0,Pakistan,False
Q1250138,Khuzdar,khuzdar,"city in Balochistan, Pakistan",GPE,city,31,141395.0,Pakistan,False
Q1022143,James Ross Island,james ross island,island off the Antarctic Peninsula,LOC,island,31,,,False
Q1417843,Hanish Islands,hanish islands,island group,LOC,volcano,31,,,False
Q1416753,Sitra,sitra,island,LOC,island,31,,,False
Q639212,Oborniki,oborniki,city of Poland,GPE,city,31,,Poland,False
Q693093,Machakos,machakos,"municipality in Machakos County, Kenya",GPE,city,31,114109.0,Kenya,False
Q681999,San Francisco de Macorís,san francisco de macorís,capital of the Duarte province in the Dominican Republic,GPE,city,31,188118.0,Dominican Republic,False
Q726478,Wilczek Land,wilczek land,island,LOC,island,31,,,False
Q139725,Morąg,morąg,city of Poland,GPE,city,31,,Poland,False
Q994217,Sjenica,sjenica,town and municipality in Serbia,GPE,city,31,,Serbia,False
Q1233234,Ortygia,ortygia,"island in Syracuse, Italy",LOC,island,31,,,False
Q123271,Cape Piai,cape piai,"cape in Pontian, Johor, Malaysia",LOC,cape,31,,,False
Q995431,Olofström,olofström,"urban area in Olofström Municipality, Sweden",GPE,city,31,,Sweden,False
Q995429,Brzeg Dolny,brzeg dolny,city of Poland,GPE,city,31,,Poland,False
Q1044754,New Georgia,new georgia,island in the Solomon Islands,LOC,island,31,,,False
Q30529,Weissmies,weissmies,mountain in the Pennine Alps,LOC,mountain,31,,,False
Q1513565,Molochna,molochna,"river in Ukraine, flows into the Sea of Azov",LOC,river,31,,,False
Q608602,Jökulsá á Fjöllum,jökulsá á fjöllum,"river in Austurland and Norðurland eystra, Iceland",LOC,river,31,,,False
Q2033748,Gunung Raung,gunung raung,"mountain in East Java, Indonesia",LOC,mountain,31,,,False
Q311330,Qurnat as Sawda',qurnat as sawda,mountain in Lebanon,LOC,mountain,31,,,False
Q777999,Chambeshi River,chambeshi river,river in Zambia,LOC,river,31,,,False
Q1192560,Mount Tarawera,mount tarawera,volcano in New Zealand,LOC,mountain,31,,,False
Q1024673,Virbalis,virbalis,city in Lithuania,GPE,city,31,,Lithuania,False
Q1518007,Mahaweli River,mahaweli river,river in Sri Lanka,LOC,river,31,,,False
Q15224,Säntis,säntis,peak in northeastern Switzerland,LOC,mountain,31,,,False
Q992173,Trujillo,trujillo,city in Honduras,GPE,city,31,,Honduras,False
Q389121,Lanín,lanín,volcano on the border of Argentina and Chile,LOC,volcano,31,,,False
Q871584,Wolfgangsee,wolfgangsee,lake in the Salzkammergut in Upper Austria and Salzburg,LOC,lake,31,,,False
Q1511505,Little Yenisey,little yenisey,river in Russia and Mongolia,LOC,river,31,,,False
Q612888,Anuta,anuta,"tiny Polynesian island, part of the Solomon Islands",LOC,island,31,,,False
Q612266,Laba River,laba river,river in Russia,LOC,river,31,,,False
Q612112,Penzhina,penzhina,"river in Kamchakta, Russia",LOC,river,31,,,False
Q387307,Środa Śląska,środa śląska,city of Poland,GPE,city,31,,Poland,False
Q1048506,River Nore,river nore,river in Ireland,LOC,river,31,,,False
Q783798,Mount Cleveland,mount cleveland,volcano in Alaska,LOC,volcano,31,,,False
Q626861,Arba Minch,arba minch,city in Ethiopia,GPE,city,31,,Ethiopia,False
Q2561339,Gracias,gracias,city in Honduras,GPE,city,31,,Honduras,False
Q1326456,Misool Island,misool island,"island in Raja Ampat Regency, Southwest Papua Province, Indonesia",LOC,island,31,,,False
Q585317,Rottnest Island,rottnest island,"island near Perth, Western Australia",LOC,island,31,,,False
Q752994,Krafla,krafla,mountain and volcano in Iceland,LOC,volcano,31,,,False
Q1019991,Marondera,marondera,"city in Zimbabwe, provincial capital of Mashonaland East",GPE,city,31,,Zimbabwe,False
Q1019534,Trongsa,trongsa,city,GPE,city,31,,Bhutan,False
Q1019431,M'Bour,mbour,city in Senegal,GPE,city,31,284189.0,Senegal,False
Q1816805,Piusa River,piusa river,river in Estonia and Russia,LOC,river,31,,,False
Q890526,Kymi River,kymi river,river in Finland,LOC,river,31,,,False
Q2300140,Siteki,siteki,"place in Lubombo, Eswatini",GPE,city,31,,Eswatini,False
Q1507602,Otava,otava,river in the Czech Republic,LOC,river,31,,,False
Q149182,Black Elster,black elster,river in Germany,LOC,river,31,,,False
Q1154914,Hongze Lake,hongze lake,"lake in Jiangsu, China",LOC,lake,31,,,False
Q1154854,Mount Jiuhua,mount jiuhua,"mountain in Anhui, China",LOC,mountain,31,,,False
Q284790,Jefferson River,jefferson river,"river in Gallatin County, Montana, United States",LOC,river,31,,,False
Q1165492,Piva,piva,river in Bosnia and Herzegovina and Montenegro,LOC,river,31,,,False
Q292346,Isle of Noirmoutier,isle of noirmoutier,"island off the coast of Pays de la Loire, France",LOC,island,31,,,False
Q393937,Agios Efstratios,agios efstratios,Greek island,LOC,island,31,,,False
Q808036,Bardo,bardo,city of Poland,GPE,city,31,,Poland,False
Q580302,Alegranza,alegranza,island,LOC,island,31,,,False
Q782857,Cyangugu,cyangugu,city in Rwanda,GPE,city,31,,Rwanda,False
Q989423,Błaszki,błaszki,city of Poland,GPE,city,31,,Poland,False
Q988663,Kłodawa,kłodawa,city of Greater Poland,GPE,city,31,,Poland,False
Q405346,Ailsa Craig,ailsa craig,"island in the outer Firth of Clyde, South Ayrshire, Scotland, UK",LOC,island,31,,,False
Q1018016,Ljubuški,ljubuški,human settlement,GPE,city,31,,Bosnia and Herzegovina,False
Q990685,Chincha Alta,chincha alta,city,GPE,city,31,,Peru,False
Q990651,Kozienice,kozienice,"capital of Kozienice County in the Masovian Voivodeship, Poland",GPE,city,31,,Poland,False
Q899815,Sankuru River,sankuru river,river in the Democratic Republic of the Congo,LOC,river,31,,,False
Q584008,Ambernath,ambernath,"suburban city in Thane district, Maharashtra, India",GPE,city,31,,India,False
Q597843,Faranah,faranah,settlement in Guinea,GPE,city,31,,Guinea,False
Q893410,Borden Island,borden island,"island in the Northwest Territories, Canada",LOC,island,31,,,False
Q890879,Long Island,long island,island in the Bahamas,LOC,island,31,,,False
Q1018592,Porto Amboim,porto amboim,city in Angola,GPE,city,31,137000.0,Angola,False
Q1018584,Villa Nueva,villa nueva,"city of Guatemala Department, Guatemala",GPE,city,31,492480.0,Guatemala,False
Q422835,Tronador,tronador,mountain in Argentina and Chile,LOC,mountain,31,,,False
Q1351474,Gediz River,gediz river,"river in Erzurum, western Turkey",LOC,river,31,,,False
Q14082,Antisana volcano,antisana volcano,volcano in Ecuador,LOC,mountain,31,,,False
Q304278,Surendranagar,surendranagar,"City in Gujarat, India",GPE,city,31,,India,False
Q6364,Uchkuduk,uchkuduk,"city in Navoiy Province, Uzbekistan",GPE,city,31,,Uzbekistan,False
Q394756,Seda,seda,city in Lithuania,GPE,city,31,,Lithuania,False
Q280650,Mayenne,mayenne,river in France,LOC,river,31,,,False
Q845427,Huayna Picchu,huayna picchu,mountain in Peru,LOC,mountain,31,,,False
Q844875,Valle de los Ingenios,valle de los ingenios,valley in Cuba,LOC,valley,31,,,False
Q843308,Tekezé River,tekezé river,river in Ethiopia,LOC,river,31,,,False
Q941342,Lake Junín,lake junín,lake in Peru,LOC,lake,31,,,False
Q565640,Bressay,bressay,"populated island in the Shetland Islands, Scotland, UK",LOC,island,31,,,False
Q1261935,Jabal an Nabi Shu'ayb,jabal an nabi shuayb,mountain,LOC,mountain,31,,,False
Q426516,Indalsälven,indalsälven,river in Sweden,LOC,river,31,,,False
Q50968,Mosina,mosina,"city in Greater Poland Voivodeship, Poland",GPE,city,31,,Poland,False
Q748494,Cape Peninsula,cape peninsula,"peninsula in the Western Cape, South Africa",LOC,peninsula,31,,,False
Q523000,Kitale,kitale,city,GPE,city,31,162169.0,Kenya,False
Q644254,Pserimos,pserimos,"island near Kalymnos, Greece",LOC,island,31,,,False
Q712521,Basavakalyan,basavakalyan,City in Bidar district,GPE,city,31,,India,False
Q668322,Knyszyn,knyszyn,city of Poland,GPE,city,31,,Poland,False
Q1056122,Guajira Peninsula,guajira peninsula,South American peninsula,LOC,peninsula,31,,,False
Q1026057,Yardımlı,yardımlı,city in Azerbaijan,GPE,city,31,,Azerbaijan,False
Q805806,Baltoro Glacier,baltoro glacier,glacier in Pakistan,LOC,glacier,31,,,False
Q1142926,Impfondo,impfondo,city,GPE,city,31,,Republic of the Congo,False
Q1141736,Navarino Island,navarino island,island of Chile,LOC,island,31,,,False
Q1054746,Singapore Island,singapore island,main island of the Republic of Singapore,LOC,island,31,,,False
Q1945622,Divjakë,divjakë,"town in Fier County, Albania",GPE,city,31,,Albania,False
Q189273,Zelów,zelów,city of Poland,GPE,city,31,,Poland,False
Q1431148,Mackinac Island,mackinac island,island in Michigan,LOC,island,31,,,True
Q1430986,Sefid Rud,sefid rud,river in Iran,LOC,river,31,,,False
Q985649,Brześć Kujawski,brześć kujawski,city of Poland,GPE,city,31,,Poland,False
Q1752870,Volcán Tacaná,volcán tacaná,volcano between Mexico and Guatemala,LOC,volcano,31,,,False
Q983726,Wołów,wołów,city of Poland,GPE,city,31,,Poland,False
Q473169,Pico Ruivo,pico ruivo,highest peak on the Madeira Islands,LOC,mountain,31,,,False
Q980917,Chikkamagaluru,chikkamagaluru,"city in Karnataka, India",GPE,city,31,,India,False
Q1129810,Sebou River,sebou river,river in Morocco,LOC,river,31,,,False
Q742835,Palma Soriano,palma soriano,city and municipality in Cuba,GPE,city,31,119740.0,Cuba,False
Q735815,Prnjavor,prnjavor,town in Bosnia and Herzegovina,GPE,city,31,,Bosnia and Herzegovina,False
Q1472376,Karkheh River,karkheh river,river in Iran,LOC,river,31,,,False
Q1353668,Inagua,inagua,island,LOC,island,31,,,False
Q696445,Tyrifjorden,tyrifjorden,lake in Norway,LOC,lake,31,,,False
Q1369095,Ilha Grande,ilha grande,"island located off the coast of Rio de Janeiro state, Brazil",LOC,island,31,,,False
Q1125206,Penteliko Mountain,penteliko mountain,"tall mountain and mountain range northeast of Athens, Greece",LOC,mountain,31,,,False
Q1138427,Selemdzha River,selemdzha river,river in Russia,LOC,river,31,,,False
Q1340728,Maiao,maiao,island in French Polynesia,LOC,island,31,,,False
Q910975,Seyhan River,seyhan river,river in Turkey,LOC,river,31,,,False
Q47940,Bălănești Hill,bălănești hill,mountain,LOC,mountain,31,,,False
Q478663,Alamagan,alamagan,island in the Northern Mariana Islands in the Pacific Ocean,LOC,island,31,,,False
Q1949134,Khargone,khargone,city in Madhya Pradesh state of in India,GPE,city,31,,India,False
Q546600,Aniene,aniene,river in Italy,LOC,river,31,,,False
Q1434647,Susa Valley,susa valley,valley in Northern Italy,LOC,valley,31,,,False
Q15908,Radeče,radeče,city in Slovenia,GPE,city,31,,Slovenia,False
Q954748,Głogówek,głogówek,city of Poland,GPE,city,31,,Poland,False
Q264718,Umnak,umnak,"island in Aleutians West Census Area, Alaska, United States",LOC,island,31,,,False
Q14755,Tormes,tormes,"river tributary to Douro, in the provinces of Ávila, Salamanca and Zamora, Castile and León, Spain",LOC,river,31,,,False
Q2087800,Neftçala,neftçala,city in Azerbaijan,GPE,city,31,,Azerbaijan,False
Q1004822,Bumba,bumba,"port locality, capital of the territory of Bumba, in the province of Mongala in the north of the Democratic Republic of Congo",GPE,city,31,103328.0,Democratic Republic of the Congo,False
Q1122203,River Slaney,river slaney,river in Ireland,LOC,river,31,,,False
Q249049,Złocieniec,złocieniec,city of Poland,GPE,city,31,,Poland,False
Q2483862,Namchi,namchi,"city in Namchi district, Sikkim, India",GPE,city,31,,India,False
Q841550,Ofanto,ofanto,river in Italy,LOC,river,31,,,False
Q1060805,Saigon River,saigon river,river in Vietnam,LOC,river,31,,,False
Q1130726,Siple Island,siple island,island in Antarctica,LOC,island,31,,,False
Q492787,Des Moines River,des moines river,river in the central United States,LOC,river,31,,,False
Q277936,Kudirkos Naumiestis,kudirkos naumiestis,city in Lithuania,GPE,city,31,,Lithuania,False
Q336375,Ropczyce,ropczyce,city of Poland,GPE,city,31,,Poland,False
Q166972,Zavodovski Island,zavodovski island,island in South Sandwich Islands,LOC,volcano,31,,,False
Q496364,Great Bernera,great bernera,"island off the Isle of Lewis, Scotland",LOC,island,31,,,False
Q1629019,Horsham,horsham,"regional city in Victoria, Australia",GPE,city,31,,Australia,False
Q52893,Nowy Tomyśl,nowy tomyśl,city of Poland,GPE,city,31,,Poland,False
Q130348,La Tortuga Island,la tortuga island,federal dependency of Venezuela,LOC,island,31,,,False
Q26374,Kotuy,kotuy,"river in Krasnoyarsk Krai, Russia",LOC,river,31,,,False
Q1092055,Cimarron River,cimarron river,Tributary of the Arkansas River in the central United States,LOC,river,31,,,False
Q816210,Danish straits,danish straits,three channels in Denmark connecting the Baltic Sea to the North Sea,LOC,sea,31,,,False
Q1789805,Lithgow,lithgow,"city in New South Wales, Australia",GPE,city,31,,Australia,False
Q1301834,Mount Scenery,mount scenery,"potentially active volcano on Saba, the Caribbean Netherlands",LOC,volcano,31,,,False
Q961873,Mount Kita,mount kita,"mountain in Yamanashi Prefecture, Japan",LOC,mountain,31,,,False
Q661548,Weitra,weitra,"municipality in Gmünd District, Lower Austria, Austria",GPE,city,31,,Austria,False
Q162411,Sharur,sharur,city in the Nakhchivan Autonomous Republic of Azerbaijan,GPE,city,31,,Azerbaijan,False
Q667576,Hua Hin,hua hin,"city in Prachuap Khiri Khan province, Thailand",GPE,city,31,,Thailand,False
Q936464,Medininagar,medininagar,city in India,GPE,city,31,,India,False
Q935454,Qift,qift,town in Egypt,GPE,city,31,,Egypt,False
Q50647,Valley of Mexico,valley of mexico,highlands plateau in central Mexico,LOC,valley,31,,,False
Q506043,Angeln,angeln,peninsula in Schleswig-Holstein,LOC,peninsula,31,,,False
Q255743,Hochwanner,hochwanner,mountain in the Wettersteingebirge at the border Bavaria / Tyrol,LOC,mountain,31,,,False
Q2000579,Vabalninkas,vabalninkas,"city in Aukštaitija, Lithuania",GPE,city,31,,Lithuania,False
Q723584,Talara,talara,"city in Piura, Peru",GPE,city,31,,Peru,False
Q8181,Kolva,kolva,"river in Perm Krai, Russia",LOC,river,31,,,False
Q219774,Great Nicobar Island,great nicobar island,island in India,LOC,island,31,,,False
Q1077984,Lake Kasumigaura,lake kasumigaura,"lake in Ibaraki Prefecture, Kantō region, Japan",LOC,lake,31,,,False
Q719954,"Strzelin [Strehlen], Lower Silesian Voivodeship",strzelin strehlen lower silesian voivodeship,city of Poland,GPE,city,31,,Poland,False
Q717947,Głubczyce,głubczyce,city of Poland,GPE,city,31,,Poland,False
Q1075158,Niva,niva,"river in Murmansk Oblast, Russia",LOC,river,31,,,False
Q1075070,Ponoy,ponoy,river on the Kola Peninsula in Russia,LOC,river,31,,,False
Q82147,Taymyra,taymyra,"river in Krasnoyarsk Krai, Russia",LOC,river,31,,,False
Q2237464,Sacred Valley,sacred valley,cultural region of Peru,LOC,valley,31,,,False
Q1088543,Chrysi,chrysi,"island south of Crete, Greece",LOC,island,31,,,False
Q888971,Bocas del Toro,bocas del toro,human settlement in Panama,GPE,city,31,,Panama,False
Q283658,Ringsted,ringsted,city in Denmark,GPE,city,31,,Denmark,False
Q587715,Kosti,kosti,major city in Sudan,GPE,city,31,528458.0,Sudan,False
Q516133,Cayman Brac,cayman brac,island,LOC,island,31,,,False
Q512465,Mont Orohena,mont orohena,mountain on the island of Tahiti,LOC,mountain,31,,,False
Q1922294,Tuchów,tuchów,city of Poland,GPE,city,31,,Poland,False
Q325550,Myślenice,myślenice,city of Poland,GPE,city,31,,Poland,False
Q324927,Miechów,miechów,"city of Poland, Lesser Poland Voivodeship, 20 miles NNE of Kraków",GPE,city,31,,Poland,False
Q1361324,Socorro Island,socorro island,island in Mexico,LOC,volcano,31,,,False
Q988673,Premuda,premuda,island of Croatia,LOC,island,31,,,False
Q1364584,River Ness,river ness,"river in Highland, Scotland, UK, flows into the mouth of the Beauly Firth at Inverness",LOC,river,31,,,False
Q702289,Wien,wien,river that flows through the city of Vienna,LOC,river,31,,,False
Q992791,Syrtis Major Planum,syrtis major planum,planum on Mars,LOC,volcano,31,,,False
Q2408990,Kennebec,kennebec,"city in and county seat of Lyman County, South Dakota, United States",GPE,city,31,,United States,False
Q1001307,Gogolin,gogolin,city in Opole Voivodeship in south-western Poland,GPE,city,31,,Poland,False
Q1366569,Malka,malka,"river in Kabardino-Balkaria and Stavropol Krai, Russia",LOC,river,31,,,False
Q833916,Kurówka,kurówka,"river in Poland, tributary of the Vistula",LOC,river,30,,,False
Q1072848,Rhun Island,rhun island,"island in Central Maluku Regency, Maluku Province, Indonesia",LOC,island,30,,,False
Q697662,Kousséri,kousséri,commune of Cameroon,GPE,city,30,101246.0,Cameroon,False
Q175596,Ayoun el Atrous,ayoun el atrous,city in Mauritania,GPE,city,30,,Mauritania,False
Q1756617,Tongi,tongi,human settlement in Bangladesh,GPE,city,30,476350.0,Bangladesh,False
Q1406641,Kazimierza Wielka,kazimierza wielka,city of Poland,GPE,city,30,,Poland,False
Q1418789,Fire Island,fire island,"island in Suffolk County, New York, United States",LOC,island,30,,,False
Q852849,Huayna Potosí,huayna potosí,mountain in Bolivia,LOC,mountain,30,,,False
Q853315,Apure River,apure river,river in Venezuela,LOC,river,30,,,False
Q338670,Coats Island,coats island,"island in Nunavut, Canada",LOC,island,30,,,False
Q1989786,Sok,sok,"river in Orenburg and Samara Oblasts, Russia",LOC,river,30,,,False
Q1970151,Île d'Yeu,île dyeu,island off the coast of the Vendée in western France,LOC,island,30,,,False
Q713377,Pingtung City,pingtung city,"A county-controlled city in Pingtung County, Taiwan",GPE,city,30,191815.0,Taiwan,False
Q324907,Wieruszów,wieruszów,city of Poland,GPE,city,30,,Poland,False
Q738745,Aconcagua River,aconcagua river,river in Chile,LOC,river,30,,,False
Q517633,Lake Elmenteita,lake elmenteita,lake in Kenya,LOC,lake,30,,,False
Q23038,Fasta Åland,fasta åland,largest and most populous island of Åland in Finland,LOC,island,30,,,False
Q252081,"Guallatiri, Chile",guallatiri chile,"mountain in Parinacota Province, Chile",LOC,volcano,30,,,False
Q1066434,Ekarma,ekarma,island in Russia,LOC,island,30,,,False
Q2357934,Kerki,kerki,city in Turmenistan,GPE,city,30,,Turkmenistan,False
Q826447,Lake Bodom,lake bodom,"lake in Espoo, Finland",LOC,lake,30,,,False
Q1973199,Timna valley,timna valley,archaeological sites in Israel,LOC,valley,30,,,False
Q1375645,Koh Kong,koh kong,capital in the same named province of Cambodia,GPE,city,30,,Cambodia,False
Q604194,Radovljica,radovljica,city in Slovenia,GPE,city,30,,Slovenia,False
Q1344442,Kerzhenets,kerzhenets,"river in Nizhny Novgorod Oblast, Russia",LOC,river,30,,,False
Q598563,Therasia,therasia,Greek island in the volcanic island group of Santorini,LOC,island,30,,,False
Q13294,Silba,silba,island of Croatia,LOC,island,30,,,False
Q608376,Błonie,błonie,city of Poland,GPE,city,30,,Poland,False
Q50844,Izhora,izhora,"river in Leningrad Oblast and Saint Petersburg, Russia",LOC,river,30,,,False
Q589108,Ashoknagar,ashoknagar,City in Madhya Pradesh,GPE,city,30,,India,False
Q568212,Kos,kos,"city on the homonymous island in Aegean Sea, Greece",GPE,city,30,,Greece,False
Q569804,Wyszogród,wyszogród,city of Poland,GPE,city,30,,Poland,False
Q2441398,Sangrur,sangrur,"city in Sangrur district, Patiala division, Punjab, India",GPE,city,30,,India,False
Q639487,Pitons,pitons,volcanic spires in Saint Lucia,LOC,mountain,30,,,False
Q956201,Lesser Slave Lake,lesser slave lake,"lake in Alberta, Canada",LOC,lake,30,,,False
Q712356,Baripada,baripada,City and a municipality in Mayurbhanj district in the state of Odisha,GPE,city,30,,India,False
Q635969,Chiers,chiers,"river in Luxembourg, France and Belgian border, mouth in Meuse river",LOC,river,30,,,False
Q637310,Vashka,vashka,"river in Arkhangelsk Oblast and Komi, Russia",LOC,river,30,,,False
Q2242,South Saskatchewan River,south saskatchewan river,river in Alberta and Saskatchewan,LOC,river,30,,,False
Q3284738,Gelgaudiškis,gelgaudiškis,"city in Sudovia, Lithuania",GPE,city,30,,Lithuania,False
Q246139,Rwamagana,rwamagana,city in Rwanda,GPE,city,30,,Rwanda,False
Q1856972,Laï,laï,commune in Chad,GPE,city,30,,Chad,False
Q514481,Eigg,eigg,"one of the Small Isles in the Inner Hebrides, Scotland, UK",LOC,island,30,,,False
Q219382,"Lwówek Śląski, Lower Silesia",lwówek śląski lower silesia,"town in Lower Silesian Voivodeship, Poland",GPE,city,30,,Poland,False
Q995159,Ciechanowiec,ciechanowiec,city of Poland,GPE,city,30,,Poland,False
Q995369,Lomma,lomma,"urban area in Lomma Municipality, Sweden",GPE,city,30,,Sweden,False
Q3358037,North Aral Sea,north aral sea,extant lake,LOC,lake,30,,,False
Q1022920,Coloane,coloane,island of Macau,LOC,island,30,,,False
Q3301962,Eastern Mediterranean,eastern mediterranean,region that is geographically located to the east of the Mediterranean Sea,LOC,sea,30,,,False
Q2000838,Sanafr Island,sanafr island,A Saudi island under Egyptian administration,LOC,island,30,,,False
Q386101,Biryusa,biryusa,"left headwater of Taseyeva in Irkutsk Oblast and Krasnoyarsk Krai, Russia",LOC,river,30,,,False
Q1521184,Nida,nida,river in Poland,LOC,river,30,,,False
Q773225,Quevedo,quevedo,"city of Los Ríos Province, Ecuador",GPE,city,30,177792.0,Ecuador,False
Q587464,Kirenga,kirenga,"river in Irkutsk Oblast, Russia",LOC,river,30,,,False
Q1989822,Khobi,khobi,"town in Georgia, Samegrelo-Zemo Svaneti region",GPE,city,30,,Georgia,False
Q712311,Arthur's Seat,arthurs seat,"mountain in Edinburgh, Scotland, UK",LOC,mountain,30,,,False
Q388770,Savinja,savinja,river in Slovenia,LOC,river,30,,,False
Q2017187,Okene,okene,"municipality in Kogi, Nigeria",GPE,city,30,320260.0,Nigeria,False
Q2019719,Cimișlia,cimișlia,town in Moldova,GPE,city,30,,Moldova,False
Q2020432,Bubanza,bubanza,"place in Bubanza Province, Burundi",GPE,city,30,,Burundi,False
Q653808,Bardaï,bardaï,city in Chad,GPE,city,30,,Chad,False
Q737984,Przedbórz,przedbórz,city of Poland,GPE,city,30,,Poland,False
Q83840,Osum,osum,river in Albania,LOC,river,30,,,False
Q1867822,Al-Rastan,al-rastan,City in Syria,GPE,city,30,,Syria,False
Q255093,Casamance River,casamance river,river in Senegal,LOC,river,30,,,False
Q2298945,Song Kol Lake,song kol lake,lake in Kyrgyzstan,LOC,lake,30,,,False
Q714573,Makira,makira,island in Solomon Islands,LOC,island,30,,,False
Q639340,Pando,pando,human settlement,GPE,city,30,,Uruguay,False
Q2271123,Șoldănești,șoldănești,town in Moldova,GPE,city,30,,Moldova,False
Q1516741,Varzuga,varzuga,"river in Murmansk Oblast, Russia",LOC,river,30,,,False
Q1238790,River Exe,river exe,river in the United Kingdom,LOC,river,30,,,False
Q124295,Isle of Dogs,isle of dogs,"large peninsula in London, England",LOC,peninsula,30,,,False
Q1192928,Phewa Lake,phewa lake,"lake in Kaski District, Nepal",LOC,lake,30,,,False
Q1024676,Tytuvėnai,tytuvėnai,city in Lithuania,GPE,city,30,,Lithuania,False
Q776776,Schoinoussa,schoinoussa,"island of the Lesser Cyclades group, Greece",LOC,island,30,,,False
Q777907,Shenandoah River,shenandoah river,"river in Virginia and West Virginia, United States",LOC,river,30,,,False
Q311217,Schweriner See,schweriner see,"lake in Nordwestmecklenburg District, Mecklenburg-Vorpommern, Germany",LOC,lake,30,,,False
Q246288,Strzegom,strzegom,City in Poland,GPE,city,30,,Poland,False
Q83839,Devoll,devoll,river in Albania,LOC,river,30,,,False
Q1455991,Nysa Kłodzka,nysa kłodzka,river in Poland,LOC,river,30,,,False
Q1343928,Kaprije,kaprije,island of Croatia,LOC,island,30,,,False
Q1906311,Zabłudów,zabłudów,city of Poland,GPE,city,30,,Poland,False
Q677300,San Pedro Town,san pedro town,town in Belize,GPE,city,30,,Belize,False
Q678425,Głuchołazy,głuchołazy,city of Poland,GPE,city,30,,Poland,False
Q918349,Lough Derg,lough derg,"lake on River Shannon, in counties Clare (south-west), Galway (north-west), and Tipperary (to the east)",LOC,lake,30,,,False
Q499519,Lipari,lipari,"island part of Aeolian archipelago, Italy",LOC,island,30,,,False
Q1470945,Limay River,limay river,river in Argentina,LOC,river,30,,,False
Q1015152,Działoszyn,działoszyn,city of Poland,GPE,city,30,,Poland,False
Q941844,Grodków,grodków,city of Poland,GPE,city,30,,Poland,False
Q494924,Russky Island,russky island,"island in Peter the Great Gulf, Russia, part of Eugénie Archipelago",LOC,island,30,,,False
Q495534,Imjin River,imjin river,river in North Korea,LOC,river,30,,,False
Q1076875,Khrami River,khrami river,river in Georgia and Azerbaijan,LOC,river,30,,,False
Q217954,Tsna,tsna,"river in Tambov and Ryazan Oblasts, Russia, tributary of Moksha",LOC,river,30,,,False
Q203353,Pico Almanzor,pico almanzor,mountain in Spain,LOC,mountain,30,,,False
Q1501059,Muztagh Tower,muztagh tower,mountain,LOC,mountain,30,,,False
Q500107,Fort Portal,fort portal,town in Western Uganda,GPE,city,30,137549.0,Uganda,False
Q2038816,Guna,guna,city and municipality in Guna district,GPE,city,30,,India,False
Q715361,Sungacha,sungacha,river in Russia and China,LOC,river,30,,,False
Q716232,Putuoshan,putuoshan,island off the coast of China,LOC,island,30,,,False
Q768416,Priekulė,priekulė,city in Lithuania,GPE,city,30,,Lithuania,False
Q312866,Antofalla,antofalla,mountain in Argentina,LOC,volcano,30,,,False
Q381560,Kadoma,kadoma,city,GPE,city,30,116300.0,Zimbabwe,False
Q751086,Brownsea Island,brownsea island,"island in Poole Harbour, Dorset, England, UK",LOC,island,30,,,False
Q753195,Planica,planica,alpine valley in Slovenia,LOC,valley,30,,,False
Q583285,Uda,uda,"river in Irkutsk Oblast and Krasnoyarsk Krai, Russia",LOC,river,30,,,False
Q682455,Mount Shishaldin,mount shishaldin,volcano in Alaska,LOC,volcano,30,,,False
Q627885,Ouésso,ouésso,city,GPE,city,30,,Republic of the Congo,False
Q698628,Montafon,montafon,Valley and region in the Austrian state of Vorarlberg,LOC,valley,30,,,False
Q975927,Salawati Island,salawati island,"island in Southwest Papua Province, Indonesia",LOC,island,30,,,False
Q1906266,Rajgród,rajgród,city of Poland,GPE,city,30,,Poland,False
Q940829,Sirohi,sirohi,"city in Rajasthan state, India",GPE,city,30,,India,False
Q946827,Sawai Madhopur,sawai madhopur,city,GPE,city,30,,India,False
Q128350,Lukuga River,lukuga river,It is an outlet river of lake Tanganyika in the Democratic Republic of the Congo,LOC,river,30,,,False
Q161914,"Pieńsk, Lower Silesia",pieńsk lower silesia,city of Poland,GPE,city,30,,Poland,False
Q1369002,Maroni,maroni,"river in South America, forming the border between Suriname and French Guiana",LOC,river,30,,,False
Q1463552,Kubenskoe,kubenskoe,"lake in Vologda Oblast, Russia",LOC,lake,30,,,False
Q966918,Gyali,gyali,"island near Nisyros, Greece",LOC,island,30,,,False
Q971586,Seward Peninsula,seward peninsula,peninsula in Alaska,LOC,peninsula,30,,,False
Q30480,Barre des Écrins,barre des écrins,mountain in the French Alps,LOC,mountain,30,,,False
Q392246,Monkh Saridag,monkh saridag,mountain in Russia,LOC,mountain,30,,,False
Q1019448,Vogar,vogar,small town in Iceland,GPE,city,30,,Iceland,False
Q1019470,Skive,skive,town in Denmark,GPE,city,30,,Denmark,False
Q1816543,Fresnillo,fresnillo,"city in Fresnillo Municipality, Zacatecas, Mexico",GPE,city,30,230865.0,Mexico,False
Q403175,Ay,ay,"river in Bashkiria and Chelyabinsk Oblast, Russia",LOC,river,30,,,False
Q1020010,Florø,florø,"settlement in Kinn Municipality, Norway",GPE,city,30,,Norway,False
Q2341892,Narnaul,narnaul,"city in Mahendragarh district, Haryana, India",GPE,city,30,252786.0,India,False
Q815591,Balikh River,balikh river,river in Syria,LOC,river,30,,,False
Q26301,Ider River,ider river,river in Mongolia,LOC,river,30,,,False
Q1074444,Chinsali,chinsali,"city in Muchinga Province, Zambia",GPE,city,30,,Zambia,False
Q917851,Lee,lee,river in Ireland,LOC,river,30,,,False
Q1325264,Skorpios,skorpios,island of Greece,LOC,island,30,,,False
Q540956,Aruwimi River,aruwimi river,river in the Democratic Republic of the Congo,LOC,river,30,,,False
Q2624957,Chimpanzini Bananini,chimpanzini bananini,river in Colombia,LOC,river,30,,,False
Q220503,Assiniboine River,assiniboine river,"river in Saskatchewan and Manitoba, Canada",LOC,river,30,,,False
Q492703,Darwin Island,darwin island,"uninhabited island in the Galapagos Archipelago, Ecuador",LOC,island,30,,,False
Q492087,Antimilos,antimilos,"island off Milos, Greece",LOC,island,30,,,False
Q1122196,Harris,harris,southern part of the Scottish island Lewis and Harris,LOC,peninsula,30,,,False
Q1122701,Montjuïc,montjuïc,mountain in Barcelona,LOC,mountain,30,,,False
Q1061065,Chogolisa,chogolisa,mountain in Pakistan,LOC,mountain,30,,,False
Q2087583,Nandurbar,nandurbar,"human settlement in Nandurbar district, Nashik division, Maharashtra, India",GPE,city,30,,India,False
Q2088687,Hamad Town,hamad town,"town in Northern Governorate, Bahrain",GPE,city,30,133550.0,Bahrain,False
Q626095,Aranuka,aranuka,island,LOC,island,30,,,False
Q14764,Esla,esla,"river tributary to Douro, in the provinces of León and Zamora, Castile and León, Spain",LOC,river,30,,,False
Q1471913,Kurile Lake,kurile lake,lake in Russia,LOC,lake,30,,,False
Q990830,Dziwnów,dziwnów,city of Poland,GPE,city,30,,Poland,False
Q991819,Kock,kock,city of Poland,GPE,city,30,,Poland,False
Q885798,Blue Mountain Peak,blue mountain peak,mountain in Jamaica,LOC,mountain,30,,,False
Q889519,Tikopia,tikopia,island in Solomon Island,LOC,island,30,,,False
Q2071883,Santorini caldera,santorini caldera,"caldera in Thira municipality, Greece",LOC,mountain,30,,,False
Q2991464,Buriganga River,buriganga river,river in Bangladesh,LOC,river,30,,,False
Q1557796,Gwanda,gwanda,city in Zimbabwe,GPE,city,30,,Zimbabwe,False
Q170067,Q170067,q170067,lunar mare in the far north of the Moon,LOC,lunar mare,30,,,False
Q485550,Anamudi,anamudi,mountain in India,LOC,mountain,30,,,False
Q944772,River Cam,river cam,tributary of the River Great Ouse in England,LOC,river,30,,,False
Q1130009,Great Fish River,great fish river,river in South Africa,LOC,river,30,,,False
Q810814,Bathurst Island,bathurst island,island off the Northern Australian coast,LOC,island,30,,,False
Q2329701,Taourirt,taourirt,city in Morocco,GPE,city,30,321876.0,Morocco,False
Q249059,Złoczew,złoczew,city of Poland,GPE,city,30,,Poland,False
Q1433508,Mount sipan,mount sipan,mountain in Turkish Kurdistan,LOC,mountain,30,,,False
Q1677915,St. Johns River,st. johns river,"river in Florida, United States",LOC,river,30,,,False
Q402692,Tåsinge,tåsinge,Danish island,LOC,island,30,,,False
Q586660,Fetlar,fetlar,"island of the Shetland Islands, Scotland, UK",LOC,island,30,,,False
Q578777,Nevado Mismi,nevado mismi,mountain peak of volcanic origin in the Chila mountain range in the Andes of Peru,LOC,mountain,30,,,False
Q1048944,Kadavu Island,kadavu island,island of Fiji,LOC,island,30,,,False
Q1050891,Nikumaroro,nikumaroro,island,LOC,island,30,,,False
Q1807278,Plyussa,plyussa,"river in Leningrad and Pskov Oblasts, Russia, a tributary of the Narva",LOC,river,30,,,False
Q410410,Hvítá,hvítá,left headwater of Ölfusá in Southern Iceland,LOC,river,30,,,False
Q988658,Połaniec,połaniec,city of Poland,GPE,city,30,,Poland,False
Q15125,Dent Blanche,dent blanche,mountain in the Pennine Alps,LOC,mountain,30,,,False
Q1188040,Synevyr,synevyr,"lake in Zakarpattia Oblast, Ukraine",LOC,lake,30,,,False
Q2281181,Rezina,rezina,town in Moldova,GPE,city,30,,Moldova,False
Q2283714,Santa Bárbara,santa bárbara,city in Honduras,GPE,city,30,,Honduras,False
Q2290501,Chalatenango,chalatenango,city in El Salvador,GPE,city,30,,El Salvador,False
Q292354,Island of Montreal,island of montreal,"island in the St. Lawrence River, site of the city of Montreal, Quebec",LOC,island,30,,,False
Q2902049,Bengawan Solo River,bengawan solo river,"river in Central Java and East Java, Indonesia",LOC,river,30,,,False
Q627944,Cavalla River,cavalla river,river in West Africa,LOC,river,30,,,False
Q731020,Shashamane,shashamane,town in Ethiopia,GPE,city,30,,Ethiopia,False
Q741991,Dungarpur,dungarpur,city,GPE,city,30,,India,False
Q658271,Tibidabo,tibidabo,"mountain in Barcelona, Spain (European Union)",LOC,mountain,30,,,False
Q1429523,Karatal River,karatal river,river in Kazakhstan,LOC,river,30,,,False
Q545239,Peak Ozodi,peak ozodi,"mountain in the Akademiya Nauk Range, Pamir mountains, Tajikistan",LOC,mountain,30,,,False
Q2159352,Shahbuz,shahbuz,city in the Nakhchivan Autonomous Republic of Azerbaijan,GPE,city,30,,Azerbaijan,False
Q1723644,Kanas Lake,kanas lake,lake in People's Republic of China,LOC,lake,30,,,False
Q1723814,Kanlaon Volcano,kanlaon volcano,"active stratovolcano on the island of Negros, Philippines",LOC,mountain,30,,,False
Q694805,Kocher,kocher,river in Germany,LOC,river,30,,,False
Q1384940,Lake Lanao,lake lanao,lake in the Philippines,LOC,lake,30,,,False
Q1385889,Eyre Peninsula,eyre peninsula,peninsula in South Australia,LOC,peninsula,30,,,False
Q1323525,Lake Washington,lake washington,"lake in Washington state, U.S.",LOC,lake,30,,,False
Q1324212,Lake Tumba,lake tumba,lake in the Équateur province in the Democratic Republic of Congo,LOC,lake,30,,,False
Q1324437,Femund,femund,"lake in Røros, Engerdal, and Os, Norway",LOC,lake,30,,,False
Q1718336,Mount Obama,mount obama,mountain in Antigua and Barbuda,LOC,mountain,30,,,False
Q688624,Morteratsch Glacier,morteratsch glacier,glacier in Switzerland,LOC,glacier,30,,,False
Q1165627,Stefansson Island,stefansson island,"island in Nunavut, Canada",LOC,island,30,,,False
Q893152,Boothia Peninsula,boothia peninsula,"peninsula in Nunavut, Canada",LOC,peninsula,30,,,False
Q1007232,Cholula,cholula,"city and district of the state of Puebla, in central Mexico",GPE,city,30,102260.0,Mexico,False
Q1542459,Mount Tabwemasana,mount tabwemasana,mountain,LOC,mountain,30,,,False
Q1544340,Mount Fairweather,mount fairweather,mountain in the Saint Elias Mountains on the border between Alaska and British Columbia,LOC,mountain,30,,,False
Q1332540,Elliðaey,elliðaey,island in Vestmannaeyjar,LOC,island,30,,,False
Q1708160,Golaghat,golaghat,city in India,GPE,city,30,,India,False
Q985528,Przysucha,przysucha,town of Poland,GPE,city,30,,Poland,False
Q966592,Odranci,odranci,settlement in Slovenia,GPE,city,30,,Slovenia,False
Q174054,Isola Bella,isola bella,"island in Lake Maggiore, Italy",LOC,island,30,,,False
Q986336,Grootfontein,grootfontein,city in Namibia,GPE,city,30,,Namibia,False
Q1017630,Oghuz,oghuz,city in Azerbaijan,GPE,city,30,,Azerbaijan,False
Q268624,Mono River,mono river,river of Togo and Benin,LOC,river,30,,,False
Q1010367,Valera,valera,"capital city of Valera Municipality in Trujillo state, Venezuela",GPE,city,30,250000.0,Venezuela,False
Q425,Betsiboka River,betsiboka river,river in central-north Madagascar,LOC,river,30,,,False
Q986912,Poniatowa,poniatowa,city of Poland,GPE,city,30,,Poland,False
Q988179,Gryfów Śląski,gryfów śląski,city of Poland,GPE,city,30,,Poland,False
Q41700210,Valle Latina,valle latina,geographical and historical region in Italy,LOC,valley,30,,,False
Q392772,Švenčionėliai,švenčionėliai,city in Lithuania,GPE,city,30,,Lithuania,False
Q393138,Żmigród,żmigród,city of Poland,GPE,city,30,,Poland,False
Q1548111,Sluch River,sluch river,river in Ukraine,LOC,river,30,,,False
Q1149310,Soufrière,soufrière,"active stratovolcano located in Basse-Terre Island, Guadeloupe, French West Indies",LOC,mountain,30,,,False
Q115155,Podhale,podhale,"cultural region in Lesser Poland Voivodeship, Poland",LOC,valley,30,,,False
Q2102394,Saser Kangri,saser kangri,mountain in India,LOC,mountain,30,,,False
Q210716,Mare Nubium,mare nubium,lunar mare,LOC,lunar mare,30,,,False
Q1146381,Karaginsky Island,karaginsky island,island in the Bering Sea,LOC,island,30,,,False
Q949042,Ljungan,ljungan,river in Sweden,LOC,river,30,,,False
Q1139148,Pirita River,pirita river,river in Estonia,LOC,river,30,,,False
Q2120180,Rara Lake,rara lake,"lake in Mugu District, Nepal",LOC,lake,30,,,False
Q1057823,Aley,aley,"river in Altai Krai, Russia",LOC,river,30,,,False
Q1057961,Ceyhan River,ceyhan river,"river in Adana, south-central Turkey",LOC,river,30,,,False
Q457186,Ambergris Caye,ambergris caye,island in Belize,LOC,island,30,,,False
Q985642,Góra Kalwaria,góra kalwaria,city of Poland,GPE,city,30,,Poland,False
Q642631,Busselton,busselton,city in the South West region of Western Australia,GPE,city,30,,Australia,False
Q1345909,Scott Island,scott island,island in Antarctica,LOC,island,30,,,False
Q1346305,Uy,uy,river in Russia and Kazakhstan,LOC,river,30,,,False
Q14459,Lake Sempach,lake sempach,lake in Switzerland,LOC,lake,30,,,False
Q1011819,Kaduqli,kaduqli,"capital city of South Kordofan State, Sudan",GPE,city,30,,Sudan,False
Q52585,Gualeguaychú,gualeguaychú,"city in Gualeguaychú Department, Entre Ríos Province, Argentina",GPE,city,30,109461.0,Argentina,False
Q433744,Altaelva,altaelva,"river in Finnmark, Norway",LOC,river,30,,,False
Q43876,Mount Batur,mount batur,"volcano in Bali, Indonesia",LOC,volcano,30,,,False
Q905910,Brisbane River,brisbane river,"river in Queensland, Australia",LOC,river,30,,,False
Q618891,Apolima,apolima,island,LOC,island,30,,,False
Q620804,Narmadapuram,narmadapuram,city in India,GPE,city,30,,India,False
Q621925,Tenkodogo,tenkodogo,city in Burkina Faso,GPE,city,30,,Burkina Faso,False
Q1141201,Cross River,cross river,river in southeastern Nigeria,LOC,river,30,,,False
Q1892074,Simnas,simnas,"city in Dzūkija, Lithuania",GPE,city,30,,Lithuania,False
Q548594,Bely Island,bely island,"island in Kara Sea, Russia",LOC,island,30,,,False
Q1013379,Mafeteng,mafeteng,city,GPE,city,30,,Lesotho,False
Q1663450,Portland,portland,"city in the state of Victoria, Australia",GPE,city,30,,Australia,False
Q1545452,Piton des Neiges,piton des neiges,mountain in Réunion,LOC,mountain,30,,,False
Q1025621,Mobaye,mobaye,city,GPE,city,30,,Central African Republic,False
Q1025801,Juigalpa,juigalpa,"municipality in Chontales Department, Nicaragua",GPE,city,30,,Nicaragua,False
Q2468292,Crișul Alb River,crișul alb river,river in Romania,LOC,river,30,,,False
Q1419222,Newtontoppen,newtontoppen,"largest and highest mountain in Svalbard, Norway",LOC,mountain,30,,,False
Q1020649,Aybak,aybak,"town in Samangan Province, Afghanistan",GPE,city,30,,Afghanistan,False
Q1210635,Kowloon Peninsula,kowloon peninsula,peninsula that forms the southern part of the main landmass in the territory of Hong Kong,LOC,peninsula,30,,,False
Q1922260,Black River,black river,river in China and northwestern Vietnam,LOC,river,30,,,False
Q341919,Acklins,acklins,district-island of the Bahamas,LOC,island,30,,,False
Q1822804,Tabqa,tabqa,town in Siria,GPE,city,30,,Syria,False
Q529887,Visingsö,visingsö,island of Sweden,LOC,island,30,,,False
Q524954,Mount Taftan,mount taftan,volcano mountain in Iran,LOC,volcano,30,,,False
Q325631,Pajęczno,pajęczno,city of Poland,GPE,city,30,,Poland,False
Q31594,Ar Ramtha,ar ramtha,city in Jordan,GPE,city,30,155693.0,Jordan,False
Q1014285,Alexandreia,alexandreia,"town in Imathia, Macedonia, Greece",GPE,city,30,,Greece,False
Q994174,Susak,susak,island of Croatia,LOC,island,30,,,False
Q700635,Weissensee,weissensee,"lake in Carinthia, Austria",LOC,lake,29,,,False
Q993402,Cat Ba Island,cat ba island,"island in Haiphong, Vietnam",LOC,island,29,,,False
Q1364317,Mzymta,mzymta,"river in Krasnodar Krai, Russia",LOC,river,29,,,False
Q999149,Bukhtarma River,bukhtarma river,river in Kazakhstan,LOC,river,29,,,False
Q998623,Sado Island,sado island,Japanese island,LOC,island,29,,,False
Q248770,Reventador,reventador,active stratovolcano in Ecuador,LOC,mountain,29,,,False
Q2338592,Baratang Island,baratang island,island of Indian Territory,LOC,island,29,,,False
Q528409,Andøya,andøya,"island in Andøy, Norway",LOC,island,29,,,False
Q863727,Bindura,bindura,city,GPE,city,29,,Zimbabwe,False
Q53484,Syas,syas,"river in Leningrad Oblast of Russia, a tributary of Lake Ladoga",LOC,river,29,,,False
Q827033,Berounka,berounka,river in the Czech Republic,LOC,river,29,,,False
Q1961081,Chirchiq,chirchiq,river in Uzbekistan,LOC,river,29,,,False
Q556484,Międzychód,międzychód,city of Poland,GPE,city,29,,Poland,False
Q557529,Muramvya,muramvya,city of Burundi,GPE,city,29,,Burundi,False
Q519822,Khazret Sultan,khazret sultan,mountain on the Uzbek-Tajik border,LOC,mountain,29,,,False
Q882907,Corozal,corozal,capital of the district of Corozal,GPE,city,29,,Belize,False
Q1074914,Uchur River,uchur river,river in Russia,LOC,river,29,,,False
Q1027045,Gijduvan,gijduvan,city,GPE,city,29,,Uzbekistan,False
Q41543,Gandhidham,gandhidham,"city in Gujarat state, India",GPE,city,29,,India,False
Q19710,River Avon,river avon,river in the south of England,LOC,river,29,,,False
Q135993,San Pedro de Ycuamandiyú,san pedro de ycuamandiyú,"city and department capital of San Pedro, Paraguay",GPE,city,29,,Paraguay,False
Q726696,Ashuradeh,ashuradeh,"island in Torkaman County, Iran",LOC,island,29,,,False
Q170714,Ramotswa,ramotswa,city in Botswana,GPE,city,29,,Botswana,False
Q144327,Nevado del Tolima,nevado del tolima,volcano located in the Central Andes of Colombia,LOC,mountain,29,,,False
Q598893,Mountain Merbabu,mountain merbabu,"mountain in Central Java, Indonesia",LOC,mountain,29,,,False
Q777169,Tarnogród,tarnogród,city of Poland,GPE,city,29,,Poland,False
Q609246,Radzymin,radzymin,city of Poland,GPE,city,29,,Poland,False
Q1151727,Yongding River,yongding river,river in the People's Republic of China,LOC,river,29,,,False
Q1053290,Kii Peninsula,kii peninsula,largest peninsula on the island of Honshū in Japan.,LOC,peninsula,29,,,False
Q1142015,Salar de Atacama,salar de atacama,Endorheic drainage basin and salt pan,LOC,lake,29,,,False
Q1140015,Dokos,dokos,"island near Hydra, Greece",LOC,island,29,,,False
Q1025304,Stronie Śląskie,stronie śląskie,city of Poland,GPE,city,29,,Poland,False
Q985669,Chełmek,chełmek,city of Poland,GPE,city,29,,Poland,False
Q1058401,Hayli Gubbi,hayli gubbi,volcano in Ethiopia,LOC,mountain,29,,,False
Q1140644,Crna,crna,river in North Macedonia,LOC,river,29,,,False
Q1480438,Khunyang Chhish,khunyang chhish,mountain,LOC,mountain,29,,,False
Q525118,Maxixe,maxixe,city in Mozambique,GPE,city,29,155521.0,Mozambique,False
Q749561,Corisco,corisco,island of Equatorial Guinea,LOC,island,29,,,False
Q906358,Volcán Maipo,volcán maipo,mountain in Chile,LOC,volcano,29,,,False
Q618600,Makronisos,makronisos,island off Attica in the Aegean Sea,LOC,island,29,,,False
Q619086,Klang River,klang river,river in Malaysia,LOC,river,29,,,False
Q685222,Vedea River,vedea river,river in Romania,LOC,river,29,,,False
Q1146724,Cuyahoga River,cuyahoga river,"river in Ohio, United States",LOC,river,29,,,False
Q986406,Dąbrowa Białostocka,dąbrowa białostocka,city of Poland,GPE,city,29,,Poland,False
Q987997,Sieraków,sieraków,city of Poland,GPE,city,29,,Poland,False
Q1018872,Gleno,gleno,city of East Timor,GPE,city,29,,Timor-Leste,False
Q157516,Salantai,salantai,city in Lithuania,GPE,city,29,,Lithuania,False
Q1156943,Maderas,maderas,Extinct vulcano in Nicaragua on the Isla de Ometepe,LOC,volcano,29,,,False
Q792880,Ayding Lake,ayding lake,lake in Western China,LOC,lake,29,,,False
Q2305839,Kayanza,kayanza,"place in Kayanza Province, Burundi",GPE,city,29,,Burundi,False
Q393228,Żychlin,żychlin,city of Poland,GPE,city,29,,Poland,False
Q2095324,Sharda River,sharda river,river in India and Nepal,LOC,river,29,,,False
Q1055899,Mount Hudson,mount hudson,"mountain in Aysén Province, Chile",LOC,volcano,29,,,False
Q428076,Muna Island,muna island,"island in Southeast Sulawesi Province, Indonesia",LOC,island,29,,,False
Q430799,Mukhavets River,mukhavets river,river in Belarus,LOC,river,29,,,False
Q5633,Vištytis,vištytis,lake on the Lithuania-Russia border,LOC,lake,29,,,False
Q1540215,Snov,snov,river in Russia and Ukraine,LOC,river,29,,,False
Q1541246,Oyapock,oyapock,"river in South America, bordering French Guiana and Brasil (state of Amapá)",LOC,river,29,,,False
Q286696,Krynki,krynki,city of Poland,GPE,city,29,,Poland,False
Q1544834,Kentucky River,kentucky river,"river in Kentucky, United States",LOC,river,29,,,False
Q1007479,Lubraniec,lubraniec,city of Poland,GPE,city,29,,Poland,False
Q285952,Mare Cognitum,mare cognitum,lunar mare,LOC,lunar mare,29,,,False
Q2860022,Darwin's Arch,darwins arch,island in Ecuador,LOC,island,29,,,False
Q1153522,Nan River,nan river,river in Thailand,LOC,river,29,,,False
Q1331973,Olza,olza,"river, tributary of the Oder",LOC,river,29,,,False
Q1010287,Kuajok,kuajok,city in South Sudan,GPE,city,29,,South Sudan,False
Q642694,Otra,otra,"river in Agder, Norway",LOC,river,29,,,False
Q1339368,Skjálfandafljót,skjálfandafljót,river in Iceland,LOC,river,29,,,False
Q336724,Qalyub,qalyub,town in the Al Qalyubiyah governorate of Egypt,GPE,city,29,,Egypt,False
Q460282,Amchitka,amchitka,"island in Aleutians West Census Area, Alaska, United States",LOC,island,29,,,False
Q461361,Amblève,amblève,"river in Belgium, mouth in Ourthe river",LOC,river,29,,,False
Q456599,Aoba Island,aoba island,island in the South Pacific island nation of Vanuatu,LOC,mountain,29,,,False
Q175304,Elephanta Island,elephanta island,"island of the Mumbai Harbour, India, containing historic caves",LOC,island,29,,,False
Q1062664,San Miguel,san miguel,volcano in El Salvador,LOC,mountain,29,,,False
Q268631,Lake Nokoué,lake nokoué,lake in Benin,LOC,lake,29,,,False
Q488143,Mare Orientale,mare orientale,lunar mare,LOC,lunar mare,29,,,False
Q546793,Molopo River,molopo river,river,LOC,river,29,,,False
Q745231,"Peak Pobeda, Sakha",peak pobeda sakha,mountain,LOC,mountain,29,,,False
Q74652,"Kvaløya, Troms",kvaløya troms,"island in Tromsø, Norway",LOC,island,29,,,False
Q1728331,Cape Kolka,cape kolka,Cape in Latvia,LOC,cape,29,,,False
Q1133055,Mackenzie King Island,mackenzie king island,island in the Northwest Territories and Nunavut in Canada,LOC,island,29,,,False
Q1324180,Lough Erne,lough erne,"lake in County Fermanagh, Northern Ireland, UK",LOC,lake,29,,,False
Q3284743,Skaudvilė,skaudvilė,"city in Samogitia, Lithuania",GPE,city,29,,Lithuania,False
Q1717706,Veisjärv,veisjärv,lake in Estonia,LOC,lake,29,,,False
Q958586,Santa Cruz de Barahona,santa cruz de barahona,city in the Dominican Republic,GPE,city,29,,Dominican Republic,False
Q474560,Taketomi Island,taketomi island,"island in Okinawa, Japan",LOC,island,29,,,False
Q688454,Ill,ill,river in Vorarlberg,LOC,river,29,,,False
Q1135655,Lake Magadi,lake magadi,"lake in Kajiado County, Kenya",LOC,lake,29,,,False
Q116456,Yuryuzan,yuryuzan,"river in Bashkiria and Chelyabinsk Oblast, Russia",LOC,river,29,,,False
Q1164773,Rinca Island,rinca island,"island in West Manggarai Regency, East Nusa Tenggara Province, Indonesia",LOC,island,29,,,False
Q1542610,James River,james river,river in North Dakota and South Dakota in the United States,LOC,river,29,,,False
Q796664,Bijnor,bijnor,city in Uttar Pradesh,GPE,city,29,,India,False
Q798765,Jisr ash-Shughur,jisr ash-shughur,town in Syria,GPE,city,29,112654.0,Syria,False
Q577148,Lake Manyara,lake manyara,lake in Tanzania,LOC,lake,29,,,False
Q1050400,Ubort,ubort,river in Belarus and Ukraine,LOC,river,29,,,False
Q168905,Zbąszyń,zbąszyń,city of Poland,GPE,city,29,,Poland,False
Q757905,Attapư̄,attapư̄,city,GPE,city,29,,Laos,False
Q610055,Kodori Valley,kodori valley,valley in Abkhasia,LOC,valley,29,,,False
Q1009199,Kilifi,kilifi,town in Kenya,GPE,city,29,,Kenya,False
Q1009253,Ipswich,ipswich,"urban centre in South-East Queensland, Australia",GPE,city,29,232930.0,Australia,False
Q734280,Illinizas,illinizas,pair of volcanoes in Ecuador,LOC,mountain,29,,,False
Q1807286,Or River,or river,river in Russia,LOC,river,29,,,False
Q988628,Dobiegniew,dobiegniew,city of Poland,GPE,city,29,,Poland,False
Q1005414,Strzelno,strzelno,city of Poland,GPE,city,29,,Poland,False
Q2282208,Yatta,yatta,city of the Palestinian National Authority,GPE,city,29,167424.0,Palestine,False
Q1127173,Rance,rance,river in France,LOC,river,29,,,False
Q14339,Thur,thur,river in Switzerland,LOC,river,29,,,False
Q30495,Gross Fiescherhorn,gross fiescherhorn,mountain in the Swiss Alps,LOC,mountain,29,,,False
Q1186618,Dempo,dempo,"mountain in South Sumatra, Indonesia",LOC,mountain,29,,,False
Q790075,Avala,avala,"mountain in Belgrade, Serbia",LOC,mountain,29,,,False
Q1165734,Drvenik Veli,drvenik veli,island of Croatia,LOC,island,29,,,False
Q301415,Marken,marken,"village in Waterland, Netherlands",LOC,island,29,,,False
Q1813795,White River,white river,"river in Arkansas and Missouri, United States",LOC,river,29,,,False
Q15926,Trebnje,trebnje,city in Slovenia,GPE,city,29,,Slovenia,False
Q665130,Mont Dolent,mont dolent,mountain in the Mont Blanc massif,LOC,mountain,29,,,False
Q658234,Nero,nero,"lake in Yaroslavl Oblast, Russia",LOC,lake,29,,,False
Q1116019,Kyrgyz Alatau,kyrgyz alatau,mountain range,LOC,mountain,29,,,False
Q809231,Bartang River,bartang river,river,LOC,river,29,,,False
Q811064,Batura Sar,batura sar,mountain in Pakistan,LOC,mountain,29,,,False
Q841736,Saltholm,saltholm,Danish island,LOC,island,29,,,False
Q396730,Agrihan,agrihan,island in the Northern Mariana Islands in the Pacific Ocean,LOC,island,29,,,False
Q397876,Glittertind,glittertind,mountain,LOC,mountain,29,,,False
Q400301,Ahja River,ahja river,river in Estonia,LOC,river,29,,,False
Q2627792,Lake Peipus,lake peipus,"lake in Estonia and Russia, excluding Lake Pskov",LOC,lake,29,,,False
Q917353,Cape Morris Jesup,cape morris jesup,cape,LOC,cape,29,,,False
Q542965,Los Angeles River,los angeles river,"river in California, United States",LOC,river,29,,,False
Q545033,Randsfjorden,randsfjorden,"lake in Gran, Innlandet, Norway",LOC,lake,29,,,False
Q1014481,Tupiza,tupiza,city of Bolivia,GPE,city,29,,Bolivia,False
Q221200,Wisłoka,wisłoka,river in Poland,LOC,river,29,,,False
Q1095473,Clarence Island,clarence island,island of the South Shetland Islands,LOC,island,29,,,False
Q167814,Zayandeh River,zayandeh river,river in Iran,LOC,river,29,,,False
Q494269,Moneron Island,moneron island,island off of Sakhalin Island,LOC,island,29,,,False
Q954300,Santa Rosa de Copán,santa rosa de copán,city in Honduras,GPE,city,29,,Honduras,False
Q168696,Nahe,nahe,tributary of Rhine river,LOC,river,29,,,False
Q1688,Elde,elde,river in northern Germany,LOC,river,29,,,False
Q2089619,Ramygala,ramygala,"city in Aukštaitija, Lithuania",GPE,city,29,,Lithuania,False
Q990828,"Byczyna [Pitschen], Opole Voivodeship",byczyna pitschen opole voivodeship,city of Poland,GPE,city,29,,Poland,False
Q153331,Singida,singida,town in Tanzania,GPE,city,29,165492.0,Tanzania,False
Q887590,Joinville Island,joinville island,island,LOC,island,29,,,False
Q15291,Rigi,rigi,mountain in Switzerland,LOC,mountain,29,,,False
Q633929,Nacaome,nacaome,city in Honduras,GPE,city,29,,Honduras,False
Q1898521,Windham,windham,"town in Connecticut, United States",GPE,city,29,,United States,False
Q945651,Zakliczyn,zakliczyn,city of Poland,GPE,city,29,,Poland,False
Q1017098,Lospalos,lospalos,city in Timor Leste,GPE,city,29,,Timor-Leste,False
Q1282738,Lake Lubāns,lake lubāns,"lake in Barkava Parish, Madona Municipality, Latvia",LOC,lake,29,,,False
Q976055,Chappal Waddi,chappal waddi,mountain,LOC,mountain,29,,,False
Q1465918,Graham Bell Island,graham bell island,island in Franz Josef archipelago,LOC,island,29,,,False
Q1467086,Protva,protva,"river in Moscow and Kaluga Oblasts, Russia",LOC,river,29,,,False
Q968640,Klamath River,klamath river,"river in northern California and Oregon, United States",LOC,river,29,,,False
Q971556,Bolshoy Lyakhovsky Island,bolshoy lyakhovsky island,"island in Lyakhovsky Islands, Russia",LOC,island,29,,,False
Q30455,Rimpfischhorn,rimpfischhorn,mountain in the Pennine Alps,LOC,mountain,29,,,False
Q30459,Dent d'Hérens,dent dhérens,mountain in the Pennine Alps,LOC,mountain,29,,,False
Q1827082,San Francisco Peninsula,san francisco peninsula,"peninsula on the San Francisco Bay and Pacific Ocean in California, United States",LOC,peninsula,29,,,False
Q577250,Mondsee,mondsee,lake in Upper Austria,LOC,lake,29,,,False
Q806916,Bannu,bannu,City in northwestern Pakistan,GPE,city,29,,Pakistan,False
Q1499639,Rurubu River,rurubu river,river in Africa,LOC,river,29,,,False
Q1506596,Vyg,vyg,"river in Karelia, Russia",LOC,river,29,,,False
Q607546,Saint John River,saint john river,"river in New Brunswick and Quebec, Canada and Maine, USA",LOC,river,29,,,False
Q1540098,Mayaguana,mayaguana,island in the Bahamas,LOC,island,29,,,False
Q500111,Arua,arua,City in North Western Uganda,GPE,city,29,384656.0,Uganda,False
Q1514184,Big Uzen,big uzen,river in Russia and Kazakhstan,LOC,river,29,,,False
Q316393,Brigach,brigach,river in Germany,LOC,river,29,,,False
Q30638,Enderbury Island,enderbury island,island in the Pacific Ocean,LOC,island,29,,,False
Q1045185,Jialing River,jialing river,"tributary of Yangtze in Sichuan, China",LOC,river,29,,,False
Q2561304,La Esperanza,la esperanza,city in Honduras,GPE,city,29,,Honduras,False
Q185222,Cape Bojador,cape bojador,cape in Western Sahara,LOC,cape,29,,,False
Q506811,Odienné,odienné,city of côte d'ivoire,GPE,city,29,,Ivory Coast,False
Q752427,Asuncion Island,asuncion island,island in the Northern Mariana Islands chain in the Pacific Ocean,LOC,island,29,,,False
Q583062,Nišava,nišava,river in Serbia,LOC,river,29,,,False
Q584201,Lake Amadeus,lake amadeus,lake in Northern Territory in Australia,LOC,lake,29,,,False
Q1780345,Dobrodzień,dobrodzień,city of Poland,GPE,city,29,,Poland,False
Q1456246,Saadjärv,saadjärv,lake in Estonia,LOC,lake,29,,,False
Q1460130,Pyana,pyana,"river in Nizhny Novgorod Oblast and Mordovia, Russia",LOC,river,29,,,False
Q1343322,yuca guasi,yuca guasi,river in Peru,LOC,river,29,,,False
Q2121478,Kaskelen,kaskelen,"town in Almaty Region, Kazakhstan",GPE,city,29,,Kazakhstan,False
Q653855,Cieszanów,cieszanów,city of Poland,GPE,city,29,,Poland,False
Q201186,Biskupiec,biskupiec,city of Poland,GPE,city,29,,Poland,False
Q920763,Mors,mors,island in the sound Limfjorden in Denmark,LOC,island,29,,,False
Q1468834,Vinschgau,vinschgau,valley in South Tyrol,LOC,valley,29,,,False
Q1788128,Owo,owo,"local government area in Ondo State, Nigeria",GPE,city,29,341400.0,Nigeria,False
Q740930,Saguia el-Hamra,saguia el-hamra,territory of Western Sahara,LOC,valley,29,,,False
Q166301,Amper,amper,river in Germany,LOC,river,29,,,False
Q1471391,Pico de São Tomé,pico de são tomé,mountain in Sao Tomé-et-Principe,LOC,mountain,29,,,False
Q1065265,Vym,vym,"river in Komi, Russia",LOC,river,29,,,False
Q217739,Milk River,milk river,"watercourse in Alberta, Canada, and Montana, USA",LOC,river,29,,,False
Q21847427,Taʻū,taʻū,island of American Samoa,LOC,island,29,,,False
Q2353077,Nankana Sahib,nankana sahib,"city in Punjab, Pakistan",GPE,city,29,,Pakistan,False
Q384811,Don Juan Pond,don juan pond,shallow salt lake in Antarctica,LOC,lake,29,,,False
Q385313,Ōkunoshima,ōkunoshima,Japanese island with a population of feral rabbits,LOC,island,29,,,False
Q1413846,Hengill,hengill,mountain,LOC,volcano,29,,,False
Q1415681,Suceava River,suceava river,river in Romania,LOC,river,29,,,False
Q324765,Jongsong Peak,jongsong peak,mountain in China/India/Nepal,LOC,mountain,29,,,False
Q773333,Mantaro River,mantaro river,left headwater of the Ene River in Peru,LOC,river,29,,,False
Q1043134,Onekotan,onekotan,"one of the Kuril Islands, Russia",LOC,island,29,,,False
Q730500,Asinara,asinara,"island in Sardinia, Italy",LOC,island,29,,,False
Q732201,River Göksu,river göksu,"river in Karaman, south-central Turkey",LOC,river,29,,,False
Q733132,Thabana Ntlenyana,thabana ntlenyana,mountain in Lesotho,LOC,mountain,29,,,False
Q172597,ʿAmrān,ʿamrān,city in Yemen,GPE,city,29,,Yemen,False
Q1729098,Yuscarán,yuscarán,city in Honduras,GPE,city,29,,Honduras,False
Q2005708,O'Higgins/San Martín Lake,ohiggins/san martín lake,lake in Argentina,LOC,lake,29,,,False
Q318115,Ap Lei Chau,ap lei chau,island in Hong Kong,LOC,island,29,,,False
Q776155,Paranaíba River,paranaíba river,river in Brazil,LOC,river,29,,,False
Q1243772,Samannud,samannud,city in Egypt,GPE,city,29,,Egypt,False
Q589546,Pico da Bandeira,pico da bandeira,"third highest mountain in Brazil, situated near the border of Espírito Santo and Minas Gerais",LOC,mountain,29,,,False
Q590742,Dallol,dallol,volcano in Ethiopia,LOC,mountain,29,,,False
Q1988320,Evinayong,evinayong,"place in Centro Sur, Equatorial Guinea",GPE,city,29,,Equatorial Guinea,False
Q943209,Solfatara,solfatara,mountain,LOC,mountain,29,,,False
Q499668,Nidelva,nidelva,"river in Trøndelag, Norway",LOC,river,29,,,False
Q1906278,Stawiski,stawiski,city of Poland,GPE,city,29,,Poland,False
Q655251,Meta River,meta river,tributary of the Orinoco in the Llanos of central Colombia,LOC,river,29,,,False
Q630567,Nara,nara,"river in Moscow and Kaluga Oblasts, Russia",LOC,river,29,,,False
Q727464,Concepción del Uruguay,concepción del uruguay,"city and head of the department Uruguay, province of Entre Ríos in Argentina",GPE,city,29,,Argentina,False
Q1004048,Pabna,pabna,human settlement,GPE,city,29,,Bangladesh,False
Q1004320,Ariogala,ariogala,city in Lithuania,GPE,city,29,,Lithuania,False
Q38771,Sázava,sázava,river in the Czech Republic,LOC,river,29,,,False
Q991924,Chęciny,chęciny,city of Poland,GPE,city,29,,Poland,False
Q1884722,Magura Cave,magura cave,cave in Bulgaria,LOC,cave,29,,,False
Q1483871,Blachownia,blachownia,city of Poland,GPE,city,29,,Poland,False
Q993200,Chililabombwe,chililabombwe,city,GPE,city,29,141899.0,Zambia,False
Q1075393,Dadu River,dadu river,"river in Sichuan province, southern China",LOC,river,29,,,False
Q403112,Rzgów,rzgów,"city in Łódź Voivodeship, Poland",GPE,city,29,,Poland,False
Q754795,Vir,vir,island of Croatia,LOC,island,29,,,False
Q370992,Small Prespa lake,small prespa lake,lake in Greece and Albania,LOC,lake,29,,,False
Q995145,Lipsk,lipsk,city of Poland,GPE,city,29,,Poland,False
Q369318,Inis Mór,inis mór,island on the west coast of Ireland,LOC,island,29,,,False
Q1984562,Niah National Park,niah national park,national park in Malaysia,LOC,cave,29,,,False
Q333819,Mare Australe,mare australe,lunar mare,LOC,lunar mare,29,,,False
Q333825,Mare Anguis,mare anguis,lunar mare,LOC,lunar mare,29,,,False
Q333835,Mare Ingenii,mare ingenii,lunar mare,LOC,lunar mare,29,,,False
Q1280603,Piwniczna-Zdrój,piwniczna-zdrój,city in Poland,GPE,city,29,,Poland,False
Q3286995,Sørøya,sørøya,"island in Finnmark, Norway",LOC,island,29,,,False
Q500641,Vabkent,vabkent,town in the Bukhara Province of Uzbekistan,GPE,city,29,,Uzbekistan,False
Q1520750,Mount Longonot,mount longonot,Volcano in Kenya,LOC,mountain,29,,,False
Q595929,Changtse,changtse,"mountain in Tibet, China",LOC,mountain,29,,,False
Q792199,Bela Palanka,bela palanka,town in the Pirot District of south-east Serbia,GPE,city,29,,Serbia,False
Q1991249,Hun,hun,"town in Fezzan, Libya",GPE,city,29,,Libya,False
Q508468,Ma River,ma river,river in Laos and Vietnam,LOC,river,29,,,False
Q888946,Charkhi Dadri,charkhi dadri,city in the Indian state of Haryana,GPE,city,29,,India,False
Q13203321,Bolshoy Yugan,bolshoy yugan,"river in Khanty-Mansi Autonomous Okrug, Russia",LOC,river,29,,,False
Q718038,Sulęcin,sulęcin,city of Poland,GPE,city,29,,Poland,False
Q639858,Ardon,ardon,"river in North Ossetia, Russia",LOC,river,29,,,False
Q949457,Manoel Island,manoel island,island in Malta,LOC,island,29,,,False
Q571215,Suakin,suakin,port in north-eastern Sudan on the west coast of the Red Sea,GPE,city,29,,Sudan,False
Q890126,Bodzentyn,bodzentyn,city of Poland,GPE,city,29,,Poland,False
Q1641276,Quilotoa,quilotoa,volcano in Ecuador,LOC,volcano,29,,,False
Q891949,Nurafshon,nurafshon,city in Uzbekistan,GPE,city,29,,Uzbekistan,False
Q927713,Hobro,hobro,town in Denmark,GPE,city,29,,Denmark,False
Q927794,Kishangarh,kishangarh,"city in Ajmer district, Ajmer division, Rajasthan, India",GPE,city,29,,India,False
Q439,Wąchock,wąchock,"town in Świętokrzyskie Voivodeship, Poland",GPE,city,29,,Poland,False
Q430470,Fatick,fatick,commune of Senegal,GPE,city,29,,Senegal,False
Q2356406,Dūkštas,dūkštas,"city in Aukštaitija, Lithuania",GPE,city,29,,Lithuania,False
Q194446,Canna,canna,"island in Inner Hebrides, Scotland, UK",LOC,island,29,,,False
Q989796,Obra,obra,river in Poland,LOC,river,29,,,False
Q704637,Ernst Thälmann Island,ernst thälmann island,island in Cuba,LOC,island,29,,,False
Q1074886,Stolbovoy Island,stolbovoy island,"island in Lyakhovsky Islands, Russia",LOC,island,29,,,False
Q1002841,Ivanjica,ivanjica,town and municipality in Serbia,GPE,city,29,,Serbia,False
Q1002533,Izbica Kujawska,izbica kujawska,town in Poland,GPE,city,29,,Poland,False
Q14512,Lake Sils,lake sils,"lake in Grisons, Switzerland",LOC,lake,29,,,False
Q1001322,Syców,syców,city of Poland,GPE,city,29,,Poland,False
Q378393,Asaka,asaka,city in Uzbekistan,GPE,city,29,,Uzbekistan,False
Q859646,Erromango,erromango,island in Vanuatu,LOC,island,29,,,False
Q263808,Urgut,urgut,"place in Samarqand Region, Uzbekistan",GPE,city,29,,Uzbekistan,False
Q671897,Bobotov Kuk,bobotov kuk,"highest mountain of Durmitor range, Dinaric Alps, Montenegro",LOC,mountain,29,,,False
Q637500,Chumphon,chumphon,"town in Chumphon province, Thailand",GPE,city,29,,Thailand,False
Q853419,Necker Island,necker island,small island in Hawaii,LOC,island,29,,,False
Q1951029,Mousa Ali,mousa ali,"stratovolcano located on the tri-point borders of Ethiopia, Eritrea and Djibouti",LOC,mountain,29,,,False
Q999644,Krośniewice,krośniewice,city of Poland,GPE,city,29,,Poland,False
Q804272,Bakassi,bakassi,peninsula in Cameroon,LOC,peninsula,29,,,False
Q1140340,Kong Karls Land,kong karls land,island group,LOC,island,29,,,False
Q1140471,Lake Te Anau,lake te anau,"lake in Southland Region, New Zealand",LOC,lake,29,,,False
Q21156,Mandø,mandø,Danish Wadden Sea island,LOC,island,29,,,False
Q1140993,Crooked Island,crooked island,"island and district, part of a group of Bahamian islands",LOC,island,29,,,False
Q1141154,Tiburón Island,tiburón island,Island in Mexico,LOC,island,29,,,False
Q1011882,Gaoua,gaoua,city in Burkina Faso,GPE,city,29,,Burkina Faso,False
Q1025468,Jalore,jalore,city in the western Indian state of Rajasthan,GPE,city,29,,India,False
Q717399,Strzelce Krajeńskie,strzelce krajeńskie,city of Poland,GPE,city,29,,Poland,False
Q610600,Queenstown,queenstown,"city in Eastern Cape Province, South Africa",GPE,city,29,,South Africa,False
Q1373738,Mount Suribachi,mount suribachi,a 169-metre (554 ft)-high mountain on the southwest end of Iwo Jima,LOC,volcano,29,,,False
Q1362186,Molat,molat,island of Croatia,LOC,island,29,,,False
Q1418816,Hoste Island,hoste island,Chilean island,LOC,island,29,,,False
Q359266,Admiralty Island,admiralty island,"island in Hoonah–Angoon Census Area, Alaska, United States",LOC,island,29,,,False
Q763064,Coromandel Peninsula,coromandel peninsula,peninsula in New Zealand,LOC,peninsula,29,,,False
Q1020297,El Tigre,el tigre,Venezuela city,GPE,city,29,213524.0,Venezuela,False
Q416835,Akbarpur,akbarpur,"city in Ambedkar Nagar, India",GPE,city,28,,India,False
Q527902,Cape Baba,cape baba,cape,LOC,cape,28,,,False
Q527799,Grande-Terre,grande-terre,"island in Guadeloupe, France",LOC,island,28,,,False
Q536311,Union Island,union island,island in the Grenadines,LOC,island,28,,,False
Q867005,Oleszyce,oleszyce,city of Poland,GPE,city,28,,Poland,False
Q1321247,Matua,matua,island in Russia,LOC,island,28,,,False
Q1070248,Lake Kaindy,lake kaindy,"lake in Almaty Region, Kazakhstan",LOC,lake,28,,,False
Q10675,River Lea,river lea,river in southern England,LOC,river,28,,,False
Q1075555,Sittaung River,sittaung river,river in Myanmar,LOC,river,28,,,False
Q1027623,Tortkul,tortkul,"town in the Republic of Karakalpakstan, Uzbekistan",GPE,city,28,,Uzbekistan,False
Q1950176,Motława,motława,river in Poland,LOC,river,28,,,False
Q366985,Lake Simcoe,lake simcoe,"lake in Central Ontario, Canada",LOC,lake,28,,,False
Q997084,Turmero,turmero,"city in Aragua, Venezuela",GPE,city,28,254880.0,Venezuela,False
Q1420953,Moskenesøya,moskenesøya,"island in Lofoten, Norway",LOC,island,28,,,False
Q1419902,Lake Orestiada,lake orestiada,"lake of Kastoria, Macedonia, Greece",LOC,lake,28,,,False
Q1419113,Kornat,kornat,island of Croatia,LOC,island,28,,,False
Q25092,Memmert,memmert,East Frisian island,LOC,island,28,,,False
Q673150,Franz Josef Glacier,franz josef glacier,glacier in New Zealand,LOC,glacier,28,,,False
Q643761,Jabłonowo Pomorskie,jabłonowo pomorskie,city of Poland,GPE,city,28,,Poland,False
Q1237414,Jannu,jannu,mountain of the Himalayas,LOC,mountain,28,,,False
Q1929197,Mount Kirkpatrick,mount kirkpatrick,"mountain in Ross Dependency, Antarctica",LOC,mountain,28,,,False
Q1232136,Jebel ech Chambi,jebel ech chambi,mountain in Tunisia,LOC,mountain,28,,,False
Q1940419,Whanganui River,whanganui river,major river in the North Island of New Zealand,LOC,river,28,,,False
Q1281557,Zator,zator,city of Poland,GPE,city,28,,Poland,False
Q1823772,Suraż,suraż,city of Poland,GPE,city,28,,Poland,False
Q34720,Laysan,laysan,atoll of Hawaii,LOC,island,28,,,False
Q511779,Mount Sabyinyo,mount sabyinyo,mountain in eastern Africa,LOC,mountain,28,,,False
Q511539,Colonsay,colonsay,"island in the Inner Hebrides of Scotland, located north of Islay and south of Mull",LOC,island,28,,,False
Q1922299,Zawichost,zawichost,city of Poland,GPE,city,28,,Poland,False
Q639374,Wupper,wupper,river in Germany,LOC,river,28,,,False
Q837201,Vakh,vakh,"river in Khanty-Mansi Autonomous Okrug, Russia",LOC,river,28,,,False
Q582880,Leme,leme,municipality in the state of São Paulo in Brazil,GPE,city,28,105273.0,Brazil,False
Q1577326,Istra,istra,"river in Moscow Oblast, Russia",LOC,river,28,,,False
Q1320260,Kamaran,kamaran,island in Yemen,LOC,island,28,,,False
Q508582,Courantyne River,courantyne river,river in South America,LOC,river,28,,,False
Q516459,Sutla,sutla,river,LOC,river,28,,,False
Q1635431,Navesti River,navesti river,river in Estonia,LOC,river,28,,,False
Q1051750,Pilzno,pilzno,city of Poland,GPE,city,28,,Poland,False
Q1075162,Ubinas,ubinas,volcano in Peru,LOC,mountain,28,,,False
Q1071180,Black Lake,black lake,"lake in Akto, Kizilsu, Xinjiang, China",LOC,lake,28,,,False
Q2356396,Šeduva,šeduva,"city in Aukštaitija, Lithuania",GPE,city,28,,Lithuania,False
Q2262,Kootenay River,kootenay river,river in North America. Tributary of the Columbia River,LOC,river,28,,,False
Q224943,Rurutu,rurutu,island in French Polynesia,LOC,island,28,,,False
Q19700,River Taff,river taff,river in Wales which flows into Cardiff Bay,LOC,river,28,,,False
Q19699,River Usk,river usk,river in southern Wales,LOC,river,28,,,False
Q196830,Zeta,zeta,river in Montenegro,LOC,river,28,,,False
Q338192,Acatenango,acatenango,mountain,LOC,volcano,28,,,False
Q999598,Szubin,szubin,city of Poland,GPE,city,28,,Poland,False
Q998813,Narok,narok,city in Kenya,GPE,city,28,,Kenya,False
Q855193,Gave de Pau,gave de pau,river of South-Western France,LOC,river,28,,,False
Q8534,Wakhan River,wakhan river,Sarhad branch of the Panj River,LOC,river,28,,,False
Q1330151,Jost Van Dyke,jost van dyke,island in British Virgin Islands,LOC,island,28,,,False
Q1329599,Kokemäenjoki,kokemäenjoki,river of Finland,LOC,river,28,,,False
Q1343941,Sestrunj,sestrunj,island of Croatia,LOC,island,28,,,False
Q14515,Lake Silvaplana,lake silvaplana,lake in Switzerland,LOC,lake,28,,,False
Q1204978,Luo River,luo river,river in People's Republic of China,LOC,river,28,,,False
Q1355984,Iłża,iłża,city of Poland,GPE,city,28,,Poland,False
Q2250055,Cantemir,cantemir,town in Moldova,GPE,city,28,,Moldova,False
Q2249997,Sîngerei,sîngerei,city in Moldova,GPE,city,28,,Moldova,False
Q769901,Prvić,prvić,island of Croatia,LOC,island,28,,,False
Q933255,Smalininkai,smalininkai,human settlement in Lithuania,GPE,city,28,,Lithuania,False
Q505650,Lauwers,lauwers,river in the Netherlands,LOC,river,28,,,False
Q1641035,Optymistychna Cave,optymistychna cave,gypsum cave in Ukraine,LOC,cave,28,,,False
Q16588,Piz Buin,piz buin,"mountain of the Silvretta Alps at the border of Vorarlberg, Austria, and Grisons, Switzerland",LOC,mountain,28,,,False
Q858130,Bierutów,bierutów,town in Poland,GPE,city,28,,Poland,False
Q73584,Acre River,acre river,river in South America,LOC,river,28,,,False
Q224686,Bolshoy Cheremshan,bolshoy cheremshan,"river in Samara Oblast, Russia",LOC,river,28,,,False
Q632942,Cornwall Island,cornwall island,"island in Nunavut, Canada",LOC,island,28,,,False
Q380249,Adycha River,adycha river,river in Russia,LOC,river,28,,,False
Q2231416,Zharkent,zharkent,"town in Almaty Region, Kazakhstan",GPE,city,28,,Kazakhstan,False
Q602426,Ouazzane,ouazzane,city in Morocco,GPE,city,28,,Morocco,False
Q1329355,St Mary's,st marys,UK island of the Isles of Scilly,LOC,island,28,,,False
Q1327873,Laguna Colorada,laguna colorada,shallow salt lake in the southwest of the altiplano of Bolivia,LOC,lake,28,,,False
Q1519602,Grande River,grande river,right tributary of the Marmoré River in Bolivia,LOC,river,28,,,False
Q152294,Mount Nyangani,mount nyangani,highest mountain in Zimbabwe,LOC,mountain,28,,,False
Q774405,La Chorrera,la chorrera,"city of Panamá Oeste Province, Panama",GPE,city,28,,Panama,False
Q646809,Ujar,ujar,city in Azerbaijan,GPE,city,28,,Azerbaijan,False
Q936101,"Oborniki Śląskie [Obernigk], Lower Silesian Voivodeship",oborniki śląskie obernigk lower silesian voivodeship,city of Poland,GPE,city,28,,Poland,False
Q924312,Mount Sidley,mount sidley,highest dormant volcano in Antarctica,LOC,mountain,28,,,False
Q923693,Yellowstone Lake,yellowstone lake,"lake in Teton County, Wyoming, United States",LOC,lake,28,,,False
Q961546,Herðubreið,herðubreið,volcano in Iceland,LOC,mountain,28,,,False
Q678980,Dimbokro,dimbokro,city of côte d'ivoire,GPE,city,28,,Ivory Coast,False
Q1906323,Wolbrom,wolbrom,"city, gmina Wolbrom, Poland",GPE,city,28,,Poland,False
Q1458409,Pyaozero,pyaozero,"lake of Loukhsky District, Republic of Karelia, Russia",LOC,lake,28,,,False
Q1085906,Ventotene,ventotene,island,LOC,island,28,,,False
Q2581527,Kalat,kalat,"city in Balochistan, Pakistan",GPE,city,28,,Pakistan,False
Q18777,Gramsh,gramsh,town in Albania,GPE,city,28,,Albania,False
Q862760,Kronotsky,kronotsky,Active volcano located on the peninsula of Kamchatka in Russia,LOC,volcano,28,,,False
Q326736,Mare Spumans,mare spumans,lunar mare,LOC,lunar mare,28,,,False
Q1014806,Burgaz Adası,burgaz adası,"island in Istanbul, Turkey",LOC,island,28,,,False
Q333864,Mare Insularum,mare insularum,lunar mare,LOC,lunar mare,28,,,False
Q3736634,Lake Vagula,lake vagula,lake in Estonia,LOC,lake,28,,,False
Q497339,Marettimo,marettimo,island in Italia,LOC,island,28,,,False
Q1305720,Lake Yojoa,lake yojoa,lake in Honduras,LOC,mountain,28,,,False
Q539772,Phnom Aural,phnom aural,Tallest peak in Cambodia,LOC,mountain,28,,,False
Q539628,Meganisi,meganisi,"island of Ionian Sea, Greece",LOC,island,28,,,False
Q537695,Taal Lake,taal lake,"freshwater lake in the province of Batangas, Philippines",LOC,lake,28,,,False
Q1464330,Trebišnjica,trebišnjica,river in Bosnia and Herzegovina,LOC,river,28,,,False
Q2631365,G‘uzor,g‘uzor,"town in Qashqadaryo Region, Uzbekistan",GPE,city,28,,Uzbekistan,False
Q991887,Kamieńsk,kamieńsk,city of Poland,GPE,city,28,,Poland,False
Q387736,River Don,river don,"river in north-east Scotland, flows into the North Sea",LOC,river,28,,,False
Q942466,Ist,ist,island of Croatia,LOC,island,28,,,False
Q15135,Rheinwaldhorn,rheinwaldhorn,"mountain in Swiss Alps, part of Adula massif",LOC,mountain,28,,,False
Q1513192,Pará River,pará river,river in the mouth of the Amazon and Tocantins River Basins in Brazil,LOC,river,28,,,False
Q15130,Alphubel,alphubel,mountain in the Pennine Alps,LOC,mountain,28,,,False
Q1890257,Mangochi,mangochi,"city in Mangochi District, Malawi",GPE,city,28,,Malawi,False
Q978496,Wisconsin River,wisconsin river,"river in Wisconsin, United States",LOC,river,28,,,False
Q336448,Ćmielów,ćmielów,city of Poland,GPE,city,28,,Poland,False
Q1293972,Luza,luza,"river in Kirov and Vologda Oblasts and Komi, Russia",LOC,river,28,,,False
Q1285400,Gramos,gramos,mountain in northwest Greece,LOC,mountain,28,,,False
Q1017160,Hudur,hudur,city in Somalia,GPE,city,28,,Somalia,False
Q1906245,Mordy,mordy,city of Poland,GPE,city,28,,Poland,False
Q1897640,Zwoleń,zwoleń,city of Poland,GPE,city,28,,Poland,False
Q16663,Alagón River,alagón river,river in Spain,LOC,river,28,,,False
Q613441,Middelfart,middelfart,"town on the eastern side of Little Belt, Denmark",GPE,city,28,,Denmark,False
Q1096928,Maly Taymyr Island,maly taymyr island,Russian island in the Arctic Ocean,LOC,island,28,,,False
Q1095661,Czarna Hańcza,czarna hańcza,river,LOC,river,28,,,False
Q1024089,Opuwo,opuwo,city in Namibia,GPE,city,28,,Namibia,False
Q774941,Chacaltaya,chacaltaya,mountain in Bolivia,LOC,mountain,28,,,False
Q200772,Baltra Island,baltra island,island in the Galápagos Archipelago in Ecuador,LOC,island,28,,,False
Q1026739,Jebel Moussa,jebel moussa,mountain,LOC,mountain,28,,,False
Q713619,Mount Yōtei,mount yōtei,"mountain in Hokkaido, Japan",LOC,volcano,28,,,False
Q607196,Volcán San Cristóbal,volcán san cristóbal,"Highest volcano in Nicaragua at 1,745 m (5,725 ft).",LOC,volcano,28,,,False
Q2623430,Chebarkul Lake,chebarkul lake,lake in Russia,LOC,lake,28,,,False
Q1111197,Arun River,arun river,watercourse in Nepal and Tibet,LOC,river,28,,,False
Q1014554,Macas,macas,"city in Ecuador, capital of the Morona-Santiago Province",GPE,city,28,,Ecuador,False
Q541641,Chomo Lonzo,chomo lonzo,"mountain in Tibet, China",LOC,mountain,28,,,False
Q1107685,Colca  Canyon,colca canyon,valley,LOC,valley,28,,,False
Q2662500,Dzharylhach,dzharylhach,island in Ukraine,LOC,island,28,,,False
Q2641234,Shagan,shagan,lake in Kazakhstan,LOC,lake,28,,,False
Q1471979,Alejandro Selkirk Island,alejandro selkirk island,island of Chile,LOC,island,28,,,False
Q1476862,Sterkfontein,sterkfontein,archaeological site in South Africa,LOC,cave,28,,,False
Q730295,Minusinsk Hollow,minusinsk hollow,geographic region of Siberia,LOC,valley,28,,,False
Q1126328,Mulyanka,mulyanka,"river in Perm Krai, Russia",LOC,river,28,,,False
Q187315,Mount Tahan,mount tahan,mountain in Malaysia,LOC,mountain,28,,,False
Q1858056,Katahdin,katahdin,highest mountain in the US state of Maine,LOC,mountain,28,,,False
Q876978,Gail,gail,river in Austria,LOC,river,28,,,False
Q1421605,Seret,seret,river in Ukraine,LOC,river,28,,,False
Q1518286,Pico Basilé,pico basilé,mountain,LOC,mountain,28,,,False
Q1517833,Ai-Petri,ai-petri,peak in the Crimean Mountains,LOC,mountain,28,,,False
Q597086,Ialoveni,ialoveni,city in Moldova,GPE,city,28,,Moldova,False
Q168904,Vechte,vechte,river in Germany and the Netherlands,LOC,river,28,,,False
Q168390,Unstrut,unstrut,river in Germany,LOC,river,28,,,False
Q168032,Mare Smythii,mare smythii,lunar mare,LOC,lunar mare,28,,,False
Q280243,Nguer Malal,nguer malal,city,GPE,city,28,,Senegal,False
Q2498357,Massakory,massakory,"city in Hadjer-Lamis, Chad",GPE,city,28,,Chad,False
Q2484025,Shahdol,shahdol,"city in Madhya Pradesh, India",GPE,city,28,,India,False
Q84127,Ungava Peninsula,ungava peninsula,"peninsula in Quebec, Canada",LOC,peninsula,28,,,False
Q1130287,Monte Hacho,monte hacho,mountain in Ceuta,LOC,mountain,28,,,False
Q657637,Progreso,progreso,"City in Yucatan, Mexico.",GPE,city,28,,Mexico,False
Q665174,Henrietta Island,henrietta island,"island in De Long Islands, Russia",LOC,island,28,,,False
Q744741,Wular Lake,wular lake,"lake in Jammu and Kashmir, India",LOC,lake,28,,,False
Q1048376,Vodno,vodno,mountain,LOC,mountain,28,,,False
Q776961,Kalchyk,kalchyk,river in Ukraine,LOC,river,28,,,False
Q203139,Zillertal,zillertal,"valley in Tyrol, Austria",LOC,valley,28,,,False
Q1034193,Cape of Creus,cape of creus,cape in Costa Brava,LOC,cape,28,,,False
Q3244259,Yarlung Tsangpo River,yarlung tsangpo river,longest river in Tibet,LOC,river,28,,,False
Q318762,Our,our,"river in Belgium, Germany and Luxembourg",LOC,river,28,,,False
Q388024,Žirje,žirje,island of Croatia,LOC,island,28,,,False
Q1951490,Mrauk U,mrauk u,"archaeologically and culturally important town in Rakhine State, Myanmar",GPE,city,28,,Myanmar,False
Q48784,Tolbachik,tolbachik,volcano,LOC,volcano,28,,,False
Q1428816,Flinders River,flinders river,"river in Queensland, Australia",LOC,river,28,,,False
Q1348903,Vignemale,vignemale,"summit of Vignemale massif, Pyrenees",LOC,mountain,28,,,False
Q1434473,Rupel,rupel,small river in Belgium,LOC,river,28,,,False
Q1011553,Nowy Wiśnicz,nowy wiśnicz,city of Poland,GPE,city,28,,Poland,False
Q737375,Kemin,kemin,city in Kyrgyzstan,GPE,city,28,,Kyrgyzstan,False
Q629238,Shiretoko Peninsula,shiretoko peninsula,"peninsula in Hokkaido, Japan",LOC,peninsula,28,,,False
Q2038835,Trinity Peninsula,trinity peninsula,northernmost tip of the Antarctic Peninsula,LOC,peninsula,28,,,False
Q764968,Massenya,massenya,city and sub-prefecture in Chad,GPE,city,28,,Chad,False
Q668012,Kitzsteinhorn,kitzsteinhorn,mountain in Austria,LOC,mountain,28,,,False
Q2084446,Arzew,arzew,"municipality in Oran, Algeria",GPE,city,28,,Algeria,False
Q873613,Faddeyevsky Peninsula,faddeyevsky peninsula,peninsula,LOC,island,28,,,False
Q269222,Buchanan,buchanan,"human settlement in Grand Bassa County, Liberia",GPE,city,28,,Liberia,False
Q993721,Germiston,germiston,"city in Gauteng, South Africa",GPE,city,28,,South Africa,False
Q500560,Aflou,aflou,"town and commune in Laghouat Province, Algeria",GPE,city,28,,Algeria,False
Q764030,Gobustan,gobustan,city in Azerbaijan,GPE,city,28,,Azerbaijan,False
Q628687,Croagh Patrick,croagh patrick,"mountain in County Mayo, Ireland",LOC,mountain,28,,,False
Q973752,Rybachy Peninsula,rybachy peninsula,peninsula in Russia,LOC,peninsula,28,,,False
Q911037,Teraina,teraina,coral atoll in the central Pacific Ocean,LOC,island,28,,,False
Q1323805,Koločep,koločep,island in Croatia,LOC,island,28,,,False
Q1323267,Khar-Us Lake,khar-us lake,lake,LOC,lake,28,,,False
Q1352569,Nemunėlis,nemunėlis,river in Lithuania and Latvia,LOC,river,28,,,False
Q1352266,Melville Peninsula,melville peninsula,"peninsula in Nunavut, Canada",LOC,peninsula,28,,,False
Q612160,Kangaatsiaq,kangaatsiaq,town in Greenland,GPE,city,28,,Greenland,False
Q684169,Pasterze Glacier,pasterze glacier,glacier in Austria,LOC,glacier,28,,,False
Q680412,Coronation Island,coronation island,island in South Orkney Islands,LOC,island,28,,,False
Q583383,Gaua,gaua,island,LOC,island,28,,,False
Q1195207,Takéo,takéo,Capital of the same named Cambodian province,GPE,city,28,,Cambodia,False
Q1044030,Carney Island,carney island,"island in Marie Byrd Land, Antarctica",LOC,island,28,,,False
Q307268,Abd al Kuri,abd al kuri,island in the Guardafui Channel,LOC,island,28,,,False
Q30525,Allalinhorn,allalinhorn,mountain in the Pennine Alps,LOC,mountain,28,,,False
Q1132307,Iž,iž,island of Croatia,LOC,island,28,,,False
Q1063190,Yuan River,yuan river,"river in Hunan, China",LOC,river,28,,,False
Q174645,Walchensee,walchensee,"lake in Kochel, Bavaria, Germany",LOC,lake,28,,,False
Q15885,Kostanjevica na Krki,kostanjevica na krki,city in Slovenia,GPE,city,28,,Slovenia,False
Q908739,Graham Island,graham island,"island in British Columbia, Canada",LOC,island,28,,,False
Q1273310,Muckle Roe,muckle roe,"island in Shetland Islands, Scotland, UK",LOC,island,28,,,False
Q1444264,Loch Morar,loch morar,"freshwater loch in Lochaber, Highland, Scotland, UK, outflows at its west to the River Morar",LOC,lake,28,,,False
Q991291,Skenderaj,skenderaj,town in Kosovo,GPE,city,28,,Serbia,False
Q392766,Mount Yasur,mount yasur,mountain (volcano) in Vanuatu,LOC,volcano,28,,,False
Q1809024,Biltine,biltine,"place in Wadi Fira Region, Chad",GPE,city,28,,Chad,False
Q1019424,Rufisque,rufisque,city in Senegal,GPE,city,28,295459.0,Senegal,False
Q39247,Musi River,musi river,"river in Bengkulu and South Sumatra, Indonesia",LOC,river,28,,,False
Q392161,Saguenay River,saguenay river,"river in Quebec, Canada",LOC,river,28,,,False
Q1530936,Siddharthanagar,siddharthanagar,city in western Nepal,GPE,city,28,,Nepal,False
Q1817051,Nura,nura,river in Kazakhstan,LOC,river,28,,,False
Q1261492,Drut River,drut river,river in Belarus,LOC,river,28,,,False
Q304527,Prosna,prosna,river in Poland,LOC,river,28,,,False
Q1137207,Zhenbao Island,zhenbao island,island in China,LOC,island,28,,,False
Q1129218,Balsas River,balsas river,river in Mexico,LOC,river,28,,,False
Q1120810,Durán,durán,"city of Guayas Province, Ecuador",GPE,city,28,295211.0,Ecuador,False
Q1059040,Savo Island,savo island,island and mountain in Solomon Islands,LOC,mountain,28,,,False
Q1346148,Motagua River,motagua river,river in Guatemala,LOC,river,28,,,False
Q142668,Shenandoah Valley,shenandoah valley,valley and cultural region of western Virginia and the Eastern Panhandle of West Virginia in the United States,LOC,valley,28,,,False
Q143008,Tavan Bogd,tavan bogd,mountain,LOC,mountain,28,,,False
Q6650,Canigó,canigó,mountain in the Pyrenees of southern France,LOC,mountain,28,,,False
Q651744,Sandvika,sandvika,"urban area in Bærum, Akershus",GPE,city,28,115543.0,Norway,False
Q1754634,Ngadi Chuli,ngadi chuli,Ngadi Chuli is a high peak in the Mansiri Himal,LOC,mountain,28,,,False
Q1025396,Sivaganga,sivaganga,"city in Tamil Nadu, India",GPE,city,28,,India,False
Q1049592,Jeannette Island,jeannette island,"island in De Long Islands, Russia",LOC,island,28,,,False
Q579643,Hornos Island,hornos island,island of Chile,LOC,island,28,,,False
Q300661,Aa River,aa river,river in France,LOC,river,28,,,False
Q2997388,Põltsamaa River,põltsamaa river,river in Estonia,LOC,river,28,,,False
Q1189982,Godoy Cruz,godoy cruz,"city in Mendoza Province, Argentina",GPE,city,28,191299.0,Argentina,False
Q790669,Isla Aves,isla aves,federal dependency of Venezuela,LOC,island,28,,,False
Q1185746,Demyanka,demyanka,"river in Russia, tributary of the Irtysh",LOC,river,28,,,False
Q1807293,Paraíba do Sul River,paraíba do sul river,"river in São Paulo, Rio de Janeiro e Minas Gerais, Brazil",LOC,river,28,,,False
Q1254708,Drawa,drawa,river in Poland,LOC,river,28,,,False
Q990779,Pyzdry,pyzdry,city of Poland,GPE,city,28,,Poland,False
Q898856,Jethou,jethou,island in Guernsey,LOC,island,28,,,False
Q897834,Brandberg,brandberg,Namibian mountain,LOC,mountain,28,,,False
Q612209,Drvenik Mali,drvenik mali,island of Croatia,LOC,island,28,,,False
Q757855,Beawar,beawar,city,GPE,city,28,151472.0,India,False
Q149214,Strumica,strumica,river in North Macedonia and Bulgaria,LOC,river,28,,,False
Q386659,Wolbórz,wolbórz,city of Poland,GPE,city,28,,Poland,False
Q1005409,Q1005409,q1005409,city of Poland,GPE,city,28,,Poland,False
Q1060418,Zhokhov Island,zhokhov island,"island in De Long Islands, Russia",LOC,island,28,,,False
Q1014010,Tarim,tarim,city in Yemen,GPE,city,28,105552.0,Yemen,False
Q1656534,Užventis,užventis,"city in Samogitia, Lithuania",GPE,city,28,,Lithuania,False
Q1011890,Kolda,kolda,city and regional capital in Senegal,GPE,city,28,,Senegal,False
Q1946017,Ostrów Lubelski,ostrów lubelski,city of Poland,GPE,city,28,,Poland,False
Q195531,Jaramana,jaramana,"city in Rif Dimashq, Syria",GPE,city,28,114363.0,Syria,False
Q5613,Angrapa,angrapa,river in Poland and Russia,LOC,river,28,,,False
Q552027,Whalsay,whalsay,"island, one of the Shetland Islands, Scotland, UK",LOC,island,28,,,False
Q521702,Carnot,carnot,city,GPE,city,28,,Central African Republic,False
Q1059928,Arauca River,arauca river,river between Colombia and Venezuela,LOC,river,28,,,False
Q292500,Isle of Pines,isle of pines,"island in Nouvelle-Calédonie, France",LOC,island,28,,,False
Q1160441,Meurthe,meurthe,river in France,LOC,river,28,,,False
Q116693,Esja,esja,icelandic mountain,LOC,mountain,28,,,False
Q2299018,Washim,washim,"city in Maharashtra, India; capital of Washim district",GPE,city,28,,India,False
Q2292609,Glodeni,glodeni,city in Moldova,GPE,city,28,,Moldova,False
Q2283725,La Paz,la paz,city in Honduras,GPE,city,28,,Honduras,False
Q847517,Malaya Kokshaga,malaya kokshaga,"river in Mari El, Russia",LOC,river,28,,,False
Q847072,Lake Velence,lake velence,lake in Hungary,LOC,lake,28,,,False
Q408211,Santa Fe Island,santa fe island,island of the Galápagos archipelago,LOC,island,28,,,False
Q2740693,Bahrain Island,bahrain island,largest island within the archipelago of Bahrain,LOC,island,28,,,False
Q1141148,Gower Peninsula,gower peninsula,peninsula in Wales,LOC,peninsula,28,,,False
Q279794,Afognak,afognak,island in the United States of America,LOC,island,28,,,False
Q210964,Mare Nectaris,mare nectaris,lunar mare,LOC,lunar mare,28,,,False
Q1147050,Tory Island,tory island,island near the north coast of Ireland,LOC,island,28,,,False
Q277416,Bolshoy Kinel,bolshoy kinel,"river in Orenburg and Samara Oblasts, Russia",LOC,river,28,,,False
Q277389,Lokrum,lokrum,islet in Croatia,LOC,island,28,,,False
Q1351120,Lugu Lake,lugu lake,"lake in Sichuan and Yunnan, People's Republic of China",LOC,lake,28,,,False
Q1350107,Chirinkotan,chirinkotan,"island in Kuril Islands, Russia",LOC,island,28,,,False
Q1410160,Skellefte River,skellefte river,river in Sweden,LOC,river,28,,,False
Q618668,Mudan River,mudan river,"river in Heilongjiang, China",LOC,river,28,,,False
Q284603,Porcupine River,porcupine river,river in Canada and in Alaska,LOC,river,28,,,False
Q1007719,Kisii,kisii,city in Kenya,GPE,city,28,112417.0,Kenya,False
Q1327760,Sestra,sestra,"river in Leningrad Oblast, Russia",LOC,river,28,,,False
Q891593,Bigger Begichev Island,bigger begichev island,"island in Laptev Sea, Russia",LOC,island,28,,,False
Q891521,Bolmen,bolmen,"lake in Gislaved Municipality, Kronoberg County, Sweden",LOC,lake,28,,,False
Q1779748,Pitcairn Island,pitcairn island,only inhabited island in the Pitcairn Islands,LOC,island,28,,,False
Q116492,Viðey,viðey,island in Iceland,LOC,island,28,,,False
Q1791020,San Lazzaro degli Armeni,san lazzaro degli armeni,island in Italy with an Armenian Monastery (Venice),LOC,island,28,,,False
Q986435,Nykøbing Falster,nykøbing falster,Danish city,GPE,city,28,,Denmark,False
Q1010278,Torit,torit,city in South Sudan,GPE,city,28,,South Sudan,False
Q1010137,Sélibaby,sélibaby,commune of Mauritania,GPE,city,28,,Mauritania,False
Q1334373,Macau Peninsula,macau peninsula,"the most populous and historic part of Macau, with an area of 8.5 km²; geographically connected to Guangdong province at the northeast through an isthmus 200 m wide",LOC,peninsula,28,,,False
Q426915,Makanrushi,makanrushi,island in Russia,LOC,island,28,,,False
Q45254,Svratka,svratka,river in Czechia,LOC,river,28,,,False
Q906336,Mercedario,mercedario,andean mountain in Argentina,LOC,mountain,28,,,False
Q905376,Pedieos,pedieos,river in Cyprus,LOC,river,28,,,False
Q904765,Sana,sana,river in Bosnia and Herzegovina,LOC,river,28,,,False
Q177480,Tauber,tauber,river in Germany,LOC,river,28,,,False
Q619805,Stryi River,stryi river,river in Ukraine,LOC,river,28,,,False
Q1481864,Tai Mo Shan,tai mo shan,highest mountain of Hong Kong,LOC,mountain,28,,,False
Q1479360,Maule River,maule river,river in Chile,LOC,river,28,,,False
Q1548748,Bolshoy Yenisei,bolshoy yenisei,"river in Tuva, Russia",LOC,river,28,,,False
Q940104,Bolshaya Kokshaga,bolshaya kokshaga,river in Russia,LOC,river,28,,,False
Q280696,Finlay River,finlay river,"watercourse in British Columbia, Canada",LOC,river,28,,,False
Q1006137,Lodja,lodja,"city in Sankuru, Democratic Republic of the Congo",GPE,city,28,,Democratic Republic of the Congo,False
Q2084723,Ci Tarum,ci tarum,"river in West Java, Indonesia",LOC,river,28,,,False
Q1157066,Wolf Island,wolf island,"island in the Galapagos Archipelago, Ecuador",LOC,island,28,,,False
Q1334522,Betwa River,betwa river,river in India,LOC,river,28,,,False
Q613666,Bolshoy Irgiz,bolshoy irgiz,"river in Samara and Saratov Oblasts, Russia",LOC,river,28,,,False
Q1001941,San José de las Lajas,san josé de las lajas,municipality and the capital city of the newly formed Mayabeque Province of Cuba,GPE,city,28,,Cuba,False
Q1001440,Pétion-Ville,pétion-ville,"commune and suburb of Port-au-Prince, Haiti",GPE,city,28,376834.0,Haiti,False
Q997345,Buada Lagoon,buada lagoon,"lake in Buada District, Nauru",LOC,lake,28,,,False
Q995061,Ilovik,ilovik,island of Croatia,LOC,island,28,,,False
Q1072105,Lomnický štít,lomnický štít,mountain in Slovakia,LOC,mountain,28,,,False
Q2427450,Hashtpar,hashtpar,"city in Gilan Province, Iran",GPE,city,28,,Iran,False
Q707598,Vesdre,vesdre,river in Belgium and Germany,LOC,river,28,,,False
Q2352098,Aghstev,aghstev,river in Azerbaijan and Armenia,LOC,river,28,,,False
Q1030194,Campana,campana,city in the province of Buenos Aires in Argentina,GPE,city,28,,Argentina,False
Q2372276,Swat River,swat river,"river in Khyber Pakhtunkhwa, Pakistan",LOC,river,28,,,False
Q2075665,Puerto Lempira,puerto lempira,city in Honduras,GPE,city,28,,Honduras,False
Q1448901,Pangaion Hills,pangaion hills,"mountain range between Kavala and Serres Regional Units, Greece",LOC,mountain,28,,,False
Q1635008,Mocha Island,mocha island,island in Chile,LOC,island,28,,,False
Q2410894,Sayram Lake,sayram lake,lake in China,LOC,lake,28,,,False
Q2386185,Krasheninnikov,krasheninnikov,volcano in Russia,LOC,volcano,28,,,False
Q1074063,Lake Mackay,lake mackay,"ephemeral salt lake in Western Australia and Northern Territory, Australia",LOC,lake,28,,,False
Q701689,Green Island,green island,volcanic island in the Pacific Ocean part of the Republic of China,LOC,island,28,,,False
Q1616654,Providenciales,providenciales,island in the Turks and Caicos Islands,LOC,island,27,,,False
Q701695,Donaukanal,donaukanal,arm of the river Danube in Vienna,LOC,river,27,,,False
Q830236,Taseyeva River,taseyeva river,river in Russia,LOC,river,27,,,False
Q2360985,Porak,porak,volcano in Armenia and Azerbaijan,LOC,mountain,27,,,False
Q236910,Eg River,eg river,river in Mongolia,LOC,river,27,,,False
Q2469194,Aidar,aidar,river that crosses the border between Luhansk Oblast of Ukraine and Belgorod Oblast of Russia,LOC,river,27,,,False
Q2452912,Maputo River,maputo river,river in Mozambique,LOC,river,27,,,False
Q609892,Kosonsoy,kosonsoy,town in Uzbekistan,GPE,city,27,,Uzbekistan,False
Q367273,Nova Varoš,nova varoš,town and municipality in Serbia,GPE,city,27,,Serbia,False
Q375507,Gouyave,gouyave,city in Grenada,GPE,city,27,,Grenada,False
Q194451,Coll,coll,"island and parish in the Inner Hebrides, Scotland",LOC,island,27,,,False
Q1827367,Lipcani,lipcani,town in Moldova,GPE,city,27,,Moldova,False
Q120119,Rikers Island,rikers island,"island in the Bronx, New York, United States",LOC,island,27,,,False
Q345872,Ada Bojana,ada bojana,island,LOC,island,27,,,False
Q1638549,Morne Diablotins,morne diablotins,mountain,LOC,mountain,27,,,False
Q511978,Mauke,mauke,island of the Cook Islands,LOC,island,27,,,False
Q896185,Bozoum,bozoum,city,GPE,city,27,,Central African Republic,False
Q927499,Gudbrandsdalslågen,gudbrandsdalslågen,river in Norway,LOC,river,27,,,False
Q737814,Sebatik Island,sebatik island,"island in Nunukan Regency, North Kalimantan Province, Indonesia",LOC,island,27,,,False
Q1631727,Ofu-Olosega,ofu-olosega,"volcanic doublet in Samoan Islands, American Samoa",LOC,volcano,27,,,False
Q1455877,Swakop River,swakop river,river in Namibia,LOC,river,27,,,False
Q6373614,Karujärv,karujärv,"lake in Saaremaa Rural Municipality, Estonia",LOC,lake,27,,,False
Q397990,Aguas Calientes,aguas calientes,"town in Cusco, Peru",GPE,city,27,,Peru,False
Q83640,Dian Lake,dian lake,"lake in Yunnan, China",LOC,lake,27,,,False
Q1788735,Muzdalifah Valley,muzdalifah valley,holy place in Saudi Arabia,LOC,valley,27,,,False
Q1786498,Lake Vivi,lake vivi,lake in Russia,LOC,lake,27,,,False
Q987986,Chodecz,chodecz,city of Poland,GPE,city,27,,Poland,False
Q986841,Reszel,reszel,city of Poland,GPE,city,27,,Poland,False
Q432399,Dzisna,dzisna,river in Belarus and Lithuania,LOC,river,27,,,False
Q431318,Yamdena Island,yamdena island,"island in Tanimbar Islands Regency, Maluku Province, Indonesia",LOC,island,27,,,False
Q1147814,Silisili,silisili,mountain and highest point of Samoa,LOC,mountain,27,,,False
Q1147663,Gyaros,gyaros,"unpopulated island in Aegean Sea, Greece",LOC,island,27,,,False
Q287568,Garigliano,garigliano,river in Italy,LOC,river,27,,,False
Q287248,Epi,epi,island,LOC,island,27,,,False
Q759348,Bhawanipatna,bhawanipatna,"city in Odisha, India",GPE,city,27,,India,False
Q4515971,Chilov,chilov,island in Azerbaijan,LOC,island,27,,,False
Q907674,Suzhou Creek,suzhou creek,"creek in Jiangsu and Shanghai, China",LOC,river,27,,,False
Q175612,Shosha,shosha,"river in Tver and Moscow Oblasts, Russia",LOC,river,27,,,False
Q1011669,Kélo,kélo,city in Chad,GPE,city,27,,Chad,False
Q39383,Bodø,bodø,"settlement in Bodø Municipality, Norway",GPE,city,27,,Norway,False
Q387194,Śmigiel,śmigiel,city of Poland,GPE,city,27,,Poland,False
Q1141722,Little Cayman,little cayman,island,LOC,island,27,,,False
Q804509,Baksan,baksan,"river in Kabardino-Balkaria, Russia",LOC,river,27,,,False
Q685585,Eder,eder,tributary river of the Fulda in Germany,LOC,river,27,,,False
Q685475,Pastaza River,pastaza river,tributary of the Marañón River in Ecuador and Peru,LOC,river,27,,,False
Q1496690,Gaztelugatxe,gaztelugatxe,island and hermitage in Bakio,LOC,mountain,27,,,False
Q283969,Lambro,lambro,river in Italy,LOC,river,27,,,False
Q1535828,Sassandra River,sassandra river,river in Ivory Coast,LOC,river,27,,,False
Q1543131,Świna,świna,river in Poland,LOC,river,27,,,False
Q27222,Ras Tanura,ras tanura,governorate in Saudi Arabia,GPE,city,27,,Saudi Arabia,False
Q1798377,Kasplya,kasplya,river in Russia and Belarus,LOC,river,27,,,False
Q2911647,Bosut,bosut,river in Croatia,LOC,river,27,,,False
Q1152951,Nederrijn,nederrijn,Dutch part of the river Rhine,LOC,river,27,,,False
Q2083328,Red Volta,red volta,river in Burkina Faso and Ghana,LOC,river,27,,,False
Q2091566,Farah River,farah river,river in Afghanistan,LOC,river,27,,,False
Q747796,Zardab,zardab,city in Azerbaijan,GPE,city,27,,Azerbaijan,False
Q612240,Trebević,trebević,mountain in Bosnia and Herzegovina,LOC,mountain,27,,,False
Q167731,Zawadzkie,zawadzkie,city of Poland,GPE,city,27,,Poland,False
Q384774,Yangiyo‘l,yangiyo‘l,city in Uzbekistan's Toshkent Province,GPE,city,27,,Uzbekistan,False
Q1050883,Orona,orona,island in Kiribati,LOC,island,27,,,False
Q1025302,Jelcz-Laskowice,jelcz-laskowice,city of Poland,GPE,city,27,,Poland,False
Q1142038,Mūša,mūša,river in Lithuania and Latvia,LOC,river,27,,,False
Q1025830,Ocotal,ocotal,"municipality in Nueva Segovia Department, Nicaragua",GPE,city,27,,Nicaragua,False
Q1025805,Grigoriopol,grigoriopol,"city in Transnistria, Moldova",GPE,city,27,,Moldova,False
Q1658752,Kagan,kagan,city in Uzbekistan,GPE,city,27,,Uzbekistan,False
Q1982983,Ștefan Vodă,ștefan vodă,city in Moldova,GPE,city,27,,Moldova,False
Q2890912,Rezovska,rezovska,river in Bulgaria,LOC,river,27,,,False
Q288403,Sarychev Peak,sarychev peak,volcano,LOC,volcano,27,,,False
Q297018,Ölfusá,ölfusá,river in Iceland,LOC,river,27,,,False
Q1151582,Matam,matam,city and regional capital in Senegal,GPE,city,27,,Senegal,False
Q2283736,Zamora,zamora,"city in Ecuador, capital of the Zamora Chinchipe Province",GPE,city,27,,Ecuador,False
Q477580,Jinotepe,jinotepe,"municipality in northeastern Carazo Department, Nicaragua",GPE,city,27,,Nicaragua,False
Q9454297,Berezan Island,berezan island,"island in Ochakiv Raion, Ukraine",LOC,island,27,,,False
Q1345549,Greenwich Island,greenwich island,island on South Shetland Islands,LOC,island,27,,,False
Q665042,Piz Palü,piz palü,mountain shared by Switzerland and Italy,LOC,mountain,27,,,False
Q985661,Brwinów,brwinów,city of Poland,GPE,city,27,,Poland,False
Q1017362,Mount Hagen,mount hagen,"capital town of Western Highlands, Papua New Guinea",GPE,city,27,,Papua New Guinea,False
Q577026,Opava,opava,river in Czechia and Poland,LOC,river,27,,,False
Q582675,Jizera,jizera,river in Czechia,LOC,river,27,,,False
Q153394,Ahr,ahr,river in Germany,LOC,river,27,,,False
Q1261515,Iriri River,iriri river,river in Brazil,LOC,river,27,,,False
Q1208152,Puerto Villamil,puerto villamil,human settlement,GPE,city,27,,Ecuador,False
Q1203781,Lethem,lethem,"Regional Capital of Alto Tcutu-Upper Essequibo, which is controlled by Guyana and claimed by Venezuela",GPE,city,27,,Guyana,False
Q30496,Grünhorn,grünhorn,mountain in the Swiss Alps,LOC,mountain,27,,,False
Q30490,Ober Gabelhorn,ober gabelhorn,mountain in the Pennine Alps,LOC,mountain,27,,,False
Q337539,10th of Ramadan City,10th of ramadan city,"place in Sharqia, Egypt",GPE,city,27,500000.0,Egypt,False
Q1800398,Ranco Lake,ranco lake,lake in Los Rios Region,LOC,lake,27,,,False
Q1009308,Sefrou,sefrou,city in Morocco,GPE,city,27,,Morocco,False
Q382249,Butha-Buthe,butha-buthe,city in Lesotho,GPE,city,27,,Lesotho,False
Q2044605,Dusetos,dusetos,"city in Aukštaitija, Lithuania",GPE,city,27,,Lithuania,False
Q807788,Barbeau Peak,barbeau peak,"mountain in Nunavut, Canada",LOC,mountain,27,,,False
Q27015522,Fagradalsfjall,fagradalsfjall,"mountain on Southern Peninsula, Iceland",LOC,volcano,27,,,False
Q1753509,Mount Agou,mount agou,mountain in Togo,LOC,mountain,27,,,False
Q1755015,North Platte River,north platte river,"major tributary of the Platte River in Wyoming, Colorado, and Nebraska in the United States",LOC,river,27,,,False
Q948670,Mount Pulag,mount pulag,third highest mountain in the Philippines,LOC,mountain,27,,,False
Q14465,Lake Hallwil,lake hallwil,lake in Switzerland,LOC,lake,27,,,False
Q644965,Mount Heng,mount heng,"mountain in Hunan, China",LOC,mountain,27,,,False
Q644669,Ondava,ondava,river in Slovakia,LOC,river,27,,,False
Q890537,Lake Keitele,lake keitele,lake of Central Finland,LOC,lake,27,,,False
Q884971,Blombos Cave,blombos cave,"archaeological site in Western Cape, South Africa",LOC,cave,27,,,False
Q503379,Skanderborg,skanderborg,town in Denmark,GPE,city,27,,Denmark,False
Q392760,Šventoji,šventoji,river in Lithuania,LOC,river,27,,,False
Q1826026,Jakupica,jakupica,mountain range in North Macedonia,LOC,mountain,27,,,False
Q126063,Auyán Tepuy,auyán tepuy,mountain in Venezuela,LOC,mountain,27,,,False
Q1472085,Iijoki,iijoki,river of Finland,LOC,river,27,,,False
Q2160,Vologda River,vologda river,"river in Vologda Oblast, Russia",LOC,river,27,,,False
Q1127558,Dingle Peninsula,dingle peninsula,"peninsula in County Kerry, Munster; geonames ID = 2964779",LOC,peninsula,27,,,False
Q476153,Ounasjoki,ounasjoki,"tributary of Kemijoki river in Lapland region, Finland",LOC,river,27,,,False
Q483607,Anacostia River,anacostia river,"tributary of the Potomac River in Maryland and Washington, D.C.",LOC,river,27,,,False
Q3307925,Mianwali,mianwali,"city in Punjab, Pakistan",GPE,city,27,,Pakistan,False
Q48245,Artibonite River,artibonite river,river,LOC,river,27,,,False
Q1396186,Kasagh River,kasagh river,river in Armenia,LOC,river,27,,,False
Q1352298,Røssvatnet,røssvatnet,"lake in Hattfjelldal and Hemnes, Nordland, Norway",LOC,lake,27,,,False
Q1353678,Monte Binga,monte binga,highest mountain of Mozambique,LOC,mountain,27,,,False
Q969065,Isle of Raasay,isle of raasay,"island in Highland, Scotland, UK",LOC,island,27,,,False
Q153822,Basse-Terre Island,basse-terre island,"island in Guadeloupe, France",LOC,island,27,,,False
Q1327687,Volcán de Agua,volcán de agua,volcano in Guatemala,LOC,volcano,27,,,False
Q1849746,Santa Cruz del Islote,santa cruz del islote,island located off the coast of Colombia,LOC,island,27,,,False
Q153511,Carúpano,carúpano,city in Venezuela,GPE,city,27,173877.0,Venezuela,False
Q1816589,Qus,qus,town in Egypt,GPE,city,27,,Egypt,False
Q1192728,Lake Wānaka,lake wānaka,"lake in Otago Region, New Zealand",LOC,lake,27,,,False
Q542678,Rustaq,rustaq,city and province of Oman,GPE,city,27,,Oman,False
Q530644,Naxos,naxos,"chief town of Naxos island, Cyclades, Greece",GPE,city,27,,Greece,False
Q1946067,Tyczyn,tyczyn,city of Poland,GPE,city,27,,Poland,False
Q1946041,Suchedniów,suchedniów,city of Poland,GPE,city,27,,Poland,False
Q546876,Turrialba,turrialba,active volcano in Costa Rica,LOC,mountain,27,,,False
Q546109,Keros,keros,"island in the Cyclades, part of Greece",LOC,island,27,,,False
Q14290,Vaupés River,vaupés river,tributary of the Rio Negro in South America.,LOC,river,27,,,False
Q740687,Guéckédougou,guéckédougou,town in southern Guinea,GPE,city,27,221715.0,Guinea,False
Q1514215,Sim,sim,"river in Chelyabinsk Oblast and Bashkiria, Russia",LOC,river,27,,,False
Q667106,Osyotr,osyotr,"river in Tula, Moscow, and Ryazan Oblasts, Russia",LOC,river,27,,,False
Q71530,Aterno-Pescara,aterno-pescara,river in Italy,LOC,river,27,,,False
Q26338,Aley,aley,town in Lebanon,GPE,city,27,,Lebanon,False
Q498192,Goroka,goroka,"Capital city of Eastern Highlands, Papua New Guinea",GPE,city,27,,Papua New Guinea,False
Q763770,"Kamenica, Kosovo",kamenica kosovo,town in Kosovo,GPE,city,27,,Serbia,False
Q762619,Nieuw Amsterdam,nieuw amsterdam,resort of Suriname,GPE,city,27,,Suriname,False
Q1347461,Lake Petén Itzá,lake petén itzá,lake,LOC,lake,27,,,False
Q1515792,Wu River,wu river,tributary of the Yangtze in China,LOC,river,27,,,False
Q1515717,Pühajärv,pühajärv,"lake in Valga County, Estonia",LOC,lake,27,,,False
Q1708483,Wiltz,wiltz,river in Belgium and Luxembourg,LOC,river,27,,,False
Q14335,Linth,linth,river in Switzerland,LOC,river,27,,,False
Q810729,Batanta Island,batanta island,"island in Raja Ampat Regency, Southwest Papua Province, Indonesia",LOC,island,27,,,False
Q810720,Batang Hari,batang hari,"river in Jambi and West Sumatra, Indonesia",LOC,river,27,,,False
Q945287,Bârlad River,bârlad river,river in Romania,LOC,river,27,,,False
Q608133,Lough Ree,lough ree,lake in Ireland,LOC,lake,27,,,False
Q15128,Zinalrothorn,zinalrothorn,mountain in the Pennine Alps,LOC,mountain,27,,,False
Q20360,Arga,arga,river in Spain,LOC,river,27,,,False
Q1190341,Tromsøya,tromsøya,"island in Tromsø, Troms, Norway",LOC,island,27,,,False
Q7799533,Thwaites Glacier,thwaites glacier,Antarctic glacier,LOC,glacier,27,,,False
Q778886,Vazuza,vazuza,"river in Smolensk and Tver Oblasts, Russia",LOC,river,27,,,False
Q776956,Lake Pamvotida,lake pamvotida,"lake in Epirus, Greece",LOC,lake,27,,,False
Q1194022,Lake Tekapo,lake tekapo,lake in New Zealand,LOC,lake,27,,,False
Q814633,Bei River,bei river,"river in Guangdong, China",LOC,river,27,,,False
Q2341393,Padrauna,padrauna,"city in Kushinagar district, Gorakhpur division, Uttar Pradesh, India",GPE,city,27,,India,False
Q1062516,Española Island,española island,"Island in the Galapagos Archipelago, Ecuador",LOC,volcano,27,,,False
Q1471997,Kapiti Island,kapiti island,island in New Zealand,LOC,island,27,,,False
Q625465,Arakawa River,arakawa river,river flowing through Saitama prefecture and Tokyo in Japan,LOC,river,27,,,False
Q2089594,Sidi Kacem,sidi kacem,city in Morocco,GPE,city,27,,Morocco,False
Q1005384,Wołczyn,wołczyn,city of Poland,GPE,city,27,,Poland,False
Q1117401,Ščara,ščara,river in Belarus,LOC,river,27,,,False
Q1125601,Khyargas Nuur,khyargas nuur,"lake in Uvs Province, Mongolia",LOC,lake,27,,,False
Q1276972,Victoria Island,victoria island,"island in Barents Sea, Russia",LOC,island,27,,,False
Q1859950,Rum Cay,rum cay,island in the Bahamas,LOC,island,27,,,False
Q1859702,Sibuyan,sibuyan,island in the Philippines,LOC,island,27,,,False
Q185839,Markha,markha,"river in Yakutia, Russia, tributary of Vilyuy",LOC,river,27,,,False
Q1858093,Mount Columbia,mount columbia,"highest mountain in Alberta, Canada",LOC,mountain,27,,,False
Q202889,Opalenica,opalenica,city of Poland,GPE,city,27,,Poland,False
Q1422995,Yorke Peninsula,yorke peninsula,region in South Australia,LOC,peninsula,27,,,False
Q324541,Eldey,eldey,island in Iceland,LOC,island,27,,,False
Q1415043,Nicoya Peninsula,nicoya peninsula,peninsula on the Pacific coast of Costa Rica,LOC,peninsula,27,,,False
Q1514985,Oldman River,oldman river,"watercourse in Alberta, Canada",LOC,river,27,,,False
Q2978509,Muridke,muridke,"city in Punjab, Pakistan",GPE,city,27,163268.0,Pakistan,False
Q384965,Eglinton Island,eglinton island,"island in the Northwest Territories, Canada",LOC,island,27,,,False
Q2205302,Anak Krakatau Island,anak krakatau island,"island in South Lampung Regency, Lampung Province, Indonesia",LOC,island,27,,,False
Q1112319,Columbia Icefield,columbia icefield,icefield located in the Park Ranges of the Canadian Rockies in Alberta and British Columbia,LOC,glacier,27,,,False
Q542913,Lake Varese,lake varese,"lake near Varese, Italy",LOC,lake,27,,,False
Q542539,Mahi River,mahi river,river in India,LOC,river,27,,,False
Q195492,Kibaha,kibaha,city in Tanzania,GPE,city,27,,Tanzania,False
Q1572113,Utila,utila,"municipality in Bay Islands Department, Honduras",LOC,island,27,,,False
Q15671,Zêzere River,zêzere river,river in Portugal,LOC,river,27,,,False
Q1324824,Elafonisi,elafonisi,"island in Crete, Greece",LOC,island,27,,,False
Q912934,San Pietro Island,san pietro island,"island off the coast of Sardinia, Italy",LOC,island,27,,,False
Q815650,Belize River,belize river,river in Belize,LOC,river,27,,,False
Q815250,Belaya River,belaya river,"river in Adygea and Krasnodar Krai, Russia, flows into the Krasnodar Reservoir",LOC,river,27,,,False
Q2662991,Mansehra,mansehra,"city in Khyber Pakhtunkhwa, Pakistan",GPE,city,27,,Pakistan,False
Q867325,Butaritari,butaritari,"island of Makin Atoll, Gilbetr Islands, Kiribati",LOC,island,27,,,False
Q944686,Diamond Head,diamond head,"mountain on Oahu in Hawaii, United States of America",LOC,mountain,27,,,False
Q944257,Codfish Island / Whenua Hou,codfish island / whenua hou,"island off the coast of Stewart Island, New Zealand",LOC,island,27,,,False
Q15134,Tödi,tödi,highest mountain in the Glarus Alps,LOC,mountain,27,,,False
Q1512836,Puncak Mandala,puncak mandala,mountain in Indonesia,LOC,mountain,27,,,False
Q1363409,Loch Tay,loch tay,"lake in Perth and Kinross, and Stirling, Scotland, UK, outflows east to River Tay",LOC,lake,27,,,False
Q975995,Posavina,posavina,"Save basin in Croatia, in Bosnia-Herzegovina and in Serbia",LOC,valley,27,,,False
Q974760,Orust,orust,island in Sweden,LOC,island,27,,,False
Q2072599,Thermi,thermi,"suburb of Thessaloniki, Greece",GPE,city,27,,Greece,False
Q700453,Saalach,saalach,river,LOC,river,27,,,False
Q593695,Panna,panna,city in India,GPE,city,27,,India,False
Q599897,Boujdour,boujdour,city in Western Sahara,GPE,city,27,,Morocco,False
Q775676,Mount Othrys,mount othrys,"mountain range in Greece, between Thessaly and Central Greece",LOC,mountain,27,,,False
Q775517,Saria island,saria island,"island of the Dodecanese, Greece",LOC,island,27,,,False
Q25659,Marjayoun,marjayoun,village in Lebanon,GPE,city,27,,Lebanon,False
Q859712,Cerro Bonete,cerro bonete,"mountain in province de La Rioja, Argentine",LOC,mountain,27,,,False
Q326682,Mare Undarum,mare undarum,lunar mare,LOC,lunar mare,27,,,False
Q1196055,Morea,morea,name of the Peloponnese peninsula in southern Greece during the Middle Ages and the early modern period,LOC,peninsula,27,,,False
Q3358068,Dospat,dospat,river in Bulgaria and Greece,LOC,river,27,,,False
Q728639,Saltoro Kangri,saltoro kangri,mountain,LOC,mountain,27,,,False
Q1635606,Temara,temara,City in Morocco,GPE,city,27,297098.0,Morocco,False
Q1675325,Ichinsky,ichinsky,mountain in Russia,LOC,volcano,27,,,False
Q494914,Iki Island,iki island,island,LOC,island,27,,,False
Q739945,Mount Melbourne,mount melbourne,Volcano in Antarctica,LOC,mountain,27,,,False
Q1470035,Merced River,merced river,145-mile (233 km)-long tributary of the San Joaquin River in central California,LOC,river,27,,,False
Q1473998,Kondurcha,kondurcha,"river in Samara Oblast and Tatarstan, Russia",LOC,river,27,,,False
Q1467910,Gamalama,gamalama,stratovolcano,LOC,mountain,27,,,False
Q1465660,Jade Dragon Snow Mountain,jade dragon snow mountain,mountain,LOC,mountain,27,,,False
Q14638420,Lake Ilopango,lake ilopango,Crater lake in El Salvador,LOC,lake,27,,,False
Q993076,Hlotse,hlotse,city,GPE,city,27,,Lesotho,False
Q992910,Sobótka,sobótka,city of Poland,GPE,city,27,,Poland,False
Q755982,Atiu,atiu,island in the Cook Islands,LOC,island,27,,,False
Q1329453,Manuae,manuae,atoll of the Cook Islands,LOC,island,27,,,False
Q151858,Luapula River,luapula river,river in central Africa,LOC,river,27,,,False
Q1978886,Cave of the Apocalypse,cave of the apocalypse,cave in Greece,LOC,cave,27,,,False
Q937292,Acajutla,acajutla,"district in Western Sonsonate, El Salvador",GPE,city,27,,El Salvador,False
Q654169,Penonomé,penonomé,city in Panama,GPE,city,27,,Panama,False
Q1432738,Sahand,sahand,stratovolcano in Iran,LOC,mountain,27,,,False
Q1432225,Hasbani River,hasbani river,river in the Levant,LOC,river,27,,,False
Q1342701,Zhizdra,zhizdra,"river in Kaluga Oblast, Russia",LOC,river,27,,,False
Q1342338,Enggano Island,enggano island,"island in North Bengkulu Regency, Bengkulu Province, Indonesia",LOC,island,27,,,False
Q258540,Vale of Tempe,vale of tempe,"gorge in northern Thessaly, Greece",LOC,valley,27,,,False
Q2594860,Jamtara,jamtara,Jamtara is a city and a notified area in Jamtara district in the Indian state of Jharkhand,GPE,city,27,,India,False
Q852308,Laborec,laborec,river in Slovakia,LOC,river,27,,,False
Q1021728,Snow Hill Island,snow hill island,island,LOC,island,27,,,False
Q592383,Ping River,ping river,river in northern Thailand,LOC,river,27,,,False
Q1520895,Lake Chany,lake chany,"lake in Novosibirsk Oblast, Russia",LOC,lake,27,,,False
Q140476,Zagórów,zagórów,city of Poland,GPE,city,27,,Poland,False
Q119868,Zlarin,zlarin,island of Croatia,LOC,island,27,,,False
Q2269545,Lapovo,lapovo,town and municipality in Serbia,GPE,city,27,,Serbia,False
Q2249856,New Tehri,new tehri,"city in Tehri Garhwal district, Garhwal division, Uttarakhand, India",GPE,city,27,,India,False
Q1641126,Kaçkar Dağı,kaçkar dağı,mountain in Turkey,LOC,mountain,27,,,False
Q736290,Ombrone,ombrone,river in Italy,LOC,river,27,,,False
Q569838,Serock,serock,city of Poland,GPE,city,27,,Poland,False
Q255784,Verdon,verdon,river in France,LOC,river,27,,,False
Q253971,Tegernsee,tegernsee,"lake in urban municipality Tegernsee, Bavaria, Germany",LOC,lake,27,,,False
Q629894,Sankosh River,sankosh river,river,LOC,river,27,,,False
Q717371,Ban Houayxay,ban houayxay,city in Laos,GPE,city,27,,Laos,False
Q654413,Bogd Khan Mountain,bogd khan mountain,mountain in Mongolia,LOC,mountain,27,,,False
Q373323,Ukerewe Island,ukerewe island,island in Tanzania,LOC,island,27,,,False
Q997402,Buba,buba,city in southern Guinea-Bissau,GPE,city,27,,Guinea-Bissau,False
Q378223,Chongming Island,chongming island,island in the Yangtze River estuary,LOC,island,27,,,False
Q2234098,Siwan,siwan,"city in Bihar, India",GPE,city,27,,India,False
Q568137,Alotau,alotau,"Capital of the Milne Bay Province, Papua New Guinea",GPE,city,27,,Papua New Guinea,False
Q578026,Kleszczele,kleszczele,city of Poland,GPE,city,27,,Poland,False
Q2439514,Narol,narol,city of Poland,GPE,city,27,,Poland,False
Q2289965,Sir Bani Yas,sir bani yas,island in United Arab Emirates,LOC,island,27,,,False
Q228472,île de Sein,île de sein,island in France,LOC,island,27,,,False
Q768463,Tebulosmta,tebulosmta,mountain in Georgia and Russia,LOC,mountain,27,,,False
Q19722,River Nene,river nene,river in the east of England,LOC,river,27,,,False
Q1990114,Janga,janga,mountain on the border of Georgia and Russia,LOC,mountain,27,,,False
Q1022131,Rîșcani,rîșcani,town in Moldova,GPE,city,27,,Moldova,False
Q3367282,Mullutu-Suurlaht,mullutu-suurlaht,lake in Estonia,LOC,lake,27,,,False
Q999498,Manga,manga,city in Burkina Faso,GPE,city,27,,Burkina Faso,False
Q854899,Sysola,sysola,"river in Kirov Oblast and Komi, Russia",LOC,river,27,,,False
Q673553,Arkoi,arkoi,"island of the Dodecanese, Greece",LOC,island,27,,,False
Q197872,Mare Humorum,mare humorum,lunar mare,LOC,lunar mare,27,,,False
Q1344111,Muharraq Island,muharraq island,island,LOC,island,27,,,False
Q718192,Lake Khasan,lake khasan,lake,LOC,lake,27,,,False
Q1368230,Loch Awe,loch awe,"lake in Argyll and Bute, Scotland, UK, outflows to the River Awe",LOC,lake,27,,,False
Q867704,Sędziszów Małopolski,sędziszów małopolski,city of Poland,GPE,city,27,,Poland,False
Q1322393,Mansel Island,mansel island,"island in Nunavut, Canada",LOC,island,27,,,False
Q251315,Medny Island,medny island,"island in the Bering Sea, part of Commander Islands",LOC,island,27,,,False
Q1026833,Humahuaca,humahuaca,"city in the province of Jujuy, Argentina",GPE,city,27,,Argentina,False
Q1074898,Chara,chara,"river in eastern Siberia, Russia",LOC,river,27,,,False
Q1007550,Irakleia,irakleia,"island of the Lesser Cyclades, Greece",LOC,island,27,,,False
Q1020279,Punto Fijo,punto fijo,city in Venezuela,GPE,city,27,287558.0,Venezuela,False
Q192369,Lake İznik,lake i̇znik,"lake near İznik, Turkey",LOC,lake,27,,,False
Q3593036,Campbell Island / Motu Ihupuku,campbell island / motu ihupuku,island in New Zealand,LOC,island,27,,,False
Q1020794,Otavalo,otavalo,"city of Imbabura Province, Ecuador",GPE,city,27,,Ecuador,False
Q1420431,Pitt Island,pitt island,island in the Chatham archipelago,LOC,island,27,,,False
Q1419589,Merkys,merkys,river in Southern Lithuania and Northern Belarus,LOC,river,27,,,False
Q991274,Kalamos,kalamos,"island in West Greece, ancient Karnos",LOC,island,27,,,False
Q2492884,Smotrych River,smotrych river,river in Ukraine,LOC,river,27,,,False
Q675446,Klein Matterhorn,klein matterhorn,mountain,LOC,mountain,27,,,False
Q279943,Lužnice,lužnice,river in Czech Republic and Austria,LOC,river,27,,,False
Q1969407,Dajabón,dajabón,capital city of the Dajabón province in the Dominican Republic,GPE,city,27,,Dominican Republic,False
Q937294,Little Danube,little danube,river in Slovakia,LOC,river,27,,,False
Q937167,Rano Raraku,rano raraku,volcanic crater on Easter Island,LOC,volcano,27,,,False
Q586498,Kédougou,kédougou,commune of Senegal,GPE,city,27,,Senegal,False
Q584966,Czarna Białostocka,czarna białostocka,city of Poland,GPE,city,27,,Poland,False
Q429041,Dawson Island,dawson island,island in Chile,LOC,island,27,,,False
Q427604,Petřín,petřín,mountain,LOC,mountain,27,,,False
Q2092438,Sokoto River,sokoto river,river in Nigeria and Niger,LOC,river,27,,,False
Q1757279,Sibut,sibut,"place in Kémo, Central African Republic",GPE,city,27,,Central African Republic,False
Q1002035,Viacha,viacha,city in Bolivia,GPE,city,27,,Bolivia,False
Q1072125,Chichijima,chichijima,"main island of the Bonin/Ogasawara archipelago, administered as the seat of a subdistrict of Tokyo, Japan",LOC,island,27,,,False
Q2428556,Gonda,gonda,"human settlement in Gonda district, Devipatan division, Uttar Pradesh, India",GPE,city,27,,India,False
Q2349076,Manych-Gudilo,manych-gudilo,"saltwater lake in Kalmykia, Stavropol Krai, and Rostov Oblast, Russia",LOC,lake,27,,,False
Q2371265,Lisi Lake,lisi lake,lake in Georgia,LOC,lake,27,,,False
Q610917,Nowa Dęba,nowa dęba,city of Poland,GPE,city,27,,Poland,False
Q991004,Broutona,broutona,"island in Kuril Islands, Russia",LOC,volcano,26,,,False
Q702925,Arroux,arroux,river in France,LOC,river,26,,,False
Q24231,Nakskov,nakskov,town in Denmark,GPE,city,26,,Denmark,False
Q1073134,Mountain Papandayan,mountain papandayan,"mountain in West Java, Indonesia",LOC,mountain,26,,,False
Q1073840,Ko Samet,ko samet,island in the Gulf of Thailand,LOC,island,26,,,False
Q2353197,Zavkhan River,zavkhan river,river in Mongolia,LOC,river,26,,,False
Q2368048,Tes,tes,river in Mongolia and Russia,LOC,river,26,,,False
Q593129,Blanda,blanda,river in Iceland,LOC,river,26,,,False
Q1518561,Namsen,namsen,"river in Trøndelag, Norway",LOC,river,26,,,False
Q1329458,Lake Kussharo,lake kussharo,"lake in Hokkaidō, Japan",LOC,lake,26,,,False
Q963317,Milne Land,milne land,island in Greenland,LOC,island,26,,,False
Q96408,Elafonisos,elafonisos,"island in Peloponnese, Greece",LOC,island,26,,,False
Q2392222,Fisht,fisht,"mountain in Adyega and Krasnodar Krai, Russia",LOC,mountain,26,,,False
Q777028,Thaba-Tseka,thaba-tseka,city,GPE,city,26,,Lesotho,False
Q2465149,Sava Bohinjka,sava bohinjka,river in Slovenia,LOC,river,26,,,False
Q2466869,Ringvassøya,ringvassøya,"island in Troms county, Norway",LOC,island,26,,,False
Q1068860,Cheekha Dar,cheekha dar,mountain on the Iraq–Iran border,LOC,mountain,26,,,False
Q4161769,Dinajpur,dinajpur,city in Bangladesh,GPE,city,26,206200.0,Bangladesh,False
Q2334182,Cape Fold Belt,cape fold belt,late Paleozoic fold and thrust belt in southwestern South Africa,LOC,mountain,26,,,False
Q1227891,Dirk Hartog Island,dirk hartog island,island on coast of Gascoyne region of Western Australia,LOC,island,26,,,False
Q132189,Saint-Marc,saint-marc,"coastal port town the Artibonite Department, Haiti",GPE,city,26,266642.0,Haiti,False
Q495387,Masan,masan,former municipal city in South Korea,GPE,city,26,429612.0,South Korea,False
Q996730,Kericho,kericho,city,GPE,city,26,,Kenya,False
Q1020762,Izamal,izamal,"city in Yucatan, Mexico",GPE,city,26,,Mexico,False
Q867437,Ulanów,ulanów,city of Poland,GPE,city,26,,Poland,False
Q933219,Pharaoh's Island,pharaohs island,island in the north of the Gulf of Aqaba,LOC,island,26,,,False
Q999607,Sędziszów,sędziszów,city of Poland,GPE,city,26,,Poland,False
Q999638,Piotrków Kujawski,piotrków kujawski,city of Poland,GPE,city,26,,Poland,False
Q745567,Odolanów,odolanów,city of Poland,GPE,city,26,,Poland,False
Q1474150,Porkkala,porkkala,"peninsula in Kirkkonummi, Finland",LOC,peninsula,26,,,False
Q1475379,Rineia,rineia,"island off Delos, Greece",LOC,island,26,,,False
Q616404,Quinhamel,quinhamel,city in Guinea-Bissau,GPE,city,26,,Guinea-Bissau,False
Q974980,Pantar Island,pantar island,"island in Alor Regency, East Nusa Tenggara Province, Indonesia",LOC,island,26,,,False
Q975080,Porquerolles,porquerolles,"island in Hyères, France",LOC,island,26,,,False
Q605122,Schuylkill River,schuylkill river,"river in eastern Pennsylvania, United States",LOC,river,26,,,False
Q1020338,Maliana,maliana,city in East Timor,GPE,city,26,,Timor-Leste,False
Q1201788,Mount Mazama,mount mazama,"mountain in Oregon, USA",LOC,mountain,26,,,False
Q1932730,Sossusvlei,sossusvlei,"salt and clay pan in the Namib Desert, Namibia",LOC,valley,26,,,False
Q854608,Bečva,bečva,"river in the Czech Republic, tributary of the Morava",LOC,river,26,,,False
Q679056,Hermonthis,hermonthis,town in Egypt,GPE,city,26,,Egypt,False
Q1634730,Ozama River,ozama river,river in the Dominican Republic,LOC,river,26,,,False
Q649030,Venetian Ghetto,venetian ghetto,neighbourhood in Venice,LOC,island,26,,,False
Q960906,Jaco,jaco,island in eastern Indian Ocean,LOC,island,26,,,False
Q1473924,Grand Turk,grand turk,island in the Turks and Caicos Islands,LOC,island,26,,,False
Q726986,Mamberamo River,mamberamo river,"river in Papua Province, Indonesia",LOC,river,26,,,False
Q596110,Fuji River,fuji river,river in Japan,LOC,river,26,,,False
Q16650,Lagginhorn,lagginhorn,mountain in the Pennine Alps,LOC,mountain,26,,,False
Q1472009,Neuquén River,neuquén river,river in Argentina,LOC,river,26,,,False
Q373732,Lacha,lacha,"lake in Arkhangelsk Oblast, Russia",LOC,lake,26,,,False
Q995855,Radków,radków,"city in Lower Silesian Voivodeship, Poland",GPE,city,26,,Poland,False
Q135864,Santa Elena,santa elena,"city in Ecuador, capital of the Santa Elena Province",GPE,city,26,,Ecuador,False
Q1232572,Mount Kyllini,mount kyllini,"mountain in Corinthia Regional Unit, Greece",LOC,mountain,26,,,False
Q1234240,Lake Copais,lake copais,"ancient lake in Greece, now dry",LOC,lake,26,,,False
Q1887719,Lake Malombe,lake malombe,lake in Malawi,LOC,lake,26,,,False
Q1893268,Baintha Brakk,baintha brakk,mountain in Pakistan,LOC,mountain,26,,,False
Q999384,Kietrz,kietrz,city of Poland,GPE,city,26,,Poland,False
Q1022984,Farim,farim,town in Guinea-Bissau,GPE,city,26,,Guinea-Bissau,False
Q1023290,Kara-Suu,kara-suu,Border town in southwest Kyrgyzstan,GPE,city,26,,Kyrgyzstan,False
Q622780,Aksu,aksu,city in Kazakhstan,GPE,city,26,,Kazakhstan,False
Q1353372,Fleurieu Peninsula,fleurieu peninsula,peninsula in South Australia,LOC,peninsula,26,,,False
Q15296,Monte Leone,monte leone,mountain of the Lepontine Alps,LOC,mountain,26,,,False
Q1520405,Kao,kao,island in Tonga,LOC,mountain,26,,,False
Q2089107,Nisporeni,nisporeni,town in Moldova,GPE,city,26,,Moldova,False
Q147557,Snaefell,snaefell,621m high mountain in Isle of Man,LOC,mountain,26,,,False
Q485315,Baengnyeongdo,baengnyeongdo,island of South Korea,LOC,island,26,,,False
Q485651,Jindo,jindo,Korean island,LOC,island,26,,,False
Q1902266,Ożarów Mazowiecki,ożarów mazowiecki,city of Poland,GPE,city,26,,Poland,False
Q607357,Mustique,mustique,small private island that is part of St Vincent and the Grenadines,LOC,island,26,,,False
Q161905,Leśna,leśna,city of Poland,GPE,city,26,,Poland,False
Q915889,Pcič,pcič,river in Belarus,LOC,river,26,,,False
Q25605,Bruny Island,bruny island,island off coast of Tasmania,LOC,island,26,,,False
Q2563322,Andi Koysu,andi koysu,river in Georgia and Russia,LOC,river,26,,,False
Q256454,Fiemme Valley,fiemme valley,valley in Northern Italy,LOC,valley,26,,,False
Q229624,Zuma Rock,zuma rock,monolith in Nigeria,LOC,mountain,26,,,False
Q1081204,Hainan Island,hainan island,island in China which makes up the majority of the province of the same name,LOC,island,26,,,False
Q217956,Tsna,tsna,"river in Tver Oblast, Russia",LOC,river,26,,,False
Q132099,Lake Volvi,lake volvi,"lake in Macedonia, Greece",LOC,lake,26,,,False
Q1577271,Maly Uzen,maly uzen,river in Russia and Kazakhstan,LOC,river,26,,,False
Q1688290,Esik,esik,"place in Almaty Region, Kazakhstan",GPE,city,26,,Kazakhstan,False
Q1500299,Isle of Sheppey,isle of sheppey,"island off the northern coast of Kent, England in the Thames Estuary",LOC,island,26,,,False
Q2608258,Vordingborg,vordingborg,city in Denmark,GPE,city,26,,Denmark,False
Q195364,River Eden,river eden,"river that flows through Cumbria, England",LOC,river,26,,,False
Q997821,Delmas,delmas,"commune in Ouest, Haiti",GPE,city,26,284079.0,Haiti,False
Q377571,Volcán Atitlán,volcán atitlán,mountain,LOC,mountain,26,,,False
Q960239,Allada,allada,"commune and city in Atlantique Department, Benin",GPE,city,26,,Benin,False
Q909758,Marakei,marakei,island,LOC,island,26,,,False
Q48454,Punta Gallinas,punta gallinas,headland in northern Colombia,LOC,cape,26,,,False
Q958747,Szczuczyn,szczuczyn,town in Poland,GPE,city,26,,Poland,False
Q474428,Ampato,ampato,dormant Peruvian volcano,LOC,mountain,26,,,False
Q477759,Meighen Island,meighen island,"island in Nunavut, Canada",LOC,island,26,,,False
Q584570,Nevado Tres Cruces,nevado tres cruces,mountain,LOC,mountain,26,,,False
Q864337,Karymsky,karymsky,mountain in Russia,LOC,mountain,26,,,False
Q864853,Chatyr-Kul,chatyr-kul,"lake in Naryn Region, Kyrgyzstan",LOC,lake,26,,,False
Q756016,Atka Island,atka island,"island in Aleutians West Census Area, Alaska, United States",LOC,island,26,,,False
Q613424,Volcán Masaya,volcán masaya,active volcano in Nicaragua,LOC,mountain,26,,,False
Q615083,Sosva,sosva,"river in Sverdlovsk Oblast, Russia",LOC,river,26,,,False
Q1199347,Vorkuta River,vorkuta river,"river in Komi and Nenets AO, Russia",LOC,river,26,,,False
Q1021277,Ikast,ikast,town in Denmark,GPE,city,26,,Denmark,False
Q1343252,Guayas River,guayas river,river in Ecuador,LOC,river,26,,,False
Q1032649,Qashqadaryo River,qashqadaryo river,river in Uzbekistan,LOC,river,26,,,False
Q1032654,Surxondaryo,surxondaryo,river in Uzbekistan,LOC,river,26,,,False
Q571185,Działoszyce,działoszyce,city of Poland,GPE,city,26,,Poland,False
Q737240,Tartar,tartar,river in Azerbaijan,LOC,river,26,,,False
Q324880,Proszowice,proszowice,city of Poland,GPE,city,26,,Poland,False
Q769525,Mount Bintumani,mount bintumani,highest mountain in Sierra Leone,LOC,mountain,26,,,False
Q1484427,Peary Land,peary land,peninusula in Greenland,LOC,peninsula,26,,,False
Q14533,Oeschinen Lake,oeschinen lake,lake in Switzerland,LOC,lake,26,,,False
Q634063,Dusmareb,dusmareb,city in Somalia,GPE,city,26,,Somalia,False
Q1408661,Chagres River,chagres river,river,LOC,river,26,,,False
Q220839,Luvua River,luvua river,river in the Democratic Republic of the Congo,LOC,river,26,,,False
Q1535189,Medveditsa,medveditsa,"river in Saratov and Volgograd Oblasts, Russia, tributary of Don",LOC,river,26,,,False
Q803960,Bairnsdale,bairnsdale,"city in Victoria, Australia",GPE,city,26,,Australia,False
Q1761007,Songkhla Lake,songkhla lake,lake in Thailand,LOC,lake,26,,,False
Q1001522,Navojoa,navojoa,"city of Sonora, Mexico",GPE,city,26,120926.0,Mexico,False
Q14472,Lac de Joux,lac de joux,"lake in the Vallée de Joux in the Canton of Vaud, Switzerland",LOC,lake,26,,,False
Q14507,Ägerisee,ägerisee,lake in Switzerland,LOC,lake,26,,,False
Q556344,Wysoka,wysoka,city in Poland,GPE,city,26,,Poland,False
Q647051,Telenești,telenești,town in Moldova,GPE,city,26,,Moldova,False
Q1342075,Krapanj,krapanj,island,LOC,island,26,,,False
Q3246200,Musandam Peninsula,musandam peninsula,peninsula in Oman and in the United Arab Emirates,LOC,peninsula,26,,,False
Q1540063,Victoria River,victoria river,"river in the Northern Territory, Australia",LOC,river,26,,,False
Q2216473,Barsa-Kelmes,barsa-kelmes,formerly largest island in the Aral Sea,LOC,peninsula,26,,,False
Q1413605,Great Kei River,great kei river,river in South Africa,LOC,river,26,,,False
Q1398502,Santa Cruz Island,santa cruz island,"island in Santa Barbara County, California, United States",LOC,island,26,,,False
Q679629,Taymyr Island,taymyr island,"island in Nordenskiöld Archipelago, Russia",LOC,island,26,,,False
Q966606,Smith Island,smith island,island in the South Shetland Islands,LOC,island,26,,,False
Q1325669,Maly Lyakhovsky,maly lyakhovsky,"island in Lyakhovsky Islands, Russia",LOC,island,26,,,False
Q258400,Loisach,loisach,river,LOC,river,26,,,False
Q1031467,Southern Patagonian Ice Field,southern patagonian ice field,glacier field in southern Chile and Argentina,LOC,glacier,26,,,False
Q1010475,Lake Burdur,lake burdur,"lake in Burdur and Isparta provinces, Turkey",LOC,lake,26,,,False
Q1022115,Bōsō Peninsula,bōsō peninsula,peninsula,LOC,peninsula,26,,,False
Q543030,Mount Muhabura,mount muhabura,mountain on Rwanda–Uganda border,LOC,mountain,26,,,False
Q2625910,Umerkot,umerkot,"city in Sindh, Pakistan",GPE,city,26,,Pakistan,False
Q991973,Chmielnik,chmielnik,city of Poland,GPE,city,26,,Poland,False
Q328402,Węgliniec,węgliniec,city of Poland,GPE,city,26,,Poland,False
Q1753659,Oster River,oster river,river in Ukraine,LOC,river,26,,,False
Q1017358,Kavieng,kavieng,city,GPE,city,26,,Papua New Guinea,False
Q1017369,Kokopo,kokopo,city,GPE,city,26,,Papua New Guinea,False
Q1742282,Konka River,konka river,river in Ukraine,LOC,river,26,,,False
Q2166413,Shōdo Island,shōdo island,"island in Seto Inland Sea, Japan",LOC,island,26,,,False
Q1005403,Lubawka,lubawka,city of Poland,GPE,city,26,,Poland,False
Q1508817,Athi-Galana-Sabaki River,athi-galana-sabaki river,river in Kenya,LOC,river,26,,,False
Q127469,Lake Wakatipu,lake wakatipu,"lake in Otago Region, New Zealand",LOC,lake,26,,,False
Q992920,Kąty Wrocławskie,kąty wrocławskie,city of Poland,GPE,city,26,,Poland,False
Q1579281,Snow Island,snow island,island,LOC,island,26,,,False
Q1579619,Little Andaman,little andaman,island in India,LOC,island,26,,,False
Q202019,Rainy Lake,rainy lake,"lake in Ontario, Canada and Minnesota, United States",LOC,lake,26,,,False
Q771493,Lembata Island,lembata island,"island in Lembata Regency, East Nusa Tenggara Province, Indonesia",LOC,island,26,,,False
Q15133,Dammastock,dammastock,mountain of the Uri Alps at the border of Uri and Valais in Switzerland,LOC,mountain,26,,,False
Q1538617,Our Lady of the Rocks,our lady of the rocks,island,LOC,island,26,,,False
Q2341034,Bobowa,bobowa,city of Poland,GPE,city,26,,Poland,False
Q2668113,Ajaguz River,ajaguz river,river in Kazakhstan,LOC,river,26,,,False
Q1355723,Maewo,maewo,island in Vanuatu,LOC,island,26,,,False
Q81507,Nadym,nadym,"river in Yamalo-Nenets and Khanty-Mansi AOs, Russia",LOC,river,26,,,False
Q968728,Achit Lake,achit lake,"lake in Khovd Province, Mongolia",LOC,lake,26,,,False
Q1397551,Shangchuan Island,shangchuan island,"island of Guangdong, China",LOC,island,26,,,False
Q387757,Wiese Island,wiese island,island,LOC,island,26,,,False
Q1540498,Matale,matale,"Administrative Capital in Central Province, Sri Lanka",GPE,city,26,,Sri Lanka,False
Q2005416,Tymfi,tymfi,"mountain in Epirus, Greece",LOC,mountain,26,,,False
Q1253395,Khanewal,khanewal,city in Pakistan,GPE,city,26,165038.0,Pakistan,False
Q666705,Hallstätter See,hallstätter see,lake,LOC,lake,26,,,False
Q657763,Chitré,chitré,"Capital of Herrera Province, In Panama",GPE,city,26,,Panama,False
Q1190447,Wrangell Island,wrangell island,"island in Wrangell City and Borough, Alaska, United States",LOC,island,26,,,False
Q658832,Turgai River,turgai river,river in Kazakhstan,LOC,river,26,,,False
Q660005,Crathis,crathis,river in Italy,LOC,river,26,,,False
Q1193964,Augustine Volcano,augustine volcano,stratovolcano in Alaska,LOC,volcano,26,,,False
Q1194094,Nagara River,nagara river,river flows thorough Chubu region of Japan,LOC,river,26,,,False
Q1555230,Gurla Mandhata,gurla mandhata,"mountain in Tibet, China",LOC,mountain,26,,,False
Q1673881,Iseyin,iseyin,"LGA and town in Oyo State, Nigeria",GPE,city,26,236000.0,Nigeria,False
Q1243742,Panaro,panaro,river in Italy,LOC,river,26,,,False
Q2038472,Jijia River,jijia river,river in Romania,LOC,river,26,,,False
Q14685,Oredezh,oredezh,"river in Leningrad Oblast, Russia",LOC,river,26,,,False
Q1743701,Kishon River,kishon river,river in northern Israel,LOC,river,26,,,False
Q1136198,Cape Finisterre,cape finisterre,"Cabo Fisterra in Coruña, northwest of the Iberian Peninsula",LOC,cape,26,,,False
Q1356198,Kanheri Caves,kanheri caves,"ancient caves in Mumbai, India",LOC,cave,26,,,False
Q265585,Kentur Lokon,kentur lokon,"mountain in North Sulawesi, Indonesia",LOC,mountain,26,,,False
Q2330467,Guercif,guercif,city in Morocco,GPE,city,26,,Morocco,False
Q731761,Lake Kulunda,lake kulunda,"lake in Altai Krai, Russia",LOC,lake,26,,,False
Q2039551,Lake Sasykkol,lake sasykkol,lake in Kazakhstan,LOC,lake,26,,,False
Q31772,Moresby Island,moresby island,"island in North Coast Regional District, British Columbia, Canada",LOC,island,26,,,False
Q30408,Täschhorn,täschhorn,summit in the Pennine Alps,LOC,mountain,26,,,False
Q2542724,Ben Guerir,ben guerir,"city in Marrakesh-Safi, Morocco",GPE,city,26,114872.0,Morocco,False
Q849296,Bregalnica,bregalnica,river in North Macedonia,LOC,river,26,,,False
Q1232016,Kasese,kasese,town in Uganda,GPE,city,26,,Uganda,False
Q1241374,Moca,moca,city in the Dominican Republic,GPE,city,26,,Dominican Republic,False
Q1249801,Pakpattan,pakpattan,"city in Punjab, Pakistan",GPE,city,26,139525.0,Pakistan,False
Q1853477,Thor Peak,thor peak,"mountain in Nunavut, Canada",LOC,mountain,26,,,False
Q988586,Sianów,sianów,city of Poland,GPE,city,26,,Poland,False
Q1756535,Minija,minija,"river in Lithuania, right-side tributary of Atmata",LOC,river,26,,,False
Q674801,Schilthorn,schilthorn,mountain,LOC,mountain,26,,,False
Q1414448,Tofua,tofua,island in Tonga,LOC,mountain,26,,,False
Q1415130,Revillagigedo Island,revillagigedo island,island in the United States of America,LOC,island,26,,,False
Q1415428,Monte Cinto,monte cinto,mountain on the island of Corsica,LOC,mountain,26,,,False
Q1462981,Kolva,kolva,"river in Komi and Nenets AO, Russia",LOC,river,26,,,False
Q185615,Cem River,cem river,river in Montenegro and Albania,LOC,river,26,,,False
Q1819167,Trans-Karakoram Tract,trans-karakoram tract,area along the Shaksgam River,LOC,valley,26,,,False
Q182414,Chizumulu Island,chizumulu island,island in Malawi,LOC,island,26,,,False
Q182941,Inis Oírr,inis oírr,island on the west coast of Ireland,LOC,island,26,,,False
Q1422715,Rangitoto Island,rangitoto island,island in New Zealand,LOC,volcano,26,,,False
Q1423724,Mataiva,mataiva,island in French Polynesia,LOC,island,26,,,False
Q2029702,Nhlangano,nhlangano,"town in Shiselweni, Swaziland",GPE,city,26,,Eswatini,False
Q1424587,Inis Meáin,inis meáin,island on the west coast of Ireland,LOC,island,26,,,False
Q203228,Chikoy,chikoy,"river in Zabaykalsky Krai, Russia",LOC,river,26,,,False
Q556632,Thursday Island,thursday island,"island in Queensland, Australia",LOC,island,26,,,False
Q1127096,Drac,drac,river in France,LOC,river,26,,,False
Q1063006,Tama River,tama river,river in Japan,LOC,river,26,,,False
Q1111957,Busia,busia,town in Western Kenya,GPE,city,26,,Kenya,False
Q1137503,Kongsøya,kongsøya,island of Svalbard,LOC,island,26,,,False
Q1059295,Rawaki Island,rawaki island,island,LOC,island,26,,,False
Q1551989,Oude Maas,oude maas,distributary of the Rhine River,LOC,river,26,,,False
Q30466,Aiguille Verte,aiguille verte,mountain in the Mont Blanc massif in the Alps,LOC,mountain,26,,,False
Q30499,Lauteraarhorn,lauteraarhorn,mountain in the Swiss Alps,LOC,mountain,26,,,False
Q1191273,Santa Catarina Island,santa catarina island,island in Brazil,LOC,island,26,,,False
Q3042478,Belogradchik Rocks,belogradchik rocks,natural monument in Bulgaria,LOC,mountain,26,,,False
Q391699,Šipan,šipan,island of Croatia,LOC,island,26,,,False
Q45094,Svitava,svitava,river in the Czech Republic,LOC,river,26,,,False
Q1143135,Mount Judi,mount judi,mountain in Turkey,LOC,mountain,26,,,False
Q940488,St. Marys River,st. marys river,river draining Lake Superior into Lake Huron in North America,LOC,river,26,,,False
Q1545708,Pangkor Island,pangkor island,island in Malaysia,LOC,island,26,,,False
Q808365,Barmer,barmer,"city in Rajasthan, India",GPE,city,26,,India,False
Q809428,Bartica,bartica,Regional capital of Cuyuni-Mazaruni or Region N.7 administered de facto by Guyana and claimed by Venezuela,GPE,city,26,,Guyana,False
Q762430,Hamilton,hamilton,"city in Victoria, Australia",GPE,city,26,,Australia,False
Q1338,Upper Peninsula of Michigan,upper peninsula of michigan,"northern major peninsula of Michigan, United States of America",LOC,peninsula,26,,,False
Q1025311,Kunów,kunów,city of Poland,GPE,city,26,,Poland,False
Q1025316,Wleń,wleń,city of Poland,GPE,city,26,,Poland,False
Q520821,Haripur,haripur,"city in Hazara, Pakistan",GPE,city,26,,Pakistan,False
Q1248298,Sesia,sesia,river in Italy,LOC,river,26,,,False
Q1020277,Junín,junín,"city in Buenos Aires province, Argentina",GPE,city,26,,Argentina,False
Q990999,Jessheim,jessheim,"settlement in Ullensaker Municipality, Norway",GPE,city,26,,Norway,False
Q991829,Więcbork,więcbork,city of Poland,GPE,city,26,,Poland,False
Q783742,Pico Duarte,pico duarte,highest mountain in Dominican Republic,LOC,mountain,26,,,False
Q785760,Phillip Island,phillip island,"island in Victoria, Australia",LOC,island,26,,,False
Q1323539,Mount Heng,mount heng,mountain range,LOC,mountain,26,,,False
Q132378,Mount Oeta,mount oeta,"mountain in Lamia municipality, Greece",LOC,mountain,26,,,False
Q1164831,Dubna,dubna,"river in Vladimir, Moscow, and Tver Oblasts, Russia",LOC,river,26,,,False
Q1458500,Vodla,vodla,"river in Karelia, Russia",LOC,river,26,,,False
Q1459264,Northbrook,northbrook,"island in Franz Josef Land, Russia",LOC,island,26,,,False
Q1784849,Pronya,pronya,"river in Ryazan and Tula Oblasts, Russia",LOC,river,26,,,False
Q422737,Pomerape,pomerape,mountain in Chile,LOC,volcano,26,,,False
Q1146058,Kotorosl,kotorosl,"river in Yaroslavl Oblast, Russia",LOC,river,26,,,False
Q393594,Agia Paraskevi,agia paraskevi,"suburb of Athens, Greece",GPE,city,26,,Greece,False
Q1142304,Oinousses,oinousses,Greek island,LOC,island,26,,,False
Q422765,Socompa,socompa,mountain in Argentina,LOC,volcano,26,,,False
Q904566,Brecqhou,brecqhou,"islet in the Channel Islands, a dependency of the UK Crown",LOC,island,26,,,False
Q426309,Spercheios,spercheios,river in central Greece,LOC,river,26,,,False
Q987160,Kałuszyn,kałuszyn,city of Poland,GPE,city,26,,Poland,False
Q1019152,San Martín de los Andes,san martín de los andes,"city in Neuquén Province, Argentina",GPE,city,26,,Argentina,False
Q892276,Bondoukou,bondoukou,city of côte d'ivoire,GPE,city,26,141568.0,Ivory Coast,False
Q917434,Jauja,jauja,Peruvian city,GPE,city,26,,Peru,False
Q504922,Emscher,emscher,"river in the Ruhr area in North Rhine-Westphalia, Germany",LOC,river,26,,,False
Q674016,Praděd,praděd,mountain in Czechia,LOC,mountain,26,,,False
Q1455933,Mun River,mun river,river in Thailand,LOC,river,26,,,False
Q3841,Colina,colina,Chilean city and commune,GPE,city,26,146209.0,Chile,False
Q387095,Ścinawa,ścinawa,"city, Lower-Silesian Voivodeship, Poland",GPE,city,26,,Poland,False
Q1552100,Kanjut Sar,kanjut sar,mountain,LOC,mountain,26,,,False
Q1190869,Catió,catió,city in Guinea-Bissau,GPE,city,26,,Guinea-Bissau,False
Q11661371,Aoshima,aoshima,"island in Ehime Prefecture, Japan",LOC,island,26,,,False
Q519866,Mat,mat,river in northern Albania,LOC,river,26,,,False
Q1513944,Mount Tomanivi,mount tomanivi,highest mountain in Fiji,LOC,mountain,26,,,False
Q2080938,Agboville,agboville,city of côte d'ivoire,GPE,city,26,135082.0,Ivory Coast,False
Q1422297,Out Stack,out stack,"island in Shetland Islands, Scotland, UK",LOC,island,26,,,False
Q2088218,Ruza,ruza,"river in Moscow Oblast, Russia",LOC,river,26,,,False
Q288240,Pelym,pelym,"river in Sverdlovsk Oblast, Russia",LOC,river,26,,,False
Q1551402,Langtang Lirung,langtang lirung,mountain,LOC,mountain,26,,,False
Q281748,Lake Vegoritida,lake vegoritida,"lake in Macedonia, Greece",LOC,lake,26,,,False
Q28025526,Vinicunca,vinicunca,"rainbow mountain of Peru, touristic venue",LOC,mountain,26,,,False
Q1005538,Czerwionka-Leszczyny,czerwionka-leszczyny,city of Poland,GPE,city,26,,Poland,False
Q1005905,Lwówek,lwówek,"town in Nowy Tomyśl County, Greater Poland Voivodeship, Poland",GPE,city,26,,Poland,False
Q4166460,Donuzlav,donuzlav,lake in Crimea,LOC,lake,26,,,False
Q991866,Szlichtyngowa,szlichtyngowa,city of Poland,GPE,city,26,,Poland,False
Q1005419,Twardogóra,twardogóra,city of Poland,GPE,city,26,,Poland,False
Q1005428,Przemków,przemków,city of Poland,GPE,city,26,,Poland,False
Q1005453,Kolonowskie,kolonowskie,"place in Opole Voivodeship, Poland",GPE,city,26,,Poland,False
Q116675,Mount Tenakourou,mount tenakourou,the highest mountain in Burkina Faso,LOC,mountain,26,,,False
Q2077754,Maria Island,maria island,island off the eastern Tasmanian coast,LOC,island,26,,,False
Q2003745,Nowshera,nowshera,"city in Khyber Pakhtunkhwa, Pakistan",GPE,city,26,118594.0,Pakistan,False
Q720842,Mancherial,mancherial,"City in Mancherial mandal of Mancherial district, Telangana, India",GPE,city,26,110000.0,India,False
Q407792,Brunei River,brunei river,river in Brunei,LOC,river,26,,,False
Q408206,Bartolomé Island,bartolomé island,island in the Pacific Ocean,LOC,island,26,,,False
Q2302162,Talgar,talgar,"town in Almaty Region, Kazakhstan",GPE,city,26,,Kazakhstan,False
Q2305836,Swan Hill,swan hill,"city in Victoria, Australia",GPE,city,26,,Australia,False
Q393043,Żarów,żarów,city of Poland,GPE,city,26,,Poland,False
Q1548344,Tabarca,tabarca,island in Spain,LOC,island,26,,,False
Q1420262,Veleta,veleta,"mountain in Granada, Spain",LOC,mountain,26,,,False
Q806836,Banks Peninsula,banks peninsula,"Peninsula south of Christchurch, New Zealand",LOC,peninsula,26,,,False
Q952248,Lake Lovozero,lake lovozero,"lake in Murmansk Oblast, Russia",LOC,lake,26,,,False
Q953206,Uddjaure,uddjaure,"lake in Arjeplog Municipality, Norrbotten County, Sweden",LOC,lake,26,,,False
Q1148854,K12,k12,peak in the Karakoram mountain range on Indian side of LOC,LOC,mountain,26,,,False
Q292606,Île à Vache,île à vache,island,LOC,island,26,,,False
Q12562791,Bystraya Sosna,bystraya sosna,"river in Oryol and Lipetsk Oblasts, Russia",LOC,river,26,,,False
Q1364331,Ilet,ilet,"river in Mari El, Russia",LOC,river,26,,,False
Q278613,"Klos, Mat",klos mat,town in Dibër of Albania,GPE,city,26,,Albania,False
Q950398,Písac,písac,town in Peru,GPE,city,26,,Peru,False
Q2338605,Kaduna River,kaduna river,river in Nigeria,LOC,river,26,,,False
Q2470386,Ayu-Dag,ayu-dag,summit of Crimea,LOC,mountain,26,,,False
Q247494,Serchio,serchio,river in Italy,LOC,river,26,,,False
Q2417904,Lake Matano,lake matano,lake in Indonesia,LOC,lake,26,,,False
Q965252,Heaven Lake of Tian Shan,heaven lake of tian shan,lake,LOC,lake,26,,,False
Q1341908,Tuloma,tuloma,"river in Murmansk Oblast, Russia",LOC,river,26,,,False
Q701606,Głuszyca,głuszyca,city of Poland,GPE,city,26,,Poland,False
Q701651,Miaoli City,miaoli city,"A county-administered city in Miaoli County, Taiwan",GPE,city,26,,Taiwan,False
Q761535,Pyramid Lake,pyramid lake,"lake in Nevada, United States",LOC,lake,26,,,False
Q2573916,Mansa,mansa,"city and a municipal council in Mansa District, Punjab, India",GPE,city,26,,India,False
Q856630,Konda,konda,"river in Khanty-Mansi Autonomous Okrug, Russia, tributary to the Irtysh",LOC,river,26,,,False
Q609395,Boysun,boysun,human settlement,GPE,city,26,,Uzbekistan,False
Q1001496,Jeziorany,jeziorany,city of Poland,GPE,city,26,,Poland,False
Q701904,Stol / Hochstuhl,stol / hochstuhl,mountain in the Karawanks at the border Carinthia / Slovenia,LOC,mountain,25,,,False
Q1002685,Stawiszyn,stawiszyn,city of Poland,GPE,city,25,,Poland,False
Q1074370,Vipava,vipava,river in Slovenia,LOC,river,25,,,False
Q3116519,Grenville,grenville,town in Grenada,GPE,city,25,,Grenada,False
Q1950776,Mount Tyree,mount tyree,mountain of Antarctica,LOC,mountain,25,,,False
Q964198,San Joaquin Valley,san joaquin valley,"southern part of the Central Valley in California, United States",LOC,valley,25,,,False
Q1928550,Pulau Ubin,pulau ubin,North-Eastern Island of Singapore,LOC,island,25,,,False
Q996478,Guarenas,guarenas,city in Venezuela,GPE,city,25,208663.0,Venezuela,False
Q997029,Criuleni,criuleni,city in Moldova,GPE,city,25,,Moldova,False
Q522489,Evinos,evinos,"river in Nafpaktia municipality, Greece",LOC,river,25,,,False
Q928213,Khemchik,khemchik,"river in Tuva, Russia",LOC,river,25,,,False
Q932761,Nera,nera,Italian river,LOC,river,25,,,False
Q1472501,Lake Koroneia,lake koroneia,"lake in Macedonia, Greece",LOC,lake,25,,,False
Q740236,Asella,asella,Ethiopian town,GPE,city,25,110088.0,Ethiopia,False
Q1478880,Peñalara,peñalara,mountain,LOC,mountain,25,,,False
Q1384924,Farallon de Pajaros,farallon de pajaros,uninhabited volcanic island in the Northern Mariana Islands,LOC,island,25,,,False
Q1362517,Ostravice,ostravice,river in the Czech Republic,LOC,river,25,,,False
Q944346,Schmidt Island,schmidt island,island,LOC,island,25,,,False
Q1514873,Tata Sabaya,tata sabaya,mountain in Bolivia,LOC,mountain,25,,,False
Q180558,Bafing River,bafing river,river,LOC,river,25,,,False
Q404702,Aiguille du Dru,aiguille du dru,mountain,LOC,mountain,25,,,False
Q1785181,Tosna,tosna,"river in Leningrad Oblast, Russia",LOC,river,25,,,False
Q421658,Aksu River,aksu river,river in China and Kyrgyzstan,LOC,river,25,,,False
Q1152278,Little Colorado River,little colorado river,river in the United States of America,LOC,river,25,,,False
Q291233,Churchill River,churchill river,"river in Newfoundland and Labrador, Canada",LOC,river,25,,,False
Q285416,Warbah Island,warbah island,island,LOC,island,25,,,False
Q1549215,Julianatop,julianatop,mountain in Suriname,LOC,mountain,25,,,False
Q951667,Farmakonisi,farmakonisi,"island of the Dodecanese Prefecture, Greece",LOC,island,25,,,False
Q2711899,Greater Noida,greater noida,"city in Gautam Buddha Nagar district, Uttar Pradesh, India",GPE,city,25,107676.0,India,False
Q890532,Kallavesi,kallavesi,"lake of North Savo region, Finland",LOC,lake,25,,,False
Q1547142,Nea Kameni,nea kameni,island in the Santorini caldera,LOC,volcano,25,,,False
Q1547493,Herschel Island,herschel island,"island in Yukon, Canada",LOC,island,25,,,False
Q286640,Chuy Valley,chuy valley,valley,LOC,valley,25,,,False
Q1147502,Marchena Island,marchena island,Island in the Galapagos Archipelago in Ecuador,LOC,volcano,25,,,False
Q1147722,Fox Glacier,fox glacier,glacier in New Zealand,LOC,glacier,25,,,False
Q281968,Tresco,tresco,island in the Isles of Scilly,LOC,island,25,,,False
Q283552,Gaussberg,gaussberg,mountain in Antartica,LOC,mountain,25,,,False
Q280252,Atlin Lake,atlin lake,"lake in British Columbia, Yukon, Canada",LOC,lake,25,,,False
Q2100974,Dovrefjell,dovrefjell,mountain in Norway,LOC,mountain,25,,,False
Q1005511,Krzepice,krzepice,city of Poland,GPE,city,25,,Poland,False
Q1638191,Kumpupintil Lake,kumpupintil lake,"lake in Western Australia, Australia",LOC,lake,25,,,False
Q1640519,Lake Tharthar,lake tharthar,lake in Iraq,LOC,lake,25,,,False
Q1256107,Lake Plav,lake plav,lake in Montenegro,LOC,lake,25,,,False
Q1810813,Łeba,łeba,river in Poland,LOC,river,25,,,False
Q1813407,Iput,iput,river in Belarus and Russia,LOC,river,25,,,False
Q991849,Mirsk,mirsk,city of Poland,GPE,city,25,,Poland,False
Q514648,Lugnaquilla,lugnaquilla,"mountain in Wicklow, Ireland",LOC,mountain,25,,,False
Q1309255,Lifuka,lifuka,island in Tonga,LOC,island,25,,,False
Q1309731,Raivavae,raivavae,island in France,LOC,island,25,,,False
Q131051,Saint Andrew,saint andrew,Island,LOC,island,25,,,False
Q2287316,Jerada,jerada,city in Morocco,GPE,city,25,,Morocco,False
Q1921003,Nowogród,nowogród,city of Poland,GPE,city,25,,Poland,False
Q1506343,Motala ström,motala ström,river in Sweden,LOC,river,25,,,False
Q612965,Anvers Island,anvers island,"high, mountainous island 61 km (38 miles) long, outside Antarctica",LOC,island,25,,,False
Q607976,Paranapanema River,paranapanema river,river in Brazil,LOC,river,25,,,False
Q609700,Stone Mountain,stone mountain,"mountain and state park in Georgia, United States",LOC,mountain,25,,,False
Q768689,Pieniężno,pieniężno,city of Poland,GPE,city,25,,Poland,False
Q151445,Bass Rock,bass rock,island in the east of Scotland,LOC,mountain,25,,,False
Q1421409,Fitzroy River,fitzroy river,"river in Queensland, Australia",LOC,river,25,,,False
Q715143,Poronay,poronay,"river in Sakhalin, Russia",LOC,river,25,,,False
Q715788,Buir Lake,buir lake,lake between Mongolia and China,LOC,lake,25,,,False
Q607132,Skępe,skępe,city of Poland,GPE,city,25,,Poland,False
Q1421873,Istor-o-Nal,istor-o-nal,mountain in Pakistan,LOC,mountain,25,,,False
Q30446,Castor,castor,mountain in the Pennine Alps,LOC,mountain,25,,,False
Q293988,Save River,save river,river,LOC,river,25,,,False
Q1140505,Yodo River,yodo river,river in Japan,LOC,river,25,,,False
Q568256,Jablanica Mountains,jablanica mountains,mountain range,LOC,mountain,25,,,False
Q4148644,Greenland,greenland,island located between the Arctic Ocean and the North Atlantic Ocean,LOC,island,25,,,False
Q1790072,Mount Okmok,mount okmok,mountain in United States of America,LOC,volcano,25,,,False
Q927096,Bromölla,bromölla,"urban area in Bromölla Municipality, Skåne County, Sweden",GPE,city,25,,Sweden,False
Q506284,Isle of Gigha,isle of gigha,"island off the west coast of Kintyre, Argyll and Bute, Scotland, UK",LOC,island,25,,,False
Q791572,Avşa,avşa,"mahalle (administrative quarter) in Marmara, Balıkesir, northwestern Turkey",LOC,island,25,,,False
Q1418551,Langøya,langøya,"island in Nordland, Norway",LOC,island,25,,,False
Q670414,Dora Riparia,dora riparia,river,LOC,river,25,,,False
Q674219,Lepenac,lepenac,river in Kosovo and North Macedonia,LOC,river,25,,,False
Q14558,Lima River,lima river,"river that runs west from Galicia, Spain, and through the north of Portugal, towards the Atlantic Ocean",LOC,river,25,,,False
Q2078034,Grand Teton,grand teton,mountain in United States of America,LOC,mountain,25,,,False
Q2071851,Parsęta,parsęta,river in Poland,LOC,river,25,,,False
Q2995601,Loktak Lake,loktak lake,lake in India,LOC,lake,25,,,False
Q299994,Oyat,oyat,"river in Leningrad and Vologda Oblasts, Russia",LOC,river,25,,,False
Q1050899,McKean Island,mckean island,island,LOC,island,25,,,False
Q1850973,Karatau,karatau,"place in Jambyl Region, Kazakhstan",GPE,city,25,,Kazakhstan,False
Q927195,Soła,soła,"river in the Beskides, Poland",LOC,river,25,,,False
Q794264,Volcán Azufral,volcán azufral,mountain in Colombia,LOC,volcano,25,,,False
Q806929,Banpo,banpo,ancient Chinese city,GPE,city,25,,People's Republic of China,False
Q623490,Rebun Island,rebun island,"island in Hokkaido, Japan",LOC,island,25,,,False
Q891266,Bolaven Plateau,bolaven plateau,Elevated region in southern Laos,LOC,mountain,25,,,False
Q516116,Fushë-Arrëz,fushë-arrëz,town of Albania,GPE,city,25,,Albania,False
Q398774,Agusan River,agusan river,river located in the eastern part of Mindanao island in the Philippines,LOC,river,25,,,False
Q391098,Tsilma,tsilma,"river in Komi and Arkhangelsk Oblast, Russia",LOC,river,25,,,False
Q788452,Dragonja,dragonja,river in Istria,LOC,river,25,,,False
Q789056,Bakoy River,bakoy river,river,LOC,river,25,,,False
Q2092228,Monte San Valentin,monte san valentin,mountain in Chile,LOC,mountain,25,,,False
Q1784850,Korvatunturi,korvatunturi,"mountain in Savukoski, Finland",LOC,mountain,25,,,False
Q1122800,Witkowo,witkowo,city of Poland,GPE,city,25,,Poland,False
Q2752255,Lake Sarysu,lake sarysu,lake in Azerbaijan,LOC,lake,25,,,False
Q2774516,Obimayor Island,obimayor island,"island in South Halmahera Regency, North Maluku Province, Indonesia",LOC,island,25,,,False
Q1142895,Cubagua,cubagua,"island of Nueva Esparta, Venezuela",LOC,island,25,,,False
Q414577,Akademia Nauk,akademia nauk,Volcano in Russia,LOC,volcano,25,,,False
Q71122,Chir,chir,"river in Rostov and Volgograd Oblasts, Russia",LOC,river,25,,,False
Q14608,Tâmega River,tâmega river,river in Spain and Portugal,LOC,river,25,,,False
Q2335680,Sensuntepeque,sensuntepeque,city in El Salvador,GPE,city,25,,El Salvador,False
Q923058,Lozva,lozva,"river in Sverdlovsk Oblast, Russia",LOC,river,25,,,False
Q1551962,Mount Tasman,mount tasman,mountain in New Zealand,LOC,mountain,25,,,False
Q30464,Bishorn,bishorn,mountain in the Pennine Alps,LOC,mountain,25,,,False
Q30423,Ludwigshöhe,ludwigshöhe,mountain in the Pennine Alps,LOC,mountain,25,,,False
Q30426,Nadelhorn,nadelhorn,mountain in the Pennine Alps,LOC,mountain,25,,,False
Q2055907,Pasłęka,pasłęka,river in Poland,LOC,river,25,,,False
Q1848950,Rogue River,rogue river,"river in Oregon, United States",LOC,river,25,,,False
Q1851445,Paraguaná Peninsula,paraguaná peninsula,"peninsula in Falcón, Central-Western Region",LOC,peninsula,25,,,False
Q499375,Daru,daru,"capital city of Western Province, Papua New Guinea",GPE,city,25,,Papua New Guinea,False
Q1524575,Ura Vajgurore,ura vajgurore,town in Albania in Dimal municipality,GPE,city,25,,Albania,False
Q1530295,Divo,divo,city of côte d'ivoire,GPE,city,25,294559.0,Ivory Coast,False
Q1479905,Gazivoda Lake,gazivoda lake,reservoir,LOC,lake,25,,,False
Q148154,Paulet Island,paulet island,"island in Graham Land, Antarctica",LOC,mountain,25,,,False
Q1757262,Uzh,uzh,river in Northern Ukraine,LOC,river,25,,,False
Q1416209,Segozero,segozero,"lake in Karelia, Russia",LOC,lake,25,,,False
Q63148,Lake Idro,lake idro,lake,LOC,lake,25,,,False
Q1831562,Holy Island,holy island,"island next to the island of Anglesey, Wales",LOC,island,25,,,False
Q1241991,Albany River,albany river,"watercourse in Ontario, Canada",LOC,river,25,,,False
Q1423135,Hańcza,hańcza,the deepest lake in Poland,LOC,lake,25,,,False
Q668321,Pizzo Badile,pizzo badile,mountain between Italy and Switzerland,LOC,mountain,25,,,False
Q1190569,Tangkuban Perahu,tangkuban perahu,mountain in Indonesia,LOC,mountain,25,,,False
Q550163,Slieve Donard,slieve donard,"mountain in County Down, Northern Ireland, UK",LOC,mountain,25,,,False
Q1542874,San Juan River,san juan river,"tributary of the Colorado River in Utah, Colorado, and New Mexico in the United States",LOC,river,25,,,False
Q1059228,Kwilu River,kwilu river,river,LOC,river,25,,,False
Q1100303,Siguiri,siguiri,city of Guinea,GPE,city,25,183875.0,Guinea,False
Q1137565,Lama,lama,"river in Moscow and Tver Oblasts, Russia",LOC,river,25,,,False
Q1144905,Lake Pihkva,lake pihkva,lake in Russia and Estonia,LOC,lake,25,,,False
Q27218,Kamo River,kamo river,"river in Kyoto Prefecture, Japan",LOC,river,25,,,False
Q272986,Lake Çıldır,lake çıldır,lake,LOC,lake,25,,,False
Q2659607,Ubagan River,ubagan river,river in Russia,LOC,river,25,,,False
Q1115810,Kronotskoye Lake,kronotskoye lake,"lake in Kamchatka, Russia",LOC,lake,25,,,False
Q1509208,Vanua Lava,vanua lava,island,LOC,island,25,,,False
Q1013428,Mokhotlong,mokhotlong,city,GPE,city,25,,Lesotho,False
Q545559,Pyhäjärvi,pyhäjärvi,"lake in Pirkanmaa, Finland (near Tampere)",LOC,lake,25,,,False
Q1574679,Idrijca,idrijca,river in Slovenia; left tributary of the Soča (Isonzo),LOC,river,25,,,False
Q15653,Vouga River,vouga river,protected area in Portugal,LOC,river,25,,,False
Q849086,Skeppsholmen,skeppsholmen,"island of Stockholm, Sweden",LOC,island,25,,,False
Q2028610,Tarkhankut Peninsula,tarkhankut peninsula,peninsula in Crimea,LOC,peninsula,25,,,False
Q387842,Afrin River,afrin river,river,LOC,river,25,,,False
Q923929,Pactolus,pactolus,river in Turkey,LOC,river,25,,,False
Q938457,Tadmur,tadmur,modern city of Palmyra near its ancient ruins,GPE,city,25,,Syria,False
Q924098,Gornji Vakuf-Uskoplje,gornji vakuf-uskoplje,populated place in Bosnia and Herzegovina,GPE,city,25,,Bosnia and Herzegovina,False
Q4283228,Astola Island,astola island,Offshore island of Pakistan,LOC,island,25,,,False
Q1773449,Vit,vit,river in Bulgaria,LOC,river,25,,,False
Q1756721,Levitha,levitha,"island of the Dodecanese, Greece",LOC,island,25,,,False
Q666796,Gornergrat,gornergrat,mountain,LOC,mountain,25,,,False
Q777794,Ausangate,ausangate,mountain in Peru,LOC,mountain,25,,,False
Q3115880,Kabru,kabru,mountain of the Himalayas,LOC,mountain,25,,,False
Q14340,Birs,birs,river in Switzerland,LOC,river,25,,,False
Q1434255,Shapinsay,shapinsay,"island and civil parish in Orkney Islands, Scotland, UK",LOC,island,25,,,False
Q1435038,Kverkfjöll,kverkfjöll,mountain,LOC,volcano,25,,,False
Q1568935,Migingo Island,migingo island,island,LOC,island,25,,,False
Q1570197,River Don,river don,"river in South Yorkshire, England",LOC,river,25,,,False
Q1494067,"La Banda, Santiago del Estero",la banda santiago del estero,"Santiago del Estero, Argentina",GPE,city,25,128834.0,Argentina,False
Q20380,Jalón River,jalón river,river of Spain main affluent of the Ebro by the right margin,LOC,river,25,,,False
Q1464465,Raikoke,raikoke,island in Russia,LOC,island,25,,,False
Q742598,Għar Dalam,għar dalam,cave,LOC,cave,25,,,False
Q922382,Küçük Menderes River,küçük menderes river,"river in İzmir, western Turkey",LOC,river,25,,,False
Q1063222,Kharimkotan,kharimkotan,"island in Kuril Islands, Russia",LOC,island,25,,,False
Q1131514,Coppermine River,coppermine river,river in Canada,LOC,river,25,,,False
Q264862,Tavurvur,tavurvur,mountain,LOC,mountain,25,,,False
Q387148,Ślęża,ślęża,mountain in Poland,LOC,mountain,25,,,False
Q1515971,Perfume River,perfume river,river in Vietnam,LOC,river,25,,,False
Q1537774,Volcán Mombacho,volcán mombacho,"Vulkan in Nicaragua, Granada Department, near Lake Nicaragua",LOC,mountain,25,,,False
Q1060898,Chamlang,chamlang,mountain,LOC,mountain,25,,,False
Q2482800,Buka,buka,city in Papua New Guinea,GPE,city,25,,Papua New Guinea,False
Q2320876,Seiyun,seiyun,"city in Hadhramaut, Yemen",GPE,city,25,120137.0,Yemen,False
Q1081635,Dadu,dadu,"city in Sindh, Pakistan",GPE,city,25,146179.0,Pakistan,False
Q1094438,Monte Civetta,monte civetta,mountain,LOC,mountain,25,,,False
Q1122340,Rincón de la Vieja Volcano,rincón de la vieja volcano,"volcano in Liberia, Guanacaste, Costa Rica",LOC,mountain,25,,,False
Q1813609,Skalbmierz,skalbmierz,city of Poland,GPE,city,25,,Poland,False
Q868968,River Conwy,river conwy,river in Wales,LOC,river,25,,,False
Q3619316,Grenaa,grenaa,town in central Denmark,GPE,city,25,,Denmark,False
Q2040044,Tskhenistsqali,tskhenistsqali,river in Georgia,LOC,river,25,,,False
Q1251249,Vehari,vehari,"city in Punjab, Pakistan",GPE,city,25,128034.0,Pakistan,False
Q1252806,Mandi Bahauddin,mandi bahauddin,"city in Punjab, Pakistan",GPE,city,25,157352.0,Pakistan,False
Q1253663,Hafizabad,hafizabad,human settlement,GPE,city,25,169702.0,Pakistan,False
Q563067,Anna Regina,anna regina,"Pomeroon-Supenaam Regional Capital or Region N.2, controlled de facto by Guyana and claimed by Venezuela",GPE,city,25,,Venezuela,False
Q1753730,Emba Soira,emba soira,mountain in Eritrea,LOC,mountain,25,,,False
Q1897488,Anaco,anaco,"city in the Venezuelan Anzoátegui State, the shire town of the Anaco Municipality",GPE,city,25,162704.0,Venezuela,False
Q521322,Aboisso,aboisso,city of côte d'ivoire,GPE,city,25,100903.0,Ivory Coast,False
Q1771385,Salisbury Island,salisbury island,"island located in central area of Franz Josef Land, Russia",LOC,island,25,,,False
Q1272368,Vindel River,vindel river,river in Sweden,LOC,river,25,,,False
Q991998,Libiąż,libiąż,city in southern Poland,GPE,city,25,,Poland,False
Q384147,Tuba,tuba,"river in Krasnoyarsk Krai, Russia",LOC,river,25,,,False
Q385753,Punta La Marmora,punta la marmora,mountain in Italy,LOC,mountain,25,,,False
Q375754,Bygdøy,bygdøy,part of Oslo,LOC,peninsula,25,,,False
Q1320517,Ushakov Island,ushakov island,island in Russia,LOC,island,25,,,False
Q1578612,Ulungur Lake,ulungur lake,"lake in Xinjiang, People's Republic of China",LOC,lake,25,,,False
Q772975,Cape Spartel,cape spartel,promontory on the northwestern tip of Morocco,LOC,cape,25,,,False
Q773919,Aunuʻu,aunuʻu,island of American Samoa,LOC,island,25,,,False
Q202299,Ua Huka,ua huka,island in French Polynesia,LOC,island,25,,,False
Q390433,Agan River,agan river,river in Russia,LOC,river,25,,,False
Q1632220,Lucea,lucea,city in Jamaica,GPE,city,25,,Jamaica,False
Q1096067,Kiska,kiska,"island in Aleutians West Census Area, Alaska, United States",LOC,island,25,,,False
Q1397570,Fassa Valley,fassa valley,valley in Northern Italy,LOC,valley,25,,,False
Q966442,Roque del Este,roque del este,"small uninhabited island in the Canary Islands, located 11 km northeast of the island of Lanzarote",LOC,island,25,,,False
Q967714,Petite Martinique,petite martinique,island in Grenada,LOC,island,25,,,False
Q119656,Cofre de Peru en tanga,cofre de peru en tanga,"mountain in Veracruz, Mexico",LOC,mountain,25,,,False
Q8498,Arghandab River,arghandab river,river in Afghanistan,LOC,river,25,,,False
Q850119,Red Deer River,red deer river,"river in Alberta and Saskatchewan, Canada",LOC,river,25,,,False
Q54239,Othonoi,othonoi,Greek island in Ionian Sea,LOC,island,25,,,False
Q1014564,Coca,coca,"city in Ecuador, capital of the Orellana Province",GPE,city,25,,Ecuador,False
Q1015165,Korsze,korsze,city of Poland,GPE,city,25,,Poland,False
Q2855736,Ferkessédougou,ferkessédougou,city of côte d'ivoire,GPE,city,25,160267.0,Ivory Coast,False
Q1584933,Roanoke River,roanoke river,"river in Virginia and North Carolina, United States",LOC,river,25,,,False
Q132051,Ketoy,ketoy,"island in Kuril Islands, Russia",LOC,island,25,,,False
Q1708042,Gumla,gumla,city,GPE,city,25,,India,False
Q2832251,Fagernes,fagernes,"administrative centre and town in Innlandet, Norway",GPE,city,25,,Norway,False
Q1535541,Pyasino,pyasino,"lake in Krasnoyarsk Krai, Russia",LOC,lake,25,,,False
Q176087,Aiviekste,aiviekste,river in Latvia,LOC,river,25,,,False
Q2282164,Alay Valley,alay valley,valley in Central Asia,LOC,valley,25,,,False
Q14497,Greifensee,greifensee,"lake in the district of Uster in the canton of Zurich, Switzerland",LOC,lake,25,,,False
Q880512,Black River,black river,Jamaican parochial capital,GPE,city,25,,Jamaica,False
Q517787,Merrimack River,merrimack river,"river in New Hampshire and Massachusetts, United States",LOC,river,25,,,False
Q2241122,Khordha,khordha,"city in Odisha, India",GPE,city,25,,India,False
Q1349493,Erdre,erdre,river in France,LOC,river,25,,,False
Q1428520,Crescent Lake,crescent lake,"lake in Dunhuang, Gansu, People's Republic of China",LOC,lake,25,,,False
Q651207,Arguin,arguin,island near Mauritania,LOC,island,25,,,False
Q653678,Metauro,metauro,river in Italy,LOC,river,25,,,False
Q1343217,Cheremosh River,cheremosh river,river in Ukraine,LOC,river,25,,,False
Q1280559,Skała,skała,city of Poland,GPE,city,25,,Poland,False
Q337123,Mit Ghamr,mit ghamr,city in Egypt,GPE,city,25,134386.0,Egypt,False
Q908287,Domica,domica,cave in Slovakia,LOC,cave,25,,,False
Q46605456,Veryovkina Cave,veryovkina cave,natural cave in Georgia,LOC,cave,25,,,False
Q338790,Pico Cristóbal Colón,pico cristóbal colón,summit in Sierra Nevada de Santa Marta,LOC,mountain,25,,,False
Q1432599,Inishowen,inishowen,peninsula in Ireland,LOC,peninsula,25,,,False
Q1432927,Tindfjallajökull,tindfjallajökull,glacier in Iceland,LOC,volcano,25,,,False
Q1975866,Mount Ebal,mount ebal,mountain in the immediate vicinity of the city of Nablus in the West Bank,LOC,mountain,25,,,False
Q73723,Ksamil Islands,ksamil islands,four small islands located in southern Albania,LOC,island,25,,,False
Q3346,Ilmenau,ilmenau,"left and southern tributary of the river Elbe in Lower Saxony, Germany",LOC,river,25,,,False
Q1280822,Maków Podhalański,maków podhalański,city of Poland,GPE,city,25,,Poland,False
Q1280831,Ryglice,ryglice,city of Poland,GPE,city,25,,Poland,False
Q1482729,Jaguarão River,jaguarão river,river in the Brazil-Uruguay border,LOC,river,25,,,False
Q1709128,Marsabit,marsabit,"town in Marsabit County, Kenya",GPE,city,25,,Kenya,False
Q1099551,Severnaya Sosva,severnaya sosva,"river in Khanty-Mansi AO, Russia",LOC,river,25,,,False
Q816556,Ben Lomond,ben lomond,"mountain in Stirling, Scotland, UK",LOC,mountain,25,,,False
Q2639341,Luhan River,luhan river,river in Ukraine,LOC,river,25,,,False
Q2620173,Mount Tokachi,mount tokachi,"mountain in Biei, Kamifurano and Shintoku, Hokkaido, Japan",LOC,volcano,25,,,False
Q2622025,Arys River,arys river,river in Kazakhstan,LOC,river,25,,,False
Q1535148,Islet of Rolas,islet of rolas,island,LOC,island,25,,,False
Q3822918,Subarnarekha River,subarnarekha river,river in India,LOC,river,25,,,False
Q498051,Byam Martin Island,byam martin island,"island in Nunavut, Canada",LOC,island,25,,,False
Q498899,Guguan,guguan,island in the Northern Mariana Islands in the Pacific Ocean,LOC,island,25,,,False
Q966990,Phongsālī,phongsālī,city,GPE,city,25,,Laos,False
Q911240,Varanger Peninsula,varanger peninsula,"peninsula in Finnmark county, Norway",LOC,peninsula,25,,,False
Q1728345,Cape York,cape york,"cape in Queensland, Australia",LOC,cape,25,,,False
Q583565,River Derwent,river derwent,"river in south east Tasmania, Australia",LOC,river,25,,,False
Q584681,South Ronaldsay,south ronaldsay,"one of the Orkney Islands, Scotland, UK",LOC,island,25,,,False
Q946959,Liquiçá,liquiçá,city,GPE,city,25,,Timor-Leste,False
Q1288223,Mangoky River,mangoky river,river in Madagascar,LOC,river,25,,,False
Q859718,Cerro Paranal,cerro paranal,mountain,LOC,mountain,25,,,False
Q1439847,Foumban,foumban,commune of Cameroon,GPE,city,25,,Cameroon,False
Q1506857,Oak Island,oak island,"island in Lunenburg County, Nova Scotia, Canada",LOC,island,25,,,False
Q1199044,Cape Lopatka,cape lopatka,cape,LOC,cape,25,,,False
Q336749,Doddabetta,doddabetta,"Highest mountain in the Nilgiri Hills, at 2637 metres (8650 feet)",LOC,mountain,25,,,False
Q337644,Acamarachi,acamarachi,"mountain in El Loa Province, Chile",LOC,volcano,25,,,False
Q776418,Brzostek,brzostek,city of Poland,GPE,city,25,,Poland,False
Q1291135,Lake Eyasi,lake eyasi,lake,LOC,lake,25,,,False
Q1003279,Dobczyce,dobczyce,city of Poland,GPE,city,25,,Poland,False
Q222853,Middle Andaman Island,middle andaman island,Island in India,LOC,island,25,,,False
Q2557007,River Nith,river nith,"river in East Ayrshire, and Dumfries and Galloway, Scotland, UK, flowing into the Solway Firth",LOC,river,25,,,False
Q2560306,Kunya,kunya,"river in Tver, Pskov, and Novgorod Oblasts, Russia",LOC,river,25,,,False
Q218379,Mare Vaporum,mare vaporum,lunar mare,LOC,lunar mare,25,,,False
Q231329,Zverinac,zverinac,island of Croatia,LOC,island,25,,,False
Q23152,Cinca River,cinca river,"river in Spain, from the Central Pyrenees",LOC,river,25,,,False
Q1575641,Hanko Peninsula,hanko peninsula,peninsula of Finland,LOC,peninsula,25,,,False
Q1677434,May Pen,may pen,"city in Middlesex, Jamaica",GPE,city,25,,Jamaica,False
Q1495331,Punta Pariñas,punta pariñas,cape; westernmost point of South America,LOC,cape,25,,,False
Q617941,Graham Island,graham island,"island in Qikiqtaaluk Region, Nunavut, Canada",LOC,island,25,,,False
Q766588,Pinturas River,pinturas river,"river in Santa Cruz, Argentina",LOC,river,25,,,False
Q34765,Beata Island,beata island,island in the Dominican Republic,LOC,island,25,,,False
Q339539,Vatersay,vatersay,"island in Outer Hebrides, Scotland, UK",LOC,island,25,,,False
Q958899,Krumë,krumë,"town in Kukës County, Albania",GPE,city,25,,Albania,False
Q1469472,Sabu Island,sabu island,"island in Sabu Raijua Regency, East Nusa Tenggara Province, Indonesia",LOC,island,25,,,False
Q1471621,Cape Maleas,cape maleas,"cape in Monemvasia municipality, Peloponnese, Greece",LOC,cape,25,,,False
Q1520946,Ras Nouadhibou,ras nouadhibou,peninsula,LOC,peninsula,25,,,False
Q1520979,Sanabria Lake,sanabria lake,"lake in Zamora Province, Castile and León, Spain",LOC,lake,25,,,False
Q1647779,Toktogul,toktogul,town,GPE,city,25,,Kyrgyzstan,False
Q1598984,Jihlava,jihlava,Czech river,LOC,river,25,,,False
Q161455,Dahme,dahme,river in Germany,LOC,river,25,,,False
Q528654,Cosigüina,cosigüina,Vulcan in Nicaragua in the NW Peninsula close to Honduras,LOC,mountain,25,,,False
Q867039,Sokołów Małopolski,sokołów małopolski,city of Poland,GPE,city,25,,Poland,False
Q997833,La Paz,la paz,"city in Canelones, Uruguay",GPE,city,25,,Uruguay,False
Q2321302,Ada Ciganlija,ada ciganlija,peninsula in Serbia,LOC,peninsula,25,,,False
Q1075168,Someșul Mic,someșul mic,river in Romania,LOC,river,25,,,False
Q694389,Rednitz,rednitz,river in Germany,LOC,river,25,,,False
Q697119,Kahlenberg,kahlenberg,mountain in the Vienna Woods in Vienna,LOC,mountain,25,,,False
Q2048321,Varde,varde,town in Denmark,GPE,city,25,,Denmark,False
Q1043575,Carmelo,carmelo,city in Uruguay,GPE,city,25,,Uruguay,False
Q249062,Loing,loing,river in France,LOC,river,25,,,False
Q1020309,Pakxan,pakxan,city,GPE,city,25,,Laos,False
Q1281172,Słomniki,słomniki,city of Poland,GPE,city,25,,Poland,False
Q1321316,Lachlan River,lachlan river,"tributary to the Murrumbidgee River in New South Wales, Australia",LOC,river,25,,,False
Q679745,Koźmin Wielkopolski,koźmin wielkopolski,city of Poland,GPE,city,25,,Poland,False
Q649519,Golo,golo,river in France,LOC,river,25,,,False
Q960256,Nelson Island,nelson island,"island near King George Island in the South Shetland Islands, Antarctica",LOC,island,25,,,False
Q2248438,Udaipur,udaipur,"city in Gomati district, Tripura, India",GPE,city,25,,India,False
Q1322521,Gyala Peri,gyala peri,peak just beyond the eastern end of the Himalayas at the entrance to Tsangpo gorge,LOC,mountain,25,,,False
Q482644,Seoraksan,seoraksan,mountain in South Korea,LOC,mountain,25,,,False
Q909457,Kureyka,kureyka,"river in Krasnoyarsk Krai, Russia",LOC,river,25,,,False
Q909742,Maiana,maiana,island of Kiribati,LOC,island,25,,,False
Q168398,Mare Humboldtianum,mare humboldtianum,lunar mare,LOC,lunar mare,25,,,False
Q2160056,Mogielnica,mogielnica,city of Poland,GPE,city,25,,Poland,False
Q745809,Blavet,blavet,river in France,LOC,river,25,,,False
Q2425552,Kara,kara,"river in Nenets AO, Yamalo Nenets AO, and Komi, Russia",LOC,river,25,,,False
Q994149,Brunswick Peninsula,brunswick peninsula,peninsula of Chile,LOC,peninsula,25,,,False
Q2420477,La Unión,la unión,city in El Salvador,GPE,city,25,,El Salvador,False
Q2417571,Kofarnihon River,kofarnihon river,tributary of the Amudarya in Tajikistan,LOC,river,25,,,False
Q1073024,Khilok River,khilok river,river in Russia,LOC,river,25,,,False
Q1519853,Syamozero,syamozero,"lake in Pryazhinsky District, Karelia, Russia",LOC,lake,25,,,False
Q1003272,Sułkowice,sułkowice,city of Poland,GPE,city,25,,Poland,False
Q978571,Uvac,uvac,river in Serbia,LOC,river,25,,,False
Q1368205,Uda,uda,"river in Buryatia, Russia",LOC,river,25,,,False
Q25105448,Cape Artemisio,cape artemisio,"cape in Istiaia-Aidipsos municipality, Euboea, Greece",LOC,cape,25,,,False
Q2455311,Veleka,veleka,river in Turkey and in Bulgaria,LOC,river,25,,,False
Q2416434,Sudost,sudost,river in Ukraine and Russia,LOC,river,25,,,False
Q600166,Urup,urup,"river in Karachay-Cherkessia and Krasnodar Krai, Russia",LOC,river,25,,,False
Q2458240,Saraghrar,saraghrar,"fourth highest independent peak in the Hindu Kush, Pakistan",LOC,mountain,25,,,False
Q2330067,Dong Nai River,dong nai river,river in Vietnam,LOC,river,25,,,False
Q2359952,Sidi Slimane,sidi slimane,city in Morocco,GPE,city,25,,Morocco,False
Q1158664,Dąbie Lake,dąbie lake,"lake in Szczecin, West Pomeranian Voivodeship, Poland",LOC,lake,25,,,False
Q292516,Levant Island,levant island,"island in Hyères, France",LOC,island,25,,,False
Q1800412,Villarrica Lake,villarrica lake,lake in Chile,LOC,lake,25,,,False
Q1003264,Czchów,czchów,city of Poland,GPE,city,25,,Poland,False
Q2425651,Dundo,dundo,city of Angola,GPE,city,25,177604.0,Angola,False
Q2382382,Värmdö,värmdö,island of Sweden,LOC,island,25,,,False
Q1363703,Mount Erymanthos,mount erymanthos,"mountain in Erymanthos municipality, Greece",LOC,mountain,25,,,False
Q952665,Séguéla,séguéla,city in Séguéla Department in Côte d'Ivoire,GPE,city,25,103980.0,Ivory Coast,False
Q1299817,Lake Marqaköl,lake marqaköl,"lake in East Kazakhstan Region, Kazakhstan",LOC,lake,25,,,False
Q168375,Mare Marginis,mare marginis,lunar mare,LOC,lunar mare,25,,,False
Q833164,Buzău River,buzău river,river in Romania,LOC,river,25,,,False
Q412703,Ajdir,ajdir,A small town in Morocco,GPE,city,25,,Morocco,False
Q1225928,Sèvre Niortaise,sèvre niortaise,river in France,LOC,river,25,,,False
Q1344430,Tagil,tagil,"river in Sverdlovsk Oblast, Russia",LOC,river,25,,,False
Q702260,Lake Ossiach,lake ossiach,lake in Austria,LOC,lake,25,,,False
Q701512,Oker,oker,Sidestream of the river Aller,LOC,river,25,,,False
Q988603,El Altar volcano,el altar volcano,volcano in Ecuador,LOC,mountain,24,,,False
Q1003276,Międzybórz,międzybórz,city of Poland,GPE,city,24,,Poland,False
Q2357510,Harbour Island,harbour island,island and administrative district in the Bahamas,LOC,island,24,,,False
Q2356704,Rusinga Island,rusinga island,island in Kenya,LOC,island,24,,,False
Q83060,Mount Ngauruhoe,mount ngauruhoe,active volcano in New Zealand,LOC,mountain,24,,,False
Q1366974,Lough Allen,lough allen,"lake in Connacht, Ireland",LOC,lake,24,,,False
Q596542,Mitiaro,mitiaro,island of the Southern Cook Islands,LOC,island,24,,,False
Q596806,Nabro Volcano,nabro volcano,mountain,LOC,mountain,24,,,False
Q599492,Seille,seille,"river in France, tributary of the Moselle",LOC,river,24,,,False
Q2330113,Lake Ialpuh,lake ialpuh,lake in Ukraine,LOC,lake,24,,,False
Q2391391,Ayagoz,ayagoz,city in East Kazakhstan,GPE,city,24,,Kazakhstan,False
Q2371903,Tensift River,tensift river,river in Morocco,LOC,river,24,,,False
Q1662138,Marble Cave,marble cave,Most known cave in Kosovo,LOC,cave,24,,,False
Q1721931,Thyamis,thyamis,"river in Epirus, Greece",LOC,river,24,,,False
Q735765,Vallegrande,vallegrande,town in Bolivia,GPE,city,24,,Bolivia,False
Q945377,Ourcq,ourcq,river in France,LOC,river,24,,,False
Q1474799,Torfajökull,torfajökull,volcano in Iceland,LOC,volcano,24,,,False
Q1474801,Turtle Lake,turtle lake,"lake near Tbilisi, Georgia",LOC,lake,24,,,False
Q1478566,Santa Cruz River,santa cruz river,river in Argentina,LOC,river,24,,,False
Q48691,Mount Bona,mount bona,"mountain in Alaska, United States",LOC,mountain,24,,,False
Q1356838,Lake Nipissing,lake nipissing,"lake in Ontario, Canada",LOC,lake,24,,,False
Q1361278,Humboldt River,humboldt river,"river in northern Nevada, United States",LOC,river,24,,,False
Q575774,Al-Safira,al-safira,"district city of Aleppo, Syria",GPE,city,24,106460.0,Syria,False
Q1023393,Retalhuleu,retalhuleu,"municipality and capital of Retalhuleu Department, Guatemala",GPE,city,24,109935.0,Guatemala,False
Q2615863,Sharana,sharana,"city in Paktika Province, Afghanistan",GPE,city,24,,Afghanistan,False
Q1023655,Salamá,salamá,"municipality and capital of Baja Verapaz Department, Guatemala",GPE,city,24,,Guatemala,False
Q1017107,Lake Burtnieks,lake burtnieks,"lake in Burtnieki Municipality, Latvia",LOC,lake,24,,,False
Q1370650,Nkhata Bay,nkhata bay,city in Malawi,GPE,city,24,,Malawi,False
Q1208608,Diamantina River,diamantina river,river in Australia,LOC,river,24,,,False
Q1233866,Pineios,pineios,"river in the western Peloponnese, Greece",LOC,river,24,,,False
Q34048,Bird Island,bird island,island in the Falkland Islands,LOC,island,24,,,False
Q345353,Łebsko Lake,łebsko lake,"lake in Żarnowska, Pomeranian Voivodeship, Poland",LOC,lake,24,,,False
Q1432995,Kuiseb River,kuiseb river,river in Namibia,LOC,river,24,,,False
Q1508343,Treskavica,treskavica,mountain,LOC,mountain,24,,,False
Q863795,Bingerville,bingerville,city of côte d'ivoire,GPE,city,24,204656.0,Ivory Coast,False
Q960808,Pentecost Island,pentecost island,island in Vanuatu,LOC,island,24,,,False
Q1227657,Alimia,alimia,"Greek island of the Aegean Sea, located in the sea area between Rhodes and Halki, the complex of Dodecanese",LOC,island,24,,,False
Q369863,Svedala,svedala,"urban area in Svedala Municipality, Sweden",GPE,city,24,,Sweden,False
Q73515,Deshat,deshat,mountain in Albania,LOC,mountain,24,,,False
Q851946,Gornji Petrovci,gornji petrovci,village in Slovenia,GPE,city,24,,Slovenia,False
Q3330,Oste,oste,"river in Lower Saxony, Germany",LOC,river,24,,,False
Q1280869,Szczucin,szczucin,city of Poland,GPE,city,24,,Poland,False
Q2000510,North Andaman Island,north andaman island,island in India,LOC,island,24,,,False
Q1195273,Bolshoy Ussuriysky Island,bolshoy ussuriysky island,sedimentary island at the confluence of the Ussuri and Amur rivers,LOC,island,24,,,False
Q259489,Rychwał,rychwał,city of Poland,GPE,city,24,,Poland,False
Q766956,Karnaphuli,karnaphuli,river in the south-eastern part of Bangladesh,LOC,river,24,,,False
Q143892,Orodara,orodara,village in Burkina Faso,GPE,city,24,,Burkina Faso,False
Q501656,Sal Rei,sal rei,human settlement,GPE,city,24,,Cape Verde,False
Q490573,Assomada,assomada,city,GPE,city,24,,Cape Verde,False
Q491829,Qacha's Nek,qachas nek,"mountain pass in Qacha's Nek District, Lesotho",GPE,city,24,,Lesotho,False
Q1198798,Home Island,home island,"island of the Cocos (Keeling) Islands, Australia",LOC,island,24,,,False
Q1003282,Bukit Pagon,bukit pagon,mountain,LOC,mountain,24,,,False
Q1021638,Port Mathurin,port mathurin,"city in Rodrigues, Mauritius",GPE,city,24,,Mauritius,False
Q1023359,Jalapa,jalapa,"municipality and capital of Jalapa Department, Guatemala",GPE,city,24,192676.0,Guatemala,False
Q1026387,Kastos,kastos,"island off Lefkada, Greece",LOC,island,24,,,False
Q1194112,Mae Klong,mae klong,river in central Thailand,LOC,river,24,,,False
Q1194327,Idjwi,idjwi,island in the Democratic Republic of Congo,LOC,island,24,,,False
Q33163330,Tigres Island,tigres island,Island in Angola,LOC,island,24,,,False
Q8501,Gomal River,gomal river,river in Afghanistan and Pakistan,LOC,river,24,,,False
Q542168,Pate Island,pate island,island in Kenya,LOC,island,24,,,False
Q543683,Mount of Beatitudes,mount of beatitudes,"mountain in Israel, near Lake Galilee",LOC,mountain,24,,,False
Q14505,Lake Sarnen,lake sarnen,"lake in at Sarnen, canton of Obwalden, Switzerland",LOC,lake,24,,,False
Q897320,Brahmanbaria,brahmanbaria,city of Bangladesh,GPE,city,24,268279.0,Bangladesh,False
Q1648563,Kaliakra,kaliakra,headland in the Southern Dobruja region of the northern Bulgarian Black Sea Coast,LOC,cape,24,,,False
Q738671,Val Bregaglia,val bregaglia,valley,LOC,valley,24,,,False
Q554417,Osiek,osiek,"city in Świętokrzyskie Voivodeship, Poland",GPE,city,24,,Poland,False
Q555150,Dobra,dobra,city of Poland,GPE,city,24,,Poland,False
Q130892,South Platte River,south platte river,river in Colorado and Nebraska in the United States,LOC,river,24,,,False
Q1428859,Flint River,flint river,"river in Georgia, United States",LOC,river,24,,,False
Q653844,Kańczuga,kańczuga,city of Poland,GPE,city,24,,Poland,False
Q1037396,Bogda Peak,bogda peak,mountain,LOC,mountain,24,,,False
Q2039964,Lake Manitou,lake manitou,"lake on Manitoulin Island, Ontario, Canada",LOC,lake,24,,,False
Q1251242,Jaranwala,jaranwala,"city in Punjab, Pakistan",GPE,city,24,150380.0,Pakistan,False
Q1190547,Governors Island,governors island,"island in Manhattan, New York, United States",LOC,island,24,,,False
Q1426007,Salaca,salaca,river in Latvia,LOC,river,24,,,False
Q1346382,Tym,tym,"river in Tomsk Oblast and Krasnoyarsk Krai, Russia",LOC,river,24,,,False
Q2665223,Zhob,zhob,"city in Balochistan, Pakistan",GPE,city,24,,Pakistan,False
Q2627209,Youssoufia,youssoufia,City in Morocco,GPE,city,24,,Morocco,False
Q1872578,Low Island,low island,island near Smith Island in Antarctica,LOC,island,24,,,False
Q991929,Koprzywnica,koprzywnica,city of Poland,GPE,city,24,,Poland,False
Q385473,Köprüçay River,köprüçay river,river in Turkey,LOC,river,24,,,False
Q1238610,Hooker Island,hooker island,island in Russia,LOC,island,24,,,False
Q645271,Sea of Sardinia,sea of sardinia,sea,LOC,sea,24,,,False
Q647143,Canouan,canouan,island,LOC,island,24,,,False
Q671366,Stąporków,stąporków,city of Poland,GPE,city,24,,Poland,False
Q1192771,Tuo River,tuo river,river in the People's Republic of China,LOC,river,24,,,False
Q1545368,Svartisen,svartisen,"glaciers in Nordland, Norway",LOC,glacier,24,,,False
Q1238323,Esil,esil,city in Kazakhstan,GPE,city,24,,Kazakhstan,False
Q781529,Gunung Soputanpatepangan,gunung soputanpatepangan,Ultima erupción ahora mismo,LOC,mountain,24,,,False
Q1435049,Médoc,médoc,small peninsular region of the south bank of the Gironde,LOC,peninsula,24,,,False
Q1570703,Kubena,kubena,"river in Vologda and Arkhangelsk Oblasts, Russia",LOC,river,24,,,False
Q1571268,Hall Island,hall island,"island in Franz Josef Land, Russia",LOC,island,24,,,False
Q1573545,Whitsunday Islands,whitsunday islands,"island in Whitsunday Region, Queensland, Australia",LOC,island,24,,,False
Q541712,Brock Island,brock island,"island in the Northwest Territories, Canada",LOC,island,24,,,False
Q185847,Mount Wrangell,mount wrangell,"volcano in Alaska, United States",LOC,volcano,24,,,False
Q388709,Apavatn,apavatn,lake in southern Iceland,LOC,lake,24,,,False
Q3908364,Großer Wannsee,großer wannsee,lake near Berlin,LOC,lake,24,,,False
Q387771,Lechuguilla Cave,lechuguilla cave,"cave in Eddy County, New Mexico, U.S.",LOC,cave,24,,,False
Q991895,Skaryszew,skaryszew,city of Poland,GPE,city,24,,Poland,False
Q1249523,Indian Peninsula,indian peninsula,peninsula in southern Asia,LOC,peninsula,24,,,False
Q869635,Mera,mera,river in Switzerland and Italy,LOC,river,24,,,False
Q1023693,Karaikudi,karaikudi,"city in Sivaganga District, Tamil Nadu, India",GPE,city,24,106714.0,India,False
Q1978797,Murino,murino,"human settlement in Vsevolozhsky District, Leningrad Oblast, Russia",GPE,city,24,116293.0,Russia,False
Q551561,Anyuy River,anyuy river,river in Russia,LOC,river,24,,,False
Q1189970,Pakhra,pakhra,"river in Moscow Oblast, Russia",LOC,river,24,,,False
Q30457,Strahlhorn,strahlhorn,mountain in the Pennine Alps,LOC,mountain,24,,,False
Q1185369,Demerara River,demerara river,river in Guyana,LOC,river,24,,,False
Q1207825,Tororo,tororo,city in Uganda,GPE,city,24,,Uganda,False
Q207053,Ziz River,ziz river,river in the south of Morocco and Algeria,LOC,river,24,,,False
Q1179471,Mount Foraker,mount foraker,mountain in Alaska,LOC,mountain,24,,,False
Q30436,Lenzspitze,lenzspitze,mountain in the Pennine Alps,LOC,mountain,24,,,False
Q2061165,Petra tou Romiou,petra tou romiou,"sea stack in Pafos, Cyprus",LOC,mountain,24,,,False
Q183161,River Kelvin,river kelvin,"river in Glasgow, Scotland, UK, tributary of the River Clyde",LOC,river,24,,,False
Q2717832,Spata,spata,"town in Attica region, Greece",GPE,city,24,,Greece,False
Q1238549,Dommel,dommel,small river in Belgium and the Netherlands,LOC,river,24,,,False
Q1854144,Mount Asgard,mount asgard,"mountain in Nunavut, Canada",LOC,mountain,24,,,False
Q1190450,Avacha,avacha,"river in Kamchatka, Russia",LOC,river,24,,,False
Q2046019,Padre Island,padre island,"barrier island in Texas, United States",LOC,island,24,,,True
Q1552121,Papa Stour,papa stour,"island of the Shetland Islands, Scotland, UK",LOC,island,24,,,False
Q1502006,Montaña Clara,montaña clara,island,LOC,island,24,,,False
Q303806,Aavasaksa,aavasaksa,"hill in Ylitornio, Finnish Lapland",LOC,mountain,24,,,False
Q30405,Signalkuppe,signalkuppe,summit in the Pennine Alps,LOC,mountain,24,,,False
Q1192513,Golina,golina,city of Poland,GPE,city,24,,Poland,False
Q1166159,Rugova Canyon,rugova canyon,valley in Kosovo,LOC,valley,24,,,False
Q2062890,Queen Mary's Peak,queen marys peak,the summit of the island of Tristan da Cunha,LOC,mountain,24,,,False
Q1157961,Dall Island,dall island,"island in Alaska, United States of America",LOC,island,24,,,False
Q1420297,Ollagüe,ollagüe,mountain shared by Bolivia and Chile,LOC,mountain,24,,,False
Q1312072,Chumysh,chumysh,"river in Altai Krai and Kemerovo Oblast, Russia",LOC,river,24,,,False
Q1019505,Nowe Miasto nad Pilicą,nowe miasto nad pilicą,town in Grójec County of Masovian Voivodeship in central Poland,GPE,city,24,,Poland,False
Q394321,Žut,žut,island of Croatia,LOC,island,24,,,False
Q30511,Dürrenhorn,dürrenhorn,mountain in the Pennine Alps,LOC,mountain,24,,,False
Q784020,Austvågøya,austvågøya,"island in Nordland, Norway",LOC,island,24,,,False
Q786845,Iza River,iza river,tributary of the Tisa River in Romania,LOC,river,24,,,False
Q1325530,Pen y Fan,pen y fan,mountain (886m) in Powys,LOC,mountain,24,,,False
Q1149171,Kola,kola,"river in Murmansk Oblast, Russia",LOC,river,24,,,False
Q1157658,Daisetsuzan Volcanic Group,daisetsuzan volcanic group,"mountain range in Hokkaido, Japan",LOC,volcano,24,,,False
Q2977103,Mount Tate,mount tate,"mountain in Toyama Prefecture, Japan",LOC,mountain,24,,,False
Q2883844,Sous River,sous river,river in Morocco,LOC,river,24,,,False
Q1815754,Manilaid,manilaid,island in Estonia,LOC,island,24,,,False
Q1815821,Mount Darwin,mount darwin,"mountain in Andes, Chile",LOC,mountain,24,,,False
Q1811114,Mount Gimie,mount gimie,mountain in Saint Lucia,LOC,mountain,24,,,False
Q395784,Agout,agout,tributary of the Tarn in France,LOC,river,24,,,False
Q513509,Tinganes,tinganes,old district of Thorshavn,LOC,peninsula,24,,,False
Q510480,Medveditsa,medveditsa,"river in Tver Oblast, Russia",LOC,river,24,,,False
Q1310646,Loch Maree,loch maree,"lake in Highland, Scotland, UK, outflows to the River Ewe",LOC,lake,24,,,False
Q1311008,Eisch,eisch,river in Luxembourg and Belgium,LOC,river,24,,,False
Q1506018,Westray,westray,"island of the Orkney Islands, Scotland, UK",LOC,island,24,,,False
Q607977,Khabur,khabur,tributary of the Tigris,LOC,river,24,,,False
Q1514207,Tyosha,tyosha,"river in Nizhny Novgorod Oblast, Russia",LOC,river,24,,,False
Q1347142,Tyung,tyung,"river in Yakutia, Russia",LOC,river,24,,,False
Q2306321,Tangail,tangail,"City in Dhaka division, Bangladesh",GPE,city,24,,Bangladesh,False
Q2311253,Tarrafal,tarrafal,"settlement in Santiago, Cape Verde",GPE,city,24,,Cape Verde,False
Q843411,Nihoa,nihoa,island in Hawaii,LOC,island,24,,,False
Q391599,Mpanda,mpanda,city,GPE,city,24,,Tanzania,False
Q1153188,Mount Lucania,mount lucania,"mountain in Yukon, Canada",LOC,mountain,24,,,False
Q155135,Axel Heiberg Glacier,axel heiberg glacier,glacier in Antarctica,LOC,glacier,24,,,False
Q640476,Wda,wda,river in Poland,LOC,river,24,,,False
Q954728,Turukhan,turukhan,"river in Turukhansky District, Krasnoyarsk Krai, Russia",LOC,river,24,,,False
Q957061,Mezhdusharsky Island,mezhdusharsky island,"island in Barents Sea, Russia, part of Novaya Zemlya",LOC,island,24,,,False
Q957787,Hollands Diep,hollands diep,river in the Netherlands,LOC,river,24,,,False
Q1337951,Emlembe,emlembe,mountain,LOC,mountain,24,,,False
Q884674,Block Island,block island,"island in Rhode Island, United States of America",LOC,island,24,,,False
Q1259101,Drino,drino,river of Albania and Greece,LOC,river,24,,,False
Q1553175,Achacachi,achacachi,municipality in Bolivia,GPE,city,24,,Bolivia,False
Q1814463,Takapoto,takapoto,island in French Polynesia,LOC,island,24,,,False
Q287760,Chungará Lake,chungará lake,lake,LOC,lake,24,,,False
Q2092330,Vantaa River,vantaa river,river of Southern Finland,LOC,river,24,,,False
Q2095415,Mindanao River,mindanao river,second largest river system in the Philippines,LOC,river,24,,,False
Q280822,Brennisteinsalda,brennisteinsalda,mountain in Iceland,LOC,volcano,24,,,False
Q2895854,Fkih Ben Saleh,fkih ben saleh,city in Morocco,GPE,city,24,,Morocco,False
Q572723,Tahuata,tahuata,island in French Polynesia,LOC,island,24,,,False
Q574165,Kleifarvatn,kleifarvatn,lake,LOC,lake,24,,,False
Q568686,Corrèze,corrèze,river in France,LOC,river,24,,,False
Q1006155,Piriápolis,piriápolis,city of Uruguay,GPE,city,24,,Uruguay,False
Q1636393,St. Ivan Island,st. ivan island,island in Bulgaria,LOC,island,24,,,False
Q1637084,Cape Apostolos Andreas,cape apostolos andreas,cape in Cyprus,LOC,cape,24,,,False
Q40413,Silhouette Island,silhouette island,island of the Seychelles,LOC,island,24,,,False
Q420625,Akpatok Island,akpatok island,"island in Nunavut, Canada",LOC,island,24,,,False
Q4220726,Kinburn peninsula,kinburn peninsula,Ukrainian Black Sea peninsula,LOC,peninsula,24,,,False
Q645047,Ciliwung River,ciliwung river,"river in West Java and Jakarta, Indonesia",LOC,river,24,,,False
Q29030,Princess Royal Island,princess royal island,"island in British Columbia, Canada",LOC,island,24,,,False
Q791817,Mount Awu,mount awu,mountain in Indonesia,LOC,mountain,24,,,False
Q1145123,Mount Gede,mount gede,"volcano in West Java, Indonesia",LOC,mountain,24,,,False
Q1053413,Karangetang,karangetang,"mountain in North Sulawesi, Indonesia",LOC,mountain,24,,,False
Q1053880,Central Island,central island,"island in Lake Turkana, Kenya",LOC,volcano,24,,,False
Q2744506,Urumea River,urumea river,river in Spain,LOC,river,24,,,False
Q2109394,Prevlaka,prevlaka,peninsula in Croatia,LOC,peninsula,24,,,False
Q1139193,Vella Lavella,vella lavella,island in the Solomon Islands,LOC,island,24,,,False
Q1139401,Kuria,kuria,island,LOC,island,24,,,False
Q2132910,Rattanakosin Island,rattanakosin island,"island in Bangkok, Thailand",LOC,island,24,,,False
Q1018501,Lahad Datu,lahad datu,"city in Sabah, Malaysia",GPE,city,24,199830.0,Malaysia,False
Q1579038,Nasielsk,nasielsk,city of Poland,GPE,city,24,,Poland,False
Q1786056,Snežnik,snežnik,mountain in Slovenia,LOC,mountain,24,,,False
Q1417350,Tasman Peninsula,tasman peninsula,"peninsula on the east coast of Tasmania, Australia",LOC,peninsula,24,,,False
Q677288,Piz Corvatsch,piz corvatsch,mountain,LOC,mountain,24,,,False
Q678026,Tollense,tollense,river in Germany,LOC,river,24,,,False
Q644079,Prusice,prusice,city of Poland,GPE,city,24,,Poland,False
Q674403,Gletscherhorn,gletscherhorn,mountain,LOC,mountain,24,,,False
Q621853,Lake Harku,lake harku,"lake in Tallinn, Estonia",LOC,lake,24,,,False
Q1142554,Crêt de la Neige,crêt de la neige,mountain,LOC,mountain,24,,,False
Q2119511,Ropotamo,ropotamo,river in southeastern Bulgaria,LOC,river,24,,,False
Q2121259,Tirso,tirso,"river in Sardinia, Italy",LOC,river,24,,,False
Q1144360,Sarigan,sarigan,volcanic island in the Northern Mariana Islands in the Pacific Ocean,LOC,island,24,,,False
Q806074,Mount Banahaw,mount banahaw,"Volcano on Luzon Island, Philippines",LOC,mountain,24,,,False
Q1540206,Polyaigos,polyaigos,"island off Kimolos, Greece",LOC,island,24,,,False
Q1546553,Koyukuk River,koyukuk river,river in Alaska,LOC,river,24,,,False
Q581015,Crișul Repede River,crișul repede river,river in Romania and Hungary,LOC,river,24,,,False
Q576856,Lake of Tunis,lake of tunis,lake in Tunisia,LOC,lake,24,,,False
Q619132,Pik Garmo,pik garmo,"mountain in the Akademiya Nauk Range, Pamir mountains, Tajikistan",LOC,mountain,24,,,False
Q619701,Zelengora,zelengora,mountain,LOC,mountain,24,,,False
Q165782,Steinhuder Meer,steinhuder meer,"lake in Wunstorf, Lower Saxony, Germany",LOC,lake,24,,,False
Q1460034,Lama,lama,"lake in Krasnoyarsk Krai, Russia",LOC,lake,24,,,False
Q989801,Kisielice,kisielice,city of Poland,GPE,city,24,,Poland,False
Q1144842,Niuatoputapu,niuatoputapu,island of Tonga,LOC,island,24,,,False
Q1138833,Shiashkotan,shiashkotan,island in Russia,LOC,island,24,,,False
Q1059275,Nonouti,nonouti,island,LOC,island,24,,,False
Q1543681,Roque del Oeste,roque del oeste,island,LOC,island,24,,,False
Q108908310,Ainaro,ainaro,A city in East Timor,GPE,city,24,,Timor-Leste,False
Q1094372,San Vicente,san vicente,city in El Salvador,GPE,city,24,,El Salvador,False
Q1140650,Black Lake,black lake,"lake in Žabljak, northern Montenegro",LOC,lake,24,,,False
Q1405842,Wouri River,wouri river,river in Cameroon,LOC,river,24,,,False
Q1261879,Mount Qasioun,mount qasioun,Historic mountain in Damascus,LOC,mountain,24,,,False
Q1261902,Jabal Umm ad Dami,jabal umm ad dami,mountain in Jordan,LOC,mountain,24,,,False
Q1263309,Dubysa,dubysa,"river in Lithuania, tributary of Neman",LOC,river,24,,,False
Q904509,Nerl,nerl,"Klyazma tributary in Yaroslavl, Ivanovo, and Vladimir Oblasts, Russia",LOC,river,24,,,False
Q45295,Birnie Island,birnie island,island in Kiribati,LOC,island,24,,,False
Q45642,Černé jezero,černé jezero,"lake in Železná Ruda, Plzeň Region, Czech Republic",LOC,lake,24,,,False
Q1480564,Tambo River,tambo river,left headwater of the Ucayali River in Peru,LOC,river,24,,,False
Q3112862,Goz Beïda,goz beïda,"place in Sila, Chad",GPE,city,24,,Chad,False
Q1011863,Viqueque,viqueque,"city in Viqueque, East Timor",GPE,city,24,,Timor-Leste,False
Q1124746,Hóp,hóp,lake,LOC,lake,24,,,False
Q1134477,Coron Island,coron island,island in the Philippines,LOC,island,24,,,False
Q1061394,Tashirojima,tashirojima,"island in Miyagi, Japan",LOC,island,24,,,False
Q1062495,Chao Lake,chao lake,lake in China,LOC,lake,24,,,False
Q1115719,Maly Anyuy,maly anyuy,"river in Chukotka and Yakutia, Russia",LOC,river,24,,,False
Q923330,Mont Sokbaro,mont sokbaro,mountain and highest point of Benin,LOC,mountain,24,,,False
Q16524,Üetliberg,üetliberg,mountain in the Swiss plateau,LOC,mountain,24,,,False
Q178396,Mana River,mana river,river in Russia,LOC,river,24,,,False
Q747182,Mount Ossa,mount ossa,"highest mountain in Tasmania, Australia",LOC,mountain,24,,,False
Q747219,Charysh,charysh,"river in Altai Republic and Krai, Russia",LOC,river,24,,,False
Q449534,Annapurna II,annapurna ii,mountain,LOC,mountain,24,,,False
Q7127675,Palić Lake,palić lake,"lake in North Bačka District, Serbia",LOC,lake,24,,,False
Q1415694,Uvod,uvod,"river in Ivanovo and Vladimir Oblasts, Russia",LOC,river,24,,,False
Q271087,Ånderdalen National Park,ånderdalen national park,"national park in Senja, Norway",LOC,island,24,,,False
Q2483919,Umaria,umaria,"human settlement in Umaria district, Shahdol division, Madhya Pradesh, India",GPE,city,24,,India,False
Q111852,Razdolnaya,razdolnaya,river in Russia and China,LOC,river,24,,,False
Q2341047,Nowe Brzesko,nowe brzesko,city of Poland,GPE,city,24,,Poland,False
Q266329,La Orchila,la orchila,federal dependency of Venezuela,LOC,island,24,,,False
Q1072833,Chilecito,chilecito,"city in La Rioja Province, Argentina",GPE,city,24,,Argentina,False
Q1075607,Chocianów,chocianów,city of Poland,GPE,city,24,,Poland,False
Q10861438,Svay Rieng,svay rieng,capital of the same named Cambodian province,GPE,city,24,,Cambodia,False
Q1111259,Shagan,shagan,"river in Russia and Kazakhstan, tributary to the Ural",LOC,river,24,,,False
Q630494,Geschriebenstein,geschriebenstein,mountain in the Kőszeg Mountains at the border Burgenland / Komitat Vas,LOC,mountain,24,,,False
Q631719,Hrísey,hrísey,island in Iceland,LOC,island,24,,,False
Q728412,Sabaneta,sabaneta,town in Venezuela's Barinas State,GPE,city,24,,Venezuela,False
Q1464482,Munster Blackwater,munster blackwater,river in Ireland,LOC,river,24,,,False
Q14661,Águeda River,águeda river,river in Portugal and Spain,LOC,river,24,,,False
Q1747217,Girnar,girnar,"hill complex in Junagadh, Gujarat, India",LOC,mountain,24,,,False
Q738973,Mapocho River,mapocho river,river in Chile,LOC,river,24,,,False
Q74214,Cerro El Pital,cerro el pital,"mountain in Central America, on the border of El Salvador and Honduras",LOC,mountain,24,,,False
Q920267,Kheta,kheta,"river in Krasnoyarsk Krai, Russia",LOC,river,24,,,False
Q267911,Ilz,ilz,"river running through the Bavarian Forest, Germany",LOC,river,24,,,False
Q1539984,Rimatara,rimatara,island in France,LOC,island,24,,,False
Q631087,Layyah,layyah,"city in Punjab, Pakistan",GPE,city,24,,Pakistan,False
Q965973,Lake Gairdner,lake gairdner,"lake in South Australia, Australia",LOC,lake,24,,,False
Q967421,Larak Island,larak island,"island in Qeshm County, Iran",LOC,island,24,,,False
Q2139924,Altai,altai,town in Kazakhstan,GPE,city,24,,Kazakhstan,False
Q2141024,Soroti,soroti,"place in Eastern Region of Uganda, Uganda",GPE,city,24,,Uganda,False
Q1735189,Kasprowy Wierch,kasprowy wierch,peak in the Western Tatras between Slovakia and Poland,LOC,mountain,24,,,False
Q1737670,Kebara Cave,kebara cave,cave in Israel,LOC,cave,24,,,False
Q1739872,Lake Keta,lake keta,lake in Russia,LOC,lake,24,,,False
Q1105109,Coche Island,coche island,"island of Nueva Esparta, Venezuela",LOC,island,24,,,False
Q1004686,Sandnessjøen,sandnessjøen,"settlement in Alstahaug Municipality, Norway",GPE,city,24,,Norway,False
Q1510574,Riesco Island,riesco island,island of Chile,LOC,island,24,,,False
Q590133,La Victoria,la victoria,"city in Aragua, Venezuela",GPE,city,24,214492.0,Venezuela,False
Q592809,Małogoszcz,małogoszcz,city of Poland,GPE,city,24,,Poland,False
Q597458,Mabaruma,mabaruma,city,GPE,city,24,,Guyana,False
Q1538846,Cape Juby,cape juby,cape,LOC,cape,24,,,False
Q260422,Lesse,lesse,"river in Belgium, mouth in Meuse river",LOC,river,24,,,False
Q1076258,Chopok,chopok,mountain in Slovakia,LOC,mountain,24,,,False
Q684648,Emmental,emmental,valley,LOC,valley,24,,,False
Q2634049,Periyar River,periyar river,river in India,LOC,river,24,,,False
Q263710,Gutmanis Cave,gutmanis cave,cave in Latvia,LOC,cave,24,,,False
Q1535123,Waimakariri River,waimakariri river,river in New Zealand,LOC,river,24,,,False
Q586733,Yom River,yom river,river in Thailand,LOC,river,24,,,False
Q787824,Borovnica,borovnica,"place in Borovnica Municipality, Slovenia",GPE,city,24,,Slovenia,False
Q1267542,Čvrsnica,čvrsnica,mountain,LOC,mountain,24,,,False
Q1274495,Lanë,lanë,river in Albania,LOC,river,24,,,False
Q470525,Amguema,amguema,"river in Chukotka, Russia",LOC,river,24,,,False
Q472849,Cauto River,cauto river,river in Cuba,LOC,river,24,,,False
Q932640,Same,same,city in East Timor,GPE,city,24,,Timor-Leste,False
Q1672526,Cape Greco,cape greco,headland in the island of Cyprus,LOC,cape,24,,,False
Q162782,Port Antonio,port antonio,"town of the parish of Portland, Jamaica",GPE,city,24,,Jamaica,False
Q13055910,Maly Irgiz,maly irgiz,"river in Saratov Oblast, Russia",LOC,river,24,,,False
Q940973,Yako,yako,town in Burkina Faso,GPE,city,24,,Burkina Faso,False
Q1873660,Geok Tepe,geok tepe,"city and the administrative center in Ahal Region, Turkmenistan",GPE,city,24,,Turkmenistan,False
Q2302661,Río Grande de Santiago,río grande de santiago,river in Mexico,LOC,river,24,,,False
Q1084490,Mobile River,mobile river,"river in Alabama, United States",LOC,river,24,,,False
Q1756105,Vele Srakane,vele srakane,island of Croatia,LOC,island,24,,,False
Q1714829,Jägala River,jägala river,river in Estonia,LOC,river,24,,,False
Q969396,San Francisco Gotera,san francisco gotera,city in El Salvador,GPE,city,24,,El Salvador,False
Q1728783,Mount Kaputjugh,mount kaputjugh,mountain in Azerbaijan,LOC,mountain,24,,,False
Q1266640,Kok River,kok river,river in Thailand,LOC,river,24,,,False
Q588592,Yudoma,yudoma,river in Russia,LOC,river,24,,,False
Q584856,Prahova River,prahova river,river in Romania,LOC,river,24,,,False
Q585833,Blies,blies,river,LOC,river,24,,,False
Q15271,Monte Generoso,monte generoso,mountain of the Lugano Prealps,LOC,mountain,24,,,False
Q2344811,Chbar Mon,chbar mon,city in Cambodia,GPE,city,24,,Cambodia,False
Q257264,Kochelsee,kochelsee,"lake in Schlehdorf, Bavaria, Germany",LOC,lake,24,,,False
Q2587169,Mandovi River,mandovi river,river in India,LOC,river,24,,,False
Q2374990,Daska,daska,human settlement in Pakistan,GPE,city,24,146579.0,Pakistan,False
Q2384142,Ait Melloul,ait melloul,city in Morocco,GPE,city,24,210870.0,Morocco,False
Q692549,Magra,magra,river in Italy,LOC,river,24,,,False
Q695498,Q695498,q695498,"river in Carinthia, tributary to Drava",LOC,river,24,,,False
Q687491,Mount Pavlof,mount pavlof,mountain,LOC,mountain,24,,,False
Q688240,Emme,emme,river in Switzerland,LOC,river,24,,,False
Q1529011,Têt,têt,"river in Roussillon, France",LOC,river,24,,,False
Q15294,Balmhorn,balmhorn,mountain in Switzerland,LOC,mountain,24,,,False
Q15305,Blüemlisalp,blüemlisalp,massif of the Bernese Alps,LOC,mountain,24,,,False
Q1330927,Puracé,puracé,mountain in Colombia,LOC,volcano,24,,,False
Q1520376,Torre Cerredo,torre cerredo,mountain,LOC,mountain,24,,,False
Q1477896,Abuna River,abuna river,river in the Amazon region,LOC,river,24,,,False
Q169766,Barcău River,barcău river,river,LOC,river,24,,,False
Q48478,Manra Island,manra island,island,LOC,island,24,,,False
Q1292655,Gudbrandsdalen,gudbrandsdalen,valley and traditional district in the Norwegian county of Innlandet,LOC,valley,24,,,False
Q1619845,Bailundo,bailundo,municipality of Angola,GPE,city,24,294494.0,Angola,False
Q1362330,Tupinambarana,tupinambarana,island,LOC,island,24,,,False
Q697805,Jabat Island,jabat island,island,LOC,island,24,,,False
Q1026987,Guatire,guatire,city in Venezuela,GPE,city,24,187262.0,Venezuela,False
Q773238,Milagro,milagro,"city of Guayas Province, Ecuador",GPE,city,24,159970.0,Ecuador,False
Q47901,River Irwell,river irwell,"river in Lancashire, United Kingdom",LOC,river,24,,,False
Q909048,Santo Stefano Island,santo stefano island,island,LOC,island,24,,,False
Q1276917,Kilmez,kilmez,"river in Udmurtia, Russia",LOC,river,24,,,False
Q959508,Ciężkowice,ciężkowice,city of Poland,GPE,city,24,,Poland,False
Q1468723,Nueces River,nueces river,"river in Texas, United States",LOC,river,24,,,False
Q596106,Sabine River,sabine river,"river in Texas and Louisiana, United States",LOC,river,24,,,False
Q1075469,Olona,olona,Italian river,LOC,river,24,,,False
Q1075804,Ochtinská Aragonite Cave,ochtinská aragonite cave,cave in Slovakia,LOC,cave,24,,,False
Q227187,Zrmanja,zrmanja,river in Croatia,LOC,river,24,,,False
Q2276055,Polist,polist,"river in Pskov and Novgorod Oblasts, Russia",LOC,river,24,,,False
Q2279699,Insar,insar,"river in Mordovia, Russia",LOC,river,24,,,False
Q2355915,Czyżew,czyżew,city of Poland,GPE,city,24,,Poland,False
Q706133,Nidda,nidda,river in Germany,LOC,river,24,,,False
Q1000341,Ilo,ilo,city in Peru,GPE,city,24,,Peru,False
Q1755283,San Ramón de la Nueva Orán,san ramón de la nueva orán,"city in Salta Province, Argentina",GPE,city,24,,Argentina,False
Q1759360,La Oroya,la oroya,"capital city of Yauli, Junín, Peru",GPE,city,24,,Peru,False
Q997407,Bubaque,bubaque,human settlement,LOC,island,24,,,False
Q280407,Kargowa,kargowa,city of Poland,GPE,city,24,,Poland,False
Q1017167,Garbahaareey,garbahaareey,city in Somalia,GPE,city,24,,Somalia,False
Q492760,Movile Cave,movile cave,cave in Romania,LOC,cave,24,,,False
Q949535,San Francisco,san francisco,city in Argentina,GPE,city,24,,Argentina,False
Q492130,Antipsara,antipsara,"island off Psara, Greece",LOC,island,24,,,False
Q2369669,Okhta,okhta,"river in Leningrad Oblast, Russia, tributary to the Neva",LOC,river,24,,,False
Q2471263,Lake Göygöl,lake göygöl,lake in Azerbaijan,LOC,lake,24,,,False
Q2422162,Mont Ngaoui,mont ngaoui,mountain between Cameroun and Central African Republic,LOC,mountain,24,,,False
Q2478596,Iskanderkul,iskanderkul,lake in Tajikistan,LOC,lake,24,,,False
Q1074894,Nyuya,nyuya,"river in Yakutia, Russia",LOC,river,24,,,False
Q2415430,Besed,besed,river in Belarus and Russia,LOC,river,24,,,False
Q997314,Bu'ale,buale,city in Somalia,GPE,city,24,,Somalia,False
Q366088,Adonara Island,adonara island,"island in East Flores Regency, East Nusa Tenggara Province, Indonesia",LOC,island,24,,,False
Q934733,Ene River,ene river,right headwater of the Tambo River in Peru,LOC,river,24,,,False
Q532698,Mount Sipylus,mount sipylus,"mountain in Manisa, Turkey",LOC,mountain,24,,,False
Q534813,Essonne,essonne,river in France,LOC,river,24,,,False
Q1899552,Noord,noord,short tidal river in the Netherlands,LOC,river,24,,,False
Q719903,Martín García Island,martín garcía island,Argentine island enclaved within the Uruguayan waters of the Río de la Plata,LOC,island,24,,,False
Q693140,Santa Cruz del Quiché,santa cruz del quiché,Quiché Department municipality of Guatemala,GPE,city,24,,Guatemala,False
Q1335466,Llyn Tegid,llyn tegid,lake in Wales,LOC,lake,24,,,False
Q1336227,North Keeling,north keeling,island in Indian Ocean in Australian territorial waters,LOC,island,24,,,False
Q3705990,Pannonian Sea,pannonian sea,shallow ancient sea located where the Pannonian Basin in Central Europe is today,LOC,sea,24,,,False
Q701645,Düssel,düssel,river in Germany,LOC,river,24,,,False
Q708447,Hunte,hunte,river in Germany,LOC,river,24,,,False
Q6093319,Khizi,khizi,city in Azerbaijan,GPE,city,24,,Azerbaijan,False
Q2428539,Mahananda River,mahananda river,river in Bangladesh and India,LOC,river,24,,,False
Q705896,Tara,tara,"river in Novosibirsk and Omsk Oblasts, Russia",LOC,river,24,,,False
Q982879,Isla Gorgona,isla gorgona,island in Colombia,LOC,island,23,,,False
Q991709,Buna,buna,river in Bosnia and Herzegovina,LOC,river,23,,,False
Q1367281,Montagu Island,montagu island,island in South Sandwich Islands,LOC,island,23,,,False
Q1758215,Outapi,outapi,town in Namibia,GPE,city,23,,Namibia,False
Q706112,Gera,gera,"river in Thüringen, Germany",LOC,river,23,,,False
Q833846,Wörnitz,wörnitz,river in Germany,LOC,river,23,,,False
Q2428259,Bhakkar,bhakkar,human settlement in Pakistan,GPE,city,23,,Pakistan,False
Q916039,Helgeandsholmen,helgeandsholmen,"island between Gamla stan and Norrmalm in Stockholm, Sweden",LOC,island,23,,,False
Q950924,Samalut,samalut,town in Middle Egypt,GPE,city,23,,Egypt,False
Q1703677,Murchison River,murchison river,river in Western Australia,LOC,river,23,,,False
Q1703681,Willamette Valley,willamette valley,"valley in Oregon, United States",LOC,valley,23,,,False
Q1066857,Sitnica,sitnica,river in Kosovo,LOC,river,23,,,False
Q233071,Khantayskoye Lake,khantayskoye lake,"lake in Krasnoyarsk Krai, Russia",LOC,lake,23,,,False
Q2324221,Pshish,pshish,"river in Krasnodar Krai and Adygea, Russia",LOC,river,23,,,False
Q2466394,Chagodoscha,chagodoscha,"river in Leningrad and Vologda Oblasts, Russia",LOC,river,23,,,False
Q606198,Rasshua,rasshua,island in Russia,LOC,island,23,,,False
Q605796,Lake Toplitz,lake toplitz,lake in the Totes Gebirge in Styria,LOC,lake,23,,,False
Q60507,Limassol Salt Lake,limassol salt lake,lake in Akrotiri and Dhekelia,LOC,lake,23,,,False
Q1515455,Słupia,słupia,river in Poland,LOC,river,23,,,False
Q596120,Mogami River,mogami river,river in Japan,LOC,river,23,,,False
Q2305090,Mount Tomorr,mount tomorr,"mountain in Berat District, Albania",LOC,mountain,23,,,False
Q835590,Wagria,wagria,peninsula,LOC,peninsula,23,,,False
Q978032,Cape Hatteras,cape hatteras,cape in the United States,LOC,cape,23,,,False
Q698352,Arorae,arorae,island of Kiribati,LOC,island,23,,,False
Q2075535,Surman,surman,City in Libya,GPE,city,23,100707.0,Libya,False
Q1035471,Caraz,caraz,town in the Caraz District in Peru,GPE,city,23,,Peru,False
Q426891,Kakata,kakata,city,GPE,city,23,,Liberia,False
Q1737059,Mount Waddington,mount waddington,"mountain of the Coast Mountains in British Columbia, Canada",LOC,mountain,23,,,False
Q1588249,Dabou,dabou,city of côte d'ivoire,GPE,city,23,138083.0,Ivory Coast,False
Q1587131,Soubré,soubré,"place in Bas-Sassandra, Ivory Coast",GPE,city,23,272773.0,Ivory Coast,False
Q1754619,Mount Tsukuba,mount tsukuba,"mountain in Ibaraki Prefecture, Japan",LOC,mountain,23,,,False
Q1796191,Frederiksværk,frederiksværk,"town in Halsnæs Municipality, Denmark",GPE,city,23,,Denmark,False
Q1660820,Ina,ina,river in Poland,LOC,river,23,,,False
Q1660406,Yangra,yangra,mountain in People's Republic of China,LOC,mountain,23,,,False
Q1308671,Uyedineniya Island,uyedineniya island,island,LOC,island,23,,,False
Q495231,Marado,marado,"island off the coast of Jeju, South Korea",LOC,island,23,,,False
Q498958,Ilhéu Raso,ilhéu raso,"island, Cape Verde",LOC,island,23,,,False
Q472896,Bhadra River,bhadra river,"river in Karnataka, India",LOC,river,23,,,False
Q466699,American River,american river,"river in California, United States",LOC,river,23,,,False
Q45653,Orlice,orlice,river in the Czech Republic,LOC,river,23,,,False
Q1017376,Popondetta,popondetta,city,GPE,city,23,,Papua New Guinea,False
Q1265993,North Ronaldsay,north ronaldsay,northernmost island in the Orkney archipelago of Scotland,LOC,island,23,,,False
Q483204,Jirisan,jirisan,tallest mountain in mainland South Korea,LOC,mountain,23,,,False
Q4463211,Trishuli River,trishuli river,river in Nepal,LOC,river,23,,,False
Q1757394,Doce River,doce river,"river in Minas Gerais & Espírito Santo, Brazil",LOC,river,23,,,False
Q175650,Robert Island,robert island,island of the South Shetland Islands in the Southern Ocean,LOC,island,23,,,False
Q1783725,Pahang River,pahang river,river in Malaysia,LOC,river,23,,,False
Q988485,"Prochowice [Parchwitz], Lower Silesian Voivodeship",prochowice parchwitz lower silesian voivodeship,city of Poland,GPE,city,23,,Poland,False
Q1653700,Wiener Neustadt Island,wiener neustadt island,"island in Franz Josef Land, Russia",LOC,island,23,,,False
Q16513,Alberche,alberche,river in Spain,LOC,river,23,,,False
Q925592,Koshtan-Tau,koshtan-tau,mountain,LOC,mountain,23,,,False
Q923043,Pioneer Island,pioneer island,island,LOC,island,23,,,False
Q738867,Maipo River,maipo river,river in Chile,LOC,river,23,,,False
Q174885,Didi Liakhvi River,didi liakhvi river,river in Georgia,LOC,river,23,,,False
Q1743887,Kitinen,kitinen,"river in Lapland, Finland",LOC,river,23,,,False
Q176101,Agassizhorn,agassizhorn,mountain,LOC,mountain,23,,,False
Q1463283,Serra de Collserola,serra de collserola,"mountain range in Catalonia, Spain",LOC,mountain,23,,,False
Q1462989,Pyakupur,pyakupur,"river in Yamalo-Nenets AO, Russia",LOC,river,23,,,False
Q1742019,King Christian Island,king christian island,"island in Nunavut, Canada",LOC,island,23,,,False
Q635419,Lake Manzala,lake manzala,lake in Egypt,LOC,lake,23,,,False
Q635179,Mount Afadja,mount afadja,mountain in Ghana,LOC,mountain,23,,,False
Q729978,Mediolanum,mediolanum,"ancient Milan, an Insubrian, later Roman city",GPE,city,23,,Ancient Rome,False
Q1778649,Papuk,papuk,mountain in Croatia,LOC,mountain,23,,,False
Q1655937,St. Matthew Island,st. matthew island,island in the United States of America,LOC,island,23,,,False
Q619766,Tilicho Lake,tilicho lake,lake,LOC,lake,23,,,False
Q1011873,Manatuto,manatuto,city,GPE,city,23,,Timor-Leste,False
Q1480145,Thule Island,thule island,island of the South Sandwich Islands,LOC,island,23,,,False
Q55862,Goya,goya,"city in the province or Corrientes, in Argentina",GPE,city,23,,Argentina,False
Q450584,Alz,alz,river in Germany,LOC,river,23,,,False
Q907254,Brembo,brembo,river in Italy,LOC,river,23,,,False
Q905981,Labynkyr,labynkyr,"lake in Yakutia, Russia",LOC,lake,23,,,False
Q1265476,Svitiaz,svitiaz,"lake in Volyn Oblast, Ukraine",LOC,lake,23,,,False
Q1262097,Dzhida,dzhida,"river in Buryatia, Russia",LOC,river,23,,,False
Q1261892,Jabal Sawda,jabal sawda,mountain in Saudi Arabia,LOC,mountain,23,,,False
Q1777582,Ner,ner,river in Poland,LOC,river,23,,,False
Q407146,Air Force Island,air force island,"island in Nunavut, Canada",LOC,island,23,,,False
Q1808438,Chulyshman,chulyshman,"river in Altai Republic, Russia",LOC,river,23,,,False
Q1804865,Lake Langano,lake langano,one of the Rift Valley lakes of Ethiopia,LOC,lake,23,,,False
Q1635625,Komati River,komati river,river in Eswatini,LOC,river,23,,,False
Q1636839,Roanoke Island,roanoke island,"island in Dare County, North Carolina, United States",LOC,island,23,,,True
Q1649074,Mount Heha,mount heha,mountain,LOC,mountain,23,,,False
Q506955,Pangani River,pangani river,river in Tanzania,LOC,river,23,,,False
Q5054950,Cave of Euripides,cave of euripides,cave in Greece,LOC,cave,23,,,False
Q164561,Fichtelberg,fichtelberg,"mountain of the Ore Mountains in Saxony, Germany",LOC,mountain,23,,,False
Q1642538,King's Peak,kings peak,"Highest mountain in Utah, United States",LOC,mountain,23,,,False
Q17956,Guadalhorce,guadalhorce,"river in Spain, European Union",LOC,river,23,,,False
Q1789505,Ksani,ksani,river in Georgia,LOC,river,23,,,False
Q41971,Bira,bira,"river in Jewish Autonomous Oblast, Russia",LOC,river,23,,,False
Q1776363,Rava,rava,island of Croatia,LOC,island,23,,,False
Q1460079,Umbozero,umbozero,"lake in Murmansk Oblast, Russia",LOC,lake,23,,,False
Q6372431,Karla Caves,karla caves,"cave complex in Karla, India",LOC,cave,23,,,False
Q391578,Agattu,agattu,"island in Aleutians West Census Area, Alaska, United States",LOC,island,23,,,False
Q401637,Delgermörön,delgermörön,river,LOC,river,23,,,False
Q1019429,Podor,podor,commune of Senegal,GPE,city,23,,Senegal,False
Q522077,Pčinja,pčinja,river in Serbia and North Macedonia,LOC,river,23,,,False
Q1311736,Barabar Caves,barabar caves,"rock-cut caves in Bihar, India",LOC,cave,23,,,False
Q1310658,Eiríksjökull,eiríksjökull,mountain in Iceland,LOC,mountain,23,,,False
Q509983,Caledon River,caledon river,river,LOC,river,23,,,False
Q1813475,Mount Giluwe,mount giluwe,Eroded shield volcano in Papua New Guinea,LOC,mountain,23,,,False
Q1816122,Te Hauturu-o-Toi / Little Barrier Island,te hauturu-o-toi / little barrier island,"island in the Hauraki Gulf, New Zealand",LOC,island,23,,,False
Q956515,Phnom Kulen,phnom kulen,mountain,LOC,mountain,23,,,False
Q955455,Inya,inya,"river in Kemerovo and Novosibirsk Oblasts, Russia",LOC,river,23,,,False
Q953075,Kushk River,kushk river,river located between Afghanistan and Turkmenistan,LOC,river,23,,,False
Q398309,Aguijan,aguijan,island in the Northern Mariana Islands in the Pacific Ocean,LOC,island,23,,,False
Q396520,Agri,agri,river in Italy,LOC,river,23,,,False
Q421825,Kartsakhi Lake,kartsakhi lake,lake between Georgia and Turkey,LOC,lake,23,,,False
Q1543632,Taree,taree,"town in New South Wales, Australia",GPE,city,23,,Australia,False
Q1908809,Mathraki,mathraki,Greek island in Ionian Sea,LOC,island,23,,,False
Q1332574,Jūra,jūra,"river in Lithuania, right-side tributary of Neman",LOC,river,23,,,False
Q517422,Tigoda,tigoda,"river in Leningrad and Novgorod Oblasts, Russia",LOC,river,23,,,False
Q556095,Manfalut,manfalut,city,GPE,city,23,,Egypt,False
Q555042,Koziegłowy,koziegłowy,"city in the Lesser Poland part of the Silesian Voivodeship, Poland",GPE,city,23,,Poland,False
Q1632717,Numfor Island,numfor island,"island in Biak Numfor Regency, Papua Province, Indonesia",LOC,island,23,,,False
Q644839,Argens,argens,river in France,LOC,river,23,,,False
Q671704,Sédhiou,sédhiou,town in Senegal,GPE,city,23,,Senegal,False
Q668462,Berisso,berisso,"city in Buenos Aires Province, Argentina",GPE,city,23,,Argentina,False
Q645451,Mount Berlin,mount berlin,Volcano in West Antarctica,LOC,mountain,23,,,False
Q1233570,Trisul,trisul,"mountain in Uttarakhand, India",LOC,mountain,23,,,False
Q147955,Cuauhtémoc,cuauhtémoc,"municipal seat of Cuauhtémoc, State of Chihuahua, Mexico",GPE,city,23,180638.0,Mexico,False
Q1249840,Reschensee,reschensee,artificial lake in Italy,LOC,lake,23,,,False
Q1242274,Maurienne,maurienne,"French valley, former Savoy province",LOC,valley,23,,,False
Q1854502,Mount Hillaby,mount hillaby,mountain in Barbados,LOC,mountain,23,,,False
Q878830,Bityug,bityug,"river in Tambov Oblast, Russia",LOC,river,23,,,False
Q1897123,Redang Island,redang island,"island in Terengganu, Malaysia",LOC,island,23,,,False
Q1229384,Lake Viljandi,lake viljandi,lake in Estonia,LOC,lake,23,,,False
Q1207296,Dez River,dez river,river in Iran,LOC,river,23,,,False
Q374873,River Dart,river dart,"river in Devon, England",LOC,river,23,,,False
Q3740869,Lake Kuremaa,lake kuremaa,lake in Estonia,LOC,lake,23,,,False
Q530021,Ras al-Abiad,ras al-abiad,cape in Tunisia,LOC,cape,23,,,False
Q1507682,Siula Grande,siula grande,mountain,LOC,mountain,23,,,False
Q614645,Ua Pou,ua pou,island in French Polynesia,LOC,island,23,,,False
Q613522,Clutha River / Mata-Au,clutha river / mata-au,river in the South Island of New Zealand,LOC,river,23,,,False
Q619781,Imja Tse,imja tse,"mountain in Khumbu, Nepal",LOC,mountain,23,,,False
Q133452,Yeya River,yeya river,river in Russia,LOC,river,23,,,False
Q1333499,Rappahannock River,rappahannock river,"river in Virginia, United States",LOC,river,23,,,False
Q1421485,Miejska Górka,miejska górka,city of Poland,GPE,city,23,,Poland,False
Q861703,Tinnsjå,tinnsjå,"lake in Notodden and Tinn, Telemark, Norway",LOC,lake,23,,,False
Q260547,Siddipet,siddipet,city in Siddipet district in India,GPE,city,23,,India,False
Q139248,Zacatecoluca,zacatecoluca,city in El Salvador,GPE,city,23,,El Salvador,False
Q650296,Rivanj,rivanj,island of Croatia,LOC,island,23,,,False
Q1634141,Cape Evans,cape evans,headland in Antarctica,LOC,peninsula,23,,,False
Q1014306,Cipolletti,cipolletti,"city in Río Negro Province, Argentina",GPE,city,23,105647.0,Argentina,False
Q933185,U Thant Island,u thant island,"islet on East River in Manhattan, New York, United States",LOC,island,23,,,False
Q931770,Papa Westray,papa westray,"island, part of the Orkney Islands, Scotland, UK",LOC,island,23,,,False
Q928686,Cephissus,cephissus,"river through Athenian plain, Greece",LOC,river,23,,,False
Q1950549,Mount Iliamna,mount iliamna,"stratovolcano in Alaska, United States",LOC,mountain,23,,,False
Q1920731,Velikaya,velikaya,"river in Chukotka, Russia",LOC,river,23,,,False
Q351928,Adams Island,adams island,outlying island off southern New Zealand,LOC,island,23,,,False
Q763420,Jalovec,jalovec,mountain,LOC,mountain,23,,,False
Q762450,Vilkitsky Island,vilkitsky island,"island in East Siberian Sea, Russia",LOC,island,23,,,False
Q761722,Sipora Island,sipora island,"island in Mentawai Islands Regency, West Sumatra Province, Indonesia",LOC,island,23,,,False
Q369864,Kildin Island,kildin island,"island in Barents Sea, Russia",LOC,island,23,,,False
Q1439530,Mount Odin,mount odin,"mountain in Nunavut, Canada",LOC,mountain,23,,,False
Q1344617,Chilia branch,chilia branch,branch of Danube,LOC,river,23,,,False
Q14516,Nalón,nalón,river in Spain,LOC,river,23,,,False
Q1971319,Pic la Selle,pic la selle,mountain in Haiti,LOC,mountain,23,,,False
Q1969490,Trinity River,trinity river,"river in Texas, United States",LOC,river,23,,,False
Q1964765,Mount Nantai,mount nantai,"mountain in Tochigi Prefecture, Japan",LOC,volcano,23,,,False
Q1988475,Sochi,sochi,"river in Krasnodar Krai, Russia",LOC,river,23,,,True
Q1511750,Kashgar River,kashgar river,river,LOC,river,23,,,False
Q612422,Anuy,anuy,"river in Altai Republic and Altai Krai, Russia",LOC,river,23,,,False
Q609982,Antuco,antuco,"mountain in Bío Bío province, Chile",LOC,volcano,23,,,False
Q1495089,Gascoyne River,gascoyne river,river in Western Australia,LOC,river,23,,,False
Q1494164,Gardner Pinnacles,gardner pinnacles,"island in Honolulu County, Hawaii, United States",LOC,island,23,,,False
Q1494095,Hondo River,hondo river,river of Central America,LOC,river,23,,,False
Q1493617,Gannett Peak,gannett peak,mountain,LOC,mountain,23,,,False
Q1507924,Vozhe,vozhe,"lake in Vologda Oblast, Russia",LOC,lake,23,,,False
Q163503,Isle Royale,isle royale,"island in Lake Superior in Michigan, United States of America",LOC,island,23,,,False
Q3436243,Ledava,ledava,river in SE Austria and NE Slovenia,LOC,river,23,,,False
Q999572,Nueva Helvecia,nueva helvecia,city,GPE,city,23,,Uruguay,False
Q962707,Santa Inés Island,santa inés island,island in Chile,LOC,island,23,,,False
Q770141,Kainji Lake,kainji lake,reservoir in Nigeria,LOC,lake,23,,,False
Q2002578,Schugor,schugor,"river in Komi, Russia",LOC,river,23,,,False
Q331409,Cro-Magnon site,cro-magnon site,cave in France,LOC,cave,23,,,False
Q1024890,Cabo Gracias a Dios,cabo gracias a dios,cape in Central America,LOC,peninsula,23,,,False
Q335336,Har HaMenuchot,har hamenuchot,mountain and cemetery in Israel,LOC,mountain,23,,,False
Q542024,Baïse,baïse,river in France,LOC,river,23,,,False
Q3223801,Frederikssund,frederikssund,town in Denmark,GPE,city,23,,Denmark,False
Q1624768,Hollandse IJssel,hollandse ijssel,river in the Netherlands,LOC,river,23,,,False
Q1576907,Sal River,sal river,river in Russia,LOC,river,23,,,False
Q1576687,Jänisjärvi,jänisjärvi,"lake in Republic of Karelia, Russia",LOC,lake,23,,,False
Q1501247,River Lagan,river lagan,river in Northern Ireland,LOC,river,23,,,False
Q19745747,Damar Island,damar island,"island in Southwest Maluku Regency, Maluku Province, Indonesia",LOC,island,23,,,False
Q1197635,Mezha,mezha,"river in Smolensk and Tver Oblasts, Russia",LOC,river,23,,,False
Q2621050,Vadul lui Vodă,vadul lui vodă,town in Moldova,GPE,city,23,,Moldova,False
Q2616818,Gampaha,gampaha,"city in Gampaha District, Sri Lanka",GPE,city,23,191040.0,Sri Lanka,False
Q854999,Bhima River,bhima river,river in India,LOC,river,23,,,False
Q1199959,Calton Hill,calton hill,"mountain in Edinburgh, Scotland, UK",LOC,mountain,23,,,False
Q1192384,Lake Manapouri,lake manapouri,"lake in Southland Region, New Zealand",LOC,lake,23,,,False
Q1192102,Pico do Areeiro,pico do areeiro,Madeira island's third highest peak,LOC,mountain,23,,,False
Q1584116,Hao,hao,coral atoll,LOC,island,23,,,False
Q537889,Drammenselva,drammenselva,river in Norway,LOC,river,23,,,False
Q543031,Futuna Island,futuna island,island in Vanuatu,LOC,island,23,,,False
Q852279,Busento,busento,river in Italy,LOC,river,23,,,False
Q851977,Hisingen,hisingen,island of Sweden,LOC,island,23,,,False
Q1032916,Canche,canche,river,LOC,river,23,,,False
Q1032812,Mountain of Smoke,mountain of smoke,mountain in Kingdom of Bahrain,LOC,mountain,23,,,False
Q1012060,Gopło,gopło,lake,LOC,lake,23,,,False
Q1196295,Lake Shikotsu,lake shikotsu,lake in Japan,LOC,lake,23,,,False
Q200818,Vodlozero,vodlozero,"lake in Republic of Karelia, Russia",LOC,lake,23,,,False
Q1431323,Kennebec River,kennebec river,"river in Maine, United States",LOC,river,23,,,False
Q1343616,Mount Ainos,mount ainos,"mountain of Kefalonia, Greece",LOC,mountain,23,,,False
Q2579925,Mirpur,mirpur,"city in Azad Kashmir, Pakistan",GPE,city,23,124352.0,Pakistan,False
Q1250076,Gojra,gojra,"city in Punjab, Pakistan",GPE,city,23,157863.0,Pakistan,False
Q1246235,Nørresundby,nørresundby,human settlement,GPE,city,23,,Denmark,False
Q305700,Abava River,abava river,river in Latvia,LOC,river,23,,,False
Q3056649,Indawgyi Lake,indawgyi lake,lake in Myanmar,LOC,lake,23,,,False
Q1676159,Izra,izra,"city in Izra district, Syria",GPE,city,23,,Syria,False
Q837035,Totonicapán,totonicapán,"municipality and capital of Totonicapán Department, Guatemala",GPE,city,23,118960.0,Guatemala,False
Q1572208,Otgontenger,otgontenger,the highest peak in the Khangai Mountains in Mongolia,LOC,mountain,23,,,False
Q665399,Arjuno-Welirang,arjuno-welirang,"strato volcano in East Java, Indonesia",LOC,mountain,23,,,False
Q1346326,Vire,vire,tributary of the English Channel in France,LOC,river,23,,,False
Q2019666,Cumbal,cumbal,mountain in Colombia,LOC,volcano,23,,,False
Q1034430,Haukadalur,haukadalur,"valley in Bláskógabyggð, Iceland",LOC,valley,23,,,False
Q1034267,Cape Ann,cape ann,"cape in Massachusetts, USA",LOC,cape,23,,,False
Q11944741,Ras ben Sakka,ras ben sakka,"cape in Tunisia, northernmost point of mainland Africa",LOC,cape,23,,,False
Q1030189,Hingol River,hingol river,river in Pakistan,LOC,river,23,,,False
Q1029502,Moloma,moloma,"river in Kirov and Vologda Oblasts, Russia",LOC,river,23,,,False
Q1268139,Duékoué,duékoué,"place in Montagnes, Ivory Coast",GPE,city,23,220953.0,Ivory Coast,False
Q3045228,Coatepeque Caldera,coatepeque caldera,lake in El Salvador,LOC,mountain,23,,,False
Q30448,Hohberghorn,hohberghorn,mountain in the Pennine Alps,LOC,mountain,23,,,False
Q550975,Aniwa Island,aniwa island,island,LOC,island,23,,,False
Q812706,Baía Farta,baía farta,municipality in Benguela Province in Angola,GPE,city,23,107841.0,Angola,False
Q815782,Bella Unión,bella unión,Uruguayan city,GPE,city,23,,Uruguay,False
Q1566960,Jackson Island,jackson island,"island in Franz Josef Land, Russia",LOC,island,23,,,False
Q785038,Sirri Island,sirri island,"island in Abumusa County, Iran",LOC,island,23,,,False
Q1422538,Manda Island,manda island,island of the Lamu Archipelago of Kenya,LOC,island,23,,,False
Q1196877,Brak,brak,town in Libya,GPE,city,23,,Libya,False
Q304530,Pizhma,pizhma,"river in Nizhny Novgorod Oblast, Russia",LOC,river,23,,,False
Q30418,Parrotspitze,parrotspitze,peak in the Pennine Alps of Italy and Switzerland,LOC,mountain,23,,,False
Q791190,Basento,basento,river in Italy,LOC,river,23,,,False
Q30527,Hinter Fiescherhorn,hinter fiescherhorn,mountain in the Bernese Alps,LOC,mountain,23,,,False
Q312862,Aracar,aracar,mountain in Argentina,LOC,volcano,23,,,False
Q665089,Wetterhorn,wetterhorn,"mountain in the Bernese Alps, Grindelwald, Switzerland",LOC,mountain,23,,,False
Q668594,Piz Kesch,piz kesch,"highest mountain of the Albula Alps in Grisons, Switzerland",LOC,mountain,23,,,False
Q2987365,River Kennet,river kennet,"river in the United Kingdom, a tributary of the River Thames",LOC,river,23,,,False
Q1547402,Kirkjufell,kirkjufell,mountain in Snæfellsnes peninsula,LOC,mountain,23,,,False
Q1514233,Tunguska,tunguska,"river in Khabarovsk Krai, Russia",LOC,river,23,,,False
Q613386,Beru,beru,island of Kiribati,LOC,island,23,,,False
Q1503349,Radbuza,radbuza,river in the Czech Republic,LOC,river,23,,,False
Q1170178,Gavdopoula,gavdopoula,"island off Gavdos, Greece",LOC,island,23,,,False
Q1853310,Ondo,ondo,"city in Ondo State, Nigeria",GPE,city,23,358430.0,Nigeria,False
Q250531,Álamos,álamos,"city of Sonora, Mexico",GPE,city,23,,Mexico,False
Q30444,Stecknadelhorn,stecknadelhorn,mountain in the Pennine Alps,LOC,mountain,23,,,False
Q1422482,Arctic Cape,arctic cape,Headland in Russia,LOC,cape,23,,,False
Q1421535,Pra,pra,"river in Moscow and Ryazan Oblast, Russia",LOC,river,23,,,False
Q1421494,Solor Island,solor island,"island in East Flores Regency, East Nusa Tenggara Province, Indonesia",LOC,island,23,,,False
Q71562,Liri,liri,Italian river,LOC,river,23,,,False
Q387591,Świerzawa,świerzawa,city of Poland,GPE,city,23,,Poland,False
Q2992199,Kungoy Ala-Too,kungoy ala-too,mountain range in Kyrgyzstan,LOC,mountain,23,,,False
Q30400,Zumsteinspitze,zumsteinspitze,summit in the Pennine Alps,LOC,mountain,23,,,False
Q2087477,Pasha,pasha,"river in Leningrad Oblast, Russia",LOC,river,23,,,False
Q1052027,Cayo Largo del Sur,cayo largo del sur,Resort island in Cuba,LOC,island,23,,,False
Q1052012,Cayo Coco,cayo coco,human island settlement that is part of Cuba,LOC,island,23,,,False
Q283536,Langisjór,langisjór,lake,LOC,lake,23,,,False
Q282981,Pico Posets,pico posets,mountain,LOC,mountain,23,,,False
Q937958,Sele,sele,river in Italy,LOC,river,23,,,False
Q586448,Sassandra,sassandra,city of côte d'ivoire,GPE,city,23,,Ivory Coast,False
Q734149,Torne Valley,torne valley,valley at the border of Sweden and Finland,LOC,valley,23,,,False
Q575695,Digul River,digul river,"river in South Papua, Indonesia",LOC,river,23,,,False
Q571759,Antelao,antelao,mountain,LOC,mountain,23,,,False
Q571363,Santa Lucía River,santa lucía river,river in Uruguay,LOC,river,23,,,False
Q1551897,Rousay,rousay,"island of the Orkney Islands, Scotland, UK",LOC,island,23,,,False
Q285137,Dong River,dong river,"river in Guangdong, China",LOC,river,23,,,False
Q2850543,Cheleken,cheleken,peninsula,LOC,peninsula,23,,,False
Q1153273,Pamanzi,pamanzi,"island of France, Indian Ocean",LOC,island,23,,,False
Q1055875,Cerro Las Minas,cerro las minas,"mountain in Lempira Department, Honduras",LOC,mountain,23,,,False
Q2741496,Minahasa Peninsula,minahasa peninsula,peninsula on Sulawesi,LOC,peninsula,23,,,False
Q153675,Manavgat River,manavgat river,"river in Antalya, southwestern Turkey",LOC,river,23,,,False
Q1544807,Klein Bonaire,klein bonaire,island,LOC,island,23,,,False
Q2087489,Cotuí,cotuí,city in Dominican Republic,GPE,city,23,,Dominican Republic,False
Q808981,Barros Blancos,barros blancos,human settlement,GPE,city,23,,Uruguay,False
Q938914,Irgiz River,irgiz river,river in Kazakhstan,LOC,river,23,,,False
Q804039,Mount Bisoke,mount bisoke,a volcano located on the border between the Democratic Republic of Congo and Rwanda,LOC,volcano,23,,,False
Q799468,Nugush,nugush,"river in Bashkiria, Russia",LOC,river,23,,,False
Q794263,Azuero Peninsula,azuero peninsula,peninsula,LOC,peninsula,23,,,False
Q279908,Rienz,rienz,river in Northern Italy,LOC,river,23,,,False
Q114319,River Ribble,river ribble,river that runs through North Yorkshire and Lancashire in Northern England,LOC,river,23,,,False
Q2749822,Agrakhan Peninsula,agrakhan peninsula,peninsula in Russia,LOC,peninsula,23,,,False
Q1140440,Haupapa / Tasman Glacier,haupapa / tasman glacier,glacier in New Zealand,LOC,glacier,23,,,False
Q671989,Gusinoye Lake,gusinoye lake,"lake in Republic of Buryatia, Russia",LOC,lake,23,,,False
Q1416354,Omoloy,omoloy,"river in Yakutia, Russia",LOC,river,23,,,False
Q1142903,Svenskøya,svenskøya,island of Svalbard,LOC,island,23,,,False
Q1410413,Banyas,banyas,river,LOC,river,23,,,False
Q943221,Lake Togo,lake togo,lake in Togo,LOC,lake,23,,,False
Q1509547,Lake George,lake george,lake in Uganda,LOC,lake,23,,,False
Q2165200,Umm an Nasan,umm an nasan,island in Bahrain,LOC,island,23,,,False
Q2154758,Mount Rishiri,mount rishiri,"mountain in Hokkaido, Japan",LOC,volcano,23,,,False
Q2661894,Florida Peninsula,florida peninsula,peninsula in the United States,LOC,peninsula,23,,,False
Q1089052,Wojnicz,wojnicz,city of Poland,GPE,city,23,,Poland,False
Q2699957,Bemarivo River,bemarivo river,river in Madagascar,LOC,river,23,,,False
Q1063104,Charcot Island,charcot island,island in the Antarctic,LOC,island,23,,,False
Q271149,Åreskutan,åreskutan,mountain at Åre in Jämtland,LOC,mountain,23,,,False
Q1140235,Hudson Valley,hudson valley,comprises the valley of the Hudson River and its adjacent communities in the U.S. state of New York,LOC,valley,23,,,False
Q675101,Okushiri Island,okushiri island,"island in Japan, Hokkaido, Hiyama Subprefecture",LOC,island,23,,,False
Q713836,Mount Iwate,mount iwate,"mountain in Iwate Prefecture, Japan",LOC,volcano,23,,,False
Q1139060,Pic du Midi de Bigorre,pic du midi de bigorre,mountain in France,LOC,mountain,23,,,False
Q2744214,Mount Ishizuchi,mount ishizuchi,"mountain in Shikoku, Japan",LOC,mountain,23,,,False
Q2742687,San Pedro,san pedro,one of the tallest active volcanoes in the world,LOC,volcano,23,,,False
Q1076536,Khorol River,khorol river,river in Ukraine,LOC,river,23,,,False
Q816560,Ben Macdui,ben macdui,"mountain on the Aberseendshire and Moray border, Scotland; second highest mountain in the UK",LOC,mountain,23,,,False
Q816458,Ben Bulben,ben bulben,mountain,LOC,mountain,23,,,False
Q2595789,Kediet ej Jill,kediet ej jill,mountain in Mauritania,LOC,mountain,23,,,False
Q2581216,Falakro,falakro,"mountain in the Drama regional unit, eastern Greek Macedonia",LOC,mountain,23,,,False
Q2580053,Ogurja Ada,ogurja ada,island in Turkmenistan,LOC,island,23,,,False
Q819278,Jagst,jagst,river in Germany,LOC,river,23,,,False
Q579117,Kınalıada,kınalıada,"mahalle (administrative quarter) in Adalar, İstanbul–Asia, northwestern Turkey",LOC,island,23,,,False
Q2634342,Benito River,benito river,river in Equatorial Guinea and Gabon,LOC,river,23,,,False
Q1409509,Lougheed Island,lougheed island,"island in Nunavut, Canada",LOC,island,23,,,False
Q14087,Tronto,tronto,Italian river,LOC,river,23,,,False
Q684231,Loch Lochy,loch lochy,"freshwater lake in Lochaber, Highland, Scotland, UK, outflows from the south to River Lochy and the Caledonian Canal",LOC,lake,23,,,False
Q1397501,Králický Sněžník,králický sněžník,mountain in Poland and the Czech Republic,LOC,mountain,23,,,False
Q1397166,Farsi Island,farsi island,island,LOC,island,23,,,False
Q1400022,Winnipeg River,winnipeg river,"river in Ontario and Manitoba, Canada",LOC,river,23,,,False
Q1397720,Grand Ballon,grand ballon,highest mountain of the Vosges Mountains in France,LOC,mountain,23,,,False
Q23130,Gállego,gállego,"river in Aragon, Spain",LOC,river,23,,,False
Q1026284,Salinas,salinas,"city of Santa Elena Province, Ecuador",GPE,city,23,,Ecuador,False
Q1027041,Mercedes,mercedes,"city in Buenos Aires Province, Argentina",GPE,city,23,,Argentina,False
Q15226,Brienzer Rothorn,brienzer rothorn,mountain in the Swiss Alps,LOC,mountain,23,,,False
Q1521286,Taitailei,taitailei,peninsula,LOC,peninsula,23,,,False
Q1520855,Mount Blackburn,mount blackburn,mountain in Alaska,LOC,mountain,23,,,False
Q1532634,Ragged Island,ragged island,island in the Bahamas,LOC,island,23,,,False
Q1529054,Mangoli Island,mangoli island,"island in Sula Islands Regency, North Maluku Province, Indonesia",LOC,island,23,,,False
Q1393642,Ulungur River,ulungur river,river of China and Mongolia,LOC,river,23,,,False
Q694789,Müggelsee,müggelsee,"lake in Köpenick, Berlin, Germany",LOC,lake,23,,,False
Q616551,Olszyna,olszyna,city of Poland,GPE,city,23,,Poland,False
Q978441,Jabal al-Tair Island,jabal al-tair island,volcano island in Red Sea,LOC,volcano,23,,,False
Q2286960,Anyuy River,anyuy river,river in Russia,LOC,river,23,,,False
Q818861,Berd,berd,"river in Novosibirsk Oblast and Altai Krai, Russia",LOC,river,23,,,False
Q1003318,Quthing,quthing,city,GPE,city,23,,Lesotho,False
Q1396765,Kataja,kataja,"island in the Haparanda archipelago, Sweden",LOC,island,23,,,False
Q1279982,Río Cuareim,río cuareim,river,LOC,river,23,,,False
Q704800,Mže,mže,river in the Czech republic,LOC,river,23,,,False
Q979109,Truyère,truyère,river in France,LOC,river,23,,,False
Q1329959,Mount Takao,mount takao,"mountain in Tokyo, Japan",LOC,mountain,23,,,False
Q1329031,Lake Saroma,lake saroma,lake in Japan,LOC,lake,23,,,False
Q1519869,Yeruslan,yeruslan,"river in Saratov and Volgograd Oblasts, Russia",LOC,river,23,,,False
Q595522,Faaker See,faaker see,lake in Carinthia,LOC,lake,23,,,False
Q2355881,Agepsta,agepsta,"highest mountain of Gagra Range, Caucasus Mountains, Georgia",LOC,mountain,23,,,False
Q1073353,Vivara,vivara,island,LOC,island,23,,,False
Q2415273,Pola,pola,"river in Tver and Novgorod Oblasts, Russia",LOC,river,23,,,False
Q2387852,Independence Peak,independence peak,mountain in Tajikistan,LOC,mountain,23,,,False
Q2493333,Iren,iren,"river in Perm Krai, Russia",LOC,river,23,,,False
Q2392142,Zefta,zefta,town in Egypt,GPE,city,23,,Egypt,False
Q2340739,Gunung Dukono,gunung dukono,"mountain in North Maluku, Indonesia",LOC,volcano,23,,,False
Q2339487,Karakash River,karakash river,river in People's Republic of China,LOC,river,23,,,False
Q2420095,Kokcha River,kokcha river,river in Afghanistan,LOC,river,23,,,False
Q473472,Hahajima,hahajima,"inhabited island in the Bonin/Ogasawara archipelago, administered as part of Tokyo, Japan",LOC,island,23,,,False
Q498876,Snowy River,snowy river,"river in New South Wales and Victoria, Australia",LOC,river,23,,,True
Q498413,Iony Island,iony island,island in Russia,LOC,island,23,,,False
Q913174,Pyshma,pyshma,"river in Sverdlovsk and Tyumen Oblasts, Russia",LOC,river,23,,,False
Q1670220,Pik Karla Marxa,pik karla marxa,mountain in Tajikistan,LOC,mountain,23,,,False
Q16674,Piz Zupò,piz zupò,mountain in the Bernina Range of the Alps,LOC,mountain,23,,,False
Q1282606,Eday,eday,"island of the Orkney islands, Scotland, UK",LOC,island,23,,,False
Q1475521,Iveragh Peninsula,iveragh peninsula,peninsula,LOC,peninsula,23,,,False
Q599533,Muborak,muborak,human settlement,GPE,city,23,,Uzbekistan,False
Q1473319,Kysuca,kysuca,river in Slovakia,LOC,river,23,,,False
Q745263,Teles Pires River,teles pires river,"river in Mato Grosso & Pará, Brazil",LOC,river,23,,,False
Q2159862,Shahrbabak,shahrbabak,"city in Kerman Province, Iran",GPE,city,23,,Iran,False
Q335716,Abu Kabir,abu kabir,a city in Egypt,GPE,city,23,165246.0,Egypt,False
Q1688774,Jeziorak,jeziorak,lake in Poland,LOC,lake,23,,,False
Q147826,Zard Kuh,zard kuh,mountain in Iran,LOC,mountain,23,,,False
Q147206,Zapaleri,zapaleri,"mountain in Argentina, Bolivia, and Chile",LOC,mountain,23,,,False
Q990106,Epte,epte,river in France,LOC,river,22,,,False
Q998333,Gacka,gacka,river in Croatia,LOC,river,22,,,False
Q1072131,San Vicente,san vicente,stratovolcano in central El Salvador,LOC,mountain,22,,,False
Q2382013,Asviejskaje Lake,asviejskaje lake,lake in Belarus,LOC,lake,22,,,False
Q1366578,Blanquilla Island,blanquilla island,federal dependency of Venezuela,LOC,island,22,,,False
Q706980,Sarysu,sarysu,river in Kazakhstan,LOC,river,22,,,False
Q2346964,Skopska Crna Gora,skopska crna gora,"mountain in North Macedonia, Serbia and Kosovo",LOC,mountain,22,,,False
Q2349029,Shipra River,shipra river,river in India,LOC,river,22,,,False
Q2492910,Vytegra,vytegra,"river in Vologda Oblast, Russia",LOC,river,22,,,False
Q2331865,Coachella Valley,coachella valley,"valley in southern California, United States",LOC,valley,22,,,False
Q2333134,Kukenán Tepuy,kukenán tepuy,mountain in Venezuela,LOC,mountain,22,,,False
Q2361658,Sangolquí,sangolquí,"city of Pichincha Province, Ecuador",GPE,city,22,,Ecuador,False
Q137796,Tarakan Island,tarakan island,"island in Tarakan City, North Kalimantan Province, Indonesia",LOC,island,22,,,False
Q697931,Parseierspitze,parseierspitze,"highest mountain of the Lechtal Alps in Tyrol, Austria",LOC,mountain,22,,,False
Q615633,Guastatoya,guastatoya,"municipality and capital of El Progreso Department, Guatemala",GPE,city,22,,Guatemala,False
Q978191,Olifants River,olifants river,river in South Africa (Mpumalanga and Limpopo) and Mozambique (Gaza),LOC,river,22,,,False
Q2302910,Alvand,alvand,mountain in Iran,LOC,mountain,22,,,False
Q2528002,Ramree Island,ramree island,island in Myanmar,LOC,island,22,,,False
Q25154873,Ammouliani,ammouliani,"island in Chalkidiki, Greece",LOC,island,22,,,False
Q1026270,Paita,paita,"city in Piura, Peru",GPE,city,22,,Peru,False
Q23141,Guadalope,guadalope,"river in Aragon, Spain",LOC,river,22,,,False
Q2565430,Dulce River,dulce river,In the Argentine province of Santiago del Estero,LOC,river,22,,,False
Q1541249,Llŷn Peninsula,llŷn peninsula,peninsula in North Wales,LOC,peninsula,22,,,False
Q1545935,Nete,nete,river in Belgium,LOC,river,22,,,False
Q583044,Papaloapan River,papaloapan river,river in Mexico,LOC,river,22,,,False
Q154226,Hakari River,hakari river,river in Azerbaijan,LOC,river,22,,,False
Q1544156,Deseado River,deseado river,river in Argentina,LOC,river,22,,,False
Q1535905,Isla Holbox,isla holbox,island,LOC,island,22,,,False
Q1536418,Cape Leeuwin,cape leeuwin,cape at south west corner of Western Australia,LOC,cape,22,,,False
Q1509279,Pechenga,pechenga,"river in Murmansk Oblast, Russia",LOC,river,22,,,False
Q1509577,Jasieĺda River,jasieĺda river,river in Belarus,LOC,river,22,,,False
Q602538,Ithome,ithome,"mountain in Messenia, Peloponnese, Greece",LOC,mountain,22,,,False
Q1518515,Väike Emajõgi,väike emajõgi,river in Estonia,LOC,river,22,,,False
Q943045,Tupungatito,tupungatito,mountain in Chile,LOC,volcano,22,,,False
Q1535333,Marmolejo,marmolejo,mountain,LOC,volcano,22,,,False
Q1535737,Gonam River,gonam river,river in Russia,LOC,river,22,,,False
Q578799,Malinche,malinche,volcano in Mexico,LOC,volcano,22,,,False
Q588460,Grintovec,grintovec,mountain in the Steiner Alps in Slovenia,LOC,mountain,22,,,False
Q155397,River Monnow,river monnow,"river in south-west Herefordshire, England and eastern Monmouthshire, Wales",LOC,river,22,,,False
Q1953119,Paso de los Libres,paso de los libres,"city in Corrientes, Argentina",GPE,city,22,,Argentina,False
Q1324394,Cerro El Muerto,cerro el muerto,mountain in Argentina,LOC,volcano,22,,,False
Q1970952,Benslimane,benslimane,City in Morocco,GPE,city,22,,Morocco,False
Q1982768,Temiskaming Shores,temiskaming shores,"city in Ontario, Canada",GPE,city,22,,Canada,False
Q1939876,Nsanje,nsanje,"place in Southern Region, Malawi",GPE,city,22,,Malawi,False
Q822196,Bernal,bernal,"city in the province of Buenos Aires, Argentina",GPE,city,22,109914.0,Argentina,False
Q1552026,Tacora,tacora,"mountain in Parinacota Province, Chile; geonames ID = 3868151",LOC,volcano,22,,,False
Q608969,Little Bighorn River,little bighorn river,river in the United States of America,LOC,river,22,,,False
Q15139,Diablerets,diablerets,"mountain massif in the Vaud Alps (Bernese Alps), Switzerland",LOC,mountain,22,,,False
Q288196,Ed Daein,ed daein,capital of East Darfur in Sudan,GPE,city,22,,Sudan,False
Q572552,Miedwie,miedwie,lake in the Pomeranian Lakeland region of West Pomeranian Voivodship,LOC,lake,22,,,False
Q1536880,Kondoma,kondoma,"river in Kemerovo Oblast, Russia",LOC,river,22,,,False
Q571214,Nera River,nera river,"river in Romania, Serbia",LOC,river,22,,,False
Q940142,Saloum River,saloum river,river in Senegal,LOC,river,22,,,False
Q1541056,Mount Waialeale,mount waialeale,mountain,LOC,mountain,22,,,False
Q1615667,Trubizh River,trubizh river,river in Ukraine,LOC,river,22,,,False
Q525072,Okanagan Lake,okanagan lake,"lake in British Columbia, Canada",LOC,lake,22,,,False
Q935535,Isle,isle,river in France,LOC,river,22,,,False
Q1014315,Santa Lucía,santa lucía,city in the Canelones Department of southern Uruguay,GPE,city,22,,Uruguay,False
Q1632785,Huandoy,huandoy,mountain in Peru,LOC,mountain,22,,,False
Q1511554,Lempa River,lempa river,river in Central America,LOC,river,22,,,False
Q1576094,Wigry Lake,wigry lake,lake in Poland,LOC,lake,22,,,False
Q3267362,Hillsborough,hillsborough,"city in Carriacou, Grenada",GPE,city,22,,Grenada,False
Q1931717,Dhenkanal,dhenkanal,"town in Odisha, India",GPE,city,22,,India,False
Q1584230,Ziegler Island,ziegler island,"island in Franz Josef Land, Russia",LOC,island,22,,,False
Q1577729,Neyva,neyva,"river in Sverdlovsk Oblast, Russia",LOC,river,22,,,False
Q1578700,Pagai Utara Island,pagai utara island,"island in Mentawai Islands Regency, West Sumatra Province, Indonesia",LOC,island,22,,,False
Q1578714,Peling Island,peling island,"island in Banggai Islands Regency, Central Sulawesi Province, Indonesia",LOC,island,22,,,False
Q1765382,Siechnice,siechnice,"city, gmina Siechnice of Poland",GPE,city,22,,Poland,False
Q1569913,Klínovec,klínovec,highest mountain of the Ore Mountains in the Czech Republic,LOC,mountain,22,,,False
Q1552915,Lake Guatavita,lake guatavita,"lake in Cundinamarca Department, Colombia",LOC,lake,22,,,False
Q1637472,Rogen,rogen,"lake in Härjedalen (Jämtland), Sweden and Engerdal (Hedmark) and Røros (Trøndelag), Norway",LOC,lake,22,,,False
Q1637481,Laurie Island,laurie island,island in Antarctica,LOC,island,22,,,False
Q1638613,Titov Vrv,titov vrv,mountain,LOC,mountain,22,,,False
Q1313548,Vorona,vorona,"river in Penza, Tambov, and Voronezh Oblasts, Russia",LOC,river,22,,,False
Q1631256,Langtang,langtang,valley and region of the Himalayas,LOC,valley,22,,,False
Q1632180,Tobi,tobi,island in the Palauan state of Hatohobei,LOC,island,22,,,False
Q1632780,Orosí Volcano,orosí volcano,mountain,LOC,mountain,22,,,False
Q737769,Lauca River,lauca river,river,LOC,river,22,,,False
Q519756,El Tatio,el tatio,"Geyser field located in the Andes Mountains, Chile",LOC,mountain,22,,,False
Q1636266,Cape York,cape york,cape on the northwestern coast of Greenland,LOC,cape,22,,,False
Q1495651,Lake George,lake george,"lake in Warren County, New York, United States",LOC,lake,22,,,False
Q1332555,Elliðavatn,elliðavatn,lake,LOC,lake,22,,,False
Q1333186,Elobey Grande,elobey grande,island,LOC,island,22,,,False
Q615246,Tempisque River,tempisque river,river in Costa Rica,LOC,river,22,,,False
Q1591913,Hayes Island,hayes island,"island, part of Franz Josef Land, Russia",LOC,island,22,,,False
Q1595178,Sveti Đorđe,sveti đorđe,"islet off the coast of Perast in Bay of Kotor, Montenegro",LOC,island,22,,,False
Q1301066,Eiao,eiao,island in French Polynesia,LOC,island,22,,,False
Q1303524,Sphacteria,sphacteria,"Greek island near Pylos, Messenia",LOC,island,22,,,False
Q739892,Mékrou River,mékrou river,"river in Benin, Burkina Faso and Niger",LOC,river,22,,,False
Q923130,Slotsholmen,slotsholmen,island in Copenhagen,LOC,island,22,,,False
Q501198,Kerrera,kerrera,"island in the Scottish Inner Hebrides, close to the town of Oban",LOC,island,22,,,False
Q501210,Scalpay,scalpay,"island of the Inner Hebrides in Highland, Scotland, UK",LOC,island,22,,,False
Q1479319,Rottumerplaat,rottumerplaat,island,LOC,island,22,,,False
Q1479580,Sartang River,sartang river,river in Russia,LOC,river,22,,,False
Q1482210,Jeker,jeker,river in Belgium and the Netherlands,LOC,river,22,,,False
Q1658567,Ilisos,ilisos,"river in Athens, Greece",LOC,river,22,,,False
Q1641065,Visokoi Island,visokoi island,island,LOC,island,22,,,False
Q1641307,Uru Uru Lake,uru uru lake,lake in Bolivia,LOC,lake,22,,,False
Q1643807,Dikteon Andron,dikteon andron,"cave near Psychro village, Crete, Greece",LOC,cave,22,,,False
Q16466024,Annapurna I,annapurna i,mountain in the Himalayas,LOC,mountain,22,,,False
Q1636493,Farallon de Medinilla,farallon de medinilla,uninhabited small island in the Northern Mariana Islands in the Pacific Ocean,LOC,island,22,,,False
Q1636709,Tigre River,tigre river,tributary of the Marañón River in Ecuador and Peru,LOC,river,22,,,False
Q4811584,Gemiler Island,gemiler island,island in Turkey,LOC,island,22,,,False
Q746274,Mount Alvernia,mount alvernia,highest point in the Bahamas,LOC,mountain,22,,,False
Q1725867,"Kvaløya, Finnmark",kvaløya finnmark,"large island in Finnmark county, Norway",LOC,island,22,,,False
Q1728311,Cape Columbia,cape columbia,"peninsula in Nunavut, Canada",LOC,peninsula,22,,,False
Q1807660,Mandeville,mandeville,town in Jamaica,GPE,city,22,,Jamaica,False
Q754592,Atfih,atfih,human settlement,GPE,city,22,,Egypt,False
Q1478911,Mount Brandon,mount brandon,"mountain in Kerry, Ireland",LOC,mountain,22,,,False
Q915982,Muna,muna,"river in Sakha Republic, Russia",LOC,river,22,,,False
Q1703682,Jordan Rift Valley,jordan rift valley,geographic region,LOC,valley,22,,,False
Q1679526,Teshik-Tash,teshik-tash,archaeological site in Uzbekistan,LOC,cave,22,,,False
Q1284902,Serio,serio,river in Italy,LOC,river,22,,,False
Q1670879,San Blas Islands,san blas islands,"archipelago in Guna Yala, Panama",LOC,island,22,,,False
Q4951156,Sicily,sicily,Italian island in the Mediterranean Sea,LOC,island,22,,,False
Q1672169,Iowa River,iowa river,"tributary of the Mississippi River in Iowa, United States",LOC,river,22,,,False
Q1672337,Menengai,menengai,shield volcano in Kenya,LOC,volcano,22,,,False
Q1677361,Jackson Hole,jackson hole,"valley in Teton County, Wyoming, United States",LOC,valley,22,,,False
Q1739762,Kezenoyam,kezenoyam,"lake in Dagestan and Chechnya, Russia",LOC,lake,22,,,False
Q1017430,Lorengau,lorengau,"city on Manus island, Admiralty Islands",GPE,city,22,,Papua New Guinea,False
Q1268170,Sanday,sanday,"island in the north of the Orkney Islands, Scotland, UK",LOC,island,22,,,False
Q1720776,Lake Tota,lake tota,lake in Colombia,LOC,lake,22,,,False
Q1720921,Kaczawa,kaczawa,"left tributary of the Odra River, Poland",LOC,river,22,,,False
Q484448,Namsan,namsan,"mountain in Seoul, South Korea",LOC,mountain,22,,,False
Q1728989,Karasu River,karasu river,"river in Erzincan, eastern Turkey",LOC,river,22,,,False
Q1468844,Monte Zoncolan,monte zoncolan,mountain in Italy,LOC,mountain,22,,,False
Q1469595,Tsing Yi,tsing yi,island in Hong Kong,LOC,island,22,,,False
Q1470306,Tereshka,tereshka,"river in Saratov and Ulyanovsk Oblasts, Russia",LOC,river,22,,,False
Q728467,Cochrane/Pueyrredón Lake,cochrane/pueyrredón lake,"lake in Capitán Prat Province, Santa Cruz Province, Argentina",LOC,lake,22,,,False
Q1471904,Podkumok,podkumok,"river in Stavropol Krai and Karachay-Cherkessia, Russia",LOC,river,22,,,False
Q1280576,Talas Alatau,talas alatau,mountain range,LOC,mountain,22,,,False
Q1588797,Bouaflé,bouaflé,city of côte d'ivoire,GPE,city,22,213967.0,Ivory Coast,False
Q486100,Anapo,anapo,river in Italy,LOC,river,22,,,False
Q487536,Namiseom,namiseom,"island in Chuncheon, South Korea",LOC,island,22,,,False
Q426532,Mannar Island,mannar island,island in Sri Lanka,LOC,island,22,,,False
Q1781878,Mount Kumotori,mount kumotori,"mountain in Yamanashi Prefecture, Japan",LOC,mountain,22,,,False
Q17747,Odiel,odiel,river in Spain,LOC,river,22,,,False
Q1758466,Stronsay,stronsay,"island in Orkney Islands, Scotland, UK",LOC,island,22,,,False
Q1758944,Rottumeroog,rottumeroog,island in the Netherlands,LOC,island,22,,,False
Q747992,Cosquer Cave,cosquer cave,cave in France,LOC,cave,22,,,False
Q507144,Mullaitivu,mullaitivu,city,GPE,city,22,,Sri Lanka,False
Q443610,Alto de L'Angliru,alto de langliru,"mountain road in Asturias, Spain",LOC,mountain,22,,,False
Q1461510,Kamchiya,kamchiya,river in Bulgaria,LOC,river,22,,,False
Q1462700,Ponta do Seixas,ponta do seixas,"cape in Brazil, easternmost point of South America",LOC,cape,22,,,False
Q631049,Arc,arc,"river in Savoie, France",LOC,river,22,,,False
Q1465920,Bolshoy Anyuy,bolshoy anyuy,"river in Chukotka and Yakutia, Russia",LOC,river,22,,,False
Q1753878,Mount Augustus,mount augustus,mountain in Western Australia,LOC,mountain,22,,,False
Q45894,Lake Ichkeul,lake ichkeul,"lake in Bizerte Governorate, Tunisia",LOC,lake,22,,,False
Q1771054,East Antarctic Ice Sheet,east antarctic ice sheet,segment of the continental ice sheet that covers East Antarctica,LOC,glacier,22,,,False
Q12759913,Tara,tara,mountain in western Serbia,LOC,mountain,22,,,False
Q125389,Calf of Man,calf of man,island,LOC,island,22,,,False
Q1265560,Dundee Island,dundee island,ice-covered island lying east of the northeastern tip of Antarctic Peninsula,LOC,island,22,,,False
Q1780252,Laguna del Carbón,laguna del carbón,"lake in Santa Cruz Province, Argentina",LOC,lake,22,,,False
Q2738426,Mayumba,mayumba,"Place in Nyanga Province, Gabon",GPE,city,22,,Gabon,False
Q2738432,Hola,hola,small town in Kenya,GPE,city,22,,Kenya,False
Q632961,Couesnon,couesnon,river running from the département of Mayenne in north-western France,LOC,river,22,,,False
Q633801,Ivalo River,ivalo river,"river in Lapland, Finland",LOC,river,22,,,False
Q634687,Lake Tamula,lake tamula,lake in Estonia,LOC,lake,22,,,False
Q636898,Baker River,baker river,river located in the Aysén del General Carlos Ibáñez del Campo Region of the Chilean Patagonia,LOC,river,22,,,False
Q638497,Kovda,kovda,"river in Murmansk Oblast and Karelia, Russia",LOC,river,22,,,False
Q1777774,Ko Lan,ko lan,"island near Pattaya, Thailand",LOC,island,22,,,False
Q1263995,Svetac,svetac,island of Croatia,LOC,island,22,,,False
Q429402,Lake Akan,lake akan,"lake in Kushiro, Hokkaidō, Japan",LOC,lake,22,,,False
Q422807,Tipas,tipas,mountain in Argentina,LOC,volcano,22,,,False
Q424195,Akutan Island,akutan island,"island in Aleutians East Borough, Alaska, United States",LOC,island,22,,,False
Q424815,Lake Akşehir,lake akşehir,lake,LOC,lake,22,,,False
Q403145,Lake No,lake no,lake in South Sudan,LOC,lake,22,,,False
Q889637,Mutnovsky,mutnovsky,"volcano on Kamchatka, Russia",LOC,volcano,22,,,False
Q1260729,Dunnet Head,dunnet head,"peninsula in Highland, Scotland, UK; northernmost point on mainland Great Britain",LOC,peninsula,22,,,False
Q1814524,Anuanuraro,anuanuraro,island in French Polynesia,LOC,island,22,,,False
Q181067,Oude IJssel,oude ijssel,river in Germany and the Netherlands,LOC,river,22,,,False
Q1450889,Kaʻula,kaʻula,"islet in Kauai County, Hawaii",LOC,island,22,,,False
Q954009,River Corrib,river corrib,river in Ireland,LOC,river,22,,,False
Q1800949,Lake Hauroko,lake hauroko,lake in New Zealand,LOC,lake,22,,,False
Q1807728,Samhah,samhah,island in Yemen,LOC,island,22,,,False
Q1808777,Lake Rweru,lake rweru,lake in Rwanda and Burundi,LOC,lake,22,,,False
Q1809606,Vrgada,vrgada,island in Croatia,LOC,island,22,,,False
Q404738,Aiguille d'Argentière,aiguille dargentière,mountain in Switzerland,LOC,mountain,22,,,False
Q896462,Brabant Island,brabant island,island of the Palmer Archipelago of Antarctica,LOC,island,22,,,False
Q899513,Cueva de los Verdes,cueva de los verdes,"lava tube and tourist attraction in Haria, Lanzarote, Canary Islands, Spain",LOC,cave,22,,,False
Q904462,Riddarholmen,riddarholmen,"island and urban district in Stockholm, Sweden",LOC,island,22,,,False
Q415251,Mount Akagi,mount akagi,"mountain in Gunma Prefecture, Japan",LOC,volcano,22,,,False
Q13957085,São Filipe,são filipe,town in Cape Verde,GPE,city,22,,Cape Verde,False
Q376862,Lib Island,lib island,island,LOC,island,22,,,False
Q378519,Gross Wannenhorn,gross wannenhorn,mountain,LOC,mountain,22,,,False
Q860146,Bikku Bitti,bikku bitti,highest mountain of Libya,LOC,mountain,22,,,False
Q1245601,Loiret,loiret,river in France,LOC,river,22,,,False
Q1442812,Blå Jungfrun,blå jungfrun,island in Sweden,LOC,island,22,,,False
Q1341837,Wilhelmøya,wilhelmøya,island,LOC,island,22,,,False
Q1447290,Ghorahi,ghorahi,"city in Dang District, Nepal",GPE,city,22,156164.0,Nepal,False
Q387849,Alcantara,alcantara,"river in Sicily, Italy, the ancient Akesines/Asines",LOC,river,22,,,False
Q389239,Cape Sōya,cape sōya,cape,LOC,cape,22,,,False
Q1816726,Baran,baran,city in Baran district of the Indian state of Rajasthan,GPE,city,22,,India,False
Q1862666,Pedraforca massif,pedraforca massif,"mountain in Catalonia, Spain",LOC,mountain,22,,,False
Q3528317,Tighennif,tighennif,city in Algeria,GPE,city,22,,Algeria,False
Q871303,Lake Cheko,lake cheko,"lake in Krasnoyarsk Krai, Russia",LOC,lake,22,,,False
Q1877489,Penna River,penna river,river of southern India,LOC,river,22,,,False
Q1858227,Mount Marcy,mount marcy,mountain in United States of America,LOC,mountain,22,,,False
Q765710,Magnetic Island,magnetic island,"island offshore the city of Townsville, Queensland, Australia",LOC,island,22,,,False
Q766103,Shannon Island,shannon island,island,LOC,island,22,,,False
Q1236208,Marecchia,marecchia,river in Italy,LOC,river,22,,,False
Q3646562,Itata River,itata river,river in Chile,LOC,river,22,,,False
Q1227385,Diran,diran,mountain in Pakistan,LOC,mountain,22,,,False
Q719436,Kazan River,kazan river,"watercourse in Nunavut, Canada",LOC,river,22,,,False
Q720617,Lake Fitri,lake fitri,"lake in Batha Region, Chad",LOC,lake,22,,,False
Q72673,Hayes River,hayes river,"river in Manitoba, Canada",LOC,river,22,,,False
Q1441442,Jebel Uweinat,jebel uweinat,mountain in Egypt,LOC,mountain,22,,,False
Q375398,Irruputuncu,irruputuncu,mountain shared by Bolivia and Chile,LOC,volcano,22,,,False
Q3695492,Ainodake,ainodake,"mountain in Yamanashi Prefecture, Japan",LOC,mountain,22,,,False
Q1231996,Dja River,dja river,river,LOC,river,22,,,False
Q1932182,Chona,chona,river in Russia,LOC,river,22,,,False
Q1235116,Lupercal,lupercal,cave at the foot of the Palatine Hill in Rome,LOC,cave,22,,,False
Q1889886,Yaqui River,yaqui river,"river in Sonora, Mexico",LOC,river,22,,,False
Q1899920,Panglao Island,panglao island,island in Philippines,LOC,island,22,,,False
Q1023153,Eceabat,eceabat,"town of Çanakkale, Turkey",GPE,city,22,,Turkey,False
Q339295,Uunartoq Qeqertaq,uunartoq qeqertaq,island,LOC,island,22,,,False
Q358755,Mount Takahe,mount takahe,shield volcano in Antarctica,LOC,mountain,22,,,False
Q1020314,Mayarí,mayarí,"municipality and city in the province of Holguín, Cuba",GPE,city,22,102354.0,Cuba,False
Q34052,Annenkov Island,annenkov island,lsland to the west of the main island of South Georgia,LOC,island,22,,,False
Q1957269,Moravian Karst,moravian karst,karst landscape and protected landscape area in Czech Republic,LOC,cave,22,,,False
Q120179,Kolubara,kolubara,river in Serbia,LOC,river,22,,,False
Q1280983,Radłów,radłów,city of Poland,GPE,city,22,,Poland,False
Q1945818,Monte Cimone,monte cimone,"mountain in Emilia-Romagna, Italy",LOC,mountain,22,,,False
Q649162,Shimbiris,shimbiris,"mountain in Somalia, SSC-Khatumo",LOC,mountain,22,,,False
Q650583,Gruinard Island,gruinard island,"island in Highland, Scotland, UK",LOC,island,22,,,False
Q1445991,Khar Lake,khar lake,body of water,LOC,lake,22,,,False
Q122766,River Erne,river erne,river in Ireland and the UK,LOC,river,22,,,False
Q1318103,Sauteurs,sauteurs,city,GPE,city,22,,Grenada,False
Q758574,Aucanquilcha,aucanquilcha,"mountain in Antofagasta Region, Chile",LOC,volcano,22,,,False
Q760738,Kizimen,kizimen,mountain,LOC,mountain,22,,,False
Q3245106,Seiland,seiland,"island in Finnmark, Norway",LOC,island,22,,,False
Q1031029,Nitsa,nitsa,"river in Sverdlovsk Oblast, Russia",LOC,river,22,,,False
Q1250083,Burewala,burewala,"city in Punjab, Pakistan",GPE,city,22,203454.0,Pakistan,False
Q1250201,Ahmedpur East,ahmedpur east,"city in Punjab, Pakistan",GPE,city,22,128112.0,Pakistan,False
Q1014783,Lake Burgas,lake burgas,lake in Bulgaria,LOC,lake,22,,,False
Q2579193,Sirajganj,sirajganj,human settlement in Bangladesh,GPE,city,22,,Bangladesh,False
Q1426899,Flakstadøya,flakstadøya,island,LOC,island,22,,,False
Q650951,Léo,léo,city in Burkina Faso,GPE,city,22,,Burkina Faso,False
Q1982346,Nevis Peak,nevis peak,mountain in Saint Kitts and Nevis,LOC,mountain,22,,,False
Q102079702,Říp Mountain,říp mountain,mountain in Czech Republic,LOC,mountain,22,,,False
Q2003560,Chorna Hora (Pip Ivan),chorna hora pip ivan,mountain in Ukraine,LOC,mountain,22,,,False
Q2004606,Skil Brum,skil brum,mountain in Pakistan,LOC,mountain,22,,,False
Q770424,Jakobshavn Glacier,jakobshavn glacier,glacier in Greenland,LOC,glacier,22,,,False
Q1199792,Yobe River,yobe river,river in Niger and Nigeria,LOC,river,22,,,False
Q19731126,Ambalau Island,ambalau island,"island in South Buru Regency, Maluku Province, Indonesia",LOC,island,22,,,False
Q1973550,Pededze,pededze,"river in Estonia, Latvia, and Russia",LOC,river,22,,,False
Q312770,Domuyo,domuyo,mountain in Argentina,LOC,volcano,22,,,False
Q30681483,Lake Akdoğan,lake akdoğan,"lake in Varto, Muş, Turkey",LOC,lake,22,,,False
Q8489,Panjshir River,panjshir river,river in Afghanistan,LOC,river,22,,,False
Q1194505,Edo River,edo river,river in Japan,LOC,river,22,,,False
Q1249939,Khushab,khushab,"city in Punjab, Pakistan",GPE,city,22,110868.0,Pakistan,False
Q1190558,Pedra Branca,pedra branca,territory of Singapore,LOC,island,22,,,False
Q666531,Naafkopf,naafkopf,"mountain in Switzerland, Liechtenstein, and Austria",LOC,mountain,22,,,False
Q666946,Wiese,wiese,river,LOC,river,22,,,False
Q660909,Sihl,sihl,"river in Switzerland, tributary of the Limmat",LOC,river,22,,,False
Q1193523,Luan River,luan river,river in the People's Republic of China,LOC,river,22,,,False
Q3234128,Lake Salda,lake salda,"lake in Burdur Province, Turkey",LOC,lake,22,,,False
Q1034320,Cape Byron,cape byron,cape and easternmost point of the Australian mainland,LOC,cape,22,,,False
Q2044660,Chorna River,chorna river,river in Crimea,LOC,river,22,,,False
Q2566827,Dogbo-Tota,dogbo-tota,"commune and city in Kouffo Department, Benin",GPE,city,22,101870.0,Benin,False
Q2275389,Sālavan,sālavan,"city, capital of Salavan Province, Laos",GPE,city,22,,Laos,False
Q1280261,Świątniki Górne,świątniki górne,city of Poland,GPE,city,22,,Poland,False
Q3042286,Mont Idoukal-n-Taghès,mont idoukal-n-taghès,highest mountain in Niger,LOC,mountain,22,,,False
Q2053267,Acharistsqali,acharistsqali,river in Georgia,LOC,river,22,,,False
Q783083,Fergusson Island,fergusson island,"island of the D'Entrecasteaux Islands, in Papua New Guinea",LOC,island,22,,,False
Q30415,Mont Maudit,mont maudit,mountain in the Alps,LOC,mountain,22,,,False
Q2561181,Faridpur,faridpur,"City in Dhaka Division, Bangladesh",GPE,city,22,,Bangladesh,False
Q1191219,Mount Ngerchelchuus,mount ngerchelchuus,mountain,LOC,mountain,22,,,False
Q1191558,Wirral Peninsula,wirral peninsula,peninsula in North West England,LOC,peninsula,22,,,False
Q2049556,Panjnad River,panjnad river,river in Pakistan,LOC,river,22,,,False
Q669860,Mont Vélan,mont vélan,mountain,LOC,mountain,22,,,False
Q641706,Ejido,ejido,human settlement in Venezuela,GPE,city,22,107056.0,Venezuela,False
Q2023773,Ondangwa,ondangwa,"town in Oshana Region, Namibia",GPE,city,22,,Namibia,False
Q661708,Lisianski Island,lisianski island,island in Hawaii,LOC,island,22,,,False
Q665012,Bellavista,bellavista,mountain in Italy/Switzerland,LOC,mountain,22,,,False
Q1424979,Alcedo Volcano,alcedo volcano,mountain in Ecuador,LOC,volcano,22,,,False
Q1425600,Takutea,takutea,small island of the Cook Islands,LOC,island,22,,,False
Q1191116,Voronya,voronya,"river in Murmansk Oblast, Russia",LOC,river,22,,,False
Q29503,Lake Poso,lake poso,lake in Indonesia,LOC,lake,22,,,False
Q2982759,Feni River,feni river,river in Bangladesh,LOC,river,22,,,False
Q2087758,Tso Moriri,tso moriri,lake in India,LOC,lake,22,,,False
Q2507925,Daleszyce,daleszyce,city of Poland,GPE,city,22,,Poland,False
Q1188034,Humboldt peak,humboldt peak,mountain in Venezuela,LOC,mountain,22,,,False
Q1173023,Daura,daura,"city in Katsina State, Nigeria",GPE,city,22,224884.0,Nigeria,False
Q1420616,Fløyen,fløyen,"mountain in Bergen, Norway",LOC,mountain,22,,,False
Q71621,Sangro,sangro,river in Italy,LOC,river,22,,,False
Q668287,Piz Roseg,piz roseg,"mountain in the Alps, Grisons, Switzerland",LOC,mountain,22,,,False
Q2994250,Vop,vop,"river in Smolensk Oblast, Russia",LOC,river,22,,,False
Q301971,Tyuleniy Archipelago,tyuleniy archipelago,island group,LOC,island,22,,,False
Q2993849,Pirallahi Island,pirallahi island,island in Azerbaijan,LOC,island,22,,,False
Q1048648,Ruo Shui,ruo shui,river in the People's Republic of China,LOC,river,22,,,False
Q20619140,Bystry Tanyp,bystry tanyp,"river in Bashkortostan and Perm Krai, Russia",LOC,river,22,,,False
Q2067014,Peel River,peel river,river in the Yukon and Northwest Territories of Canada,LOC,river,22,,,False
Q1177961,Lake Misurina,lake misurina,"lake in Veneto, Italy",LOC,lake,22,,,False
Q2317186,Tura,tura,town of Meghalaya,GPE,city,22,,India,False
Q805801,Baltoro Kangri,baltoro kangri,mountain in Pakistan,LOC,mountain,22,,,False
Q1144797,Guanahani,guanahani,island,LOC,island,22,,,False
Q1055787,Cerro Azul,cerro azul,"mountain in Curicó Province, Chile",LOC,mountain,22,,,False
Q277598,Nusa Dua,nusa dua,seaside resort,LOC,peninsula,22,,,False
Q27780,Great Neva,great neva,"river in Saint Petersburg, Russia",LOC,river,22,,,False
Q675543,Piz Linard,piz linard,"mountain of the Silvretta Alps in Grisons, Switzerland",LOC,mountain,22,,,False
Q673896,Vorderrhein,vorderrhein,river in Switzerland,LOC,river,22,,,False
Q1418910,Ilim,ilim,"river in Irkutsk Oblast, Russia",LOC,river,22,,,False
Q1419687,Mrassu,mrassu,"river in Kemerovo Oblast, Russia",LOC,river,22,,,False
Q2095047,Ro,ro,small Greek island in the eastern Mediterranean Sea near Kastellorizo,LOC,island,22,,,False
Q1055965,Cerro Tres Kandú,cerro tres kandú,mountain,LOC,mountain,22,,,False
Q1151254,Hoàn Kiếm Lake,hoàn kiếm lake,Water area in Hoàn Kiếm Ward,LOC,lake,22,,,False
Q287860,Santa Clara Island,santa clara island,island of Chile,LOC,island,22,,,False
Q292234,île aux Cochons,île aux cochons,island in the Crozet archipelago,LOC,island,22,,,False
Q2869013,West Rapti River,west rapti river,river in Nepal and India,LOC,river,22,,,False
Q26475,Treska,treska,river in Macedonia,LOC,river,22,,,False
Q2155367,Mount Talang,mount talang,"mountain in West Sumatra, Indonesia",LOC,mountain,22,,,False
Q808239,Barka River,barka river,river in Eritrea and Sudan,LOC,river,22,,,False
Q841373,Sia Kangri,sia kangri,mountain,LOC,mountain,22,,,False
Q2682249,Spiti Valley,spiti valley,"valley in Himachal Pradesh, India",LOC,valley,22,,,False
Q2688966,Polillo,polillo,island in the Philippines,LOC,island,22,,,False
Q1131444,Copper River,copper river,river in Alaska,LOC,river,22,,,False
Q2143020,Red Lake,red lake,lake in Croatia,LOC,lake,22,,,False
Q708976,Keelung River,keelung river,river in the Tamsui river basin of Taiwan,LOC,river,22,,,False
Q713857,Mount Iwaki,mount iwaki,"stratovolcano in Aomori Prefecture, Japan",LOC,mountain,22,,,False
Q714555,Mount Rausu,mount rausu,"mountain in Hokkaido, Japan",LOC,mountain,22,,,False
Q1414584,Iya,iya,"river in Irkutsk Oblast, Russia",LOC,river,22,,,False
Q2720677,Radika,radika,river in Kosovo and North Macedonia,LOC,river,22,,,False
Q270499,Pend Oreille River,pend oreille river,"river, tributary of the Columbia",LOC,river,22,,,False
Q1129358,Lake Lesina,lake lesina,"lake in Province of Foggia, Apulia, Italy",LOC,lake,22,,,False
Q1059287,Nikunau,nikunau,island,LOC,island,22,,,False
Q2639417,Diklosmta,diklosmta,mountain in Georgia and Russia,LOC,mountain,22,,,False
Q260715,Mamula,mamula,island in Montenegro,LOC,island,22,,,False
Q2611798,North Col,north col,mountain pass in Tibet,LOC,mountain,22,,,False
Q222028,Tammerkoski,tammerkoski,"channel of rapids in Tampere, Finland",LOC,river,22,,,False
Q1096129,Mirna,mirna,river in Croatia,LOC,river,22,,,False
Q627392,Bolimów,bolimów,"town in Łódź Voivodeship, Poland",GPE,city,22,,Poland,False
Q2664815,McClintock Island,mcclintock island,"island in Franz Josef Land, Russia",LOC,island,22,,,False
Q2664921,Pambak River,pambak river,river in Armenia,LOC,river,22,,,False
Q815991,Bellingshausen Island,bellingshausen island,"one of the most southerly of the South Sandwich Islands, close to Thule Island and Cook Island, and forming part of the Southern Thule group.",LOC,island,22,,,False
Q2631575,Futaleufú River,futaleufú river,river in Chile and Argentina,LOC,river,22,,,False
Q1074915,Chitipa,chitipa,city in Malawi,GPE,city,22,,Malawi,False
Q1113020,Colville River,colville river,river in Alaska,LOC,river,22,,,False
Q1094808,Salat,salat,river in France,LOC,river,22,,,False
Q1120038,Slieve League,slieve league,mountain in Ireland,LOC,mountain,22,,,False
Q1124558,Niobrara River,niobrara river,"river in Wyoming and Nebraska in the United States, that is a tributary of the Missouri River",LOC,river,22,,,False
Q2641899,Vembanad,vembanad,lake in India,LOC,lake,22,,,False
Q2355674,Kerben,kerben,"place in Jalal-Abad Region, Kyrgyzstan",GPE,city,22,,Kyrgyzstan,False
Q1098482,Yttygran Island,yttygran island,island in Russia,LOC,island,22,,,False
Q1103106,Seymour Island,seymour island,island in Antarctica,LOC,island,22,,,False
Q2626229,Urukh,urukh,"river in North Ossetia and Kabardino-Balkaria, Russia",LOC,river,22,,,False
Q1064229,Mount Usborne,mount usborne,highest point in the Falkland Islands,LOC,mountain,22,,,False
Q259790,Ygyatta,ygyatta,river in Yakutiam Russia,LOC,river,22,,,False
Q2604915,Qvirila River,qvirila river,river in Georgia,LOC,river,22,,,False
Q1077832,Sveti Grgur,sveti grgur,island of Croatia,LOC,island,22,,,False
Q974519,Nive,nive,river in France,LOC,river,22,,,False
Q689024,Bode,bode,Sidestream of the river Saale,LOC,river,22,,,False
Q68941,Bolshoy Ik,bolshoy ik,"river in Bashkiria and Orenburg Oblast, Russia",LOC,river,22,,,False
Q689431,Piz Morteratsch,piz morteratsch,mountain,LOC,mountain,22,,,False
Q684403,Stör,stör,river in Germany,LOC,river,22,,,False
Q14071,Enz,enz,"river in Baden-Württemberg, Germany; tributary of the Neckar",LOC,river,22,,,False
Q1095336,Uzungöl,uzungöl,lake in Turkey,LOC,lake,22,,,False
Q263484,Khor River,khor river,river in Russia,LOC,river,22,,,False
Q2572189,Lonar Lake,lonar lake,lake in India,LOC,lake,22,,,False
Q8231,Emtsa,emtsa,"river in Arkhangelsk Oblast, Russia",LOC,river,22,,,False
Q429741,Morant Bay,morant bay,city in Jamaica,GPE,city,22,,Jamaica,False
Q1072076,Sant'Erasmo,santerasmo,island in Northern Italy,LOC,island,22,,,False
Q228614,Zuid-Beveland,zuid-beveland,peninsula in Netherlands,LOC,peninsula,22,,,False
Q694888,Herreninsel,herreninsel,"2.3 square kilometre island in Bavaria's largest lake, the Chiemsee",LOC,island,22,,,False
Q687782,Mattertal,mattertal,valley,LOC,valley,22,,,False
Q2223683,Boyuk Zira,boyuk zira,island in Azerbaijan,LOC,island,22,,,False
Q253317,Heybeliada,heybeliada,"mahalle (administrative quarter) in Adalar, İstanbul–Asia, northwestern Turkey",LOC,island,22,,,False
Q2538602,Lavan Island,lavan island,"island in Bandar Lengeh County, Iran",LOC,island,22,,,False
Q1090036,Negoiu Peak,negoiu peak,mountain,LOC,mountain,22,,,False
Q2271120,Arranmore,arranmore,island in Ireland,LOC,island,22,,,False
Q2179215,Valdivia River,valdivia river,river in Chile,LOC,river,22,,,False
Q819281,Mount Arbel,mount arbel,Israeli mountain in The Lower Galilee near Tiberias,LOC,mountain,22,,,False
Q2342112,Szepietowo,szepietowo,city of Poland,GPE,city,22,,Poland,False
Q2351933,Chivay,chivay,town in Peru,GPE,city,22,,Peru,False
Q978743,Bassac River,bassac river,river,LOC,river,22,,,False
Q995969,Falémé River,falémé river,river,LOC,river,22,,,False
Q979774,Yoshino River,yoshino river,"river in Kochi and Tokushima prefectures, Japan",LOC,river,22,,,False
Q995888,Falso Azufre,falso azufre,complex volcano at the border of Argentina and Chile,LOC,mountain,22,,,False
Q991438,Bruce Peninsula,bruce peninsula,"peninsula in Southern Ontario, Canada",LOC,peninsula,22,,,False
Q1758024,Nawa,nawa,town in Daraa Governorate in Syria,GPE,city,22,150000.0,Syria,False
Q700922,Coglians,coglians,mountain in the Carnic Alps at the border Carinthia / Friuli Venezia Giulia,LOC,mountain,22,,,False
Q701847,Tokunoshima,tokunoshima,"island in Kagoshima, Japan",LOC,island,22,,,False
Q707763,Berkel,berkel,river,LOC,river,22,,,False
Q1377333,Mount Osore,mount osore,"mountain in Aomori Prefecture, Japan",LOC,volcano,22,,,False
Q2426540,Khovd River,khovd river,river in Mongolia,LOC,river,22,,,False
Q2445908,Cacheu River,cacheu river,river in Guinea-Bissau,LOC,river,22,,,False
Q10742877,Mount of Temptation,mount of temptation,mountain in the Jordan Valley,LOC,mountain,22,,,False
Q2388278,Tetnuldi,tetnuldi,mountain in Georgia,LOC,mountain,22,,,False
Q2415261,Valdai,valdai,"lake in Novgorod Oblast, Russia",LOC,lake,22,,,False
Q2416760,Thelon River,thelon river,"river in the Northwest Territories and Nunavut, Canada",LOC,river,22,,,False
Q15274,Shing Mun River,shing mun river,"river channel that runs through Sha Tin District, Hong Kong",LOC,river,22,,,False
Q1529000,Glacier Peak,glacier peak,Stratovolcano in Washington,LOC,mountain,22,,,False
Q1537733,Pica d'Estats,pica destats,mountain in France and Spain,LOC,mountain,22,,,False
Q153310,Wurm,wurm,tributary of the Rur in Germany and the Netherlands,LOC,river,22,,,False
Q787968,Szydłów,szydłów,town of Poland,GPE,city,22,,Poland,False
Q587189,Puig Major,puig major,Mountain in Spain,LOC,mountain,22,,,False
Q943839,Loch Rannoch,loch rannoch,"lake in Perth and Kinross, Scotland, UK, outflows to the River Tummel",LOC,lake,22,,,False
Q944319,Tamana,tamana,island in Kiribati,LOC,island,22,,,False
Q602689,Eriskay,eriskay,island of the Outer Hebrides in northern Scotland,LOC,island,22,,,False
Q605355,Rábida Island,rábida island,"islet in the Galapagos Archipelago, Ecuador",LOC,volcano,22,,,False
Q607078,Volcán Cerro Negro,volcán cerro negro,Active vulcano in Nicaragua,LOC,mountain,22,,,False
Q774264,Eenhana,eenhana,city in Namibia,GPE,city,22,,Namibia,False
Q598322,Sèvre Nantaise,sèvre nantaise,river in France,LOC,river,22,,,False
Q599777,Granite Peak,granite peak,"mountain in Montana, United States of America",LOC,mountain,22,,,False
Q59320,King Peak,king peak,"mountain in Yukon, Canada",LOC,mountain,22,,,False
Q997762,Pleshcheyevo Lake,pleshcheyevo lake,"lake in Yaroslavl Oblast, Russia",LOC,lake,22,,,False
Q1372609,Hut Point Peninsula,hut point peninsula,peninsula in Antarctica,LOC,peninsula,21,,,False
Q1371638,Etolin Island,etolin island,"island in Wrangell City and Borough, Alaska, United States",LOC,island,21,,,False
Q1751446,Bhadrapur,bhadrapur,"municipality in Jhapa District, Nepal",GPE,city,21,,Nepal,False
Q139538,Lake Karum,lake karum,"lake in Afar Region, Ethiopia",LOC,lake,21,,,False
Q1389467,Fimbul Ice Shelf,fimbul ice shelf,ice shelf in Antarctica,LOC,glacier,21,,,False
Q1351810,Skomer Island,skomer island,island,LOC,island,21,,,False
Q1412427,Mount Markham,mount markham,"mountain in Ross Dependency, Antarctica",LOC,mountain,21,,,False
Q700232,Erzberg mine,erzberg mine,mountain in Styria,LOC,mountain,21,,,False
Q697600,Hateruma Island,hateruma island,"island in Okinawa, Japan",LOC,island,21,,,False
Q708840,Erft,erft,river in Germany,LOC,river,21,,,False
Q708374,Zhuoshui River,zhuoshui river,river in Taiwan,LOC,river,21,,,False
Q707934,Artesonraju,artesonraju,mountain in the Peruvian Andes,LOC,mountain,21,,,False
Q140454,Zagyva,zagyva,river in Hungary,LOC,river,21,,,False
Q9729,Maré Island,maré island,"island in New Caledonia, France",LOC,island,21,,,False
Q967067,Obaĺ,obaĺ,river in Belarus,LOC,river,21,,,False
Q1420365,Hatutu,hatutu,island in French Polynesia,LOC,island,21,,,False
Q1345836,Oude Rijn,oude rijn,"river in the provinces of Utrecht and South Holland, the Netherlands",LOC,river,21,,,False
Q1429607,Hvítárvatn,hvítárvatn,lake,LOC,lake,21,,,False
Q1427480,Todos los Santos Lake,todos los santos lake,"lake in Los Lagos, Chile",LOC,lake,21,,,False
Q1349622,Puncak Trikora,puncak trikora,mountain,LOC,mountain,21,,,False
Q674635,Landwasser,landwasser,river in eastern Switzerland,LOC,river,21,,,False
Q713826,Mount Chōkai,mount chōkai,"volcano in Akita and Yamagata Prefectures, Japan",LOC,volcano,21,,,False
Q708857,Innerste,innerste,Sidestream of the river Leine,LOC,river,21,,,False
Q682618,Berneray,berneray,"island in the Sound of Harris, Outer Hebrides, Scotland, UK",LOC,island,21,,,False
Q679803,Water Island,water island,island of the United States Virgin Islands,LOC,island,21,,,False
Q688154,Kummerower See,kummerower see,lake in Germany,LOC,lake,21,,,False
Q686709,Pellestrina,pellestrina,Italian island in Venice,LOC,island,21,,,False
Q613003,Kanasín,kanasín,"City in Yucatan, Mexico.",GPE,city,21,139753.0,Mexico,False
Q14370,Deva,deva,river in Spain,LOC,river,21,,,False
Q960750,Tiasmyn,tiasmyn,river in Ukraine,LOC,river,21,,,False
Q960656,Alexander Island,alexander island,"island in Nunavut, Canada",LOC,island,21,,,False
Q958964,Mount Homa,mount homa,mountain,LOC,mountain,21,,,False
Q1438571,Lake Sev,lake sev,lake in Armenia and Azerbaijan,LOC,lake,21,,,False
Q1438469,Killiniq Island,killiniq island,"small, remote island in northeastern Canada",LOC,island,21,,,False
Q1335373,Muckle Flugga,muckle flugga,"island north of Unst, Shetland Islands, Scotland, UK",LOC,island,21,,,False
Q1451179,Kållandsö,kållandsö,island,LOC,island,21,,,False
Q668852,Hinterrhein,hinterrhein,river in Switzerland,LOC,river,21,,,False
Q715830,Jemo Island,jemo island,island in the Marshall Islands,LOC,island,21,,,False
Q715179,Muravyov-Amursky Peninsula,muravyov-amursky peninsula,"peninsula in Primorski Krai, Russia",LOC,peninsula,21,,,False
Q670237,Eggishorn,eggishorn,mountain,LOC,mountain,21,,,False
Q678634,Allaine,allaine,river in Switzerland and France,LOC,river,21,,,False
Q678102,Mount Siple,mount siple,mountain,LOC,mountain,21,,,False
Q676509,Vuka,vuka,river in Croatia,LOC,river,21,,,False
Q675178,Vallée de Joux,vallée de joux,High valley in the Swiss Jura,LOC,valley,21,,,False
Q674636,Marano,marano,river,LOC,river,21,,,False
Q14529,Eo,eo,river in the Iberian Peninsula,LOC,river,21,,,False
Q14526,Navia,navia,river in Spain,LOC,river,21,,,False
Q1341271,Salt River,salt river,"river in Gila and Maricopa counties in Arizona, United States",LOC,river,21,,,False
Q956785,Roque de los Muchachos,roque de los muchachos,mountain in La Palma island,LOC,mountain,21,,,False
Q952552,Ritničohkka,ritničohkka,"mountain in Enontekiö municipality, Finland",LOC,mountain,21,,,False
Q305508,Savanna-la-Mar,savanna-la-mar,town in Jamaica,GPE,city,21,,Jamaica,False
Q1466439,Okhota,okhota,"river in Khabarovsk Krai, Russia",LOC,river,21,,,False
Q147014,Zanskar River,zanskar river,"river of Nortwest India, tributary of the Indus",LOC,river,21,,,False
Q146988,Zannone,zannone,island,LOC,island,21,,,False
Q1471930,Serpentine,serpentine,"lake in Hyde Park, London, United Kingdom",LOC,lake,21,,,False
Q1477173,Kjerag,kjerag,mountain in Norway,LOC,mountain,21,,,False
Q724934,Ashburton River,ashburton river,river in the Pilbara regiom of Western Australia,LOC,river,21,,,False
Q717742,Guishan Island,guishan island,island in Taiwan,LOC,island,21,,,False
Q656026,Hotaka Mountains,hotaka mountains,"series of peaks in the Hida Mountains, Japan",LOC,mountain,21,,,False
Q664156,Paso de los Toros,paso de los toros,city of Uruguay,GPE,city,21,,Uruguay,False
Q1479784,Norrström,norrström,river in Sweden,LOC,river,21,,,False
Q1334057,Ballon d'Alsace,ballon dalsace,mountain,LOC,mountain,21,,,False
Q148998,Ještěd,ještěd,mountain,LOC,mountain,21,,,False
Q1499030,Yazva,yazva,"river in Perm Krai, Russia",LOC,river,21,,,False
Q1501628,Strongyli Kastellorizou,strongyli kastellorizou,"island off Megisti, Greece",LOC,island,21,,,False
Q1510073,Maladeta,maladeta,mountain,LOC,mountain,21,,,False
Q2088506,Nkayi,nkayi,"city in Bouenza department, Republic of Congo",GPE,city,21,104083.0,Republic of the Congo,False
Q727618,Biferno,biferno,river in Italy,LOC,river,21,,,False
Q722997,Chortoq,chortoq,city in Uzbekistan,GPE,city,21,,Uzbekistan,False
Q647126,Pina,pina,river in Belarus,LOC,river,21,,,False
Q1517182,Mont Agel,mont agel,mountain,LOC,mountain,21,,,False
Q151635,Boreray,boreray,"uninhabited island in St Kilda archipelago, Scotland",LOC,island,21,,,False
Q290849,Al-Fulah,al-fulah,"city of the state of West Kordofan, Sudan",GPE,city,21,,Sudan,False
Q944184,Haramosh Peak,haramosh peak,mountain,LOC,mountain,21,,,False
Q132862,Buy,buy,"river in Perm Krai, Russia, flows into the Nizhnekamsk Reservoir",LOC,river,21,,,False
Q1766076,Tulsipur,tulsipur,"city in Dang District, Nepal",GPE,city,21,,Nepal,False
Q1533452,Goat Fell,goat fell,"Mountain in North Ayrshire, Scotland, UK",LOC,mountain,21,,,False
Q941456,Palandöken Mountain,palandöken mountain,mountain,LOC,mountain,21,,,False
Q2879423,Zacatelco,zacatelco,"city in Zacatelco Municipality, Mexico",GPE,city,21,,Mexico,False
Q1570949,Half Moon Island,half moon island,island in South Shetland Islands,LOC,island,21,,,False
Q1569447,Haine,haine,river in France and Belgium,LOC,river,21,,,False
Q1581489,Vyazma,vyazma,"river in Smolensk Oblast, Russia",LOC,river,21,,,False
Q1581250,Yí River,yí river,river in Uruguay,LOC,river,21,,,False
Q1578827,Resolution Island,resolution island,"island in Nunavut, Canada",LOC,island,21,,,False
Q602760,The Lizard,lizard,"peninsula in Cornwall, England, UK",LOC,peninsula,21,,,False
Q596012,Temperley,temperley,city in Argentina,GPE,city,21,121451.0,Argentina,False
Q73077,Pic du Midi d'Ossau,pic du midi dossau,mountain,LOC,mountain,21,,,False
Q612235,Anuanurunga,anuanurunga,island in French Polynesia,LOC,island,21,,,False
Q610805,Unteraar Glacier,unteraar glacier,glacier in Switzerland,LOC,glacier,21,,,False
Q624223,Lufira River,lufira river,river in DR Congo,LOC,river,21,,,False
Q629663,Ogre River,ogre river,river in Latvia,LOC,river,21,,,False
Q1317383,Longs Peak,longs peak,"Fourteenth and fifteenth highest mountain in the US state of Colorado (14,259').",LOC,mountain,21,,,False
Q1588376,Zayachy Island,zayachy island,island,LOC,island,21,,,False
Q1586110,Mornington Island,mornington island,"island in state of Queensland, Australia",LOC,island,21,,,False
Q1584814,Saparua Island,saparua island,"island in Central Maluku Regency, Maluku Province, Indonesia",LOC,island,21,,,False
Q1321564,Shimokita Peninsula,shimokita peninsula,Peninsula of the island of Honshu in Japan,LOC,peninsula,21,,,False
Q1634832,Sõrve Peninsula,sõrve peninsula,peninsula in Estonia,LOC,peninsula,21,,,False
Q1630635,Popigay River,popigay river,river in Russia,LOC,river,21,,,False
Q1630619,Nercha,nercha,"river in Zabaykalsky Krai, Russia",LOC,river,21,,,False
Q162993,Pleiße,pleiße,river in Germany,LOC,river,21,,,False
Q570564,Lake Engure,lake engure,lake,LOC,lake,21,,,False
Q1009509,Colac,colac,"city in Victoria, Australia",GPE,city,21,,Australia,False
Q577085,Ilych,ilych,"river in Komi, Russia",LOC,river,21,,,False
Q800155,Bagua,bagua,"city in Amazonas, Peru",GPE,city,21,,Peru,False
Q586657,Cuba,cuba,island in the Caribbean,LOC,island,21,,,False
Q586302,Phillip Island,phillip island,uninhabited island in the group of islands comprising the Australian external territory of Norfolk Island in the South Pacific Ocean between Australia and New Zealand,LOC,island,21,,,False
Q793765,Bagua Grande,bagua grande,"city in Amazonas, Peru",GPE,city,21,,Peru,False
Q771907,Harem,harem,"town in Idlib, Syria",GPE,city,21,,Syria,False
Q603956,Ben Lawers,ben lawers,"1214m high mountain in Perth and Kinross, Scotland, UK",LOC,mountain,21,,,False
Q1626237,Homonhon,homonhon,island in the Philippines,LOC,island,21,,,False
Q928684,Burray,burray,"island of the Orkney Islands, Scotland, UK",LOC,island,21,,,False
Q1638692,Mount Sanford,mount sanford,mountain,LOC,mountain,21,,,False
Q1637507,Saana,saana,"mountain in Enontekiö municipality, Finland",LOC,mountain,21,,,False
Q1317381,Isla Ángel de la Guarda,isla ángel de la guarda,"island in Baja California, Mexico",LOC,island,21,,,False
Q16541,Nesthorn,nesthorn,mountain in the Bernese Alps,LOC,mountain,21,,,False
Q53415,Tikhvinka River,tikhvinka river,"river in Leningrad Oblast of Russia, a tributary of the Syas River",LOC,river,21,,,False
Q531030,Cap Gris Nez,cap gris nez,cape in northern France,LOC,cape,21,,,False
Q538601,Terevaka,terevaka,"mountain in Easter Island Commune, Chile",LOC,volcano,21,,,False
Q1014456,Puerto Suárez,puerto suárez,city in Bolivia,GPE,city,21,,Bolivia,False
Q547770,Tyatya,tyatya,volcano on Kunashir Island,LOC,volcano,21,,,False
Q557416,Ankogel,ankogel,mountain in the Ankogel Group at the border Carinthia / Salzburg,LOC,mountain,21,,,False
Q1974467,Tingo María,tingo maría,"town in Huánuco, Peru",GPE,city,21,,Peru,False
Q576337,Vorma,vorma,river in Norway,LOC,river,21,,,False
Q573205,Boundary Peak,boundary peak,mountain,LOC,mountain,21,,,False
Q165200,Albula,albula,river in Switzerland,LOC,river,21,,,False
Q917948,Bristol Island,bristol island,island in the South Sandwich Islands,LOC,island,21,,,False
Q1660101,Vahanga,vahanga,island in French Polynesia,LOC,island,21,,,False
Q16671,Mira River,mira river,river in Portugal,LOC,river,21,,,False
Q1661830,Indravati River,indravati river,river in India,LOC,river,21,,,False
Q1635802,Trindade,trindade,town in São Tomé and Príncipe,GPE,city,21,,São Tomé and Príncipe,False
Q163464,Charallave,charallave,city in Venezuela,GPE,city,21,117707.0,Venezuela,False
Q163352,Kongoussi,kongoussi,city in Burkina Faso,GPE,city,21,,Burkina Faso,False
Q1624192,Hoima,hoima,town in Uganda,GPE,city,21,143304.0,Uganda,False
Q1676970,Virgin River,virgin river,"tributary of the Colorado River in Utah, Arizona, and Nevada in the United States",LOC,river,21,,,False
Q1671984,Iokanga,iokanga,"river in Murmansk Oblast, Russia",LOC,river,21,,,False
Q16693,Niesen,niesen,mountain in Swiss Alps,LOC,mountain,21,,,False
Q1669018,Ludza,ludza,"river in Latvia and Russia, tributary of the Utroya",LOC,river,21,,,False
Q738478,Limarí River,limarí river,river in Chile,LOC,river,21,,,False
Q738445,Elqui River,elqui river,river in Chile,LOC,river,21,,,False
Q738408,Assa River,assa river,river in Georgia and Russia,LOC,river,21,,,False
Q523533,Saunders Island,saunders island,island in the Falkland Islands,LOC,island,21,,,False
Q522605,Shimabara Peninsula,shimabara peninsula,Japanese peninsula,LOC,peninsula,21,,,False
Q522586,Mount Olympus,mount olympus,"mountain in the Olympic Mountains in Jefferson County, Washington, United States",LOC,mountain,21,,,False
Q527197,Kangtega,kangtega,mountain,LOC,mountain,21,,,False
Q1295357,Eemmeer,eemmeer,"lake in Netherlands, Eemmeer, Netherlands",LOC,lake,21,,,False
Q1285293,Apa River,apa river,river,LOC,river,21,,,False
Q1801709,Wesoła,wesoła,"District of Warsaw, Poland.",GPE,city,21,,Poland,False
Q1276168,Ozren,ozren,mountain in Bosnia and Herzegovina,LOC,mountain,21,,,False
Q1279496,Angren River,angren river,river in Uzbekistan,LOC,river,21,,,False
Q1720651,Sveti Nikola Island,sveti nikola island,island in Montenegro,LOC,island,21,,,False
Q1719767,Clerve,clerve,river in Luxembourg,LOC,river,21,,,False
Q171653,Waw an Namus,waw an namus,mountain in Libya,LOC,mountain,21,,,False
Q498999,Ilhéu Branco,ilhéu branco,"islet, Cape Verde",LOC,island,21,,,False
Q498302,Clain,clain,river in France,LOC,river,21,,,False
Q497783,Orkla,orkla,"river in Trøndelag, Norway",LOC,river,21,,,False
Q501215,Muck,muck,"island of the Small Isles, in Scotland, United Kingdom",LOC,island,21,,,False
Q507179,Mount Cereme,mount cereme,stratovolcano in West Java in Indonesia,LOC,mountain,21,,,False
Q505366,Nyabarongo River,nyabarongo river,"The Nyabarongo River is the largest river in Rwanda, draining most of the source of the Nile in North Africa. The Nyabarongo River is the longest and widest river in Rwanda, with a length of 351 km.",LOC,river,21,,,False
Q5079,Aulne,aulne,river of Brittany in north-western France,LOC,river,21,,,False
Q516818,Timpton,timpton,"river in Yakutia, Russia",LOC,river,21,,,False
Q516393,Neosho River,neosho river,river in the United States of America,LOC,river,21,,,False
Q905423,Dila,dila,town in Ethiopia,GPE,city,21,,Ethiopia,False
Q48767551,Sulabesi Island,sulabesi island,"island in Sula Islands Regency, North Maluku Province, Indonesia",LOC,island,21,,,False
Q485222,Geojedo,geojedo,island in South Korea,LOC,island,21,,,False
Q489170,Jiaozhou Bay,jiaozhou bay,sea,LOC,sea,21,,,False
Q951324,Beni Mazar,beni mazar,town in Middle Egypt,GPE,city,21,,Egypt,False
Q1017120,Mendi,mendi,"capital city of Southern Highlands, Papua New Guinea",GPE,city,21,,Papua New Guinea,False
Q1897952,Kushtia,kushtia,City in Bangladesh,GPE,city,21,,Bangladesh,False
Q1715041,Jólnir,jólnir,seamount in Iceland,LOC,island,21,,,False
Q1268444,Biga River,biga river,"river in Çanakkale, northwestern Turkey",LOC,river,21,,,False
Q1733093,Miravalles Volcano,miravalles volcano,mountain in Costa Rica,LOC,mountain,21,,,False
Q1739249,Keri,keri,island in Estonia,LOC,island,21,,,False
Q1760978,Piton de la Petite Rivière Noire,piton de la petite rivière noire,mountain in Mauritius,LOC,mountain,21,,,False
Q1758658,Tronchetto,tronchetto,island in Italy,LOC,island,21,,,False
Q1758184,Mount Andrus,mount andrus,volcano in Antarctica,LOC,mountain,21,,,False
Q1757764,Mount Royal,mount royal,"hill in Montreal, Quebec, Canada",LOC,mountain,21,,,False
Q177627,Smoky Hill River,smoky hill river,"river in Colorado and Kansas, United States",LOC,river,21,,,False
Q177526,Lake Maninjau,lake maninjau,crater lake,LOC,lake,21,,,False
Q4450489,Talkas,talkas,"lake in Bashkiria, Russia",LOC,lake,21,,,False
Q4779782,Api,api,"mountain in Darchula District, Nepal",LOC,mountain,21,,,False
Q47569,Suurjärv,suurjärv,"lake in Võru County, Estonia",LOC,lake,21,,,False
Q473494,North Kent Island,north kent island,"island in Nunavut, Canada",LOC,island,21,,,False
Q979808,Cagua,cagua,city in Venezuela,GPE,city,21,122571.0,Venezuela,False
Q4838907,Bacho Kiro cave,bacho kiro cave,cave in Bulgaria,LOC,cave,21,,,False
Q48317,Gau Island,gau island,island belonging to Fiji's Lomaiviti Archipelago,LOC,island,21,,,False
Q1773219,Grand Coulee,grand coulee,ancient river bed in the U.S. state of Washington,LOC,valley,21,,,False
Q1772570,Tanaga Island,tanaga island,"island in Aleutians West Census Area, Alaska, United States",LOC,island,21,,,False
Q1762275,Sym River,sym river,river in Russia,LOC,river,21,,,False
Q1761551,Taquile Island,taquile island,island in Peru,LOC,island,21,,,False
Q1264793,Dulgalakh River,dulgalakh river,river in Russia,LOC,river,21,,,False
Q1261870,Jabal Hafit,jabal hafit,mountain in Oman and UAE,LOC,mountain,21,,,False
Q1780007,Aquidneck Island,aquidneck island,"island in Rhode Island, United States",LOC,island,21,,,False
Q1788728,Mota Lava,mota lava,fourth largest island in the Banks Islands of Vanuatu,LOC,island,21,,,False
Q1788711,Ureparapara,ureparapara,island in Vanuatu,LOC,island,21,,,False
Q1788486,Q1788486,q1788486,island in United Kingdom,LOC,island,21,,,False
Q1809877,Richelieu River,richelieu river,"river flowing from Lake Champlain to St. Lawrence River in Quebec, Canada",LOC,river,21,,,False
Q1808092,Lizard Point,lizard point,"headland in Cornwall, southernmost point on mainland Great Britain",LOC,cape,21,,,False
Q1258906,Lake Drīdzis,lake drīdzis,lake in Latvia,LOC,lake,21,,,False
Q1255787,Drangey,drangey,island in Iceland,LOC,island,21,,,False
Q1255178,Dragor,dragor,river in the Republic of North Macedonia,LOC,river,21,,,False
Q1553776,Guiglo,guiglo,"town in Guiglo Department, Cavally Region, Montagnes District, western Côte d'Ivoire",GPE,city,21,171454.0,Ivory Coast,False
Q388802,Cère,cère,river in France,LOC,river,21,,,False
Q392142,Škrlatica,škrlatica,mountain,LOC,mountain,21,,,False
Q1020263,San Pedro de Jujuy,san pedro de jujuy,city,GPE,city,21,,Argentina,False
Q4059960,Aksu River,aksu river,river in Kazakhstan,LOC,river,21,,,False
Q45248,Úhlava,úhlava,river in the Czech Republic,LOC,river,21,,,False
Q1552562,Guacara,guacara,city in Venezuela,GPE,city,21,200212.0,Venezuela,False
Q890730,Bogø,bogø,island in Denmark,LOC,island,21,,,False
Q890658,Bogoslof Island,bogoslof island,island in the United States of America,LOC,volcano,21,,,False
Q890305,Virmajärvi,virmajärvi,lake in Finland and Russia,LOC,lake,21,,,False
Q1817886,Allakh-Yun,allakh-yun,"river in Yakutia, Russia",LOC,river,21,,,False
Q1852004,Rock River,rock river,river in Wisconsin and Illinois: tributary of the Mississippi River,LOC,river,21,,,False
Q1536978,Gondal,gondal,city in Gujarat state,GPE,city,21,,India,False
Q124878,Shimanto River,shimanto river,"river in Kochi prefecture, Japan",LOC,river,21,,,False
Q379143,Baruntse,baruntse,mountain in Nepal,LOC,mountain,21,,,False
Q378723,Adzva,adzva,"river in Komi and Nenets AO, Russia",LOC,river,21,,,False
Q3780547,Lake Burullus,lake burullus,"lake in Kafr el-Sheikh Governorate, Egypt",LOC,lake,21,,,False
Q7568410,South Sentinel Island,south sentinel island,one of the Andaman Islands,LOC,island,21,,,False
Q753931,Atchafalaya River,atchafalaya river,"river Louisiana, United States",LOC,river,21,,,False
Q386078,Ōsumi Peninsula,ōsumi peninsula,"peninsula in Kagoshima Prefecture, Japan",LOC,peninsula,21,,,False
Q385342,Desaguadero River,desaguadero river,river in Argentina,LOC,river,21,,,False
Q384267,Łysa Góra,łysa góra,"second highest peak of Świętokrzyskie Mountains, Poland",LOC,mountain,21,,,False
Q1818610,Lastoursville,lastoursville,"City in Ogooué-Lolo Province, Gabon",GPE,city,21,,Gabon,False
Q1247403,Lismore,lismore,"island of the Inner Hebrides, Scotland, UK",LOC,island,21,,,False
Q2709339,Mbouda,mbouda,city in Cameroon,GPE,city,21,,Cameroon,False
Q879450,Byoryolyokh,byoryolyokh,"river in Yakutia, Russia",LOC,river,21,,,False
Q875718,Spannagel Cave,spannagel cave,cave,LOC,cave,21,,,False
Q187026,"Karaburun Peninsula, Albania",karaburun peninsula albania,peninsula,LOC,peninsula,21,,,False
Q1499762,Tansen,tansen,"municipality in Palpa District, Nepal",GPE,city,21,,Nepal,False
Q766490,Mount Bachelor,mount bachelor,"volcano in Oregon, United States",LOC,mountain,21,,,False
Q760819,Mount Popomanaseu,mount popomanaseu,mountain,LOC,volcano,21,,,False
Q758654,Auckland Island,auckland island,island off southern New Zealand,LOC,island,21,,,False
Q493634,Nova Sintra,nova sintra,human settlement,GPE,city,21,,Cape Verde,False
Q368807,Bhola Island,bhola island,island of Bangladesh,LOC,island,21,,,False
Q367366,Uday River,uday river,river in Ukraine,LOC,river,21,,,False
Q3634836,Hijaz mountains,hijaz mountains,mountain in Saudi Arabia,LOC,mountain,21,,,False
Q3596,Lower Peninsula of Michigan,lower peninsula of michigan,Southern major peninsula of the US state of Michigan,LOC,peninsula,21,,,False
Q1020997,Wadi Al-Seer,wadi al-seer,city,GPE,city,21,152000.0,Jordan,False
Q3696512,Neelum River,neelum river,river in India and Pakistan,LOC,river,21,,,False
Q1239783,Severn River,severn river,"river in Northwestern Ontario, Canada",LOC,river,21,,,False
Q1239004,Humphreys Peak,humphreys peak,"mountain in Coconino County, Arizona, United States",LOC,mountain,21,,,False
Q2631639,Ariha,ariha,village in Syria,GPE,city,21,,Syria,False
Q2665241,Swabi,swabi,"city in Khyber Pakhtunkhwa, Pakistan",GPE,city,21,115018.0,Pakistan,False
Q2659599,Toba Tek Singh,toba tek singh,"city in Punjab, Pakistan",GPE,city,21,,Pakistan,False
Q1885375,Maijishan Grottoes,maijishan grottoes,cave in China,LOC,mountain,21,,,False
Q1883683,Mafadi,mafadi,peak on the border of South Africa and Lesotho,LOC,mountain,21,,,False
Q1880965,Volcán Tolimán,volcán tolimán,"mountain in Sololá, Guatemala",LOC,volcano,21,,,False
Q1878289,Ruvyironza River,ruvyironza river,river in Burundi,LOC,river,21,,,False
Q335853,Abukuma River,abukuma river,river in Japan,LOC,river,21,,,False
Q3339,Bille,bille,"river in Stormarn, Schleswig-Holstein, Germany",LOC,river,21,,,False
Q1017796,Busuanga Island,busuanga island,island in the Calamian Group,LOC,island,21,,,False
Q358382,Adlerhorn,adlerhorn,mountain,LOC,mountain,21,,,False
Q3494200,Rusenski Lom,rusenski lom,river in Bulgaria,LOC,river,21,,,False
Q866344,Bishop Rock,bishop rock,"islet in the Atlantic Ocean, at the Isles of Scilly, England",LOC,island,21,,,False
Q3738335,Hamar,hamar,"city in Hamar Municipality, Norway",GPE,city,21,,Norway,False
Q1385982,Ezeiza,ezeiza,city in the province of Buenos Aires in Argentina,GPE,city,21,160219.0,Argentina,False
Q1898456,Pelly River,pelly river,"watercourse in Yukon, Canada",LOC,river,21,,,False
Q189292,Zembra,zembra,Tunisian island,LOC,island,21,,,False
Q1892625,Budelli,budelli,island in Italy,LOC,island,21,,,False
Q1228829,Portsea Island,portsea island,island,LOC,island,21,,,False
Q1210275,Mount Aspiring / Tititea,mount aspiring / tititea,mountain in New Zealand,LOC,mountain,21,,,False
Q1038418,Jinsha River,jinsha river,"river in the People's Republic of China, the upper course of the Yangtze",LOC,river,21,,,False
Q772492,Mount Jefferson,mount jefferson,"Stratovolcano in the Cascade Range, Oregon, United States",LOC,mountain,21,,,False
Q1016296,Burias,burias,island in the Philippines,LOC,island,21,,,False
Q1010448,Burdekin River,burdekin river,"river in Queensland, Australia",LOC,river,21,,,False
Q3693997,Coronel Suárez,coronel suárez,"city in Buenos Aires Province, Argentina",GPE,city,21,,Argentina,False
Q265115,Port Maria La luz,port maria la luz,town in Jamaica,GPE,city,21,,Jamaica,False
Q858102,Cap Corse,cap corse,cape,LOC,cape,21,,,False
Q2573596,Kamalia,kamalia,"city in Punjab, Pakistan",GPE,city,21,121401.0,Pakistan,False
Q2625289,Badin,badin,"city in Sindh, Pakistan",GPE,city,21,,Pakistan,False
Q1945737,Monte Baldo,monte baldo,mountain in Italy,LOC,mountain,21,,,False
Q1945432,Mont Panié,mont panié,mountain in France,LOC,mountain,21,,,False
Q1934034,Telendos,telendos,"island near Kalymnos, Greece",LOC,island,21,,,False
Q1034522,Cape Wrath,cape wrath,northwestern extreme point of mainland Great Britain,LOC,cape,21,,,False
Q1033990,Kharkiv River,kharkiv river,river in Russia and Ukraine,LOC,river,21,,,False
Q1033043,Candlemas Island,candlemas island,island,LOC,island,21,,,False
Q1023718,Wete,wete,city in Tanzania,GPE,city,21,,Tanzania,False
Q3234121,Lake Ermistu,lake ermistu,"lake in Pärnu County, Estonia",LOC,lake,21,,,False
Q3219949,Lawu Mountain,lawu mountain,"Compound stratovolcano in Java, Indonesia",LOC,mountain,21,,,False
Q321193,Lake Abijatta,lake abijatta,one of the Rift Valley lakes of Ethiopia,LOC,lake,21,,,False
Q1951488,Mrežnica,mrežnica,"river in Karlovac County, Croatia",LOC,river,21,,,False
Q1950836,Mount Wuteve,mount wuteve,mountain in Liberia,LOC,mountain,21,,,False
Q855226,Biafo Glacier,biafo glacier,glacier in Pakistan,LOC,glacier,21,,,False
Q19717,River Ure,river ure,"river in North Yorkshire, England",LOC,river,21,,,False
Q1958265,Møsvatn,møsvatn,"lake in Tinn and Vinje, Telemark, Norway",LOC,lake,21,,,False
Q1201857,Yazoo River,yazoo river,"river in Mississippi, United States",LOC,river,21,,,False
Q1195352,Pinzón Island,pinzón island,Island in the Galapagos Archipelago in Ecuador,LOC,volcano,21,,,False
Q1280242,Kerema,kerema,"capital city of Gulf Province, Papua New Guinea",GPE,city,21,,Papua New Guinea,False
Q2583107,Samukh,samukh,city in Azerbaijan,GPE,city,21,,Azerbaijan,False
Q2582611,Mongar,mongar,"place in Mongar District, Bhutan",GPE,city,21,,Bhutan,False
Q1192720,Nisida,nisida,"volcanic islet, north of Naples",LOC,island,21,,,False
Q2031771,Taravai,taravai,"island in French Polynesia, part of Gambier Islands",LOC,island,21,,,False
Q2030974,Russian River,russian river,river in California,LOC,river,21,,,False
Q2038688,Resolution Island,resolution island,island in New Zealand,LOC,island,21,,,False
Q1188562,Mbamu,mbamu,island in Republic of the Congo,LOC,island,21,,,False
Q30438,Mont Blanc du Tacul,mont blanc du tacul,mountain in the Mont Blanc massif of the Alps,LOC,mountain,21,,,False
Q30434,Dôme du Goûter,dôme du goûter,mountain in the Mont Blanc massif in the Alps,LOC,mountain,21,,,False
Q783916,Moma River,moma river,river in Russia,LOC,river,21,,,False
Q783281,Sava Dolinka,sava dolinka,river in Slovenia,LOC,river,21,,,False
Q30485,Pollux,pollux,mountain in the Pennine Alps,LOC,mountain,21,,,False
Q307456,Ötztal,ötztal,"valley in Tyrol, Austria",LOC,valley,21,,,False
Q316507,Ilm,ilm,"river in Thuringia, Germany",LOC,river,21,,,False
Q313635,Cordón del Azufre,cordón del azufre,mountain in Argentina,LOC,mountain,21,,,False
Q2044818,Teberda River,teberda river,river in Russia,LOC,river,21,,,False
Q2565407,Cojutepeque,cojutepeque,city in El Salvador,GPE,city,21,,El Salvador,False
Q2561767,Al-Sanamayn,al-sanamayn,city in southern Syria,GPE,city,21,,Syria,False
Q205425,Tsipa River,tsipa river,river in Russia,LOC,river,21,,,False
Q2048161,Dulce River,dulce river,river in Guatemala,LOC,river,21,,,False
Q1185344,Demer,demer,river in Belgium,LOC,river,21,,,False
Q117895,Sinus Medii,sinus medii,lunar mare,LOC,lunar mare,21,,,False
Q1178464,Dawa River,dawa river,river in East Africa,LOC,river,21,,,False
Q2066376,St Martin's,st martins,"island in the Isles of Scilly, Cornwall, England, UK",LOC,island,21,,,False
Q2063591,Tech,tech,river in France,LOC,river,21,,,False
Q2985144,Kunduz River,kunduz river,river in Afghanistan,LOC,river,21,,,False
Q298372,Österdal River,österdal river,river in Sweden,LOC,river,21,,,False
Q1051621,Lake Upemba,lake upemba,lake in the Democratic Republic of Congo,LOC,lake,21,,,False
Q2993977,Pronia,pronia,river in Belarus,LOC,river,21,,,False
Q29886508,Coreca Caves,coreca caves,group of two karstic caves in the commune of Amantea in southern Italy,LOC,cave,21,,,False
Q3026890,Didi Abuli,didi abuli,mountain in Georgia,LOC,mountain,21,,,False
Q2995415,Charyn River,charyn river,"river in Kazakhstan, tributary to the Ili and famed for its canyons",LOC,river,21,,,False
Q1166701,Darro,darro,river in Spain,LOC,river,21,,,False
Q2501786,Tiflet,tiflet,City in Morocco,GPE,city,21,103850.0,Morocco,False
Q116524,Koupéla,koupéla,city in Burkina Faso,GPE,city,21,,Burkina Faso,False
Q1152315,Pa Sak River,pa sak river,river in Thailand,LOC,river,21,,,False
Q2082148,Pico Cão Grande,pico cão grande,mountain in São Tomé and Príncipe,LOC,mountain,21,,,False
Q1164619,Koritnik,koritnik,mountain of Albania,LOC,mountain,21,,,False
Q1154778,Fen River,fen river,"river in Shanxi, China",LOC,river,21,,,False
Q2096124,Vaindloo,vaindloo,island in Estonia,LOC,island,21,,,False
Q209540,Scioto River,scioto river,river in Ohio,LOC,river,21,,,False
Q283712,Tafahi,tafahi,island of the Tonga archipelago,LOC,mountain,21,,,False
Q283065,Cornwallis Island,cornwallis island,Antarctica,LOC,island,21,,,False
Q283034,Mugello,mugello,"historic region and valley in northern Tuscany, in Italy",LOC,valley,21,,,False
Q1055837,Cerro Catedral,cerro catedral,mountain in Uruguay,LOC,mountain,21,,,False
Q2308752,Touba,touba,city of côte d'ivoire,GPE,city,21,,Ivory Coast,False
Q292194,Île Vanier,île vanier,"island in Nunavut, Canada",LOC,island,21,,,False
Q2896921,Berbice River,berbice river,river in Guyana,LOC,river,21,,,False
Q2468221,Rajgarh,rajgarh,"city in Rajgarh district, Madhya Pradesh, India",GPE,city,21,,India,False
Q2098121,Planche des Belles Filles,planche des belles filles,mountain in France,LOC,mountain,21,,,False
Q2116752,Cheyenne River,cheyenne river,river in western South Dakota and northeastern Wyoming,LOC,river,21,,,False
Q2116568,Pungwe River,pungwe river,river in Mozambique,LOC,river,21,,,False
Q2121185,Selayar Island,selayar island,"island in Selayar Islands Regency, South Sulawesi Province, Indonesia",LOC,island,21,,,False
Q2150879,Azhdahak,azhdahak,volcano in Armenia,LOC,volcano,21,,,False
Q2733631,Kožuf,kožuf,mountain range in North Macedonia and Greece,LOC,mountain,21,,,False
Q2725470,Mount Steele,mount steele,"mountain in Yukon, Canada",LOC,mountain,21,,,False
Q799781,Lake Bafa,lake bafa,"lake in Aydın and Muğla Provinces, Turkey",LOC,lake,21,,,False
Q279915,Mount Kusatsu-Shirane,mount kusatsu-shirane,"mountain in Gunma Prefecture, Japan",LOC,volcano,21,,,False
Q277809,Mont Tendre,mont tendre,mountain,LOC,mountain,21,,,False
Q277009,Ilesha,ilesha,"river in Arkhangelsk Oblast, Russia",LOC,river,21,,,False
Q280192,Passu Sar,passu sar,mountain,LOC,mountain,21,,,False
Q2166859,Trondra,trondra,"one of the Scalloway Islands, a subgroup of the Shetland Islands in Scotland",LOC,island,21,,,False
Q1095319,Clare Island,clare island,"island in County Mayo, Ireland",LOC,island,21,,,False
Q1094469,Lašva,lašva,river in Bosnia and Herzegovina,LOC,river,21,,,False
Q1115201,Lake Chelan,lake chelan,"lake in Chelan County, Washington, United States of America",LOC,lake,21,,,False
Q1112783,Morzhovets,morzhovets,"island in the White Sea, Russia",LOC,island,21,,,False
Q1111504,Kitadaitō Island,kitadaitō island,"island in Okinawa, Japan",LOC,island,21,,,False
Q1109420,Bolshoy Shantar,bolshoy shantar,"island in Sea of Okhotsk, Russia, part of Shantar Islands",LOC,island,21,,,False
Q1108022,St. Francis River,st. francis river,river in Arkansas and Missouri in the United States,LOC,river,21,,,False
Q2667931,Command Ridge,command ridge,mountain in Nauru,LOC,mountain,21,,,False
Q2665231,Soan River,soan river,river in Pakistan,LOC,river,21,,,False
Q267885,Badyarikha River,badyarikha river,river in Russia,LOC,river,21,,,False
Q2670801,Mount Sodom,mount sodom,mountain in Israel,LOC,mountain,21,,,False
Q1058424,Chachani,chachani,volcano in Peru,LOC,mountain,21,,,False
Q1055970,Cerro Rico,cerro rico,mountain in the Andes near the Bolivian city of Potosí,LOC,mountain,21,,,False
Q1026219,Punata,punata,city,GPE,city,21,,Bolivia,False
Q1026185,Calabozo,calabozo,"city in state Guárico, Venezuela",GPE,city,21,168605.0,Venezuela,False
Q2740716,Stogovo,stogovo,mountain in North Macedonia,LOC,mountain,21,,,False
Q2737839,Larrun,larrun,mountain in Navarre / France border,LOC,mountain,21,,,False
Q1075808,San Benedicto Island,san benedicto island,island of Mexico,LOC,island,21,,,False
Q2231,Hay River,hay river,"river in Alberta, British Columbia and Northwest Territories, Canada",LOC,river,21,,,False
Q2227484,Lô River,lô river,tributary of Red River in Vietnam,LOC,river,21,,,False
Q226862,Suna,suna,"river in Karelia, Russia",LOC,river,21,,,False
Q2266807,Loch Leven,loch leven,"lake at Kinross, Perth and Kinross, Scotland, UK, outflows to River Leven",LOC,lake,21,,,False
Q2264090,Gurudongmar Lake,gurudongmar lake,"lake in Sikkim, India",LOC,lake,21,,,False
Q230265,Zuqar Island,zuqar island,island in the Red Sea,LOC,island,21,,,False
Q2299655,Suwannee River,suwannee river,"396km (246mi) river in Florida and Georgia, USA",LOC,river,21,,,True
Q2282091,Chikurachki,chikurachki,"volcano on Paramushir, Kuril Islands, Russia",LOC,volcano,21,,,False
Q2312062,Uyandina,uyandina,"river in Yakutia, Russia",LOC,river,21,,,False
Q2634215,Lulonga River,lulonga river,river in Democratic Republic of the Congo,LOC,river,21,,,False
Q2630027,Oril River,oril river,river in Ukraine,LOC,river,21,,,False
Q816036,Bellona Island,bellona island,island,LOC,island,21,,,False
Q2661366,Lake Köyceğiz,lake köyceğiz,lake in Turkey,LOC,lake,21,,,False
Q2648857,Ritacuba Blanco,ritacuba blanco,mountain in Colombia,LOC,mountain,21,,,False
Q1060998,Champ Island,champ island,island,LOC,island,21,,,False
Q1060962,Lake Chamo,lake chamo,lake in southern Ethiopia,LOC,lake,21,,,False
Q835333,Niers,niers,river in Germany and the Netherlands,LOC,river,21,,,False
Q4118131,Zalingei,zalingei,"capital city in the state of Central Darfur, Sudan",GPE,city,21,,Sudan,False
Q2344946,Trivor,trivor,mountain,LOC,mountain,21,,,False
Q2339502,Yurungkax He,yurungkax he,river in People's Republic of China,LOC,river,21,,,False
Q2371196,Kotra,kotra,tributary of the Neman River in Belarus and Lithuania,LOC,river,21,,,False
Q2370885,Agatti Island,agatti island,island in India,LOC,island,21,,,False
Q2363673,Rio Mendoza,rio mendoza,river in Argentina,LOC,river,21,,,False
Q2381742,Ograzhden,ograzhden,mountain in Bulgaria,LOC,mountain,21,,,False
Q260554,Mount Shahdagh,mount shahdagh,mountain in Azerbaijan,LOC,mountain,21,,,False
Q2603479,Zay,zay,"river in Tatarstan, Russia",LOC,river,21,,,False
Q259730,Almsee,almsee,lake in Austria,LOC,lake,21,,,False
Q2596996,Palata River,palata river,river in Belarus,LOC,river,21,,,False
Q2625955,Kassandra Peninsula,kassandra peninsula,"peninsula of Chalkidiki, Greece",LOC,peninsula,21,,,False
Q2616211,Fars,fars,"river in Adygea and Krasnodar Krai, Russia",LOC,river,21,,,False
Q263745,Kolp,kolp,"river in Leningrad and Vologda Oblasts, Russia",LOC,river,21,,,False
Q833949,Parthenio,parthenio,"mountain range forming border of Arkadia and Argolis, Greece",LOC,mountain,21,,,False
Q2417486,Monte Vettore,monte vettore,mountain in Italy,LOC,mountain,21,,,False
Q24358,Salso,salso,river of Sicily,LOC,river,21,,,False
Q2426550,Airag Lake,airag lake,lake in Mongolia,LOC,lake,21,,,False
Q2423900,Vishera,vishera,"river in Novgorod Oblast, Russia",LOC,river,21,,,False
Q2465160,Abrau,abrau,"lake in Krasnodar Krai, Russia",LOC,lake,21,,,False
Q2464613,Cape Zhelaniya,cape zhelaniya,headland in the Russian Federation,LOC,cape,21,,,False
Q2454720,River Towy,river towy,large river in West Wales,LOC,river,21,,,False
Q2378055,Zhetisay,zhetisay,"City in Maktaaral District, Turkistan Region, Kazakhstan",GPE,city,21,,Kazakhstan,False
Q2570778,Brantas River,brantas river,"river in East Java, Indonesia",LOC,river,21,,,False
Q2567699,Koiluoto,koiluoto,island divided between Finland and Russia,LOC,island,21,,,False
Q1063794,Pliva,pliva,river in Bosnia and Herzegovina,LOC,river,21,,,False
Q2581624,Pointe des Almadies,pointe des almadies,westernmost point of Senegal and the African mainland,LOC,cape,21,,,False
Q25104,Lütje Hörn,lütje hörn,East Frisian Island,LOC,island,21,,,False
Q2503121,Moa River,moa river,river in west Africa,LOC,river,21,,,False
Q2500342,Peña de Bernal,peña de bernal,Mexican monolith,LOC,mountain,21,,,False
Q2496969,Voghdji River,voghdji river,river in Armenia and Azerbaijan,LOC,river,21,,,False
Q2495624,Jaffna Peninsula,jaffna peninsula,"region of Northern Province, Sri Lanka",LOC,peninsula,21,,,False
Q829432,Mount Marcus Baker,mount marcus baker,"mountain in Alaska, United States",LOC,mountain,21,,,False
Q2360416,Real de Asientos,real de asientos,"municipal seat of Asientos, State of Aguascalientes, Mexico",GPE,city,21,,Mexico,False
Q1068812,Cheddar Gorge,cheddar gorge,"valley in Somerset, England",LOC,valley,21,,,False
Q1759366,Tarma,tarma,city in Peru,GPE,city,21,,Peru,False
Q1357447,Khwae Yai River,khwae yai river,"river in Kanchanaburi province, Thailand",LOC,river,21,,,False
Q1368627,Banggi Island,banggi island,island in Malaysia,LOC,island,21,,,False
Q138030,Kuiu Island,kuiu island,island in the United States of America,LOC,island,21,,,False
Q13762,Kwisa,kwisa,"river in Poland, Bóbr River tributary",LOC,river,21,,,False
Q137563,Cheung Chau,cheung chau,"island in New Territories, Hong Kong",LOC,island,21,,,False
Q701816,Weißkugel,weißkugel,mountain in the Ötztal Alps at the border Tyrol / South Tyrol,LOC,mountain,21,,,False
Q701516,Kaiserstuhl,kaiserstuhl,low mountain range in Germany,LOC,volcano,21,,,False
Q701264,Taiping Island,taiping island,island in the South China Sea administered by Taiwan,LOC,island,21,,,False
Q700692,Traisen,traisen,river in Austria,LOC,river,21,,,False
Q7070592,Nutty Putty Cave,nutty putty cave,hydrothermal cave west of Utah Lake (USA),LOC,cave,21,,,False
Q704771,Wied,wied,river in Germany,LOC,river,21,,,False
Q978785,Mount Kanaga,mount kanaga,mountain in Alaska,LOC,volcano,21,,,False
Q981156,Kuloy,kuloy,"river in Arkhangelsk Oblast, Russia, flows into the White Sea",LOC,river,21,,,False
Q1362563,Hunza River,hunza river,river in Pakistan,LOC,river,20,,,False
Q989899,Faaite,faaite,island in French Polynesia,LOC,island,20,,,False
Q998087,Cuiabá River,cuiabá river,"river in Mato Grosso, Brazil",LOC,river,20,,,False
Q980095,Nogat,nogat,"river in Vistula river delta, Poland",LOC,river,20,,,False
Q702719,Jade,jade,"river in Lower Saxony, northwestern Germany",LOC,river,20,,,False
Q703922,Drachenfels,drachenfels,"mountain in the Siebengebirge mountain range, Germany",LOC,mountain,20,,,False
Q704775,Ucker,ucker,river in Germany,LOC,river,20,,,False
Q701650,Wertach,wertach,"tributary of Lech in Bavaria, Germany",LOC,river,20,,,False
Q701688,Günz,günz,river in Germany,LOC,river,20,,,False
Q1374413,Teneguía,teneguía,mountain,LOC,volcano,20,,,False
Q138114,Thórsmörk,thórsmörk,mountain,LOC,mountain,20,,,False
Q1368515,Lake Esrum,lake esrum,"lake in Hillerød Municipality, Capital Region of Denmark, Denmark",LOC,lake,20,,,False
Q1368996,Estaca de Bares,estaca de bares,"cape and special area of conservation in Galicia, Spain",LOC,cape,20,,,False
Q13580811,Lubang Island,lubang island,island in the Philippines,LOC,island,20,,,False
Q708366,Pulicat Lake,pulicat lake,brackish water,LOC,lake,20,,,False
Q707795,Dinkel,dinkel,river in Germany and the Netherlands,LOC,river,20,,,False
Q701862,Pinka,pinka,river,LOC,river,20,,,False
Q701820,Mount Grappa,mount grappa,mountain of the Venetian Prealps,LOC,mountain,20,,,False
Q972444,Kyra Panagia,kyra panagia,"island off Alonnisos, Greece",LOC,island,20,,,False
Q966766,Hengam Island,hengam island,"island in Qeshm County, Iran",LOC,island,20,,,False
Q1413838,Laugarvatn,laugarvatn,lake in Iceland,LOC,lake,20,,,False
Q1422238,Lake Vistonida,lake vistonida,"lake in Thrace, Greece",LOC,lake,20,,,False
Q1348297,Kitakami River,kitakami river,river in Japan,LOC,river,20,,,False
Q143169,Ukhta,ukhta,"river in Komi Republic, Russia",LOC,river,20,,,False
Q143785,Keret,keret,"lake in Republic of Karelia, Russia",LOC,lake,20,,,False
Q1437740,Formigas,formigas,islands of the Azores,LOC,island,20,,,False
Q713847,Mount Kaimon,mount kaimon,"mountain in Kagoshima Prefecture, Japan",LOC,volcano,20,,,False
Q683996,Bergisel,bergisel,mountain,LOC,mountain,20,,,False
Q682903,Tenarunga,tenarunga,island in French Polynesia,LOC,island,20,,,False
Q682189,Lac de la Gruyère,lac de la gruyère,body of water,LOC,lake,20,,,False
Q2639395,Chechen,chechen,"island in Caspian Sea, Russia",LOC,island,20,,,False
Q2377452,Maleshevo,maleshevo,mountain in Bulgaria,LOC,mountain,20,,,False
Q833990,Purple Mountain,purple mountain,"mountain in Nanjing, China",LOC,mountain,20,,,False
Q2450540,Nera River,nera river,river in Russia,LOC,river,20,,,False
Q2429731,Flat Holm,flat holm,island off the coast of Wales,LOC,island,20,,,False
Q2421330,Aluminé Lake,aluminé lake,lake in Argentina,LOC,lake,20,,,False
Q2420747,Tamsui River,tamsui river,river in Taiwan,LOC,river,20,,,False
Q247515,Kume Island,kume island,"island in Okinawa, Japan",LOC,island,20,,,False
Q2453410,Asveja,asveja,lake in Lithuania,LOC,lake,20,,,False
Q253243,Drygalski Island,drygalski island,island,LOC,island,20,,,False
Q2524373,Grand Cay,grand cay,island in The Bahamas,LOC,island,20,,,False
Q1028011,Camaná,camaná,city,GPE,city,20,,Peru,False
Q1071554,Chi River,chi river,river in Thailand,LOC,river,20,,,False
Q448370,Alvarado,alvarado,"City in the State of Veracruz, Mexico",GPE,city,20,,Mexico,False
Q2373220,Starocherkasskaya,starocherkasskaya,"human settlement in Aksaysky District, Rostov Oblast, Russia",GPE,city,20,,Russia,False
Q455701,Pacanów,pacanów,"town of Gmina Pacanów, Poland",GPE,city,20,,Poland,False
Q2305746,Kerio River,kerio river,river in Kenya,LOC,river,20,,,False
Q2449403,Brekstad,brekstad,"settlement in Ørland Municipality, Norway",GPE,city,20,,Norway,False
Q836787,Attert,attert,river in Belgium and Luxembourg,LOC,river,20,,,False
Q2333457,Osa Peninsula,osa peninsula,peninsula located in southwestern Costa Rica,LOC,peninsula,20,,,False
Q2339303,Cesar River,cesar river,river in Colombia,LOC,river,20,,,False
Q2355194,Ogosta,ogosta,river in Bulgaria,LOC,river,20,,,False
Q2353949,Brännö,brännö,"urban area in Gothenburg Municipality, Sweden",LOC,island,20,,,False
Q2380353,Lake Chervonoye,lake chervonoye,lake in Belarus,LOC,lake,20,,,False
Q2581531,Avia,avia,tributary of the Minho River basin in the Iberian Peninsula,LOC,river,20,,,False
Q2576288,Maun,maun,island of Croatia,LOC,island,20,,,False
Q260465,Budj Bim,budj bim,"mountain in Victoria, Australia",LOC,mountain,20,,,False
Q1066192,Sog River,sog river,river in Iceland,LOC,river,20,,,False
Q2626239,Beshtau,beshtau,mountain in Russia,LOC,mountain,20,,,False
Q2625817,Osha,osha,"river in Omsk Oblast, Russia",LOC,river,20,,,False
Q2622731,Drysa,drysa,river in Belarus on border with Russia,LOC,river,20,,,False
Q2619449,Turgay Plateau,turgay plateau,"highlands in Central Asia, in north-western Kazakhstan",LOC,mountain,20,,,False
Q2740733,Cunda Island,cunda island,island in Turkey,LOC,island,20,,,False
Q1077500,Plavnik,plavnik,island of Croatia,LOC,island,20,,,False
Q2277707,Sham Chun River,sham chun river,river in People's Republic of China,LOC,river,20,,,False
Q2270329,Great Blasket Island,great blasket island,island in Ireland,LOC,island,20,,,False
Q2299011,Ymer Island,ymer island,island in Greenland,LOC,island,20,,,False
Q2281892,Taylor Glacier,taylor glacier,Antarctic glacier,LOC,glacier,20,,,False
Q2305854,Ultar,ultar,mountain in Pakistan,LOC,mountain,20,,,False
Q2631474,Yashikul,yashikul,Yashikul lake is in Tajikistan.,LOC,lake,20,,,False
Q81629,Valbonë,valbonë,river in Albania,LOC,river,20,,,False
Q4623904,Njombe,njombe,"town in Njombe Region, Tanzania",GPE,city,20,,Tanzania,False
Q2664586,Golovnin,golovnin,volcano in the Kuril Islands,LOC,volcano,20,,,False
Q2657206,Nova Scotia peninsula,nova scotia peninsula,Canadian peninsula,LOC,peninsula,20,,,False
Q2670262,Jari River,jari river,"River in Pará, Brazil",LOC,river,20,,,False
Q2669068,Algeti River,algeti river,"river in Kvemo Kartli, Georgia",LOC,river,20,,,False
Q2668577,Besor River,besor river,Wadi in southern Israel and Palestine,LOC,river,20,,,False
Q2668029,Lake Hammar,lake hammar,lake in Iraq,LOC,lake,20,,,False
Q1055779,Cerro Azul,cerro azul,mountain,LOC,mountain,20,,,False
Q1055710,Cerro Armazones,cerro armazones,mountain in Chile,LOC,mountain,20,,,False
Q1052532,Cedar Lake,cedar lake,"lake on the Saskatchewan River in Manitoba, Canada",LOC,lake,20,,,False
Q1126099,Coniston Water,coniston water,"lake in Cumbria, England",LOC,lake,20,,,False
Q1125445,Mount Tendürek,mount tendürek,mountain in Turkey,LOC,volcano,20,,,False
Q1106976,Coghinas,coghinas,river in Italy,LOC,river,20,,,False
Q1105244,Cockatoo Island,cockatoo island,"island in Sydney, New South Wales, Australia",LOC,island,20,,,False
Q1118139,Ülbi River,ülbi river,river in Kazakhstan,LOC,river,20,,,False
Q1095657,Clarion Island,clarion island,island in Mexico,LOC,island,20,,,False
Q2207501,Trombetas River,trombetas river,"river in Pará, Brazil",LOC,river,20,,,False
Q1086646,Rječina,rječina,river in Croatia,LOC,river,20,,,False
Q812681,Kūh-e Zendeh,kūh-e zendeh,volcano mountain in Iran,LOC,mountain,20,,,False
Q812578,Bayonnaise Rocks,bayonnaise rocks,islands of Japan,LOC,island,20,,,False
Q809647,Barva Volcano,barva volcano,mountain,LOC,mountain,20,,,False
Q2711604,Guaita,guaita,mountain peak near in the city of San Marino,LOC,mountain,20,,,False
Q2742774,Jequitinhonha River,jequitinhonha river,river in Brazil,LOC,river,20,,,False
Q2094380,Stora Karlsö,stora karlsö,"nature reserve in Gotland, Sweden",LOC,island,20,,,False
Q2474056,San Pablo del Monte,san pablo del monte,"city of Tlaxcala State, Mexico",GPE,city,20,,Mexico,False
Q1151248,Lake Shinji,lake shinji,"lake in Shimane Prefecture, Chūgoku region, Japan",LOC,lake,20,,,False
Q1150566,Ovalau,ovalau,island of Fiji,LOC,island,20,,,False
Q1146507,Vad,vad,"river in Penza, Moscow, and Ryazan Oblasts, Russia",LOC,river,20,,,False
Q1141849,Helgafell,helgafell,volcanic cone on Heimaey Island,LOC,volcano,20,,,False
Q1140086,Ushkovsky,ushkovsky,mountain,LOC,mountain,20,,,False
Q2126786,White River,white river,"river in Nebraska and South Dakota, United States",LOC,river,20,,,False
Q2144266,Bunaken Island,bunaken island,"island in Manado City, North Sulawesi Province, Indonesia",LOC,island,20,,,False
Q2142065,Divoká Orlice,divoká orlice,river in Poland and the Czech Republic,LOC,river,20,,,False
Q2728339,Peristera,peristera,Greek island in the Sporades,LOC,island,20,,,False
Q2723483,Lake Pichola,lake pichola,"lake in Udaipur city, Rajasthan, India",LOC,lake,20,,,False
Q2722327,Étang Saumâtre,étang saumâtre,lake of the Dominican Republic and Haiti,LOC,lake,20,,,False
Q2720684,Neya,neya,"river in Kostroma Oblast, Russia, tributary of Unzha",LOC,river,20,,,False
Q805547,Balta,balta,"island of the Shetland Islands, Scotland, UK, east of Unst",LOC,island,20,,,False
Q276906,Bolshoi Zelenchuk,bolshoi zelenchuk,river in Russia,LOC,river,20,,,False
Q118784,Dives,dives,river,LOC,river,20,,,False
Q1186856,Torysa,torysa,river in Slovakia,LOC,river,20,,,False
Q2501764,M'diq,mdiq,Moroccan town located in the Western Rif in the region of El Haouz,GPE,city,20,,Morocco,False
Q1151777,Sturge Island,sturge island,island in Antarctica,LOC,island,20,,,False
Q2084780,Supiori Island,supiori island,"island in Supiori Regency, Papua Province, Indonesia",LOC,island,20,,,False
Q2084749,Ortac,ortac,island in Channel Islands,LOC,island,20,,,False
Q2094628,Roya,roya,river in France and Italy,LOC,river,20,,,False
Q281428,Folgefonna,folgefonna,"glacier in Vestland, Norway",LOC,glacier,20,,,False
Q791631,Lake Awasa,lake awasa,one of the Rift Valley Lakes of Ethiopia,LOC,lake,20,,,False
Q286477,Ognon,ognon,"river in France, tributary of the Saône",LOC,river,20,,,False
Q2840250,Alsta,alsta,"island in Nordland, Norway",LOC,island,20,,,False
Q2915166,Shadwan,shadwan,island in Egypt,LOC,island,20,,,False
Q2906739,Tabun cave,tabun cave,cave; part of Nahal Me’arot / Wadi el-Mughara archaeological site in the Carmel mountain range in northern Israel,LOC,cave,20,,,False
Q289638,Selizharovka,selizharovka,"river in Tver Oblast, Russia",LOC,river,20,,,False
Q289273,Luni River,luni river,river in India,LOC,river,20,,,False
Q2881031,Balkh River,balkh river,tributary of the Amu Darya in Afghanistan,LOC,river,20,,,False
Q3155409,Isluga,isluga,"stratovolcano located in Colchane, near Chile/Bolivia border",LOC,volcano,20,,,False
Q2562082,Matarieh,matarieh,city in Egypt,GPE,city,20,,Egypt,False
Q2548730,Taounate,taounate,City in Morocco,GPE,city,20,,Morocco,False
Q848877,Bradano,bradano,river in Italy,LOC,river,20,,,False
Q2060501,Signy Island,signy island,subantarctic island,LOC,island,20,,,False
Q1184865,Teshio River,teshio river,river in Japan,LOC,river,20,,,False
Q2062415,St. Anastasia Island,st. anastasia island,Bulgarian islet in the Black Sea,LOC,island,20,,,False
Q2985177,Zhob River,zhob river,river in Pakistan,LOC,river,20,,,False
Q293570,Õhne River,õhne river,river in Estonia and Latvia,LOC,river,20,,,False
Q292450,île de la Possession,île de la possession,island in the Crozet archipelago,LOC,island,20,,,False
Q2993908,Vovcha,vovcha,"river in Ukraine, tributary of Samara",LOC,river,20,,,False
Q3033332,Sayur Brook,sayur brook,"river in Gaziantep, south-central Turkey",LOC,river,20,,,False
Q303185,Njesuthi,njesuthi,mountain,LOC,mountain,20,,,False
Q3031658,Saint Pierre Island,saint pierre island,island in Saint-Pierre and Miquelon,LOC,island,20,,,False
Q1051967,Caye Caulker,caye caulker,island,LOC,island,20,,,False
Q3043915,Plačkovica,plačkovica,mountain in North Macedonia,LOC,mountain,20,,,False
Q1194777,Gave d'Oloron,gave doloron,river in France,LOC,river,20,,,False
Q851764,Bucura Lake,bucura lake,"Glaciar Lake in the Retezat Mountains, Romania",LOC,lake,20,,,False
Q1192623,Fiagdon,fiagdon,"river in North Ossetia, Russia",LOC,river,20,,,False
Q124385,Miranshah,miranshah,"small town in North Waziristan, Pakistan",GPE,city,20,,Pakistan,False
Q2042674,Owens Valley,owens valley,"valley in California, United States",LOC,valley,20,,,False
Q2035609,Medellín River,medellín river,watercourse in Colombia,LOC,river,20,,,False
Q2035343,Tromyogan,tromyogan,"river in Khanty-Mansi AO, Russia",LOC,river,20,,,False
Q203369,Zilupe,zilupe,"river in Latvia, Belarus and Russia",LOC,river,20,,,False
Q119078,Jirishanca,jirishanca,mountain,LOC,mountain,20,,,False
Q30429,Schwarzhorn,schwarzhorn,mountain in the Pennine Alps,LOC,mountain,20,,,False
Q788723,Tarso Toussidé,tarso toussidé,mountain in Chad,LOC,volcano,20,,,False
Q783117,Lamu Island,lamu island,island of Kenya,LOC,island,20,,,False
Q305501,Lake Abant,lake abant,lake in Turkey,LOC,lake,20,,,False
Q30541,Dent du Géant,dent du géant,mountain in the Mont Blanc Massif in the Alps,LOC,mountain,20,,,False
Q3180576,Tablas,tablas,island in the Philippines,LOC,island,20,,,False
Q3179104,Kalambo River,kalambo river,river in Zambia,LOC,river,20,,,False
Q3134340,Tarout Island,tarout island,island in Saudi Arabia,LOC,island,20,,,False
Q780770,Attabad Lake,attabad lake,"lake in Gilgit-Baltistan, Pakistan",LOC,lake,20,,,False
Q779982,Shuya,shuya,"river in Karelia, Russia, flows into Logmozero",LOC,river,20,,,False
Q779607,Kiso River,kiso river,river flows thorough Chubu region of Japan,LOC,river,20,,,False
Q1036938,Mount Yoshino,mount yoshino,"mountain in Nara Prefecture, Japan",LOC,mountain,20,,,False
Q1034494,Cape Reinga / Te Rerenga Wairua,cape reinga / te rerenga wairua,cape at northwesternmost tip of the North Island of New Zealand,LOC,cape,20,,,False
Q3181503,Paradise Island,paradise island,a resort island in the Bahamas near Nassau,LOC,island,20,,,False
Q321534,Lake Abitibi,lake abitibi,"lake on Ontario/Quebec border, Canada",LOC,lake,20,,,False
Q1957603,Målselva,målselva,"river in Målselv, Norway",LOC,river,20,,,False
Q1953975,Musa Dagh,musa dagh,"mountain in Hatay Province, Turkey",LOC,mountain,20,,,False
Q1970352,Nusa Lembongan,nusa lembongan,"island in Klungkung Regency, Bali Province, Indonesia",LOC,island,20,,,False
Q19915309,Kura Island,kura island,"island in Aran Region, Azerbaijan",LOC,island,20,,,False
Q19755572,Vulture Peak,vulture peak,mountain top in India,LOC,mountain,20,,,False
Q1975064,Svislax,svislax,river in Belarus,LOC,river,20,,,False
Q1198382,Saadiyat Island,saadiyat island,"island in Abu Dhabi Emirate, United Arab Emirates",LOC,island,20,,,False
Q1195730,Khao Phing Kan,khao phing kan,"island in Thailand, in Phang Nga Bay",LOC,island,20,,,False
Q1030262,Dasht River,dasht river,river in southwestern Pakistani province of Balochistan,LOC,river,20,,,False
Q1021781,Ereikoussa,ereikoussa,Greek island,LOC,island,20,,,False
Q3284547,Stadsholmen,stadsholmen,"island constituting the majority of Gamla stan in Stockholm, Sweden",LOC,island,20,,,False
Q32825652,Conventico Caves,conventico caves,cave in Spain,LOC,cave,20,,,False
Q3276672,Mount Amagi,mount amagi,"mountain in Shizuoka Prefecture, Japan",LOC,mountain,20,,,False
Q1010532,Gimone,gimone,river in France,LOC,river,20,,,False
Q1024914,Cap de la Nau,cap de la nau,"headland on the Gulf of Valencia, in Spain",LOC,cape,20,,,False
Q1361155,Samut Songkhram,samut songkhram,"town in Samut Songkhram province, Thailand",GPE,city,20,,Thailand,False
Q1914529,Mayreau,mayreau,island in Saint Vincent and the Grenadines,LOC,island,20,,,False
Q859686,Bighorn River,bighorn river,"river in Wyoming and Montana, United States",LOC,river,20,,,False
Q1308292,Valle de la Pascua,valle de la pascua,town in Venezuela,GPE,city,20,115902.0,Venezuela,False
Q1945447,Mont Ross,mont ross,"mountain in French Southern and Antarctic Lands, France",LOC,volcano,20,,,False
Q1201500,Isla de Santa Catalina,isla de santa catalina,island,LOC,island,20,,,False
Q1200515,Descabezado Grande,descabezado grande,"mountain in Curicó Province, Chile",LOC,volcano,20,,,False
Q1200270,Vangunu,vangunu,island in the Solomon Islands,LOC,island,20,,,False
Q313628,Cerro Escorial,cerro escorial,stratovolcano at the border of Argentina and Chile,LOC,mountain,20,,,False
Q354013,Adelaide River,adelaide river,"river, in the Northern Territory, Australia",LOC,river,20,,,False
Q3515829,Berdan Brook,berdan brook,"river in Mersin, south-central Turkey",LOC,river,20,,,False
Q3495742,Nat Ma Taung,nat ma taung,mountain in Myanmar,LOC,mountain,20,,,False
Q1244790,Odet,odet,river in France,LOC,river,20,,,False
Q866727,Bistricë,bistricë,river in Albania,LOC,river,20,,,False
Q864756,Skyang Kangri,skyang kangri,mountain,LOC,mountain,20,,,False
Q864390,Lake Biograd,lake biograd,lake,LOC,lake,20,,,False
Q1891390,San Félix Island,san félix island,island of Chile,LOC,volcano,20,,,False
Q1888667,Manam,manam,island in Papua New Guinea,LOC,mountain,20,,,False
Q1914144,Yugorsky Peninsula,yugorsky peninsula,"peninsula in Nenets Autonomous Okrug, Russia",LOC,peninsula,20,,,False
Q1204188,Minamidaitō Island,minamidaitō island,"island of Okinawa, Japan",LOC,island,20,,,False
Q3210770,Mont Bengoué,mont bengoué,mountain in Gabon,LOC,mountain,20,,,False
Q319052,Abens,abens,river in Germany,LOC,river,20,,,False
Q773842,Rona,rona,Scottish island in the North Atlantic,LOC,island,20,,,False
Q771198,Aukena,aukena,island,LOC,island,20,,,False
Q1031793,Chilean Central Valley,chilean central valley,depression between the Chilean Costal Range and the Andes Mountains,LOC,valley,20,,,False
Q382139,Afdera,afdera,stratovolcano in Ethiopia,LOC,mountain,20,,,False
Q1242186,Bacchiglione,bacchiglione,river in Italy,LOC,river,20,,,False
Q2656174,Oum Hadjer,oum hadjer,"place in Batha, Chad",GPE,city,20,,Chad,False
Q2656015,Ubundu,ubundu,"place in Tshopo, Democratic Republic of the Congo",GPE,city,20,,Democratic Republic of the Congo,False
Q14204826,Krong Kep,krong kep,town in Cambodia,GPE,city,20,,Cambodia,False
Q1880545,Lėvuo,lėvuo,river in Lithuania,LOC,river,20,,,False
Q187994,Morkoka River,morkoka river,river in Russia,LOC,river,20,,,False
Q1246029,Mornos,mornos,river in central Greece,LOC,river,20,,,False
Q1019526,Bílina,bílina,river in Czechia,LOC,river,20,,,False
Q768409,Dombai-Ulgen,dombai-ulgen,Mountain in Georgia and Russia,LOC,mountain,20,,,False
Q1022535,Rumphi,rumphi,"city in Rumphi District, Malawi",GPE,city,20,,Malawi,False
Q1007510,Areni-1 cave complex,areni-1 cave complex,Neolithic site in Armenia,LOC,cave,20,,,False
Q34682706,Just Room Enough Island,just room enough island,"island in Jefferson County, New York, United States of America",LOC,island,20,,,False
Q344570,Actun Tunichil Muknal,actun tunichil muknal,Cave in Belize,LOC,cave,20,,,False
Q341905,Ďumbier,ďumbier,mountain in Slovakia,LOC,mountain,20,,,False
Q35644,Mount Pindo,mount pindo,"mountain in Galicia, Spain",LOC,mountain,20,,,False
Q390987,Nerl,nerl,"Volga tributary in Yaroslavl Oblast, Russia",LOC,river,20,,,False
Q390458,Agano River,agano river,river in Japan,LOC,river,20,,,False
Q1858048,Umboi Island,umboi island,volcanic island in Papua New Guinea,LOC,mountain,20,,,False
Q185720,Musi River,musi river,tributary of Krishna River,LOC,river,20,,,False
Q1867298,Loch Shiel,loch shiel,"freshwater loch in Ardnamurchan, West Highlands of Scotland, UK, outflows to the River Shiel",LOC,lake,20,,,False
Q1867269,Loch Katrine,loch katrine,"freshwater lake and reservoir in Stirling, Scotland, UK, outflows to Achray Water and to Glengyle Water",LOC,lake,20,,,False
Q1866965,Côn Sơn Island,côn sơn island,island of Con Dao district,LOC,island,20,,,False
Q1862758,Dinagat Island,dinagat island,island in the Philippines,LOC,island,20,,,False
Q186186,Ebnefluh,ebnefluh,mountain,LOC,mountain,20,,,False
Q1859627,Rhondda,rhondda,former coalmining area in South Wales,LOC,valley,20,,,False
Q1243685,Flumendosa,flumendosa,river in Italy,LOC,river,20,,,False
Q3478959,Rigvedic rivers,rigvedic rivers,rivers in the North of the Indian subcontinent and mentioned in the Hindu text Rig Veda,LOC,river,20,,,False
Q7636960,Sumantri,sumantri,sharp mountain in the western Sudirman Range (New Guinea),LOC,mountain,20,,,False
Q3647379,Prometheus Cave Natural Monument,prometheus cave natural monument,cave in Georgia,LOC,cave,20,,,False
Q3643226,Chott Ech Chergui,chott ech chergui,large endorheic salt lake in Saïda Province,LOC,lake,20,,,False
Q369581,Allia,allia,river in Italy,LOC,river,20,,,False
Q452088,Amadjuak Lake,amadjuak lake,"large lake in Nunavut, Canada",LOC,lake,20,,,False
Q445369,Pragser Wildsee,pragser wildsee,lake in the Dolomites,LOC,lake,20,,,False
Q1814185,Tenararo,tenararo,island in French Polynesia,LOC,island,20,,,False
Q882717,Blue Lake,blue lake,karst lake located near Imotski in southern Croatia,LOC,lake,20,,,False
Q2712890,Las Tablas,las tablas,"city in Los Santos, Panama",GPE,city,20,,Panama,False
Q183027,Mount Garibaldi,mount garibaldi,"mountain in British Columbia, Canada",LOC,volcano,20,,,False
Q182969,Tavignano,tavignano,river in France,LOC,river,20,,,False
Q1851127,Loch Ericht,loch ericht,"lake in Perth and Kinross, and Highland, Scotland, UK, outflows to River Ericht",LOC,lake,20,,,False
Q1848929,Slovechna,slovechna,river in Belarus and Ukraine,LOC,river,20,,,False
Q1848853,Turiya,turiya,tributary of the Pripyat River in Ukraine,LOC,river,20,,,False
Q489776,Porto Inglês,porto inglês,human settlement,GPE,city,20,,Cape Verde,False
Q489660,Andahuaylas,andahuaylas,"capital city of Andahuaylas, Apurímac, Peru",GPE,city,20,,Peru,False
Q387016,Creux du Van,creux du van,mountain,LOC,mountain,20,,,False
Q3850429,Spotted Lake,spotted lake,"saline endorheic alkali lake in BC, Canada",LOC,lake,20,,,False
Q383556,San Clemente Island,san clemente island,"island in Los Angeles County, California, United States, southernmost of the Channel Islands of California",LOC,island,20,,,False
Q383268,Arros,arros,river in France,LOC,river,20,,,False
Q1786479,Sluch River,sluch river,river in Belarus,LOC,river,20,,,False
Q1785031,Tyukyan,tyukyan,"river in Yakutia, Russia",LOC,river,20,,,False
Q893903,Bormida,bormida,river in Italy,LOC,river,20,,,False
Q180550,Vefsna,vefsna,"river in Grane, Hattfjelldal and Vefsn, Norway",LOC,river,20,,,False
Q1803926,Malubiting,malubiting,mountain in the Rakaposhi-Haramosh Mountains in Pakistan,LOC,mountain,20,,,False
Q1812034,Prvić,prvić,"Island in in Kvarner Gulf, Croatia",LOC,island,20,,,False
Q1811491,Matureivavao,matureivavao,island in French Polynesia,LOC,island,20,,,False
Q389978,Ronde Island,ronde island,island,LOC,island,20,,,False
Q40411,Moyenne Island,moyenne island,island in Seychelles,LOC,island,20,,,False
Q395923,Agrafiotis,agrafiotis,"river in Agrafa municipality, Greece",LOC,river,20,,,False
Q3952486,Coreca Reefs,coreca reefs,,LOC,island,20,,,False
Q415599,Akamaru Island,akamaru island,island in French Polynesia,LOC,island,20,,,False
Q4138223,Gizeldon,gizeldon,"river in North Ossetia, Russia",LOC,river,20,,,False
Q412019,Ayalon River,ayalon river,river in central Israel,LOC,river,20,,,False
Q1018868,Zhitikara,zhitikara,"town in Kostanay Province, Kazakhstan",GPE,city,20,,Kazakhstan,False
Q4526612,Sri Lanka,sri lanka,main island in the nation of Sri Lanka,LOC,island,20,,,False
Q1892048,Mapimí,mapimí,"municipal seat of Mapimí, State of Durango, Mexico",GPE,city,20,,Mexico,False
Q1017554,Monte Grande,monte grande,city in Argentina,GPE,city,20,109644.0,Argentina,False
Q477915,Catalina Island,catalina island,island in Dominican Republic,LOC,island,20,,,False
Q477164,Vanatinai,vanatinai,island,LOC,island,20,,,False
Q476699,Fjallavatn,fjallavatn,lake on Faroe Islands,LOC,lake,20,,,False
Q975904,Abnub,abnub,"town in Asyut governorate, Egypt",GPE,city,20,,Egypt,False
Q478785,Amsterdamøya,amsterdamøya,island,LOC,island,20,,,False
Q1767616,Punta Marguareis,punta marguareis,mountain in Italy,LOC,mountain,20,,,False
Q907250,Dobra,dobra,tributary of Kupa in Croatia,LOC,river,20,,,False
Q904992,Breede River,breede river,"river in the Western Cape, South Africa",LOC,river,20,,,False
Q1263131,Dubna,dubna,river in Latvia,LOC,river,20,,,False
Q1262267,Dzoraget River,dzoraget river,river in Armenia,LOC,river,20,,,False
Q1784856,Siva,siva,"river in Perm Krai and Udmurtia, Russia",LOC,river,20,,,False
Q1784076,Vesijärvi,vesijärvi,"lake in Päijänne Tavastia region, Finland",LOC,lake,20,,,False
Q1783875,Kootenay Lake,kootenay lake,"lake in British Columbia, Canada",LOC,lake,20,,,False
Q1781851,Alsek River,alsek river,"river in Yukon Territory, British Columbia, and Alaska",LOC,river,20,,,False
Q2144010,Thyolo,thyolo,"place in Southern Region, Malawi",GPE,city,20,,Malawi,False
Q54119,San Pedro,san pedro,city in the province of Buenos Aires in Argentina,GPE,city,20,,Argentina,False
Q945288,Wiślica,wiślica,city of Poland,GPE,city,20,,Poland,False
Q489139,Geum River,geum river,river in South Korea,LOC,river,20,,,False
Q952118,Talkha,talkha,city,GPE,city,20,,Egypt,False
Q492989,Vohilaid,vohilaid,island in Estonia,LOC,island,20,,,False
Q492822,Hantan River,hantan river,river in South Korea,LOC,river,20,,,False
Q494423,Bukhan River,bukhan river,river in South Korea,LOC,river,20,,,False
Q1273031,D'Urville Island,durville island,island in Antarctica,LOC,island,20,,,False
Q1268187,Sutjeska,sutjeska,river in Bosnia and Herzegovina,LOC,river,20,,,False
Q173788,Coulman Island,coulman island,"island in Victoria Land, Antarctica",LOC,island,20,,,False
Q1734866,Kashinka,kashinka,"river in Tver Oblast, Russia",LOC,river,20,,,False
Q175404,Alpsee,alpsee,"lake in Ostallgäu, Bavaria, Germany",LOC,lake,20,,,False
Q1760896,Lake Solina,lake solina,lake in Poland,LOC,lake,20,,,False
Q749776,Böön Tsagaan Lake,böön tsagaan lake,lake,LOC,lake,20,,,False
Q52591,Colón,colón,"city in the province of Entre Ríos, Argentina",GPE,city,20,,Argentina,False
Q167951,Mount Zaō,mount zaō,"mountain in Miyagi Prefecture, Japan",LOC,mountain,20,,,False
Q1677690,Mountain Sumbing,mountain sumbing,"Volcano in Central Java, Indonesia",LOC,mountain,20,,,False
Q913801,Lukenie River,lukenie river,river in the Democratic Republic of the Congo,LOC,river,20,,,False
Q1686539,Egorlyk,egorlyk,"river in Stavropol Krai, Russia",LOC,river,20,,,False
Q1297992,Egilsay,egilsay,"island of the Orkney Islands, Scotland, UK",LOC,island,20,,,False
Q1295629,Suda,suda,"river in Vologda Oblast, Russia",LOC,river,20,,,False
Q12824780,Asia Minor,asia minor,Asian part of Turkey,LOC,peninsula,20,,,False
Q1724581,Lake Timsah,lake timsah,lake in Egypt,LOC,lake,20,,,False
Q496570,Potaro River,potaro river,river in Guyana,LOC,river,20,,,False
Q507593,Cilindro de Marboré,cilindro de marboré,mountain,LOC,mountain,20,,,False
Q892020,Juma,juma,city,GPE,city,20,,Uzbekistan,False
Q888769,Chengalpattu,chengalpattu,city,GPE,city,20,,India,False
Q509433,Monte Vulture,monte vulture,mountain,LOC,mountain,20,,,False
Q5117990,Hengqin,hengqin,"island and district in Zhuhai, China",LOC,island,20,,,False
Q4845939,Chilik River,chilik river,river in Kazakhstan,LOC,river,20,,,False
Q959866,Kayyngdy,kayyngdy,human settlement,GPE,city,20,,Kyrgyzstan,False
Q547012,Cape Crozier,cape crozier,Antarctic peninsula,LOC,peninsula,20,,,False
Q546507,Vilkitsky Island,vilkitsky island,"island in Kara Sea, Russia",LOC,island,20,,,False
Q555450,Akerselva,akerselva,"river in Oslo, Norway",LOC,river,20,,,False
Q571157,Yasachnaya,yasachnaya,"river in Magadan Oblast and Yakutia, Russia",LOC,river,20,,,False
Q16522,Basòdino,basòdino,mountain in the Lepontine Alps,LOC,mountain,20,,,False
Q16510,Henares river,henares river,river in Spain,LOC,river,20,,,False
Q1659771,Imbabura Volcano,imbabura volcano,volcano in Ecuador,LOC,mountain,20,,,False
Q517799,Geographical Society Island,geographical society island,island,LOC,island,20,,,False
Q738357,Copiapó River,copiapó river,river in Chile,LOC,river,20,,,False
Q738230,Spaarne,spaarne,river in Haarlem,LOC,river,20,,,False
Q52598,Loukkos River,loukkos river,river in Morocco,LOC,river,20,,,False
Q525281,Mount Saint Catherine,mount saint catherine,mountain,LOC,mountain,20,,,False
Q868423,Comalcalco,comalcalco,"city of Tabasco State, Mexico",GPE,city,20,,Mexico,False
Q527959,Cedros Island,cedros island,"island in Baja California, Mexico",LOC,island,20,,,False
Q527798,Großer Plöner See,großer plöner see,lake,LOC,lake,20,,,False
Q862114,Porto Novo,porto novo,city in Cape Verde,GPE,city,20,,Cape Verde,False
Q799794,Bafoulabé,bafoulabé,city,GPE,city,20,,Mali,False
Q1968268,Kegalle,kegalle,"town in Sabaragamuwa Province, Sri Lanka",GPE,city,20,,Sri Lanka,False
Q59647,Abitibi River,abitibi river,"tributary of the Moose River, in northeastern Ontario, Canada",LOC,river,20,,,False
Q931485,Taapaca,taapaca,volcano in Chile,LOC,volcano,20,,,False
Q1636357,Myjava,myjava,river in Slovakia,LOC,river,20,,,False
Q1639195,Mount Mikeno,mount mikeno,mountain,LOC,volcano,20,,,False
Q1637644,Yaya,yaya,"river in Kemerovo and Tomsk Oblasts, Russia",LOC,river,20,,,False
Q1648816,Chapaevka,chapaevka,"river in Samara and Orenburg Oblasts, Russia",LOC,river,20,,,False
Q1641987,Neda,neda,"river in Peloponnese, Greece",LOC,river,20,,,False
Q1641313,Pichu Pichu,pichu pichu,volcano in Peru,LOC,mountain,20,,,False
Q1640853,Icarian Sea,icarian sea,marginal sea of the Mediterranean Sea,LOC,sea,20,,,False
Q1658544,Port-Cros,port-cros,"island in Hyères, France",LOC,island,20,,,False
Q16543,Monte San Salvatore,monte san salvatore,"a mountain peak of the Lepontine Alps in the municipality of Lugano in the canton of Ticino, Switzerland",LOC,mountain,20,,,False
Q536757,Miura Peninsula,miura peninsula,peninsula in Japan,LOC,peninsula,20,,,False
Q535679,Ontong Java Atoll,ontong java atoll,island atoll in the Solomon Islands,LOC,island,20,,,False
Q544119,Sacca Fisola,sacca fisola,island of the venitian laguna,LOC,island,20,,,False
Q608238,Rocciamelone,rocciamelone,mountain of the Graian Alps,LOC,mountain,20,,,False
Q6126710,Jaldhaka River,jaldhaka river,"river in India, Bhutan and Bangladesh",LOC,river,20,,,False
Q770309,Cúa,cúa,"city in Miranda, Venezuela; seat of Urdaneta Municipality",GPE,city,20,214823.0,Venezuela,False
Q614840,River Annan,river annan,"river in Dumfries and Galloway, Scotland, UK, flows into the Solway Firth",LOC,river,20,,,False
Q629864,Gooimeer,gooimeer,lake in the Netherlands,LOC,lake,20,,,False
Q1319819,Mount Hibok-Hibok,mount hibok-hibok,stratovolcano on Camiguin Island in the Philippines,LOC,mountain,20,,,False
Q1319780,Monito Island,monito island,island in Puerto Rico,LOC,island,20,,,False
Q1318014,Puula,puula,lake of Finland,LOC,lake,20,,,False
Q1586079,The Quill,quill,"stratovolcano on Sint Eustatius, the Caribbean Netherlands",LOC,mountain,20,,,False
Q933176,San Juan River,san juan river,river in the Argentine province of San Juan,LOC,river,20,,,False
Q1600805,Vaila,vaila,"island in Shetland Islands, Scotland, UK",LOC,island,20,,,False
Q1631044,Kokaral,kokaral,former island in the Aral sea,LOC,peninsula,20,,,False
Q5829387,chahvarz,chahvarz,جاهورز,GPE,city,20,,Iran,False
Q804607,Balaka Township,balaka township,city in Malawi,GPE,city,20,,Malawi,False
Q576707,Rospuda,rospuda,river in Poland,LOC,river,20,,,False
Q580229,Eisenhut,eisenhut,mountain in the Gurktal Alps in Styria,LOC,mountain,20,,,False
Q15286,Wildstrubel,wildstrubel,mountain of the Bernese Alps,LOC,mountain,20,,,False
Q1535066,South Nahanni River,south nahanni river,"river in the Northwest Territories, Canada",LOC,river,20,,,False
Q1536424,Vanikoro,vanikoro,island,LOC,island,20,,,False
Q1541439,Jablaničko Lake,jablaničko lake,lake and reservoir in Bosnia and Herzegovina,LOC,lake,20,,,False
Q15478,Capcir,capcir,historical comarca,LOC,valley,20,,,False
Q1560829,Ulugh Muztagh,ulugh muztagh,mountain,LOC,mountain,20,,,False
Q1554866,Gunt River,gunt river,river in Tajikistan,LOC,river,20,,,False
Q1323230,Setun,setun,"river in Moscow, Russia",LOC,river,20,,,False
Q1575468,Volcán San Pedro,volcán san pedro,volcano in Guatemala,LOC,volcano,20,,,False
Q1573762,Mount Paget,mount paget,mountain in South Georgia,LOC,mountain,20,,,False
Q1572822,Kitoy River,kitoy river,river in Russia,LOC,river,20,,,False
Q1582225,Traill Island,traill island,large island in eastern Greenland,LOC,island,20,,,False
Q603462,Lake Razna,lake razna,"lake in Rēzekne Municipality, Latvia",LOC,lake,20,,,False
Q60065,Susitna River,susitna river,"river in Alaska, United States of America",LOC,river,20,,,False
Q1006764,Lutomiersk,lutomiersk,city of Poland,GPE,city,20,,Poland,False
Q608494,Pik Talgar,pik talgar,mountain,LOC,mountain,20,,,False
Q624934,Kaidu River,kaidu river,river in the People's Republic of China,LOC,river,20,,,False
Q729029,Odon,odon,river in France,LOC,river,20,,,False
Q631356,Baradla cave,baradla cave,Hungarian cave,LOC,cave,20,,,False
Q639680,Ardnamurchan,ardnamurchan,"peninsula in Lochaber, Scotland",LOC,peninsula,20,,,False
Q720557,Asaita,asaita,human settlement,GPE,city,20,,Ethiopia,False
Q2006496,Wankaner,wankaner,"city in Gujarat state, India",GPE,city,20,,India,False
Q644952,Tschingelhorn,tschingelhorn,mountain,LOC,mountain,20,,,False
Q644159,Val Badia,val badia,valley in the Dolomites in South Tyrol,LOC,valley,20,,,False
Q644064,Vilyuchik,vilyuchik,mountain (non-active volcano) on Kamchatka,LOC,mountain,20,,,False
Q64851,Lågøya,lågøya,island in Svalbard,LOC,island,20,,,False
Q1514693,Malagarasi River,malagarasi river,river,LOC,river,20,,,False
Q944594,Mohotani,mohotani,island,LOC,island,20,,,False
Q1524376,Gilyuy,gilyuy,"river in Amur Oblast, Russia",LOC,river,20,,,False
Q1523423,Giewont,giewont,"mountain range in the Western Tatras, Poland",LOC,mountain,20,,,False
Q1532371,Kinabatangan River,kinabatangan river,river in Malaysia,LOC,river,20,,,False
Q1530753,Syun,syun,"river in Bashkiria and Tatarstan, Russia",LOC,river,20,,,False
Q650394,Hazorasp,hazorasp,city in Uzbekistan,GPE,city,20,,Uzbekistan,False
Q657615,Krzna,krzna,river in Poland,LOC,river,20,,,False
Q641130,Triolet,triolet,city in Mauritius,GPE,city,20,,Mauritius,False
Q669875,Grand Cornier,grand cornier,mountain,LOC,mountain,20,,,False
Q1474323,Mareb River,mareb river,river in East Africa,LOC,river,20,,,False
Q94781,Akusekijima,akusekijima,island,LOC,island,20,,,False
Q946978,Peștera cu Oase,peștera cu oase,geographical object,LOC,cave,20,,,False
Q946604,Sioule,sioule,river in France,LOC,river,20,,,False
Q2988951,Idku,idku,"town in Beheira, Egypt",GPE,city,20,105875.0,Egypt,False
Q1333176,Elobey Chico,elobey chico,island,LOC,island,20,,,False
Q149393,Zwickau Mulde,zwickau mulde,river in Germany,LOC,river,20,,,False
Q1508434,Kapuiviit,kapuiviit,"island in Nunavut, Canada",LOC,island,20,,,False
Q1509288,Umba,umba,"river in Murmansk Oblast, Russia",LOC,river,20,,,False
Q1513580,Kiya,kiya,"river in Kemerovo and Tomsk Oblasts, Russia",LOC,river,20,,,False
Q626809,Mount Arayat,mount arayat,extinct stratovolcano in the Philippines,LOC,mountain,20,,,False
Q625409,Arakamchechen Island,arakamchechen island,island,LOC,island,20,,,False
Q673909,Dreiländerspitze,dreiländerspitze,mountain in the Silvretta at the border Vorarlberg / Tyrol / Grisons,LOC,mountain,20,,,False
Q673207,Muya,muya,"river in Buryatia, Russia",LOC,river,20,,,False
Q679050,Armançon,armançon,river in France,LOC,river,20,,,False
Q1466491,Palmarola,palmarola,island,LOC,island,20,,,False
Q1470057,Spaatz Island,spaatz island,island,LOC,island,20,,,False
Q1472222,Nootamaa,nootamaa,island in Estonia,LOC,island,20,,,False
Q14758,Carrión River,carrión river,river in Spain,LOC,river,20,,,False
Q1474782,Uda,uda,"river in Khabarovsk Krai, Russia",LOC,river,20,,,False
Q645652,Schwentine,schwentine,"river in Schleswig-Holstein, Germany",LOC,river,20,,,False
Q7261801,Pushkar Lake,pushkar lake,lake in India,LOC,lake,20,,,False
Q720720,Karkar Island,karkar island,mountain,LOC,mountain,20,,,False
Q718676,Cameron Island,cameron island,"island in Nunavut, Canada",LOC,island,20,,,False
Q651162,Lake Mweru Wantipa,lake mweru wantipa,lake,LOC,lake,20,,,False
Q6497558,Bohol,bohol,island in the Philippines,LOC,island,20,,,False
Q655712,Kosva,kosva,"river in Sverdlovsk Oblast and Perm Krai, Russia",LOC,river,20,,,False
Q6516399,Orkanger,orkanger,"settlement in Orkland Municipality, Norway",GPE,city,20,,Norway,False
Q68605,Vido,vido,"island off Corfu, Greece",LOC,island,20,,,False
Q685488,Momhil Sar,momhil sar,mountain,LOC,mountain,20,,,False
Q685166,Kuwohi,kuwohi,mountain in the Great Smoky Mountains,LOC,mountain,20,,,False
Q686513,Kráľova hoľa,kráľova hoľa,mountain in Slovakia,LOC,mountain,20,,,False
Q1435837,Nyuk,nyuk,"lake in Republic of Karelia, Russia",LOC,lake,20,,,False
Q14355,Ibaizabal,ibaizabal,river in Spain,LOC,river,20,,,False
Q964437,Neches River,neches river,"river in Texas, United States",LOC,river,20,,,False
Q1444214,Loch Oich,loch oich,"lake in Highland, Scotland, UK, on the Caledonian Canal and outflowing north-north-east to River Oich",LOC,lake,20,,,False
Q1441331,Franchthi Cave,franchthi cave,"cave in Peloponnese, Greece",LOC,cave,20,,,False
Q1335449,Emerald Isle,emerald isle,"island in the Northwest Territories, Canada",LOC,island,20,,,False
Q14548,Ulla,ulla,river in Spain,LOC,river,20,,,False
Q145371,Zamami Island,zamami island,Island within Ryukyu Islands,LOC,island,20,,,False
Q668570,Crast' Agüzza,crast agüzza,mountain,LOC,mountain,20,,,False
Q668478,Kander,kander,river in Switzerland and a tributary of the Aar River,LOC,river,20,,,False
Q716748,Petit Saint Vincent,petit saint vincent,island,LOC,island,20,,,False
Q716287,Jingpo Lake,jingpo lake,lake in China,LOC,lake,20,,,False
Q1361608,Errigal,errigal,"mountain in County Donegal, Ireland",LOC,mountain,20,,,False
Q974630,Bytantay,bytantay,"river in Yakutia, Russia",LOC,river,20,,,False
Q1396754,Utroya,utroya,"river in Pskov Oblast, Russia",LOC,river,20,,,False
Q1393343,Motu Iti,motu iti,island of the northern Marquesas Islands in French Polynesia,LOC,island,20,,,False
Q1391737,Baker Lake,baker lake,"lake in Nunavut, Canada",LOC,lake,20,,,False
Q1390587,Tompo,tompo,river in Russia,LOC,river,20,,,False
Q1352646,Lake Pátzcuaro,lake pátzcuaro,lake in Mexico,LOC,lake,20,,,False
Q1350321,Kudma,kudma,"river in Nizhny Novgorod Oblast, Russia",LOC,river,20,,,False
Q1350254,Huon Peninsula,huon peninsula,"peninsula in Morobe Province, Papua New Guinea",LOC,peninsula,20,,,False
Q700566,Hase,hase,river in Germany,LOC,river,20,,,False
Q700097,Titisee,titisee,lake in the southern Black Forest,LOC,lake,20,,,False
Q700083,Elz,elz,tributary of the Rhine,LOC,river,20,,,False
Q700078,Fils,fils,river in Germany,LOC,river,20,,,False
Q699572,Arresø,arresø,"lake in Halsnæs Municipality, Capital Region of Denmark, Denmark",LOC,lake,20,,,False
Q698586,Bregenzerach,bregenzerach,"river in the Austrian state of Vorarlberg, tributary of Lake Constance",LOC,river,20,,,False
Q697937,Similaun,similaun,mountain in the Ötztal Alps at the border Tyrol / South Tyrol,LOC,mountain,20,,,False
Q2553780,Virginia Peninsula,virginia peninsula,"peninsula in southeast Virginia, United States",LOC,peninsula,20,,,False
Q1865092,Mulanje,mulanje,"place in Southern Region, Malawi",GPE,city,20,,Malawi,False
Q2583875,Khustup,khustup,mountain in Armenia,LOC,mountain,20,,,False
Q258243,Würm,würm,river in Germany,LOC,river,20,,,False
Q2487508,Tromsdalstinden,tromsdalstinden,"mountain in Tromsø, Norway",LOC,mountain,20,,,False
Q248276,Corcovado Volcano,corcovado volcano,"mountain in Palena Province, Chile",LOC,volcano,20,,,False
Q2396956,Coxen Hole,coxen hole,city in Honduras,GPE,city,20,,Honduras,False
Q828768,Mindel,mindel,river in Germany,LOC,river,20,,,False
Q1070423,Lake Varna,lake varna,lake,LOC,lake,20,,,False
Q1069509,Kazym,kazym,river in Russia,LOC,river,20,,,False
Q1068826,Manaung Island,manaung island,island in Myanmar,LOC,island,20,,,False
Q1066352,Q1066352,q1066352,river in Slovakia,LOC,river,20,,,False
Q999791,Buckle Island,buckle island,mountain in the Antarctic,LOC,volcano,20,,,False
Q996782,Favignana,favignana,"island of the Aegadian archipelago, Italy",LOC,island,20,,,False
Q1367154,Fejø,fejø,Danish island,LOC,island,20,,,False
Q1364781,Hachirōgata,hachirōgata,lake,LOC,lake,20,,,False
