work_id,title,medium,year,importance_score,n_matched,hirsch_yield,enriched_yield,imp_norm,hyield_norm,eyield_norm,hirsch_combined,enr_combined,hist_ground,rank
W00006,Lawrence of Arabia,film,1962.0,82.7496,29.0,32.79093856898907,35.583426787471716,97.00485085212289,82.02889521013051,83.79519219449996,89.20314313645639,104.13297141085324,0.31,1
W00005,Gone with the Wind,film,1939.0,82.7222,24.0,23.948681269929367,24.241245647217198,96.97273066165248,59.90935154779913,57.08555980779891,76.22055767152966,89.28308555886902,0.4,2
W00029,Apocalypse Now,film,1979.0,71.5888,24.0,23.673005861797915,24.587850752923817,83.92138290314944,59.2197296536881,57.901778032697564,70.49681984095561,87.13492846097205,0.5,3
W00007,Schindler's List,film,1993.0,74.6499,22.0,23.168631123631776,22.970180667677987,87.50981775894853,57.95799990915451,54.09233672986629,71.21723112929389,84.62552434052328,0.45999999999999996,4
W00023,E.T. the Extra-Terrestrial,film,1982.0,73.3073,26.0,31.475251235697,33.66068615380236,85.93592842589966,78.73760855894643,79.2673421394506,82.25806643453349,84.5976696962621,0.05,5
W00001,The Godfather,film,1972.0,83.6411,24.0,27.631140262583916,29.578989379365545,98.04992931213556,69.1212880158127,69.65537958912016,82.32458565892814,82.64202953051917,0.0,6
W00822,Zero Dark Thirty,film,2012.0,39.1793,27.0,31.970997912580028,31.337977059746983,45.92870724439245,79.97775458658306,73.79760882481634,60.60754801566418,78.59538113172287,0.7000000000000001,7
W00000,Citizen Kane,film,1941.0,82.7019,23.0,24.628390644198184,27.01790530021596,96.94893358623098,61.60969351629556,63.62429849284496,77.28514789388309,78.53857580229834,0.0,8
W00065,Raiders of the Lost Ark,film,1981.0,60.3525,27.0,33.73069922209228,36.85047878668108,70.74940858992365,84.37977418768165,86.77896512981364,77.26460457887416,78.35534736685125,0.0,9
W00844,Lincoln,film,2012.0,46.187,20.0,20.375655253591123,21.633834348764104,54.14362179765218,50.97116955399487,50.945383028621656,52.53345340747647,76.15423675710929,0.9,10
W00031,The Godfather Part II,film,1974.0,76.7858,23.0,23.15099930100856,26.123869708179843,90.01366866499579,57.91389263460119,61.518939593297745,72.20139848168546,74.41468568214874,0.0,11
W00002,Casablanca,film,1942.0,85.3046,18.0,16.886835521265027,17.742843850510564,100.0,42.24363564617736,41.78251351143049,64.99510415883442,72.71931907196615,0.25,12
W00075,Forrest Gump,film,1994.0,56.9085,23.0,23.584838250065744,25.358231935156926,66.71211165634678,58.99917202102109,59.715943925538944,62.737224607870324,72.58474158282621,0.3,13
W00015,Sunset Boulevard,film,1950.0,72.6963,22.0,18.63511390332191,24.173620788253345,85.21967162380457,46.61707997129665,56.92631044466571,63.0292967374263,69.6508541429979,0.0,14
W00072,Butch Cassidy and the Sundance Kid,film,1969.0,42.4748,16.0,19.317726295293912,18.246726434240788,49.791922123777624,48.32468404772167,42.9691034989356,49.052817500734,69.38232537240282,1.0,15
W00003,Raging Bull,film,1980.0,69.6872,19.0,22.739563184300724,24.91174093179396,81.6921947937157,56.88465554728562,58.66450501653854,68.16914523259241,69.2273946591086,0.0,16
W00052,The Deer Hunter,film,1978.0,58.5368,16.0,18.390269400845845,18.925176256009184,68.6209184498843,46.0045838088544,44.56678079822885,56.18609075089906,69.12639499868533,0.5,17
W00051,Taxi Driver,film,1976.0,62.6027,27.0,25.266346647473057,27.09164093261433,73.38724992556087,63.205586419184236,63.797938078636044,68.10641795922253,68.42481440612258,0.0,18
W00038,Dr. Strangelove,film,1964.0,67.4004,19.0,20.340606025093347,20.083466734082183,79.01144838613628,50.88349138383237,47.29443189846968,63.40645356097502,66.22349912667845,0.16666666666666666,19
W00014,2001: A Space Odyssey,film,1968.0,66.8842,20.0,17.837927777108295,23.718731475114886,78.40632275398984,44.622861444353084,55.855094407791995,59.14993217758172,66.17697907574743,0.0,20
W00036,The Best Years of Our Lives,film,1946.0,59.6214,18.0,18.13878362241534,20.72791757474037,69.89236219383247,45.375474016150164,48.8120452069179,56.3151761486511,65.70991180285728,0.25,21
W00091,Goodfellas,film,1990.0,51.6063,14.0,12.202885342566708,13.458483500667407,60.496503119409745,30.52639682516725,31.693299757796083,42.97371592913592,65.68105561909974,1.0,22
W00250,Lost in Translation,film,2003.0,53.6939,22.0,28.110395395314296,28.991355468394858,62.94373339773003,70.32017925763998,68.27156411783645,66.52980246230614,65.55354399633272,0.0,23
W00309,Seven Samurai,film,1954.0,61.7135,20.0,21.408763103100398,22.99391876179487,72.34486768591613,53.555563268431094,54.14823742123971,62.245241894456136,65.0922621569802,0.08,24
W00046,A Streetcar Named Desire,film,1951.0,60.6475,24.0,23.88652796421836,25.080234316680297,71.09522815885661,59.75387057581033,59.06128904901468,65.17833276451634,64.79950478434135,0.0,25
W00082,Titanic,film,1997.0,51.7409,24.0,23.55702243449584,27.679723105566413,60.6542906244212,58.92958875441932,65.182809159294,59.78572072567306,64.62439997861968,0.05555555555555555,26
W00829,The Martian,film,2015.0,43.5828,30.0,31.7584469768217,34.332211555357844,51.090796979295376,79.44604310783252,80.84871316430767,63.70998084468885,64.26994002109329,0.0,27
W00054,North by Northwest,film,1959.0,60.6502,19.0,23.563506766426848,24.652604594237864,71.09839328711465,58.94580977789986,58.05426645408122,64.73756534050823,64.24612881993134,0.0,28
W00049,The Lord of the Rings: The Fellowship of the Ring,film,2001.0,57.3985,26.0,20.873470769146426,25.336633528275957,67.28652382169308,52.21649093061693,59.665081970435644,59.2744984026704,63.36131279674521,0.0,29
W00035,The Bridge on the River Kwai,film,1957.0,59.8598,18.0,17.55255593611003,19.13786173177474,70.17183129631931,43.908983224859035,45.06763251285428,55.508321567560685,63.26540607271809,0.25,30
W00239,Green Book,film,2018.0,38.3037,21.0,29.856490205870372,30.312348220346053,44.902267873010366,74.68816122133748,71.3823617989711,57.91086100295074,63.12544638139237,0.22999999999999998,31
W00019,It's a Wonderful Life,film,1946.0,65.0938,18.0,20.659618766825247,21.95737756649609,76.30749103799796,51.68152474012581,51.70729295581911,62.798785704320906,62.81443937364483,0.0,32
W00009,The Wizard of Oz,film,1939.0,67.0226,18.0,20.996620521464287,21.1784918182858,78.56856488395702,52.52455890820111,49.87309971303066,64.24001256678132,62.597586780700325,0.0,33
W00108,Inception,film,2010.0,45.8265,24.0,25.582845414236782,30.31961148226803,53.721018561718836,63.99733088597878,71.39946600965733,58.63447621004325,61.932641141821286,0.0,34
W00012,Star Wars,film,1977.0,82.0366,18.0,14.398902405997298,16.803553008528098,96.16902253805775,36.019891718484054,39.57058330300642,58.85573700577789,61.68844557541482,0.0,35
W00160,Oppenheimer,film,2023.0,46.0954,23.0,20.854542025750337,25.221949860254774,54.03624189082418,52.169139315315334,59.39501410820298,53.09448400049185,61.373327430180055,0.16666666666666666,36
W00034,Annie Hall,film,1977.0,68.3097,15.0,18.871673096578768,19.890685273536015,80.07739324725749,47.208849835822924,46.840452026477976,61.48464550645079,61.244275624776364,0.0,37
W00033,Snow White and the Seven Dwarfs,film,1937.0,55.1647,18.0,23.49175082712502,24.38287134419633,64.66790770954908,58.76630712617458,57.419073287794184,61.64652565770819,60.93579680403719,0.0,38
W00004,Singin' in the Rain,film,1952.0,70.7093,17.0,18.95961301446832,18.77918034855322,82.89037167983908,47.428837875938726,44.222975936545595,62.70082933964582,60.544685251216265,0.0,39
W00128,A Beautiful Mind,film,2001.0,42.2044,21.0,22.238263022666473,25.877986242457784,49.47494039008447,55.63061707745035,60.93991013695309,52.46257202778445,60.399901406355454,0.2,40
W00073,The Silence of the Lambs,film,1991.0,54.7479,21.0,23.906789033981653,23.774177334827396,64.17930568808717,59.804555101505194,55.98566352073181,61.95332778309455,59.94264769967571,0.0,41
W00027,All About Eve,film,1950.0,81.1524,14.0,12.6771732762336,15.80069180542628,95.13250164703896,31.71286226068193,37.20895164340721,54.926532033677894,59.49605578104342,0.0,42
W00022,The Grapes of Wrath,film,1940.0,65.4585,14.0,20.313615484903277,19.149999075582166,76.73501780677714,50.81597260304913,45.0962146688998,62.44489220555733,58.82566477003273,0.0,43
W00085,Platoon,film,1986.0,45.0897,17.0,15.655499369508213,17.050152984338887,52.85729022819403,39.16335955257304,40.15130006453821,45.49801162887746,57.585383895223934,0.5,44
W00018,On the Waterfront,film,1954.0,74.565,16.0,14.761323841357521,15.8576720294481,87.41029205927934,36.92651504921067,37.34313402139209,56.81335639779504,57.13295241118468,0.0,45
W00256,Milk,film,2008.0,35.7691,14.0,12.350944380797797,14.563185765097947,41.93103302752724,30.89677717601992,34.294756304365904,35.99352419827546,56.881743629710144,1.0,46
W00067,Unforgiven,film,1992.0,50.0097,22.0,22.796451052271923,23.39329029637707,58.62485727616097,57.02696464742679,55.0887149839322,57.820391414691,56.829288693948435,0.0,47
W00041,Bonnie and Clyde,film,1967.0,53.7417,18.0,21.50514950860058,21.618148531218445,62.99976789059442,53.79668080582091,50.90844459366381,58.21665057396478,56.632324630656,0.0,48
W00360,Solaris,film,1972.0,43.7803,20.0,20.161801682650175,26.001613926810197,51.32232025002169,50.436199439488384,61.2310402080602,50.877330706586676,56.05817562853808,0.0,49
W00148,The Great Dictator,film,1940.0,57.0732,17.0,18.43372079365367,19.92808781580323,66.90518448008666,46.1132805983613,46.928531042491905,55.54473463268471,56.033579457120126,0.0,50
W00070,Saving Private Ryan,film,1998.0,57.8031,20.0,17.50145273619671,18.182849159491845,67.76082415250761,43.78114488861341,42.818679298747746,54.466929966657666,55.788661295611426,0.07142857142857142,51
W00055,Jaws,film,1975.0,60.1261,18.0,17.737043288082887,18.719485634240563,70.48400672413915,44.37049162696643,44.08240122212304,55.923251248371294,55.74140529405695,0.0,52
W00096,Blade Runner,film,1982.0,53.8485,20.0,19.894437409578668,20.818059179558652,63.12496629724541,49.76736844849454,49.02431911593692,56.04965170287691,55.62965478896056,0.0,53
W00284,The English Patient,film,1996.0,37.7747,20.0,25.327005098456663,25.71039058202459,44.282137188381405,63.357327904377605,60.545240150252766,52.96789486236842,55.01526741918337,0.125,54
W00403,1984,novel,1949.0,43.0167,20.0,24.410334733429984,25.31980865075988,50.42717508786162,61.06421094595919,59.62546117018139,55.49140164903027,54.833781286021406,0.0,55
W00032,One Flew Over the Cuckoo's Nest,film,1975.0,66.7097,18.0,16.63676464297854,16.310764797495846,78.20176168694303,41.61806532811801,38.41011938531624,57.04915447805612,54.806377389292315,0.0,56
W00071,The Shawshank Redemption,film,1994.0,50.8226,22.0,19.849073856279052,21.174325107285856,59.577795335773224,49.65388825175834,49.86328755100523,54.38997326611416,54.504538714519896,0.0,57
W00069,A Clockwork Orange,film,1971.0,47.031,19.0,20.342991964585067,22.751337647186684,55.133017445718046,50.88945998336276,53.57698465115783,52.96875951979534,54.34943265077615,0.0,58
W00232,Get Out,film,2017.0,49.5799,17.0,18.822694108284068,21.161197065061334,58.12101574827149,47.08632536797729,49.83237240536982,52.31352653225018,53.81735873625004,0.0,59
W00021,Some Like It Hot,film,1959.0,70.5188,14.0,13.601028974097915,14.69086492779409,82.66705429718914,34.0239538468515,34.59542717682732,53.03451743970836,53.478052104215955,0.0,60
W00061,American Graffiti,film,1973.0,45.948,18.0,18.810635369362764,22.399786451742546,53.863449333330216,47.05615956380976,52.74911891005334,50.34488123420661,53.30337225532235,0.0,61
W00205,Amadeus,film,1984.0,65.3254,15.0,13.37175851712047,15.691127300443652,76.57898870635347,33.45041728123555,36.95093886662914,50.61224285884344,53.19460057333592,0.0,62
W00020,Chinatown,film,1974.0,71.1099,12.0,12.367037136886896,14.370238395834104,83.35998293175281,30.93703436475814,33.840385734958595,50.782976051087125,53.1124653661462,0.0,63
W00037,The Treasure of the Sierra Madre,film,1948.0,61.1744,15.0,16.154718557099386,16.324963968345124,71.71289707706266,40.412192315918524,38.44355692514129,53.833775533673354,52.506179074932284,0.0,64
W00042,Midnight Cowboy,film,1969.0,51.7263,15.0,16.606373758911268,18.395248603956873,60.63717548643333,41.54204034215267,43.318857440028346,50.18956057081596,52.319407972936006,0.041666666666666664,65
W00040,King Kong,film,2005.0,49.7184,17.0,18.904058929835998,19.84302517273585,58.28337510521121,47.28986533091041,46.72821754916324,52.499647234589816,52.186954609517066,0.0,66
W00391,Ulysses,novel,,35.0,24.0,26.034125815177266,28.009939871058503,41.02944038187859,65.1262413208311,65.9604345829364,51.69229377352951,52.02230020177301,0.0,67
W00050,West Side Story,film,1961.0,57.3505,19.0,16.508132280845775,17.010127610809388,67.23025487488366,41.29628220709447,40.05704455936743,52.69117172893467,51.89455959212722,0.0,68
W00093,Pulp Fiction,film,1994.0,59.0817,17.0,13.52770401004295,16.346854915918062,69.2596882231439,33.840526166667935,38.49510778251515,48.41264598852829,51.63486383378307,0.0,69
W00152,American Beauty,film,1999.0,42.743,20.0,17.564491701742398,20.75191277772195,50.10632486407533,43.938841402484854,48.868551362370454,46.921358265335726,51.54538341952632,0.08333333333333333,70
W00421,Animal Farm,novel,,24.8834,26.0,36.26713748377594,38.260223347182716,29.170056479955363,90.72485723362355,90.09876389731113,51.44365081951985,51.26583688635863,0.0,71
W00337,"Aguirre, the Wrath of God",film,1972.0,46.4222,16.0,18.067603797132616,20.503760413610635,54.419339637018396,45.19741255514904,48.28417889120789,49.5944890542598,51.260053942375016,0.0,72
W00164,Black Panther,film,2018.0,37.0161,27.0,24.165886353816834,25.672382673204236,43.39285337484732,60.45270571339666,60.455735560277915,51.217334908546505,51.218618380777144,0.0,73
W00039,The Sound of Music,film,1965.0,49.5491,18.0,19.11623207893069,19.171541314121754,58.084909840735435,47.82063174910471,45.146944353522535,52.70348265222857,51.20894640938296,0.0,74
W00076,All the President's Men,film,1976.0,49.4929,21.0,20.18798008209706,19.07571317262872,58.01902828217939,50.50168659169294,44.92127925437369,54.13001739018003,51.05182632904709,0.0,75
W00319,Breathless,film,1960.0,48.5669,14.0,17.722017245026578,19.41210324430662,56.933506516647405,44.332902897729674,45.71344215866417,50.23970159176693,51.015944145322756,0.0,76
W00172,Django Unchained,film,2012.0,38.5168,22.0,23.914503384096843,24.45644725388783,45.152078551449755,59.82385310408849,57.592336743568346,51.97279398498983,50.99425176044006,0.0,77
W00112,Star Wars: Episode IV – A New Hope,film,1977.0,55.188,18.0,14.398902405997298,16.803553008528098,64.69522159414616,36.019891718484054,39.57058330300642,48.273335046632894,50.59671585584998,0.0,78
W00178,The Godfather Part III,film,1990.0,29.3034,29.0,31.565908031986616,31.4680916957748,34.351488665324034,78.9643930661139,74.10401497839982,52.08209340430551,50.45377320464252,0.0,79
W00028,Double Indemnity,film,1944.0,65.927,12.0,13.293974918571921,13.934246297863657,77.28422617303171,33.25583600564987,32.813670633489515,50.696662133062524,50.35850616138224,0.0,80
W00209,Around the World in 80 Days,film,1956.0,36.8916,20.0,24.441070118713377,24.680281071088988,43.246905794060346,61.14109772653578,58.11944161865596,51.421428349715555,50.13467878111322,0.0,81
W00104,Back to the Future,film,1985.0,52.5134,18.0,15.459190292986882,16.876261930805626,61.559868987135516,38.67227825482712,39.741805095468685,48.79201146500528,49.462109892212716,0.0,82
W00098,Toy Story,film,1995.0,44.8585,17.0,16.605012745942695,19.405006288154574,52.5862614677286,41.5386356701594,45.69672958040945,46.73715391809518,49.02060964467394,0.0,83
W00094,The Last Picture Show,film,1971.0,51.4009,18.0,16.129157717960183,16.90888055357466,60.25571891785438,40.34825003531496,39.81861848897281,49.307330215245344,48.982644715948375,0.0,84
W00099,Ben-Hur,film,1959.0,54.1309,13.0,12.630944328129043,15.844134788855605,63.45601526764091,31.597217216494954,37.31125525704468,44.777600405837624,48.658232430349074,0.0,85
W00053,M*A*S*H,film,1970.0,40.3591,21.0,21.18490828843001,21.196405244018827,47.31175106617932,52.99557432220903,49.915283928764765,50.07308079139488,48.59608510605952,0.0,86
W00340,The Passion of Joan of Arc,film,1928.0,51.3115,14.0,15.069348821324704,16.640137164328454,60.15091800442181,37.69706172785091,39.185756339765305,47.618408929736276,48.54955423620772,0.0,87
W00823,Wings of Desire,film,1987.0,41.0448,19.0,18.39938131423176,20.555289336514853,48.115576416746585,46.02737791664501,48.40552403382509,47.059896083723,48.260332475462434,0.0,88
W00024,To Kill a Mockingbird,film,1962.0,56.9174,13.0,15.470692460536634,14.811690753309422,66.72254485690104,38.701051755611275,34.87995916784627,50.81567338698782,48.2418867809241,0.0,89
W00086,12 Angry Men,film,1957.0,47.4562,17.0,17.473823014548014,17.73985542891255,55.63146653287162,43.712027149362434,41.77547609584767,49.31292097862113,48.20820469920995,0.0,90
W00062,Cabaret,film,1972.0,56.364,17.0,14.019584662825212,14.932220986598697,66.07381079097728,35.071001056493905,35.16379507055587,48.13807939726036,48.20172136121913,0.0,91
W00833,Steve Jobs,film,2015.0,24.9053,16.0,12.383947760567878,15.017739946875214,29.195729186937168,30.97933750819963,35.36518314246488,30.074313762413954,48.19909435628579,1.0,92
W00272,Rain Man,film,1988.0,34.8641,20.0,24.200071295095206,24.12558459601458,40.87012892622438,60.5382218068134,56.81319031194266,49.74138046143102,48.186745197815746,0.0,93
W00025,Mr. Smith Goes to Washington,film,1939.0,49.2966,15.0,17.349464891049507,17.01199711723454,57.788911735123314,43.40093634421437,40.06144704851329,50.08086340726875,48.11556325626721,0.0,94
W00058,Nashville,film,1975.0,51.4164,15.0,14.975591480702734,16.298101372884382,60.27388909859493,37.46252098566144,38.38029836483117,47.51854201512861,48.09708772070112,0.0,95
W00381,Shoah,film,1985.0,48.8332,9.0,9.388771444391159,9.73668561507412,57.245681944467236,23.486688169766882,22.928860880251648,36.667580788693385,48.00411688683067,0.65,96
W00408,Slaughterhouse-Five,novel,,27.1584,20.0,30.185954354830073,30.56493621837675,31.83697010477747,75.51233952576908,71.97717971708288,49.03146026811476,47.86998348525893,0.0,97
W00876,Elvis,film,2022.0,15.2035,29.0,39.974863107676484,42.46475943975136,17.822602767025458,100.0,100.0,42.21682456915188,47.493927640295865,0.25,98
W00010,City Lights,film,1931.0,61.4941,9.0,12.04931942679239,13.023230995127639,72.087671708208,30.142240623404476,30.668326317978767,46.61420327121116,47.0192326548472,0.0,99
W00080,Spartacus,film,1960.0,40.712,21.0,16.859516290478886,19.546651798681154,47.72544505220118,42.17529462218798,46.03028971920535,44.86462644502491,46.870204423821704,0.0,100
W00115,Braveheart,film,1995.0,36.1315,16.0,20.162998201253234,21.7115014212043,42.355863575938464,50.43919261697554,51.12828073831053,46.22115923865496,46.53581936341256,0.0,101
W00016,The Graduate,film,1967.0,58.4393,11.0,12.989795005578658,13.418643851508877,68.50662215167765,32.494908039057655,31.59948161380058,47.18173785359369,46.52712915177038,0.0,102
W00260,Mrs. Miniver,film,1942.0,43.4396,13.0,12.151451720747088,15.178728438395332,50.922927954647236,30.397731914718207,35.74429394785759,39.343887864290636,46.21917094345956,0.16666666666666666,103
W00392,The Great Gatsby,novel,1925.0,43.288,16.0,18.444293052588616,17.86134143712525,50.74521186430743,46.13972786575148,42.06156274702738,48.38770779763232,46.19981507475723,0.0,104
W00030,The Maltese Falcon,film,1941.0,58.2539,14.0,13.12397028650201,12.978054237961802,68.28928334462621,32.830557170768095,30.561939851266445,47.34950074706736,45.68427486635372,0.0,105
W00043,The Philadelphia Story,film,1940.0,60.0839,16.0,10.421736133937719,12.567226766639267,70.43453694173586,26.0707237592426,29.594484773826498,42.85183024933899,45.6560382761549,0.0,106
W00048,Intolerance,film,1916.0,50.798,15.0,14.595959471803193,14.600198359344713,59.54895750053339,36.5128441653132,34.38191703419243,46.62940923305628,45.248285230006125,0.0,107
W00539,To Kill a Mockingbird,novel,1960.0,35.2891,16.0,19.995699077789915,21.011085618266335,41.3683435594329,50.02068180678794,49.47887588548967,45.489259722051735,45.24222736079068,0.0,108
W00170,Catch Me If You Can,film,2002.0,29.2056,21.0,23.029588364708555,25.26843125906651,34.236840686199805,57.61017443055639,59.504472867477666,44.41160168112766,45.135852242758546,0.0,109
W00174,Spider-Man: Homecoming,film,2017.0,25.9337,21.0,26.908457221235498,28.364960601494232,30.401291372329283,67.31344432313564,66.79647071058578,45.237325674079266,45.06327738542523,0.0,110
W00083,Easy Rider,film,1969.0,28.4992,19.0,23.971962063582062,25.383671285971573,33.408749352320974,59.96759013035535,59.77585089581329,44.759827836216694,44.68821343374489,0.0,111
W00182,Black Swan,film,2010.0,32.8281,22.0,20.187903706019004,21.895101411114865,38.483387765724245,50.50149553143126,51.56063922175151,44.08478916003863,44.5446750197964,0.0,112
W00068,Tootsie,film,1982.0,42.6945,16.0,15.475199286945218,16.596982112610757,50.04946978240329,38.71232590656069,39.08413077473902,44.01739866992321,44.2282717521474,0.0,113
W00047,Rear Window,film,1954.0,67.1196,10.0,9.416204797158162,10.458070203799917,78.6822750473011,23.555314678113163,24.627644997348302,43.05096686868982,44.01998565934169,0.0,114
W00011,The Searchers,film,1956.0,54.1488,12.0,12.879336011907192,12.937168848607985,63.47699889572193,32.21858690851636,30.46565910013721,45.22321533917744,43.97577297850318,0.0,115
W00057,The Gold Rush,film,1925.0,47.6758,12.0,14.084259932005725,14.684258292484119,55.888896964524776,35.232790901793194,34.57986925209836,44.37478811761208,43.961696392169216,0.0,116
W00333,Metropolis,film,1927.0,52.5412,9.0,10.575934835446597,12.079630640056983,61.59245808549599,26.45646292010859,28.44624766377273,40.36729596464528,43.95067615412666,0.1,117
W00066,Who's Afraid of Virginia Woolf?,film,1966.0,48.574,15.0,12.316213387163444,14.37711224527336,56.9418296316963,30.809895093295083,33.856572920591915,41.885221706144094,43.907347985928816,0.0,118
W00097,Yankee Doodle Dandy,film,1942.0,33.024,12.0,12.825922492721602,13.528321511439625,38.71303540489024,32.08496914216725,31.85776085846781,35.243531979152316,43.89815315083012,0.5,119
W00276,Talk to Her,film,2002.0,33.4006,13.0,16.117217030613382,19.405123629588573,39.15451218339925,40.31837954566591,45.697005907028384,39.732184474751584,43.81015081595462,0.07142857142857142,120
W00092,The French Connection,film,1971.0,47.0747,12.0,15.127869368216981,14.74582760205548,55.18424563270914,37.84345509193735,34.724858439329516,45.69860524549812,43.775165535689446,0.0,121
W00395,Brave New World,novel,1932.0,44.1234,11.0,15.41178568747785,15.305030709348271,51.72452599273661,38.553692218944164,36.04172238644827,44.65614689261429,43.176857301114914,0.0,122
W00079,The Apartment,film,1960.0,50.5466,15.0,13.199630053855074,13.160319344951208,59.25424889161898,33.01982552960966,30.991154827152517,44.23307541070738,42.852743221021385,0.0,123
W00393,A Portrait of the Artist as a Young Man,novel,,34.3,18.0,19.338743656207495,19.346253711991665,40.20885157424101,48.377260490214965,45.5583735013028,44.10435450859073,42.80011539794862,0.0,124
W00136,Batman Begins,film,2005.0,21.6959,23.0,21.416405517031,25.131083329408654,25.433446730891422,53.574681317466094,59.18103307535374,36.913260536184794,42.67628099030386,0.19999999999999998,125
W00834,Kingdom of Heaven,film,2005.0,12.7594,27.0,30.98769220311142,33.48557645092343,14.957458331672619,77.51794451338787,78.85497738055595,34.05101209972927,42.43864645874818,0.4714285714285714,126
W00103,The Dark Knight,film,2008.0,19.9963,29.0,30.26888038253064,32.590539271106,23.441057105947397,75.71978495835805,76.74725984812225,42.13017687191602,42.41505511990781,0.0,127
W00866,Time of the Gypsies,film,1988.0,33.05,15.0,14.341403066228928,17.269831131085123,38.743514417745345,35.87605297758958,40.66861877691174,37.28222600367416,42.076061684401935,0.12,128
W00074,In the Heat of the Night,film,1967.0,48.4354,13.0,12.79617409693679,13.219247577662102,56.77935304778406,32.010551386927716,31.12992455878022,42.632597838421745,42.04208578167675,0.0,129
W00860,Judy,film,2019.0,17.2875,17.0,14.51674997912281,16.244926939341834,20.265612874335034,36.314695912830075,38.25507821936445,27.128206151874675,41.76530692763856,1.0,130
W00056,Rocky,film,1976.0,46.7324,13.0,13.524058596750839,13.492913024483634,54.78297770577437,33.83140690268875,31.7743776310031,43.05096061767936,41.72163732853852,0.0,131
W00116,"The Good, the Bad and the Ugly",film,1966.0,54.4076,12.0,10.880864950928427,11.52085171375478,63.78038230060279,27.219267572273296,27.130382617851552,41.665996828373025,41.597910708690655,0.0,132
W00224,Driving Miss Daisy,film,1989.0,38.3952,15.0,14.435439784316,16.272434252161293,45.009530552865854,36.11129260263539,38.319855020604756,40.31565859193914,41.53021412575789,0.0,133
W00879,Nanook of the North,film,1922.0,46.0402,8.0,10.468363607481225,10.17556866346137,53.971532601993324,26.18736574352635,23.9623838630203,37.59484358242571,41.356637974359366,0.3,134
W00137,Alien,film,1979.0,27.3046,21.0,21.623721335135855,22.58121759011764,32.008355938601206,54.09329677224934,53.176369978395094,41.61054550205446,41.25637135996351,0.0,135
W00514,Infinite Jest,novel,1996.0,27.7056,14.0,22.158995626984357,22.147269969837836,32.47843609840501,55.43232397643684,52.15446940482541,42.43059264321897,41.156962980895976,0.0,136
W00326,Umberto D.,film,1952.0,44.6739,11.0,11.910212479463047,13.643073380768445,52.36986047645731,29.794254572884064,32.12798932753905,39.50089815411782,41.01875569141913,0.0,137
W00078,The Wild Bunch,film,1969.0,47.1469,12.0,11.421693114440634,12.759948532236159,55.26888350686834,28.5721881865489,30.04832407055046,39.73855735200626,40.75214500651323,0.0,138
W00515,"The Lion, the Witch and the Wardrobe",novel,,25.2669,19.0,21.149431653436896,23.54660787125693,29.61962191956823,52.906826963906504,55.4497615950578,39.58636396077478,40.526546534041195,0.0,139
W00208,Argo,film,2012.0,32.1019,19.0,17.183525342845996,18.36368543267039,37.632085491286524,42.985826609487994,43.244529522708426,40.21997391697155,40.34082091416866,0.0,140
W00330,Persona,film,1966.0,43.5262,12.0,10.648086985522118,13.508613587267194,51.02444651284925,26.63695672162874,31.8113507894307,36.866461364061315,40.288417279123685,0.0,141
W00194,The Artist,film,2011.0,53.5994,9.0,8.75655490141164,10.909550401586962,62.832953908698954,21.905152940298862,25.690832929514976,37.09939979380798,40.17749272087919,0.0,142
W00377,Amores Perros,film,2000.0,37.2414,14.0,14.888651523016787,15.538016990988792,43.656965743934094,37.24503441803576,36.59038034357406,40.32375468281486,39.96779930415149,0.0,143
W00206,An American in Paris,film,1951.0,25.2067,18.0,20.796899503875757,22.81063532377576,29.549051282111403,52.02494239406681,53.716624383894825,39.20826049126857,39.840623597298574,0.0,144
W00839,The Favourite,film,2018.0,36.7015,14.0,11.1700767771229,14.04570431850349,43.02405731930049,27.942751791382317,33.076142438605864,34.672908080105124,39.81935347402519,0.1111111111111111,145
W00026,High Noon,film,1952.0,55.4495,10.0,9.490453064680754,10.341943338422887,65.00177012728506,23.74105206843917,24.354178558566776,39.28371684467482,39.78774580574793,0.0,146
W00140,Star Wars: Episode V – The Empire Strikes Back,film,1980.0,31.2909,18.0,17.46128545257352,18.312049295973527,36.68137474415214,43.68066353483117,43.12293190299243,40.028324823734046,39.77195525995948,0.0,147
W00201,A Man for All Seasons,film,1966.0,40.7943,14.0,11.843663556952123,13.646034490545187,47.82192285058485,29.62777764879388,32.13496242668245,37.641164925582515,39.20147566068465,0.0,148
W00081,Sunrise: A Song of Two Humans,film,1927.0,57.388,8.0,8.771018526553588,9.652698857044786,67.27421498957852,21.94133474060419,22.731080981960943,38.4198655710521,39.1051867266474,0.0,149
W00154,No Country for Old Men,film,2007.0,35.7483,16.0,14.629684048676006,15.458002628702282,41.90664981724315,36.59720862400309,36.40195501550872,39.162053139419136,39.05744463604809,0.0,150
W00811,Napoleon,film,2023.0,23.2083,10.0,9.07484940517435,10.535962320202584,27.206387463278652,22.70138957256787,24.811072661675894,24.852018040113265,38.97171059216555,1.0,151
W00264,Oliver!,film,1968.0,37.9013,11.0,14.307652928611583,14.452143829184294,44.43054653559128,35.79162457685576,34.03326433460402,39.87783145240476,38.88594263711121,0.0,152
W00821,Shadowlands,film,1993.0,27.1925,10.0,7.761329107334721,8.925810547779463,31.876944502406673,19.415523916689263,21.019336187323344,24.877853170590367,38.82747068148597,1.0,153
W00017,The General,film,1926.0,48.8429,10.0,11.044467876202237,11.123599186641167,57.25705296080165,27.628532076402124,26.194895092772715,39.77346256397303,38.72780003601458,0.0,154
W00396,The Sound and the Fury,novel,,29.2584,14.0,16.753962963742453,18.140872114712806,34.29873652769019,41.911245370906954,42.71982781499309,37.9144136513294,38.27840277146812,0.0,155
W00106,Jurassic Park,film,1993.0,23.6244,20.0,21.610781163899585,22.433303302142154,27.69416889593293,54.060926001644276,52.828047534262694,38.693312282099456,38.24956040082348,0.0,156
W00244,How Green Was My Valley,film,1941.0,29.0249,17.0,17.170889194686147,18.043651950225247,34.025011546856796,42.954216374511546,42.49088464948312,38.22980130904345,38.02305670030782,0.0,157
W00045,It Happened One Night,film,1934.0,58.3247,8.0,8.751264407470595,8.916434972249867,68.37228004117011,21.891918388558697,20.99725770235536,38.68850442574612,37.889713428872184,0.0,158
W00510,Gone with the Wind,novel,1936.0,34.8548,13.0,14.948267135160098,14.91310162834806,40.85922681778005,37.39416716674019,35.11877101177658,39.08831996809048,37.880414864832964,0.0,159
W00064,The African Queen,film,1951.0,40.0818,12.0,12.856691233059244,12.942367924601488,46.986680671382324,32.161939362815076,30.477902372116365,38.87393438556166,37.84250872091064,0.0,160
W00831,Kurt Cobain: Montage of Heck,film,2015.0,24.8558,8.0,8.467558501253114,9.23787160609276,29.137701835539936,21.182207624938847,21.754206848149874,24.84352732592473,37.76509080914035,1.0,161
W00413,U.S.A.,novel,,27.3,16.0,18.445636634159616,18.8179947635178,32.0029634978653,46.1430889318479,44.314379762863396,38.42805733789675,37.65888312180086,0.0,162
W00120,Harry Potter and the Goblet of Fire,film,2005.0,28.1199,17.0,19.068915955121255,18.170187932092613,32.964107445553935,47.702267056567855,42.788863452464206,39.65428925916099,37.55657988049718,0.0,163
W00060,Sullivan's Travels,film,1942.0,45.2691,10.0,10.898551405171146,11.13171797340706,53.067595416894285,27.26351151175866,26.214013973635353,38.03694254997171,37.29764989655105,0.0,164
W00373,Grave of the Fireflies,film,1988.0,48.7197,6.0,6.506506382990307,7.58500669001989,57.11262933065744,16.276494469697994,17.861885455353708,30.4892340909108,37.26288849167777,0.3333333333333333,165
W00491,American Pastoral,novel,,25.2669,16.0,17.63801280813534,19.888643200904944,29.61962191956823,44.12275974685768,46.83564316223852,36.151064462196246,37.245859405111275,0.0,166
W00124,Pirates of the Caribbean: The Curse of the Black Pearl,film,2003.0,27.7715,16.0,16.56221307824104,18.077621759366362,32.555688673295464,41.431569217958256,42.57087994343813,36.72646550794046,37.228004431970426,0.0,167
W00095,Do the Right Thing,film,1989.0,40.2309,12.0,11.526478006053367,12.465995273450664,47.16146608740912,28.834315142007092,29.356095355108067,36.876395915591246,37.20855406420246,0.0,168
W00059,Duck Soup,film,1933.0,35.8883,11.0,12.973073667760312,13.97233557775587,42.07076757877066,32.45307840783839,32.90336684369942,36.950316898665285,37.205777764217046,0.0,169
W00843,United 93,film,2006.0,23.9494,11.0,13.497012297260527,12.89871060765301,28.075156556621803,33.76374863599885,30.375094025797065,30.788350538703654,36.98982279197503,0.5333333333333333,170
W00418,Tender Is the Night,novel,,25.55,17.0,18.971309901248546,19.364611077925208,29.95149147877137,47.4580984809062,45.601603149076006,37.70200037464265,36.95721889073722,0.0,171
W00214,Chariots of Fire,film,1981.0,21.1783,18.0,22.6140328785933,23.31512968570537,24.826679921129696,56.57063244389363,54.904655044107045,37.47613887022544,36.92018820320509,0.0,172
W00400,The Grapes of Wrath,novel,,28.5584,16.0,17.618550412344586,17.101187887514943,33.47814772005261,44.07407316164454,40.27148184314564,38.4124762535552,36.71804213258444,0.0,173
W00204,Almost Famous,film,2000.0,23.8854,19.0,20.65405930849961,20.40732830016696,28.000131294209222,51.6676173546004,48.05709150223894,38.03551063924046,36.68248726136924,0.0,174
W00088,The Sixth Sense,film,1999.0,34.0114,12.0,13.10611592653986,14.320539262510488,39.8705345315493,32.78589320302902,33.723349552535076,36.155097664078525,36.66835110628589,0.0,175
W00348,Rififi,film,1955.0,38.8709,10.0,11.618568718556684,12.393194666701177,45.56717926114184,29.064686693887737,29.18465765544848,36.39224902021454,36.46728022571571,0.0,176
W00808,Reagan,film,2024.0,17.6248,11.0,10.975395832167155,12.11147602794881,20.66101945264382,27.4557433820443,28.521240171235323,23.8172972459768,36.41257022623772,1.0,177
W00388,Black Orpheus,film,1959.0,38.0828,13.0,12.366014090506331,12.386625532169214,44.643313490714455,30.934475140533127,29.169188041070274,37.1620434229542,36.086135924854844,0.0,178
W00090,Sophie's Choice,film,1982.0,22.5622,11.0,11.299293366212076,11.860437969011018,26.448983993829177,28.265996398227166,27.93007219513043,27.342400887748383,36.012759796974336,0.65,179
W00404,"I, Claudius",novel,,27.8584,13.0,14.419565296916492,16.723638528009893,32.65755891241504,36.07158142874906,39.382393185901,34.32214730423126,35.862694064730476,0.0,180
W00157,Die Hard,film,1988.0,22.4808,19.0,19.60761614487886,20.664295274234252,26.353561238198175,49.04986439118927,48.66222144400129,35.9532836464004,35.81093175011296,0.0,181
W00835,Finding Neverland,film,2004.0,23.6236,8.0,6.71359334708292,8.692690972835207,27.693231080152774,16.79453742968213,20.470364338618996,21.56606143746378,35.71419454964178,1.0,182
W00258,Moonlight,film,2016.0,28.51,15.0,15.886922214015529,16.18138839364972,33.421409865353105,39.74228047066087,38.10545169014259,36.445068865263174,35.68666304154351,0.0,183
W00652,The Town[ac],novel,1950.0,17.7823,20.0,24.771973679146004,25.428879681108825,20.845651934362277,61.9688768224674,59.88231186658929,35.94136387234804,35.33108872078318,0.0,184
W00221,Designing Woman,film,1957.0,19.586,18.0,20.796899503875757,22.81063532377576,22.960074837699256,52.02494239406681,53.716624383894825,34.56148970740073,35.11890823876514,0.0,185
W00352,Viridiana,film,1961.0,46.5544,9.0,7.677930060054528,9.572369667243642,54.574313694689394,19.206895191543794,22.54191426852385,32.37596521008034,35.074342482350474,0.0,186
W00397,Catch-22,novel,,29.0834,15.0,14.582176700387521,15.049398809982632,34.0935893257808,36.47836556965536,35.43973640386351,35.265825029446454,34.76014699001208,0.0,187
W00107,The Terminator,film,1984.0,21.5782,18.0,19.63505908886915,20.154732291177645,25.295470584235783,49.11851489267157,47.462254719170154,35.248772299314496,34.649387701809026,0.0,188
W00496,Beloved,novel,,25.2669,15.0,16.18187647648327,17.206442317668944,29.61962191956823,40.480129807813704,40.519344851302634,34.626668048810096,34.64343624590649,0.0,189
W00846,My Name Is Khan,film,2010.0,12.2269,24.0,32.01132763417777,32.54005032167628,14.333224703005467,80.07864229066126,76.62836373262358,33.87897834740068,34.614022757581886,0.08888888888888889,190
W00087,Bringing Up Baby,film,1938.0,39.9975,10.0,9.747080503336488,10.823614977017378,46.88785833354825,24.383024094620925,25.488464128411774,33.81224304142036,34.57021109557617,0.0,191
W00102,Gladiator,film,2000.0,31.7375,14.0,11.402358963632167,13.606159341661943,37.204910403424904,28.523822415398197,32.04106068460425,32.57646784610162,34.52658094861698,0.0,192
W00146,Avengers: Age of Ultron,film,2015.0,12.6782,30.0,28.683915092998728,33.68818227517629,14.86227002998666,71.75488009986574,79.33209258602487,32.65639912809618,34.337370051554686,0.0,193
W00524,One Flew Over the Cuckoo's Nest,novel,,25.2669,18.0,16.898353719364714,16.902229293240826,29.61962191956823,42.27244924853708,39.80295547705048,35.38493979584824,34.33581938022803,0.0,194
W00536,The Spy Who Came in from the Cold,novel,1963.0,29.5931,12.0,14.400898835022268,14.406249213635377,34.69109520471346,36.0248859295201,33.92518738761452,35.35170077266332,34.30600392790568,0.0,195
W00132,Dead Poets Society,film,1989.0,38.7978,9.0,11.362453226323522,10.960919423559222,45.48148634422998,28.42399533856454,25.811801522414086,35.95504910077832,34.26308652853171,0.0,196
W00242,Hannah and Her Sisters,film,1986.0,23.6191,18.0,16.008292243131173,17.864107034266407,27.687955866389387,40.0458963424369,42.06807543467154,33.29848360750677,34.1288589908764,0.0,197
W00415,A Passage to India,novel,1924.0,28.9902,12.0,13.367082509928272,14.500665768696507,33.98433378739247,33.43871991236752,34.147528350584274,33.71042300127699,34.065833344873624,0.0,198
W00500,Blood Meridian,novel,,25.2669,12.0,16.747336016299986,16.5831792285786,29.61962191956823,41.89466758444996,39.051626448294556,35.22647036388118,34.01021038956825,0.0,199
W00516,The Lord of the Rings,novel,,25.2669,17.0,16.290378196264104,16.475836626524124,29.61962191956823,40.75155467670837,38.798846017013005,34.742562400587474,33.89995796368295,0.0,200
W00144,Star Wars: Episode VI – Return of the Jedi,film,1983.0,26.6236,18.0,15.013609746298979,15.571873707705434,31.210040255742367,37.55762641602611,36.67010931687644,34.2370418166393,33.83009884647378,0.0,201
W00861,Becoming Astrid,film,2018.0,19.5245,7.0,7.210727557320031,9.433060676472763,22.88798024959967,18.038154471966998,22.213856385684487,20.318880955741847,33.82259879136622,1.0,202
W00323,La Strada,film,1954.0,57.1312,5.0,7.384934085973112,7.235479128005779,66.97317612414805,18.47394465387165,17.038785156127908,35.17468903930082,33.78078683516525,0.0,203
W00077,Modern Times,film,1936.0,49.8478,7.0,7.4085120143088545,8.28468340897527,58.43506680765164,18.53292654024418,19.509549843864086,32.908552087876316,33.7645057495798,0.0,204
W00541,Watchmen,novel,,25.2669,15.0,16.53838682443037,16.250089915839,29.61962191956823,41.37196612751991,38.267236480862415,35.006027977568706,33.666913676038874,0.0,205
W00223,Dog Day Afternoon,film,1975.0,34.4821,11.0,9.531989540562273,11.78944646383485,40.4223218911993,23.844958555297264,27.762894737603816,31.046233108132984,33.49986071187319,0.0,206
W00344,Mon Oncle,film,1958.0,41.6598,6.0,8.291589374781719,9.710326267558456,48.83652229774244,20.742008177607648,22.86678741542239,31.827151064235892,33.4175758170908,0.0,207
W00328,The Seventh Seal,film,1957.0,20.5283,13.0,17.371134832760387,19.617000602370307,24.06470459975195,43.45514526458643,46.195953682965616,32.33782976842419,33.34204521447943,0.0,208
W00824,Hannah Arendt,film,2012.0,13.7717,14.0,15.50105887099614,18.671297418658874,16.144146974489065,38.77701551908361,43.96892309056772,25.020428409044662,33.303546092255026,0.5,209
W00370,My Neighbor Totoro,film,1988.0,43.572,7.0,7.654132548912712,9.201535492896992,51.07813646626326,19.14736400296232,21.6686391593765,31.273178148575276,33.26850925456157,0.0,210
W00186,Joker,film,2019.0,22.6687,17.0,16.076509969823597,17.608029501169085,26.573830719562604,40.2165479004139,41.46504003196158,32.691095668863404,33.19465249990176,0.0,211
W00105,Fight Club,film,1999.0,25.0963,15.0,13.966372268395773,15.889359601412732,29.419632704449704,34.93788641821208,37.417754889101445,32.06025243028478,33.17855641016486,0.0,212
W00865,Leaving Neverland,film,2019.0,28.5228,6.0,8.176218120474644,10.227539285366177,33.43641491783562,20.453398673189056,24.084769159888737,26.151258564678255,33.10761426632778,0.3333333333333333,213
W00737,Collected Stories of William Faulkner,novel,1951.0,17.7108,21.0,21.634247152275236,22.18983807433262,20.761834649010723,54.11962786214208,52.254712771457875,33.520482767105065,32.93787646756477,0.0,214
W00654,The Old Man and the Sea[ae],novel,1952.0,17.7823,19.0,21.831352975898415,22.064919324612553,20.845651934362277,54.61270228016386,51.96054237848226,33.74073773537337,32.91126525587434,0.0,215
W00207,Anora,film,2024.0,32.3248,12.0,13.189109479764277,12.108115595349375,37.893384413032834,32.993507555580685,28.513326709240555,35.35867170777095,32.87044949324011,0.0,216
W00230,Gandhi,film,1982.0,17.8344,17.0,19.279326109903725,21.909589489788498,20.90672718704501,48.22862321747754,51.59475710882959,31.75378195136113,32.84322625985686,0.0,217
W00682,The Elected Member,novel,1970.0,17.7917,19.0,19.552905700956682,21.738398540867646,20.85667126977912,48.91300227417636,51.19162059945236,31.93998135958214,32.67547708312812,0.0,218
W00235,Going My Way,film,1944.0,39.8229,11.0,9.906837301350278,9.609772955713975,46.683180039528935,24.78266723431966,22.6299950417669,34.013728351350714,32.50292498881372,0.0,219
W00356,Stalker,film,1979.0,49.2645,6.0,5.332115680085502,7.767062661876517,57.7512818769445,13.338671518956524,18.29060794020595,27.75473614998402,32.50086237095122,0.0,220
W00118,Terminator 2: Judgment Day,film,1991.0,21.2574,17.0,18.094697343099952,17.90692734830424,24.919406456392743,45.26518901230503,42.16891272800082,33.58543796533063,32.41641985311157,0.0,221
W00289,The Hurt Locker,film,2008.0,42.9028,9.0,8.704947295506207,8.865764810756774,50.29365356616173,21.776052796124702,20.877934851686717,33.09376459949432,32.40412971532527,0.0,222
W00398,Darkness at Noon,novel,,32.55,11.0,9.881025046101682,11.659792147880951,38.15737955514708,24.718096018205504,27.457572588922268,30.711199449829977,32.368333582971324,0.0,223
W00117,The Lord of the Rings: The Return of the King,film,2003.0,18.2271,23.0,17.138414036540286,20.800165521671342,21.367077508129693,42.872977426779855,48.98218145138074,30.266652138654184,32.35129159073753,0.0,224
W00225,Eternal Sunshine of the Spotless Mind,film,2004.0,37.5982,12.0,7.900447580801945,10.03036803648258,44.07523158188421,19.763538800673967,23.620451802425915,29.51410763545561,32.265723039483504,0.0,225
W00236,Good Will Hunting,film,1997.0,16.5605,21.0,20.13303695108311,22.6655744527098,19.413372784117154,50.364242391156324,53.375021433637286,31.268831326564694,32.18989264429821,0.0,226
W00156,Thor,film,2011.0,17.2566,22.0,20.60758920067818,21.6953283874129,20.229389739826455,51.551369032007635,51.090194960821684,32.29323049448758,32.14845977253311,0.0,227
W00702,The English Patient,novel,1992.0,17.7917,17.0,20.55335318225398,20.921108100315443,20.85667126977912,51.41569372455727,49.26698838362226,32.74691164248526,32.05534871389229,0.0,228
W00679,Elbow Room[az],novel,1977.0,17.7823,18.0,20.920055774312598,20.923161765754607,20.845651934362277,52.3330266771952,49.27182454769398,33.02901843507473,32.04845245393599,0.0,229
W00251,Manchester by the Sea,film,2016.0,19.172,17.0,18.912257384296055,19.361541447087635,22.474755171467894,47.31037435538905,45.594374494356025,32.60811372508171,32.01128557176159,0.0,230
W00219,Dances with Wolves,film,1990.0,20.0637,16.0,18.79573546639963,18.281679228879437,23.520068085425642,47.01888638310367,43.0514136193738,33.254885491179955,31.82093932462542,0.0,231
W00399,Sons and Lovers,novel,1913.0,36.3425,8.0,9.220355611253202,10.07723734298891,42.603212487954934,23.06538382987631,23.730824043137247,31.347399388473363,31.79637305140393,0.0,232
W00111,Interstellar,film,2014.0,14.265,22.0,23.09224986521301,25.65833209517097,16.722427629928518,57.766926688433216,60.42264794075848,31.080592834608396,31.786999817503744,0.0,233
W00426,All the King's Men,novel,,24.0084,14.0,16.031575073543472,15.227228125271845,28.1443204704084,40.104140020093986,35.858505561243334,33.596186821061345,31.768117226325426,0.0,234
W00113,The Avengers,film,2012.0,14.1314,24.0,23.189967517330132,25.6893159638634,16.565812394642258,58.01137443514322,60.49561166197393,31.00008944580529,31.65689424898457,0.0,235
W00149,Inglourious Basterds,film,2009.0,15.4551,23.0,20.566411536398864,23.423368740875663,18.117545829884907,51.44836013822256,55.15954652729998,30.53060796441288,31.61258629350067,0.0,236
W00084,A Night at the Opera,film,1935.0,33.1224,11.0,9.885131750406774,10.699762568680608,38.82838674584958,24.728369234886774,25.196804856180428,30.986491964182587,31.27860744527279,0.0,237
W00129,The Lord of the Rings: The Two Towers,film,2002.0,13.4633,26.0,22.058992267392313,26.19890432292707,15.782618991238456,55.18215836780755,61.695638144607535,29.511336476569262,31.204466831812052,0.0,238
W00521,Naked Lunch,novel,1959.0,27.9228,12.0,11.495451201212225,12.497494990979831,32.733053082717696,28.75669935441185,29.430273845566393,30.68052422061456,31.037762741954243,0.0,239
W00394,Lolita,novel,,21.0474,17.0,16.851911811583882,16.413345318998736,24.673229814101465,42.1562714703775,38.65168562248857,32.25106779773769,30.881417099382954,0.0,240
W00870,Ulysses,novel,1922.0,13.1292,24.0,24.89425444543738,26.291075576426902,15.390963676050298,62.274770968901365,61.91269166078394,30.959146272413786,30.869013402401247,0.0,241
W00495,Atonement,novel,,25.2669,14.0,11.251570531571609,13.5703296134168,29.61962191956823,28.146614289245527,31.95668547862674,28.873726353960087,30.765970514181415,0.0,242
W00542,White Noise,novel,1985.0,21.4888,12.0,15.642420017056457,15.865228277013875,25.19066967080322,39.130640610130314,37.3609281821632,31.39629025245993,30.67811598569045,0.0,243
W00151,Parasite,film,2019.0,37.3394,11.0,8.038458007165296,9.126982528572302,43.77184817700335,20.108781825000545,21.493074843674997,29.668140236091784,30.6723264346595,0.0,244
W00313,Yojimbo,film,1961.0,43.9613,6.0,6.550588285339482,7.727520251479447,51.53450107028227,16.386768524246815,18.197489761935866,29.06000585084706,30.62349678944151,0.0,245
W00158,Captain America: The First Avenger,film,2011.0,12.1771,23.0,27.148286871320966,27.781064181611036,14.274845670690679,67.9133954710344,65.42145663400395,31.136044053822886,30.559469841641384,0.0,246
W00454,The Catcher in the Rye,novel,,19.1084,12.0,16.905650245691838,17.6775203251529,22.400198816945394,42.29070203481297,41.628683544607426,30.7785661408716,30.53671213288866,0.0,247
W00316,Late Spring,film,1949.0,46.8557,4.0,5.726039901331979,7.173474823233058,54.9275185628911,14.324101338154154,16.89277160138096,28.049729805261858,30.461090356609567,0.0,248
W00310,Rashomon,film,1950.0,22.5454,12.0,12.988513321705923,14.901447122504424,26.429289862445874,32.49170181451279,35.091325887872905,29.304139731101422,30.453880270798724,0.0,249
W00849,Agora,film,2009.0,8.3452,16.0,16.410364537937255,17.867440553218675,9.782825310710091,41.05170915466106,42.075925517884656,20.04000247919464,30.43268334435542,1.0,250
W00528,The Power and the Glory,novel,1940.0,27.288,9.0,12.911915698493031,12.242279040516236,31.988896261162942,32.30008734167127,28.829267378484683,32.144115218795875,30.3680167850269,0.0,251
W00127,Avengers: Infinity War,film,2018.0,13.5301,24.0,19.40464712177649,24.645083918672384,15.860926608881586,48.54212275726384,58.03655606159413,27.747487210417493,30.339966320435927,0.0,252
W00405,To the Lighthouse,novel,,27.6834,9.0,11.509872725414018,11.984799335555453,32.45241171050564,28.792775836182276,28.222930009904765,30.567875551370683,30.263875236958906,0.0,253
W00314,Ran,film,1985.0,18.7292,12.0,17.8347350438547,17.66954150115363,21.95567413715087,44.61487459210297,41.60989426120034,31.297757878385866,30.22537475830893,0.0,254
W00110,Harry Potter and the Philosopher's Stone,film,2001.0,14.265,24.0,24.317407142939317,22.83754423237071,16.722427629928518,60.831745883501426,53.77999200671894,31.894426913475883,29.98886500470619,0.0,255
W00331,Fanny and Alexander,film,1982.0,21.237,10.0,13.001579452654443,15.32977297663575,24.895492153998728,32.52438768241264,36.09998779902545,28.455414921612313,29.97877520863866,0.0,256
W00457,Heart of Darkness,novel,1899.0,20.7697,14.0,15.902262605794645,15.628551927919359,24.347690511414395,39.78065556587457,36.80358050795746,31.121810520261967,29.934631915553457,0.0,257
W00227,Fargo,film,1996.0,35.9713,12.0,9.155990320315265,9.019856407808591,42.16806596596198,22.904369417482794,21.240804202849393,31.07785321583807,29.9279740843886,0.0,258
W00508,The French Lieutenant's Woman,novel,,25.2669,12.0,11.263126981797585,12.811989368977134,29.61962191956823,28.175523582054986,30.17087471590337,28.888550602035185,29.89397768895465,0.0,259
W00374,Pan's Labyrinth,film,2006.0,15.6218,15.0,21.05136078631193,20.634461292624646,18.31296319307517,52.66149562440747,48.59196558478247,31.054597583321915,29.830569509033797,0.0,260
W00197,Shutter Island,film,2010.0,15.9644,22.0,18.243301977038616,20.13736638381978,18.714582800927502,45.636934210126924,47.421359851079586,29.224581845698005,29.790450910746685,0.0,261
W00357,Andrei Rublev,film,1966.0,22.4364,12.0,11.151971607933412,14.293220665891281,26.301512462399447,27.897460406291845,33.659017157910384,27.08773527900367,29.75370664725484,0.0,262
W00694,Schindler's Ark,novel,1982.0,17.7917,21.0,18.12472347622799,17.884710928825676,20.85667126977912,45.34030154751787,42.11659541884454,30.751386385807677,29.638015885904473,0.0,263
W00143,The Departed,film,2006.0,18.0922,16.0,14.650313705403224,17.37105972319289,21.208938322200677,36.648815196542564,40.9070013638928,27.879785886645582,29.45494981956312,0.0,264
W00367,Raise the Red Lantern,film,1991.0,45.5467,6.0,4.562853265243718,6.874026811313536,53.39301749260884,11.414306167736447,16.187603325685494,24.686924654155387,29.399064398918185,0.0,265
W00841,Total Recall,film,1990.0,17.1488,19.0,16.941720413125555,18.1766002737208,20.103019063450272,42.38093415727593,42.803963836200715,29.188777420278306,29.33409110557849,0.0,266
W00358,The Mirror,film,1975.0,22.6545,11.0,9.991139226928274,13.746698053471329,26.557184489464813,24.99355457457376,32.3720144299299,25.763509851812945,29.320804209831376,0.0,267
W00538,Things Fall Apart,novel,,25.2669,9.0,10.506499821829406,12.157101134647109,29.61962191956823,26.282766231191456,28.628682453495355,27.901354783742782,29.119937333859585,0.0,268
W00354,The Leopard,film,1963.0,17.7083,19.0,15.380900707182162,17.332976989983962,20.758903974697734,38.476431215666935,40.81732057042697,28.26178587589773,29.108810319660062,0.0,269
W00203,All the King's Men,film,1950.0,24.0446,14.0,12.338719253387016,12.637607527567654,28.18675663446051,30.86619513905872,29.76022399349226,29.49606635835389,28.962807030597,0.0,270
W00439,Women in Love,novel,,18.2,14.0,14.831257719271484,16.6714595273819,21.335308998576867,37.1014596831062,39.259517179263014,28.13487349602469,28.94156060330046,0.0,271
W00245,How the West Was Won,film,1962.0,15.1274,22.0,19.096462656700215,19.911581754887173,17.733393040938005,47.771177115133305,46.889661021481956,29.105756472061017,28.835963456251815,0.0,272
W00334,M,film,1931.0,21.6186,11.0,13.231302759392586,13.926462811555737,25.34283028113373,33.099057084329935,32.795341349606566,28.962454767400683,28.829269325373584,0.0,273
W00163,12 Years a Slave,film,2013.0,57.7852,2.0,2.3660396906041123,3.580776561389607,67.7398405244266,5.918818744246694,8.432348631269141,20.023482160410012,28.679898364553097,0.4,274
W00431,Lord of the Flies,novel,1954.0,32.4374,5.0,8.525162492922279,9.171702264259887,38.025381984089954,21.326308160102663,21.598385073327965,28.47702607538783,28.65810256546589,0.0,275
W00409,Invisible Man,novel,1953.0,23.8926,12.0,12.53603678925763,12.444640202456483,28.00857163623064,31.359799170519988,29.305806430183203,29.636855122723723,28.649847796407137,0.0,276
W00268,Pillow Talk,film,1959.0,24.1354,11.0,11.583054838556311,11.898517456867964,28.293198725508358,28.975846164516284,28.019745346136904,28.632488082114314,28.156140064227365,0.0,277
W00452,From Here to Eternity,novel,1952.0,15.6804,19.0,17.947366514241075,18.312996188095923,18.381658198971685,44.89663032965982,43.12516173340919,28.72759149329077,28.15514132017279,0.0,278
W00662,To Kill a Mockingbird[am],novel,1960.0,17.7823,14.0,15.571412166000743,16.103687862055104,20.845651934362277,38.953009355047726,37.92247518769741,28.495629047474676,28.116164714488175,0.0,279
W00743,"Goodbye, Columbus",novel,1959.0,17.7108,13.0,15.244409926171445,16.165852697457055,20.761834649010723,38.13498969367082,38.06886677503267,28.138094291577772,28.1136891435195,0.0,280
W00295,The Producers,film,1967.0,21.7574,11.0,11.642913326940818,13.115801558113468,25.505541318991007,29.12558648563576,30.88632016560003,27.255528788655504,28.067281934225424,0.0,281
W00828,Mishima: A Life in Four Chapters,film,1985.0,11.6221,18.0,19.41391972853776,22.76678380729119,13.624235973206604,48.565318851109836,53.61335871828618,25.722856842534803,28.066160366309457,0.07692307692307693,282
W00593,The Stranger,novel,1942.0,20.896,12.0,10.833977500553257,13.61928266555107,24.495748177706712,27.101975237215452,32.07196471906074,25.76593022829319,28.029034434357637,0.0,283
W00840,Fahrenheit 9/11,film,2004.0,13.305,12.0,8.801890293649906,10.885106641203047,15.597048693739847,22.018562690111263,25.63327046900323,18.531718604701208,27.993117022980847,0.8,284
W00854,Becoming Jane,film,2007.0,7.6526,15.0,14.411024183812376,16.48477601792013,8.970911299038974,36.05021521898592,38.81989733465602,17.983416890034764,27.99218060746156,1.0,285
W00248,Kramer vs. Kramer,film,1979.0,14.3312,15.0,18.052300136309878,19.71091357094617,16.800031885736527,45.15912934506896,46.4171087532283,27.5440522241964,27.925058766239605,0.0,286
W00383,The Gospel According to St. Matthew,film,1964.0,19.2744,12.0,10.770783077997685,14.542908253011953,22.59479559132802,26.94388983643409,34.24700491626547,24.673704287955808,27.817334086828378,0.0,287
W00167,The Green Mile,film,1999.0,25.5008,10.0,8.749729061959997,10.900005610353446,29.893815808291706,21.888077611152,25.66835595952988,25.579643478855825,27.700633659825417,0.0,288
W00498,The Big Sleep,novel,1939.0,29.9606,8.0,9.559958014876566,9.265577013351734,35.12190432872319,23.91492370874621,21.819450140763557,28.981678048851798,27.682858240240357,0.0,289
W00184,Birdman,film,2014.0,42.4518,8.0,5.956923297149364,6.5353134363863035,49.7649599200981,14.901672786480262,15.389969288907784,27.231987605784614,27.67455880107281,0.0,290
W00342,Beauty and the Beast,film,1946.0,17.7083,11.0,14.269929507223205,15.491893182964539,20.758903974697734,35.69725672051873,36.48176367263849,27.22197502793252,27.51947363064778,0.0,291
W00133,Brokeback Mountain,film,2005.0,20.0352,12.0,13.007318822118352,13.6353832768234,23.48665839825754,32.538745128611886,32.109879949206274,27.64464489812944,27.461860490069984,0.0,292
W00318,Jules and Jim,film,1962.0,17.7083,11.0,11.63475850000974,15.373010633944597,20.758903974697734,29.10518659856395,36.20180789144866,24.58031272716538,27.413680047177856,0.0,293
W00455,A Clockwork Orange,novel,,18.9334,12.0,13.935403968804678,14.341815970047282,22.195051615036,34.860416985714764,33.77345393983764,27.81598019699498,27.378888827210233,0.0,294
W00644,Dragon's Teeth[u],novel,1942.0,17.7823,15.0,15.107201647843567,15.227314496189283,20.845651934362277,37.791753300444675,35.85870895558391,28.067663516765275,27.34041268349294,0.0,295
W00243,Her,film,2013.0,35.3547,7.0,8.424738802916604,7.555078062991564,41.4452444534058,21.075091064661528,17.791406716222294,29.554395629968234,27.15454290765725,0.0,296
W00599,The Bridge on the Drina,novel,1945.0,13.1789,20.0,18.86602967878391,20.155556678726708,15.449225481392565,47.19473241963651,47.464196064323026,27.002260325479277,27.079236829917345,0.0,297
W00638,Gone with the Wind[o],novel,1936.0,17.7823,13.0,14.948267135160098,14.91310162834806,20.845651934362277,37.39416716674019,35.11877101177658,27.91963096341397,27.05686007048982,0.0,298
W00517,Lucky Jim,novel,1954.0,26.7535,8.0,6.026667879018531,9.909104131278983,31.362318093045396,15.076143882682146,23.334888180251994,21.74448941836064,27.052470973548946,0.0,299
W00507,Falconer,novel,,25.2669,13.0,11.748132894001293,10.479855033328318,29.61962191956823,29.388800813042096,24.678945957993818,29.503985641804505,27.03666119640577,0.0,300
W00200,A Man and a Woman,film,1966.0,24.6815,10.0,8.804744472908617,10.713994081906948,28.933375222438183,22.025702625152498,25.230318558869673,25.244364095603178,27.018480228270096,0.0,301
W00229,From Here to Eternity,film,1953.0,17.9936,16.0,12.077509475395528,14.681313655195234,21.093352527296304,30.212760060899996,34.57293494391498,25.24457166971113,27.004797808450256,0.0,302
W00522,Neuromancer,novel,,25.2669,7.0,9.780882422747093,10.454553140872608,29.61962191956823,24.467582031241136,24.61936268756082,26.92063389022227,27.004003679200547,0.0,303
W00273,Rebecca,film,1940.0,14.6458,20.0,17.105601552049215,18.02965522546798,17.168827941283354,42.79089463289339,42.45792384871107,27.104787536627768,26.999125713671386,0.0,304
W00237,Gosford Park,film,2001.0,16.4013,18.0,12.120535365136123,16.05392453519367,19.226747443865865,30.32039242382942,37.80528783630775,24.144616947300538,26.960577168735526,0.0,305
W00581,Doctor Zhivago,novel,1957.0,16.471,12.0,15.246564835141657,15.906172205680095,19.308454643712064,38.14038035370737,37.45734678715804,27.1372770217184,26.893186525840235,0.0,306
W00688,Heat and Dust,novel,1975.0,17.7917,14.0,15.484747816247602,14.667477982648377,20.85667126977912,38.73621224052178,34.540353403999546,28.42373031354183,26.84020857760265,0.0,307
W00312,High and Low,film,1963.0,17.0392,13.0,14.965484804472077,15.267128642897141,19.974538301568735,37.43723840694832,35.95246704401567,27.345777598462057,26.798021009145035,0.0,308
W00255,Midnight in Paris,film,2011.0,18.0573,16.0,11.185935300780562,14.395666472014378,21.168026108791324,27.98242303081832,33.90026615466603,24.33788530878568,26.788089126642557,0.0,309
W00228,Father Goose,film,1964.0,20.8422,9.0,5.908692759524081,7.963396915315756,24.432680066491137,14.781020621905315,18.752954262261053,19.00368248290895,26.756568463164495,0.5,310
W00653,The Caine Mutiny[ad],novel,1951.0,17.7823,16.0,15.119517669410131,14.575206692821146,20.845651934362277,37.82256271568492,34.32306431289297,28.07910215154245,26.748582242565647,0.0,311
W00463,The Day of the Locust,novel,,17.5334,10.0,14.812124238573238,14.740068297983218,20.55387399976086,37.05359590269322,34.71129588970427,27.59700964637313,26.710514822545047,0.0,312
W00436,The Secret Agent,novel,,19.25,12.0,11.68804036355531,13.40720286270476,22.566192210033226,29.23847501884459,31.572539299855883,25.686592751929982,26.692170957031124,0.0,313
W00414,"Winesburg, Ohio",novel,,26.95,7.0,8.58089549350967,9.50605694958505,31.592669094046514,21.465728276282345,22.38575485885458,26.041498618460988,26.59371628178801,0.0,314
W00322,La Dolce Vita,film,1960.0,22.2183,11.0,12.08046443799516,11.48580150593205,26.045840435334085,30.220152112729345,27.047843099707197,28.055467557317108,26.542113809848033,0.0,315
W00493,The Assistant,novel,,25.2669,10.0,10.798981421442118,10.015866813020262,29.61962191956823,27.014430024072702,23.586302960766062,28.28705010575804,26.431371061265125,0.0,316
W00526,Play It as It Lays,novel,,25.2669,9.0,9.515597981852478,9.965434943470788,29.61962191956823,23.803953890276542,23.467541262325202,26.55304341164731,26.364743495280578,0.0,317
W00192,Iron Man 2,film,2010.0,10.8575,20.0,20.84738493234206,23.14883251632807,12.727918541321337,52.1512353305312,54.51304286598264,25.763863745880204,26.340796666725655,0.0,318
W00359,Ivan's Childhood,film,1962.0,15.6763,13.0,11.23385858280586,16.021202097960423,18.37685189309838,28.102306573374083,37.728229970762385,22.725138630013692,26.331086083970327,0.0,319
W00532,Revolutionary Road,novel,1961.0,26.8871,9.0,8.998860378587455,9.3340050038114,31.518933328331652,22.511297548031827,21.98059079330099,26.63704350243568,26.32118492263208,0.0,320
W00407,The Heart Is a Lonely Hunter,novel,1940.0,29.4882,7.0,9.186246224972846,8.449009711515847,34.568124110540346,22.980056742730373,19.896520839834803,28.18470247403657,26.225663037554682,0.0,321
W00401,Under the Volcano,novel,,28.3834,8.0,8.641208070826275,8.766565772636842,33.27300051814322,21.616604533579704,20.64433164886939,26.81882349854845,26.208755362465265,0.0,322
W00311,Ikiru,film,1952.0,20.2557,10.0,11.604210417818347,12.257322383284318,23.745143872663377,29.028768370165995,28.864692853552842,26.254376423670998,26.180074191030297,0.0,323
W00125,Slumdog Millionaire,film,2008.0,21.7346,8.0,10.076535205251076,11.393032488703943,25.478813569256527,25.207178766588576,26.82938191341524,25.342632231100858,26.145378558175246,0.0,324
W00874,I'm Not There,film,2007.0,12.4315,9.0,6.938724793359068,8.827908829617414,14.573071088780678,17.35771996183923,20.788788035270457,15.904568115577064,26.10846784564496,1.0,325
W00880,Extremely Loud and Incredibly Close,film,2011.0,13.5677,12.0,10.907011187609191,12.950308365004485,15.905003950548975,27.284674267001275,30.496601266229405,20.831775056535562,26.061518082738196,0.3666666666666667,326
W00324,Amarcord,film,1973.0,20.9099,10.0,11.24593133439381,11.70911013950762,24.51204272688695,28.13250743123676,27.573711223115264,26.259954763269114,25.99784582691119,0.0,327
W00202,All Quiet on the Western Front,film,1930.0,27.4748,8.0,7.553095375701934,8.90001314764145,32.20787624582965,18.894612235086036,20.958586048906536,24.66891429675392,25.981369204696538,0.0,328
W00525,The Painted Bird,novel,1965.0,27.0709,7.0,8.517926393699048,9.017847423441294,31.734396503822776,21.308206536580553,21.23607325795814,26.00390499554241,25.95985302254755,0.0,329
W00509,The Golden Notebook,novel,,25.2669,11.0,9.898619021338076,9.648494763027617,29.61962191956823,24.762108614794023,22.721180786898888,27.08217670538102,25.942104472731252,0.0,330
W00480,Midnight's Children,novel,1981.0,15.6362,12.0,14.687196500581235,15.583491615719776,18.329843877118,36.74108016585256,36.69746825677772,25.951074415460223,25.935667792293863,0.0,331
W00165,The Prestige,film,2006.0,11.7261,19.0,16.498183143604606,20.739046010308225,13.746152024627046,41.27139372351325,48.83825149117495,23.81854009782404,25.910191616710584,0.0,332
W00355,Come and See,film,1985.0,20.1467,7.0,12.257733359164858,12.059666354578834,23.61736647261695,30.663603090140345,28.399233891078516,26.9108444971672,25.89816816586001,0.0,333
W00706,The Ghost Road,novel,1995.0,17.7917,14.0,13.441714476933631,13.653263731507177,20.85667126977912,33.62541715459279,32.15198652161991,26.482338867678084,25.895625374796328,0.0,334
W00836,The Man Who Knew Infinity,film,2015.0,7.8069,15.0,12.780347680458405,17.46954902201482,9.151792517636798,31.97096046591379,41.13893320601632,17.105309023037606,25.871304776558226,0.6666666666666666,335
W00325,Bicycle Thieves,film,1948.0,22.9271,9.0,10.09008651427525,10.572233947554462,26.876745216553388,25.24107834239868,24.896488493133365,26.046075166898238,25.867674383616297,0.0,336
W00315,Tokyo Story,film,1953.0,23.3087,8.0,7.943252476809206,10.369891755073965,27.32408334368839,19.870618331858257,24.419994112498575,23.30121094257372,25.831259248869205,0.0,337
W00492,"Are You There God? It's Me, Margaret",novel,,25.2669,8.0,10.252300116497075,9.527758493090673,29.61962191956823,25.646867354821026,22.43685968975893,27.56175818904004,25.779280460731645,0.0,338
W00329,Wild Strawberries,film,1957.0,21.2915,7.0,9.030293309904122,11.298555056368563,24.959380854021944,22.589929290264436,26.60689759092797,23.74511841665852,25.76997652920798,0.0,339
W00511,Gravity's Rainbow,novel,1974.0,21.4888,10.0,10.05167187763811,11.193666388045225,25.19066967080322,25.144981361319186,26.35989591304927,25.167815148548264,25.76865208935811,0.0,340
W00406,An American Tragedy,novel,,27.5084,6.0,8.065233229821626,8.73118483205818,32.24726450859626,20.175761973460858,20.561013290198687,25.507119261505608,25.749493861701442,0.0,341
W00859,The King,film,2019.0,10.1186,11.0,8.421273947483833,10.54933859243338,11.861728441373621,21.066423479175523,24.84257236262151,15.80772578649305,25.749187484051355,1.0,342
W00307,Rules of the Game,film,1939.0,23.2542,9.0,9.061443956327423,10.300005477397857,27.260194643665173,22.66785487649945,24.255419348392675,24.858200580245743,25.71395443335985,0.0,343
W00332,Scenes from a Marriage,film,1973.0,15.8943,13.0,12.56886374792231,15.066270017404822,18.63240669319122,31.44191817259451,35.47946630612783,24.20410309443051,25.711239672041266,0.0,344
W00145,Spider-Man,film,2002.0,12.6782,17.0,16.920350051382915,18.87807268461062,14.86227002998666,42.32747465777726,44.45585688856819,25.081514269503405,25.704376076698363,0.0,345
W00523,Never Let Me Go,novel,,25.2669,8.0,8.23161175605032,9.465509523698127,29.61962191956823,20.59196984334283,22.29026997580832,24.69668725434578,25.694928860935686,0.0,346
W00656,A Fable[ag],novel,1954.0,17.7823,10.0,12.832189141106323,13.33500053155241,20.845651934362277,32.100645614574034,31.402510475708674,25.8681055616704,25.585265354140617,0.0,347
W00371,Spirited Away,film,2001.0,19.6015,9.0,8.562004296981842,12.039789369744158,22.978245018439807,21.41847058717671,28.352425702130983,22.18465381907937,25.524282255348062,0.0,348
W00193,Life of Pi,film,2012.0,10.8575,21.0,19.48822599385363,21.698439265011682,12.727918541321337,48.7512013270941,51.09752074728516,24.90986389530883,25.502256404775686,0.0,349
W00537,Their Eyes Were Watching God,novel,,25.2669,8.0,8.661169825345924,9.231260921758647,29.61962191956823,21.666540300628814,21.73863938839894,25.332878478564446,25.374993196653485,0.0,350
W00423,Sister Carrie,novel,1900.0,26.6563,5.0,7.956677546724197,8.73516582676713,31.248373475756292,19.90420211144201,20.570388110076326,24.93940539217559,25.35332661022852,0.0,351
W00506,Dog Soldiers,novel,1975.0,21.4888,11.0,10.80249379290228,10.775145293148382,25.19066967080322,27.023216474324457,25.37432316892332,26.090858928891457,25.28232966062574,0.0,352
W00147,Life is Beautiful,film,1997.0,12.5111,16.0,17.89014149376076,18.463271552120105,14.666383758906322,44.75347781822739,43.47904426096099,25.619751759683865,25.25233352784901,0.0,353
W00153,Skyfall,film,2012.0,12.3441,19.0,16.20349370585009,18.420382194858245,14.470614714798497,40.5342068644595,43.37804437816945,24.218895315549258,25.05408085078998,0.0,354
W00683,In a Free State,novel,1971.0,17.7917,10.0,11.599906720951273,12.7527410107895,20.85667126977912,29.018002362398864,30.031351122765646,24.60119786063734,25.02706571204134,0.0,355
W00175,Pirates of the Caribbean: On Stranger Tides,film,2011.0,11.2416,22.0,19.737210378539952,20.11551160783899,13.178187342769325,49.37405370313766,47.369894173964894,25.508048329339147,24.984982285998655,0.0,356
W00543,White Teeth,novel,2001.0,26.9873,8.0,8.586100414674755,8.376589545432367,31.636394754796346,21.478748761558467,19.725979037552303,26.067415956702668,24.98117010383706,0.0,357
W00217,Coming Home,film,2006.0,21.7018,13.0,10.274883781445425,10.413456520592801,25.440363122270078,25.703362019699597,24.52258451002725,25.571524460702825,24.977258749343346,0.0,358
W00126,Harry Potter and the Half-Blood Prince,film,2009.0,13.5635,16.0,16.90814138489461,16.64645634933024,15.90008041770315,42.29693379899953,39.20063734953707,25.933080203214562,24.965842390811833,0.0,359
W00089,Swing Time,film,1936.0,22.2856,10.0,9.776490652707563,10.118118281116399,26.124734187839813,24.456595702087988,23.82709431210107,25.276907679866902,24.949479060137314,0.0,360
W00013,Psycho,film,1960.0,43.3598,3.0,4.146500516234694,5.179268718382966,50.82938083057655,10.372769770507182,12.19662794918518,22.961739153056364,24.898735848994168,0.0,361
W00317,The 400 Blows,film,1959.0,17.7083,11.0,10.595544366946386,12.588846980630136,20.758903974697734,26.50551757589808,29.645398082358348,23.456885858053095,24.80737737213197,0.0,362
W00299,The Usual Suspects,film,1995.0,22.9379,10.0,9.248795451887613,9.70282562124469,26.889405729585512,23.136528140133997,22.849124189696578,24.94248368414893,24.787080725701404,0.0,363
W00308,Grand Illusion,film,1937.0,21.3461,9.0,9.061443956327423,10.300005477397857,25.023386781017674,22.66785487649945,24.255419348392675,23.816517379134662,24.63641085650687,0.0,364
W00123,Star Wars: Episode I – The Phantom Menace,film,1999.0,13.7305,16.0,14.436319928455362,15.9696928451684,16.09584946181097,36.11349434660882,37.606931149171025,24.10969449294157,24.60316041686,0.0,365
W00249,Little Miss Sunshine,film,2006.0,14.0127,15.0,16.383028908251294,15.609569195364367,16.42666397826143,40.983327107642346,36.75887818818588,25.9464707254843,24.572865934098385,0.0,366
W00690,Staying On,novel,1977.0,17.7917,11.0,11.852978630996697,12.209337850285017,20.85667126977912,29.65107997760857,28.751694372854086,24.868108651180364,24.4880509225168,0.0,367
W00321,8½,film,1963.0,17.7083,9.0,11.35352346046642,12.143981479918041,20.758903974697734,28.401656885939833,28.597787059521245,24.28141816322798,24.365112670731794,0.0,368
W00708,The God of Small Things,novel,1997.0,22.9197,6.0,6.397294328720421,9.337120369155388,26.868070420586932,16.003292647903855,21.98792714792795,20.73590108543976,24.305825947975176,0.0,369
W00274,Splendor in the Grass,film,1961.0,20.5552,8.0,10.143012257454572,10.381465913352004,24.096238655359738,25.373475901926934,24.44725002641576,24.726611794761745,24.27110980371033,0.0,370
W00390,Rocco and His Brothers,film,1960.0,18.5657,9.0,7.716557716429423,11.446258849107132,21.764008037081236,19.303525056844013,26.954724341125697,20.496879627912932,24.220710914371793,0.0,371
W00627,Arrowsmith[e],novel,1925.0,17.7823,11.0,10.465957981553652,11.947777346790032,20.845651934362277,26.18134789695839,28.135747156984216,23.36166230028254,24.217927081972064,0.0,372
W00130,Pirates of the Caribbean: At World's End,film,2007.0,13.3296,18.0,16.26528127524832,15.836268676712972,15.625886528979681,40.6887729207129,37.292731398093366,25.215038145172038,24.13984236034537,0.0,373
W00862,Space Jam: A New Legacy,film,2021.0,7.3262,22.0,23.27746281693644,23.75772878345332,8.588282460734826,58.230250230591544,55.94692892858745,22.36286736399403,24.112040859780663,0.2,374
W00351,The Discreet Charm of the Bourgeoisie,film,1972.0,18.8928,7.0,9.963537973404597,11.033343620351994,22.147457464193025,24.92450805038847,25.982352816589028,23.49498844140842,23.98839414852652,0.0,375
W00384,Naked,film,1993.0,30.0809,7.0,6.409301381394234,6.925095650656703,35.262928376664334,16.033329155199628,16.30786502036346,23.777765614945583,23.980472809963242,0.0,376
W00707,Last Orders,novel,1996.0,17.7917,12.0,10.295849240631291,11.640612570390967,20.85667126977912,25.755808626281826,27.41240672022779,23.177153272257176,23.91090871709553,0.0,377
W00502,The Confessions of Nat Turner,novel,1967.0,26.6867,7.0,8.583890509882439,7.757135155894295,31.284010475402262,21.47322052551082,18.267229717620445,25.91849640431912,23.90548484851578,0.0,378
W00166,Star Wars: Episode VII – The Force Awakens,film,2015.0,11.7261,19.0,13.302589110094651,17.542705235747096,13.746152024627046,33.27738502634201,41.3112083223656,21.387753354528495,23.830026225757194,0.0,379
W00680,The Stories of John Cheever[ba],novel,1978.0,17.7823,15.0,13.911520354316336,11.531687924712223,20.845651934362277,34.80067040340875,27.155900744176552,26.93404281410278,23.792487362131645,0.0,380
W00427,The Bridge of San Luis Rey,novel,1927.0,25.4537,5.0,6.943931620185807,7.99876462497342,29.83860190423495,17.370745214265273,18.836241463517528,22.766614839021543,23.707532777620354,0.0,381
W00291,The Lavender Hill Mob,film,1951.0,23.9351,8.0,8.135057403915512,8.502375140190212,28.058393099551488,20.350432175347,20.02219075855901,23.895615198643597,23.70212013761334,0.0,382
W00142,Star Wars: Episode II – Attack of the Clones,film,2002.0,12.7784,18.0,14.896665855761357,15.91593080351299,14.979731456451352,37.26508284877831,37.480327248984835,23.6266995955235,23.69483566285508,0.0,383
W00131,Star Wars: Episode III – Revenge of the Sith,film,2005.0,13.3296,18.0,13.7832832989215,15.22943127345125,15.625886528979681,34.479876170669506,35.86369374129774,23.211605557913312,23.67281159709588,0.0,384
W00540,Ubik,novel,,25.2669,5.0,6.362671801815658,8.022176841104415,29.61962191956823,15.916681902517425,18.891374746832632,21.712809587121612,23.65492290289828,0.0,385
W00810,Bad Luck Banging or Loony Porn,film,2021.0,18.9876,7.0,7.969469721506805,9.639935441463027,22.258588634141653,19.936202658256022,22.70102449335686,21.06541558804388,23.602653966508786,0.1,386
W00499,The Blind Assassin,novel,2000.0,21.5293,8.0,8.7852947816714,9.336170721410648,25.238146594673676,21.97704782129532,21.98569082831313,23.551219811975876,23.555850400911858,0.0,387
W00430,The Heart of the Matter,novel,,23.3084,6.0,8.747575811056564,8.61484766560009,27.32373166277082,21.882691098888944,20.287051614698917,24.45233689538374,23.543957920214154,0.0,388
W00531,Red Harvest,novel,,25.2669,7.0,7.249848815789981,7.9323787576788565,29.61962191956823,18.13601911846891,18.679909794221835,23.1771876942633,23.52215690782821,0.0,389
W00485,Under the Net,novel,,13.6834,14.0,13.463302010847158,14.540532126172737,16.040635557754214,33.67941992592281,34.241409389832334,23.243048440948815,23.43616796761287,0.0,390
W00629,The Bridge of San Luis Rey[f],novel,1927.0,17.7823,10.0,9.80711019027547,11.182947821606561,20.845651934362277,24.533192681258196,26.33465482707569,22.614384702488643,23.429960485173535,0.0,391
W00718,Wolf Hall,novel,2009.0,17.7917,12.0,10.882027402502601,11.147778261449728,20.85667126977912,27.222175528633382,26.25183424685615,23.827798182982246,23.399270867174646,0.0,392
W00641,The Grapes of Wrath[r],novel,1939.0,17.7823,11.0,11.338550573102154,11.073734817437135,20.845651934362277,28.364201129496255,26.077469797393896,24.316049517586617,23.315270933989122,0.0,393
W00213,Cavalcade,film,1933.0,30.6566,7.0,4.668730074114354,6.423056020408819,35.93780405745998,11.679164632881017,15.125614992643008,20.487155247405493,23.31483192849958,0.0,394
W00246,Interrupted Melody,film,1955.0,22.7844,10.0,7.701118960656523,8.639102732830146,26.709462326767845,19.26490389701336,20.344169722866866,22.683809752025372,23.310552005095968,0.0,395
W00100,Avatar,film,2009.0,16.9591,13.0,10.99718119890207,11.58479472085114,19.88063949658049,27.510241046429627,27.280961610738775,23.386346117085044,23.28868744483358,0.0,396
W00763,The Stories of John Cheever,novel,1981.0,17.7108,14.0,12.307245631995023,11.091035581219922,20.761834649010723,30.787461607671222,26.11821125928145,25.282487756572447,23.286519351185387,0.0,397
W00266,Out of Africa,film,1985.0,10.3503,18.0,16.30854176292383,18.963493622902153,12.133343336701655,40.79699214727781,44.65701412910957,22.248683395375174,23.277432951689995,0.0,398
W00625,The Able McLaughlins,novel,1923.0,17.7823,10.0,10.583225874330337,11.005542266360967,20.845651934362277,26.47470197914952,25.91688357960802,23.492177900810365,23.243371836373008,0.0,399
W00478,The Call of the Wild,novel,1903.0,12.3507,11.0,14.365450347967167,15.802694907042246,14.478351694984797,35.9362089853124,37.21366873504364,22.810021312436902,23.211906078704992,0.0,400
W00361,Ashes and Diamonds,film,1958.0,17.8024,7.0,9.121121740514955,10.961815764324028,20.869214555838724,22.8171431530516,25.81391230975077,21.821454030662583,23.21025795888092,0.0,401
W00368,Farewell My Concubine,film,1993.0,13.4956,14.0,14.158996450794412,14.362723016813348,15.820483303362305,35.419749687836756,33.82268781527199,23.67187273000794,23.132039855065663,0.0,402
W00863,Abraham Lincoln: Vampire Hunter,film,2012.0,6.7419,15.0,20.081971296739162,21.09524336998378,7.903325260302494,50.236497977857404,49.6770584557615,19.92574674780184,23.11690314502706,0.3333333333333333,403
W00176,The Shining,film,1980.0,11.2416,15.0,16.765312848703495,17.127967500342685,13.178187342769325,41.93963792582446,40.3345449881653,23.509325929818324,23.055068645297933,0.0,404
W00320,Contempt,film,1963.0,21.8912,7.0,7.281727730175531,8.6871502385009,25.662391008222304,18.21576651947859,20.45731649752109,21.62082613910357,22.912521793515943,0.0,405
W00442,Portnoy's Complaint,novel,,21.2084,7.0,8.619473459639238,8.924036952463963,24.86196523985811,21.56223383785401,21.015159558657835,23.153390856857637,22.857781310910802,0.0,406
W00211,Breaking Away,film,1979.0,21.9745,12.0,8.20450096880844,8.611472040049119,25.76004107633117,20.52415025589645,20.279102374916313,22.993541563854087,22.855863802730564,0.0,407
W00443,Pale Fire,novel,,21.0334,8.0,9.286802258458877,8.990281081228863,24.656818037948717,23.23160490492213,21.17115744876454,23.93360513734155,22.847612060496605,0.0,408
W00343,Playtime,film,1967.0,21.8367,6.0,7.648896588802903,8.647887150630503,25.59850230819909,19.134265871529813,20.36485609414567,22.13161876316441,22.83221004922936,0.0,409
W00257,Million Dollar Baby,film,2004.0,12.5796,13.0,13.557697850518975,14.909256143282892,14.746684235082283,33.91555791948529,35.109715302723,22.363855286942226,22.754161930356663,0.0,410
W00742,The Magic Barrel,novel,1959.0,17.7108,12.0,10.18316220984935,10.505836824174143,20.761834649010723,25.47391390039269,24.74013031695078,22.997503957236074,22.663858780788175,0.0,411
W00872,Blonde,film,2022.0,6.4296,13.0,12.130711059497223,12.819141066740386,7.537225425123616,30.345847656368157,30.187716204840566,15.12360719215181,22.626227032748215,1.0,412
W00162,The King's Speech,film,2010.0,17.2935,11.0,9.380493285797666,10.669272513372277,20.272646492686214,23.46597975965627,25.125004013056405,21.810949366592034,22.5687909397915,0.0,413
W00416,The Wings of the Dove,novel,,26.25,4.0,6.297770655738259,6.973325284799661,30.77208028640894,15.754327009887573,16.421440688233158,22.01802478894511,22.479365900238673,0.0,414
W00780,Cold Mountain,novel,1997.0,18.6296,10.0,11.727986530669664,9.816308174866549,21.838916072521297,29.338403233749926,23.116363555041076,25.312426314434024,22.468563006575035,0.0,415
W00141,Harry Potter and the Deathly Hallows – Part 1,film,2010.0,12.7784,15.0,14.639420320367073,14.309443360079612,14.979731456451352,36.62156460907511,33.69721988036157,23.421810420183746,22.467205091795687,0.0,416
W00287,The Greatest Show on Earth,film,1952.0,21.1478,10.0,8.21216471228683,8.643396998283436,24.790925694511202,20.54332166233191,20.354282262087494,22.56740926312351,22.463336776278773,0.0,417
W00364,Blue,film,1993.0,28.9589,7.0,6.768011764943114,6.280225576087666,33.947641744993824,16.93066902246235,14.78926446056523,23.97407529974027,22.406709967758268,0.0,418
W00196,Doctor Strange,film,2016.0,10.8575,17.0,15.009197335822348,16.597624683118198,12.727918541321337,37.54658845333254,39.08564396006238,21.860693477987674,22.3042348548154,0.0,419
W00063,Network,film,1976.0,39.1805,5.0,4.243725846436843,4.596593737055703,45.93011396806269,10.615985938478193,10.824490230722516,22.0815181551825,22.297310823129912,0.0,420
W00533,Snow Crash,novel,,25.2669,5.0,7.789434822135192,7.111026210431516,29.61962191956823,19.4858323871017,16.74571174839829,24.02421670094636,22.271094511981875,0.0,421
W00189,The Social Network,film,2010.0,13.4743,14.0,11.659955800053764,13.277617925301563,15.795513958215617,29.16821945993023,31.267380530295323,21.464552583634823,22.223508849934543,0.0,422
W00699,Moon Tiger,novel,1987.0,17.7917,11.0,9.487304112596405,10.037519508500724,20.85667126977912,23.733174737938082,23.637292759757347,22.24848362692165,22.20349622914799,0.0,423
W00566,Death in Venice,novel,1912.0,13.7783,10.0,12.230726561441463,12.902188638969374,16.151883954675363,30.596043639966243,30.383284420284753,22.230243956036965,22.152816618171496,0.0,424
W00353,Los Olvidados,film,1950.0,19.4925,7.0,7.87516261327586,9.084079243275664,22.85046761839338,19.700286632785417,21.392042161840283,21.21699228862402,22.109232612427718,0.0,425
W00619,The General in His Labyrinth,novel,,10.7234,15.0,14.697500996918679,16.48631388069824,12.57071717117248,36.76685760581449,38.823518838223684,21.498506186139206,22.091615488800198,0.0,426
W00155,Harry Potter and the Deathly Hallows – Part 2,film,2011.0,12.3441,15.0,14.639420320367073,14.309443360079612,14.470614714798497,36.62156460907511,33.69721988036157,23.020350816419505,22.082107821685877,0.0,427
W00668,The Fixer,novel,1966.0,17.7466,8.0,10.098130617932416,9.93748694747024,20.80380190517276,25.26120124722389,23.401726698980745,22.924419875624963,22.06456177866644,0.0,428
W00134,Iron Man,film,2008.0,13.1292,14.0,12.885136278674649,13.422916058631662,15.390963676050298,32.2330966937077,31.6095422079948,22.27326694446668,22.056774830872865,0.0,429
W00218,Crash,film,2004.0,29.7089,8.0,6.535693605716477,5.9269697421483265,34.826844038891224,16.349508410102374,13.957384476785887,23.862141134256493,22.047486304879826,0.0,430
W00347,A Man Escaped,film,1956.0,20.5828,7.0,7.017186786732903,8.546946463452795,24.128593299775158,17.553998290954432,20.12715149270804,20.58041023758729,22.037237863455456,0.0,431
W00173,The Wolf of Wall Street,film,2013.0,11.5423,12.0,13.160787088923993,15.231433675217257,13.530688849135922,32.92265705444452,35.868409184861825,21.106070896557192,22.030076808623576,0.0,432
W00349,Diabolique,film,1955.0,13.0594,9.0,12.949098091083705,13.413340928054819,15.30913924923158,32.39310177549315,31.58699379207729,22.26904815647843,21.990217971350912,0.0,433
W00484,Wide Sargasso Sea,novel,,13.8584,14.0,13.535104109262514,12.620265811179584,16.245782759663605,33.859038047996044,29.719386092567202,23.45349817359722,21.97304462768905,0.0,434
W00150,Cars,film,2006.0,12.5111,16.0,11.960438076992606,13.976651473189838,14.666383758906322,29.919897523541014,32.913530319228094,20.947952145911625,21.970945963298842,0.0,435
W00254,Melvin and Howard,film,1980.0,13.2166,12.0,12.858779928953847,13.163458728306253,15.493420050032471,32.167164386072756,30.99854774164553,22.324412414481824,21.915143647767852,0.0,436
W00749,Steps,novel,1969.0,17.7108,7.0,9.392645394721677,9.821139813008852,20.761834649010723,23.4963791356123,23.127741549891507,22.086827261153832,21.912880820738803,0.0,437
W00424,A Handful of Dust,novel,,24.3584,6.0,6.219026930472532,7.109729407294107,28.554614874227184,15.557343908147807,16.742657914691193,21.076858488946236,21.86504399092164,0.0,438
W00716,The Gathering,novel,2007.0,18.7104,10.0,9.075881938069356,9.237635651776342,21.933635466317174,22.703972527992196,21.75365120078596,22.315480211419615,21.843457956547358,0.0,439
W00180,Twilight,film,2008.0,11.2416,17.0,16.041025154392447,15.372365853566642,13.178187342769325,40.12778007815627,36.20028950211486,22.995899711022183,21.841570385880118,0.0,440
W00410,Native Son,novel,,26.8084,6.0,6.740087817866042,6.430525034508727,31.426675700958683,16.86081525710522,15.143203727863574,23.0191088693464,21.81514502883529,0.0,441
W00596,Of Mice and Men,novel,1937.0,16.102,10.0,10.043413525460393,10.695975790364148,18.875887115114544,25.12432249838456,25.18788739528716,21.777141119146922,21.80467195675406,0.0,442
W00710,True History of the Kelly Gang,novel,2001.0,17.7917,7.0,9.147068500630672,9.632854987036593,20.85667126977912,22.882050842781087,22.684350774913973,21.845901501340187,21.7513228811661,0.0,443
W00693,Rites of Passage,novel,1980.0,17.7917,7.0,9.147068500630672,9.632854987036593,20.85667126977912,22.882050842781087,22.684350774913973,21.845901501340187,21.7513228811661,0.0,444
W00713,The Line of Beauty,novel,2004.0,17.7917,7.0,9.147068500630672,9.632854987036593,20.85667126977912,22.882050842781087,22.684350774913973,21.845901501340187,21.7513228811661,0.0,445
W00687,Holiday,novel,1974.0,17.7917,7.0,9.147068500630672,9.632854987036593,20.85667126977912,22.882050842781087,22.684350774913973,21.845901501340187,21.7513228811661,0.0,446
W00871,Reign Over Me,film,2007.0,7.4408,13.0,10.635664844549158,11.726324304007981,8.72262457124235,26.60588184104816,27.614248752886944,15.233946261107045,21.72792443813092,0.8,447
W00758,The Spectator Bird,novel,1976.0,17.8779,7.0,9.16900254736023,9.561109037876342,20.957720920091063,22.936920440884464,22.515396681904114,21.924998913714653,21.72260113486621,0.0,448
W00262,My Fair Lady,film,1964.0,11.7834,16.0,14.322824411229593,14.3809377973155,13.813323079880806,35.82957713363412,33.86558168949256,22.246921691829584,21.62859729998819,0.0,449
W00231,Gentleman's Agreement,film,1947.0,17.6752,10.0,8.664609435988828,9.556011114782144,20.720101846793728,21.675144734454236,22.503391614263425,21.19224401619344,21.593345413479174,0.0,450
W00327,"Rome, Open City",film,1945.0,19.3289,8.0,7.872293892932233,8.728654795142102,22.658684291351232,19.69311032217267,20.555055321875173,21.123919368925378,21.581253650555812,0.0,451
W00411,Henderson the Rain King,novel,1959.0,29.1192,4.0,5.164288994552487,5.782795791655438,34.13555658194283,12.918840974244073,13.61787013031363,20.99980540503721,21.56046326865149,0.0,452
W00691,"The Sea, the Sea",novel,1978.0,17.7917,9.0,8.351326545682781,9.457693123093376,20.85667126977912,20.891445014302132,22.27186318225085,20.874050900914405,21.55265480068993,0.0,453
W00883,The Right Stuff,film,1983.0,43.3832,2.0,3.2062218061963126,3.063537820336419,50.85681194214616,8.020594836209991,7.214306311290755,20.196580979197446,21.54886386530713,0.25,454
W00519,Money,novel,,25.2669,6.0,5.118547983581551,6.628815507044016,29.61962191956823,12.804416539949631,15.610156738198228,19.47464959412554,21.502719378967676,0.0,455
W00667,The Collected Stories[aq],novel,1965.0,17.7823,9.0,10.504352985290778,9.338805953538964,20.845651934362277,26.277395764924076,21.991896520192896,23.404474910945826,21.411105068082172,0.0,456
W00179,The Pianist,film,2002.0,11.2416,14.0,13.529718326764954,14.70314965275041,13.178187342769325,33.84556512506682,34.62435639983105,21.119261301949706,21.360858017874367,0.0,457
W00845,March of the Penguins,film,2005.0,22.7799,5.0,8.183904572147073,7.254791291307195,26.704187113004462,20.472626885807884,17.08426325033168,23.38172061789593,21.359339000181702,0.0,458
W00449,Zuleika Dobson,novel,1911.0,15.8192,10.0,11.395497902946408,10.433663663615636,18.544369236828967,28.50665897779672,24.57017018645503,22.992129300972273,21.345685937663117,0.0,459
W00380,Knife in the Water,film,1962.0,17.7083,6.0,7.8977207233705995,9.216853366732849,20.758903974697734,19.75671737035662,21.70471112596232,20.25161225054627,21.226540322492625,0.0,460
W00338,Fitzcarraldo,film,1982.0,16.2214,10.0,8.349483903007652,10.044020813010576,19.01585612030301,20.88683551089954,23.652602641634992,19.92940186969246,21.207887417280155,0.0,461
W00372,Princess Mononoke,film,1997.0,15.0766,9.0,7.16995471416383,10.715631826117788,17.67384173889802,17.936158267386197,25.234175272607008,17.804516916266248,21.118352686222238,0.0,462
W00520,Mrs. Bridge,novel,,25.2669,7.0,7.77846460247699,6.3674166052412655,29.61962191956823,19.458389592291734,14.994590077156335,24.007293535243463,21.07448905488055,0.0,463
W00365,In the Mood for Love,film,2000.0,22.818,5.0,5.427160543077761,6.972028394045215,26.74885058953445,13.576433091113122,16.41838664819724,19.056599389528976,20.95645416986937,0.0,464
W00265,Ordinary People,film,1980.0,10.5096,13.0,15.338592939445842,15.041447970452763,12.320085903925463,38.37059528666736,35.42101302091077,21.74233267422103,20.889947898970046,0.0,465
W00341,Children of Paradise,film,1945.0,17.7083,8.0,7.647585357232615,8.891971597425925,20.758903974697734,19.130985731290792,20.939649051919815,19.92832897503396,20.849080649579584,0.0,466
W00451,Death Comes for the Archbishop,novel,,19.6334,6.0,9.504721302237542,7.9792346321971745,23.015640422673574,23.77674509262378,18.79025040402747,23.393097603211878,20.795904566791346,0.0,467
W00008,Vertigo,film,1958.0,35.3222,2.0,3.342253453971944,4.431474724760939,41.407145687336914,8.3608878033409,10.435652487442622,18.606463913071043,20.78726973149568,0.0,468
W00122,Harry Potter and the Prisoner of Azkaban,film,2004.0,13.7305,15.0,14.526780812124173,11.359990938088725,16.09584946181097,36.339788764241085,26.751572569735576,24.18511462497613,20.7506454104246,0.0,469
W00635,Lamb in His Bosom[l],novel,1933.0,17.7823,7.0,8.626683384528338,8.763318486185756,20.845651934362277,21.5802699843936,20.636684634041266,21.20978068590608,20.74090511430074,0.0,470
W00775,All the Pretty Horses,novel,1992.0,17.7108,8.0,9.215821521368303,8.768967675601676,20.761834649010723,23.054041477376728,20.6499878753417,21.87793859450041,20.705835741933253,0.0,471
W00601,The Flies,novel,1947.0,7.7669,17.0,16.11113664606651,19.864594559195986,9.104901728628937,40.30316902566864,46.77901116425657,19.15610590206252,20.63778814730377,0.0,472
W00512,Herzog,novel,1965.0,21.4888,4.0,6.873607758364012,7.103969470809089,25.19066967080322,17.19482500752843,16.729093875801038,20.81223574755762,20.528445574791117,0.0,473
W00494,At Swim-Two-Birds,novel,1939.0,26.386,6.0,6.018971511544585,5.782799578658903,30.93150896903567,15.056890864971455,13.617879048304724,21.58083304313473,20.523682611117344,0.0,474
W00766,The Color Purple,novel,1983.0,17.7108,7.0,7.330381099087267,8.563660790282723,20.761834649010723,18.337476426978917,20.16651195783358,19.512038680185835,20.462008374444537,0.0,475
W00640,The Yearling[q],novel,1938.0,17.7823,7.0,8.393745262991002,8.507652618806905,20.845651934362277,20.997558491649038,20.034618660391775,20.921467343098303,20.436112331659523,0.0,476
W00425,As I Lay Dying,novel,1930.0,15.4334,7.0,9.355442752393465,9.79430451176955,18.092107576848147,23.40331404561311,23.064547264575054,20.577057014257253,20.42758601308511,0.0,477
W00216,Cimarron,film,1931.0,20.7006,8.0,6.6348910023691365,7.297596204118152,24.26668667340331,16.597657844374254,17.185064275406813,20.069134570822545,20.42117945255841,0.0,478
W00109,V for Vendetta,film,2005.0,14.265,10.0,9.019826964270958,10.562713746029852,16.722427629928518,22.563746972629044,24.874069429302054,19.424742618881925,20.394970602904063,0.0,479
W00432,Deliverance,novel,,17.4863,6.0,7.92088610220604,8.56595944738491,20.498660095704103,19.81466723443256,20.171925051260967,20.15376214378145,20.33463634053526,0.0,480
W00119,Avengers: Endgame,film,2019.0,13.8976,10.0,10.090980774885022,10.768406507854834,16.29173573289131,25.24331539973985,25.35845404501339,20.279482821674403,20.325679125087724,0.0,481
W00615,A Moveable Feast,novel,1964.0,11.1744,12.0,11.544736537947898,13.364408367688295,13.099410817236118,28.879990174953043,31.471762807580728,19.450214798285717,20.304224933720377,0.0,482
W00759,Blood Tie,novel,1978.0,17.7108,8.0,8.063936348352678,8.318259443335176,20.761834649010723,20.172517731034176,19.588617840016383,20.46505503500952,20.166696422495225,0.0,483
W00428,Howards End,novel,,22.05,5.0,5.261774261169025,6.663638025385932,25.84854744058351,13.162707391882456,15.692160071789043,18.44551074016637,20.139998611242987,0.0,484
W00798,The Underground Railroad,novel,2016.0,10.1205,11.0,16.15231600628674,14.513190664122893,11.863955753851492,40.4061821619721,34.17702314954612,21.894683312432274,20.136402122637833,0.0,485
W00864,"11'09""01 September 11",film,2002.0,6.888,10.0,9.965518770447359,10.841609515223475,8.074593867153705,24.929463156894844,25.530839355408236,14.187857143279155,20.10115099713529,0.8,486
W00346,Pickpocket,film,1959.0,20.3647,5.0,4.898925998281233,7.168485596126141,23.872921272709796,12.255016321345398,16.88102250125007,17.104474263632085,20.074842992541324,0.0,487
W00240,Guess Who's Coming to Dinner,film,1967.0,15.9236,10.0,8.336646946250152,9.12905131306325,18.666754196139483,20.85472293874908,21.49794661150847,19.730433014159136,20.032395890625722,0.0,488
W00462,A House for Mr. Biswas,novel,,17.7084,7.0,7.811183089099681,8.198426171842131,20.759021201670254,19.5402372437385,19.306423208340526,20.140412091822604,20.01955166107272,0.0,489
W00728,The Testaments,novel,2019.0,12.6054,9.0,9.508274759968181,11.486785466777572,14.776928793992353,23.785634323141135,27.050160223031344,18.74776319225835,19.99295604661348,0.0,490
W00369,The Spirit of the Beehive,film,1973.0,20.0376,6.0,6.7949624215773055,7.194596551234989,23.489471845598015,16.9980880316572,16.942511028333087,19.981894561042214,19.94920138235523,0.0,491
W00422,The Golden Bowl,novel,,24.15,5.0,5.128525476692034,5.943662775915884,28.310313863496226,12.829375957780801,13.996694799010228,19.057902823699333,19.90604990477882,0.0,492
W00222,"Divorce, Italian Style",film,1961.0,19.4268,7.0,8.749469044327231,7.385121212024273,22.77344949744797,21.88742715831101,17.3911763765016,22.32604346987766,19.901182801820333,0.0,493
W00616,Cancer Ward,novel,1967.0,7.7669,14.0,17.709473709140866,18.433850096006417,9.104901728628937,44.30152433902911,43.409759855487245,20.083849868372425,19.88068403117943,0.0,494
W00241,Hamlet,film,1948.0,15.7643,5.0,8.653403101604049,9.079978215524482,18.480011628915676,21.64711128164517,21.38238467689209,20.000971681826723,19.878297650526168,0.0,495
W00613,The Old Man and the Sea,novel,,7.7669,14.0,18.406313531674197,18.416445299019585,9.104901728628937,46.04471935799971,43.368773406449364,20.47517142484736,19.871296383399283,0.0,496
W00567,The Glass Bead Game,novel,1943.0,12.327,9.0,11.034203009470072,11.586738870998763,14.45056890249764,27.60285377275287,27.28553987792614,19.971903773770098,19.856776527115844,0.0,497
W00559,With Fire and Sword,novel,1884.0,11.4417,8.0,9.965469716637276,12.481033578836847,13.412758514781151,24.92934044525491,29.391508967676675,18.28582028034211,19.85500471338327,0.0,498
W00746,The Centaur,novel,1963.0,18.1953,6.0,7.829326790242553,7.824458864823853,21.329799330868443,19.585625019286347,18.42576990439597,20.439115720378272,19.824680945163305,0.0,499
W00651,The Way West[ab],novel,1949.0,17.7823,7.0,7.569212552470618,7.774385925804264,20.845651934362277,18.93493051391358,18.30785344924536,19.867334267444587,19.53558651968972,0.0,500
W00345,Au Hasard Balthazar,film,1966.0,22.2728,4.0,4.219978883416271,6.188672222300844,26.109729135357302,10.556581199663688,14.573666032610591,16.602092510241718,19.506780170510453,0.0,501
W00602,The Good Earth,novel,1931.0,7.7669,16.0,16.45929600172948,17.730203134989043,9.104901728628937,41.17411473653991,41.75274596844121,19.36197997208675,19.497554947815,0.0,502
W00819,Courage Under Fire,film,1996.0,12.5853,9.0,9.652501878727831,10.882630303088416,14.753366172515902,24.146428851370434,25.62743895565592,18.87435049486129,19.444561989836394,0.0,503
W00755,A Crown of Feathers and Other Stories,novel,1974.0,17.7108,7.0,7.521396031386924,7.714252632078505,20.761834649010723,18.8153140415447,18.166245926868893,19.764625951425458,19.420725890834166,0.0,504
W00591,L'homme révolté,novel,1951.0,7.7669,14.0,16.149838734800717,17.584459323937637,9.104901728628937,40.39998508887806,41.409534767025626,19.17910045002917,19.417253788371095,0.0,505
W00470,Brideshead Revisited,novel,,16.3084,5.0,8.130338508839543,8.357650573652593,19.117843586395107,20.338627519347906,19.68137976976028,19.71879052266757,19.397565311211558,0.0,506
W00159,Gravity,film,2013.0,12.1771,11.0,11.82048859279203,11.152921616284512,14.274845670690679,29.569803806337763,26.263946301422433,20.545179138865482,19.362690416264794,0.0,507
W00618,Joseph and His Brothers,novel,1943.0,7.7669,10.0,15.2692540404723,17.420927426305774,9.104901728628937,38.19713903545576,41.02443451027301,18.64889265432672,19.326754634149246,0.0,508
W00887,Glory,film,1989.0,30.8155,2.0,1.6820357486680058,3.6966759002770084,36.12407771679371,4.207733605334098,8.705279269324063,12.32884811207655,19.12663849891204,0.15714285714285717,509
W00366,Chungking Express,film,1994.0,19.0018,5.0,5.427160543077761,6.972028394045215,22.275234864239444,13.576433091113122,16.41838664819724,17.39017641437766,19.12389653497651,0.0,510
W00764,Rabbit is Rich,novel,1982.0,17.7108,7.0,8.283103839294764,7.3996480081591685,20.761834649010723,20.720780999257848,17.425385439090327,20.741297666851864,19.020593344627095,0.0,511
W00848,Jobs,film,2013.0,7.1547,7.0,6.809975853514407,8.101883978802132,8.387238202863621,17.03564521327071,19.07907659360938,11.953326496970408,18.974896842483332,1.0,512
W00385,Yi Yi,film,2000.0,19.8741,5.0,6.268393483229002,6.50774885947086,23.29780574552838,15.680837896416124,15.325057636801166,19.113584573224948,18.895507822263465,0.0,513
W00626,So Big[d],novel,1924.0,17.7823,7.0,7.644063409238222,7.269082329001528,20.845651934362277,19.122175324648733,17.117917126823336,19.96532521762364,18.89005405675214,0.0,514
W00198,The Truman Show,film,1998.0,10.5234,12.0,13.27559146871714,12.23786707777121,12.336263226133177,33.2098484814268,28.818877674637932,20.240687551733025,18.855165363264952,0.0,515
W00387,Central Station,film,1998.0,17.7083,10.0,6.7317048393375964,7.241229003812659,20.758903974697734,16.839844632375712,17.052325503189188,18.69697081541062,18.814557865280637,0.0,516
W00438,The Rainbow,novel,,18.55,7.0,6.3036322286648705,6.9080659314338,21.745603402395652,15.76899015685276,16.267761839637654,18.517726804529786,18.808303942923366,0.0,517
W00210,Battleground,film,1950.0,22.6115,7.0,5.467524722744986,5.663620425167307,26.506776891281365,13.677406994534628,13.337224795074615,19.04058758692548,18.802309485590026,0.0,518
W00518,The Man Who Loved Children,novel,,25.2669,6.0,4.8793403029861935,5.066712027236848,29.61962191956823,12.20602129353934,11.931568891672296,19.014145677806155,18.799163797323942,0.0,519
W00622,The Age of Innocence[c][12],novel,1920.0,17.7823,7.0,6.481485787319244,7.169609559882796,20.845651934362277,16.213903647051104,16.88366931656584,18.38448780694514,18.760359643354487,0.0,520
W00259,Moonstruck,film,1987.0,12.2611,9.0,9.74193672607488,10.385217933571875,14.373316327607188,24.37015656522438,24.456085635681827,18.715767931487157,18.74873475668972,0.0,521
W00440,Tropic of Cancer,novel,,21.5584,5.0,5.210080976132766,5.903407185348515,25.272259643676893,13.033392915189896,13.90189715715738,18.148919796801625,18.743861781804064,0.0,522
W00733,Prophet Song,novel,2023.0,10.1667,11.0,11.49147866554406,12.46323345937273,11.918114615155574,28.746761770241857,29.34959157617615,18.509651579441332,18.702721628492252,0.0,523
W00725,The Sellout,novel,2016.0,10.1667,11.0,11.49147866554406,12.46323345937273,11.918114615155574,28.746761770241857,29.34959157617615,18.509651579441332,18.702721628492252,0.0,524
W00529,"Rabbit, Run",novel,,25.2669,5.0,5.672891963161797,5.014265511937849,29.61962191956823,14.191147941848527,11.808062916386106,20.502108102393088,18.70161381233798,0.0,525
W00376,City of God,film,2002.0,17.4208,8.0,7.313769160400371,7.261556690608433,20.42187642870373,18.295920465568493,17.100195047404114,19.32969288160656,18.687377294976905,0.0,526
W00586,Why I Am Not a Christian,novel,1957.0,7.7669,17.0,12.78366317806277,16.257860184384665,9.104901728628937,31.97925442203175,38.28553463831857,17.06364465369053,18.670458765384147,0.0,527
W00471,The Adventures of Augie March,novel,1953.0,18.2795,5.0,6.157807494296665,6.873289657574526,21.428504441729988,15.404199078080554,16.18586740689369,18.16835018283009,18.623612206601436,0.0,528
W00300,Thelma & Louise,film,1991.0,6.3353,17.0,18.819854882084428,19.797965948693207,7.426680390037583,47.0792228390906,46.62210786047756,18.69872565276264,18.60772673352728,0.0,529
W00433,A Dance to the Music of Time,novel,,22.7834,6.0,5.394004244221536,5.503483241370371,26.70829005704265,13.49349022082257,12.960118728986718,18.983889240606036,18.60490822840812,0.0,530
W00168,Amélie,film,2001.0,18.5952,6.0,5.137869061696653,6.721463070052835,21.79858999397453,12.852749608816083,15.82833191269855,16.73833381844795,18.57512631594893,0.0,531
W00278,Terms of Endearment,film,1983.0,7.1656,15.0,16.936288312833707,17.302850327133598,8.400015942868263,42.367345367047385,40.7463754779601,18.864951008158062,18.50054603596773,0.0,532
W00450,The Moviegoer,novel,1962.0,19.1092,6.0,6.013430696299153,6.467922725981936,22.401136632725553,15.043030116454302,15.231271320772626,18.357041510246095,18.47153999932712,0.0,533
W00585,Steppenwolf,novel,1927.0,16.2691,5.0,6.649946042833617,7.569279946247235,19.071773386194884,16.635319112716633,17.82485064347642,17.811935221215244,18.43777405532328,0.0,534
W00727,Milkman,novel,2018.0,10.1667,12.0,11.575157472358118,11.89224944963513,11.918114615155574,28.956090334016203,28.004984854577483,18.57692125750668,18.269280754658908,0.0,535
W00044,Shane,film,1953.0,15.5549,10.0,8.214328037686565,7.74978831145005,18.234538348459523,20.548733376673265,18.249928678968224,19.35708311624504,18.242231890678767,0.0,536
W00588,The Remains of the Day,novel,1989.0,12.7793,10.0,7.8334792469416845,9.428209043279399,14.980786499204028,19.596012688877476,22.202431304611675,17.133700193704993,18.237595322235645,0.0,537
W00751,Mr. Sammler's Planet,novel,1971.0,17.7108,4.0,5.894990653303763,6.8016838583732415,20.761834649010723,14.746743816045068,16.017243352157482,17.497698612104653,18.235881059341768,0.0,538
W00464,A Farewell to Arms,novel,1929.0,8.6084,8.0,13.822864007281908,13.962294746169333,10.091366702381817,34.578890164172854,32.87972175134753,18.680156873218493,18.21541460590803,0.0,539
W00594,Quo Vadis,novel,1896.0,7.7669,13.0,12.858472061134957,15.41680120121551,9.104901728628937,32.16639423254387,36.304930028130116,17.113499304690684,18.181111631879787,0.0,540
W00560,To Have and Have Not,novel,1937.0,8.7082,10.0,13.58766035875864,13.729704622432518,10.208359220956432,33.99051129245609,32.33199670402492,18.62759644659954,18.167460931166627,0.0,541
W00513,Housekeeping,novel,,25.2669,3.0,4.223545631041892,4.72275759655365,29.61962191956823,10.565503675810794,11.12159272503182,17.690286155608792,18.149858722834814,0.0,542
W00611,Narcissus and Goldmund,novel,1930.0,11.7257,7.0,10.030970315332514,10.171692928162885,13.745683116736965,25.093194911795056,23.953256917878925,18.572105579175755,18.14535420450511,0.0,543
W00121,Harry Potter and the Order of the Phoenix,film,2007.0,13.7305,9.0,9.412066466505493,8.685189093822897,16.09584946181097,23.544962345844954,20.45269821001899,19.467310279099372,18.143967357673358,0.0,544
W00339,The Battle of Algiers,film,1966.0,21.4006,6.0,6.11744137804962,5.5689623458108555,25.087275481040884,15.303220330165113,13.114315068032003,19.59377717975576,18.138424266095562,0.0,545
W00726,Lincoln in the Bardo,novel,2017.0,10.1667,10.0,10.9005561343241,11.572715811937423,11.918114615155574,27.268526486162838,27.252517062663912,18.027463050814838,18.022170288406205,0.0,546
W00138,Home Alone,film,1990.0,12.912,7.0,8.835549907189225,9.112105767042307,15.13634669173761,22.102764638342215,21.45804164973661,18.290847667941094,18.022107472106548,0.0,547
W00501,Call It Sleep,novel,,25.2669,5.0,4.955409461063077,4.622679150424414,29.61962191956823,12.39631377277056,10.88591860971927,19.16178820323929,17.956525094435076,0.0,548
W00504,The Crying of Lot 49,novel,,25.2669,4.0,4.733341946328792,4.601168704211637,29.61962191956823,11.84079588610232,10.835263792650789,18.727517117149556,17.91469834904019,0.0,549
W00386,A Brighter Summer Day,film,1991.0,19.9286,4.0,5.654499301297269,5.819029014072537,23.36169444555159,14.14513737311941,13.703195522227144,18.178404143410607,17.892173336906875,0.0,550
W00858,Rosa Luxemburg,film,1986.0,8.0228,5.0,7.4287096559584285,9.245858776720302,9.40488555130673,18.58345239594297,21.773015786980373,13.220258807300274,17.887352444506053,0.5,551
W00429,Go Tell It on the Mountain,novel,,23.4834,4.0,4.351966895472937,4.902505813473495,27.52887886468022,10.886758720725215,11.544880692022119,17.311853224072962,17.827440143718402,0.0,552
W00806,James,novel,2024.0,10.1205,9.0,10.527674647086279,11.31448237393121,11.863955753851492,26.335736582083804,26.644404732785784,17.67614249645353,17.77942740465738,0.0,553
W00530,The Recognitions,novel,,25.2669,3.0,4.311336558184156,4.512748315803629,29.61962191956823,10.785119004838412,10.627043165536538,17.873196336438085,17.741730487360126,0.0,554
W00460,The Alexandria Quartet,novel,,10.85,10.0,10.10401154604562,10.48134540381246,12.719126518382362,25.27591281258276,24.682455622251446,17.930073422349444,17.718331632627667,0.0,555
W00631,Laughing Boy[h],novel,1929.0,17.7823,7.0,6.376013610486444,6.3905435834550435,20.845651934362277,15.950057398100359,15.049051655460083,18.2342903578368,17.711784008166973,0.0,556
W00767,The Collected Stories of Eudora Welty,novel,1983.0,17.7108,6.0,6.94113877127508,6.358779778325163,20.761834649010723,17.363758701507983,14.974251266740238,18.986929373809495,17.632156101645656,0.0,557
W00857,Senna,film,2010.0,19.5955,3.0,3.47254071494253,4.209350387764017,22.971211400088627,8.686810773032237,9.912573256740586,14.126095237534356,17.604834385106646,0.3333333333333333,558
W00238,Grand Hotel,film,1932.0,16.242,9.0,6.362776487473735,6.865641128984287,19.040004876642058,15.916943781233046,16.167855934107436,17.40858085014154,17.5452573600461,0.0,559
W00773,Middle Passage,novel,1990.0,17.8779,4.0,5.985448522830446,6.212832467883675,20.957720920091063,14.973030693583649,14.630560845866531,17.71441781724942,17.510659927943387,0.0,560
W00199,2012,film,2009.0,10.5234,10.0,9.265259585793507,10.444276095969535,12.336263226133177,23.177714357236344,24.59516133792724,16.909357920719334,17.418736588911504,0.0,561
W00448,The Age of Innocence,novel,,11.6138,7.0,9.236723727761731,9.446642173501573,13.614506134487472,23.106329852541702,22.24583936924072,17.73643903163541,17.40304905926978,0.0,562
W00101,The Matrix,film,1999.0,14.7327,10.0,7.299268987532806,7.432359179325831,17.270698180402935,18.2596472384945,17.502416774245003,17.758289792000422,17.38617144559454,0.0,563
W00417,The Ambassadors,novel,,25.9,3.0,3.639367065847866,4.226874362827532,30.361785882590155,9.104138908605764,9.953840357495926,16.62582076736202,17.38437141928853,0.0,564
W00850,Tolkien,film,2019.0,5.4917,7.0,7.3880057929134715,8.839543803255474,6.437753649861789,18.481628750080027,20.816187162903734,10.907803305029764,17.36436987020913,1.0,565
W00497,The Berlin Stories,novel,,25.2669,4.0,4.522468552064806,4.3137554395141375,29.61962191956823,11.313280898256144,10.158436068934893,18.305603045958915,17.34615333888054,0.0,566
W00375,Y Tu Mama Tambien,film,2001.0,13.5501,9.0,10.180852314832277,8.032989856553474,15.884372003385517,25.468135531594154,18.916838250198055,20.113312482445107,17.33441939881513,0.0,567
W00789,Tree of Smoke,novel,2007.0,17.7108,6.0,5.826423621757755,6.1330019974135785,20.761834649010723,14.575218446811618,14.442568563505061,17.39563955035611,17.316299270412614,0.0,568
W00466,The Prime of Miss Jean Brodie,novel,,17.0084,6.0,6.2728523694297795,6.37121954652788,19.93843239403268,15.691992121481928,15.003545600128295,17.68823688336011,17.295871750765976,0.0,569
W00190,Ice Age: The Meltdown,film,2006.0,13.5269,11.0,7.1250201141624325,7.979804845456821,15.857175345760957,17.823751128228867,18.791593195714437,16.81173241993608,17.262143213710527,0.0,570
W00572,Waiting for Godot,novel,1952.0,7.7669,11.0,11.901675226960196,13.867980919367374,9.104901728628937,29.77289802069312,32.65762270252148,16.464486346524808,17.24367841839726,0.0,571
W00458,Main Street,novel,,14.0343,7.0,6.84797042856032,7.663608253541791,16.451985004325678,17.130691380016973,18.046983792325147,16.787908675525085,17.23103904947818,0.0,572
W00467,Finnegans Wake,novel,,8.4,8.0,12.123041863989325,12.789140430619748,9.847065691650862,30.3266626112881,30.117067891941954,17.280874947232444,17.22105530947106,0.0,573
W00568,East of Eden,novel,1952.0,8.3811,10.0,12.647199450222255,12.805953199129734,9.824909793844647,31.637880575489895,30.156660176772483,17.630635913733173,17.212973767493423,0.0,574
W00476,Ragtime,novel,,15.2584,5.0,7.26290541531613,7.029725795318862,17.88696037493875,18.168681142829016,16.554257902467523,18.027270444154308,17.207712083189712,0.0,575
W00552,The Plague,novel,1947.0,7.7669,7.0,9.929061412505886,13.7710316561129,9.104901728628937,24.838262449482112,32.429317480653864,15.038282438909999,17.183298542126945,0.0,576
W00402,The Way of All Flesh,novel,,31.15,3.0,3.481240392504329,3.4187670044541996,36.51620193987194,8.708573643209842,8.050833325229869,17.832667600886214,17.146015732185266,0.0,577
W00437,Nostromo,novel,,20.3198,4.0,4.658383819322911,5.238147794021193,23.820286362048474,11.65328273113798,12.335281921125759,16.66086827610197,17.141468656967962,0.0,578
W00816,The Promised Land,film,1975.0,8.3622,11.0,8.74257945188269,12.699215775955208,9.802753896038432,21.870192346459415,29.90530487750142,14.641998266335266,17.121750608513842,0.0,579
W00738,A Fable,novel,1955.0,17.7108,4.0,5.167583776316177,5.9824838052866545,20.761834649010723,12.927083108194138,14.08811420155235,16.382611574054557,17.10248805200605,0.0,580
W00459,The House of Mirth,novel,,11.2,6.0,9.200406785595987,9.399483915387094,13.129420922201149,23.015480405308026,22.13478667817017,17.383323329213024,17.047490469885197,0.0,581
W00412,Appointment in Samarra,novel,,26.4584,6.0,6.973144136781738,3.9679169783074477,31.0163812971399,17.443822429107122,9.344023210438987,23.26035785925891,17.024035559887114,0.0,582
W00632,Years of Grace[i],novel,1930.0,17.7823,7.0,6.055232806901635,5.87524542641904,20.845651934362277,15.147601107704185,13.835579204810491,17.769682617642946,16.982687314255667,0.0,583
W00685,The Siege of Krishnapur,novel,1973.0,18.9108,7.0,4.538576140945411,5.517692165817548,22.16855831924656,11.353575192290917,12.99357923749928,15.864816222769559,16.972003980150784,0.0,584
W00750,them,novel,1970.0,19.8656,4.0,5.566958955270526,5.242526678200968,23.287841452864207,13.92614889080505,12.345593728463292,18.008607592427815,16.955890698808123,0.0,585
W00783,In America,novel,2000.0,17.7108,6.0,5.057420051238289,5.874371708992465,20.761834649010723,12.651500613311915,13.833521693033427,16.20704673268513,16.947250219556647,0.0,586
W00389,Elevator to the Gallows,film,1958.0,11.9146,7.0,7.691937694126886,8.719680072884609,13.96712486782659,19.24193629733727,20.533920803804424,16.39373438127123,16.935165658853133,0.0,587
W00875,World Trade Center,film,2006.0,9.3031,5.0,5.0862161148615055,5.665537832035627,10.90574248047585,12.723536041039713,13.341740084678554,11.779626798189843,16.88736509777931,0.8,588
W00335,L'Avventura,film,1960.0,22.0548,6.0,4.446392292986804,4.673386128346537,25.854174335264453,11.122970655359044,11.005328159169482,16.958043001764192,16.868125943446202,0.0,589
W00703,Sacred Hunger,novel,1992.0,17.7917,7.0,5.743922495660038,5.767717600387842,20.85667126977912,14.368835936193653,13.58236259072898,17.3114438349486,16.83100922766605,0.0,590
W00114,Harry Potter and the Chamber of Secrets,film,2002.0,14.0479,9.0,7.46212411153351,7.271177595307677,16.467927872588348,18.6670410638643,17.122851256520036,17.533039834391587,16.792196981498005,0.0,591
W00548,"Absalom, Absalom!",novel,1936.0,7.7669,7.0,11.447830653505672,13.114523608861449,9.104901728628937,28.63757312356453,30.883310730791308,16.147516497482833,16.76870624880066,0.0,592
W00261,Mutiny on the Bounty,film,1935.0,11.9427,10.0,6.433162180381652,8.521250214087361,14.000065647104611,16.09301866288636,20.06663955362149,15.010107186175878,16.761093969890116,0.0,593
W00873,Berlin Alexanderplatz,novel,1929.0,18.8851,5.0,5.18898466435224,5.375303745117983,22.13843098730901,12.980618971415026,12.65826962412072,16.952006880343863,16.74019798247161,0.0,594
W00676,The Killer Angels,novel,1974.0,17.7823,5.0,6.686978258037562,5.699613710894653,20.845651934362277,16.727957866986273,13.421985161557823,18.673649543350464,16.72692532852376,0.0,595
W00446,The Maltese Falcon,novel,,15.75,4.0,6.187904501538434,6.397966353888862,18.463248171845365,15.479488909994927,15.066531491756693,16.90566902901404,16.67864233147373,0.0,596
W00350,Belle de Jour,film,1967.0,17.6934,5.0,3.5627297243228306,5.6582792176206675,20.741437155792305,8.912425077544967,13.324646818377921,13.596194491533515,16.624449603115092,0.0,597
W00570,Doctor Faustus,novel,1947.0,12.0931,5.0,7.595985053704477,8.198040807896948,14.17637501377417,19.001903854539528,19.305515717163683,16.412742458761524,16.543343998140877,0.0,598
W00812,Whitney Houston: I Wanna Dance with Somebody,film,2022.0,4.1578,9.0,10.48516213019344,10.586199768252817,4.8740630634221365,26.229388458318315,24.929376518127757,11.306798550466892,16.5345560836264,1.0,599
W00643,In This Our Life[t],novel,1941.0,17.7823,7.0,5.793669524950948,5.541414784239069,20.845651934362277,14.493281713923801,13.04944348525318,17.381654293970787,16.493154847715434,0.0,600
W00195,Léon: The Professional,film,1994.0,10.8575,9.0,8.143639064357254,9.045809890178662,12.727918541321337,20.371899817196393,21.301921898351456,16.10254269999725,16.465999110160503,0.0,601
W00607,The Museum of Innocence,novel,2008.0,11.4417,7.0,6.171896386700061,8.571090923072063,13.412758514781151,15.43944345744327,20.184009131695785,14.390466521183543,16.4536695099778,0.0,602
W00722,The Luminaries,novel,2013.0,10.1667,7.0,9.147068500630672,9.632854987036593,11.918114615155574,22.882050842781087,22.684350774913973,16.513960899011543,16.4424661321171,0.0,603
W00732,The Seven Moons of Maali Almeida,novel,2022.0,10.1667,7.0,9.147068500630672,9.632854987036593,11.918114615155574,22.882050842781087,22.684350774913973,16.513960899011543,16.4424661321171,0.0,604
W00730,Shuggie Bain,novel,2020.0,10.1667,7.0,9.147068500630672,9.632854987036593,11.918114615155574,22.882050842781087,22.684350774913973,16.513960899011543,16.4424661321171,0.0,605
W00575,For Whom the Bell Tolls,novel,1940.0,7.7669,12.0,12.252385508293418,12.494448622182654,9.104901728628937,30.650225055906592,29.423099970481807,16.705307153548237,16.367480984649465,0.0,606
W00856,Last Days,film,2005.0,6.7347,9.0,9.091385994111265,9.11203212337813,7.894884918281078,22.742757041150245,21.45786822672622,13.399680950093844,16.26957476019481,0.5,607
W00610,The White Castle,novel,1985.0,7.7669,11.0,9.354059200421386,12.31643481848771,9.104901728628937,23.399852990678784,29.003896362493617,14.596347554936278,16.250465412653345,0.0,608
W00456,Of Human Bondage,novel,,12.25,5.0,6.902741068538564,7.804832796886656,14.360304133657506,17.267704081800876,18.37955259810217,15.74704678041758,16.246106153454193,0.0,609
W00617,One Day in the Life of Ivan Denisovich,novel,1962.0,7.7669,8.0,11.194795207362782,12.267627496583001,9.104901728628937,28.004586725434,28.88896030127807,15.968062189443746,16.218234940504452,0.0,610
W00734,Orbital,novel,2024.0,10.1667,8.0,9.304081589591641,9.360332860854664,11.918114615155574,23.2748303966173,22.042590101411086,16.65509220374333,16.20821135238281,0.0,611
W00226,Everything Everywhere All at Once,film,2022.0,26.0828,5.0,3.6080171573899693,3.6213881816416658,30.57607678835608,9.02571485403564,8.527984685229786,16.612373414018833,16.147826930751723,0.0,612
W00419,The Studs Lonigan Trilogy,novel,,25.2,3.0,4.223169427495599,3.66607193030905,29.541197074952585,10.564562575536655,8.633210169270924,17.666064220833032,15.969826642763444,0.0,613
W00336,Blow-Up,film,1966.0,19.7105,6.0,4.446392292986804,4.673386128346537,23.106022418486226,11.122970655359044,11.005328159169482,16.03145686838506,15.9464528710484,0.0,614
W00558,The Myth of Sisyphus,novel,1942.0,7.7669,10.0,8.309024653735664,11.696498484407373,9.104901728628937,20.785623784012557,27.544012114332745,13.756855088343654,15.836209253264007,0.0,615
W00598,Siddhartha,novel,1922.0,7.7669,9.0,10.09236094528406,11.691896481925305,9.104901728628937,25.246767995425596,27.533174887081763,15.161442595077958,15.83309355824166,0.0,616
W00469,A Room with a View,novel,,7.7,9.0,10.917548445800117,11.779544190178356,9.02647688401329,27.311033977508703,27.73957593446649,15.70103235066038,15.823736630290366,0.0,617
W00637,Honey in the Horn[n],novel,1935.0,17.7823,6.0,5.048174943497899,5.091375370656792,20.845651934362277,12.628373310247769,11.989648446920773,16.224878259099984,15.809239018367636,0.0,618
W00171,Troy,film,2004.0,11.5423,9.0,6.568152284282589,7.836543931571287,13.530688849135922,16.430706132978074,18.454228953515464,14.910357884937424,15.801848939941584,0.0,619
W00185,The Revenant,film,2015.0,11.2416,9.0,7.313143029675875,7.874789603090032,13.178187342769325,18.294354154452407,18.54429344940177,15.526958052443632,15.632663663480594,0.0,620
W00741,The Wapshot Chronicle,novel,1958.0,17.7108,5.0,5.531377825721172,4.993098346633351,20.761834649010723,13.837140131841918,11.758216489410511,16.94946652353673,15.624408677464,0.0,621
W00280,The Broadway Melody,film,1929.0,17.5829,6.0,5.2609875381001165,5.026863234764568,20.611901351158085,13.160739347447157,11.837729216143657,16.470211326448894,15.62043875263672,0.0,622
W00717,The White Tiger,novel,2008.0,17.7917,5.0,4.940445420371908,4.915386206970297,20.85667126977912,12.358880146917077,11.575212651196587,16.055064636645003,15.537709134354255,0.0,623
W00555,Of Love and Other Demons,novel,1994.0,10.4228,6.0,6.912290352073136,8.379028224810819,12.218332891778404,17.29159230252811,19.731721868574137,14.535282280754009,15.5270327596171,0.0,624
W00642,Not awarded[s],novel,1940.0,17.7823,6.0,3.521283657217928,4.900537479445699,20.845651934362277,8.808744754754962,11.54024547436455,13.550794335988623,15.510123803364785,0.0,625
W00647,Not awarded[x],novel,1945.0,17.7823,6.0,3.521283657217928,4.900537479445699,20.845651934362277,8.808744754754962,11.54024547436455,13.550794335988623,15.510123803364785,0.0,626
W00621,Not awarded[b],novel,1919.0,17.7823,6.0,3.521283657217928,4.900537479445699,20.845651934362277,8.808744754754962,11.54024547436455,13.550794335988623,15.510123803364785,0.0,627
W00461,A High Wind in Jamaica,novel,1929.0,11.1849,6.0,7.786775957220539,7.764941466882771,13.11171964935068,19.479181044963283,18.2856127512028,15.98141298072559,15.484050762328414,0.0,628
W00793,Salvage the Bones,novel,2011.0,10.1205,8.0,8.163885387768273,8.55011281558615,11.863955753851492,20.422547453828653,20.1346079158107,15.565737996418788,15.45561701888107,0.0,629
W00672,Not awarded[au],novel,1970.0,17.7823,4.0,4.1507509371760944,4.828672222300844,20.845651934362277,10.38340250470805,11.371010423717864,14.712198833197213,15.395977573211384,0.0,630
W00468,Kim,novel,,11.2571,6.0,6.713148753020007,7.592095807118404,13.196357523509871,16.79342524560356,17.87857957346963,14.886639768104862,15.360082293530391,0.0,631
W00648,All the King's Men[y],novel,1946.0,17.7823,5.0,5.275455058470484,4.7982649056084,20.845651934362277,13.196930891947003,11.299404421249902,16.58609743053984,15.347424918564341,0.0,632
W00754,Augustus,novel,1973.0,18.83,4.0,4.362591028630851,4.515386631335585,22.073838925450676,10.913335755221361,10.633256118504514,15.520928309869804,15.320469405763372,0.0,633
W00574,Blindness,novel,1995.0,13.7969,4.0,4.308814751197697,6.13172697531077,16.17368817156402,10.778810522981535,14.439566021821959,13.203526811389306,15.282049540871785,0.0,634
W00161,Dr. No,film,1962.0,11.9432,9.0,7.546597477823231,7.067655411080962,14.000651781967209,18.878357275409996,16.643578120602548,16.257592270338883,15.265023474352226,0.0,635
W00505,A Death in the Family,novel,,25.2669,2.0,3.4121067479860896,3.3406596891983003,29.61962191956823,8.535630850805473,7.866898890450562,15.900382342757064,15.264814797914074,0.0,636
W00269,Places in the Heart,film,1984.0,9.7134,10.0,8.698174681179642,8.685616002626576,11.386724748723985,21.75911061346276,20.453703534926778,15.740552828047022,15.261084242091517,0.0,637
W00263,Nomadland,film,2020.0,15.828,4.0,3.4417651442429142,5.313711397280557,18.554685210410693,8.609823465741856,12.513226184218952,12.639326094537136,15.237420149580808,0.0,638
W00712,Vernon God Little,novel,2003.0,19.4119,3.0,4.140295139670211,4.29099425605582,22.75598267854254,10.357246573972978,10.104835898443852,15.352176511319922,15.163953002911317,0.0,639
W00592,One Hundred Years of Solitude,novel,1967.0,7.7669,9.0,9.786602287943508,10.589417421173888,9.104901728628937,24.481890686110088,24.936953749138887,14.930010342530524,15.068129057626049,0.0,640
W00600,The Pearl,novel,1947.0,7.7669,7.0,10.409363340654131,10.5318361797443,9.104901728628937,26.039772325462177,24.801356038968688,15.397713078870009,15.027105824860213,0.0,641
W00277,Tender Mercies,film,1983.0,7.3248,10.0,8.955180083149063,11.13307852441544,8.586641283119551,22.402028142103568,26.217217926810484,13.869325133927479,15.00392767840784,0.0,642
W00305,Woman of the Year,film,1942.0,12.6922,7.0,6.0517194501109115,6.36933348266674,14.878681806139413,15.138812192577046,14.99910411997858,15.008183418930408,14.938771622135336,0.0,643
W00765,"So Long, See You Tomorrow",novel,1979.0,17.8779,5.0,4.786217797820067,4.51900175454204,20.957720920091063,11.97306863797854,10.64176934983833,15.840714348533941,14.93409629438255,0.0,644
W00557,The Gulag Archipelago,novel,1973.0,7.7669,7.0,9.234915557526989,10.307381545136655,9.104901728628937,23.10180658443226,24.272789204800937,14.503092039460022,14.866114502096298,0.0,645
W00692,Offshore,novel,1979.0,18.7104,4.0,4.173902087205577,4.2599326693409845,21.933635466317174,10.44131677440079,10.031689159536958,15.133275782792357,14.833455873015208,0.0,646
W00564,Jean-Christophe,novel,1904.0,7.7669,7.0,5.140340036571053,10.188356168273819,9.104901728628937,12.858930930482508,23.9924970792051,10.820318962825,14.780031398159451,0.0,647
W00786,The News from Paraguay,novel,2004.0,17.7108,3.0,4.548160193650018,4.420777739446995,20.761834649010723,11.377550390601893,10.410462222726487,15.369411827407836,14.701710624550463,0.0,648
W00139,300,film,2006.0,12.912,7.0,5.048905054872917,6.060352950615048,15.13634669173761,12.630199736452285,14.271487771438869,13.826607754501275,14.697557168298156,0.0,649
W00378,The Earrings of Madame de...,film,1953.0,17.7083,5.0,4.180374551973129,4.413982220748161,20.758903974697734,10.457508111316985,10.39445949767049,14.73385240517401,14.689369849691529,0.0,650
W00827,Tchaikovsky,film,1970.0,10.5809,3.0,2.3506459335423973,3.26718785702721,12.403668735331975,5.880310151933944,7.693880526187057,8.540340694937074,14.653422023749378,1.0,651
W00286,The Great Ziegfeld,film,1936.0,4.4586,17.0,17.2723113629904,17.385829282443293,5.226681796761253,43.20793123535063,40.94178210784441,15.027777868451444,14.628385668625091,0.0,652
W00563,A Happy Death,novel,1971.0,10.4228,4.0,6.040009723553521,7.315660139484695,12.218332891778404,15.109519467981968,17.227602925348233,13.587241761837102,14.50836267361966,0.0,653
W00888,American Sniper,film,2014.0,27.0492,1.0,0.983475141386563,1.250327127181917,31.70895825078601,2.460233919344438,2.9443876373675693,8.83240933356581,14.49371572446804,1.0,654
W00576,The Jungle Book,novel,1894.0,7.7669,8.0,9.691739702529722,9.79257801320679,9.104901728628937,24.24458509444799,23.060481543761988,14.857475045791961,14.490114501646087,0.0,655
W00877,Dear John,film,2010.0,6.2495,9.0,9.55946999569915,8.393286117128634,7.326099647615722,23.91370289361521,19.765297691223132,13.236093469830948,14.44007126883358,0.4,656
W00745,Morte d'Urban,novel,1963.0,17.7108,6.0,4.34384804124652,4.254914878475548,20.761834649010723,10.866448821965719,10.019872794787368,15.0202334756684,14.423277788682304,0.0,657
W00869,Remember Me,film,2010.0,6.6103,7.0,4.8150674281048005,6.925496970512675,7.749054564466629,12.045238066569263,16.308810086016173,9.661221818167501,14.3332832046212,0.55,658
W00571,Buddenbrooks,novel,1901.0,7.7669,5.0,8.343203804798954,9.510911835408773,9.104901728628937,20.87112539278911,22.397187599526553,13.785120444422562,14.280202802879094,0.0,659
W00670,House Made of Dawn[as],novel,1968.0,17.7823,3.0,4.544144453458196,4.117089104016415,20.845651934362277,11.36750472720336,9.695307728889189,15.393604090839125,14.216364173478269,0.0,660
W00646,A Bell for Adano[w],novel,1944.0,17.7823,5.0,4.632979227599103,4.098735415211691,20.845651934362277,11.58973131470066,9.652086740363952,15.54334278715582,14.18464101166823,0.0,661
W00781,Charming Billy,novel,1998.0,17.7108,4.0,3.6220053338569134,4.115109657204801,20.761834649010723,9.060707285227375,9.69064634180557,13.715571678168489,14.18434337537723,0.0,662
W00282,The Crying Game,film,1992.0,5.8917,9.0,11.602503769313735,12.221546427373294,6.906661539940403,29.024499065978475,28.780444275713183,14.158474190922893,14.098822205470434,0.0,663
W00577,My Name Is Red,novel,1998.0,7.7669,7.0,7.092240879937831,9.268479950825775,9.104901728628937,17.741751512279446,21.826286250310247,12.709716913175454,14.097027750912593,0.0,664
W00271,Promising Young Woman,film,2020.0,12.9299,6.0,4.854933117793555,5.550335155880229,15.157330319818628,12.144964961396575,13.070450013392865,13.567801798467988,14.075266543894417,0.0,665
W00736,The Man with the Golden Arm,novel,1950.0,17.7108,5.0,4.039199431377965,4.022249298142513,20.761834649010723,10.104348376373318,9.471970055191873,14.483950090574837,14.023390320684745,0.0,666
W00547,Long Day's Journey into Night,novel,1956.0,11.4417,9.0,8.784308046995672,6.218388268054023,13.412758514781151,21.97457943341599,14.643644165408777,17.167985537164373,14.014694537056878,0.0,667
W00748,The Eighth Day,novel,1968.0,17.7108,3.0,3.36889386973595,3.9936040258590637,20.761834649010723,8.427530722648083,9.404513480230955,13.227660388862322,13.973365873365925,0.0,668
W00700,Oscar and Lucinda,novel,1988.0,19.1113,4.0,3.9812800613569754,3.6860396704700857,22.403598399148468,9.959458899541396,8.680232077376553,14.937460207751203,13.945193920234688,0.0,669
W00634,The Store[k],novel,1932.0,17.7823,4.0,3.944415727947402,3.92134326150924,20.845651934362277,9.8672401136752,9.234347052107545,14.341863650253076,13.874292215797468,0.0,670
W00630,Scarlet Sister Mary[g],novel,1928.0,17.7823,4.0,3.944415727947402,3.92134326150924,20.845651934362277,9.8672401136752,9.234347052107545,14.341863650253076,13.874292215797468,0.0,671
W00636,Now in November[m],novel,1934.0,17.7823,4.0,3.944415727947402,3.92134326150924,20.845651934362277,9.8672401136752,9.234347052107545,14.341863650253076,13.874292215797468,0.0,672
W00847,Gaga: Five Foot Two,film,2017.0,7.811,5.0,3.3637282776263957,3.9393290804930725,9.156598823510105,8.41460862183778,9.276701746261294,8.777767108269495,13.824681973402072,1.0,673
W00624,One of Ours,novel,1922.0,17.7823,3.0,3.996556440789114,3.846645286662263,20.845651934362277,9.997673863257443,9.05844125202181,14.43634404919527,13.741510594091011,0.0,674
W00556,Growth of the Soil,novel,1917.0,7.7669,6.0,6.054814175454135,8.73557511263423,9.104901728628937,15.146553870978515,20.571351934839498,11.743418774898714,13.685764055826564,0.0,675
W00674,The Optimist's Daughter,novel,1972.0,18.2667,4.0,4.805927963746365,3.687268144102404,21.413499389247477,12.022375038036014,8.683125002353702,16.04497181469286,13.635838512341676,0.0,676
W00853,Capone,film,2020.0,3.7417,9.0,7.06488020537129,7.97939653925225,4.38628163076786,17.673306813687628,18.790631677952515,8.8045500187007,13.617902032212506,1.0,677
W00247,Juno,film,2007.0,14.4904,6.0,4.385750228307513,4.621096102658967,16.986657225987813,10.971270161686446,10.882190700303717,13.65156421697805,13.596030424130843,0.0,678
W00735,Flesh,novel,1960.0,19.0277,3.0,3.0628905164569624,3.5144780293395983,22.305596650122034,7.662041288813787,8.276222627201998,13.073117551099337,13.586982141335914,0.0,679
W00709,Amsterdam,novel,1998.0,17.7917,4.0,3.726623306264014,3.742859907027671,20.85667126977912,9.322416680267205,8.814037701869026,13.943980068123974,13.558447068426446,0.0,680
W00233,Ghost,film,1990.0,17.3567,5.0,3.880565393628657,3.834488653883199,20.346733939318632,9.707513902363962,9.029813672495989,14.05404577278857,13.554601296825279,0.0,681
W00215,Chicago,film,2002.0,21.0191,4.0,3.2859412326674273,3.16295190093942,24.64005458087841,8.220018724808138,7.448415916324662,14.2317149365463,13.547301381431032,0.0,682
W00453,The Wapshot Chronicles,novel,,13.3,5.0,5.531377825721172,4.993098346633351,15.591187345113864,13.837140131841918,11.758216489410511,14.688003408092637,13.539739884163446,0.0,683
W00744,The Waters of Kronos,novel,1961.0,17.7108,3.0,3.4140565337028477,3.7046708597860487,20.761834649010723,8.540508380245678,8.724106550143548,13.316028792742644,13.45839729144714,0.0,684
W00587,Gitanjali,novel,,7.7669,7.0,5.986915069199573,8.364111468181324,9.104901728628937,14.976699364981412,19.69659449042271,11.677387376351577,13.391622650894586,0.0,685
W00757,J R,novel,1976.0,17.7108,3.0,3.3608690493380298,3.657204987245726,20.761834649010723,8.407456056285113,8.61232945975954,13.211896626125082,13.371901891142166,0.0,686
W00715,The Inheritance of Loss,novel,2006.0,17.7917,5.0,3.3205179535385247,3.573896905098083,20.85667126977912,8.306514883101316,8.416147771115241,13.162304141538893,13.248880232685131,0.0,687
W00252,Marie-Louise,film,1944.0,13.535,5.0,5.46726500609417,4.6540181710704465,15.866670730535049,13.67675729462167,10.95971867607899,14.731076154008754,13.1868968120874,0.0,688
W00584,Nausea,novel,1938.0,7.7669,5.0,6.746140219445292,8.096416916567064,9.104901728628937,16.87595577569298,19.06620224248342,12.395721798845459,13.17557959848356,0.0,689
W00565,The White Man's Burden,novel,1899.0,7.7669,5.0,7.134014584924945,8.09533779693588,9.104901728628937,17.846251444836042,19.06366103032204,12.747092438263493,13.174701524853429,0.0,690
W00135,Pirates of the Caribbean: Dead Man's Chest,film,2006.0,13.1292,5.0,4.510888137209075,4.710326168564224,15.390963676050298,11.284311656198858,11.092318031960582,13.17863539255061,13.066042396728362,0.0,691
W00761,The World According to Garp,novel,1980.0,17.7108,4.0,4.502083439673131,3.4860478852060943,20.761834649010723,11.262286070989903,8.20927265619406,15.291360998150198,13.055250341396986,0.0,692
W00435,The Sun Also Rises,novel,,22.4334,1.0,2.077491286827346,2.748358212023967,26.297995653223857,5.196994124110958,6.472091796312456,11.690617130233113,13.046188789324288,0.0,693
W00445,On the Road,novel,2003.0,27.7658,1.0,1.7113901748351397,2.1992629582494545,32.549006735861845,4.2811658171919955,5.179030771079134,11.804562466314612,12.98353986604156,0.0,694
W00434,Point Counter Point,novel,1928.0,21.4366,2.0,2.78051288898597,2.8485397999676376,25.129477191147956,6.955653310172363,6.7080087996474385,13.220889955200034,12.98340302573867,0.0,695
W00590,Six Characters in Search of an Author,novel,1921.0,7.7669,7.0,7.045715926431142,7.809132376693434,9.104901728628937,17.625365989253716,18.38967765206103,12.667960580269968,12.939714364821945,0.0,696
W00554,Waiting for the Barbarians,novel,1980.0,7.7669,7.0,5.017610813541081,7.754410809762195,9.104901728628937,12.551914937208467,18.260814171722995,10.690367253251534,12.894297907148434,0.0,697
W00562,Love in the Time of Cholera,novel,1985.0,7.7669,6.0,6.444097615461779,7.716134445714733,9.104901728628937,16.120374441568256,18.170677398190183,12.115049530199228,12.8624349192966,0.0,698
W00609,The Fall,novel,1956.0,7.7669,7.0,5.965246922267199,7.678586010767466,9.104901728628937,14.92249493437709,18.08225482040415,11.656236524859407,12.831101011674978,0.0,699
W00774,Mating,novel,1991.0,17.7108,3.0,3.3165771310772536,3.354267732130637,20.761834649010723,8.296656631803105,7.898944386791225,13.124550016252531,12.806114838634347,0.0,700
W00614,The Magic Mountain,novel,1924.0,7.7669,4.0,7.281431338499591,7.572190556163955,9.104901728628937,18.215025074348077,17.83170482081104,12.87812149680423,12.741896250064329,0.0,701
W00420,The Good Soldier,novel,,24.85,3.0,2.4064880801436743,2.3637641189695584,29.130902671133796,6.020003304730642,5.566413539497961,13.242663264993645,12.733995879000295,0.0,702
W00678,Not awarded[ay],novel,1976.0,17.7823,2.0,3.351817653446964,3.298984713978415,20.845651934362277,8.384813337367765,7.76875874843701,13.2206996927306,12.72575502011373,0.0,703
W00769,World's Fair,novel,1985.0,17.8779,4.0,3.077982606950651,3.2128925845664633,20.957720920091063,7.69979524047345,7.566020924067374,12.703155505294266,12.592321271400818,0.0,704
W00729,"Girl, Woman, Other",novel,2019.0,10.1667,5.0,5.206023978385331,5.640715024201254,11.918114615155574,13.023244043043649,13.28328500766442,12.458431489001185,12.582198265292208,0.0,705
W00544,The Wonderful Adventures of Nils,novel,1907.0,7.7669,5.0,5.221345890872638,7.362423604094453,9.104901728628937,13.06157291097757,17.337725919630365,10.905243590849889,12.564166932038798,0.0,706
W00645,Journey in the Dark[v],novel,1943.0,17.7823,4.0,3.3012458084390763,3.2121198993541276,20.845651934362277,8.25830422369884,7.56420133242826,13.120584415920652,12.55709791859723,0.0,707
W00561,No Exit,novel,1947.0,7.7669,4.0,6.018622117263119,7.305456571241811,9.104901728628937,15.056016830004719,17.203574605448384,11.70826860222195,12.515464680296288,0.0,708
W00267,Patton,film,1970.0,10.0318,7.0,5.691429620410796,5.651707828982348,11.75997542922656,14.237521226977899,13.30917189581856,12.93958653908044,12.510616870409667,0.0,709
W00595,Hunger,novel,1890.0,6.0096,5.0,6.471499685407348,9.319103152923343,7.044872140541074,16.18892269368299,21.945498516588106,10.679367512643267,12.433954765471725,0.0,710
W00503,The Corrections,novel,2001.0,21.4888,3.0,2.5335336476050196,2.580168458079422,25.19066967080322,6.337816944565091,6.076022782467762,12.635420574106687,12.37170492799679,0.0,711
W00628,Early Autumn,novel,1926.0,17.7823,4.0,3.1943685252687413,3.1091183843524037,20.845651934362277,7.990943000015722,7.321643700263025,12.906448636462953,12.354126280846385,0.0,712
W00582,The Snows of Kilimanjaro,novel,1936.0,7.7669,5.0,6.217706391511373,7.107710608358676,9.104901728628937,15.554040484799984,16.737903857534,11.900336553947533,12.34491675816756,0.0,713
W00546,The Vegetarian,novel,2007.0,7.7669,5.0,4.7706478151299185,7.076050420421957,9.104901728628937,11.934119204560321,16.66334747630302,10.423961942335795,12.317391819769963,0.0,714
W00551,Demian,novel,1919.0,14.2813,2.0,3.1796673474092563,3.7818683487882683,16.741535626449217,7.954166944473303,8.90589844069163,11.539712703513224,12.210586227957176,0.0,715
W00281,The Candidate,film,1972.0,6.051,9.0,9.592149217479669,8.87572345814976,7.09340410716421,23.99545232123049,20.901386408988284,13.046433997406316,12.176287619752733,0.0,716
W00817,The Bell Jar,novel,1963.0,4.6938,9.0,11.065511458457623,11.427746479665277,5.502399636127478,27.681174113471027,26.91112967654713,12.341510538404298,12.168639617476241,0.0,717
W00549,No One Writes to the Colonel,novel,1961.0,7.7669,5.0,5.615126034467311,6.888056511570734,9.104901728628937,14.046642309549329,16.220641780258873,11.308991902271751,12.152668405932491,0.0,718
W00270,Princess O'Rourke,film,1943.0,9.3949,6.0,5.094748006546588,5.603214108745527,11.013356841248891,12.744879182758801,13.19497433323582,11.847527266831978,12.054914385554392,0.0,719
W00612,And Quiet Flows the Don,novel,1928.0,7.7669,5.0,4.22240473927735,6.7344060453577494,9.104901728628937,10.562649652867753,15.858811245386818,9.806726624276699,12.01636042743902,0.0,720
W00444,Light in August,novel,,20.8584,1.0,1.7199345519118037,2.50405611347269,24.451670836039327,4.302540192017618,5.896786291761345,10.256914571841,12.007759049740189,0.0,721
W00623,Alice Adams,novel,1921.0,18.2667,2.0,2.9790158518045287,2.856025524955202,21.413499389247477,7.45222277254643,6.7256368872342405,12.632425253626444,12.000809196762138,0.0,722
W00188,Shakespeare in Love,film,1998.0,19.1377,2.0,3.1800290578607324,2.7219910234521145,22.434546319893652,7.955071789226622,6.409999866628356,13.359207556344199,11.99189054813235,0.0,723
W00187,The Hunger Games,film,2012.0,10.8575,6.0,4.575533076597918,4.791470177318969,12.727918541321337,11.446025629339218,11.28340355752413,12.069966107330453,11.983915943839998,0.0,724
W00606,Snow,novel,2002.0,7.7669,5.0,3.152490246815249,6.677695852290974,9.104901728628937,7.886181469399122,15.725264761631895,8.473659616305905,11.965658791363305,0.0,725
W00292,The Life of Emile Zola,film,1937.0,3.3439,15.0,14.785887371489807,15.385281002638736,3.91995273408468,36.98796248948363,36.23070330697915,12.04122355447622,11.917325391462791,0.0,726
W00698,The Old Devils,novel,1986.0,17.7917,3.0,2.0038635460362753,2.8874568040385586,20.85667126977912,5.012809026108879,6.7996542124187895,10.224994376317989,11.908742698395475,0.0,727
W00169,Wreck-It Ralph,film,2012.0,11.5423,6.0,4.2862736326445265,4.42088719931919,13.530688849135922,10.722422290975704,10.410719989104159,12.044988988298469,11.868623040102339,0.0,728
W00788,The Echo Maker,novel,2006.0,18.6296,2.0,2.62513029012736,2.7329626072537683,21.838916072521297,6.566952544793703,6.435836781628947,11.975605432627606,11.855450195181966,0.0,729
W00784,Three Junes,novel,2002.0,17.8779,2.0,3.467131900123432,2.8297353368000175,20.957720920091063,8.673280233091353,6.663726285356266,13.48229159256211,11.817635794708336,0.0,730
W00472,Angle of Repose,novel,,6.65,4.0,7.448815371862596,7.605642115198597,7.795593672556932,18.63374829276696,17.91047969078788,12.052432546465988,11.816210143272055,0.0,731
W00721,Bring Up the Bodies,novel,2012.0,10.1667,6.0,4.431027362545009,4.938119611779797,11.918114615155574,11.084534174912802,11.628747405918922,11.493769997360296,11.772541969109083,0.0,732
W00675,Not awarded[aw],novel,1973.0,17.7823,3.0,2.805596149732459,2.8134592024746548,20.845651934362277,7.018400894020052,6.625397717056107,12.095583581314257,11.752052362735203,0.0,733
W00382,Z,film,1969.0,12.2417,3.0,3.885084486424386,4.077572983131901,14.350574294938376,9.718818738564542,9.602251459630018,11.809768429855419,11.738731744532755,0.0,734
W00752,The Complete Stories[a],novel,1972.0,17.7108,5.0,6.289299316995701,2.8168237725409004,20.761834649010723,15.733135345716668,6.633320922345942,18.073426751954806,11.735412739378608,0.0,735
W00681,Something to Answer For,novel,1968.0,18.4765,2.0,2.4022510601560962,2.6631502189516034,21.659441577593707,6.009404093981213,6.271436019153854,11.408783322061057,11.65486173510779,0.0,736
W00661,Advise and Consent[al],novel,1959.0,17.7823,2.0,3.5215364274410463,2.718142248432086,20.845651934362277,8.809377077678587,6.40093641008037,13.5512806892868,11.55126367366453,0.0,737
W00379,The 39 Steps,film,1935.0,17.7083,1.0,1.7175913303144406,2.708895551523773,20.758903974697734,4.296678454377513,6.379161420582474,9.444275273655226,11.507580083100354,0.0,738
W00441,The Naked and the Dead,novel,1948.0,19.7884,1.0,1.8030998803321756,2.4119481500870883,23.197342230079034,4.5105842525972815,5.679881817084445,10.229055018187378,11.478595834740025,0.0,739
W00279,The Bachelor and the Bobby-Soxer,film,1947.0,6.6879,9.0,6.230534662544864,7.1344579271981985,7.84002269514188,15.586131328986081,16.800890953640057,11.054212923076557,11.476905784014347,0.0,740
W00473,A Bend in the River,novel,,6.3,7.0,6.815680956349247,7.562506690591269,7.385299268738146,17.04991693902865,17.808900345522712,11.221351928437786,11.468393902322129,0.0,741
W00785,The Great Fire,novel,2003.0,17.7108,2.0,2.734553888844707,2.6749491964062337,20.761834649010723,6.840683560263608,6.299221358362877,11.9174301325579,11.43605667438942,0.0,742
W00677,Humboldt's Gift[ax],novel,1975.0,17.7823,1.0,1.7177915754861928,2.5870982004737844,20.845651934362277,4.297179382101049,6.092341590076208,9.464539381226983,11.269375859024661,0.0,743
W00772,Spartina,novel,1989.0,17.7108,2.0,2.686226273549647,2.5889648563549175,20.761834649010723,6.719788548903883,6.096737366493548,11.811652667118945,11.25075344595126,0.0,744
W00234,Gigi,film,1958.0,17.1975,3.0,2.5199115461522417,2.659322622390615,20.160108599067346,6.303740276394683,6.262422435628393,11.273157878448771,11.236152205960199,0.0,745
W00293,The Lost Weekend,film,1945.0,3.0255,15.0,15.237411300331487,15.094123455763318,3.546702053582105,38.11748212692542,35.545058196264435,11.627181607635858,11.227988729037206,0.0,746
W00770,Paco's Story,novel,1987.0,17.7108,3.0,2.6571507651715627,2.5644128505390587,20.761834649010723,6.647054069989554,6.038919999481984,11.747554532929689,11.19727906626645,0.0,747
W00664,The Reivers[ao] (posthumously),novel,1962.0,17.7823,1.0,1.7199345519118037,2.50405611347269,20.845651934362277,4.302540192017618,5.896786291761345,9.470441134202963,11.087035427442984,0.0,748
W00220,Darling,film,1965.0,20.0715,3.0,1.871166557736306,2.212437855396638,23.529211789282176,4.6808579498974705,5.2100562550828196,10.494612811280021,11.071969881638859,0.0,749
W00791,Let the Great World Spin,novel,2009.0,18.3957,3.0,2.471109079395999,2.4135328465284203,21.56472218379783,6.181657389894763,5.683613608956669,11.545809813456195,11.070932592930152,0.0,750
W00578,Chronicle of a Death Foretold,novel,,12.2435,2.0,2.345401893435627,3.6054314674532995,14.352684380443728,5.867191807806924,8.49040831743944,9.176598074285362,11.039028527968508,0.0,751
W00666,The Keepers of the House,novel,1964.0,17.9493,3.0,2.39801494769456,2.4563774220184134,21.041420978470097,5.99880715347356,5.784508035429945,11.234919967890072,11.032418988001883,0.0,752
W00878,The Prince and the Pauper,novel,1881.0,6.1303,9.0,6.777874455036733,7.179425339380048,7.1863650963722945,16.955341252276007,16.906784435141226,11.038445206297743,11.022627887967065,0.0,753
W00897,No End in Sight,film,2007.0,19.4969,1.0,0.6703668823799666,1.7,22.855625605184247,1.6769710519689913,4.003319511115906,6.190979124059073,11.000299853616834,0.3,754
W00776,The Shipping News,novel,1993.0,17.7108,2.0,2.3531721045676997,2.47406693940765,20.761834649010723,5.886629550748389,5.826164970786741,11.055190155425565,10.99826685261513,0.0,755
W00771,Paris Trout,novel,1988.0,17.7108,2.0,2.671855923188217,2.4681607494002358,20.761834649010723,6.683840082181878,5.812256520379072,11.780016239661574,10.985131260651587,0.0,756
W00191,The Mummy,film,1999.0,10.8575,5.0,3.7740301009826935,4.0052151000738565,12.727918541321337,9.441008192615815,9.431856327259833,10.961951615636764,10.95663721343412,0.0,757
W00633,The Good Earth[j],novel,1931.0,17.7823,1.0,1.62734304123597,2.4429383247267693,20.845651934362277,4.070915857429082,5.752860388136166,9.211997341404446,10.950896094752556,0.0,758
W00363,Three Colors: Red,film,1994.0,17.4753,3.0,2.6138433387670954,2.4665802645706725,20.48576512872694,6.5387174228125176,5.808534646405416,11.57370421977562,10.908358103231409,0.0,759
W00905,Alexander,film,2004.0,9.5697,1.0,1.0419742519856288,1.9956431040806744,11.218269589213243,2.6065736589990616,4.699527632817691,5.407517546045825,10.891339579479583,1.0,760
W00545,The Clown,novel,1963.0,7.7669,6.0,5.229720765565224,5.422476793770041,9.104901728628937,13.082523263377846,12.76935714533696,10.913985920623007,10.78256657508122,0.0,761
W00778,Sabbath's Theater,novel,1995.0,17.7108,1.0,1.7627183478193746,2.372227636845588,20.761834649010723,4.409566939782403,5.586344225524895,9.568212982449046,10.769529010258701,0.0,762
W00790,Shadow Country,novel,2008.0,17.7108,2.0,2.6239687539012935,2.368892721831828,20.761834649010723,6.5640468782428565,5.57849085473519,11.673973441567922,10.761956361044701,0.0,763
W00474,The Death of the Heart,novel,,15.6084,3.0,2.3868793323556883,2.6823123791656664,18.297254778757534,5.970950609452692,6.31656087201273,10.45236837145216,10.750615033603788,0.0,764
W00711,Life of Pi,novel,2002.0,17.7917,3.0,2.2351376117473065,2.3321985269545653,20.85667126977912,5.591357763319237,5.492079921619404,10.798940263807221,10.702640118801071,0.0,765
W00294,The Piano,film,1993.0,2.8662,17.0,15.17524580238569,14.4590523990813,3.3599594863582976,37.961970655182924,34.049533283229074,11.293833867369273,10.696029747577281,0.0,766
W00580,Snow Country,novel,1935.0,7.7669,3.0,2.5056283503061505,5.318401108114504,9.104901728628937,6.26800983297173,12.524269955326618,7.554443299362798,10.678588257165307,0.0,767
W00579,Voices from Chernobyl,novel,1997.0,7.7669,4.0,2.5185632718652857,5.29938849757312,9.104901728628937,6.300367471131224,12.479497276069225,7.573917525224328,10.659483867491089,0.0,768
W00901,The Ten Commandments,film,1956.0,24.1734,1.0,1.5662959980750182,1.7,28.337744975065828,3.9182022809084693,4.003319511115906,10.537220553689927,10.651058508885761,0.0,769
W00362,The Double Life of Veronique,film,1991.0,16.6576,3.0,2.6138433387670954,2.4665802645706725,19.527200174433734,6.5387174228125176,5.808534646405416,11.29968335836529,10.650090082271241,0.0,770
W00550,Tonio Kröger,novel,1903.0,7.7669,4.0,4.3433247076607895,5.279002998102339,9.104901728628937,10.865139665298138,12.431491589142622,9.946156489839069,10.63896185064223,0.0,771
W00837,The Magic Mountain,novel,1924.0,6.8318,4.0,6.179483571804889,5.9537280658343334,8.008712308597662,15.458423347591715,14.020397488137032,11.126637647347524,10.596477241738162,0.0,772
W00814,In Cold Blood,novel,1966.0,4.3263,9.0,8.716092922828341,9.33110028734975,5.071590512117752,21.803934385843004,21.97375049442735,10.515732345304315,10.556602887443503,0.0,773
W00724,A Brief History of Seven Killings,novel,2014.0,11.8872,3.0,3.3085750758510013,3.383194298707102,13.935004677356204,8.276638914157148,7.9670633799471995,10.739413484058067,10.536653428122117,0.0,774
W00720,The Sense of an Ending,novel,2011.0,12.8226,4.0,2.1635495772221236,3.1325421573954992,15.03154577830504,5.412275137489217,7.376804198879128,9.019692982244537,10.530183759699755,0.0,775
W00589,Fate of a Man,novel,1956.0,10.8236,2.0,0.9990148303573624,3.6932222042603606,12.688178597637176,2.499107570841234,8.697146181883527,5.631085436533597,10.504805759531989,0.0,776
W00794,The Round House,novel,2012.0,10.1205,4.0,3.2806365173339587,3.910995867711634,11.863955753851492,8.206748597230266,9.209980038296276,9.867345247862906,10.453075895075214,0.0,777
W00795,The Good Lord Bird,novel,2013.0,10.488,4.0,3.448148881600168,3.772868820915262,12.294764877861217,8.625792844648943,8.884705508029962,10.298159782703724,10.451572380760078,0.0,778
W00747,The Collected Stories of Katherine Anne Porter,novel,1966.0,17.7108,2.0,2.852341264899817,2.1963682513452687,20.761834649010723,7.135337167301205,5.172214043650611,12.17138818838871,10.36265664506767,0.0,779
W00665,Not awarded[ap],novel,1963.0,17.7823,2.0,1.7599399658967825,2.186650645274402,20.845651934362277,4.402616617238188,5.149330113071295,9.579948517783732,10.360557090823571,0.0,780
W00663,The Edge of Sadness[an],novel,1961.0,17.7823,3.0,2.706875110187452,2.1733380929086508,20.845651934362277,6.771443101371481,5.117980465642727,11.880873115412372,10.328970877761911,0.0,781
W00884,Apollo 13,film,1995.0,36.1554,1.0,1.613599461763531,1.0578208524777455,42.383880822370664,4.036535303240768,2.4910557988173054,13.079909450292405,10.275242678348187,0.0,782
W00303,Wings,film,1927.0,4.0715,10.0,9.137804738231017,9.319870941207867,4.772896186137677,22.858876873742837,21.94730657648213,10.445240363441998,10.234852996251872,0.0,783
W00475,Lord Jim,novel,1933.0,5.767,4.0,5.903955607360553,6.579770021879876,6.760479505208395,14.769170294486386,15.494659827792495,9.9923307133425,10.234809729837043,0.0,784
W00583,Existentialism and Humanism,novel,1946.0,7.7669,3.0,3.333923798625801,4.8424861850398395,9.104901728628937,8.34005057039352,11.40354083934072,8.714088641689887,10.189608368362544,0.0,785
W00813,The Shock Doctrine,novel,2007.0,3.6748,9.0,8.806737096887009,10.135555852666402,4.307856786152212,22.030687317590406,23.868157941755545,9.741922082663118,10.140049613406457,0.0,786
W00689,Saville,novel,1976.0,18.7104,2.0,2.248013230790807,1.962312896441048,21.933635466317174,5.6235670519635,4.621038532492244,11.106091559957505,10.067580377006689,0.0,787
W00447,Parade's End,novel,,15.4,3.0,2.4064880801436743,2.3637641189695584,18.05295376802658,6.020003304730642,5.566413539497961,10.424914452582788,10.02448034973753,0.0,788
W00608,Disgrace,novel,1999.0,12.7793,1.0,0.0716707386189348,2.803820119816385,14.980786499204028,0.17928951607884724,6.602698700776631,1.6388709412039797,9.945532643096925,0.0,789
W00852,The Help,novel,2009.0,3.6748,9.0,8.744743031132622,9.623907129510746,4.307856786152212,21.875604695825324,22.663279520434028,9.707572927364199,9.880797664083916,0.0,790
W00800,The Friend,novel,2018.0,10.1205,3.0,3.3589943530422155,3.473435447689491,11.863955753851492,8.402766368441117,8.179571704904092,9.98449039286116,9.850993695685617,0.0,791
W00719,The Finkler Question,novel,2010.0,10.1667,3.0,3.239616130008849,3.4486525956321747,11.918114615155574,8.104133143076947,8.121210719502823,9.827817034096231,9.838166504428797,0.0,792
W00490,The Magnificent Ambersons,novel,1918.0,15.9774,1.0,2.2290573943792507,2.1918608112687004,18.729822307355057,5.5761476615318255,5.161599500824899,10.219601502018781,9.832387373989235,0.0,793
W00868,Steve Jobs,novel,2011.0,3.0568,12.0,9.041090470742237,11.32144454314819,3.5833940959807564,22.61693916596815,26.66079990211874,9.002522217494729,9.774259714340346,0.0,794
W00297,The Shape of Water,film,2017.0,3.3439,11.0,10.302428153915397,10.26512421967926,3.91995273408468,25.77226625183112,24.173277689806135,10.051172347414193,9.73437753387158,0.0,795
W00768,Victory Over Japan: A Book of Stories,novel,1984.0,17.7108,2.0,1.7551823462445109,1.910917807862711,20.761834649010723,4.390715088921613,4.500008555503311,9.547737986932137,9.66583848139898,0.0,796
W00620,His Family[a],novel,1917.0,17.7823,2.0,1.7546190210840527,1.902607558555232,20.845651934362277,4.3893058904487114,4.4804388006828,9.565455704028947,9.66424687972349,0.0,797
W00739,Ten North Frederick,novel,1956.0,17.8779,4.0,3.8812938833377393,1.8834886766425938,20.957720920091063,9.709336271854308,4.4354158636289265,14.264836483634856,9.64137997563003,0.0,798
W00603,The Second World War,novel,2012.0,5.1231,6.0,6.5216094848031085,6.535951303830675,6.005655029154348,16.314275966965713,15.391471399016936,9.898379337448103,9.614357368726802,0.0,799
W00650,Guard of Honor[aa],novel,1948.0,17.7823,2.0,1.7877709273367377,1.877874263796738,20.845651934362277,4.472237772325047,4.422194517458765,9.65539807411355,9.60122532268619,0.0,800
W00639,The Late George Apley[p],novel,1937.0,17.7823,2.0,1.7118444040435574,1.8584734836012522,20.845651934362277,4.282302104281196,4.376507739877906,9.448141570892815,9.551500250407647,0.0,801
W00527,Possession,novel,1990.0,15.5522,3.0,1.563218707364316,2.122212841366273,18.23137322020149,3.9105042164963084,4.997585926224898,8.4435692601006,9.545305349805865,0.0,802
W00686,The Conservationist,novel,1974.0,17.7917,2.0,1.6102456714522497,1.7722440460331126,20.85667126977912,4.02814555515771,4.173446569378445,9.165899174153417,9.32974829025487,0.0,803
W00782,Waiting,novel,1999.0,17.7108,2.0,1.862429536316128,1.7745161870774342,20.761834649010723,4.659001661367742,4.178797220304762,9.835111698541269,9.3144778125085,0.0,804
W00704,Paddy Clarke Ha Ha Ha,novel,1993.0,18.4765,2.0,1.4378309056406215,1.695746496564966,21.659441577593707,3.596837597086132,3.993302962120571,8.826408884601914,9.300145816581717,0.0,805
W00885,Cinderella Man,film,2005.0,18.778,1.0,1.8067494861861193,1.5698933812806612,22.01288089974046,4.519714004571949,3.6969322374427027,9.974563954556174,9.021093561051078,0.0,806
W00183,Coco,film,2017.0,11.2416,4.0,3.114980576191447,2.589722926460859,13.178187342769325,7.792348325999067,6.098522541108789,10.133559398361992,8.96479071483731,0.0,807
W00762,Plains Song: For Female Voices,novel,1980.0,17.7108,2.0,1.6665240953395193,1.6031347160830252,20.761834649010723,4.168930087016338,3.77521205167202,9.303474465484339,8.853266537372916,0.0,808
W00804,The Rabbit Hutch,novel,2022.0,10.1205,2.0,2.627254719304087,2.7885591679918313,11.863955753851492,6.572266957430977,6.566760779484023,8.830236938240178,8.826537222145827,0.0,809
W00799,"Sing, Unburied, Sing",novel,2017.0,10.8053,3.0,2.5610281802002204,2.54327237849983,12.666726061666077,6.406596498659226,5.989136432312076,9.0083629387445,8.709922533182553,0.0,810
W00867,Q622634,novel,1863.0,5.8797,5.0,4.243950948228265,4.635319999484519,6.892594303238044,10.616549046826597,10.915686467177736,8.554271767965073,8.673949409559746,0.0,811
W00669,The Confessions of Nat Turner[ar],novel,1967.0,17.7823,1.0,1.9228693988106293,1.4816187934754586,20.845651934362277,4.810196331707702,3.489054955268419,10.013574709699078,8.528283835414216,0.0,812
W00815,The Poverty of Philosophy,novel,1847.0,3.9588,6.0,6.061138787065778,6.65141762229792,4.640781388108027,15.16237534257332,15.663382319956138,8.388400877957748,8.52586260417518,0.0,813
W00659,A Death in the Family[aj] (posthumously),novel,1957.0,17.7823,1.0,1.8277393948696994,1.4392746476470537,20.845651934362277,4.572221773334137,3.389338987517601,9.762732386664917,8.405532750596821,0.0,814
W00803,Hell of a Book,novel,2021.0,10.488,2.0,2.7602934290379793,2.397733952007603,12.294764877861217,6.90507287442821,5.6464088897277,9.21391596746965,8.331942732848532,0.0,815
W00818,"Julie, or the New Heloise",novel,1761.0,3.6748,7.0,6.576337257320685,6.741152150744015,4.307856786152212,16.45118143270843,15.874697607337925,8.418392576680793,8.269578212695311,0.0,816
W00797,Fortune Smiles,novel,2015.0,10.1205,3.0,2.2279851013421164,2.3951782950160347,11.863955753851492,5.5734652432475,5.640390588846484,8.13162622367245,8.18030221816499,0.0,817
W00482,Ironweed,novel,1983.0,3.6344,5.0,6.253785844358006,6.605073306322488,4.260497089254272,15.644295835392303,15.554246376206864,8.164096819007087,8.14056640605389,0.0,818
W00796,Redeployment,novel,2014.0,10.1205,3.0,2.070095524064655,2.3547487163598073,11.863955753851492,5.178493090742139,5.545183223516678,7.838202147188499,8.110968401541301,0.0,819
W00820,Down and Out in Paris and London,novel,1933.0,3.6748,4.0,6.103496081575902,6.434451228988487,4.307856786152212,15.268335166365661,15.152449499019609,8.110104885861512,8.079268679848463,0.0,820
W00802,Interior Chinatown,novel,2020.0,10.1205,2.0,1.9985802438962024,2.3165375941709536,11.863955753851492,4.999592465176971,5.455200087634165,7.701619556570481,8.044889835671992,0.0,821
W00604,Thérèse Desqueyroux,novel,1927.0,7.7669,3.0,3.6418789663469573,2.9537770194413664,9.104901728628937,9.11042260867079,6.9558312784796525,9.107661750319169,7.958150553456539,0.0,822
W00881,Jacques the Fatalist,novel,1796.0,3.9588,5.0,5.080865611125652,5.454690395573906,4.640781388108027,12.71015137047451,12.845216757469153,7.680171477261028,7.720870602093794,0.0,823
W00597,Across the River and into the Trees,novel,1950.0,7.7669,1.0,2.077491286827346,2.748358212023967,9.104901728628937,5.196994124110958,6.472091796312456,6.878816815724365,7.676441870039168,0.0,824
W00569,"For sale: baby shoes, never worn",novel,,7.7669,1.0,2.077491286827346,2.748358212023967,9.104901728628937,5.196994124110958,6.472091796312456,6.878816815724365,7.676441870039168,0.0,825
W00483,The Magus,novel,,2.8,5.0,6.571046776845798,7.590911865277881,3.282355230550287,16.43794691465483,17.875791516134225,7.3454190510021435,7.659941108338211,0.0,826
W00465,Scoop,novel,1938.0,10.0187,1.0,1.813135493807444,2.115694765503509,11.744618695826487,4.535689062708166,4.982236549591758,7.298625799719975,7.649475049136732,0.0,827
W00893,Body of Lies,film,2008.0,9.0513,1.0,0.6703668823799666,1.7,10.610564963671361,1.6769710519689913,4.003319511115906,4.218247300611154,7.495096370638275,0.3,828
W00882,The Wind-Up Bird Chronicle,novel,1994.0,3.4076,6.0,4.524543244085959,5.9282736707018735,3.9946263155796995,11.3184708898155,13.960455090091486,6.724065858435637,7.467717273728835,0.0,829
W00573,The Tin Drum,novel,1959.0,7.7669,4.0,4.50558063141675,2.5499781352497495,9.104901728628937,11.271034548087123,6.004927777508399,10.130235038749836,7.394205657251368,0.0,830
W00486,Sophie's Choice,novel,1979.0,13.138,1.0,1.9228693988106293,1.4816187934754586,15.401279649632025,4.810196331707702,3.489054955268419,8.607158583078649,7.330478229899007,0.0,831
W00477,The Old Wives' Tale,novel,,4.9,4.0,2.155426818788075,3.9077084857952844,5.7441216534630035,5.391955472073055,9.202238602904387,5.565253649353564,7.270404254185336,0.0,832
W00807,The True True Story of Raja the Gullible (and His Mother),novel,2025.0,10.1205,2.0,1.809963770674785,1.8334101574114565,11.863955753851492,4.5277547687892215,4.31748626767257,7.329193832967267,7.156987218622707,0.0,833
W00553,The Lost Honour of Katharina Blum,novel,1974.0,7.7669,3.0,2.549395927777163,2.350027700831025,9.104901728628937,6.377497581192706,5.534065733176293,7.620137055941208,7.098388877790719,0.0,834
W00298,The Sting,film,1973.0,1.9108,11.0,8.55913396538813,9.255570397856646,2.2399729909055317,21.411290245905796,21.79588562367431,6.925367271940749,6.987288108407769,0.0,835
W00658,Not awarded[ai],novel,1956.0,17.7823,1.0,0.9425779254588246,0.9525802829602525,20.845651934362277,2.357926587315364,2.2432254309877,7.01088560211581,6.838237824518785,0.0,836
W00838,Enchiridion of Epictetus,novel,,2.8563,4.0,2.8572040550541056,5.916845260457283,3.3483540160788516,7.147501787205442,13.93354239731901,4.892071781374443,6.830405013194171,0.0,837
W00801,Trust Exercise,novel,2019.0,10.1205,2.0,1.3260771232831652,1.6367453626973951,11.863955753851492,3.3172774593654957,3.854361556008802,6.27343869031659,6.762246295413575,0.0,838
W00177,Peter Pan,film,1953.0,11.2416,2.0,1.1693202958206381,1.4471180676040787,13.178187342769325,2.925138962129655,3.407809408781033,6.2087059236670585,6.701399168633997,0.0,839
W00825,Americanah,novel,2013.0,2.0212,7.0,7.960214228842693,8.047225033925882,2.369391568567228,19.91304937655702,18.95036058156226,6.868901753357454,6.700807756029296,0.0,840
W00671,Collected Stories[at],novel,1969.0,17.7823,1.0,0.8110020518575359,0.9125798577242068,20.845651934362277,2.0287800602919313,2.1490286763992326,6.503171763702702,6.693123619445682,0.0,841
W00779,Ship Fever and Other Stories,novel,1996.0,17.7108,1.0,0.8110020518575359,0.9125798577242068,20.761834649010723,2.0287800602919313,2.1490286763992326,6.490084448679468,6.6796540356056795,0.0,842
W00481,Tobacco Road,novel,,3.5,3.0,4.350062527930716,4.374503600426083,4.102944038187859,10.88199480812071,10.301491538254423,6.6819320350906075,6.5012647455186485,0.0,843
W00285,The Great McGinty,film,1940.0,4.6178,3.0,3.1511902589263685,3.2748304272463544,5.413307137012541,7.88292945603918,7.711877967641983,6.532435861525414,6.4611735808602235,0.0,844
W00842,Lotte in Weimar: The Beloved Returns,novel,1939.0,1.9042,7.0,6.496267948135791,7.811821951343948,2.2322360107192343,16.250882287294925,18.396011314811034,6.02293986751147,6.408138490273106,0.0,845
W00283,The Defiant Ones,film,1958.0,5.5732,3.0,2.456540178199208,2.668009567315916,6.533293632465306,6.14521223395377,6.282879268635126,6.336282503032678,6.406863126314011,0.0,846
W00697,The Bone People,novel,1985.0,17.7917,1.0,0.8539628537403767,0.8106960887380228,20.85667126977912,2.136249601256015,1.909103217429576,6.674957354440059,6.3101139629967316,0.0,847
W00830,Zeitgeist: The Movie,film,2007.0,5.245,1.0,0.0,1.36,6.148554708655806,0.0,3.202655608892725,0.0,6.212546846467249,0.8,848
W00302,Wilson,film,1944.0,2.7004,4.0,5.3002691355029725,5.154093317963573,3.1655971659207127,13.259005093341136,12.137342554068056,6.478631718689448,6.198543150690064,0.0,849
W00296,The Seventh Veil,film,1945.0,2.5478,6.0,4.8599549905543284,5.06579827929979,2.986708805855722,12.157527537901831,11.92941711229308,6.025860482527357,5.96906149557966,0.0,850
W00792,Lord of Misrule,novel,2010.0,10.1205,2.0,0.9128838312799519,1.118178876157432,11.863955753851492,2.283644671455168,2.6331925363757085,5.205099359249816,5.589282578554549,0.0,851
W00826,Extremely Loud & Incredibly Close,novel,2005.0,2.4388,3.0,4.484194871162944,4.348701704052674,2.8589314058093,11.217536528103413,10.240730811680624,5.663052840651221,5.41087302899936,0.0,852
W00855,Pale Blue Dot,novel,1994.0,2.0212,5.0,4.471300753560973,5.22803545329548,2.369391568567228,11.185280963982429,12.311468432343228,5.148039472276362,5.400989677853091,0.0,853
W00290,The Last Emperor,film,1987.0,4.3166,1.0,1.0837091271434267,2.4322800198909182,5.060219495783347,2.7109764559401803,5.727761211839234,3.703800199114167,5.383653866226965,0.0,854
W00301,Tom Jones,film,1963.0,1.2739,7.0,7.729974110387037,8.014100283944058,1.493354402927861,19.337087132895345,18.872355312207514,5.373743965775533,5.308777156662737,0.0,855
W00805,Blackouts,novel,2023.0,10.1205,1.0,0.8891986580550494,0.85,11.863955753851492,2.2243945042660926,2.001659755557953,5.137131298470319,4.873151216020775,0.0,856
W00488,The Postman Always Rings Twice,novel,,1.05,8.0,8.101133755903978,7.924493493550344,1.2308832114563577,20.265569725861788,18.661340834377146,4.994451876448656,4.7926956022993785,0.0,857
W00304,Witness,film,1985.0,0.4777,12.0,13.26030424675543,12.234303570024894,0.5599932477263829,33.171606394341886,28.810485992232735,4.309973967098729,4.016674945693997,0.0,858
W00489,The Ginger Man,novel,,0.7,6.0,6.783613933558638,6.887799946888049,0.8205888076375718,16.96969897129169,16.220037597670608,3.7316410659146704,3.648284708203173,0.0,859
W00851,Quiet Night Thought,novel,,2.2884,2.0,0.9502758691976754,1.9072808079510772,2.682622039139742,2.377183548166276,4.4914438068514455,2.525289087885041,3.4711447886565305,0.0,860
W00832,Messi,film,2014.0,2.1548,1.0,0.4543800650970592,0.68,2.5260068038534853,1.1366644680511824,1.6013278044463626,1.6944681112360271,3.0168147259602085,1.0,861
W00306,You Can't Take It With You,film,1938.0,0.1592,12.0,10.592078584202943,11.140546586811485,0.18662534025128777,26.496847670677617,26.234804420869494,2.2237318210896637,2.21270858936977,0.0,862
W00787,Europe Central,novel,2005.0,17.7108,,0.0,0.0,20.761834649010723,0.0,0.0,0.0,0.0,0.0,863
W00714,The Sea,novel,2005.0,17.7917,,0.0,0.0,20.85667126977912,0.0,0.0,0.0,0.0,0.0,864
W00777,A Frolic of His Own,novel,1994.0,18.0783,,0.0,0.0,21.192643773020446,0.0,0.0,0.0,0.0,0.0,865
W00886,Becket,film,1964.0,23.3459,,0.0,0.0,27.367691777465698,0.0,0.0,0.0,0.0,0.0,866
W00910,The Fall of the Roman Empire,film,1964.0,20.4699,,0.0,0.0,23.996244047800474,0.0,0.0,0.0,0.0,0.0,867
W00911,Quo Vadis,film,1951.0,30.2872,,0.0,0.0,35.50476762097237,0.0,0.0,0.0,0.0,0.0,868
W00889,Lone Survivor,film,2013.0,15.6191,,0.0,0.0,18.309798064817137,0.0,0.0,0.0,0.0,0.8,869
W00288,The Hospital,film,1971.0,4.1401,,0.0,0.0,4.853313889286159,0.0,0.0,0.0,0.0,0.0,870
W00909,The Greatest Story Ever Told,film,1965.0,17.0275,,0.0,0.0,19.960822745783933,0.0,0.0,0.0,0.0,0.0,871
W00892,Jarhead,film,2005.0,8.0224,,0.0,0.0,9.40441664341665,0.0,0.0,0.0,0.0,0.0,872
W00212,CODA,film,2021.0,30.3185,,0.0,0.0,35.54145966337103,0.0,0.0,0.0,0.0,0.0,873
W00479,Loving,novel,,14.7334,,0.0,0.0,17.27151876921057,0.0,0.0,0.0,0.0,0.0,874
W00898,Generation Kill,miniseries,2008.0,3.0568,,0.0,0.0,3.5833940959807564,0.0,0.0,0.0,0.0,0.0,875
W00900,Cleopatra,film,1963.0,27.8976,,0.0,0.0,32.70351188564275,0.0,0.0,0.0,0.0,0.0,876
W00899,The Looming Tower,miniseries,2018.0,1.804,,0.0,0.0,2.1147745842545422,0.0,0.0,0.0,0.0,0.0,877
W00890,Charlie Wilson's War,film,2007.0,13.2513,,0.0,0.0,15.534097809496794,0.0,0.0,0.0,0.0,0.0,878
W00891,Green Zone,film,2010.0,8.6826,,0.0,0.0,10.178349115991402,0.0,0.0,0.0,0.0,0.0,879
W00753,Chimera,novel,1973.0,17.7108,,0.0,0.0,20.761834649010723,0.0,0.0,0.0,0.0,0.0,880
W00181,Ice Age: Dawn of the Dinosaurs,film,2009.0,11.2416,,0.0,0.0,13.178187342769325,0.0,0.0,0.0,0.0,0.0,881
W00809,Jerusalem Delivered,novel,1581.0,5.5958,,0.0,0.0,6.559786928254748,0.0,0.0,0.0,0.0,0.0,882
W00740,The Field of Vision,novel,1957.0,17.7108,,0.0,0.0,20.761834649010723,0.0,0.0,0.0,0.0,0.0,883
W00756,The Hair of Harold Roux,novel,1975.0,17.7108,,0.0,0.0,20.761834649010723,0.0,0.0,0.0,0.0,0.0,884
W00760,Going After Cacciato,novel,1979.0,17.7108,,0.0,0.0,20.761834649010723,0.0,0.0,0.0,0.0,0.0,885
W00534,The Sot-Weed Factor,novel,,25.2669,,0.0,0.0,29.61962191956823,0.0,0.0,0.0,0.0,0.0,886
W00684,G.,novel,1972.0,17.7917,,0.0,0.0,20.85667126977912,0.0,0.0,0.0,0.0,0.0,887
W00253,Marty,film,1955.0,39.752,,0.0,0.0,46.600066116012506,0.0,0.0,0.0,0.0,0.0,888
W00487,The Sheltering Sky,novel,,13.3334,,0.0,0.0,15.630341153935428,0.0,0.0,0.0,0.0,0.0,889
W00535,The Sportswriter,novel,,25.2669,,0.0,0.0,29.61962191956823,0.0,0.0,0.0,0.0,0.0,890
W00275,Spotlight,film,2015.0,10.9236,,0.0,0.0,12.805405570156829,0.0,0.0,0.0,0.0,0.0,891
W00723,The Narrow Road to the Deep North,novel,2014.0,10.1667,,0.0,0.0,11.918114615155574,0.0,0.0,0.0,0.0,0.0,892
W00731,The Promise,novel,2021.0,10.1667,,0.0,0.0,11.918114615155574,0.0,0.0,0.0,0.0,0.0,893
W00695,Life & Times of Michael K,novel,1983.0,17.7917,,0.0,0.0,20.85667126977912,0.0,0.0,0.0,0.0,0.0,894
W00701,The Famished Road,novel,1991.0,17.7917,,0.0,0.0,20.85667126977912,0.0,0.0,0.0,0.0,0.0,895
W00696,Hotel du Lac,novel,1984.0,18.4765,,0.0,0.0,21.659441577593707,0.0,0.0,0.0,0.0,0.0,896
W00705,"How Late It Was, How Late",novel,1994.0,17.7917,,0.0,0.0,20.85667126977912,0.0,0.0,0.0,0.0,0.0,897
W00673,Angle of Repose[av],novel,1971.0,17.7823,,0.0,0.0,20.845651934362277,0.0,0.0,0.0,0.0,0.0,898
W00660,The Travels of Jaimie McPheeters[ak],novel,1958.0,17.7823,,0.0,0.0,20.845651934362277,0.0,0.0,0.0,0.0,0.0,899
W00649,Tales of the South Pacific[z],novel,1947.0,17.7823,,0.0,0.0,20.845651934362277,0.0,0.0,0.0,0.0,0.0,900
W00655,Not awarded[af],novel,1953.0,17.7823,,0.0,0.0,20.845651934362277,0.0,0.0,0.0,0.0,0.0,901
W00657,Andersonville[ah],novel,1955.0,17.7823,,0.0,0.0,20.845651934362277,0.0,0.0,0.0,0.0,0.0,902
W00894,Lions for Lambs,film,2007.0,5.747,,0.0,0.0,6.737034110704465,0.0,0.0,0.0,0.0,0.0,903
W00903,Julius Caesar,film,2002.0,1.3196,,0.0,0.0,1.5469271293693425,0.0,0.0,0.0,0.0,0.0,904
W00902,Julius Caesar,film,1953.0,30.8045,,0.0,0.0,36.11118274981654,0.0,0.0,0.0,0.0,0.0,905
W00907,Barabbas,film,1961.0,13.4597,,0.0,0.0,15.77839882022775,0.0,0.0,0.0,0.0,0.0,906
W00906,The Passion of the Christ,film,2004.0,18.3502,,0.0,0.0,21.511383911301383,0.0,0.0,0.0,0.0,0.0,907
W00904,The Robe,film,1953.0,16.5828,,0.0,0.0,19.439514398989036,0.0,0.0,0.0,0.0,0.0,908
W00908,King of Kings,film,1961.0,9.5428,,0.0,0.0,11.186735533605457,0.0,0.0,0.0,0.0,0.0,909
W00605,Fatelessness,novel,1975.0,7.7669,1.0,0.0738953519325759,0.0,9.104901728628937,0.18485454655224465,0.0,1.297336687390151,0.0,0.0,910
W00896,Restrepo,film,2010.0,25.0226,,0.0,0.0,29.333236425702722,0.0,0.0,0.0,0.0,0.0,911
W00895,The Kite Runner,film,2007.0,15.3212,,0.0,0.0,17.96057891368109,0.0,0.0,0.0,0.0,0.0,912
W00912,"I, Claudius",miniseries,1976.0,3.2071,,0.0,0.0,3.7595862356777947,0.0,0.0,0.0,0.0,0.0,913
