work_id,title,medium,year,age_tier,importance_score,concept_yield,n_matched,combined,imp_norm,yield_norm,cluster_id
W00876,Elvis,film,2022.0,adult,86.0,5398.480723339188,35,0.9294605009633912,0.8589210019267823,1.0,
W00003,Raging Bull,film,1980.0,adult,84.73326959847037,4662.1140810186125,32,0.8548767499079175,0.846156069364162,0.863597430451673,C0003
W00421,Animal Farm,novel,,adult,88.4321223709369,3813.657561445998,27,0.7949306534958049,0.8834296724470134,0.7064316345445965,C0420
W00829,The Martian,film,2015.0,adult,98.66666666666669,3131.390025962042,29,0.7833070712458563,0.986563904945408,0.5800502375463045,
W00403,1984,novel,1949.0,adult,100.0,2857.9894485096765,22,0.7647031262104692,1.0,0.5294062524209384,C0402
W00822,Zero Dark Thirty,film,2012.0,adult,86.0,3499.806758970659,29,0.7536078804140564,0.8589210019267823,0.6482947589013304,
W00844,Lincoln,film,2012.0,adult,96.0,2928.9168979661194,24,0.751118188289237,0.9596917148362235,0.5425446617422505,
W00870,Ulysses,novel,1922.0,adult,100.0,2682.592186146113,25,0.748458068447711,1.0,0.49691613689542197,
W00652,The Town[ac],novel,1950.0,adult,100.0,2639.907186431112,21,0.7445046413723432,1.0,0.48900928274468636,C0647
W00679,Elbow Room[az],novel,1977.0,adult,100.0,2579.049193657296,21,0.7388680562021203,1.0,0.4777361124042405,C0674
W00834,Kingdom of Heaven,film,2005.0,adult,97.33333333333334,2635.6487895309306,23,0.7306741393430469,0.9731278098908158,0.4882204687952781,
W00682,The Elected Member,novel,1970.0,adult,100.0,2439.569525457325,21,0.7259496375443524,1.0,0.45189927508870464,C0677
W00110,Harry Potter and the Philosopher's Stone,film,2001.0,adult,85.08064516129033,3203.097787606362,29,0.721494893733428,0.8496565976754306,0.5933331897914254,C0110
W00000,Citizen Kane,film,1941.0,middle,73.9186264776909,3666.370908446013,29,0.7081623960419074,0.7371761396499489,0.6791486524338661,C0000
W00071,The Shawshank Redemption,film,1994.0,adult,78.57220286190095,3374.786500070132,30,0.7046034520867345,0.7840705606314874,0.6251363435419816,C0071
W00128,A Beautiful Mind,film,2001.0,adult,81.5232876149948,3202.37953889561,25,0.7035044977063287,0.8138088520740324,0.5932001433386249,C0127
W00491,American Pastoral,novel,,adult,100.0,2184.6522903625446,17,0.7023395472097976,1.0,0.4046790944195953,C0488
W00737,Collected Stories of William Faulkner,novel,1951,adult,100.0,2178.134323184413,21,0.7017358618849661,1.0,0.40347172376993223,C0732
W00654,The Old Man and the Sea[ae],novel,1952.0,adult,100.0,2154.6236949759964,19,0.6995583392250468,1.0,0.39911667845009374,C0649
W00846,My Name Is Khan,film,2010.0,adult,79.33333333333333,3199.5962102689264,24,0.6922125468545846,0.7917405266538214,0.5926845670553476,
W00337,"Aguirre, the Wrath of God",film,1972.0,adult,100.0,2067.509889836991,18,0.6914899761425979,1.0,0.3829799522851957,C0336
W00394,Lolita,novel,,adult,95.60229445506693,2294.380146620934,20,0.6903443970455665,0.9556840077071291,0.42500478638400374,C0393
W00391,Ulysses,novel,,adult,84.89483747609943,2854.478615609273,25,0.6882700577973557,0.8477842003853564,0.5287559152093549,C0390
W00524,One Flew Over the Cuckoo's Nest,novel,,adult,99.76099426386232,2031.84781812309,19,0.6869827642610994,0.997591522157996,0.3763740063642028,C0520
W00515,"The Lion, the Witch and the Wardrobe",novel,,adult,94.02485659655832,2336.452195242108,19,0.6862930765391145,0.9397880539499037,0.4327980991283254,C0511
W00209,Around the World in 80 Days,film,1956.0,child,91.9085140845928,2383.61663676629,20,0.6799981162858186,0.9184615195807714,0.4415347129908658,C0208
W00662,To Kill a Mockingbird[am],novel,1960.0,adult,100.0,1920.0121822968083,17,0.6778289375005122,1.0,0.3556578750010243,C0657
W00688,Heat and Dust,novel,1975.0,adult,100.0,1869.1843536472895,16,0.6731213325969904,1.0,0.3462426651939807,C0683
W00377,Amores Perros,film,2000.0,adult,100.0,1832.7479161419683,14,0.6697466389218054,1.0,0.33949327784361083,C0376
W00103,The Dark Knight,film,2008.0,adult,71.86208598038611,3356.87508420568,30,0.6691353578258583,0.7164522344458948,0.6218184812058217,C0103
W00359,Ivan's Childhood,film,1962.0,adult,100.0,1794.957612005961,14,0.6662465519461653,1.0,0.3324931038923306,C0358
W00789,Tree of Smoke,novel,2007,adult,100.0,1788.0716383312472,13,0.6656087823562005,1.0,0.33121756471240105,C0784
W00328,The Seventh Seal,film,1957.0,adult,96.43084767367748,1960.4963100574373,13,0.6635952215649805,0.9640333975594089,0.36315704557055223,C0327
W00340,The Passion of Joan of Arc,film,1928.0,adult,100.0,1743.6200777376052,15,0.6614917387960129,1.0,0.32298347759202567,C0339
W00638,Gone with the Wind[o],novel,1936.0,adult,100.0,1668.5604208195812,14,0.6545398146561785,1.0,0.309079629312357,C0633
W00004,Singin' in the Rain,film,1952.0,child,88.1529636711281,2306.1798011370306,19,0.653903546434855,0.880616570327553,0.42719052254215717,C0004
W00644,Dragon's Teeth[u],novel,1942.0,adult,100.0,1659.9239306985949,16,0.6537399145950697,1.0,0.3074798291901396,C0639
W00413,U.S.A.,novel,,adult,94.64627151051626,1929.2093075746752,17,0.6517058110028988,0.9460500963391137,0.35736152566668383,C0412
W00113,The Avengers,film,2012.0,adult,78.74622216739654,2753.740221987372,26,0.6479597863111577,0.7858241655789671,0.5100954070433482,C0112
W00002,Casablanca,film,1942.0,middle,90.29958015133724,2105.084858809584,20,0.6460942078824392,0.902248177632936,0.38994023813194245,C0002
W00375,Y Tu Mama Tambien,film,2001.0,adult,100.0,1529.5614781294234,12,0.6416659201464486,1.0,0.28333184029289726,C0374
W00001,The Godfather,film,1972.0,adult,68.8400209629687,3218.1786358013983,26,0.641062697615515,0.6859986698195112,0.5961267254115189,C0001
W00342,Beauty and the Beast,film,1946.0,adult,99.7450605481198,1533.118358430103,11,0.640710832084583,0.997430956968529,0.28399070720063707,C0341
W00862,Space Jam: A New Legacy,film,2021.0,adult,86.0,2279.230861340865,22,0.6405597877948781,0.8589210019267823,0.4221985736629739,
W00393,A Portrait of the Artist as a Young Man,novel,,adult,88.04971319311663,2114.010332989209,19,0.6355848383905457,0.8795761078998073,0.3915935688812841,C0392
W00230,Gandhi,film,1982.0,adult,78.6898223136973,2617.5399413162536,21,0.6350609274279129,0.7852558202324411,0.4848660346233847,C0229
W00485,Under the Net,novel,,adult,100.0,1454.0532126172736,14,0.6346724464839693,1.0,0.2693448929679386,C0483
W00334,M,film,1931.0,adult,99.36265137029956,1485.5631900576143,12,0.6343795542862583,0.9935773924213231,0.27518171615119347,C0333
W00525,The Painted Bird,novel,1965.0,adult,100.0,1428.7173987655433,10,0.6323258775926333,1.0,0.2646517551852665,C0521
W00383,The Gospel According to St. Matthew,film,1964.0,adult,100.0,1418.3480361716042,12,0.6313654812213811,1.0,0.26273096244276223,C0382
W00354,The Leopard,film,1963.0,adult,93.88145315487571,1739.750816176579,19,0.630304856633681,0.9383429672447013,0.32226674602266053,C0353
W00108,Inception,film,2010.0,ya,70.6562634922593,3002.8095744045904,25,0.6302667084880507,0.7043010752688172,0.5562323417072842,C0108
W00368,Farewell My Concubine,film,1993.0,adult,100.0,1404.639705245284,14,0.6300958341087171,1.0,0.2601916682174341,C0367
W00653,The Caine Mutiny[ad],novel,1951.0,adult,100.0,1395.5839274473549,16,0.6292571001887478,1.0,0.2585142003774957,C0648
W00014,2001: A Space Odyssey,film,1968.0,child,84.67037254055387,2228.811979379214,20,0.6291906836321448,0.8455222512275468,0.4128591160367429,C0014
W00314,Ran,film,1985.0,adult,92.35181644359466,1764.657751436967,12,0.6249045742741943,0.9229287090558768,0.3268804394925118,C0313
W00706,The Ghost Road,novel,1995.0,adult,100.0,1329.615605179278,14,0.6231472031965369,1.0,0.24629440639307396,C0701
W00656,A Fable[ag],novel,1954.0,adult,100.0,1323.189244201498,10,0.6225520023143706,1.0,0.2451040046287411,C0651
W00833,Steve Jobs,film,2015.0,adult,79.33333333333333,2442.675351766832,22,0.6221075583131133,0.7917405266538214,0.4524745899724051,
W00680,The Stories of John Cheever[ba],novel,1978.0,adult,100.0,1303.6596970527137,15,0.6207432020102079,1.0,0.24148640402041577,C0675
W00404,"I, Claudius",novel,,adult,91.68260038240918,1754.255596165931,13,0.6205692717106337,0.9161849710982659,0.3249535723230016,C0403
W00324,Amarcord,film,1973.0,adult,100.0,1301.6550072008756,11,0.6205575303412167,1.0,0.24111506068243344,C0323
W00006,Lawrence of Arabia,film,1962.0,middle,57.46164055658725,3601.4866802972497,30,0.6192337962036611,0.5713379192889235,0.6671296731183988,C0006
W00627,Arrowsmith[e],novel,1925.0,adult,100.0,1281.9701848346149,12,0.6187343486559365,1.0,0.23746869731187298,C0622
W00708,The God of Small Things,novel,1997.0,adult,100.0,1281.9558129467378,8,0.6187330175510745,1.0,0.23746603510214886,C0703
W00205,Amadeus,film,1984.0,middle,89.5172388595925,1849.8255192867327,18,0.6185105778120046,0.8943644686621749,0.3426566869618342,C0204
W00348,Rififi,film,1955.0,adult,100.0,1267.288203602955,11,0.617374523365815,1.0,0.23474904673163002,C0347
W00454,The Catcher in the Rye,novel,,adult,88.24091778202677,1904.5584786326149,13,0.6171490814067405,0.8815028901734104,0.35279527264007066,C0453
W00841,Total Recall,film,1990.0,adult,94.66666666666669,1535.5876147302113,17,0.6153518626776882,0.9462556197816315,0.2844481055737447,
W00733,Prophet Song,novel,2023.0,adult,100.0,1244.5319095208877,11,0.6152668661147958,1.0,0.23053373222959145,C0728
W00725,The Sellout,novel,2016.0,adult,100.0,1244.5319095208877,11,0.6152668661147958,1.0,0.23053373222959145,C0720
W00034,Annie Hall,film,1977.0,adult,72.50074492658312,2719.0419291944763,19,0.6132780175529989,0.7228880461773213,0.5036679889286766,C0034
W00683,In a Free State,novel,1971.0,adult,100.0,1222.499653329782,10,0.6132262682762359,1.0,0.2264525365524718,C0678
W00690,Staying On,novel,1977.0,adult,100.0,1220.9337850285017,11,0.6130812396671209,1.0,0.22616247933424174,C0685
W00005,Gone with the Wind,film,1939.0,adult,74.780348081138,2586.798492755101,25,0.6125156706682346,0.7458597696808319,0.4791715716556374,C0005
W00046,A Streetcar Named Desire,film,1951.0,middle,76.23518164435947,2494.416081397933,24,0.6112895671537256,0.7605202312138729,0.4620589030935784,C0046
W00311,Ikiru,film,1952.0,adult,100.0,1195.8712415307418,10,0.6107599807072244,1.0,0.22151996141444866,C0310
W00326,Umberto D.,film,1952.0,adult,100.0,1192.2105391658995,10,0.610420931393867,1.0,0.2208418627877339,C0325
W00338,Fitzcarraldo,film,1982.0,adult,100.0,1184.4703092406105,11,0.6097040417426892,1.0,0.21940808348537838,C0337
W00100,Avatar,film,2009.0,adult,96.66625547400234,1354.873091171119,14,0.6086893268400475,0.9664056187457268,0.2509730349343681,C0100
W00520,Mrs. Bridge,novel,,adult,100.0,1168.9925521060538,9,0.6082705127622445,1.0,0.21654102552448914,C0516
W00106,Jurassic Park,film,1993.0,adult,78.04693764263244,2358.4388181002755,21,0.6078241336901351,0.7787774255702653,0.4368708418100049,C0106
W00707,Last Orders,novel,1996.0,adult,100.0,1164.0612570390967,12,0.6078137828673282,1.0,0.2156275657346565,C0702
W00358,The Mirror,film,1975.0,adult,96.17590822179731,1361.8387878426704,11,0.6068638481575086,0.9614643545279382,0.2522633417870789,C0357
W00540,Ubik,novel,,adult,100.0,1141.983174359308,7,0.6057689406412239,1.0,0.21153788128244774,C0535
W00390,Rocco and His Brothers,film,1960.0,adult,100.0,1141.4081234588098,9,0.6057156802027812,1.0,0.2114313604055625,C0389
W00758,The Spectator Bird,novel,1976.0,adult,100.0,1140.322572263476,9,0.6056151379158893,1.0,0.21123027583177853,C0753
W00629,The Bridge of San Luis Rey[f],novel,1927.0,adult,100.0,1116.5066256154546,10,0.6034093370740841,1.0,0.20681867414816812,C0624
W00355,Come and See,film,1985.0,adult,100.0,1109.2280856750915,7,0.6027352085263155,1.0,0.2054704170526309,C0354
W00848,Jobs,film,2013.0,adult,68.66666666666667,2813.1947994147445,19,0.6026801893647904,0.6842517662170842,0.5211086125124967,
W00763,The Stories of John Cheever,novel,1981,adult,100.0,1107.4946773960403,14,0.6025746625905342,1.0,0.20514932518106835,C0758
W00500,Blood Meridian,novel,,adult,82.88718929254301,2037.055987672129,15,0.6024458700742017,0.8275529865125241,0.3773387536358792,C0497
W00641,The Grapes of Wrath[r],novel,1939.0,adult,100.0,1098.8863662151907,11,0.6017773724248369,1.0,0.20355474484967376,C0636
W00625,The Able McLaughlins,novel,1923.0,adult,100.0,1091.3816449913215,10,0.6010822952717941,1.0,0.20216459054358832,C0620
W00601,The Flies,novel,1947.0,adult,84.32122370936902,1940.324773421308,17,0.6007121890633562,0.8420038535645472,0.35942052456216517,C0596
W00380,Knife in the Water,film,1962.0,adult,100.0,1085.6540736061224,8,0.6005518153387607,1.0,0.20110363067752135,C0379
W00361,Ashes and Diamonds,film,1958.0,adult,100.0,1079.4752874463015,7,0.5999795445021614,1.0,0.19995908900432277,C0360
W00206,An American in Paris,film,1951.0,adult,76.16519102190937,2365.950297174646,19,0.5990385893219126,0.7598149307217457,0.4382622479220794,C0205
W00506,Dog Soldiers,novel,1975[b],adult,100.0,1060.5402982577923,11,0.5982258113539954,1.0,0.19645162270799094,C0503
W00509,The Golden Notebook,novel,,adult,100.0,1052.0292088922351,11,0.5974375257416416,1.0,0.194875051483283,C0506
W00214,Chariots of Fire,film,1981.0,adult,71.03737623460925,2624.0861176734297,20,0.5971101031043046,0.708141575543365,0.4860786306652442,C0213
W00742,The Magic Barrel,novel,1959,adult,100.0,1045.1000387765102,12,0.5967957553555986,1.0,0.19359151071119723,C0737
W00325,Bicycle Thieves,film,1948.0,adult,100.0,1043.3130872843678,9,0.5966302503196709,1.0,0.19326050063934183,C0324
W00104,Back to the Future,film,1985.0,middle,84.99969160550177,1857.0691364776944,19,0.5964196489920071,0.8488408229224937,0.3439984750615204,C0104
W00115,Braveheart,film,1995.0,adult,77.58848564944148,2258.342592276042,17,0.5962434296125937,0.7741575721514046,0.4183292870737828,C0114
W00107,The Terminator,film,1984.0,adult,76.78740311272846,2301.5959425417886,20,0.5962132136328576,0.766085006319017,0.4263414209466982,C0107
W00716,The Gathering,novel,2007.0,adult,100.0,1034.0113599343604,11,0.5957687368840673,1.0,0.19153747376813465,C0711
W00667,The Collected Stories[aq],novel,1965.0,adult,100.0,1030.8998136741266,10,0.5954805496680992,1.0,0.19096109933619831,C0662
W00329,Wild Strawberries,film,1957.0,adult,91.459528362014,1490.8913772776857,9,0.5950528768090411,0.9139370584457287,0.2761686951723533,C0328
W00536,The Spy Who Came in from the Cold,novel,1963.0,adult,90.48757170172084,1532.6936143415112,12,0.5940273053200972,0.9041425818882466,0.2839120287519477,C0532
W00341,Children of Paradise,film,1945.0,adult,100.0,1014.5909145498638,9,0.5939700414380934,1.0,0.18794008287618677,C0340
W00823,Wings of Desire,film,1987.0,adult,86.0,1767.3289582346772,17,0.593148124278781,0.8589210019267823,0.32737524663077977,
W00699,Moon Tiger,novel,1987.0,adult,100.0,1004.5755631398468,11,0.5930424331050009,1.0,0.18608486621000184,C0694
W00344,Mon Oncle,film,1958.0,adult,100.0,1002.704855679772,7,0.5928691707043419,1.0,0.1857383414086837,C0343
W00526,Play It as It Lays,novel,,adult,100.0,996.5434943470788,9,0.5922985137317185,1.0,0.18459702746343687,C0522
W00351,The Discreet Charm of the Bourgeoisie,film,1972.0,adult,100.0,989.873475994534,7,0.5916807456322875,1.0,0.1833614912645748,C0350
W00863,Abraham Lincoln: Vampire Hunter,film,2012.0,adult,66.0,2839.2261875947315,20,0.5916550863572243,0.6573795761078999,0.5259305966065486,
W00493,The Assistant,novel,,adult,100.0,981.5528775465432,10,0.590910103031674,1.0,0.181820206063348,C0490
W00127,Avengers: Infinity War,film,2018.0,adult,69.35483870967742,2641.452098000327,25,0.590240991474682,0.6911865249549383,0.48929545799442575,C0126
W00327,"Rome, Open City",film,1945.0,adult,100.0,968.2758171084884,9,0.5896803996096858,1.0,0.17936079921937165,C0326
W00315,Tokyo Story,film,1953.0,adult,100.0,967.7515474180055,8,0.5896318424583917,1.0,0.17926368491678346,C0314
W00313,Yojimbo,film,1961.0,adult,100.0,962.5420333546224,7,0.5891493442954492,1.0,0.17829868859089848,C0312
W00702,The English Patient,novel,1992.0,adult,72.80114722753346,2434.450163955214,19,0.5884330999799656,0.7259152215799615,0.4509509783799698,C0697
W00408,Slaughterhouse-Five,novel,,adult,60.4206500956023,3106.063717152864,20,0.5882574649081124,0.6011560693641619,0.5753588604520629,C0407
W00691,"The Sea, the Sea",novel,1978.0,adult,100.0,945.7693123093376,9,0.5875958775049899,1.0,0.1751917550099798,C0686
W00599,The Bridge on the Drina,novel,1945.0,adult,69.66158843726228,2592.6044843536847,22,0.5872623608493415,0.6942776638282885,0.48024705787039457,C0594
W00640,The Yearling[q],novel,1938.0,adult,100.0,937.9577120363022,8,0.5868723776285095,1.0,0.173744755257019,C0635
W00499,The Blind Assassin,novel,2000.0,adult,100.0,933.6170721410648,8,0.5864703534185802,1.0,0.1729407068371605,C0496
W00352,Viridiana,film,1961.0,adult,100.0,933.2478599100516,9,0.586436157479951,1.0,0.17287231495990196,C0351
W00146,Avengers: Age of Ultron,film,2015.0,adult,50.60483870967742,3619.812240355516,31,0.5863828443285409,0.5022414382497359,0.670524250407346,C0145
W00710,True History of the Kelly Gang,novel,2001.0,adult,100.0,932.5034398237252,7,0.5863672102960602,1.0,0.1727344205921203,C0705
W00730,Shuggie Bain,novel,2020.0,adult,100.0,932.5034398237252,7,0.5863672102960602,1.0,0.1727344205921203,C0725
W00713,The Line of Beauty,novel,2004.0,adult,100.0,932.5034398237252,7,0.5863672102960602,1.0,0.1727344205921203,C0708
W00722,The Luminaries,novel,2013.0,adult,100.0,932.5034398237252,7,0.5863672102960602,1.0,0.1727344205921203,C0717
W00732,The Seven Moons of Maali Almeida,novel,2022.0,adult,100.0,932.5034398237252,7,0.5863672102960602,1.0,0.1727344205921203,C0727
W00012,Star Wars,film,1977.0,middle,86.82982791586998,1641.0667120587989,18,0.5856350029472936,0.8672832369942197,0.3039867689003675,C0012
W00353,Los Olvidados,film,1950.0,adult,100.0,911.4661353777012,8,0.584418763545563,1.0,0.1688375270911259,C0352
W00496,Beloved,novel,,adult,83.5564053537285,1805.777314457852,16,0.5843970204224493,0.8342967244701349,0.33449731637476376,C0493
W00839,The Favourite,film,2018.0,adult,91.33333333333331,1382.1717101899887,14,0.5843475697971081,0.9126653821451507,0.25602975744906564,
W00369,The Spirit of the Beehive,film,1973.0,adult,100.0,894.2543237598209,7,0.5828246287787693,1.0,0.16564925755753868,C0368
W00364,Blue,film,1993.0,child,99.29891650732952,927.4767365436516,8,0.5823692096529145,0.9929351316634555,0.17180328764237357,C0363
W00367,Raise the Red Lantern,film,1991.0,middle,100.0,880.7498122473492,7,0.5815738591451863,1.0,0.16314771829037267,C0366
W00386,A Brighter Summer Day,film,1991.0,adult,100.0,877.8543710887159,6,0.5813056872921207,1.0,0.16261137458424152,C0385
W00600,The Pearl,novel,1947.0,adult,96.74952198852772,1053.1836179744298,7,0.5811667962274729,0.9672447013487475,0.19508889110619834,C0595
W00635,Lamb in His Bosom[l],novel,1933.0,adult,100.0,876.3318486185756,7,0.581164673315396,1.0,0.16232934663079196,C0630
W00751,Mr. Sammler's Planet,novel,1971,adult,100.0,872.3734832766036,5,0.580798054858757,1.0,0.16159610971751395,C0746
W00806,James,novel,2024,adult,95.4110898661568,1120.183726993379,9,0.5806285179586677,0.9537572254335261,0.20749981048380922,C0801
W00318,Jules and Jim,film,1962.0,adult,78.01147227533461,2066.669597221098,14,0.5806221686422097,0.7784200385356456,0.3828242987487738,C0317
W00381,Shoah,film,1985.0,adult,100.0,869.75001882889,9,0.5805550731216571,1.0,0.16111014624331432,C0380
W00448,The Age of Innocence,novel,,adult,95.88910133843213,1085.7936878865344,8,0.5798518367837868,0.9585741811175338,0.20112949245003975,C0447
W00389,Elevator to the Gallows,film,1958.0,adult,100.0,857.7694417988494,7,0.579445448243472,1.0,0.15889089648694396,C0388
W00531,Red Harvest,novel,,adult,100.0,855.3078079052873,7,0.579217455033927,1.0,0.15843491006785393,C0527
W00542,White Noise,novel,1985,adult,87.69917144678139,1523.4943182497834,12,0.5791258248510611,0.876043673731535,0.2822079759705871,C0537
W00835,Finding Neverland,film,2004.0,adult,93.33333333333331,1213.8370801098276,11,0.5788337147972162,0.932819524727039,0.22484790486739353,
W00755,A Crown of Feathers and Other Stories,novel,1974[b],adult,100.0,842.9263795443263,8,0.5780707038463723,1.0,0.15614140769274448,C0750
W00793,Salvage the Bones,novel,2011,adult,100.0,842.7034816964599,8,0.5780500593484765,1.0,0.15610011869695298,C0788
W00370,My Neighbor Totoro,film,1988.0,child,100.0,841.1628476548569,6,0.5779073679024422,1.0,0.15581473580488442,C0369
W00759,Blood Tie,novel,1978,adult,100.0,830.2170636075659,8,0.5768935841539915,1.0,0.15378716830798306,C0754
W00019,It's a Wonderful Life,film,1946.0,middle,66.02581261950287,2674.153778854575,22,0.5764963604083952,0.6576396917148363,0.4953530291019541,C0019
W00462,A House for Mr. Biswas,novel,,adult,100.0,819.842617184213,7,0.5759327169253191,1.0,0.15186543385063822,C0460
W00309,Seven Samurai,film,1954.0,adult,79.15869980879542,1945.091232420095,16,0.5751420913704233,0.7899807321772641,0.3603034505635826,C0308
W00374,Pan's Labyrinth,film,2006.0,adult,75.07966857871256,2164.9140443188708,16,0.57494943933247,0.7488760436737316,0.4010228349912084,C0373
W00111,Interstellar,film,2014.0,adult,64.22726618557125,2741.79312706375,24,0.5736989852510224,0.639515611080034,0.5078823594220107,C0111
W00407,The Heart Is a Lonely Hunter,novel,1940.0,adult,95.93690248565966,1008.0524381751492,8,0.5728923949221163,0.9590558766859345,0.186728913158298,C0406
W00347,A Man Escaped,film,1956.0,adult,100.0,784.9993412657896,7,0.5727055797265341,1.0,0.14541115945306818,C0346
W00343,Playtime,film,1967.0,adult,100.0,784.0210166783015,6,0.5726149686233715,1.0,0.1452299372467429,C0342
W00651,The Way West[ab],novel,1949.0,adult,100.0,777.4385925804264,7,0.5720053133856101,1.0,0.14401062677122015,C0646
W00373,Grave of the Fireflies,film,1988.0,adult,100.0,773.3364126003981,6,0.5716253750112548,1.0,0.14325075002250945,C0372
W00149,Inglourious Basterds,film,2009.0,adult,59.105604556014725,2994.765414034431,26,0.5713232624302277,0.5879042617108998,0.5547422631495555,C0148
W00082,Titanic,film,1997.0,ya,63.36982377513366,2759.755152561972,23,0.5710423496661612,0.6308751027821754,0.511209596550147,C0082
W00025,Mr. Smith Goes to Washington,film,1939.0,adult,82.14627151051624,1732.2230128338342,15,0.5704795106247399,0.8200867052023121,0.32087231604716765,C0025
W00202,All Quiet on the Western Front,film,1930.0,adult,97.2604157786411,906.6860062467972,9,0.5701725416825741,0.9723930144938208,0.1679520688713275,C0201
W00053,M*A*S*H,film,1970.0,adult,73.40439770554494,2202.5810579021954,21,0.5699971952932101,0.7319942196531792,0.408000170933241,C0053
W00469,A Room with a View,novel,,adult,91.8738049713193,1197.7038012194923,9,0.5699855865987136,0.9181117533718689,0.22185941982555824,C0467
W00316,Late Spring,film,1949.0,adult,100.0,754.2564792441202,5,0.5698582173298546,1.0,0.13971643465970934,C0315
W00356,Stalker,film,1979.0,adult,100.0,752.527281822624,6,0.5696980613980182,1.0,0.13939612279603622,C0355
W00330,Persona,film,1966.0,adult,89.35627788400255,1315.1218274721434,12,0.5681760357809467,0.892742453436095,0.24360961812579837,C0329
W00438,The Rainbow,novel,,adult,84.7036328871893,1559.37226327317,12,0.5673556638962963,0.8458574181117534,0.2888539096808393,C0437
W00626,So Big[d],novel,1924.0,adult,100.0,726.9082329001528,7,0.5673252596566214,1.0,0.1346505193132429,C0621
W00031,The Godfather Part II,film,1974.0,adult,47.04927586221798,3606.91344175261,29,0.5672733448606652,0.4664117779564548,0.6681349117648755,C0031
W00622,The Age of Innocence[c][12],novel,1920.0,adult,100.0,715.0487619464043,7,0.5662268514598044,1.0,0.13245370291960892,C0617
W00112,Star Wars: Episode IV – A New Hope,film,1977.0,middle,82.86290322580646,1641.0667120587989,18,0.5656475114935053,0.8273082540866432,0.3039867689003675,C0012
W00424,A Handful of Dust,novel,,adult,100.0,705.0276730691448,6,0.565298711730238,1.0,0.130597423460476,C0423
W00539,To Kill a Mockingbird,novel,1960.0,adult,67.92543021032505,2446.7236062863835,19,0.5650033756587158,0.6767822736030829,0.45322447771434876,C0024
W00396,The Sound and the Fury,novel,,adult,73.32695984703633,2140.593446920295,16,0.5638658129984327,0.73121387283237,0.3965177531644954,C0395
W00412,Appointment in Samarra,novel,,adult,100.0,682.6286869147747,6,0.5632241478573383,1.0,0.12644829571467656,C0411
W00007,Schindler's List,film,1993.0,adult,68.43291598587436,2388.584294821011,23,0.5621755762524251,0.6818962439424333,0.4424549085624169,C0007
W00471,The Adventures of Augie March,novel,1953.0,adult,100.0,669.4104101500715,5,0.5619998888998545,1.0,0.12399977779970896,C0469
W00016,The Graduate,film,1967.0,adult,79.66730401529637,1770.262527225549,14,0.5615123130293526,0.7951059730250482,0.327918653033657,C0016
W00455,A Clockwork Orange,novel,,adult,86.5678776290631,1392.8344421107272,12,0.5613242192066585,0.8646435452793835,0.2580048931339335,C0454
W00385,Yi Yi,film,2000.0,adult,100.0,647.257018663898,5,0.5599480716737228,1.0,0.11989614334744575,C0384
W00765,"So Long, See You Tomorrow",novel,1979.0,adult,100.0,645.2473065701995,6,0.5597619348514675,1.0,0.119523869702935,C0760
W00365,In the Mood for Love,film,2000.0,adult,100.0,644.8833809123407,5,0.5597282285481102,1.0,0.11945645709622042,C0364
W00366,Chungking Express,film,1994.0,adult,100.0,644.8833809123407,5,0.5597282285481102,1.0,0.11945645709622042,C0365
W00631,Laughing Boy[h],novel,1929.0,adult,100.0,639.0543583455043,7,0.5591883523435296,1.0,0.11837670468705909,C0626
W00208,Argo,film,2012.0,adult,77.79103895945732,1836.3685432670388,19,0.5581813346688573,0.7761987162966509,0.3401639530410636,C0207
W00767,The Collected Stories of Eudora Welty,novel,1983,adult,100.0,626.3111798105249,6,0.5580080963429953,1.0,0.11601619268599055,C0762
W00840,Fahrenheit 9/11,film,2004.0,adult,91.33333333333331,1077.6193556704702,12,0.5561403416780143,0.9126653821451507,0.19961530121087792,
W00033,Snow White and the Seven Dwarfs,film,1937.0,child,72.69694072657744,2082.291504896353,16,0.5552915920038213,0.7248651252408478,0.38571805876679466,C0033
W00606,Snow,novel,2002.0,adult,98.66156787762908,667.7695852290974,5,0.5551041799521577,0.9865125240847786,0.1236958358195366,C0601
W00345,Au Hasard Balthazar,film,1966.0,adult,100.0,591.1256832897591,4,0.5547492631338066,1.0,0.1094985262676131,C0344
W00392,The Great Gatsby,novel,1925.0,adult,74.5697896749522,1972.120598542864,17,0.5545241275046224,0.7437379576107901,0.3653102973984547,C0391
W00783,In America,novel,2000,adult,100.0,587.4371708992466,6,0.5544076380933979,1.0,0.10881527618679572,C0778
W00752,The Complete Stories[a],novel,1972,adult,100.0,586.5795194256749,5,0.5543282035712124,1.0,0.10865640714242482,C0747
W00632,Years of Grace[i],novel,1930.0,adult,100.0,585.2188572833624,7,0.5542021808796401,1.0,0.10840436175928025,C0627
W00811,Napoleon,film,2023.0,adult,86.0,1342.5976816712875,13,0.5538100865668787,0.8589210019267823,0.2486991712069751,
W00494,At Swim-Two-Birds,novel,1939.0,adult,100.0,578.2799578658903,6,0.5535595093787979,1.0,0.10711901875759589,C0491
W00017,The General,film,1926.0,adult,84.99904397705545,1389.981682528106,12,0.5531553761861129,0.8488342967244702,0.25747645564775556,C0017
W00703,Sacred Hunger,novel,1992.0,adult,100.0,568.3097002874295,7,0.5526360775755356,1.0,0.10527215515107108,C0698
W00849,Agora,film,2009.0,adult,79.33333333333333,1678.821473886433,16,0.5513604428720931,0.7917405266538214,0.3109803590903648,
W00643,In This Our Life[t],novel,1941.0,adult,100.0,554.1414784239068,7,0.5513238359848349,1.0,0.10264767196966981,C0638
W00685,The Siege of Krishnapur,novel,1973.0,adult,100.0,551.7692165817549,7,0.5511041202940947,1.0,0.10220824058818948,C0680
W00433,A Dance to the Music of Time,novel,,adult,100.0,550.348324137037,6,0.5509725191531871,1.0,0.10194503830637434,C0432
W00075,Forrest Gump,film,1994.0,ya,71.85745613432013,2080.452192611442,20,0.5508914643400088,0.7164055791570217,0.3853773495229959,C0075
W00357,Andrei Rublev,film,1966.0,adult,83.87507966857872,1410.0659832993065,12,0.5493524227897125,0.8375080282594735,0.26119681731995165,C0356
W00339,The Battle of Algiers,film,1966.0,adult,100.0,525.3359250598066,6,0.5486559045018562,1.0,0.09731180900371247,C0338
W00310,Rashomon,film,1950.0,adult,83.23773103887827,1435.6029387254555,12,0.5485063173529166,0.8310854206807964,0.2659272140250367,C0309
W00729,"Girl, Woman, Other",novel,2019.0,adult,100.0,520.7092208530804,5,0.548227385401406,1.0,0.09645477080281205,C0724
W00518,The Man Who Loved Children,novel,,adult,100.0,506.6712027236848,6,0.5469272031048661,1.0,0.09385440620973215,C0514
W00519,Money,novel,,adult,97.13193116634798,659.298677871631,6,0.5466124868487597,0.9710982658959536,0.12212670780156586,C0515
W00637,Honey in the Horn[n],novel,1935.0,adult,100.0,500.6504215371562,6,0.5463695664756846,1.0,0.0927391329513691,C0632
W00741,The Wapshot Chronicle,novel,1958,adult,100.0,499.18971731249513,5,0.5462342780214399,1.0,0.09246855604287964,C0736
W00495,Atonement,novel,,adult,84.9904397705545,1315.685806447679,14,0.546230839795671,0.8487475915221581,0.24371408806918396,C0492
W00378,The Earrings of Madame de...,film,1953.0,adult,100.0,497.85955143646015,6,0.5461110798528992,1.0,0.09222215970579829,C0377
W00880,Extremely Loud and Incredibly Close,film,2011.0,adult,79.33333333333333,1620.6940972397308,15,0.5459767636829278,0.7917405266538214,0.3002130007120342,
W00721,Bring Up the Bodies,novel,2012.0,adult,100.0,493.81196117797975,6,0.5457361975048913,1.0,0.09147239500978271,C0716
W00642,Not awarded[s],novel,1940.0,adult,100.0,490.05374794457,6,0.5453881168664664,1.0,0.09077623373293274,C0637
W00647,Not awarded[x],novel,1945.0,adult,100.0,490.05374794457,6,0.5453881168664664,1.0,0.09077623373293274,C0642
W00621,Not awarded[b],novel,1919.0,adult,100.0,490.05374794457,6,0.5453881168664664,1.0,0.09077623373293274,C0616
W00065,Raiders of the Lost Ark,film,1981.0,middle,35.85382871769568,3977.902949291776,29,0.545225232938876,0.3535944589471067,0.7368560069306453,C0065
W00384,Naked,film,1993.0,adult,96.23964308476737,692.5095650656704,7,0.5451926091015293,0.962106615285806,0.1282786029172526,C0383
W00350,Belle de Jour,film,1967.0,adult,100.0,484.4563485470712,5,0.5448696932872824,1.0,0.08973938657456472,C0349
W00717,The White Tiger,novel,2008.0,adult,100.0,482.3660390522545,5,0.5446760916424919,1.0,0.08935218328498369,C0712
W00648,All the King's Men[y],novel,1946.0,adult,100.0,479.82649056084,5,0.54444088208803,1.0,0.08888176417606009,C0643
W00672,Not awarded[au],novel,1970.0,adult,100.0,473.6200425833093,4,0.5438660492512007,1.0,0.08773209850240149,C0667
W00513,Housekeeping,novel,,adult,100.0,472.27575965536494,3,0.5437415435803614,1.0,0.08748308716072295,C0509
W00537,Their Eyes Were Watching God,novel,,adult,91.68260038240918,921.3970571104942,8,0.5434310376650116,0.9161849710982659,0.1706771042317571,C0533
W00335,L'Avventura,film,1960.0,adult,100.0,467.3386128346537,6,0.5432842717039087,1.0,0.08656854340781735,C0334
W00363,Three Colors: Red,film,1994.0,adult,100.0,458.91975523634056,3,0.5425045284733813,1.0,0.08500905694676247,C0362
W00362,The Double Life of Veronique,film,1991.0,adult,100.0,458.91975523634056,3,0.5425045284733813,1.0,0.08500905694676247,C0361
W00501,Call It Sleep,novel,,adult,100.0,458.6850422096708,5,0.5424827896695679,1.0,0.08496557933913576,C0498
W00076,All the President's Men,film,1976.0,middle,59.75334608030592,2643.1029791655296,25,0.5420164309977132,0.5944315992292869,0.48960126276613963,C0076
W00530,The Recognitions,novel,,adult,100.0,447.6919587475922,3,0.5414646251131444,1.0,0.08292925022628882,C0526
W00040,King Kong,film,2005.0,adult,64.22562141491396,2388.8483970593816,20,0.541001433378584,0.6394990366088632,0.44250383014830474,C0040
W00771,Paris Trout,novel,1988,adult,100.0,442.3902365964417,3,0.5409735867615365,1.0,0.08194717352307311,C0766
W00786,The News from Paraguay,novel,2004,adult,100.0,442.0777739446995,3,0.5409446468923627,1.0,0.08188929378472537,C0781
W00547,Long Day's Journey into Night,novel,1956.0,adult,90.43977055449332,956.2123681156216,9,0.5403935424020523,0.903660886319846,0.1771261984842587,C0542
W00497,The Berlin Stories,novel,,adult,100.0,431.3755439514137,4,0.5399534207917472,1.0,0.07990684158349456,C0494
W00712,Vernon God Little,novel,2003.0,adult,100.0,429.0994256055819,3,0.5397426097819022,1.0,0.07948521956380457,C0707
W00349,Diabolique,film,1955.0,adult,84.19375398342893,1287.902472623664,9,0.5396434551704605,0.8407193320488118,0.23856757829210917,C0348
W00745,Morte d'Urban,novel,1963,adult,100.0,425.4914878475548,6,0.5394084474552286,1.0,0.07881689491045739,C0740
W00476,Ragtime,novel,,adult,91.39579349904398,892.1876909872801,6,0.5392806188839778,0.9132947976878613,0.1652664400800943,C0474
W00670,House Made of Dawn[as],novel,1968.0,adult,100.0,411.7089104016415,3,0.5381319237301067,1.0,0.07626384746021324,C0665
W00781,Charming Billy,novel,1998,adult,100.0,411.5109657204801,4,0.5381135903608398,1.0,0.07622718072167964,C0776
W00646,A Bell for Adano[w],novel,1944.0,adult,100.0,409.8735415211691,5,0.5379619343410053,1.0,0.07592386868201041,C0641
W00468,Kim,novel,,adult,93.88145315487571,742.5206102236054,6,0.5379427405996586,0.9383429672447013,0.13754251395461595,C0466
W00027,All About Eve,film,1950.0,adult,79.31581639488012,1527.506828991824,14,0.5372576249239389,0.7915640072162293,0.2829512426316485,C0027
W00748,The Eighth Day,novel,1968,adult,100.0,399.3604025859064,3,0.5369882215990285,1.0,0.07397644319805687,C0743
W00628,Early Autumn,novel,1926.0,adult,100.0,398.1042885908521,5,0.5368718820157802,1.0,0.0737437640315603,C0623
W00630,Scarlet Sister Mary[g],novel,1928.0,adult,100.0,392.134326150924,4,0.536318952150335,1.0,0.07263790430067005,C0625
W00636,Now in November[m],novel,1934.0,adult,100.0,392.134326150924,4,0.536318952150335,1.0,0.07263790430067005,C0631
W00634,The Store[k],novel,1932.0,adult,100.0,392.134326150924,4,0.536318952150335,1.0,0.07263790430067005,C0629
W00720,The Sense of an Ending,novel,2011.0,adult,100.0,390.0305025167757,5,0.5361240988441953,1.0,0.07224819768839062,C0715
W00624,One of Ours,novel,1922.0,adult,100.0,384.6645286662263,3,0.535627109586889,1.0,0.07125421917377804,C0619
W00073,The Silence of the Lambs,film,1991.0,adult,62.96830348847213,2397.0648637335694,21,0.5354273902447528,0.6268289542287269,0.4440258262607787,C0073
W00744,The Waters of Kronos,novel,1961,adult,100.0,370.46708597860487,3,0.5343121616028903,1.0,0.06862432320578063,C0739
W00795,The Good Lord Bird,novel,2013.0,adult,100.0,370.12983937349554,4,0.5342809262773985,1.0,0.06856185255479705,C0790
W00674,The Optimist's Daughter,novel,1972.0,adult,100.0,368.7268144102404,4,0.534150979998514,1.0,0.06830195999702807,C0669
W00700,Oscar and Lucinda,novel,1988.0,adult,100.0,368.6039670470086,4,0.5341396020414991,1.0,0.06827920408299827,C0695
W00757,J R,novel,1976,adult,100.0,365.7204987245726,3,0.5338725390963662,1.0,0.06774507819273254,C0752
W00715,The Inheritance of Loss,novel,2006.0,adult,100.0,357.3896905098083,5,0.5331009508809311,1.0,0.0662019017618623,C0710
W00020,Chinatown,film,1974.0,adult,74.42884225824392,1747.7547253607486,14,0.5330334945018355,0.7423176204443462,0.3237493685593247,C0020
W00102,Gladiator,film,2000.0,adult,81.51348332175053,1360.6159341661944,14,0.5328734385921433,0.8137100535120525,0.2520368236722342,C0102
W00480,Midnight's Children,novel,1981.0,adult,78.01147227533461,1547.3818742901692,12,0.5325264404602141,0.7784200385356456,0.2866328423847827,C0478
W00794,The Round House,novel,2012,adult,100.0,349.75243187716245,4,0.5323935982919307,1.0,0.06478719658386144,C0789
W00719,The Finkler Question,novel,2010.0,adult,100.0,344.8652595632175,3,0.5319409549868601,1.0,0.06388190997372012,C0714
W00382,Z,film,1969.0,adult,98.8527724665392,406.1850760095304,3,0.5318399668216454,0.9884393063583815,0.07524062728490911,C0381
W00009,The Wizard of Oz,film,1939.0,child,68.6357552581262,2047.7782005539937,18,0.5316325885814899,0.6839402697495184,0.37932490741346137,C0009
W00724,A Brief History of Seven Killings,novel,2014.0,adult,100.0,336.5279934543249,3,0.531168768649985,1.0,0.06233753729996986,C0719
W00749,Steps,novel,1969,adult,86.80688336520078,1052.6001424703957,8,0.5310164163999387,0.8670520231213874,0.19498080967849007,C0744
W00426,All the King's Men,novel,,adult,78.1548757170172,1522.7228125271845,14,0.5309650947867438,0.7798651252408477,0.2820650643326399,C0425
W00505,A Death in the Family,novel,,adult,100.0,332.8622187402369,2,0.5308292495424849,1.0,0.06165849908496989,C0502
W00666,The Keepers of the House,novel,1964.0,adult,100.0,332.83019235745303,4,0.5308262833021272,1.0,0.061652566604254444,C0661
W00514,Infinite Jest,novel,1996.0,adult,63.47992351816443,2316.4399820298,15,0.5305378382514014,0.6319845857418112,0.4290910907609917,C0510
W00791,Let the Great World Spin,novel,2009.0,adult,100.0,326.7542983920684,4,0.5302635422017361,1.0,0.06052708440347214,C0786
W00872,Blonde,film,2022.0,adult,59.333333333333336,2531.3762961450984,20,0.5295522071808093,0.590199100834939,0.46890531352667963,
W00645,Journey in the Dark[v],novel,1943.0,adult,100.0,312.03940829063754,4,0.5289006689365029,1.0,0.05780133787300586,C0640
W00747,The Collected Stories of Katherine Anne Porter,novel,1966,adult,100.0,306.82927529013864,3,0.5284181134484399,1.0,0.056836226896879935,C0742
W00665,Not awarded[ap],novel,1963.0,adult,100.0,305.857514683052,3,0.5283281102922848,1.0,0.056656220584569615,C0660
W00552,The Plague,novel,1947.0,adult,77.62906309751433,1519.904309706404,8,0.528054723232507,0.7745664739884393,0.28154297247657467,C0547
W00400,The Grapes of Wrath,novel,,adult,74.7131931166348,1672.9514540980776,16,0.5275380283912615,0.7451830443159922,0.30989301246653084,C0399
W00101,The Matrix,film,1999.0,adult,91.79465038343716,743.2359179325831,10,0.52749456128548,0.9173141069467752,0.13767501562418477,C0101
W00678,Not awarded[ay],novel,1976.0,adult,100.0,295.94660298221925,2,0.5274101750241282,1.0,0.0548203500482565,C0673
W00698,The Old Devils,novel,1986.0,adult,100.0,288.7456804038559,3,0.5267432352916929,1.0,0.05348647058338563,C0693
W00675,Not awarded[aw],novel,1973.0,adult,100.0,281.3459202474655,3,0.5260578794910877,1.0,0.05211575898217548,C0670
W00804,The Rabbit Hutch,novel,2022,adult,100.0,278.85591679918315,2,0.5258272587316658,1.0,0.051654517463331606,C0799
W00105,Fight Club,film,1999.0,adult,74.4418059581817,1666.9558286521096,16,0.5256153277812368,0.7424482565728137,0.30878239898966,C0105
W00788,The Echo Maker,novel,2006.0,adult,100.0,273.29626072537684,2,0.5253123308881922,1.0,0.05062466177638429,C0783
W00661,Advise and Consent[al],novel,1959.0,adult,100.0,271.8142248432086,2,0.5251750667246136,1.0,0.050350133449227175,C0656
W00474,The Death of the Heart,novel,,adult,100.0,268.2312379165666,3,0.5248432153102748,1.0,0.049686430620549525,C0472
W00681,Something to Answer For,novel,1968.0,adult,100.0,266.3150218951604,2,0.5246657379680735,1.0,0.04933147593614696,C0676
W00772,Spartina,novel,1989,adult,100.0,258.8964856354918,2,0.5239786431501189,1.0,0.047957286300237705,C0767
W00677,Humboldt's Gift[ax],novel,1975.0,adult,100.0,258.70982004737846,1,0.5239613544352304,1.0,0.04792270887046078,C0672
W00574,Blindness,novel,1995.0,adult,91.8738049713193,696.4986136596073,4,0.5235646384425934,0.9181117533718689,0.1290175235133179,C0569
W00770,Paco's Story,novel,1987,adult,100.0,254.1355996953641,3,0.5235376963185829,1.0,0.04707539263716598,C0765
W00664,The Reivers[ao] (posthumously),novel,1962.0,adult,100.0,250.40561134726903,1,0.5231922298309498,1.0,0.04638445966189957,C0659
W00320,Contempt,film,1963.0,adult,88.91013384321224,853.6754180770595,7,0.5231895793562594,0.8882466281310212,0.1581325305814976,C0319
W00633,The Good Earth[j],novel,1931.0,adult,100.0,244.2938324726769,1,0.5226261651186902,1.0,0.04525233023738035,C0628
W00803,Hell of a Book,novel,2021.0,adult,100.0,239.77339520076032,2,0.5222074883183476,1.0,0.04441497663669536,C0798
W00797,Fortune Smiles,novel,2015,adult,100.0,239.51782950160347,3,0.5221838181681467,1.0,0.04436763633629344,C0792
W00778,Sabbath's Theater,novel,1995,adult,100.0,237.2227636845588,1,0.5219712522690853,1.0,0.0439425045381706,C0773
W00790,Shadow Country,novel,2008,adult,100.0,236.8892721831828,2,0.5219403647362343,1.0,0.04388072947246847,C0785
W00049,The Lord of the Rings: The Fellowship of the Ring,film,2001.0,ya,54.58352093998643,2706.396243726488,27,0.5218302195043998,0.5423349027285722,0.5013255362802274,C0049
W00799,"Sing, Unburied, Sing",novel,2017.0,adult,100.0,235.58785818321635,3,0.5218198295276578,1.0,0.043639659055315715,C0794
W00409,Invisible Man,novel,1953,adult,81.51688973868706,1240.9414434012892,12,0.5218065120968818,0.8137443802183686,0.22986864397539508,C0408
W00802,Interior Chinatown,novel,2020,adult,100.0,231.65375941709533,2,0.5214554586085294,1.0,0.042910917217058746,C0797
W00775,All the Pretty Horses,novel,1992,adult,80.40152963671129,1297.2821362089826,10,0.5214049294084493,0.8025048169556841,0.24030504186121437,C0770
W00593,The Stranger,novel,1942.0,adult,75.71701720841301,1542.8549079119564,14,0.5205464653012382,0.7552986512524086,0.28579427935006785,C0588
W00156,Thor,film,2011.0,ya,59.698235983470056,2413.405799384959,23,0.5204645139676187,0.5938762508546211,0.4470527770806164,C0155
W00663,The Edge of Sadness[an],novel,1961.0,adult,100.0,217.33380929086508,3,0.5201291641508756,1.0,0.040258328301751335,C0658
W00123,Star Wars: Episode I – The Phantom Menace,film,1999.0,adult,73.18548387096774,1656.6771305705274,17,0.518333305016157,0.7297882093355709,0.30687840069674316,C0122
W00689,Saville,novel,1976.0,adult,100.0,196.2312896441048,2,0.5181746772564862,1.0,0.03634935451297258,C0684
W00768,Victory Over Japan: A Book of Stories,novel,1984,adult,100.0,188.79538210787504,2,0.517485973534337,1.0,0.034971947068674,C0763
W00620,His Family[a],novel,1917.0,adult,100.0,187.0482229628436,2,0.5173241540119038,1.0,0.03464830802380755,C0615
W00639,The Late George Apley[p],novel,1937.0,adult,100.0,185.84734836012524,2,0.5172129306266348,1.0,0.03442586125326957,C0634
W00807,The True True Story of Raja the Gullible (and His Mother),novel,2025,adult,100.0,183.34101574114567,2,0.5169807974814571,1.0,0.03396159496291421,C0802
W00805,Blackouts,novel,2023,adult,100.0,180.22778190384463,2,0.5166924539643781,1.0,0.03338490792875632,C0800
W00619,The General in His Labyrinth,novel,,adult,69.66158843726228,1830.2570331503675,17,0.5166547686144124,0.6942776638282885,0.3390318734005363,C0614
W00070,Saving Private Ryan,film,1998.0,adult,63.63589403565041,2156.764203709264,22,0.5165347461384663,0.6335563117658027,0.3995131805111299,C0070
W00686,The Conservationist,novel,1974.0,adult,100.0,177.22440460331126,2,0.5164142852114966,1.0,0.03282857042299309,C0681
W00801,Trust Exercise,novel,2019,adult,100.0,163.67453626973952,2,0.5151593146903468,1.0,0.030318629380693594,C0796
W00762,Plains Song: For Female Voices,novel,1980.0,adult,100.0,160.3134716083025,2,0.514848017416754,1.0,0.029696034833508092,C0757
W00245,How the West Was Won,film,1962.0,adult,56.5454080452071,2519.9253321239103,25,0.5144445734037184,0.5621049789526649,0.4667841678547719,C0244
W00669,The Confessions of Nat Turner[ar],novel,1967.0,adult,100.0,148.16187934754586,1,0.5137225533386642,1.0,0.027445106677328558,C0664
W00114,Harry Potter and the Chamber of Secrets,film,2002.0,adult,78.95952836201401,1288.9975862888807,13,0.5133720507504674,0.7879736673089274,0.2387704341920075,C0113
W00659,A Death in the Family[aj] (posthumously),novel,1957.0,adult,100.0,143.92746476470538,1,0.513330367573831,1.0,0.026660735147662092,C0654
W00650,Guard of Honor[aa],novel,1948.0,adult,100.0,142.26728687822794,2,0.5131766041381944,1.0,0.026353208276388845,C0645
W00272,Rain Man,film,1988.0,adult,57.31814251440124,2457.049718095926,21,0.5125145690429895,0.5698918792877041,0.4551372587982748,C0271
W00466,The Prime of Miss Jean Brodie,novel,,adult,87.18929254302103,830.8308499464327,7,0.5124032260507638,0.8709055876685934,0.15390086443293416,C0464
W00488,The Postman Always Rings Twice,novel,,adult,88.04971319311663,783.9622338265115,8,0.5123975781848626,0.8795761078998073,0.14521904846991798,C0485
W00541,Watchmen,novel,,adult,71.08030592734225,1705.7859329872804,16,0.5122746819205991,0.7085741811175337,0.3159751827236645,C0536
W00746,The Centaur,novel,1963.0,adult,88.04971319311665,782.4458864823853,6,0.5122571361399768,0.8795761078998074,0.1449381643801461,C0741
W00256,Milk,film,2008.0,adult,72.22722899489716,1635.1460785748418,15,0.5115109266833336,0.7201318066345128,0.30289004673215447,C0255
W00116,"The Good, the Bad and the Ugly",film,1966.0,adult,77.45327823351631,1349.3709145550397,14,0.5113744519845547,0.7727950773820623,0.249953826587047,C0115
W00029,Apocalypse Now,film,1979.0,adult,53.76218929254302,2628.191413307964,25,0.5104486848565818,0.5340582851637764,0.4868390845493872,C0029
W00792,Lord of Misrule,novel,2010,adult,100.0,111.81788761574322,2,0.5103564218662783,1.0,0.020712843732556507,C0787
W00709,Amsterdam,novel,1998.0,adult,93.59464627151053,459.1820421799828,5,0.5102552180533253,0.9354527938342968,0.08505764227235385,C0704
W00516,The Lord of the Rings,novel,,adult,71.65391969407266,1647.5836626524124,17,0.5097742395895005,0.714354527938343,0.305193951240658,C0512
W00658,Not awarded[ai],novel,1956.0,adult,100.0,95.25802829602526,1,0.5088226700416097,1.0,0.01764534008321959,C0653
W00779,Ship Fever and Other Stories,novel,1996,adult,100.0,91.25798577242068,1,0.5084521915006462,1.0,0.016904383001292586,C0774
W00671,Collected Stories[at],novel,1969.0,adult,100.0,91.25798577242068,1,0.5084521915006462,1.0,0.016904383001292586,C0666
W00120,Harry Potter and the Goblet of Fire,film,2005.0,ya,67.12386151031066,1879.535149568357,17,0.5084324136822789,0.6687048086684485,0.3481600186961092,C0119
W00697,The Bone People,novel,1985.0,adult,100.0,81.06960887380228,1,0.5075085577802765,1.0,0.015017115560552989,C0692
W00200,A Man and a Woman,film,1966.0,adult,79.76458696155206,1177.5095965984854,11,0.5071025000353439,0.7960863002098598,0.21811869986082785,C0199
W00312,High and Low,film,1963.0,adult,72.78521351179096,1546.3423940402242,13,0.5060974741295414,0.7257546563904946,0.2864402918685882,C0311
W00586,Why I Am Not a Christian,novel,1957.0,adult,69.66158843726228,1712.9784685940783,18,0.5057925862184227,0.6942776638282885,0.31730750860855694,C0581
W00203,All the King's Men,film,1950.0,adult,76.2440476915395,1350.953202912377,15,0.5054282502077612,0.760609575003375,0.2502469254121473,C0202
W00022,The Grapes of Wrath,film,1940.0,adult,63.7131931166348,2032.340065773035,15,0.5054002245530143,0.6343352601156069,0.3764651889904215,C0022
W00738,A Fable,novel,1955,adult,90.05736137667304,598.2483805286654,4,0.505312618627177,0.8998073217726398,0.11081791548171417,C0733
W00687,Holiday,novel,1974.0,adult,83.8432122370937,932.5034398237252,7,0.5049606592363299,0.8371868978805396,0.1727344205921203,C0682
W00750,them,novel,1970,adult,91.20458891013384,524.2526678200968,4,0.5042395823851678,0.9113680154142582,0.09711114935607743,C0745
W00452,From Here to Eternity,novel,1952,adult,63.91013384321224,2008.302225117136,20,0.5041661650585241,0.6363198458574181,0.37201248425963,C0451
W00510,Gone with the Wind,novel,1936.0,adult,70.12428298279158,1668.5604208195812,14,0.5040099495309376,0.6989402697495183,0.309079629312357,C0005
W00236,Good Will Hunting,film,1997.0,adult,57.59520648877738,2333.0034358550392,22,0.5024215664782378,0.5726838727096448,0.4321592602468307,C0235
W00618,Joseph and His Brothers,novel,1943.0,adult,69.66158843726228,1671.8779781957055,10,0.5019859142578577,0.6942776638282885,0.3096941646874268,C0613
W00591,L'homme révolté,novel,1951.0,adult,69.66158843726228,1671.503894170041,14,0.5019512671001817,0.6942776638282885,0.3096248703720748,C0586
W00118,Terminator 2: Judgment Day,film,1991.0,adult,62.68889163017332,2043.2466614545435,19,0.5012493991766599,0.6240133010131146,0.3784854973402052,C0117
W00061,American Graffiti,film,1973.0,adult,64.71988527724665,1928.598532808121,17,0.5008640780916938,0.644479768786127,0.3572483873972604,C0061
W00545,The Clown,novel,1963.0,adult,86.23326959847036,756.7822176143801,6,0.5007279859598193,0.861271676300578,0.14018429561906046,C0540
W00532,Revolutionary Road,novel,1961.0,adult,80.40152963671129,1069.0610197310025,10,0.500267397557005,0.8025048169556841,0.19802997815832582,C0528
W00760,Going After Cacciato,novel,1979,adult,100.0,0.0,0,0.5,1.0,0.0,C0755
W00723,The Narrow Road to the Deep North,novel,2014.0,adult,100.0,0.0,0,0.5,1.0,0.0,C0718
W00756,The Hair of Harold Roux,novel,1975[b],adult,100.0,0.0,0,0.5,1.0,0.0,C0751
W00740,The Field of Vision,novel,1957,adult,100.0,0.0,0,0.5,1.0,0.0,C0735
W00777,A Frolic of His Own,novel,1994.0,adult,100.0,0.0,0,0.5,1.0,0.0,C0772
W00660,The Travels of Jaimie McPheeters[ak],novel,1958.0,adult,100.0,0.0,0,0.5,1.0,0.0,C0655
W00695,Life & Times of Michael K,novel,1983.0,adult,100.0,0.0,0,0.5,1.0,0.0,C0690
W00787,Europe Central,novel,2005,adult,100.0,0.0,0,0.5,1.0,0.0,C0782
W00701,The Famished Road,novel,1991.0,adult,100.0,0.0,0,0.5,1.0,0.0,C0696
W00705,"How Late It Was, How Late",novel,1994.0,adult,100.0,0.0,0,0.5,1.0,0.0,C0700
W00673,Angle of Repose[av],novel,1971.0,adult,100.0,0.0,0,0.5,1.0,0.0,C0668
W00696,Hotel du Lac,novel,1984.0,adult,100.0,0.0,0,0.5,1.0,0.0,C0691
W00649,Tales of the South Pacific[z],novel,1947.0,adult,100.0,0.0,0,0.5,1.0,0.0,C0644
W00657,Andersonville[ah],novel,1955.0,adult,100.0,0.0,0,0.5,1.0,0.0,C0652
W00655,Not awarded[af],novel,1953.0,adult,100.0,0.0,0,0.5,1.0,0.0,C0650
W00521,Naked Lunch,novel,1959.0,adult,77.43785850860421,1220.1896727644655,12,0.49933216685073334,0.7726396917148363,0.2260246419866304,C0517
W00055,Jaws,film,1975.0,middle,69.72753346080306,1638.4596358772942,16,0.4992230188380822,0.6949421965317919,0.3035038411443725,C0055
W00232,Get Out,film,2017.0,adult,71.16951443777324,1549.869885786449,14,0.4982834282783596,0.7094731416369058,0.2870937149198134,C0231
W00227,Fargo,film,1996.0,adult,82.44936731984752,932.9756587211614,12,0.4979814582136034,0.8231410232809298,0.172821893146277,C0226
W00224,Driving Miss Daisy,film,1989.0,adult,56.253729707347375,2358.027316536989,19,0.49798016595949657,0.5591657155480284,0.43679461637096473,C0223
W00451,Death Comes for the Archbishop,novel,,adult,84.56022944550669,797.9234632197175,6,0.49610876016564565,0.844412331406551,0.14780518892474032,C0450
W00321,8½,film,1963.0,adult,78.01147227533461,1140.3392830269884,9,0.4948267049120794,0.7784200385356456,0.21123337128851324,C0320
W00319,Breathless,film,1960.0,adult,73.16762268961122,1401.710271848524,11,0.49462862440927496,0.7296082209377007,0.2596490278808492,C0318
W00333,Metropolis,film,1927.0,adult,89.42001274697259,506.3285991930147,5,0.49358782872513873,0.8933847141939627,0.09379094325631473,C0332
W00346,Pickpocket,film,1959.0,adult,86.04206500956023,689.1070206722889,5,0.49349660940172024,0.859344894026975,0.12764832477646545,C0345
W00130,Pirates of the Caribbean: At World's End,film,2007.0,adult,65.5241935483871,1804.2013188181088,19,0.49339511188499685,0.6525848405743055,0.3342053831956881,C0129
W00714,The Sea,novel,2005.0,adult,98.66156787762908,0.0,0,0.4932562620423893,0.9865125240847786,0.0,C0709
W00457,Heart of Darkness,novel,1899.0,adult,70.65009560229446,1518.5751883903613,14,0.4927678453164471,0.7042389210019269,0.2812967696309673,C0029
W00735,Flesh,novel,1960.0,adult,92.63862332695984,318.9963756229952,3,0.492454455096382,0.9258188824662813,0.059090027726482725,C0730
W00158,Captain America: The First Avenger,film,2011.0,adult,39.314516129032256,3211.597450879963,26,0.49168784859225695,0.3884680527068183,0.5949076444776956,C0157
W00668,The Fixer,novel,1966.0,adult,80.81580624601658,953.0124376113922,8,0.4916064819376582,0.8066795118818241,0.1765334519934923,C0663
W00429,Go Tell It on the Mountain,novel,,adult,89.19694072657744,490.2505813473495,4,0.4909747480813419,0.8911368015414258,0.09081269462125796,C0428
W00322,La Dolce Vita,film,1960.0,adult,76.03569152326322,1205.366185341732,11,0.49089436711159545,0.758509955041747,0.22327877918144387,C0321
W00511,Gravity's Rainbow,novel,1974[b],adult,76.99171446781389,1133.0849360915868,11,0.4890167310248432,0.7681438664097624,0.20988959563992401,C0507
W00590,Six Characters in Search of an Author,novel,1921.0,adult,83.36520076481835,780.9132376693434,7,0.4885121014233989,0.8323699421965318,0.144654260650266,C0585
W00572,Waiting for Godot,novel,1952.0,adult,70.36328871892925,1483.8173102569674,12,0.4881035308400752,0.7013487475915222,0.2748583140886282,C0567
W00332,Scenes from a Marriage,film,1973.0,adult,68.54684512428298,1582.0590541913632,14,0.48805033279833343,0.6830443159922929,0.29305634960437404,C0331
W00015,Sunset Boulevard,film,1950.0,adult,64.46450536468926,1799.2489058854676,17,0.4875971493952096,0.6419062872010112,0.3332880115894081,C0015
W00204,Almost Famous,film,2000.0,adult,56.61391287403637,2204.87183068012,20,0.4856099072484673,0.5627953069965514,0.4084245075003831,C0203
W00557,The Gulag Archipelago,novel,1973.0,adult,78.39388145315488,1014.6946041165234,7,0.4851164465672667,0.7822736030828517,0.18795929005168177,C0552
W00502,The Confessions of Nat Turner,novel,1967.0,adult,80.40152963671129,900.7462283076212,8,0.48467830869579,0.8025048169556841,0.1668518004358959,C0499
W00072,Butch Cassidy and the Sundance Kid,film,1969.0,middle,61.81107687561147,1903.06884416362,17,0.4838434179611743,0.6151674991511521,0.3525193367711965,C0072
W00415,A Passage to India,novel,1924.0,adult,69.50286806883365,1471.4248397972592,12,0.48262049683262753,0.6926782273603083,0.27256276630494675,C0414
W00614,The Magic Mountain,novel,1924.0,adult,83.36520076481835,706.7241013102686,4,0.4816408037230724,0.8323699421965318,0.130911665249613,C0609
W00331,Fanny and Alexander,film,1982.0,adult,68.54684512428298,1505.5724001293986,10,0.48096624210858707,0.6830443159922929,0.2788881682248813,C0330
W00218,Crash,film,2004.0,adult,85.28333597203786,592.6969742148327,8,0.48074435769169643,0.8516991274253526,0.10978958795804028,C0217
W00131,Star Wars: Episode III – Revenge of the Sith,film,2005.0,adult,65.12096774193549,1683.5173960474528,20,0.48018586220733006,0.6485215053763441,0.31185021903831606,C0130
W00837,The Magic Mountain,novel,1924.0,adult,86.0,544.8778522773064,4,0.4799263523946691,0.8589210019267823,0.10093170286255582,
W00734,Orbital,novel,2024.0,adult,75.4302103250478,1114.7360229902324,10,0.4794495851691516,0.7524084778420038,0.20649069249629942,C0729
W00843,United 93,film,2006.0,adult,72.66666666666667,1260.3764855703848,11,0.4790143950585948,0.7245600513808607,0.2334687387363289,
W00414,"Winesburg, Ohio",novel,,adult,78.39388145315488,948.3000095999632,7,0.4789670688146041,0.7822736030828517,0.17566053454635652,C0413
W00145,Spider-Man,film,2002.0,adult,58.03341968379285,2055.2427633209063,19,0.47890370059590315,0.5770997783164481,0.38070762287535814,C0144
W00570,Doctor Faustus,novel,1947.0,adult,80.97514340344169,794.5566036366314,5,0.4777333423592005,0.8082851637764934,0.14718152094190762,C0565
W00592,One Hundred Years of Solitude,novel,1967.0,adult,76.2906309751434,1047.062920440895,9,0.4775170538432918,0.7610789980732178,0.19395510961336587,C0587
W00773,Middle Passage,novel,1990.0,adult,80.40152963671129,822.2438992624288,6,0.4774075289090063,0.8025048169556841,0.15231024086232844,C0768
W00522,Neuromancer,novel,,adult,76.2906309751434,1045.4553140872608,7,0.4773681595120882,0.7610789980732178,0.1936573209509587,C0518
W00062,Cabaret,film,1972.0,middle,64.02868068833652,1708.7013460494743,18,0.4770148384191819,0.6375144508670519,0.3165152259713119,C0062
W00147,Life is Beautiful,film,1997.0,adult,46.655204671148674,2652.0205508475265,21,0.47684691207424484,0.4624406944703421,0.4912531296781476,C0146
W00223,Dog Day Afternoon,film,1975.0,adult,71.48615897991743,1299.9455079687827,12,0.47673119446009293,0.7126639912619811,0.24079839765820477,C0222
W00617,One Day in the Life of Ivan Denisovich,novel,1962.0,adult,69.12045889101339,1415.921402562487,9,0.47555306109750384,0.6888246628131022,0.26228145938190545,C0612
W00137,Alien,film,1979.0,adult,52.51932605522318,2317.909311633199,22,0.47544856456388584,0.5215338637164109,0.42936326541136083,C0136
W00613,The Old Man and the Sea,novel,,adult,61.5678776290631,1823.560906116464,14,0.4752541319528903,0.6127167630057803,0.3377915009000003,C0608
W00239,Green Book,film,2018.0,ya,39.33577717967143,3028.4171240072465,22,0.47482905845846923,0.3886823018298296,0.5609758150871089,C0238
W00148,The Great Dictator,film,1940.0,child,56.3788832007237,2099.859419955549,18,0.47469959408195334,0.5604268962230924,0.3889722919408143,C0147
W00854,Becoming Jane,film,2007.0,adult,63.33333333333333,1721.2260106014076,16,0.4746713235152963,0.6305073859987154,0.3188352610318772,
W00379,The 39 Steps,film,1935.0,adult,89.7068196303378,270.8895551523773,1,0.4732268688677622,0.8962748876043675,0.05017885013115702,C0378
W00121,Harry Potter and the Order of the Phoenix,film,2007.0,adult,69.5956434137215,1360.059375553578,13,0.47277342969081754,0.6936131311247851,0.25193372825685,C0120
W00225,Eternal Sunshine of the Spotless Mind,film,2004.0,adult,74.76891037741595,1073.876978675869,13,0.47233329226059334,0.74574451112502,0.19892207339616666,C0224
W00743,"Goodbye, Columbus",novel,1959.0,adult,64.72275334608031,1616.585269745705,13,0.471980281558001,0.6445086705202312,0.2994518925957707,C0738
W00129,The Lord of the Rings: The Two Towers,film,2002.0,adult,47.04146878019696,2568.518129216069,26,0.47105923594114674,0.4663331054343547,0.47578536644793873,C0128
W00736,The Man with the Golden Arm,novel,1950,adult,87.18929254302103,383.2129554696085,5,0.47094546067043713,0.8709055876685934,0.07098533367228088,C0731
W00178,The Godfather Part III,film,1990.0,adult,23.038353995764712,3866.78490329468,33,0.47036240325887,0.22445200654691605,0.716272799970824,C0177
W00800,The Friend,novel,2018,adult,87.76290630975143,343.7606719361784,3,0.4701816168160522,0.8766859344894027,0.06367729914270175,C0795
W00754,Augustus,novel,1973[b],adult,85.75525812619503,430.645336881952,4,0.4681131503065849,0.8564547206165704,0.07977157999659942,C0749
W00250,Lost in Translation,film,2003.0,adult,49.59993179963708,2394.438182364712,19,0.4678270932846425,0.49211491967649695,0.44353926689278805,C0249
W00066,Who's Afraid of Virginia Woolf?,film,1966.0,adult,66.52198852772466,1461.3645908616006,16,0.4666694623285579,0.6626396917148362,0.27069923294227954,C0066
W00395,Brave New World,novel,1932.0,adult,66.1567877629063,1476.2815581048444,11,0.4662109746346962,0.6589595375722543,0.273462411697138,C0394
W00018,On the Waterfront,film,1954.0,adult,62.82431505320034,1653.653249557385,17,0.4658481188200061,0.6253779725014215,0.3063182651385908,C0018
W00219,Dances with Wolves,film,1990.0,adult,53.36830631705862,2166.2395679202323,18,0.46567873487269423,0.5300890983395309,0.4012683714058576,C0218
W00043,The Philadelphia Story,film,1940.0,adult,68.98757170172084,1316.510229285362,17,0.46567617553183344,0.687485549132948,0.24386680193071889,C0043
W00211,Breaking Away,film,1979.0,adult,78.50927403149396,795.9367959886113,12,0.4654368031848021,0.7834364223212205,0.14743718404838366,C0210
W00036,The Best Years of Our Lives,film,1946.0,adult,54.83107825585691,2081.7740464519807,18,0.46522588080512395,0.5448295554491939,0.385622206161054,C0036
W00134,Iron Man,film,2008.0,adult,68.39367585682271,1342.2916058631663,14,0.4650716464574086,0.681500818364514,0.24864247455030314,C0133
W00266,Out of Africa,film,1985.0,adult,48.99891610137497,2387.423146579053,21,0.4641491311169337,0.48605844163813305,0.44223982059573436,C0265
W00262,My Fair Lady,film,1964.0,adult,62.28580823519383,1663.0952186737288,18,0.46400933546091305,0.6199514009057104,0.3080672700161156,C0261
W00008,Vertigo,film,1958.0,adult,84.62332695984703,443.14747247609387,2,0.46356780570533185,0.84504816955684,0.08208744185382372,C0008
W00561,No Exit,novel,1947.0,adult,79.34990439770554,725.8697541285072,4,0.46318283437952645,0.791907514450867,0.13445815430818583,C0556
W00559,With Fire and Sword,novel,1884.0,adult,69.66158843726228,1238.9310863680507,8,0.4618869573461565,0.6942776638282885,0.22949625086402448,C0554
W00273,Rebecca,film,1940.0,adult,60.25014918829389,1748.1557274784457,20,0.4616307843377218,0.5994379195660443,0.3238236491093993,C0272
W00336,Blow-Up,film,1966.0,adult,83.74760994263862,467.3386128346537,6,0.46139602507577765,0.8362235067437379,0.08656854340781735,C0335
W00215,Chicago,film,2002.0,adult,86.49328348211567,316.295190093942,4,0.4612407610758166,0.863891854742707,0.05858966740892613,C0214
W00317,The 400 Blows,film,1959.0,adult,68.54684512428298,1292.5034824716192,11,0.46123208646581326,0.6830443159922929,0.2394198569393337,C0316
W00032,One Flew Over the Cuckoo's Nest,film,1975.0,adult,55.47326970061376,2000.9858786100604,19,0.4609790941990744,0.5513009644204431,0.37065722397770573,C0032
W00323,La Strada,film,1954.0,adult,78.52135117909496,723.5479128005779,5,0.45879309364263715,0.783558124598587,0.13402806268668732,C0322
W00860,Judy,film,2019.0,adult,48.0,2376.007135035305,22,0.4580587211486625,0.47599229287090555,0.4401251494264194,
W00023,E.T. the Extra-Terrestrial,film,1982.0,middle,44.28393881453155,2577.623722836593,21,0.45800867070992174,0.4385452793834297,0.4774720620364138,C0023
W00264,Oliver!,film,1968.0,adult,70.81115806651971,1127.5015820406268,9,0.45735865456993186,0.7058619589362198,0.20885535020364385,C0263
W00021,Some Like It Hot,film,1959.0,adult,59.797916795164376,1723.088531819277,16,0.45703050546809293,0.5948807415004039,0.3191802694357819,C0021
W00038,Dr. Strangelove,film,1964.0,middle,52.653919694072655,2110.676842992205,20,0.4569331278004627,0.5228901734104046,0.3909760821905208,C0038
W00241,Hamlet,film,1948.0,adult,74.74089951407241,907.9978215524482,5,0.4568286548282305,0.7454622436581864,0.16819506599827463,C0240
W00222,"Divorce, Italian Style",film,1961.0,adult,77.70700636942675,738.5121212024272,7,0.45607595308121174,0.7753519138961501,0.13679999226627343,C0221
W00388,Black Orpheus,film,1959.0,adult,68.54684512428298,1226.9492290247076,13,0.455160539969083,0.6830443159922929,0.2272767639458732,C0387
W00529,"Rabbit, Run",novel,,adult,80.40152963671129,573.8431016911038,5,0.45440098222473113,0.8025048169556841,0.10629714749377814,C0525
W00874,I'm Not There,film,2007.0,adult,56.66666666666666,1864.0950438428483,15,0.4543134229531872,0.5633269107257545,0.34529993518062,
W00069,A Clockwork Orange,film,1971.0,adult,52.0678776290631,2111.162357066776,19,0.45402530162461036,0.5169845857418112,0.39106601750740955,C0069
W00878,The Prince and the Pauper,novel,1881.0,adult,76.0,805.1349840936165,10,0.4536456603033075,0.758150289017341,0.14914103158927397,
W00248,Kramer vs. Kramer,film,1979.0,adult,52.9454031737526,2054.7009344174576,16,0.45321736458341005,0.5258274732152719,0.3806072559515482,C0247
W00798,The Underground Railroad,novel,2016,adult,63.76673040152964,1451.3190664122892,11,0.4518565931279706,0.6348747591522158,0.2688384271037254,C0793
W00030,The Maltese Falcon,film,1941.0,adult,66.78776290630975,1278.7073937960545,14,0.4510911128902585,0.6653179190751445,0.23686430670537245,C0030
W00278,Terms of Endearment,film,1983.0,adult,47.79201325035623,2308.483520069003,18,0.4507568263935551,0.4738963955671735,0.4276172572199366,C0277
W00397,Catch-22,novel,,adult,64.1491395793499,1416.10350960473,15,0.4505217580491848,0.6387283236994219,0.2623151923989478,C0396
W00243,Her,film,2013.0,adult,76.58961649474492,739.031195965,7,0.4504940203718188,0.7640918964692022,0.13689614427443542,C0242
W00410,Native Son,novel,,adult,78.39388145315488,640.746818092331,6,0.4504819072229371,0.7822736030828517,0.11869021136302252,C0409
W00164,Black Panther,film,2018.0,ya,36.858539443656326,2895.481933901868,29,0.45003512989562156,0.3637190005593884,0.5363512592318548,C0163
W00360,Solaris,film,1972.0,middle,70.36328871892925,1071.960847222539,9,0.44995794098422426,0.7013487475915222,0.19856713437692633,C0359
W00133,Brokeback Mountain,film,2005.0,adult,50.87506938876211,2127.9554426344043,16,0.4495706477126804,0.5049645720678725,0.39417672335748827,C0132
W00212,CODA,film,2021.0,adult,89.96602160490069,0.0,0,0.44944344219039556,0.8988868843807911,0.0,C0211
W00753,Chimera,novel,1973[b],adult,89.96175908221798,0.0,0,0.4494219653179191,0.8988439306358382,0.0,C0748
W00371,Spirited Away,film,2001.0,adult,68.54684512428298,1160.401345793144,9,0.4489969648224813,0.6830443159922929,0.2149496136526698,C0370
W00558,The Myth of Sisyphus,novel,1942.0,adult,69.66158843726228,1089.9578593287415,10,0.4480892580790965,0.6942776638282885,0.20190085232990448,C0553
W00463,The Day of the Locust,novel,,adult,62.7151051625239,1457.032598741276,10,0.4470871215301532,0.6242774566473988,0.2698967864129076,C0461
W00051,Taxi Driver,film,1976.0,adult,47.42374175044717,2287.726923145922,24,0.4469788293155488,0.470185297408167,0.4237723612229305,C0051
W00445,On the Road,novel,2003.0,adult,85.32504780114724,219.92629582494544,1,0.44642900700589744,0.8521194605009634,0.04073855351083142,C0444
W00093,Pulp Fiction,film,1994.0,adult,60.10582052383065,1585.877941747418,17,0.4458736296769635,0.5979835093249215,0.29376375002900545,C0093
W00261,Mutiny on the Bounty,film,1935.0,adult,71.63869639877726,955.9460284280268,11,0.4456389920728415,0.7142011217063682,0.17707686243931492,C0260
W00152,American Beauty,film,1999.0,adult,57.535569229457685,1718.973808889307,18,0.44525048653037913,0.5720829037958838,0.3184180692648744,C0151
W00465,Scoop,novel,1938.0,adult,85.08604206500956,211.56947655035088,1,0.4444507707601977,0.8497109826589596,0.039190558861435784,C0463
W00150,Cars,film,2006.0,adult,63.17075803367669,1397.6651473189838,16,0.44388441152186847,0.6288691031139289,0.2588997199298081,C0149
W00588,The Remains of the Day,novel,1989.0,adult,68.92925430210326,1071.564714962108,11,0.44269581822278414,0.6868978805394992,0.19849375590606905,C0583
W00028,Double Indemnity,film,1944.0,adult,61.04780114722753,1496.4815941435086,13,0.44234006353975874,0.6074759152215798,0.2772042118579376,C0028
W00449,Zuleika Dobson,novel,1911.0,adult,69.66158843726228,1012.0228269396534,10,0.440871020543103,0.6942776638282885,0.1874643772579176,C0448
W00584,Nausea,novel,1938.0,adult,73.4225621414914,804.9657886610323,5,0.4406434771265655,0.7321772639691715,0.14910969028395954,C0579
W00372,Princess Mononoke,film,1997.0,adult,68.54684512428298,1066.9703852549867,9,0.4403435153311987,0.6830443159922929,0.19764271467010452,C0371
W00594,Quo Vadis,novel,1896.0,adult,59.65583173996176,1541.680120121551,13,0.43951280254999514,0.5934489402697495,0.28557666483024075,C0589
W00484,Wide Sargasso Sea,novel,,adult,62.95411089866157,1354.590278367829,15,0.43880329097166626,0.6266859344894027,0.2509206474539299,C0482
W00564,Jean-Christophe,novel,1904.0,adult,69.66158843726228,986.9724442242424,7,0.43855088789845814,0.6942776638282885,0.18282411196862777,C0559
W00431,Lord of the Flies,novel,1954.0,ya,70.74569789674952,917.1702264259887,5,0.4375482248308397,0.7052023121387283,0.16989413752295113,C0430
W00122,Harry Potter and the Prisoner of Azkaban,film,2004.0,adult,50.93931824256256,1993.3189890199576,19,0.43742452119454667,0.505612012347981,0.3692370300411123,C0121
W00869,Remember Me,film,2010.0,adult,72.66666666666667,800.5470160650569,8,0.4364256100771691,0.7245600513808607,0.1482911687734776,
W00035,The Bridge on the River Kwai,film,1957.0,middle,59.50914006649536,1514.924202717072,16,0.43629559435820675,0.5919707178184407,0.2806204708979728,C0035
W00405,To the Lighthouse,novel,,adult,58.460803059273424,1565.1103952966316,11,0.4356616884153839,0.5814065510597303,0.28991682577103745,C0404
W00068,Tootsie,film,1982.0,adult,56.72657743785851,1656.1153384283048,16,0.43535248583730446,0.5639306358381503,0.3067743358364587,C0068
W00140,Star Wars: Episode V – The Empire Strikes Back,film,1980.0,middle,55.846774193548384,1697.242008761893,17,0.43472866254068404,0.5550647958232332,0.3143925292581349,C0139
W00307,Rules of the Game,film,1939.0,adult,68.54684512428298,998.5194135948988,9,0.43400367870233436,0.6830443159922929,0.1849630414123758,C0306
W00577,My Name Is Red,novel,1998.0,adult,69.66158843726228,925.2980149297456,7,0.4328386854793719,0.6942776638282885,0.17139970713045533,C0572
W00581,Doctor Zhivago,novel,1957.0,adult,57.74378585086042,1569.382782320912,12,0.4324446743734982,0.5741811175337186,0.29070823121327777,C0576
W00611,Narcissus and Goldmund,novel,1930.0,adult,69.66158843726228,914.7807832816771,7,0.4318645936758577,0.6942776638282885,0.1694515235234269,C0606
W00136,Batman Begins,film,2005.0,ya,44.17853985484899,2300.5150194035587,22,0.43181218010721967,0.4374831665527172,0.4261411936617221,C0135
W00459,The House of Mirth,novel,,adult,69.12045889101339,934.4533246640632,6,0.43096013740538996,0.6888246628131022,0.1730956119976778,C0457
W00172,Django Unchained,film,2012.0,adult,42.24733921351939,2392.776536663214,22,0.43062689407017174,0.4180223200129218,0.4432314681274217,C0171
W00571,Buddenbrooks,novel,1901.0,adult,69.66158843726228,900.5962292347504,5,0.4305508394203685,0.6942776638282885,0.16682401501244845,C0566
W00132,Dead Poets Society,film,1989.0,middle,61.52091990150233,1331.9729895392888,11,0.42948732427370145,0.6122435666374897,0.24673108190991322,C0131
W00083,Easy Rider,film,1969.0,adult,37.085086042065015,2659.576650901088,20,0.4293273640211299,0.3660019267822736,0.4926528012599863,C0083
W00157,Die Hard,film,1988.0,adult,45.79015810357944,2178.0384315965057,20,0.4285887598049684,0.4537235585389604,0.4034539610709764,C0156
W00234,Gigi,film,1958.0,adult,80.85761956376125,265.93226223906146,3,0.4281807211180374,0.807100867665648,0.049260574570426756,C0233
W00556,Growth of the Soil,novel,1917.0,adult,69.66158843726228,873.5575112634231,6,0.42804654984733814,0.6942776638282885,0.16181543586638777,C0551
W00057,The Gold Rush,film,1925.0,adult,52.379541108986615,1808.5381059644285,14,0.4275669793952594,0.5201252408477841,0.3350087179427347,C0057
W00879,Nanook of the North,film,1922.0,adult,68.66666666666667,918.6386275863216,8,0.4272089532040582,0.6842517662170842,0.17016614019103227,
W00011,The Searchers,film,1956.0,adult,56.6414913957935,1570.5521239776513,14,0.42699902731619965,0.5630732177263968,0.2909248369060024,C0011
W00170,Catch Me If You Can,film,2002.0,ya,35.70257406607866,2708.5414334424268,22,0.4268965802367678,0.3520702550396751,0.5017229054338606,C0169
W00045,It Happened One Night,film,1934.0,adult,69.09632489353842,891.6434972249866,8,0.42687354894811286,0.6885814628000115,0.16516563509621415,C0045
W00221,Designing Woman,film,1957.0,adult,41.99224220871747,2365.950297174646,19,0.42685696861575295,0.4154516893094265,0.4382622479220794,C0220
W00612,And Quiet Flows the Don,novel,1928.0,adult,69.66158843726228,858.1703932073392,6,0.4266214157360352,0.6942776638282885,0.15896516764378193,C0607
W00607,The Museum of Innocence,novel,2008.0,adult,69.66158843726228,857.1090923072063,7,0.42652311947876187,0.6942776638282885,0.15876857512923528,C0602
W00845,March of the Penguins,film,2005.0,adult,72.66666666666667,692.7448524250038,5,0.4264411191467863,0.7245600513808607,0.12832218691271197,
W00489,The Ginger Man,novel,,adult,69.66158843726228,849.8211966841593,7,0.4258481244202874,0.6942776638282885,0.15741858501228637,C0486
W00308,Grand Illusion,film,1937.0,adult,66.92160611854685,998.5194135948988,9,0.42581485403952124,0.6666666666666667,0.1849630414123758,C0307
W00555,Of Love and Other Demons,novel,1994.0,adult,69.66158843726228,842.3693809821598,6,0.42515794730529066,0.6942776638282885,0.1560382307822929,C0550
W00877,Dear John,film,2010.0,adult,63.33333333333333,1177.7054231985337,11,0.4243311801252238,0.6305073859987154,0.21815497425173228,
W00694,Schindler's Ark,novel,1982.0,adult,52.82026768642447,1745.8766747866096,21,0.4239839787639069,0.5245664739884393,0.3234014835393746,C0689
W00544,The Wonderful Adventures of Nils,novel,1907.0,adult,69.66158843726228,823.2794723677431,5,0.4233898657289422,0.6942776638282885,0.15250206762959598,C0539
W00258,Moonlight,film,2016.0,adult,53.617054962185335,1692.975837175598,16,0.4230990156584258,0.5325957561699987,0.31360227514685296,C0257
W00026,High Noon,film,1952.0,middle,60.9961759082218,1290.4837419289172,12,0.4230007048298505,0.6069556840077072,0.2390457256519939,C0026
W00587,Gitanjali,novel,,adult,69.66158843726228,817.4863213849318,7,0.42285331190206965,0.6942776638282885,0.15142895997585076,C0582
W00507,Falconer,novel,,adult,65.39196940726578,1046.37662260688,13,0.42254019506629326,0.651252408477842,0.19382798165474446,C0504
W00201,A Man for All Seasons,film,1966.0,child,59.46523608286344,1364.6034490545187,14,0.42215187720711816,0.5915282942454254,0.2527754601688109,C0200
W00692,Offshore,novel,1979.0,adult,73.51816443594646,599.2765975591893,5,0.4220745173677564,0.733140655105973,0.11100837962953981,C0687
W00470,Brideshead Revisited,novel,,adult,61.9980879541109,1222.8210837748995,7,0.4217820502910249,0.6170520231213873,0.2265120774606625,C0468
W00486,Sophie's Choice,novel,1979.0,adult,81.40535372848949,148.16187934754586,1,0.4200327652847144,0.8126204238921002,0.027445106677328558,C0090
W00109,V for Vendetta,film,2005.0,adult,60.144123028845165,1301.5539391715672,13,0.41973291275600855,0.5983694863985746,0.24109633911344247,C0109
W00242,Hannah and Her Sisters,film,1986.0,adult,51.09546832945647,1791.680879028938,18,0.4195358393122367,0.5071855479056981,0.3318861307187752,C0241
W00512,Herzog,novel,1965,adult,70.93690248565966,710.396947080909,4,0.41936055385018856,0.7071290944123314,0.13159201328804568,C0508
W00711,Life of Pi,novel,2002.0,adult,79.68451242829828,233.21985269545647,3,0.41924019976955423,0.7952793834296724,0.04320101610943609,C0706
W00563,A Happy Death,novel,1971.0,adult,69.66158843726228,777.6774810701687,5,0.4191662708293232,0.6942776638282885,0.14405487783035786,C0558
W00728,The Testaments,novel,2019.0,adult,64.43594646271511,1061.9539835436674,9,0.4191659935324895,0.6416184971098265,0.19671348995515242,C0723
W00141,Harry Potter and the Deathly Hallows – Part 1,film,2010.0,adult,53.83064516129032,1633.7653447399923,17,0.41869120157813977,0.5347481198334265,0.30263428332285297,C0140
W00866,Time of the Gypsies,film,1988.0,adult,59.333333333333336,1332.7818969937073,12,0.4185400112893317,0.590199100834939,0.24688092174372447,
W00249,Little Miss Sunshine,film,2006.0,adult,54.316108682149775,1600.617710364922,16,0.418067137665464,0.53964017034228,0.29649410498864803,C0248
W00774,Mating,novel,1991,adult,75.14340344168261,463.9961748251251,4,0.41773385182148093,0.7495183044315993,0.08594939921136253,C0769
W00126,Harry Potter and the Half-Blood Prince,film,2009.0,adult,48.65437200600342,1891.1307282249568,18,0.4164471993095004,0.4825864462262001,0.3503079523928007,C0125
W00472,Angle of Repose,novel,,adult,69.66158843726228,743.5899804628137,4,0.4160091325200221,0.6942776638282885,0.13774060121175571,C0470
W00554,Waiting for the Barbarians,novel,1980.0,adult,69.66158843726228,740.5001528883184,7,0.4157229568594203,0.6942776638282885,0.13716824989055212,C0549
W00056,Rocky,film,1976.0,middle,55.06726260793315,1521.8847663432016,14,0.414559714461037,0.5472096020028716,0.28190982691920247,C0056
W00217,Coming Home,film,2006.0,adult,59.31117633447407,1286.1692293248884,15,0.4141111700794442,0.5899758231778408,0.23824651698104765,C0216
W00769,World's Fair,novel,1985.0,adult,76.8642447418738,327.1969975388758,4,0.41373421684635797,0.766859344894027,0.060609088798689016,C0764
W00233,Ghost,film,1990.0,adult,75.82236241185711,383.4488653883199,5,0.41369462768331655,0.7563602223776739,0.07102903298895927,C0232
W00041,Bonnie and Clyde,film,1967.0,adult,39.9206500956023,2336.199753433068,19,0.41366372269435275,0.39457610789980735,0.43275133748889816,C0041
W00427,The Bridge of San Luis Rey,novel,1927.0,adult,68.06883365200764,799.876462497342,5,0.4131971587742704,0.6782273603082851,0.14816695724025566,C0426
W00538,Things Fall Apart,novel,,adult,62.33269598470363,1111.7489386701325,9,0.41318063257922677,0.6204238921001927,0.20593737305826088,C0534
W00142,Star Wars: Episode II – Attack of the Clones,film,2002.0,adult,53.42741935483871,1588.1960430801455,18,0.4124389667496757,0.5306847846354652,0.29419314886388614,C0141
W00154,No Country for Old Men,film,2007.0,adult,54.06484942098442,1549.385383276354,16,0.4120560899187025,0.5371082128550068,0.2870039669823983,C0153
W00543,White Teeth,novel,2001.0,adult,67.01720841300191,837.6589545432367,8,0.41139787095225727,0.6676300578034682,0.15516568410104636,C0538
W00582,The Snows of Kilimanjaro,novel,1936.0,adult,69.12045889101339,710.7710608358676,5,0.410242987961737,0.6888246628131022,0.13166131311037185,C0577
W00549,No One Writes to the Colonel,novel,1961.0,adult,69.66158843726228,676.9268294805795,5,0.40983488142989316,0.6942776638282885,0.1253920990314978,C0544
W00124,Pirates of the Caribbean: The Curse of the Black Pearl,film,2003.0,ya,49.59523222105718,1740.5957102359953,16,0.4072454068030862,0.4920675616881099,0.3224232519180625,C0123
W00265,Ordinary People,film,1980.0,adult,54.957922811803535,1448.4677161081606,13,0.4072090138754142,0.5461077770823362,0.2683102506684922,C0264
W00138,Home Alone,film,1990.0,adult,64.87001171899094,906.5992059871472,7,0.40696429693386144,0.6459926036422401,0.1679359902254828,C0137
W00583,Existentialism and Humanism,novel,1946.0,adult,69.66158843726228,643.5414524411476,5,0.4067427728580224,0.6942776638282885,0.11920788188775638,C0578
W00508,The French Lieutenant's Woman,novel,,adult,57.88718929254302,1281.198936897713,12,0.40647601883218676,0.575626204238921,0.2373258334254526,C0505
W00024,To Kill a Mockingbird,film,1962.0,adult,55.92543021032505,1378.1414805210093,13,0.4055703133467752,0.5558574181117533,0.25528320858179715,C0024
W00401,Under the Volcano,novel,,adult,58.460803059273424,1238.6442105733558,10,0.40542483091287684,0.5814065510597303,0.22944311076602344,C0400
W00867,Q622634,novel,1863.0,adult,72.66666666666667,463.5319999484519,5,0.4052117340453819,0.7245600513808607,0.08586341670990312,
W00143,The Departed,film,2006.0,adult,46.80884250509047,1868.2301464444265,17,0.4050274121514281,0.4639889138759598,0.3460659104268964,C0142
W00078,The Wild Bunch,film,1969.0,adult,56.93690248565965,1308.669217031503,12,0.40423222516045987,0.5660500963391136,0.24241435398180616,C0078
W00780,Cold Mountain,novel,1997.0,adult,63.09751434034417,970.0884350635662,10,0.4039137924360793,0.628131021194605,0.17969656367755363,C0775
W00139,300,film,2006.0,adult,69.73185098377844,606.0352950615048,7,0.40362302351669854,0.6949857045186152,0.1122603425147819,C0138
W00117,The Lord of the Rings: The Return of the King,film,2003.0,adult,43.30452463836325,2028.6442490904965,23,0.40222811939454106,0.42867565290682036,0.37578058588226176,C0116
W00260,Mrs. Miniver,film,1942.0,adult,47.62638379754235,1785.8822618882268,15,0.40151967314599024,0.472227335763288,0.33081201052869247,C0259
W00450,The Moviegoer,novel,1962,adult,66.92160611854685,733.9847227538053,7,0.4013140079313344,0.6666666666666667,0.13596134919600208,C0449
W00411,Henderson the Rain King,novel,1959.0,adult,69.66158843726228,578.2795791655439,4,0.4006983062182271,0.6942776638282885,0.10711894860816572,C0410
W00604,Thérèse Desqueyroux,novel,1927.0,adult,69.66158843726228,576.751700232474,3,0.40055679613313366,0.6942776638282885,0.10683592843797889,C0599
W00376,City of God,film,2002.0,adult,66.92160611854685,720.2104014005774,8,0.4000382488743763,0.6666666666666667,0.1334098310820858,C0375
W00254,Melvin and Howard,film,1980.0,adult,52.723751994251685,1489.6154731578067,13,0.3997631143071311,0.5235938784777192,0.275932350136543,C0253
W00144,Star Wars: Episode VI – Return of the Jedi,film,1983.0,middle,51.41129032258064,1557.1873707705436,18,0.3994086473679033,0.5103681086456584,0.28844918609014825,C0143
W00387,Central Station,film,1998.0,adult,67.27214786488209,693.7453690169567,10,0.3993533103704962,0.6701991008349389,0.12850751990605347,C0386
W00193,Life of Pi,film,2012.0,adult,24.09075022101605,3041.2576767366904,26,0.3992057213781325,0.2350570783350943,0.5633543644211707,C0192
W00251,Manchester by the Sea,film,2016.0,adult,44.40574344484904,1925.1868574269556,17,0.3981945655918223,0.4397727133267061,0.3566164178569385,C0250
W00010,City Lights,film,1931.0,child,54.84703632887189,1347.990834116487,10,0.3973442751498721,0.5449903660886319,0.2496981842111122,C0010
W00216,Cimarron,film,1931.0,adult,56.506436409250895,1254.998680218544,11,0.39709241379257854,0.5617122589988096,0.23247256858634743,C0215
W00284,The English Patient,film,1996.0,adult,33.310701367660855,2516.065155123402,19,0.397018151211868,0.327967183338856,0.4660691190848801,C0283
W00761,The World According to Garp,novel,1980,adult,71.51051625239006,435.78452111008295,4,0.39681649492337306,0.7129094412331407,0.08072354861360546,C0756
W00766,The Color Purple,novel,1983,adult,60.94646271510516,1008.727819427916,8,0.39665436978772023,0.6064547206165702,0.1868540189588702,C0761
W00580,Snow Country,novel,1935.0,adult,69.66158843726228,531.8401108114504,3,0.39639714532370707,0.6942776638282885,0.09851662681912565,C0575
W00237,Gosford Park,film,2001.0,adult,41.26335082997406,2076.5541476537283,21,0.39638094255869116,0.4081065989224746,0.3846552861949078,C0236
W00579,Voices from Chernobyl,novel,1997.0,adult,69.66158843726228,529.938849757312,4,0.39622105309039424,0.6942776638282885,0.09816444235249995,C0574
W00498,The Big Sleep,novel,1939.0,adult,62.23709369024856,926.5577013351734,8,0.3955467745019997,0.619460500963391,0.17163304804060842,C0495
W00037,The Treasure of the Sierra Madre,film,1948.0,adult,47.75239005736138,1709.5226376360752,16,0.3950822348174682,0.4734971098265896,0.3166673598083468,C0037
W00437,Nostromo,novel,,adult,69.66158843726228,515.4850199160854,4,0.394882358874192,0.6942776638282885,0.09548705392009553,C0436
W00527,Possession,novel,1990.0,adult,75.20713830465264,212.2212841366273,3,0.39473593156455694,0.7501605651894669,0.03931129793964689,C0523
W00550,Tonio Kröger,novel,1903.0,adult,69.66158843726228,502.6528226571704,4,0.3936938580795668,0.6942776638282885,0.09311005233084511,C0545
W00503,The Corrections,novel,2001,adult,70.84130019120458,436.9761755266673,4,0.39355499536863847,0.7061657032755299,0.08094428746174703,C0500
W00453,The Wapshot Chronicles,novel,,adult,69.66158843726228,499.18971731249513,5,0.39337310993558405,0.6942776638282885,0.09246855604287964,C0452
W00160,Oppenheimer,film,2023.0,adult,40.1418592593582,2098.703111162966,21,0.3927816744169295,0.39680524841318565,0.3887581004206734,C0159
W00553,The Lost Honour of Katharina Blum,novel,1974.0,adult,69.66158843726228,487.1993231517857,3,0.39226257580800333,0.6942776638282885,0.09024748778771823,C0548
W00052,The Deer Hunter,film,1978.0,adult,31.16402593237609,2577.543075104752,20,0.3918960525035946,0.3063349819389729,0.47745712306821625,C0052
W00042,Midnight Cowboy,film,1969.0,adult,55.73608895275908,1232.8270994590948,11,0.3911574887815676,0.5539494127609441,0.22836556480219108,C0042
W00047,Rear Window,film,1954.0,middle,59.10038240917782,1045.8070203799916,10,0.3907870539201933,0.5878516377649325,0.19372247007545407,C0047
W00080,Spartacus,film,1960.0,adult,42.79158699808795,1928.832009808684,21,0.3903991898923522,0.42350674373795755,0.35729163604674685,C0080
W00153,Skyfall,film,2012.0,adult,42.63271243241021,1927.248922589184,20,0.38945207132794035,0.42190575341330516,0.3569983892425755,C0152
W00179,The Pianist,film,2002.0,adult,32.90338000370073,2454.3987636600746,20,0.38925439003438334,0.32386257691590525,0.45464620315286136,C0178
W00718,Wolf Hall,novel,2009.0,adult,57.45697896749522,1114.7778261449728,12,0.3888946900615905,0.571290944123314,0.20649843599986695,C0713
W00238,Grand Hotel,film,1932.0,adult,65.1800611367539,686.5641128984288,9,0.3881471385659404,0.6491169937287533,0.1271772834031275,C0237
W00229,From Here to Eternity,film,1953.0,adult,49.89739498970905,1506.9885805351005,17,0.3871314875552948,0.4951124774492838,0.2791504976613058,C0228
W00174,Spider-Man: Homecoming,film,2017.0,ya,22.782258064516128,2981.541943150289,22,0.3870820463401621,0.22187130959040335,0.5522927830899208,C0173
W00050,West Side Story,film,1961.0,adult,42.15979994560209,1924.952227308053,21,0.3868565680881424,0.41714018056936203,0.3565729556069228,C0050
W00417,The Ambassadors,novel,,adult,69.66158843726228,422.6874362827532,3,0.3862875718971689,0.6942776638282885,0.07829747996604926,C0416
W00406,An American Tragedy,novel,,adult,59.65583173996176,960.3109333614296,7,0.3856671729595536,0.5934489402697495,0.17788540564935773,C0405
W00568,East of Eden,novel,1952.0,adult,38.4321223709369,2114.3176773256564,15,0.3856133042082635,0.3795761078998073,0.39165050051671974,C0563
W00085,Platoon,film,1986.0,adult,43.296533554172605,1845.1001481239448,18,0.38518824907100524,0.42859512618173934,0.34178137196027114,C0085
W00578,Chronicle of a Death Foretold,novel,,adult,69.66158843726228,381.3550854239796,2,0.3824594253336291,0.6942776638282885,0.07064118683896964,C0573
W00067,Unforgiven,film,1992.0,adult,29.630877714313552,2557.272982056589,24,0.3822938418910084,0.2908853380459728,0.47370234573604403,C0067
W00551,Demian,novel,1919.0,adult,69.66158843726228,376.5583313254609,2,0.3820151564416628,0.6942776638282885,0.06975264905503704,C0546
W00096,Blade Runner,film,1982.0,adult,45.47010115339542,1689.2202342933367,18,0.3817024596195995,0.4504983218347939,0.312906597404405,C0096
W00434,Point Counter Point,novel,1928.0,adult,69.66158843726228,372.0464301523755,3,0.38159727024327555,0.6942776638282885,0.06891687665826267,C0433
W00817,The Bell Jar,novel,1963.0,adult,53.333333333333336,1257.8523481695377,10,0.38136892371275266,0.5297366730892742,0.2330011743362312,
W00589,Fate of a Man,novel,1956.0,adult,69.66158843726228,369.322220426036,2,0.381344957614413,0.6942776638282885,0.06841225140053749,C0584
W00419,The Studs Lonigan Trilogy,novel,,adult,69.66158843726228,361.9958223138216,3,0.3806663965073463,0.6942776638282885,0.0670551291864041,C0418
W00528,The Power and the Glory,novel,1940.0,adult,52.82026768642447,1268.1108238679751,10,0.3797339503389544,0.5245664739884393,0.2349014266894696,C0524
W00125,Slumdog Millionaire,film,2008.0,adult,48.70091641291234,1490.482224526838,11,0.3795741911769032,0.483055477532816,0.2760929048209904,C0124
W00479,Loving,novel,,adult,75.90822179732314,0.0,0,0.3786127167630058,0.7572254335260116,0.0,C0477
W00186,Joker,film,2019.0,adult,38.733577992968605,2015.300921787152,19,0.377961400818537,0.38261389769407667,0.37330890394299737,C0185
W00836,The Man Who Knew Infinity,film,2015.0,adult,48.0,1501.8341833411214,14,0.37709400195323384,0.47599229287090555,0.2781957110355621,
W00058,Nashville,film,1975.0,adult,50.54110898661568,1360.1204777482142,13,0.3767721379747875,0.5015992292870906,0.25194504666248435,C0058
W00504,The Crying of Lot 49,novel,,adult,67.01720841300191,460.1168704211637,4,0.37643043256817177,0.6676300578034682,0.0852308073328753,C0501
W00446,The Maltese Falcon,novel,,adult,63.5755258126195,637.599857648806,4,0.3755276268909802,0.6329479768786127,0.11810727690334766,C0445
W00246,Interrupted Melody,film,1955.0,adult,59.23566878980891,863.9102732830146,10,0.37462166790285023,0.5892149282672459,0.16002840753845457,C0245
W00054,North by Northwest,film,1959.0,adult,33.61185468451243,2254.659035026076,17,0.37432444082605054,0.3310019267822736,0.4176469548698275,C0054
W00244,How Green Was My Valley,film,1941.0,adult,40.133477853150005,1894.61677327024,18,0.3738372431771527,0.39672078838530733,0.3509536979689981,C0243
W00207,Anora,film,2024.0,adult,50.6238506412052,1322.2894825857534,12,0.3736851790271995,0.5024330228391198,0.24493733521527913,C0206
W00165,The Prestige,film,2006.0,adult,29.29747733300438,2479.8821171642912,22,0.3734461547088393,0.2875256386350923,0.4593666707825863,C0164
W00597,Across the River and into the Trees,novel,1950.0,adult,69.66158843726228,274.8358212023967,1,0.3725937548162676,0.6942776638282885,0.050909845804246776,C0592
W00569,"For sale: baby shoes, never worn",novel,,adult,69.66158843726228,274.8358212023967,1,0.3725937548162676,0.6942776638282885,0.050909845804246776,C0564
W00727,Milkman,novel,2018.0,adult,51.24282982791587,1274.6259587027394,13,0.3723893964573525,0.5086705202312138,0.2361082726834911,C0722
W00605,Fatelessness,novel,1975.0,adult,69.66158843726228,271.839259316891,1,0.3723162172979293,0.6942776638282885,0.050354770767570126,C0600
W00492,"Are You There God? It's Me, Margaret",novel,,adult,57.265774378585085,936.1620846465032,8,0.3713881499675034,0.569364161849711,0.17341213808529585,C0489
W00432,Deliverance,novel,,adult,59.46462715105163,815.2487898444901,6,0.37126832183400066,0.5915221579961465,0.1510144856718548,C0431
W00099,Ben-Hur,film,1959.0,child,47.25340744491819,1478.9500714628666,13,0.3712127731889825,0.468468826468058,0.27395671990990705,C0099
W00098,Toy Story,film,1995.0,child,37.4244741873805,2013.0818659948388,18,0.37115990867732107,0.36942196531791904,0.37289785203672315,C0098
W00475,Lord Jim,novel,1933.0,adult,62.33269598470363,655.2527330227456,4,0.37090056999848786,0.6204238921001927,0.1213772478967831,C0473
W00623,Alice Adams,novel,1921.0,adult,69.12045889101339,285.6025524955202,2,0.37086445443264415,0.6888246628131022,0.052904246052186125,C0618
W00440,Tropic of Cancer,novel,,adult,60.18164435946463,764.7256188460749,6,0.3702016506740312,0.598747591522158,0.14165570982590445,C0439
W00447,Parade's End,novel,,adult,69.66158843726228,236.37641189695583,3,0.3690316962227109,0.6942776638282885,0.04378572861713342,C0446
W00420,The Good Soldier,novel,,adult,69.66158843726228,236.37641189695583,3,0.3690316962227109,0.6942776638282885,0.04378572861713342,C0419
W00562,Love in the Time of Cholera,novel,1985.0,adult,60.038240917782026,759.7346228949795,6,0.36901684801118395,0.5973025048169557,0.14073119120541222,C0557
W00255,Midnight in Paris,film,2011.0,adult,33.4443619003544,2175.5216864157155,20,0.3661509280206834,0.3293140900555944,0.4029877659857723,C0254
W00442,Portnoy's Complaint,novel,,adult,57.45697896749522,867.284042579361,7,0.365972149790619,0.571290944123314,0.16065335545792395,C0441
W00726,Lincoln in the Bardo,novel,2017.0,adult,52.82026768642447,1119.2828029569048,10,0.3659496998675538,0.5245664739884393,0.20733292574666842,C0721
W00596,Of Mice and Men,novel,1937.0,adult,54.11089866156787,1047.803278617594,10,0.36583225294961513,0.53757225433526,0.19409225156397028,C0591
W00267,Patton,film,1970.0,adult,62.989124477840974,562.1981490681019,7,0.36558941835987163,0.6270387688229446,0.10414006789679867,C0266
W00430,The Heart of the Matter,novel,,adult,56.59655831739962,907.7036250671543,7,0.365380496863702,0.5626204238921002,0.16814056983530384,C0429
W00119,Avengers: Endgame,film,2019.0,adult,52.95544727482062,1103.88096281441,10,0.36520430939114745,0.5259286883377877,0.20447993044450716,C0118
W00259,Moonstruck,film,1987.0,adult,52.438162974510114,1122.1313706800283,10,0.3642882821549892,0.5207159775658726,0.2078605867441058,C0258
W00059,Duck Soup,film,1933.0,adult,44.30497131931166,1558.89161932532,12,0.3637610509633036,0.43875722543352597,0.28876487649308114,C0059
W00693,Rites of Passage,novel,1980.0,adult,55.78393881453155,932.5034398237252,7,0.3635830099107037,0.5544315992292871,0.1727344205921203,C0688
W00155,Harry Potter and the Deathly Hallows – Part 2,film,2011.0,adult,42.54032258064517,1633.7653447399923,17,0.361804508806681,0.4209747342905091,0.30263428332285297,C0154
W00481,Tobacco Road,novel,,adult,64.24474187380497,437.4503600426083,3,0.36036191947899715,0.6396917148362234,0.08103212412177083,C0479
W00859,The King,film,2019.0,adult,54.66666666666666,947.272047081466,10,0.35932144284375905,0.5431727681438663,0.17547011754365183,
W00220,Darling,film,1965.0,adult,67.6291848838767,221.2437855396638,3,0.35738979503942714,0.6737969883288539,0.040982601750000354,C0219
W00776,The Shipping News,novel,1993,adult,67.01720841300191,247.40669394076505,2,0.35672950304916917,0.6676300578034682,0.045828948294870185,C0771
W00458,Main Street,novel,,adult,56.022944550669216,835.6978915240709,8,0.35582124957555045,0.5568400770712909,0.15480242207980996,C0456
W00443,Pale Fire,novel,,adult,51.24282982791587,1083.2270590325898,9,0.3546622886395291,0.5086705202312138,0.2006540570478444,C0442
W00088,The Sixth Sense,film,1999.0,ya,43.5717017208413,1495.5462804524127,13,0.35419948614412106,0.4313680154142581,0.277030956873984,C0088
W00517,Lucky Jim,novel,1954.0,adult,52.82026768642447,990.9104131278984,8,0.35406002234457823,0.5245664739884393,0.18355357070071715,C0513
W00091,Goodfellas,film,1990.0,adult,31.842256214149145,2129.8339272692,19,0.35384712281087005,0.3131695568400771,0.39452468878166297,C0091
W00161,Dr. No,film,1962.0,adult,54.660097863854105,877.3485133128723,11,0.35281212235232995,0.543106573849628,0.16251767085503183,C0160
W00044,Shane,film,1953.0,adult,51.90057361376673,1020.7798793662593,12,0.352192580634334,0.5152986512524085,0.1890865100162595,C0044
W00444,Light in August,novel,,adult,65.86998087954112,250.40561134726903,1,0.35122691191187466,0.6560693641618498,0.04638445966189957,C0443
W00875,World Trade Center,film,2006.0,adult,56.66666666666666,747.4929344660646,7,0.35089524230197267,0.5633269107257545,0.1384635738781908,
W00151,Parasite,film,2019.0,adult,53.16103746855653,926.9993003092976,11,0.34985764200979497,0.5280004353767834,0.17171484864280656,C0150
W00257,Million Dollar Baby,film,2004.0,adult,43.80168308752786,1431.9666005064034,13,0.34946959129444133,0.4336855540419474,0.26525362854693524,C0256
W00616,Cancer Ward,novel,1967.0,adult,34.03441682600382,1963.1883617299943,15,0.34945791478205895,0.33526011560693636,0.36365571395718155,C0611
W00764,Rabbit is Rich,novel,1982,adult,54.732313575525815,818.039154900089,7,0.3476828310443525,0.5438342967244701,0.15153136536423478,C0759
W00566,Death in Venice,novel,1912.0,adult,45.124282982791584,1326.903642180284,10,0.3464027685809932,0.4470134874759152,0.2457920496860713,C0561
W00213,Cavalcade,film,1933.0,adult,47.69427969455981,1175.2400615414367,10,0.34530491243484046,0.47291152755789556,0.21769829731178536,C0212
W00235,Going My Way,film,1944.0,adult,49.3411357796154,1059.7754792759856,12,0.34290848171839405,0.4895070137329259,0.19630994970386217,C0234
W00483,The Magus,novel,,adult,48.18355640535373,1110.0279452007208,7,0.34173029236304797,0.4778420038535645,0.2056185808725314,C0481
W00298,The Sting,film,1973.0,adult,51.431598689578735,925.5570397856644,11,0.3410102228517107,0.5105727575077009,0.17144768819572043,C0297
W00048,Intolerance,film,1916.0,adult,38.95411089866157,1604.0274254546334,16,0.3409809674583075,0.38483622350674374,0.2971257114098714,C0048
W00523,Never Let Me Go,novel,,adult,50.90822179732314,946.5509523698126,8,0.34031759757886676,0.5052986512524085,0.17533654390532508,C0519
W00546,The Vegetarian,novel,2007.0,adult,55.06692160611855,707.6050420421957,5,0.33914050701831255,0.5472061657032755,0.13107484833334962,C0541
W00176,The Shining,film,1980.0,adult,30.650558194041817,2029.203095148575,17,0.33852241797602434,0.3011607309341786,0.3758841050178701,C0175
W00865,Leaving Neverland,film,2019.0,adult,52.0,866.3355322918887,6,0.338389117003377,0.516300578034682,0.160477655972072,
W00816,The Promised Land,film,1975.0,adult,41.333333333333336,1444.6603289981897,13,0.3382083990767006,0.40881181759794477,0.2676049805554564,
W00808,Reagan,film,2024.0,adult,8.666666666666668,3193.037004212266,23,0.33554852309377814,0.07962748876043674,0.5914695574271195,
W00159,Gravity,film,2013.0,adult,41.03214498653344,1425.0877604786006,12,0.334878065969874,0.4057767211552406,0.26397941078450743,C0158
W00609,The Fall,novel,1956.0,adult,53.91969407265774,715.3922155463246,7,0.33408139769960854,0.5356454720616569,0.1325173233375601,C0604
W00013,Psycho,film,1960.0,adult,60.238597113427495,347.9268718382966,2,0.33188527162653175,0.5993215084840574,0.06444903476900611,C0013
W00676,The Killer Angels,novel,1974.0,adult,52.82026768642447,731.7023192914676,6,0.3300525184633659,0.5245664739884393,0.13553856293829253,C0671
W00809,Jerusalem Delivered,novel,1581.0,adult,66.0,0.0,0,0.32868978805394994,0.6573795761078999,0.0,
W00435,The Sun Also Rises,novel,,adult,60.80305927342256,274.8358212023967,1,0.32795973985780735,0.605009633911368,0.050909845804246776,C0434
W00533,Snow Crash,novel,,adult,52.82026768642447,696.4347592780747,5,0.32678608464422476,0.5245664739884393,0.12900569530001033,C0529
W00039,The Sound of Music,film,1965.0,adult,30.391060069093463,1915.47814605009,19,0.3266818760960776,0.29854574982920773,0.35481800236294736,C0039
W00812,Whitney Houston: I Wanna Dance with Somebody,film,2022.0,adult,19.33333333333333,2511.478456912103,19,0.32616787034189004,0.18711624919717398,0.46521949148660613,
W00871,Reign Over Me,film,2007.0,adult,44.0,1169.0495575680277,13,0.32611779638477517,0.43568400770712906,0.21655158506242125,
W00079,The Apartment,film,1960.0,adult,38.45782335294094,1469.7193385991366,16,0.32604097119672515,0.37983509852770925,0.272246843865741,C0079
W00814,In Cold Blood,novel,1966.0,adult,48.0,933.1100287349752,9,0.32441953817795466,0.47599229287090555,0.17284678348500376,
W00297,The Shape of Water,film,2017.0,adult,43.974010790271706,1140.2623474792088,12,0.32332061627158737,0.43542211258790176,0.21121911995527295,C0296
W00610,The White Castle,novel,1985.0,adult,42.16061185468451,1214.0068002403666,11,0.3210138528007042,0.4171483622350674,0.22487934336634105,C0605
W00456,Of Human Bondage,novel,,adult,49.90439770554494,780.4832796886657,5,0.319878830355135,0.4951830443159923,0.14457461639427766,C0455
W00247,Juno,film,2007.0,adult,55.74953416716396,462.1096102658968,6,0.31984241911440786,0.5540849011450241,0.08559993708379168,C0246
W00824,Hannah Arendt,film,2012.0,adult,26.666666666666668,2043.6717616897736,16,0.31978950687898383,0.26101477199743095,0.3785642417605367,
W00166,Star Wars: Episode VII – The Force Awakens,film,2015.0,adult,28.62903225806452,1928.655423885933,20,0.31902429785391095,0.2807896699608428,0.3572589257469791,C0165
W00171,Troy,film,2004.0,adult,48.49940377063674,837.0554491116742,10,0.31803935632709845,0.4810248202705783,0.15505389238361864,C0170
W00423,Sister Carrie,novel,1900.0,adult,47.41873804971319,865.3223391268589,5,0.3152124247818484,0.47013487475915217,0.1602899748045447,C0422
W00467,Finnegans Wake,novel,,adult,39.96175908221797,1270.8582871263122,8,0.31520036272866914,0.39499036608863186,0.23541035936870636,C0465
W00162,The King's Speech,film,2010.0,adult,43.18108212879419,1094.8712481755597,11,0.31512135457870155,0.4274317139375599,0.20281099521984317,C0161
W00602,The Good Earth,novel,1931.0,adult,29.063097514340345,1857.91636497612,17,0.31465959493768025,0.28516377649325625,0.3441554133821043,C0597
W00064,The African Queen,film,1951.0,adult,37.78967495219885,1382.4855427155017,13,0.3145950051998173,0.3731021194605009,0.2560878909391337,C0064
W00739,Ten North Frederick,novel,1956,adult,52.82026768642447,552.7088057611651,5,0.3134743807702496,0.5245664739884393,0.10238228755205989,C0734
W00785,The Great Fire,novel,2003,adult,54.732313575525815,431.9990802148481,3,0.311928320241315,0.5438342967244701,0.08002234375815988,C0780
W00063,Network,film,1976.0,adult,54.21850503180654,459.6593737055703,5,0.3119013366377332,0.5386566113995148,0.08514606187595157,C0063
W00180,Twilight,film,2008.0,adult,32.82576738830979,1615.1417727319315,18,0.31113248608106103,0.3230804690575341,0.29918450310458794,C0179
W00464,A Farewell to Arms,novel,1929.0,adult,36.90248565965583,1376.7652099052616,8,0.30959506081906984,0.36416184971098264,0.255028271927157,C0462
W00194,The Artist,film,2011.0,ya,33.00708256447508,1583.3147468447385,12,0.3090982728682784,0.3249075950138818,0.2932889507226751,C0193
W00830,Zeitgeist: The Movie,film,2007.0,adult,61.33333333333333,0.0,0,0.3051766217084136,0.6103532434168272,0.0,
W00608,Disgrace,novel,1999.0,adult,56.118546845124285,280.38201198163847,1,0.3048703377122305,0.5578034682080925,0.051937207216368526,C0603
W00731,The Promise,novel,2021.0,adult,61.08986615678776,0.0,0,0.30394990366088626,0.6078998073217725,0.0,C0726
W00595,Hunger,novel,1890.0,adult,44.35946462715105,907.0327205394476,5,0.3036613258363515,0.43930635838150284,0.16801629329120019,C0590
W00173,The Wolf of Wall Street,film,2013.0,adult,29.09624992290137,1731.7856575627584,14,0.3031445786074308,0.28549785567779223,0.3207913015370695,C0172
W00490,The Magnificent Ambersons,novel,1918.0,adult,56.83556405353728,219.18608112687,1,0.302815169935962,0.565028901734104,0.04060143813782003,C0487
W00478,The Call of the Wild,novel,1903.0,adult,31.931166347992352,1560.008228679183,11,0.30151861239681754,0.3140655105973025,0.28897171419633266,C0476
W00268,Pillow Talk,film,1959.0,adult,38.77007952649463,1186.2688728540256,11,0.30136148540244356,0.38298172624964716,0.21974124455524002,C0267
W00548,"Absalom, Absalom!",novel,1936.0,adult,36.32887189292543,1311.4523608861448,7,0.30065569946429127,0.35838150289017334,0.24292989603840914,C0543
W00226,Everything Everywhere All at Once,film,2022.0,adult,54.2783549098172,334.7339206299903,5,0.3006324654893702,0.5392597228869825,0.062005208091757934,C0225
W00428,Howards End,novel,,adult,47.22753346080306,687.7220654662017,5,0.29779993594864873,0.4682080924855491,0.12739177941174837,C0427
W00704,Paddy Clarke Ha Ha Ha,novel,1993.0,adult,52.82026768642447,365.3626199285467,3,0.29612262983941207,0.5245664739884393,0.06767878569038484,C0699
W00240,Guess Who's Coming to Dinner,film,1967.0,adult,39.304112725457,1085.0932538774682,11,0.294681481405912,0.388363216867322,0.20099974594450198,C0239
W00819,Courage Under Fire,film,1996.0,adult,48.0,595.9460507173227,6,0.29319186549589843,0.47599229287090555,0.11039143812089133,
W00060,Sullivan's Travels,film,1942.0,adult,37.01720841300191,1191.1916658515424,11,0.29298552425990954,0.36531791907514444,0.22065312944467458,C0060
W00231,Gentleman's Agreement,film,1947.0,adult,40.0826320468634,1013.5972276832646,11,0.2919822132866249,0.39620841157051173,0.187756015002738,C0230
W00263,Nomadland,film,2020.0,adult,48.902095943296274,531.3711397280558,4,0.2917562669420253,0.4850827780027736,0.09842975588127696,C0262
W00482,Ironweed,novel,1983.0,adult,44.93307839388145,741.9923265547772,5,0.2912656806579119,0.4450867052023121,0.13744465611351178,C0480
W00576,The Jungle Book,novel,1894.0,adult,40.53537284894838,979.2578013206788,8,0.29108289262328235,0.4007707129094412,0.1813950723371235,C0571
W00810,Bad Luck Banging or Loony Porn,film,2021.0,adult,48.0,558.4001571071742,4,0.28971441549336097,0.47599229287090555,0.10343653811581643,
W00175,Pirates of the Caribbean: On Stranger Tides,film,2011.0,adult,18.75,2129.786811346945,22,0.2878769593830844,0.18123795761078995,0.39451596115537885,C0174
W00094,The Last Picture Show,film,1971.0,adult,22.407265774378583,1927.258433160425,20,0.2875463182521292,0.2180924855491329,0.35700015095512544,C0094
W00782,Waiting,novel,1999,adult,54.44550669216061,177.45161870774342,2,0.2869073911322839,0.5409441233140655,0.0328706589505023,C0777
W00796,Redeployment,novel,2014,adult,52.82026768642447,235.47487163598075,3,0.2840926018603342,0.5245664739884393,0.043618729732229106,C0791
W00074,In the Heat of the Night,film,1967.0,adult,32.19335614797855,1346.4223175878546,14,0.28305762617295804,0.31670761590352176,0.2494076364423944,C0074
W00535,The Sportswriter,novel,,adult,56.83556405353728,0.0,0,0.282514450867052,0.565028901734104,0.0,C0531
W00436,The Secret Agent,novel,,adult,32.122370936902485,1329.6820166767282,12,0.28114950057526933,0.3159922928709056,0.2463067082796331,C0435
W00095,Do the Right Thing,film,1989.0,adult,30.22466539196941,1420.98442765629,13,0.2800441496458993,0.296868978805395,0.2632193204864037,C0095
W00184,Birdman,film,2014.0,adult,40.560934480508486,849.5217623730296,8,0.2791957089507893,0.4010282992929853,0.15736311860859337,C0183
W00852,The Help,novel,2009.0,adult,36.0,1081.6850901728294,10,0.2777179321386194,0.3550674373795761,0.20036842689766268,
W00090,Sophie's Choice,film,1982.0,adult,36.40535372848949,1049.1407548321183,10,0.27674610892401963,0.35915221579961465,0.19434000204842455,C0090
W00784,Three Junes,novel,2002.0,adult,50.38240917782026,279.39066084723106,2,0.2758767860038236,0.49999999999999983,0.05175357200764739,C0779
W00295,The Producers,film,1967.0,adult,30.74862076944624,1339.8000551160774,11,0.2751649304557533,0.30214891449750253,0.24818094641400412,C0294
W00575,For Whom the Bell Tolls,novel,1940.0,adult,31.35755258126195,1303.0931344529918,13,0.2748333096349759,0.30828516377649323,0.24138145549345846,C0570
W00210,Battleground,film,1950.0,adult,46.13115173362887,496.1053395003354,7,0.2745284949398349,0.45715977565872634,0.09189721422094349,C0209
W00684,G.,novel,1972.0,adult,55.16252390057362,0.0,0,0.27408477842003853,0.5481695568400771,0.0,C0679
W00302,Wilson,film,1944.0,adult,43.56176395367247,602.6017819519691,5,0.27144609981930823,0.43126787182602505,0.11162432781259139,C0301
W00598,Siddhartha,novel,1922.0,adult,32.313575525812624,1204.2586404886492,10,0.27049634785318133,0.3179190751445087,0.223073620561854,C0593
W00567,The Glass Bead Game,novel,1943.0,adult,34.03441682600382,1106.5504292403834,9,0.2701172654039739,0.33526011560693636,0.20497441520101145,C0562
W00813,The Shock Doctrine,novel,2007.0,adult,36.0,993.5483966465292,9,0.2695548305140031,0.3550674373795761,0.18404222364843004,
W00182,Black Swan,film,2010.0,adult,20.752122782129565,1812.5043236994704,19,0.2685784505158231,0.20141349161953298,0.3357434094121132,C0181
W00294,The Piano,film,1993.0,adult,27.81661409555358,1426.0666158371,17,0.26838180276429235,0.27260287421916224,0.26416073130942247,C0293
W00815,The Poverty of Philosophy,novel,1847.0,adult,41.333333333333336,662.5735510164602,6,0.26577257703138485,0.40881181759794477,0.12273333646482495,
W00228,Father Goose,film,1964.0,adult,41.64332428054706,643.6334025454745,8,0.2655802664747478,0.41193561847256477,0.11922491447693084,C0227
W00281,The Candidate,film,1972.0,adult,37.34091656416314,870.5981147579301,9,0.2649235972181301,0.3685799491918559,0.16126724524440433,C0280
W00192,Iron Man 2,film,2010.0,adult,6.85483870967742,2504.195357902523,21,0.26261997957616073,0.06136956927093045,0.463870389881391,C0191
W00439,Women in Love,novel,,adult,18.54684512428298,1867.8949509273675,15,0.26259728557950723,0.17919075144508667,0.34600381971392785,C0438
W00487,The Sheltering Sky,novel,,adult,52.82026768642447,0.0,0,0.2622832369942196,0.5245664739884393,0.0,C0484
W00167,The Green Mile,film,1999.0,adult,27.93128970579165,1326.5586167027664,12,0.25974330330830997,0.2737584685188638,0.2457281380977561,C0166
W00828,Mishima: A Life in Four Chapters,film,1985.0,adult,24.0,1535.733614024855,13,0.2593088659886572,0.2341425818882466,0.2844751500890678,
W00418,Tender Is the Night,novel,,adult,15.77437858508604,1978.8575407595004,17,0.25890531943556594,0.15125240847784197,0.3665582303932899,C0417
W00274,Splendor in the Grass,film,1961.0,adult,22.99813666865584,1583.5159678867474,11,0.2586864790199793,0.22404673367450872,0.29332622436545,C0273
W00292,The Life of Emile Zola,film,1937.0,adult,13.284456406571593,2110.0520366159653,19,0.2585108149598181,0.126161285176049,0.3908603447435872,C0291
W00168,Amélie,film,2001.0,adult,39.63074898743806,672.1463070052835,6,0.2580806608575792,0.3916547537655126,0.12450656794964576,C0167
W00092,The French Connection,film,1971.0,adult,21.6340806956437,1619.5636503598505,13,0.2551523220862173,0.21030104438962724,0.3000035997828074,C0092
W00135,Pirates of the Caribbean: Dead Man's Chest,film,2006.0,adult,42.471576307078685,466.5770957860627,5,0.2533547276178396,0.42028197319079286,0.08642748204488634,C0134
W00881,Jacques the Fatalist,novel,1796.0,adult,41.333333333333336,507.68063090265633,5,0.25142660377967374,0.40881181759794477,0.09404138996140277,
W00163,12 Years a Slave,film,2013.0,adult,47.10937981866403,188.0776561389607,1,0.2509282236287951,0.4670174498104294,0.034838997447160784,C0162
W00534,The Sot-Weed Factor,novel,,adult,50.38240917782026,0.0,0,0.24999999999999992,0.49999999999999983,0.0,C0530
W00868,Steve Jobs,novel,2011.0,adult,28.000000000000004,1215.216103357943,13,0.24977710923212398,0.27445086705202315,0.22510335141222482,
W00873,Berlin Alexanderplatz,novel,1929.0,adult,36.0,763.0648738026298,6,0.24820775763779063,0.3550674373795761,0.14134807789600515,
W00300,Thelma & Louise,film,1991.0,adult,12.553738232392735,2023.5463765182933,18,0.24681702788308488,0.11879778604126011,0.37483626972490963,C0299
W00301,Tom Jones,film,1963.0,adult,34.95694852090463,801.4100283944059,7,0.24650378205645618,0.34455653326460733,0.14845103084830502,C0300
W00286,The Great Ziegfeld,film,1936.0,adult,17.8343949044586,1724.03276812975,17,0.24568325850516823,0.17201133978866756,0.3193551772216689,C0285
W00276,Talk to Her,film,2002.0,adult,29.93630573248408,1045.231564114412,7,0.24378951603458204,0.2939631579593289,0.19361587410983513,C0275
W00303,Wings,film,1927.0,adult,25.652470436360534,1275.468952363027,12,0.2435295354178582,0.25079464428162923,0.23626442655408716,C0302
W00299,The Usual Suspects,film,1995.0,adult,32.94869140553641,852.1252345297726,9,0.24108228095363193,0.32431918314249597,0.15784537876476792,C0298
W00850,Tolkien,film,2019.0,adult,29.33333333333333,1040.8689073344883,9,0.24034735472414542,0.28788696210661524,0.19280774734167558,
W00818,"Julie, or the New Heloise",novel,1761.0,adult,36.0,668.6689756457569,7,0.23946493692632892,0.3550674373795761,0.12386243647308179,
W00293,The Lost Weekend,film,1945.0,adult,17.905639926441037,1647.258619845789,16,0.2389315110713402,0.17272928095430948,0.3051337411883709,C0292
W00270,Princess O'Rourke,film,1943.0,adult,37.57961783439491,556.738538041782,6,0.23705705159683538,0.37098535890922035,0.1031287442844504,C0269
W00084,A Night at the Opera,film,1935.0,adult,28.60229445506692,1037.5958817773335,11,0.23636084606722196,0.2805202312138728,0.1922014609205711,C0084
W00183,Coco,film,2017.0,adult,41.13340118012295,351.97904044599534,4,0.2359983672913834,0.40679708703669176,0.06519964754607505,C0182
W00820,Down and Out in Paris and London,novel,1933.0,adult,36.0,629.5348154277704,4,0.2358403838137469,0.3550674373795761,0.11661333024791769,
W00253,Marty,film,1955.0,adult,47.11488107561715,0.0,0,0.2335364431844679,0.4670728863689358,0.0,C0252
W00425,As I Lay Dying,novel,1930.0,adult,29.25430210325048,959.093104953379,7,0.23237518858426676,0.28709055876685935,0.1776598184016742,C0424
W00271,Promising Young Woman,film,2020.0,adult,35.48854599261975,614.8210682094583,7,0.2319006371536011,0.3499134788851662,0.11388779542203598,C0270
W00304,Witness,film,1985.0,adult,23.613157798589715,1223.4303570024897,12,0.22843464151767495,0.23024434544628938,0.2266249375890605,C0303
W00077,Modern Times,film,1936.0,child,30.81166347992352,828.468340897527,7,0.2281237200089554,0.3027842003853565,0.15346323963255432,C0077
W00615,A Moveable Feast,novel,1964.0,adult,21.414913957934992,1336.4408367688295,12,0.22782558971110461,0.20809248554913296,0.24755869387307627,C0610
W00282,The Crying Game,film,1992.0,adult,23.25571482505389,1222.1546427373296,9,0.2265154974204739,0.22664236711952185,0.2263886277214259,C0281
W00197,Shutter Island,film,2010.0,adult,10.266966837311625,1908.5434948690145,22,0.22464363698002207,0.09575382766693602,0.3535334462931081,C0196
W00422,The Golden Bowl,novel,,adult,34.03441682600382,594.3662775915884,5,0.22267946040872078,0.33526011560693636,0.11009880521050518,C0421
W00399,Sons and Lovers,novel,1913.0,adult,24.8565965583174,1035.1894018629775,8,0.2172651287748652,0.2427745664739884,0.19175569107574197,C0398
W00177,Peter Pan,film,1953.0,adult,41.08919796870824,144.71180676040788,2,0.21657883633308705,0.40635164812397706,0.026806024542197035,C0176
W00086,12 Angry Men,film,1957.0,adult,13.132316659470796,1659.7456047050223,16,0.21603747933133846,0.12462816209832804,0.30744679656434887,C0086
W00585,Steppenwolf,novel,1927.0,adult,30.019120458891013,728.8482637387009,5,0.21490378662568702,0.29479768786127164,0.1350098853901024,C0580
W00277,Tender Mercies,film,1983.0,adult,23.110484587935844,1102.3405651597357,10,0.21468673150329892,0.22517887166648257,0.2041945913401153,C0276
W00196,Doctor Strange,film,2016.0,adult,11.142807212319331,1748.8023847485258,18,0.21426158386115682,0.1045797335653759,0.3239434341569377,C0195
W00288,The Hospital,film,1971.0,adult,43.17509225316949,0.0,0,0.21368567676693295,0.4273713535338659,0.0,C0287
W00882,The Wind-Up Bird Chronicle,novel,1994.0,adult,31.333333333333336,602.7685538807134,6,0.20984816244154925,0.30804110468850354,0.11165522019459496,
W00560,To Have and Have Not,novel,1937.0,adult,15.487571701720842,1458.374755853662,11,0.20925381952084326,0.14836223506743737,0.2701454039742492,C0555
W00269,Places in the Heart,film,1984.0,adult,26.40571908757657,855.2544153723599,10,0.20840510220944436,0.25838518463974075,0.15842501977914794,C0268
W00188,Shakespeare in Love,film,1998.0,adult,36.03229018075847,272.19910234521143,2,0.20290712747604187,0.3553928278330767,0.050421427119007066,C0187
W00252,Marie-Louise,film,1944.0,adult,31.372166944745526,465.4018171070447,5,0.1973211051766832,0.308432433759189,0.0862097765941774,C0251
W00189,The Social Network,film,2010.0,adult,15.25524784637842,1327.7617925301563,14,0.1959860510777533,0.1460210910145648,0.2459510111409418,C0188
W00821,Shadowlands,film,1993.0,adult,19.33333333333333,1088.1552164343643,11,0.1943415924111102,0.18711624919717398,0.20156693562504643,
W00275,Spotlight,film,2015.0,adult,38.54964621061733,0.0,0,0.19038020200532624,0.3807604040106525,0.0,C0274
W00198,The Truman Show,film,1998.0,adult,15.734287300314564,1223.7867077771211,12,0.18876967639395154,0.15084840574305428,0.22669094704484882,C0197
W00831,Kurt Cobain: Montage of Heck,film,2015.0,adult,19.33333333333333,1010.9796107648878,9,0.18719369195313282,0.18711624919717398,0.18727113470909165,
W00827,Tchaikovsky,film,1970.0,adult,31.333333333333336,326.718785702721,3,0.18428080540862055,0.30804110468850354,0.06052050612873757,
W00856,Last Days,film,2005.0,adult,19.33333333333333,967.8382342233444,10,0.18319799587191588,0.18711624919717398,0.17927974254665777,
W00287,The Greatest Show on Earth,film,1952.0,adult,22.174251927269182,810.3246531587472,10,0.18292337014063692,0.21574438840003432,0.1501023518812395,C0286
W00191,The Mummy,film,1999.0,adult,28.80301815415613,400.5215100073857,5,0.17836723092132045,0.2825429382393768,0.07419152360326411,C0190
W00081,Sunrise: A Song of Two Humans,film,1927.0,adult,19.0,912.6175110172388,8,0.17640401512041798,0.183757225433526,0.16905080480731,C0081
W00087,Bringing Up Baby,film,1938.0,adult,15.48661567877629,1082.3614977017378,10,0.1744231619794635,0.14835260115606935,0.20049372280285765,C0087
W00185,The Revenant,film,2015.0,adult,17.268806924484466,983.4693790434025,9,0.17424354151081012,0.16631186939316714,0.18217521362845307,C0184
W00838,Enchiridion of Epictetus,novel,,adult,24.0,590.1123037420685,4,0.17172669623165568,0.2341425818882466,0.10931081057506475,
W00573,The Tin Drum,novel,1959.0,adult,25.04780114722753,519.6196785694303,4,0.1704771478390954,0.24470134874759147,0.09625294693059933,C0568
W00097,Yankee Doodle Dandy,film,1942.0,adult,9.578393881453156,1321.128426763325,12,0.16676864663493748,0.08881502890173411,0.24472226436814085,C0097
W00853,Capone,film,2020.0,adult,14.666666666666666,991.6485492188698,10,0.16189010877212984,0.14008991650610145,0.18369030103815825,
W00858,Rosa Luxemburg,film,1986.0,adult,14.666666666666666,911.1915086117529,5,0.15443828623812708,0.14008991650610145,0.16878665597015272,
W00864,"11'09""01 September 11",film,2002.0,adult,5.333333333333334,1418.4318682284843,11,0.1543918711953463,0.046037251123956326,0.26274649126673627,
W00441,The Naked and the Dead,novel,1948.0,adult,26.481835564053537,241.1948150087088,1,0.15191524620273336,0.2591522157996146,0.0446782766058521,C0440
W00289,The Hurt Locker,film,2008.0,adult,16.040177320943602,801.2459376256732,8,0.15117575820263385,0.15393088128812146,0.1484206351171462,C0288
W00279,The Bachelor and the Bobby-Soxer,film,1947.0,adult,16.196063864768423,790.2220794970456,10,0.15094018324583208,0.15550176110354305,0.14637860538812109,C0278
W00169,Wreck-It Ralph,film,2012.0,adult,22.17279343736508,442.0887199319191,6,0.14881050624157546,0.21572969109329357,0.08189132138985736,C0168
W00089,Swing Time,film,1936.0,adult,11.0,1010.0203916952546,10,0.14511705333165284,0.10314065510597302,0.18709345155733265,C0089
W00603,The Second World War,novel,2012.0,adult,17.686424474187383,636.8888413969664,6,0.14424790069279514,0.17052023121387286,0.11797557017171745,C0598
W00291,The Lavender Hill Mob,film,1951.0,adult,13.02931397742081,850.2375140190213,8,0.14054294962000424,0.12359019672815189,0.1574957025118566,C0290
W00857,Senna,film,2010.0,adult,24.0,91.90850385124097,1,0.1255837325514346,0.2341425818882466,0.017024883214622588,
W00306,You Can't Take It With You,film,1938.0,adult,5.576597532608298,1083.0668883142016,12,0.12455651462940835,0.04848864180258458,0.20062438745623212,C0305
W00199,2012,film,2009.0,adult,4.981085137441148,1106.3725825995016,11,0.1237145461555319,0.042487620941844315,0.20494147136921947,C0198
W00398,Darkness at Noon,novel,,adult,2.48565965583174,1207.6856620345195,12,0.120524736623369,0.017341040462427747,0.22370843278431027,C0397
W00825,Americanah,novel,2013.0,adult,5.333333333333334,1048.7466019026972,9,0.12015212067372907,0.046037251123956326,0.19426699022350183,
W00460,The Alexandria Quartet,novel,,adult,5.640535372848948,1031.4282513951448,10,0.1200959668451965,0.0491329479768786,0.19105898571351437,C0458
W00285,The Great McGinty,film,1940.0,adult,18.471337579617835,327.4830427246354,3,0.11954596578571217,0.17842985653449184,0.06066207503693249,C0284
W00190,Ice Age: The Meltdown,film,2006.0,middle,7.661290322580646,885.1729347012938,12,0.11673164261182939,0.06949623966685313,0.16396704555680564,C0189
W00195,Léon: The Professional,film,1994.0,adult,5.645161290322581,991.7734391734778,10,0.11644649949667427,0.04917956367704643,0.1837134353163021,C0194
W00280,The Broadway Melody,film,1929.0,adult,13.328603962928232,515.732875326072,6,0.11106956461805778,0.12660616324877583,0.09553296598733975,C0279
W00826,Extremely Loud & Incredibly Close,novel,2005.0,adult,14.666666666666666,427.8738782331775,3,0.10967405949104861,0.14008991650610145,0.07925820247599577,
W00283,The Defiant Ones,film,1958.0,adult,16.59582759922544,266.8009567315916,3,0.10447584897451379,0.15953020875520046,0.0494214891938271,C0282
W00296,The Seventh Veil,film,1945.0,adult,10.191082802547772,593.7722780855909,7,0.10248895659192556,0.09498913883877619,0.10998877434507492,C0295
W00187,The Hunger Games,film,2012.0,adult,12.701741400933408,451.7421201977206,6,0.10198435786241816,0.12028922452193008,0.08367949120290626,C0186
W00290,The Last Emperor,film,1987.0,adult,16.407058737562565,243.22800198909184,1,0.10134143507686628,0.1576279714787133,0.045054898675019266,C0289
W00305,Woman of the Year,film,1942.0,adult,9.097745734432658,633.3504754339033,7,0.10064581803413017,0.08397150325834836,0.11732013280991198,C0304
W00477,The Old Wives' Tale,novel,,adult,13.193116634799235,390.7708485795284,4,0.09881309258962034,0.1252408477842004,0.0723853373950403,C0475
W00473,A Bend in the River,novel,,adult,5.640535372848948,756.250669059127,7,0.09460939048804234,0.0491329479768786,0.1400858329992061,C0471
W00847,Gaga: Five Foot Two,film,2017.0,adult,11.333333333333332,393.9329080493073,5,0.08973537381360544,0.10649967886962104,0.07297106875758985,
W00416,The Wings of the Dove,novel,,adult,5.640535372848948,697.3325284799661,4,0.08915247181049288,0.0491329479768786,0.12917199564410714,C0415
W00402,The Way of All Flesh,novel,,adult,11.567877629063098,341.87670044541994,3,0.08609575790335519,0.10886319845857417,0.0633283173481362,C0401
W00565,The White Man's Burden,novel,1899.0,adult,0.7648183556405354,871.5593308438374,6,0.08072264915903424,0.0,0.16144529831806848,C0560
W00181,Ice Age: Dawn of the Dinosaurs,film,2009.0,adult,16.33064516129032,0.0,0,0.07842897321151095,0.1568579464230219,0.0,C0180
W00861,Becoming Astrid,film,2018.0,adult,2.0,750.9010826852798,6,0.07577095177201397,0.012447013487475915,0.139094890056552,
W00842,Lotte in Weimar: The Beloved Returns,novel,1939.0,adult,2.0,724.7598748170205,7,0.07334978837364864,0.012447013487475915,0.13425256325982135,
W00461,A High Wind in Jamaica,novel,1929.0,adult,0.7648183556405354,767.5831045475578,6,0.07109251138279282,0.0,0.14218502276558564,C0459
W00851,Quiet Night Thought,novel,745.0,adult,11.333333333333332,190.72808079510776,2,0.0709148169136163,0.10649967886962104,0.03532995495761155,
W00855,Pale Blue Dot,novel,1994.0,adult,5.333333333333334,502.3844304235957,5,0.06954879360088984,0.046037251123956326,0.09306033607782334,
W00832,Messi,film,2014.0,adult,8.666666666666668,44.42411236327609,1,0.04392824572234763,0.07962748876043674,0.008229002684258526,
