answer,clue,marker
ARRIVER,"One saying ""Here I am!""",saying
ASSUMES,"Makes an ass out of you and me, proverbially",proverb
BIRDS,"Workers' union, idiomatically",idiom
DOUR,Type of expression with sad eyes,expression
FURSONA,Expression/embodiment of one's animalistic side?,expression
LENDER,"Borrower's partner, in a Shakesperean adage",adage
MONOCLE,Eyewear that might pop out while saying 9-Across,saying
ODE,Poetic expression of gratitude,expression
OOHLALA,Nice expression?,expression
OOUEAUI,"Demonstrate self-confidence, idiomatically (4, 4, 4, 2, 4)",idiom
OPTIMA,Minimum and maximum,maxim
SAT,"Test with a maximum score of 1600 or 2400, depending on what year you took it",maxim
SIMLISH,"""How to Speak ___"" (WikiHow article including the sentence, ""If you really want to show off, inspire your friends and loved ones with the motivational saying, 'Benzi chibna looble bazebni gweb'"")",saying
SNEER,Contemptuous facial expression,expression
SNEER,Villain's expression,expression
ASTITCHINTIME,Proverbial saver,proverb
PSHAW,Expression of disbelief,expression
ADAGE,Pithy saying,saying
ADAGE,Proverb,proverb
ADAGE,Saying,saying
ADAGE,Saying,saying
ADAGE,Saying,saying
ADAGES,Maxims,maxim
ALII,"Common Latin expression, et ___",expression
ASI,"""____ was saying...""",saying
ASTITCHINTIME,Proverbial saver,proverb
BETTERMOUSETRAP,Proverbial lure?,proverb
BROMIDE,Cliche,cliche
CART,Horse preceder of adage,adage
LOGIA,Sayings,saying
LOL,Computer expression,expression
STARE,Fixed expression,expression
TERM,Expression,expression
ADAGE,Proverb,proverb
ADAGE,Saying,saying
ALORS,Generalized French expression,expression
ANOFPREVENTION,"With 57A, weight-less adage",adage
ARFS,Sayings from Sandy,saying
ASI,"""__ was saying ...""",saying
ASIF,'90s cliche,cliche
ASIF,'90s cliche,cliche
AVE,Expression of greeting,expression
EPITAPH,Stone saying,saying
GRIN,Puckish expression,expression
GROWNUPS,"Adults, in the idiom of those younger",idiom
LONGFACE,Gloomy expression,expression
OOH,Expression of joy,expression
POWERTOOL,"Chain saw, for one","saw,"
STARE,Fixed expression,expression
THANKYOUNOTE,Expression of appreciation,expression
TROPE,Use of a word as an expression,expression
TRUISMS,Pithy sayings,saying
TSK,Expression of disapproval,expression
UGHS,Expressions of disgust,expression
ADAGE,Words of wisdom,words of wisdom
AGE,"Beauty preceder, proverbially",proverb
ALAS,Expression of sorrow,expression
ALII,"Common Latin expression, et ___",expression
ASI,___ was saying,saying
ASTITCHINTIME,Proverbial saver,proverb
BETTERMOUSETRAP,Proverbial lure?,proverb
CART,"Horse's leader, proverbially",proverb
IAL,Proverb ending,proverb
IAL,Proverb ending,proverb
LOL,Computer expression,expression
LYRIC,Poetical expression,expression
NOT,Word in an expression of denial,expression
RATS,Charlie Brown's expression,expression
RATS,Expression of disgust,expression
SAW,Adage,adage
SAW,Adage,adage
SAW,Trite saying,saying
SAW,Trite saying,saying
SAWS,Familiar sayings,saying
TERMS,Expressions,expression
YAH,Derisive expression,expression
ADAGE,Erasmus' saying,saying
ADAGE,Pithy saying,saying
ADAGE,Proverb,proverb
ADAGE,Saying,saying
ADAGE,Saying,saying
ADAGES,Maxims,maxim
ARFS,Sayings from Sandy,saying
ASI,"""__ was saying...""",saying
ASIF,'90s cliche,cliche
AXIOM,Adage,adage
BROMIDE,Cliche,cliche
CART,Horse preceder of adage,adage
DADGUM,Southern expression of annoyance,expression
DAW,"""See, Saw, Margery __""","saw,"
DRAT,Expression of annoyance,expression
EPITAPH,Stone saying,saying
LIMIT,Maximum bet,maxim
POWERTOOL,"Chain saw, for one","saw,"
STARE,Fixed expression,expression
ADAGE,Proverb,proverb
ADAGE,Saying,saying
AGE,"Beauty preceder, proverbially",proverb
ASI,"""__ was saying ...""",saying
ASIF,'90s cliche,cliche
ASTITCHINTIME,Proverbial saver,proverb
AVE,Expression of greeting,expression
BETTERMOUSETRAP,Proverbial lure?,proverb
BROMIDE,Cliche,cliche
GRIN,Puckish expression,expression
LOL,Computer expression,expression
LONGFACE,Gloomy expression,expression
NISSAN,Maxima or Altima,maxim
OOH,Expression of joy,expression
SAW,Trite saying,saying
SAW,Trite saying,saying
SAWS,Familiar sayings,saying
SAWS,Familiar sayings,saying
STARE,Fixed expression,expression
STARE,Fixed expression,expression
TERMS,Expressions,expression
TRUISMS,Pithy sayings,saying
TSK,Expression of disapproval,expression
ADAGE,Pithy saying,saying
ADAGE,Saying,saying
ADAGE,Saying,saying
ADAGES,Maxims,maxim
ADAGES,Proverbs,proverb
ALAS,Expression of sorrow,expression
ARFS,Sayings from Sandy,saying
ASI,"""__ was saying...""",saying
ASI,___ was saying,saying
ASIF,'90s cliche,cliche
CART,Horse preceder of adage,adage
DAW,"""See, Saw, Margery __""","saw,"
EPITAPH,Stone saying,saying
FIE,Expression of disapproval,expression
IAL,Proverb ending,proverb
LYRIC,Poetical expression,expression
NOT,Word in an expression of denial,expression
POWERTOOL,"Chain saw, for one","saw,"
SAW,Adage,adage
SAW,Adage,adage
SAW,Trite saying,saying
TON,Proverbial amount of bricks,proverb
TRITE,Like cliches,cliche
YAH,Derisive expression,expression
ADAGE,Saying,saying
DADGUM,Southern expression of annoyance,expression
GRIN,Puckish expression,expression
MACKERELSKY,"*Pattern of dappled and undulating clouds, idiomatically",idiom
PARTYINTHEBACK,"Mullet's defining feature, in a common saying ... or, literally, what the answers to the starred clues have in common?",saying
QUIT,"What winners never do, in a saying",saying
TRITE,Cliched,cliche
EXPERIENCE,"The best teacher, proverbially",proverb
SCOFF,Expression of ridicule,expression
SMILE,Expression in the IHOP logo,expression
SNEER,Crooked expression,expression
VIDI,"""I saw,"" to one taking 41-Down","saw,"
ADAGES,Common sayings,saying
AHS,Contented expressions,expression
CLEANLINESSIS,"With 56-Across, adage on the virtue of being tidy ... which describes three pairs of entries in this puzzle's completed grid",adage
EPICFAIL,Incident of maximal cringe,maxim
OUI,Nice way of saying yes?,saying
PSANDQS,"Manners, idiomatically",idiom
SEALINGWAX,*Maximum number of mob hits?,maxim
SIGHS,Melancholic expressions,expression
GRIN,Sly expression,expression
ADAGE,Proverbial saying,proverb
ALBA,Maxim Hot 100 mainstay Jessica,maxim
SAW,Adage,adage
SCOWL,Sid Vicious expression,expression
UHOH,Concerned expression,expression
ADAGE,Proverb containing wisdom almost certainly contradicted by some other proverb,proverb
ASIF,"Expression for Cher in ""Clueless""",expression
ATMOST,Maximally,maxim
GRIN,"""Shit-eating"" expression",expression
OYS,Expressions of exasperation,expression
PHEWWORDS,Expressions of relief?,expression
ROTHKO,Abstract expressionist Mark,expression
SPILT,Like milk in a maxim,maxim
THEREST,"It's 40-Across, in a saying and in this puzzle",saying
UTMOST,Maximum,maxim
ARCHING,"Using to make a supercilious expression, as an eyebrow",expression
ASI,"""___ was saying ...""",saying
ASI,"""___ was saying ...""",saying
DENVERNUGGETS,"Words of wisdom from the singer of ""Rocky Mountain High""?",words of wisdom
IDO,"Words said at some point after saying ""yes"" to the dress",saying
MEMES,"Pictures of Hillary Clinton wearing sunglasses saying things, and the like",saying
MEMES,"Pictures of cats or celebrities saying things, often",saying
SMILES,Oft-shared expressions among lovers,expression
TAPE,"Verb you might still be saying instead of ""DVR"" if you're really old-school",saying
ALLS,"""___ I'm saying is ...""",saying
EASYGO,Second half of a saying about money,saying
FIERI,Guy of culinary maximalism,maxim
GRIN,The Joker's facial expression,expression
HAMMERHOME,Keep saying and saying and saying,saying
LANKEST,Maximally gaunt,maxim
PSST,Sound before saying something sub rosa,saying
SMIRK,Mansplainer's facial expression,expression
TABOO,"Saying openly discriminatory things, previously",saying
TENA,"___ penny (British idiom meaning ""common"")",idiom
LIEST,"""When thou ___ down, thou shalt not be afraid"" (Proverbs 3:24)",proverb
MAXIM,Saying,saying
PROSPER,"""Live long"" partner, in a Vulcan saying",saying
TURTLESALL,"With 95-Across, a cutesy expression of infinite regress, in which there's no single point of origin or conclusion ... and this puzzle's theme",expression
OKOFTHEBAY,"Otis Redding song about saying ""aye"" in naval contexts?",saying
REAL,"Like CNN news reports, despite what some are fond of saying",saying
SNEER,Lucius Malfoy expression,expression
SNEER,Punk expression,expression
SWEETKORN,"""Freak on a Leash"" band, saying simply the most considerate things?",saying
ASIF,Slangy expression of disbelief,expression
BAA,Ewe were saying?,saying
EDGERS,Some orgasm maximizers,maxim
ENSOR,Belgian expressionist James,expression
EWS,Expressions of disgust,expression
GUILTTRIP,"Result of saying ""I would think that if you loved me you would call me more often,"" say",saying
HONE,___ in on (idiom I confess I'm getting used to),idiom
HORSE,"Maximum Security or Country House, subspecies-wise",maxim
ILOST,Words said with a hangdog expression,expression
LEE,Abstract expressionist painter Krasner,expression
REDGREEN,"Titular Canadian comedy character fond of saying ""If the women don't find you handsome, they should at least find you handy"" (Taylor Swift / R.E.M.)",saying
SUN,"*What you might be, idiomatically, when you're stunned",idiom
TOME,Maximal volume?,maxim
YAY,Expression of triumph,expression
ADAGE,"Maxim that might be met with ""OK, boomer""",maxim
ALLEYES,"Really paying attention, idiomatically",idiom
CHILLPILL,Idiomatic calmer,idiom
CREE,"Language in which you might greet someone by saying ""Tân'si""",saying
GETME,"""See what I'm saying here?""",saying
GRIN,Jack-o'-lantern expression,expression
SIRI,"Assistant activated by saying ""Hey""",saying
SNEER,Make a punk facial expression,expression
SNEERAT,Make a punky facial expression towards,expression
ULT,Maximum: Abbr.,maxim
AHAS,Expressions of enlightenment,expression
ASBLIND,"Idiomatically comparable to a bat, seeing-wise",idiom
BURR,Proverbial annoyance in one's proverbial saddle,proverb
EST,Maximizing suffix,maxim
GINGERBREAD,"House-building material that could have inspired the adage ""home sweet home""",adage
GLASSHOUSE,Proverbial home for a hypocrite,proverb
IQUOTE,Words before saying something verbatim,saying
LIPREADERS,They ought to see the expression on your face,expression
ONALOG,Proverbial bump place,proverb
TENFOOTPOLE,Proverbial social distancer,proverb
CHALLAH,Bread eaten after saying the hamotzi,saying
DUHTHATSOBVIOUS,"""I just can't wrap my head around what you're saying ...""",saying
ECRU,"Less beige way of saying ""beige""",saying
LOL,Palindromic expression of amusement,expression
MERCI,"""I really appreciate this tarte au soleil, so I'm saying thank you in the appropriate language""",saying
TOOL,"Saw, e.g.","saw,"
ADAGE,Saying,saying
CUSSING,"Saying ""&%$#@!!""",saying
IAL,Proverb finisher,proverb
PROVERB,Pithy saying,saying
ADAGE,Saying,saying
DOH,Expression from Homer Simpson,expression
SAWS,Old adages,adage
TERM,Expression,expression
LEER,Groucho's expression,expression
MIMED,Went without saying?,saying
QUIETASACLAM,Not saying much,saying
SNEERS,Scornful expressions,expression
REDSKYATMORNING,Start of a nautical weather proverb,proverb
TOERR,Start of a saying about forgiveness,saying
ADAGES,Time-honored sayings,saying
ASI,"""___ was saying ...""",saying
AARON,Abstract expressionist Siskind,expression
AGASP,With a stunned expression,expression
AGNES,Abstract expressionist ___ Martin,expression
ALL,"""___ I'm saying is...""",saying
ALLI,"""___ was saying was ...""",saying
ALLWE,"""___ are saying is give peace a chance""",saying
ALLWE,"""___ are saying is give peace a chance""",saying
AMI,"""What ___ saying?"" (""Duh"")",saying
AND,"""You were saying ...?""",saying
AND,"""You were saying?""",saying
AND,"""You were saying?""",saying
ANYWHO,"""As I was saying ...""",saying
ARE,"""What ___ you saying?""",saying
ASI,"""___ was saying ...""",saying
ATONER,"One saying ten Hail Marys, probably",saying
BUMRAP,Proverbial misfortune,proverb
COPYME,"""You understand what I'm saying?""",saying
CUSTOMER,"He's always right, in a business maxim",maxim
DOH,*Expression of frustration or anger,expression
DOH,Head-slapping expression,expression
ERMAHGERD,Verbal expression of stupidity on the web,expression
ESL,Class with idioms: Abbr.,idiom
ESL,Class with idioms: Abbr.,idiom
ESQUIRE,Maxim alternative,maxim
GOON,"""You were saying?""",saying
GRIN,jk expression,expression
HEADDESK,"Expression of frustration, in modern day slang",expression
IDIED,Teen's expression of embarrassment,expression
IFORGOT,Blank expression?,expression
IGETIDEAS,"Standard with the lyrics ""Your eyes are always saying / the things you're never saying""",saying
IMHO,"""Just saying here,"" briefly",saying
IMO,"""Just saying"" initially",saying
IMUS,"Radio host who said ""My goal is to goad people into saying something that ruins their life""",saying
ITHURTS,"Pained expression: truth is complicated (2, 5)",expression
KLINE,Abstract expressionist painter Franz,expression
KRASNER,Abstract Expressionist painter Lee,expression
LAYLA,Probably my least-favorite Eric Clapton song (and that's saying something),saying
LIPSYNCH,Perform without saying anything,saying
MIXINGMETAPHORS,"Saying ""low rung on the totem pole"", e.g.",saying
MOUES,Contemptful expressions,expression
NEO,___-Expressionism (art movement),expression
NORESTFOR,"With 46-Across, maxim meaning a heathen's work is never done?",maxim
OATHS,Solemn sayings,saying
ONEVOICE,Unified expression,expression
OOPS,"Cry before saying ""wasn't me!""",saying
PEA,Proverbial brain size for some,proverb
PUPPETQUALITIES,"The ability to be on a string, can mouth along to what I'm saying, etc.",saying
QUIT,"Stop saying ""Sorry,"" perhaps?",saying
REDSKY,Omen in a weather maxim,maxim
SALADA,Tea company with cute sayings on their paper tags,saying
SAWS,Tired adages,adage
SCOWL,"Punk's facial expression, often",expression
SEATO,"""A little water is a ___ an ant"" (Afghan proverb)",proverb
SOO,"""You were saying ...?""",saying
STE,"___-Maxime, France",maxim
TEE,"Ironic saying displayer, sometimes",saying
TOPDOLLAR,Maximum price,maxim
TOPDOLLAR,Maximum price,maxim
TWOCENTS,"Opinion, in a saying",saying
VENERATOR,"Priest saying Mass, e.g.",saying
WELLANYWAY,"""As I was saying ...""",saying
WERE,"""___ you saying something?""",saying
WHATGOESAROUND,Start of a proverb about consequences ... and a hint to this puzzle's theme,proverb
YAHTZEE,Dice game whose maximum score is 1575 points,maxim
YEEHAW,Bronco buster's saying,saying
YOUHADONEJOB,Meme expression used to call attention to blunders,expression
ZOO,Proverbial madhouse,proverb
ATMOST,Maximally,maxim
CHANNELNEO,"Do a dead-on impression of Keanu saying ""I know kung fu""?",saying
ALLS,"""___ I'm saying is ...""",saying
ARE,"""What ___ you saying?""",saying
ASI,"""___ was saying...""",saying
GORKI,Russia's Maxim,maxim
KLINE,Abstract Expressionist Franz,expression
LEVERAGE,Use to maximum advantage,maxim
PFUI,Expression of disdain,expression
QUIP,Ironic t-shirt saying,saying
WERE,"""___ you saying something?""",saying
ALLS,"""___ I'm saying is ...""",saying
DERP,Expression of stupidity,expression
EPEE,Sporting equipment whose maximum weight is 770 grams,maxim
MOTTO,Banner expression,expression
ONASTRING,Like the proverbial puppet,proverb
OUCH,Pained expression,expression
YOUWINTHEINTERNET,"Expression of great approval, on-line",expression
YOWL,Pained expression,expression
FYI,"""Just saying"" letters",saying
ITSALLGREEKTOME,"""I have no idea what you're saying""",saying
LIEINIT,"What one is liable to do in their made bed, proverbially",proverb
PHRASE,Shopworn saying,saying
WOODEN,Expressionless,expression
AGAPE,With a stunned expression,expression
DISHTHEDERP,Dole out an expression of stupidity?,expression
EMOJI,Facial expression?,expression
FAR,Distance of a proverbial epic journey,proverb
GOON,"""You were saying""",saying
HUSHERS,"Those saying ""sh""",saying
MARX,"Who said ""Quote me as saying I was misquoted""",saying
MOUE,Pouty expression,expression
OSKAR,Austrian expressionist painter Kokoschka,expression
SAW,Old saying,saying
TATANANO,"Former compact Indian auto, once billed as the world's cheapest car, whose name sounds like a Brit saying goodbye to an iPod",saying
WINCE,Pained expression,expression
ANA,Collection of sayings,saying
ARTTHEORY,Philosophy of expression,expression
DENIALS,Instances of nay saying,saying
EMPTOR,"Buyer, proverbially",proverb
GUINEAPIG,Proverbial test case,proverb
KLINE,Abstract expressionist Franz,expression
SCOFF,Derisive expression,expression
THATTOO,"""Right! What you're saying""",saying
UTMOST,Maximal,maxim
WHOAMONGUS,Start of a proverbial question about solidarity,proverb
2MBLY,Abstract expressionist painter Cy,expression
ALL,"""___ I'm saying is ...""",saying
ALTEREGO,"Scarlet Witch, for Wanda Maximoff",maxim
ATMOST,Maximally,maxim
BOOYA,"Expression grunted while dropping a mic, maybe",expression
EMILNOLDE,"German expressionist artist who made ""The Prophet"" woodcut print",expression
INAPOKE,"Pig's location, idiomatically",idiom
JOAN,Abstract expressionist ___ Mitchell,expression
MOAN,Pained expression,expression
SALTMINE,Proverbial place of hard labor,proverb
WANDA,___ Maximoff (Scarlet Witch),maxim
WANDA,___ Maximoff (The Scarlet Witch),maxim
CHANCE,"""So you're saying there's a ___""",saying
DARWIN,"Naturalist who wrote ""The Expression of the Emotions in Man and Animals""",expression
ROME,Circus Maximus city,maxim
TRONIE,Dutch Golden Age painting technique that depicts an exaggerated facial expression,expression
PRECEPT,Maxim,maxim
ALLROADSSPOILTHESOUP,Mixed maxim,maxim
ARF,Canine saying,saying
AROLLINGSTONEISMONEY,Mixed maxim,maxim
ERR,Act proverbially human,proverb
FIDDLEDEEDEE,Expression of scorn,expression
IDO,Altar saying,saying
METOO,Political saying,saying
MIENS,Expressions,expression
MIENS,Expressions,expression
OHMY,Expression of alarm,expression
OOH,Expression of wonderment,expression
TIMEISITSOWNREWARD,Mixed maxim,maxim
TOOMANYCOOKSWANTNOT,Mixed maxim,maxim
VIRTUEGATHERSNOMOSS,Mixed maxim,maxim
WASTENOTLEADTOROME,Mixed maxim,maxim
ANA,Collection of sayings,saying
ANAS,Literary sayings,saying
ANEYE,Start of a retribution adage,adage
ARGOT,Idiom,idiom
CROWD,"Three, proverbially",proverb
DABBA,"""Yabba __ doo"" (Yogi Bear's saying)",saying
SELAH,Expression in Psalms,expression
TSK,Expression of disdain,expression
ANA,Collection of sayings,saying
ATIC,Suffix with axiom or idiom,idiom
MEW,Feline saying,saying
POOFS,Expressions of contempt,expression
TOOTH,"Saw, in part","saw,"
ANA,Collection of sayings,saying
APENNY,Start of a Franklin saying,saying
IDARESAY,Assumptive expression,expression
LEER,Lecher's expression,expression
OHNO,Apprehensive saying,saying
SELAH,Psalms expression,expression
ALION,"""The righteous are bold as __"" (Proverbs)",proverb
AFLEA,"What's not hurt, in idiom",idiom
EST,Maximizing suffix,maxim
ASI,"""___ was saying . . .""",saying
ASI,"""___ was saying...""",saying
ENCOMIA,Expressions of praise,expression
NOLDE,Emil the expressionist,expression
PROVERB,Adage,adage
ADAGE,Old saying,saying
ADAGE,Proverb,proverb
ASI,"""___ was saying...""",saying
CAPTAINOMEN,Soothsaying seaman?,saying
DURER,Court painter for Maximilian I,maxim
EXMARKSTHESPOT,Map maxim,maxim
IDIOM,Common expression,expression
MOUE,Expression of a pouter,expression
PANTOMIME,It goes without saying,saying
PEAS,"Look-alikes, idiomatically",idiom
SCOWLS,Sullen expressions,expression
SMIRK,Snide expression,expression
SNEER,Whiplash's expression,expression
ALAS,Woeful expression,expression
ASI,"""__ was saying...""",saying
LIPREAD,See what I'm saying?,saying
MAXIM,Gorki's adage?,adage
OLSON,"""The Maximus Poems"" author",maxim
PANTOMIME,It goes without saying,saying
POOHS,Expressions of contempt,expression
ASTHE,"""__ saying goes""",saying
CATCHPHRASE,Characteristic saying,saying
EMIL,Expressionist Nolde,expression
EST,Maximizing suffix,maxim
NOLDE,Expressionist artist Emil,expression
SAW,Proverb,proverb
SNEER,9 Across expression,expression
WINCE,Pained expression,expression
GETME,"""See what I'm saying?""",saying
SAWS,Old maxims,maxim
ADAGE,Pithy saying,saying
ASI,"""__ was saying ... """,saying
ASI,"""__ was saying ... """,saying
IWAS,"""As __ saying ... """,saying
MAXIM,Sage saying,saying
ADAGE,True old saying,saying
EMIL,Expressionist Nolde,expression
EST,Maximizing suffix,maxim
ROMAN,Circus Maximus goer,maxim
ADAGES,Proverbs,proverb
ALLIN,"Maximum bet, maybe",maxim
ASI,"""___ was saying ...""",saying
ATIC,Suffix on idiom,idiom
EST,Maximizing suffix,maxim
LOCUTION,Regional idiom,idiom
UPTO,Maximally,maxim
GORKI,Maxim the writer,maxim
LOOK,Expression,expression
MUTE,Not saying a thing,saying
NOTED,"Saw, or celebrated","saw,"
THREES,"Crowds, proverbially",proverb
ASI,"""__ was saying,...""",saying
ASI,"""__ was saying...""",saying
ATMOST,Maximally,maxim
IDIOM,Common expression,expression
LID,Maximum,maxim
NIT,Proverbial item to pick,proverb
SAYDIE,"Give up, idiomatically",idiom
TELLLITTLEWHITELIES,"Keep saying ""It's not flurrying"" when it is",saying
ADAGE,Wise old saying,saying
AMOMENTOFSCIENCE,"Archimedes saying ""Eureka!""?",saying
ASI,"""__ was saying,...""",saying
ASI,"""__ was saying,...""",saying
CHESTNUT,Well-worn truism,truism
MASK,Unchanging expression,expression
ASI,"""__ was saying,...""",saying
CROWE,Oscar winner as Maximus,maxim
EMOTICON,Punctuated expression,expression
GNOMIC,Full of pithy sayings,saying
ITBE,"""...words of wisdom, let __""",words of wisdom
ORLESS,Maximally,maxim
SAWS,Wise old sayings,saying
ASI,"""__ was saying,...""",saying
ASYE,Words in a sowing adage,adage
CYNIC,Altruism doubter,truism
MIME,It goes without saying,saying
NOONS,When strokes are at a maximum?,maxim
SAWS,Proverbs for carpenters?,proverb
STONY,Expressionless,expression
ADAGE,Wise saying,saying
ASI,"""__ was saying...""",saying
ENSOR,Expressionist painter James,expression
GRIMACE,Pained expression,expression
SAW,Maxim,maxim
SAW,Proverb,proverb
SEAS,Septet in an idiom,idiom
STONY,Expressionless,expression
ADAGE,Proverb,proverb
BOAT,"Opportunity, idiomatically",idiom
CAP,Maximum,maxim
CERTITUDEWHATIS,"Saying, part 3",saying
EMIL,Expressionist artist Nolde,expression
FROMTHEEXTERIOR,End of the saying,saying
IDIOM,Turn of phrase,turn of phrase
ITISNOTPASSABLE,Start of a bombastically phrased saying,saying
MERELYEXTRAPOLATING,"Saying, part 5",saying
MOUE,Pouty expression,expression
SAW,Maxim,maxim
SAW,Words of wisdom,words of wisdom
TODETECTWITH,"Saying, part 2",saying
TON,"""Maximum weight"" unit",maxim
WASTENOTWANTNOT,Conservation proverb,proverb
WITHINALITERARYOPUS,"Saying, part 4",saying
YOUCANTJUDGE,"With 114-Across, this puzzle's bombastic saying, as you know it",saying
WASI,"""What ___ saying?""",saying
ASI,"""___ was saying...""",saying
ASI,"""___ was saying...""",saying
ADAGE,Saying,saying
ADAGES,Proverbs,proverb
ASI,"""___ was saying...""",saying
ASI,"""___ was saying...""",saying
IWAS,"""As ___ saying...""",saying
SAW,Adage,adage
TONELESS,Lacking expression,expression
ASI,"""___ was saying...""",saying
ASI,"""___ was saying...""",saying
SNEER,Scornful expression,expression
THANKYOU,Expression of gratitude,expression
ADAGE,Pithy saying,saying
ADAGE,Proverb,proverb
ARIDEST,Maximally dry,maxim
FROWN,Expression of displeasure,expression
PROVERBS,Pithy sayings,saying
SAWS,Adages,adage
SNEER,Villain's expression,expression
BYWORD,Proverb,proverb
OHS,Expressions of surprise,expression
MOUE,Expression of distaste,expression
MOUE,Unhappy expression,expression
SNEER,Villain's expression,expression
EASEDOUT,Discharged with maximum tact,maxim
OLDSAW,Oft-heard saying,saying
SNEER,Mocking expression,expression
UGH,Expression of disgust,expression
VACANTLOTT,Expressionless senator from Mississippi?,expression
BROMIDES,Well-worn sayings,saying
ASIF,Valley-girl expression,expression
FEH,Yiddish expression of disgust,expression
PHRASE,Expression,expression
SAT,Exam with a maximum score of 2400,maxim
SIRRAH,Shakespearean expression of impatience,expression
SNEER,Villainous expression,expression
TALK,"""In all labor there is profit, but mere ___ leads only to poverty"": Proverbs",proverb
UGH,Disgusted expression,expression
ZENITHS,Maxima,maxim
AMEN,Expression of fervent agreement (4),expression
HEADS,"""The mob has many ___ but no brains"": English proverb",proverb
SCOWL,Bitter expression,expression
SNEER,Contemptuous expression,expression
WAVELENGTH,Measure of the evening's success when saying farewell?,saying
EMIL,Expressionist-painter Nolde,expression
FROWN,Grim expression,expression
ITEMIZE,"Maximize one's return, say",maxim
MOUE,Expression of distaste,expression
ROMAN,Circus Maximus attendee,maxim
SAW,Shopworn saying,saying
TRUISM,Timeworn saying,saying
WOE,"With 55 Down, an expression of lament",expression
IMHO,"""Just saying,"" online",saying
INSUM,"""Let me finish by saying ...""",saying
LEER,Satyric expression,expression
OMG,Texter's expression of surprise,expression
SNEER,Elvis impersonator's expression,expression
BECOMETH,"""Excellent speech ___ not a fool"": Proverbs",proverb
GIGO,Acronymic truism about processing faulty data,truism
NISSAN,Maxima maker,maxim
TROPE,Figurative expression,expression
UGH,Expression of disgust,expression
VISAGE,Facial expression,expression
GAPE,Slack-jawed expression,expression
LEER,Disconcerting expression,expression
LIMIT,Maximum,maxim
SAW,Old saying,saying
SNEERS,Expressions of disdain,expression
GLASSIEST,Most expressionless,expression
HUH,Expression of confusion,expression
IALSO,"""___ will laugh at your calamity"": Proverbs",proverb
MISSTHEMARC,Don't make it to a retrospective of Franz's German Expressionist works?,expression
SCOWL,Disapproving expression,expression
THESQUAREROOT,"With 14 Down, an expression of the symbol at the center of this puzzle",expression
TWENTY,Maximum number of horses in a Kentucky Derby field,maxim
FOURLEGSGOOD,"With 31 Across, maxim bleated in 44 Across",maxim
PSAT,Exam with a maximum score of 240 pts.,maxim
SAWS,Proverbs,proverb
SNEER,Contemptuous expression,expression
HOYLE,Proverbial settler of card-table disputes,proverb
SAYINGS,Adages,adage
APRILS,"Periods of showers, proverbially",proverb
IAL,Proverb ending,proverb
MOUE,Expression of distaste,expression
OLDDOG,"Hard one to teach, proverbially",proverb
PEAK,Reach the maximum,maxim
ROME,"Terminus for all roads, in a saying",saying
SAW,Shopworn words of wisdom,words of wisdom
SOA,"""___ man sharpeneth the countenance of his friend"": Proverbs",proverb
SPEE,WWI vice admiral Maximilian von ___,maxim
ELIDING,"Saying ""g'day,"" for example",saying
LEER,Expression on many Halloween masks,expression
LEER,"Pickup artist's expression, often",expression
LEER,Wanton expression,expression
LEER,Wolfish expression,expression
OUNCE,Proverbial unit of prevention,proverb
SALTMINE,"Toilsome workplace, proverbially",proverb
SOUTINE,"Expressionist Chaim ___, known for distorted portraiture",expression
TATAS,Splitting expressions,expression
OLDSAW,Oft-heard saying,saying
ALLIN,Maximum poker bet,maxim
CAP,Maximum limit,maxim
OHS,Surprised expressions,expression
ALEF,"From _____ to tav (completely, in a Hebrew expression)",expression
APE,"One of two like objects, idiomatically",idiom
EAR,"""_____ today, gone tomorrow"" (saying for van Gogh?)",saying
ESL,Its students may have trouble with idioms: Abbr.,idiom
EVALONGORIA,First woman to top Maxim's Hot 100 list in two consecutive years,maxim
LBOMB,"Relationship-changing expression of affection, in slang",expression
OWOW,Pained expression?,expression
PLAINTS,Expressions of dissatisfaction,expression
RUHROH,Scooby-Doo's expression of concern,expression
TRE,"""Non c'è due senza _____"" (Italian proverb)",proverb
WROTETO,Addressed without saying a word?,saying
WTFMATE,Expression of incredulity first heard spoken by a kangaroo in a viral animated video,expression
AAH,Content expression,expression
AGO,Adjective almost always preceded by an expression of time,expression
DAMNSON,"Expression of impressiveness, from a popular electronic dance music sample",expression
DEO,_____ Optimo Maximo (Benedictine motto),maxim
EMPTILY,Without an expression,expression
FEELTHEBERN,Punny saying introduced in May 2015,saying
IFS,First of a proscribed trio in a common expression,expression
LAD,Maxim target,maxim
LENTE,"""Slowly"", in a Latin adage",adage
LIKEBUTTAH,"Expression used by Mike Myers' SNL ""Coffee Talk"" character to describe Barbra Streisand's voice",expression
LONGFACE,Expression of sadness,expression
NEAT,"Like a 20-Across, in an expression",expression
NOTBAD,Common expression demonstrating the figure of speech known as litotes,expression
RXS,"Notes proverbially written in chicken scratch, for short",proverb
SANA,"Sound, in an expression",expression
SNOWCLONE,"Formulaic use of a much-repeated idiom, as ""I'm not a [fill in profession], but I play one on TV""",idiom
THEIST,"One saying 25-Across, presumably",saying
THEY,Source of many rumors and old sayings?,saying
TRE,"""Non c'è due senza _____"" (Italian idiom)",idiom
BIEN,"Word repeated in the expression ""Tout est _____ qui finit _____""",expression
BRUT,Like Champagne that has maximum 1.5% sugar content,maxim
CAIN,"A big fuss, in an expression",expression
DERATE,"Lower to less than maximum capability, as an electrical machine",maxim
MAHALO,Expression of gratitude upon receiving a lei,expression
NOSER,One assaying whiskey by taking in its aroma,saying
OMGOSH,Internet expression of surprise in which its user wants to make it abundantly clear that they aren't using the Lord's name in vain,expression
RISE,"Provoked reaction, in an expression",expression
SANO,"Sound, in a saying by the poet Juvenal",saying
SEHR,"""Danke _____"" (expression of German gratitude)",expression
TAV,"From aleph to _____ (running the gamut, in a Jewish expression)",expression
VIVA,"Italian expression whose South Asian equivalent means ""ten thousand years""",expression
WOOT,Gamer's expression of exultation,expression
ANNODOMINI,Christian dating expression,expression
BADPENNY,One always proverbially turning up,proverb
DARNYOU,Jocular expression of reproach,expression
OKA,Maxim Gorky's river,maxim
SINGSING,"Landmark to which the origin of the idiom ""sent up the river"" refers",idiom
SIR,Saying it is a formality,saying
TED,Org. limiting its speakers to 18 minutes maximum,maxim
TWICESHY,"Like one who's been victimized, in an expression",expression
UNO,Game that carries a penalty for not saying its name at a certain time,saying
ARIDNESS,Proverbially tightly packed things,proverb
ARSE,"What a dumb Brit can't distinguish from their elbow, in a saying",saying
CANCELCULTURE,Social media environment in which a celebrity is boycotted for saying the wrong thing,saying
CEES,"They ""get degrees"", as the saying goes",as the saying goes
CSGETDEGREES,Unmotivated student's maxim,maxim
CUTEAGGRESSION,"Saying ""I could just eat you up!"" to a puppy or baby, to psychologists",saying
DINT,"Means, in an expression",expression
EMS,Maximum or minimum limits,maxim
GAPED,"Said ""Really?!"" without saying anything",saying
HADITH,"Account of a saying of Muhammad, in Islam",saying
NOTOK,"""You oughta regret saying that""",saying
ODES,"Horace work whence the saying ""carpe diem""",saying
ONEMANARMY,Cliched fight-scene character,cliche
RNA,It's involved in 27-Across expression,expression
SIC,"""I'm just saying what they said""",saying
SLOWCLAP,Cliched start to a crowd eruption,cliche
STRIDE,It's hit at maximum efficiency,maxim
AGHAST,"Saying ""WHAT did I just witness...?"", say",saying
ALEXEI,Real first name of author Maxim Gorky,maxim
AMI,"Meilleur _____ de l'homme (dog, in a French expression)",expression
DONTTELLMOM,Expression of confidence to a sibling,expression
HINTEDAT,Said without saying,saying
IDLEHANDS,"The Devil will make use of them, idiomatically",idiom
IDO,You probably shouldn't sigh despondently or shrug before saying this,saying
PERIOD,"""I'm not saying anything else""",saying
POTENTIALOUTPUT,Maximum amount an economy can produce using all of its available resources,maxim
RLESS,"Like saying ""ah"" in the middle of the park?",saying
SNOOT,"Type who probably disagrees with the saying ""money isn't everything""",saying
SOW,Verb in an expression about justice,expression
UNO,You can get penalized for not saying it,saying
WASP,One of two rating the maximum 4 on the Schmidt pain index,maxim
WIFE,One of two saying 36-Across,saying
ZINE,"Punk rock's ""Flipside"" or ""Maximumrocknroll"", e.g.",maxim
ACCUSAL,"Saying ""It was you!"", say",saying
ALECK,"More polite substitute for ""ass"" in an expression",expression
BEMINE,Puppy-love expression,expression
EMANATES,"Sea creatures that wore T-shirts saying ""Did someone say tacos?"" and ""I'm with stupid"" in a Geico ad",saying
ENEMY,The Book of Proverbs suggests that you give him bread if he is hungry,proverb
HINTAT,Say without saying,saying
KEN,"He says ""I'm not a girl's toy! I'm not! Why do you keep saying that?!"" in ""Toy Story 3""",saying
MES,"""Les amis de _____ amis sont _____ amis"" (French saying)",saying
PUFFPUFFPASS,Expression of joint courtesy,expression
RAVES,Is firm in saying,saying
ROOMTOSWINGACAT,"Maneuvering space, in an expression",expression
SNEERS,Expressions from Severus Snape,expression
SPADE,"You might call it it, per an expression",expression
TAPER,Talk a lot without saying anything,saying
VIRTUALHUG,Expression of consolation over the Internet,expression
ABDUCTORMUSCLE,"Gluteus maximus or deltoid, anatomically speaking",maxim
CORPORATEGREED,Profit-maximizing motivation,maxim
COULDA,Informal word in some expressions of regret,expression
FRERE,"Faux _____ (backstabber, in a French idiom)",idiom
IMSTEALINGTHAT,Words of appreciation after a clever turn of phrase,turn of phrase
IWISHIHADNT,Expression of regret,expression
ORE,"Earthly material that I keep saying I don't ever want to put in a crossword again, but yet here we are",saying
PEG,Poor-fitting thing in an expression,expression
STEAD,"Position to be replaced, in an expression",expression
ADAGE,Saying,saying
AGE,"Beauty preceder, in a saying",saying
ALAS,Hamlet's expression,expression
ASI,"""___ was saying...""",saying
ASI,"""___ was saying...""",saying
LOGIA,Sayings attributed to Jesus,saying
MOUE,Pouting expression,expression
PITHY,"Short and meaningful, as a saying",saying
ROME,Where all proverbial roads lead,proverb
SAWS,Proverbs,proverb
SMILEY,___ face (happy expression),expression
SPEE,German admiral Maximilian von ___,maxim
STONY,Expressionless,expression
ADAGE,Proverb,proverb
ADAGES,Proverbs,proverb
ASI,"""___ was saying...""",saying
ASIF,Valley girl expression,expression
DROWSY,Nodding but not saying yes,saying
HRE,Maximilian I's dom.,maxim
ISAW,Middle of Caesar's saying,saying
LAMPPOST,Part of a proverbial secretive trio,proverb
LILY,Gilded bloom of idiom,idiom
LIMIT,Casino maximum,maxim
LIVEANDLETLIVE,Scottish proverb,proverb
MAXIM,Proverbial truth,proverb
MOSS,Proverbial ground cover,proverb
MOUE,Wry expression,expression
POKE,Proverbial pig container,proverb
PSHAW,Expression of disbelief,expression
SCHELL,"Maximilian of ""Judgment at Nuremberg""",maxim
STONY,Expressionless,expression
STONY,Expressionless,expression
TON,"""Maximum weight"" unit",maxim
TON,Proverbial amount of bricks,proverb
ADAGE,Maxim,maxim
ADAGE,Old saying,saying
ADAGES,Time-honored sayings,saying
ALAS,Expression of pity,expression
ARGOTS,Idiomatic vocabularies,idiom
ARMY,"It travels on its stomach, proverbially",proverb
ATHOME,"Where charity begins, in an adage",adage
ATMOST,Maximally,maxim
EST,Suffix that maximizes,maxim
FIE,Old expression of disgust,expression
GLASSIER,More expressionless,expression
HOME,"Where the heart is, proverbially",proverb
IMPLY,Say without saying,saying
LESS,"More, proverbially",proverb
MATHIEU,Abstract expressionist painter Georges,expression
MOSS,"Rolling stone's lack, proverbially",proverb
OATHS,Solemn sayings,saying
OMNIAVINCITAMOR,Virgil maxim,maxim
ONCEBITTEN,Half a proverb about cautious behavior,proverb
PEN,Proverbial sword beater,proverb
PSHAW,Expression of disbelief,expression
SAWS,Maxims,maxim
SCHELL,"""Judgment at Nuremberg"" Oscar winner Maximilian",maxim
SCHELL,1961 Best Actor Maximilian,maxim
SMILE,Expression of amusement,expression
SNEER,Villain's expression,expression
STONY,Without expression,expression
STRAW,Proverbial backbreaker,proverb
THU,"Day before saying ""TGIF""",saying
TRITE,Like a worn-out maxim,maxim
ASI,"""___ was saying...""",saying
ASI,"""___ was saying...""",saying
ATMOST,Maximally,maxim
BLISS,"Ignorance, in an adage",adage
COINED,"Made up, as an expression",expression
DAW,"""See-saw, Margery ___""","saw,"
ECCL,Bk. after Proverbs,proverb
GORKY,Soviet writer Maxim ___,maxim
HOLYMOLY,Expression of surprise,expression
HOMILY,Inspirational saying,saying
HRE,Realm of Maximilian I (abbr.),maxim
ISAFUNNYBONE,"Words of wisdom, part 4",words of wisdom
MOUE,Pouting expression,expression
NEO,Prefix with impressionism or expressionism,expression
NEOLOGIST,Idiom inventor,idiom
ONEGOODTURN,"It deserves another, in a proverb",proverb
ONEOFTHEBEST,"Words of wisdom, part 1",words of wisdom
PEN,Proverbial sword beater,proverb
RILEY,Proverbial easy life leader,proverb
SAWS,Maxims,maxim
STONY,Expressionless,expression
STRAW,Proverbial backbreaker,proverb
TENETS,Maxims,maxim
TENTFUL,"Maximum capacity, at some revivals",maxim
THINGSTOHAVE,"Words of wisdom, part 2",words of wisdom
TON,Proverbial amount of bricks,proverb
UPYOURSLEEVE,"Words of wisdom, part 3",words of wisdom
WAS,"""As I ___ saying...""",saying
ADAGE,Traditional truism,truism
AHA,Expression of enlightenment,expression
ALAS,Hamlet's expression,expression
ANA,Collection of memorable sayings,saying
ANYPORTINASTORM,Bad weather adage,adage
ANYWAY,"""As I was saying...""",saying
ASI,"""___ was saying...""",saying
ASI,"""___ was saying...""",saying
ASYNDETON,"""I came, I saw, I conquered,"" e.g.","saw,"
ATOZ,All-inclusive expression,expression
AXIOM,Adage,adage
BEESWAX,"Business, in a saying to the nosy",saying
BULL,Proverbial china shop problem,proverb
CLICHE,Stale saying,saying
FINDER,"Keeper, according to a saying",saying
LEER,Offensive expression,expression
MEW,Persian expression?,expression
MOSSY,"Unlike a rolling stone, proverbially",proverb
MOUE,Pouty expression,expression
MOUE,Pouty expression,expression
PEN,Proverbial sword beater,proverb
PEN,"Sword's superior, in a saying",saying
SCOWL,Expression of displeasure,expression
TOERR,Start of a saying on forgiveness,saying
WERE,"""You ___ saying...""",saying
WHOOPDEDO,Archie Bunker expression,expression
ADAGE,Observational saying,saying
ALAS,Expression of sorrow,expression
ALAS,Hamlet's expression regarding Yorick,expression
ASI,"""___ was saying...""",saying
ASI,"""___ was saying...""",saying
ASI,"""___ was saying...""",saying
ASI,"""___ was saying...""",saying
ASI,"""___ was saying...""",saying
ATOZ,All-inclusive expression,expression
BIBLE,It contains Proverbs,proverb
BLANK,Expressionless,expression
GLASSY,Expressionless,expression
GORKI,Russian novelist Maxim,maxim
GORKI,Russian writer Maxim,maxim
IWISH,Expression of desire,expression
LAST,In the proverbial cellar,proverb
MANTIS,Insectivore that seems to be saying grace,saying
MAXIM,Adage,adage
NOLDE,German Expressionist Emil,expression
OTTO,German expressionist painter Dix (1891-1969),expression
RAT,Proverbial ship deserter,proverb
ROAR,Expression of pride?,expression
SAWS,Adages,adage
THREE,Proverbial crowd,proverb
UHOH,Expression following an accident,expression
ULTIMATE,Maximum,maxim
UTTERANCE,Vocal expression,expression
ADAGE,Memorable saying,saying
ADAGE,Proverb,proverb
ADAGE,Words of wisdom,words of wisdom
ANAPPLEADAY,Proverbial prescription for health,proverb
ASI,"""___ was saying...""",saying
ASI,"""___ was saying...""",saying
ASI,"""___ was saying...""",saying
AXIOM,Truism,truism
DRAT,Expression of disappointment,expression
EAU,"What the French never drink, proverbially",proverb
EMPERORS,Maximilian and Charlemagne,maxim
EVILEYE,"""Eat thou not the bread of him that hath"" this, according to Proverbs",proverb
GILDED,Like a proverbial lily,proverb
IDIOM,Manner of expression,expression
IMHURT,Expression of umbrage,expression
ISEE,Shrink's saying,saying
LAST,In the proverbial cellar,proverb
MAXIM,Succinct saying,saying
MIMED,Went without saying?,saying
NAIL,Proverbial kingdom loser,proverb
NISSAN,Maxima manufacturer,maxim
OHS,Expressions of surprise,expression
POOR,Like the proverbial church mouse,proverb
QUIT,Behave like the proverbial loser,proverb
SAD,Like an Emmett Kelly expression,expression
SAW,Proverb,proverb
SAWS,Maxims,maxim
SAWS,Proverbs,proverb
SHAZAM,Saying it turned Billy Batson into Captain Marvel,saying
SNEERS,Scornful expressions,expression
SPEE,WWI admiral Maximilian von ___,maxim
TON,Proverbial amount of bricks,proverb
TWOSIDES,"What every story has, proverbially",proverb
UHOH,Expression following an accident,expression
VENT,Give expression to,expression
ADAGE,Age-old expression,expression
ADAGE,Saying,saying
ASI,"""___ was saying...""",saying
ASI,"""___ was saying...""",saying
ASI,"""___ was saying...""",saying
ASI,"""___ was saying...""",saying
ASOP,"""Give ___ to Cerberus"" (Greek and Roman saying)",saying
BYWORDS,Proverbial expressions,proverb
CAME,"""I ___, I saw, I conquered""","saw,"
CARPE,"Seize, in a saying",saying
DOH,"""The Simpsons"" saying",saying
FORBIDADIEU,Not allow saying good-bye?,saying
FULLBORE,With maximum power,maxim
IAL,Proverb ending,proverb
IMTHRILLED,Sarcastic expression of excitement,expression
IWISH,Expression of desire,expression
NOTHINGS,Sweet sayings?,saying
SKY,"The limit, proverbially",proverb
SUNDECK,Area of maximum exposure,maxim
THINE,"""If ___ enemy be hungry..."" (Proverbs)",proverb
ADAGE,Memorable saying,saying
AGGIELIMIT,Maximum enrollment at Texas A&M?,maxim
APOTHEGM,Maxim,maxim
ASI,"""___ was saying ...""",saying
ASI,"""___ was saying""",saying
EGAD,Old expression of surprise,expression
ELEMENTSOFSTYLE,"With ""The,"" book with the chapter ""Words and Expressions Commonly Misused""",expression
HASTE,Proverbial waste-maker,proverb
HOME,"Where the heart is, proverbially",proverb
INSILENCE,Without saying a word,saying
LISPS,Has trouble saying sassafras,saying
MOSS,"Rolling stone's lack, proverbially",proverb
PAINED,Like a wincer's expression,expression
PAULKLEE,Swiss Expressionist,expression
PERIPHRASIS,Roundabout expression,expression
QUIP,Witty saying,saying
SAT,"Day after saying ""TGIF!""",saying
SEENANDNOTHEARD,"Like good children, proverbially",proverb
SORRIEST,Maximally miserable,maxim
SOUR,Like proverbial unobtainable grapes,proverb
STORK,Proverbial baby deliverer,proverb
THREE,"Crowd, proverbially",proverb
UHOH,Expression following an accident,expression
WERE,"""You ___ saying ...""",saying
WISEASSOLOMON,Proverbially sagacious,proverb
ADAGE,"""Poor Richard's Almanack"" maxim",maxim
ADAGE,Wise old saying,saying
ADAGES,Maxims,maxim
ADAGES,Proverbs,proverb
APOTHEGM,Terse witty saying,saying
ASI,"""___ was saying ...""",saying
ASI,"""___ was saying ...""",saying
ASI,"""___ was saying ...""",saying
EGADANADAGE,Quaint expletive on a time-honored truism?,truism
EGADS,Expression of surprise,expression
IMPLY,Say without saying,saying
IMUS,"""My goal is to goad people into saying something that ruins their life"" speaker",saying
LIMITS,Poker maximums,maxim
MOUES,Petulant expressions,expression
MYEYE,Expression of mild disagreement,expression
OCCAM,"William of ___, known for his ""razor"" maxim",maxim
OHO,Expression of surprise,expression
OLDSAW,Familiar saying,saying
OLDSAW,Familiar saying,saying
OLDSAW,Familiar saying,saying
ORE,Assaying sample,saying
POUT,Bratty expression,expression
POUTS,Lip-protruding expressions,expression
SAWS,Adages,adage
SAWS,Tired adages,adage
SEXES,Proverbial battlers,proverb
SEXSELLS,Advertising truism,truism
SNEER,Elvis impersonator's expression,expression
SNEER,Snide expression,expression
SNEER,Villain's expression,expression
SNEER,Villain's expression,expression
TON,"""Maximum weight"" unit",maxim
UGH,Disdainful expression,expression
UNHEARD,Like the proverbial tree that falls in the forest,proverb
ZOWIE,Expression of surprise,expression
ADAGE,"Saying such as the one formed from the first words of 17-, 37-, and 57-Across",saying
ADAGE,Traditional truism,truism
ANTI,Nay-saying,saying
ASI,"""___ was saying ...""",saying
ASI,"""___ was saying ...""",saying
ASI,"""___ was saying""",saying
ATOZ,All-inclusive expression,expression
BLANK,Expressionless,expression
CHATTER,Talk without saying much,saying
COINING,"Inventing, as an expression",expression
CROWD,"Three, proverbially",proverb
ECHELON,Line of riders staggered for maximum protection from the wind,maxim
FATTED,Like a proverbial calf,proverb
GRIN,Alfred E. Neuman expression,expression
GRIN,Cheshire Cat's expression,expression
HACKNEYEDPHRASE,Overused expression,expression
LESS,"More, proverbially",proverb
LOWTIDE,Maximum ebb of the ocean's flow,maxim
MAXIM,Proverbial brand of coffee?,proverb
MOUE,Pouty expression,expression
NERTS,Expression of defiance,expression
OHS,Expressions of surprise,expression
ONETRICK,"Limited in talent, as the proverbial pony",proverb
ORE,Assaying sample,saying
OUNCE,Proverbial prevention portion,proverb
OWS,Expressions of pain,expression
PEN,"Sword vanquisher, proverbially",proverb
POKERFACE,Expressionless visage,expression
POOR,Like the proverbial church mouse,proverb
POUT,Curled-lower-lip expression,expression
RAT,Proverbial ship deserter,proverb
SCHELL,"Maximilian of ""Judgment at Nuremberg""",maxim
SIGH,Expression of boredom,expression
TAXES,Proverbial sure thing,proverb
TOERR,Start of a saying on forgiveness,saying
WASTENOTWANTNOT,Proverbial advice,proverb
ADAGE,Saying with meaning,saying
ADAGE,Succinct saying,saying
AFISHOUTOFWATER,"Misfit, proverbially",proverb
AGE,"It goes before beauty, in a saying",saying
AGE,"It goes before beauty, in a saying",saying
ASI,"""___ was saying ... """,saying
BIRDINTHEHAND,Proverbial sure thing,proverb
EARTH,"The meek's inheritance, proverbially",proverb
FEH,Yiddish expression of disgust,expression
GLASSY,Expressionless,expression
IDIOM,Non-literal expression,expression
IMHO,"""All I'm saying is ..."" in a chat room",saying
LASTSTRAW,Proverbial backbreaker,proverb
LIMITISWRITTEN,Maximum defined on paper?,maxim
LIONSMOUTH,"Dangerous place, proverbially",proverb
MISS,"Mile's equivalent, proverbially",proverb
OUCH,Pained expression?,expression
PAEAN,Expression of praise,expression
RAT,Proverbial ship deserter,proverb
SMILES,Expressions in toothpaste ads,expression
SNEER,Snidely Whiplash's expression,expression
SOBER,"Like a judge, in a saying",saying
SPILT,Like the proverbial milk,proverb
STRAIGHTFACE,Deadpan expression,expression
WOWIEZOWIE,Expression of glee,expression
ADAGE,Time-tested truism,truism
ADAGE,Words of wisdom,words of wisdom
ADAGES,Sayings from sages,saying
ADAGES,Time-honored expressions,expression
AND,"""You were saying ...""",saying
ASI,"""___ was saying ...""",saying
ASI,"""___ was saying ...""",saying
ASYE,"Start of a ""sowing"" adage",adage
CITYHALL,"It's tough to fight, proverbially",proverb
COOKS,Proverbial broth spoilers,proverb
DONIMUS,"""My goal is to goad people into saying something that ruins their life"" speaker",saying
EARLY,Like the proverbial worm catcher,proverb
GRIN,Cheshire Cat's expression,expression
HASTEMAKESWASTE,Proverb advising against a rash approach,proverb
JASPERJOHNS,"""Numbers"" abstract expressionist artist",expression
LESS,It's more in an adage,adage
LIPREADER,One who can see what you're saying,saying
MAXIMS,Astute sayings,saying
MILE,"Miss's equivalent, idiomatically",idiom
MUM,Saying nothing,saying
MYMY,Expression of mild surprise,expression
OHO,Expression of surprise,expression
OUCH,Pained expression?,expression
OWS,Expressions of pain,expression
SAWS,Familiar maxims,maxim
SCOWL,Grumpy expression,expression
SCOWLS,Grumpy expressions,expression
SEXY,Like a Maxim model,maxim
SIXTY,Maximum number of marbles at play in a Chinese checkers game,maxim
SNAILS,"Slow movers, proverbially",proverb
SNEER,Scornful expression,expression
SPEE,Ill-fated WWI admiral Maximilian von ___,maxim
THERESNOIINTEAM,Pep talk adage,adage
WIFE,"Bachelorette, upon saying ""I do""",saying
WOLFATTHEDOOR,"Impending danger, proverbially",proverb
ADAGE,Old saying,saying
ADAGE,Proverbial saying,proverb
ASI,"""___ was saying ...""",saying
ATMOST,Maximally,maxim
AXE,"Something to grind, in an idiom",idiom
CAT,"Curiosity victim, in an old saying",saying
DUCHY,"Cornwall or Warsaw, e.g.","saw,"
ELIDING,"That's saying ""somethin'""",saying
GHOSTFROWN,Expression at a sad seance?,expression
HANGDOG,"Abject, as an expression",expression
HASTE,"It makes waste, proverbially",proverb
HASTE,"Waste-maker, in an adage",adage
HASTEMAKESWASTE,Idiomatic reason to slow down,idiom
HOME,"Where the heart is, proverbially",proverb
IDLEHANDS,"Devil's tools, proverbially",proverb
IMTO,"""Are you saying ___ blame?""",saying
MIEN,Expression,expression
MOT,Witty saying,saying
NISSAN,Maxima maker,maxim
ODE,Flowery expression of admiration,expression
OLDSAW,Familiar adage,adage
OOF,Pained expression?,expression
OTTO,German Expressionist Dix,expression
PITCHBLACK,Maximally dark,maxim
SCOWL,Oscar the Grouch's expression,expression
SERE,Maximally dry,maxim
TACIT,Saying nothing,saying
TENFOOTPOLE,"Something not to touch with, according to a saying",saying
THERESNOIINTEAM,Coach's adage about player selfishness,adage
UGH,Expression of disgust,expression
UGH,Expression of distaste,expression
ADAGE,Memorable maxim,maxim
ADAGE,Old saying,saying
ASI,"""___ was saying ...""",saying
ATMOST,As a maximum,maxim
CROUCHINGTIGER,Start of an ancient Chinese saying,saying
EGON,Austrian Expressionist Schiele,expression
EGON,Austrian Expressionist Schiele,expression
FULLBLAST,At maximum capacity,maxim
GRIN,Alfred E. Neuman expression,expression
IDO,What this puzzle's constructor is saying to his fiancée today,saying
LEVER,"Seesaw, essentially","saw,"
MAXIMS,Pithy sayings,saying
MOUE,Sulky expression,expression
OPTIMIZE,Get the maximum use from,maxim
OWS,Pained expressions,expression
PEAKS,Reaches a maximum,maxim
POKE,Proverbial pig place,proverb
SAWS,Maxims,maxim
SEXES,Proverbial battlers,proverb
SNEER,Villain's expression,expression
SPILT,Like proverbial milk,proverb
SPILT,Like some proverbial milk,proverb
STYLE,Manner of expression,expression
THORNS,Proverbial craw lodgments,proverb
TOCOINAPHRASE,Idiom inventor's words,idiom
TOOL,"Saw, e.g.","saw,"
TWO,Pup tent's maximum occupancy,maxim
WRITTENINSTONE,"Permanent, idiomatically",idiom
ADAGE,Traditional saying,saying
ASI,"""___ was saying ...""",saying
ASI,"""___ was saying ...""",saying
AXIOM,Truism,truism
BIGBANKTHEORY,Truism about large financial institutions?,truism
BROMIDES,Overused expressions,expression
CHARIOT,Circus Maximus racer,maxim
CHARIOTPOLICE,Circus Maximus security force?,maxim
CLICHE,Trite expression,expression
CROWE,He played Maximus Decimus Meridius,maxim
GOODASANOTHER,End of the proverb,proverb
GRISHAMSLAW,Truism about a popular author of legal thrillers?,truism
HOHOHO,Jolly Green Giant saying,saying
IFYOUDONTWANT,Part 1 of a Yiddish proverb,proverb
LATE,"It's better than never, in a saying",saying
LAUGHLAST,"Outwit someone, proverbially",proverb
LIVEDINSIN,"Cohabited while unwed, idiomatically",idiom
MILE,"Miss's equivalent, idiomatically",idiom
OLDSAW,Time-tested truism,truism
ONEEXCUSEISAS,Part 3 of the proverb,proverb
ORE,Assaying sample,saying
OUCH,Pained expression?,expression
OWS,Expressions of pain,expression
OWS,Pained expressions,expression
PITAPRINCIPLE,Truism about how gyro sandwiches are made?,truism
POKE,"Pig's place, in a saying",saying
ROME,Cloaca Maxima setting,maxim
RULEOFTHUMP,Truism about a heavy heartbeat?,truism
SAW,Pithy saying,saying
SAW,Pithy saying,saying
SCOWLS,Sour expressions,expression
SNEER,Supercilious expression,expression
THANX,Cutesy expression of appreciation,expression
THX,"Expression of gratitude in a tweet, maybe",expression
TODOSOMETHING,Part 2 of the proverb,proverb
TON,Proverbial brickload,proverb
TOOMANYCOOKS,"Broth spoiler, idiomatically",idiom
YOWS,Pained expressions?,expression
AGE,"Preceder of beauty, in a saying",saying
ANIMALFARM,"Source of the maxim ""Four legs good, two legs bad""",maxim
ASI,"""___ was saying ...""",saying
ASLEEP,"Inattentive ""at the switch,"" in a saying",saying
BREAKALEG,Opening night expression (with a hidden veggie),expression
CARPE,"What to do to a ""diem,"" proverbially",proverb
CLAMOR,Insistent public expression,expression
CLEVER,"""I am so ___ that sometimes I don't understand a single word of what I am saying"" (Oscar Wilde quote)",saying
EAR,"Flea site, idiomatically",idiom
GOINGFULLTILT,Moving with maximum speed,maxim
GORKI,Russian novelist Maxim,maxim
HOOT,"Minimum of concern, in an expression",expression
IAL,Proverb closing?,proverb
LADIDA,Annie Hall expression,expression
LASTSTRAW,Proverbial backbreaker,proverb
LAW,Proverbially long-armed entity,proverb
MAILROOM,Proverbial first job locale,proverb
MIEN,Expression,expression
OLDSAW,Trite saying,saying
ONCE,"It's enough, in an expression",expression
SAWS,Memorable sayings,saying
SETSMILE,Candidate's expression while working a room,expression
SHOEMAKERS,"Proverbially, those too busy to provide their kids with footwear",proverb
SMELLSTHECOFFEE,"Stops being oblivious, idiomatically",idiom
SPARETHEROD,Start of a famous adage,adage
THANKSAHEAP,Sarcastic expression of ingratitude,expression
THEPEN,"It's ""mightier,"" in a saying",saying
THREES,"Crowds, proverbially",proverb
TIT,Proverbial retribution,proverb
TSA,"Org. that gets away with saying, ""Hands up""",saying
TWO,"Company, proverbially, parted four times in this puzzle",proverb
WELL,"""You were saying ...?""",saying
ADAGE,Timeworn truism,truism
ADAGE,Words of wisdom,words of wisdom
ATMOST,As a maximum,maxim
DEAF,"Like an ignorer's ear, idiomatically",idiom
DOETH,"""A merry heart ___ good like a medicine"": Proverbs",proverb
DONIMUS,"""My goal is to goad people into saying something that ruins their life"" speaker",saying
GRIN,Friendly expression,expression
HIDE,"Hair's partner, in an idiom",idiom
HOUSE,"It always wins, in a saying",saying
HUH,Expression of confusion,expression
KLEE,Swiss expressionist Paul,expression
NERO,Emperor who frequented the Circus Maximus,maxim
NTH,Maximal degree,maxim
OMNIAVINCITAMOR,"Virgil maxim, and a hint to the first words of 17-, 24-, and 44-Across",maxim
PAIN,Proverbial problem for the neck or butt,proverb
POKE,Spot for a proverbial pig,proverb
SAYINGS,Adages,adage
SNEER,Derisive expression,expression
SNEER,Snide expression,expression
TOPDOLLAR,Maximum price,maxim
UTTER,Give expression to,expression
UTTER,Give expression to,expression
WHATTHE,Dumbfounded expression,expression
ADAGE,Memorable maxim,maxim
ADAGES,Folk sayings,saying
ATMOST,Maximally,maxim
CAN,Proverbial worm holder,proverb
CLICHE,Trite expression,expression
DANKE,Gottfried's expression of gratitude,expression
GETTINGUPTHERE,"Advanced in age, idiomatically",idiom
GLEE,"What saying ""Yay!"" might indicate",saying
HELLORHIGHWATER,"The worst-case scenario, idiomatically",idiom
HIGHGEAR,It's engaged for maximum speed,maxim
HOLE,"Head woe, idiomatically",idiom
HORNS,"Dilemma feature, idiomatically speaking",idiom
LESS,It's more in an adage,adage
LIMIT,Casino game maximum,maxim
MARRIEDWITHKIDS,Like the proverbial family man,proverb
MIEN,Facial expression,expression
MOUE,Sulky expression,expression
ONADIME,"Instantly, idiomatically",idiom
PREACHIEST,Maximally moralizing,maxim
RAWEST,"Maximally chilly, as weather",maxim
ROMANS,Circus Maximus attendees,maxim
SHAZAM,Gomer Pyle's expression of amazement,expression
STONY,Expressionless,expression
STRAW,Proverbial back breaker,proverb
TAT,Proverbial cause for revenge,proverb
TIT,Proverbial payback,proverb
TOPDOLLAR,Maximum purchase price,maxim
UPTOHERE,"Swamped, idiomatically",idiom
VERAPHRASE,Saying attributable to fashion's Wang?,saying
TWEETS,Expressions of 140 characters maximum,expression
YADA,"One-third of a ""Seinfeld"" expression",expression
TOROME,"Where all roads lead, proverbially speaking",proverb
USEIT,"Way to avoid atrophy, according to a rhyming adage",adage
WINEINSECRETOUT,Hebrew proverb that explains how to extract this puzzle's hidden word,proverb
ADAGE,"Uppercase, it's a magazine;  lowercase, it's a proverbial saying",proverb
AKIN,"Ex-Missouri Rep. Todd infamous for saying ""The female body has ways to try to shut that whole thing down""",saying
DYLANS,"Saw, for one","saw,"
MAXIM,"Uppercase, it's a magazine;  lowercase, it's a proverbial saying",proverb
TUX,Outfit for saying 36-Down,saying
ADAGE,Memorable saying,saying
GAH,Slangy expression of frustration,expression
BUN,"Baby, idiomatically",idiom
ERIKAGARD,Originator of the saying,saying
FORMOFFLATTERY,"Saying, part 3",saying
IMITATION,"Saying, part 1",saying
ISTHESINCEREST,"Saying, part 2",saying
CXL,Maximvm nvmber of characters in a tweet?,maxim
FCC,"Org. that discourages people from saying ""fuck"" on public television",saying
IMO,"Online cousin of ""just saying""",saying
NOROAD,"""___ is long with good company"" (Turkish proverb)",proverb
PLIES,"""Shawty"" rapper who explained the origin of his name by saying ""I got the squeeze on them real tight""",saying
TAILOR,"One who might beg to differ with the saying ""Clothes make the man""",saying
ALAW,"""There ought to be ___!"" (expression rarely used by anarchists?)",expression
IMA,Words you say before saying what you do,saying
IONO,"Prefix with -sphere, or a text-y way of saying ""no idea""",saying
IPSA,"___ scientia potestas est (Latin expression meaning ""knowledge itself is power"")",expression
OBLA,"""___-di, ___-da"" (expression originated by Jimmy Scott-Emuakpor, a Nigerian congo player)",expression
ORLY,"Paris airport commune, or, read differently, an owlish expression of disbelief on the internet",expression
POPOMATICGAME,7 letters (EXPRESSION),expression
SPILT,"Like uncryworthy milk, in adage",adage
TWO,"Superior head count, proverbially",proverb
ASWESAY,"""There's an expression that's popular around here...""",expression
HIYO,Expression from Ed McMahon or the Lone Ranger,expression
IDIOM,Seemingly illogical expression,expression
POT,Proverbial hypocrite,proverb
SNOOTIEST,Maximally pompous,maxim
SMIZE,"Fierce facial expression, per ""America's Next Top Model""",expression
ADAGES,Words of wisdom,words of wisdom
ANDHEWILL,More of the saying,saying
ASI,"""--was saying...""",saying
ASI,"""__ was saying...""",saying
AWISE,"""-man is strong..."":  Proverbs",proverb
FIE,Disapproving expression,expression
GOODGRIEF,"Expression of disappointment, see 17 Across",expression
HAHS,Expressions of surprise,expression
HISTONGUE,More of the saying,saying
IDIOM,A way of saying things,saying
LETAFOOLHOLD,Start of a saying by Publilius Syrus,saying
OHS,Expressions of understanding,expression
PASSFORASAGE,End of the saying,saying
SAWS,Proverbs,proverb
SAWS,Sayings,saying
SPEE,German admiral Maximilian,maxim
USAGE,Idiom,idiom
WHEE,Expression of delight,expression
ADAGE,Proverb,proverb
ADAGE,Proverb,proverb
LOGIA,Group of religious maxims,maxim
LOWRISE,Expression of architectural restraint,expression
MIEN,Expression,expression
PSHAW,Expression of disbelief,expression
TERM,Expression,expression
WHOLAUGHSLAST,"""He -- ...best"": Proverb",proverb
CARTES,"Menus, at Maxims",maxim
SAW,Adage,adage
YOUALL,Southerners' expression,expression
ADAGE,Proverb,proverb
ADAGE,Proverb,proverb
ADAGE,Proverb,proverb
ADAGE,Words of wisdom,words of wisdom
AMI,"""What ___ saying?""",saying
ANYHOW,"""As I was saying...""",saying
ARGOT,Idiomatic vocabulary,idiom
ASI,"""___ was saying""",saying
ASI,"""___ was saying...""",saying
ASI,"""___ was saying...""",saying
ASI,"""___ was saying...""",saying
CAME,"""I ___, I saw, I conquered""","saw,"
CAP,Maximum limit,maxim
CLICHE,Trite expression,expression
DEBATEISWHATYOU,Start of 17 Across saying,saying
EPIGRAM,Witty saying,saying
FIE,Expression of disgust,expression
IDIOM,Creative expression,expression
IDIOM,Manner or style of expression,expression
MANDERLEY,Maxim de Winter's place,maxim
NEEDLE,"Haystack hider, proverbially",proverb
ODE,Poetic expression,expression
OHO,Expression of surprise,expression
ORACLE,Wise saying or sayer,saying
POUT,Sullen expression,expression
QED,Proof expression,expression
SAWS,Proverbs,proverb
SAYING,Words of wisdom,words of wisdom
SNEER,Nasty expression,expression
THELOONYLEXICON,Dictionary for oddball sayings?,saying
TRITE,Cliche,cliche
USETOLUREDEFISH,End of saying,saying
UTMOST,Maximum,maxim
VERNACULAR,Idiom,idiom
AAH,Delighted expression,expression
ADAGE,Proverb,proverb
ADAGE,Proverb,proverb
ADAGE,Saying,saying
ADAGE,Saying,saying
ADAGES,Time-honored sayings,saying
ALAS,Expression of regret,expression
ALAS,Expression of sorrow,expression
APPLE,Proverbial preventive,proverb
ARGOT,Idiom,idiom
ASI,"""___ was saying...""",saying
ASI,"""___ was saying...""",saying
ATOZ,All-inclusive expression,expression
BROMIDES,Trite sayings,saying
EMS,Maximum limits?,maxim
FACT,Truism,truism
GORKI,Novelist Maxim,maxim
GRIN,Amused expression,expression
GRINS,"""Aw shucks"" expressions",expression
IDIOM,Turn of phrase,turn of phrase
IWAS,"""As ___ saying...""",saying
LOGIA,Religious maxims,maxim
OOLALA,Expression of delight,expression
PEN,Sword topper of adage,adage
POKERFACED,Expressionless,expression
RAT,Proverbial deserter,proverb
REDALERT,State of maximum readiness,maxim
SAW,Proverb,proverb
SAYINGS,Adages,adage
SAYINGS,Proverbs,proverb
SMILE,Cheerful expression,expression
SNEER,Contemptuous expression,expression
SPEE,WWI admiral Maximilian von ___,maxim
STONEFACED,Expressionless,expression
TRITE,Like a cliche,cliche
ULTIMATE,Maximum,maxim
ADAGE,Maxim,maxim
ADAGE,Old saying,saying
ADAGE,Old saying,saying
ADAGE,Proverb,proverb
ADAGE,Proverb,proverb
ANYWAY,"""As I was saying...""",saying
APOGEE,Point of maximum Earth-moon separation,maxim
APPLE,Proverbial preventive,proverb
ARENA,"Circus Maximus, for one",maxim
ARGOT,Specialized idiom,idiom
ASI,"""___ was saying...""",saying
ASI,"""___ was saying...""",saying
ASI,"""___ was saying...""",saying
ASI,"""___ was saying...""",saying
ATIC,Ending for idiom,idiom
ATOZ,All-inclusive expression,expression
BAH,Disgusted expression,expression
CHINCHIN,Toasting expression,expression
DEADPAN,Expressionless,expression
GLASSY,Expressionless,expression
GLEAMINONESEYES,"Knowing expression, figuratively",expression
HATS,"Jobs, idiomatically",idiom
NEWBROOMS,Clean sweepers of adage,adage
OOHS,Expressions of delight,expression
PEN,Proverbial sword beater,proverb
RAT,Proverbial deserter,proverb
SAW,Adage,adage
SAW,Words of wisdom,words of wisdom
SMIRK,Know-it-all's expression,expression
STONY,Expressionless,expression
TACITLY,Without actually saying so,saying
UGH,Disdainful expression,expression
WHEW,Expression of relief,expression
ADAGES,Maxims,maxim
ADAGES,Words of wisdom,words of wisdom
ARGOTS,Idioms,idiom
ASI,"""__ was saying...""",saying
ATBEST,Maximally,maxim
ATWO,Welk expression,expression
BROMIDE,Cliche,cliche
ECCL,Bk. after Proverbs,proverb
EMIL,Expressionist painter Nolde,expression
GLASSY,Expressionless,expression
HASTE,"Waste maker, in an adage",adage
IAL,Proverb ending,proverb
LOVEISBLIND,Age-old romantic adage,adage
MOUE,Pained expression,expression
NISSAN,Maxima maker,maxim
OHO,Expression of surprise,expression
OHO,Expression of surprise,expression
OHS,Expressions of surprise,expression
RANGE,Maximum weapon distance,maxim
RAT,Spiller of the proverbial beans,proverb
RICTUS,Gaping expression,expression
SAWS,Maxims,maxim
SAWS,Proverbs,proverb
SAWS,Proverbs,proverb
SAYINGS,Maxims,maxim
SKY,"The limit, proverbially",proverb
SNEER,Villain's expression,expression
SNEERS,Contemptuous expressions,expression
SPEE,WWI naval officer Maximilian von ___,maxim
STARE,Dumbfounded expression,expression
TOPDOLLAR,The maximum price,maxim
TRITE,Cliched,cliche
TRUISM,Cliche,cliche
WHEW,Expression of relief,expression
WISDOMS,Proverbs,proverb
ADAGE,Old saying,saying
ADAGE,Proverb,proverb
ADAGE,Saying with meaning,saying
ADAGES,Proverbs,proverb
ALAS,Expression of sorrow,expression
ALAS,Expression of sorrow,expression
ARGOT,Specialized idiom,idiom
ARGOT,Specialized idiom,idiom
ASI,"""__ was saying...""",saying
ASI,"""___ was saying...""",saying
ELIDING,"Saying ""somethin',"" e.g.",saying
EMIL,German expressionist Nolde,expression
FLATOUT,At maximum speed,maxim
GORKI,Russian novelist Maxim,maxim
GRIN,Cheshire Cat's expression,expression
GRINS,"""Silly"" expressions",expression
IAL,Proverb ending,proverb
IHEAR,"""People are saying...""",saying
ILIKEYOU,Expression of fondness,expression
LIBERALARGOTS,Left-wing idioms?,idiom
LOGIA,Religious maxims,maxim
MAN,"With 59-Across, expression of surprise",expression
MOUE,Pained expression,expression
NEEDLE,Proverbial haystack hider,proverb
NISSANS,Maxima and Sentra,maxim
OLDSAW,Saying,saying
OOHS,Impressed expressions,expression
OWS,Pained expressions,expression
PEN,"Sword's superior, in a saying",saying
TSK,Expression of disapproval,expression
TUSH,Expression of disdain,expression
WINCE,Pained expression,expression
ADAGES,Memorable sayings,saying
CLOSET,"Skeleton's place, idiomatically",idiom
COLLEGETRY,"""Old"" maximum effort",maxim
FULLHEADOFSTEAM,Maximum momentum,maxim
HARDOFHEARING,"Saying ""What?,"" maybe",saying
HATS,"Jobs, idiomatically",idiom
IAL,Proverb closer,proverb
LEVELBEST,Maximum effort,maxim
LIKE,"Saying, in teenspeak",saying
ODDS,"Expressions ending in ""to one,"" e.g.",expression
OOHS,Amazed expressions,expression
OUCH,Pained expression,expression
SAW,Adage,adage
SEXES,Proverbial battlers,proverb
SNEER,Villain's expression,expression
THEYOLKISONME,Egg-on-one's-face saying?,saying
UGH,Expression of distaste,expression
ADAGE,Proverb,proverb
ADAGE,Saying,saying
ADAGE,Words of wisdom,words of wisdom
AHA,Expression of discovery,expression
AMI,"""What __ saying?""",saying
APOGEE,Point of maximum Earth-moon separation,maxim
ARGOT,Specialized idiom,idiom
ASI,"""__ was saying ...""",saying
CLICHE,Overused expression,expression
COOL,Like the proverbial cucumber,proverb
DRABS,"Small amounts, idiomatically",idiom
ECCLES,Proverbs follower: Abbr.,proverb
FRO,"Away, idiomatically",idiom
GRAY,"Ambiguous, idiomatically",idiom
GRINS,Impish expressions,expression
HATS,"Roles, idiomatically",idiom
IAL,Ending with adverb or proverb,proverb
IAL,Proverb ending?,proverb
IDIOM,Expression that doesn't translate literally,expression
IMPLY,Say without really saying,saying
INAFIX,Up the proverbial creek,proverb
LEVER,"Seesaw, essentially","saw,"
LOVEISBLIND,Romantic saying,saying
OLDDOG,Proverbial learning-disabled one,proverb
PAH,Expression of disgust,expression
PEN,Sword beater of adage,adage
SEXES,Proverbial battlers,proverb
SNEER,Derisive expression,expression
TERM,Expression,expression
THERE,Half a sympathetic expression,expression
THERE,"When repeated, a calming expression",expression
ADAGE,Saying to remember,saying
ANTS,Idiomatic pants inhabitants,idiom
ARGOTS,Idioms,idiom
ATBEST,Maximally,maxim
ATIC,Idiom ending?,idiom
ATIC,Idiom ending?,idiom
ATOZ,Expression of inclusiveness,expression
BENJAMINFRANKLIN,"Born 1/17/1706, publisher of the maxim",maxim
ECCL,Bk. after Proverbs,proverb
EHS,Confused expressions,expression
ENEMYS,"""Better a friend's bite than an __ caress"": Danish proverb",proverb
GOODDAY,Meeting or parting expression,expression
GORKI,Russian novelist Maxim,maxim
HATS,"Roles, idiomatically",idiom
IFAT,Start of an encouraging adage,adage
IHEAR,"""People are saying ...""",saying
LETITBE,"Beatles title words following ""Speaking words of wisdom""",words of wisdom
LIMIT,Maximum,maxim
MAXIMS,Adages,adage
MOUE,Pouty expression,expression
NEEDLE,Proverbial haystack hider,proverb
NEWBROOMS,Proverbial sweepers,proverb
ORSO,Ballpark expression,expression
POORRICHARDS,"With 108-Across, periodical in which the maxim appeared",maxim
POUT,Passive-aggressive expression,expression
ROME,Home of the Circus Maximus,maxim
SAW,Adage,adage
SAWS,Pithy sayings,saying
SAYING,Proverb,proverb
SCOWL,Displeased expression,expression
SECRETIF,"Maxim, part 2",maxim
SIL,Start of a pleasing expression?,expression
SNEER,Expression of contempt,expression
THREEMAYKEEPA,Start of a maxim published in 1735,maxim
THUNDER,"Stolen ideas, idiomatically",idiom
TOERR,Adage opening,adage
TWOOFTHEMAREDEAD,End of the maxim,maxim
UTMOST,Maximum,maxim
WOLF,Idiomatic sheep's clothing wearer,idiom
WORRY,"It ""often gives a small thing a big shadow"": old proverb",proverb
ADAGE,Proverb,proverb
ADAGE,Traditional truism,truism
ADAGES,Memorable sayings,saying
ALIKE,Describing the proverbial two peas,proverb
ARGOT,Specialized idiom,idiom
ASBESTASONECAN,With maximum effort,maxim
BIRDINTHEHAND,Proverbial sure thing,proverb
CRASSEST,Maximally unrefined,maxim
GLASSY,__-eyed: expressionless,expression
HASTE,Proverbial waste maker,proverb
HINTING,Not exactly saying,saying
IAL,Proverb suffix,proverb
IMHO,"""I'm just saying ...,"" in a chat room",saying
INTERNETSLANG,High-tech idiom,idiom
LEST,"""Don't be sweet, __ you be eaten up"": start of a Jewish proverb",proverb
LIMIT,Establish a maximum for,maxim
MAXIMS,Wise sayings,saying
MENTO,"""It is unbecoming for young __ utter maxims"": Aristotle",maxim
MOSSY,Unlike the proverbial rolling stone,proverb
MOUES,Pouty expressions,expression
NISSAN,Maxima maker,maxim
OLDDOG,Proverbial fogy,proverb
ONAIR,"Elatedly, in an idiom",idiom
PEN,Proverbial sword beater,proverb
REDRAW,"Change, as a cartoon expression",expression
SCOWL,Sourpuss's expression,expression
SEXES,Proverbial battlers,proverb
SIMILES,Like expressions?,expression
THEBUSH,"End of an idiom meaning ""speaks evasively,"" whose beginning can be found around this answer",idiom
THEORYY,McGregor philosophy aimed at maximizing worker creativity,maxim
AAH,Relieved expression,expression
ADAGE,Maxim,maxim
ADAGE,Old saying,saying
AGE,Progress toward maximum drinkability,maxim
AINT,Kids may be corrected for saying it,saying
ASI,"""__ was saying ...""",saying
ECCL,Bk. after Proverbs,proverb
ECCL,Bk. after Proverbs,proverb
ERNIE,"Banks famous for saying ""Let's play two!""",saying
EXTREMA,"Minima and maxima, in math",maxim
IAL,Proverb ending,proverb
LETITBE,"Beatles title lyrics after ""Whisper words of wisdom""",words of wisdom
NAE,"""An auld knave's __ bairn"": Scottish proverb",proverb
RATS,Proverbial racers,proverb
REPENTATLEISURE,"Atone for a hasty marriage, in an old saying",saying
SAW,Maxim,maxim
SAWS,Maxims,maxim
SEXES,Proverbial battlers,proverb
SUTRA,Brahman maxim,maxim
TACITLY,Without actually saying so,saying
TIP,Proverbial iceberg part,proverb
UTTERER,One just saying,saying
AAH,Expression of satisfaction,expression
APOGEE,Point of maximum Earth-moon separation,maxim
ASI,"""__ was saying ...""",saying
BANE,Proverbial thorn,proverb
CITYHALL,"You can't fight it, in a saying",saying
CLICHE,Overused expression,expression
EARLYBIRD,Proverbial worm catcher,proverb
ECCLES,Proverbs follower: Abbr.,proverb
ESSAY,"""A literary device for saying almost everything about almost anything"": Huxley",saying
HIGHWATER,Tidal maximum,maxim
IAL,Proverb ending?,proverb
IMHO,"Chat room ""I'm just saying ...""",saying
LENOLIMIT,Maximum tolerance for a stand-up comic's jokes?,maxim
LIMIT,Betting maximum,maxim
MAXIMS,Adages,adage
MMECURIE,"Radium discoverer born in Warsaw, Pol.","saw,"
MOUE,Pouty expression,expression
OLDSAW,Familiar adage,adage
POUT,Protruded-lip expression,expression
SILENCEISGOLDEN,Apt adage for this puzzle,adage
SKY,"Limit, in a saying",saying
ATMOST,Maximally,maxim
CLICHE,Stale expression,expression
CLICHE,Trite expression,expression
ECCLES,Bk. after Proverbs,proverb
GRIMACE,Pained expression,expression
GRIN,Ear-to-ear expression,expression
HEALTHYSELF,Proverbial advice to a physician,proverb
HILT,Maximum degree,maxim
MAXIM,Saying,saying
NISSAN,Maxima maker,maxim
PEN,Proverbial sword beater,proverb
PIPER,Proverbial payee,proverb
PITHYPRINCIPLE,Maxim,maxim
SAW,Familiar saying,saying
SAW,Pithy saying,saying
SILENCEISGOLDEN,"Proverb for overwrought parents, and a hint to both ends of 17-, 23-, 47- and 56-Across",proverb
THELASTSTRAW,Proverbial backbreaker for a camel,proverb
THERE,"When repeated, consoling expression",expression
TOOL,"Saw, e.g.","saw,"
WASTENOT,Start of an adage about economy,adage
ALLSORTS,"What it takes, in an inclusive idiom",idiom
ASI,"""__ was saying ...""",saying
ATIC,Idiom ending?,idiom
BEKINDTOUDDERS,Dairy farm proverb?,proverb
DRABS,"Little pieces, idiomatically",idiom
ECCLES,Bk. after Proverbs,proverb
EGON,Austrian expressionist Schiele,expression
FULLBLAST,(At) maximum capacity,maxim
HASTE,Proverbial waste maker,proverb
HATS,"Jobs, idiomatically",idiom
IFTHESHOEFITS,"Abridged maxim about accepting an apt description, and a hint to this puzzle's theme found in 20-, 34- and 40-Across",maxim
IWAS,"""As __ saying ...""",saying
MOUTHS,Goes without saying?,saying
PEN,Proverbial sword beater,proverb
POT,Proverbial kettle critic,proverb
RATS,Proverbial sinking ship deserters,proverb
SEXES,Proverbial battlers,proverb
SNEER,Scornful expression,expression
SNEER,Unsettling expression,expression
SPEE,WWI admiral Maximilian von ___,maxim
STONY,Expressionless,expression
TOERISHUMAN,"""Pauses are normal"" adage?",adage
TSK,Expression of disappointment,expression
TUSH,Expression of disdain,expression
WINCE,Pained expression,expression
ADAGE,Maxim,maxim
ADAGE,Proverb,proverb
ARGOT,Specialized idiom,idiom
ASI,"""__ was saying ...""",saying
ATMOST,Maximally,maxim
BARN,Proverbial equine escape site,proverb
ECCL,Bk. after Proverbs,proverb
HELLORHIGHWAWA,"Dire circumstance, idiomatically?",idiom
HERD,"Do the impossible with cats, proverbially",proverb
LOOKMA,Showing-off expression,expression
MUM,"The word, as suggested by the saying formed by the ends of this puzzle's four longest answers",saying
OCCAM,"William of __, known for his ""razor"" maxim",maxim
REDUNDANT,"Saying ""You can say that again!"" again, say",saying
ROD,"Thing to spare, in an adage",adage
SCOWL,Tough guy's expression,expression
SIMILE,"Idiom with ""as"" in the middle",idiom
SNEERS,Expressions of mockery,expression
SOWSEAR,"Hardly silk purse material, in an idiom",idiom
SQUAREPEG,"*Nonconformist, idiomatically",idiom
TUTS,Expressions of disapproval,expression
ADAGE,Maxim,maxim
ADAGE,Saying to remember,saying
APIT,"""Whoso diggeth __ shall fall therein"": Proverbs",proverb
DARTS,The maximum score with three of them is 180,maxim
EMIL,Expressionist Nolde,expression
EMS,Maximum trio?,maxim
FREELUNCH,Proverbial nonexistent meal,proverb
GRIN,Alfred E. Neuman expression,expression
HASTE,Proverbial waste maker,proverb
IDLEHANDS,"Devil's tools, proverbially",proverb
IMHO,"Online ""Just saying""",saying
IVEGOTYOUCOVERED,Blanket expression?,expression
NAE,"""__ wind, __ rain--__ golf!"": Scottish adage",adage
OOHS,Expressions of wonder,expression
PUTT,"""Drive for show, __ for dough"": golf adage",adage
SILVER,"With 47-Down, proverbial cloud feature, and a hint to the starts of 18-, 23-, 35-, 50- and 57-Across",proverb
THELASTSTRAW,Proverbial backbreaker,proverb
TIMEANDTIDE,"Proverbially, they wait for no one",proverb
VISAGE,Facial expression,expression
ACTINGOUT,Traumatic expression,expression
ADAGE,Traditional saying,saying
ALLTHATGLITTERS,Proverbial pyrite?,proverb
BIRDSOFAFEATHER,Proverbial flying companions?,proverb
EAGER,Like the idiomatic beaver,idiom
EGAD,Quaint expression of surprise,expression
EVILMAN,"One ""trapped by his sinful talk,"" in Proverbs",proverb
GOODINTENTIONS,Proverbial pavers?,proverb
HEWHOHESITATES,Proverbial loser?,proverb
HILT,Maximum degree,maxim
JONESES,Idiomatic trendsetters,idiom
NEIMAN,Expressionist painter LeRoy,expression
SNEER,Derisive expression,expression
SNEER,Nasty expression,expression
TENET,Maxim,maxim
VENTUREFOURTH,Follow the proverbial crowd?,proverb
WASTENOT,Start of a green adage,adage
ADAGES,Traditional sayings,saying
ADAGES,Words of wisdom,words of wisdom
AHS,Expressions of pleasure,expression
ARGOTS,Specialized idioms,idiom
AXIOM,Saying that often goes without saying,saying
COY,"Like one saying ""Moi?""",saying
ELIDING,"Saying ""somethin',"" say",saying
ENSOR,Belgian expressionist James,expression
GEE,Awe-full expression?,expression
HINTERS,"Ones saying ""warmer,"" perhaps",saying
MOUE,Pouty expression,expression
MUNDI,"World, in a Latin saying",saying
NEPHEW,One saying uncle?,saying
OLDSAW,Familiar adage,adage
POKERFACE,Hard-to-read expression,expression
POUT,Protruding-lip expression,expression
SAWS,Proverbs,proverb
SAWS,Words of wisdom,words of wisdom
SAYING,Adage,adage
SCOWL,Sourpuss' expression,expression
SIMILES,Like expressions?,expression
STRAW,Proverbial reason for a break?,proverb
VOICE,Give expression to,expression
ADAGE,Proverb,proverb
ASI,"""__ was saying ... """,saying
CLICHES,Played-out sayings,saying
GLASS,Proverbially exposed place,proverb
GRIMACE,Pained expression,expression
HAND,Expression of appreciation,expression
IAL,Proverb ending?,proverb
ITSALMOSTAGIVEN,"""Pretty much goes without saying""",saying
LETITBE,"Beatles title after ""Speaking words of wisdom""",words of wisdom
OOHSANDAAHS,Expressions of delight,expression
PEAK,Maximum,maxim
RAT,Proverbial deserter,proverb
SAYING,Adage,adage
SNEER,Expression of disdain,expression
STRAW,Proverbial backbreaker,proverb
TGIF,Expression of pre-weekend gratitude,expression
TIDIEST,Like the maximum sum,maxim
ADAGE,Maxim,maxim
AESOP,"One of his stories is the source of the ""sour grapes"" idiom",idiom
ARGOTS,Specialized idioms,idiom
AWAIST,"With 22- and 126-Across, saying about the difficulty of dieting?",saying
AXIOM,Truism,truism
CHARM,"Third time, proverbially",proverb
DRABS,Idiomatic bits,idiom
EARS,"Little pitchers have big ones, per an old maxim",maxim
HASTE,"Waste maker, per a proverb",proverb
LAMENT,Expression of woe,expression
LAMPPOST,Part of a proverbial secretive trio,proverb
LIMIT,Maximum,maxim
OPPOSITESATTRACT,Maxim that applies to pairs hiding together in the answers to starred clues,maxim
PROVERB,Words of wisdom,words of wisdom
RATIO,Probability expression,expression
RUMORIS,"""People are saying ... """,saying
SLYGRIN,Con man's expression,expression
SMILE,Happy expression,expression
SNEERS,Snarky expressions,expression
TAKEAPOWDER,Cosmetologist's expression for hastily exiting?,expression
THATHURTS,"Pained expression, and a hint to two cries hidden in each answer to a starred clue",expression
TIMEWOUNDSALLHEELS,Proverb about creeps getting their just deserts?,proverb
TURNOFPHRASE,"""Nice"" expression ... and a hint to the answers to starred clues",expression
VISAGE,Facial expression,expression
WHERETHERESAWILL,*Nero Wolfe title that plays on the start of an old adage,adage
AGAINST,Saying nay to,saying
APOLOGY,Expression of regret,expression
ASI,"""__ was saying ... """,saying
ASKEDALOT,Demanded maximum effort,maxim
AXIOM,Truism,truism
BANG,"Value for your money, idiomatically",idiom
BOAT,"Circumstances, idiomatically",idiom
COINER,Expression maker,expression
DEWIEST,Maximally moist,maxim
ECCL,Bk. after Proverbs,proverb
EGON,Austrian expressionist Schiele,expression
ELIDE,"Leave out, as the ""g"" when saying ""sayin'""",saying
EMIL,Expressionist painter Nolde,expression
GAGLAW,Expression suppression,expression
HASTE,Proverbial waste maker,proverb
HILT,To the __: maximally,maxim
ITI,"""What was __ was saying?""",saying
LITERAL,Unlike idioms,idiom
NOI,Proverbial team feature?,proverb
ONALOG,"Bump's place, idiomatically",idiom
POKERFACE,*Gambler's stoic expression,expression
SAW,Adage,adage
SHUSHING,"Saying ""Quiet!"" to",saying
SOWSEAR,"Low-quality material, idiomatically",idiom
THATSTHEWAYTHE,"With 48-Across, ""sweet"" expression about consequences",expression
TOERR,Start of an adage about humanity,adage
TOOL,"Saw, for one","saw,"
WASTENOTWANTNOT,Maxim about frugality,maxim
YOUCANTHAVEYOUR,"With 58-Across, ""sweet"" expression about consequences",expression
ADAGE,Maxim,maxim
ADAGE,Saying,saying
ADAGES,"Sayings like ""Haste makes waste""",saying
ASLIP,"""There's many __ 'twixt the cup and the lip"": old proverb",proverb
ASTHEYSAY,According to the proverb,proverb
ASTITCHINTIME,"Preemptive action, proverbially",proverb
BITEOFF,"Attempt ""more than one can chew,"" in an idiom",idiom
BROMIDE,Trite saying,saying
EMIL,Expressionist painter Nolde,expression
ENSOR,Belgian expressionist James,expression
INAPOKE,Where to find an idiomatic pig,idiom
IYAM,Start of Popeye's existential maxim,maxim
LETITBE,"The Beatles' ""words of wisdom""",words of wisdom
LOCALS,"Romans, in a proverb",proverb
MAXIM,Proverb,proverb
MOSS,What some proverbial stones don't gather,proverb
NTH,Maximum,maxim
OLD,"With 53-Down, maxim",maxim
OLDSAW,Familiar saying,saying
OLDSAW,Maxim,maxim
POKE,"Sack holding a pig, in an old idiom",idiom
PPP,"Maximally soft, in music",maxim
SAWS,Words of wisdom,words of wisdom
SMILE,Expression shared by the answers to starred clues,expression
SPEAKNOEVIL,End of a proverb embodied by three monkeys,proverb
AGE,"It precedes beauty, per a saying",saying
ANTI,Naysaying,saying
BITEYOURTONGUE,Refrain from saying something unpleasant,saying
BROMIDE,Trite saying,saying
CLICHES,Trite expressions,expression
DRAGTHROUGH,"Subject to, as the proverbial mud",proverb
EMIL,Expressionist painter Nolde,expression
FREELUNCH,Proverbial nonexistent meal,proverb
GAPE,"""Um, what?"" expression",expression
HAHS,Expressions of skepticism,expression
HIGHGEAR,A condition of maximum activity,maxim
ITEM,One of an express lane's 15 maximum,maxim
IWAS,"""As __ saying ... """,saying
KNIGHTCAP,*Maximum number of jousters allowed in a Ren faire tournament?,maxim
LOVEISBLIND,Age-old romantic adage,adage
MAXIM,Pithy saying,saying
OLDSAWS,Adages,adage
ROTHKO,Abstract expressionist Mark,expression
SAWS,Maxims,maxim
SNEERS,Villainous expressions,expression
SPICEOFLIFE,"Variety, idiomatically, with ""the""",idiom
SPILT,"Word in a ""What's done is done"" proverb",proverb
STRAW,Proverbial camel's backbreaker,proverb
VISAGE,Facial expression,expression
WORDONTHESTREET,What people are saying,saying
ABC,"It can replace ""pie"" in an idiom",idiom
ADAGE,Words of wisdom,words of wisdom
ANTI,"One saying ""Don't do it!""",saying
APPLEOFMYI,Affectionate idiom that originally referred to a pupil,idiom
AXIOM,Truism,truism
EMS,Maximum borders?,maxim
ENSOR,Belgian expressionist James,expression
ESL,Course concerned with idioms: Abbr.,idiom
FWIW,"""Just saying,"" in 66-Across",saying
GLASSY,Expressionless,expression
GORKI,Berlin's Maxim __ Theater,maxim
GOTUPEARLY,Arose to catch the proverbial worm,proverb
GRIMACE,Pained expression,expression
HASTE,Proverbial waste maker,proverb
HILT,To the __: maximally,maxim
IDEALS,Sometimes unattainable maxima,maxim
INDIGNANT,"Like one saying ""Well, I never!""",saying
LOB,__ wedge: golf club with maximum loft,maxim
OHO,Expression of recognition,expression
OUCH,Pained expression,expression
SMILE,Welcoming expression,expression
STARTREKII,"Movie in which Ricardo Montalban says, ""Kirk, my old friend, do you know the Klingon proverb  ... 'Revenge is a dish best served cold'?""",proverb
STICKS,Proverbial bone breakers,proverb
TOOBADSOSAD,Expression of mock sympathy,expression
TROPE,Figurative expression,expression
VEIN,Style of expression,expression
ADAGE,Pithy saying,saying
ANYHOW,"""As I was saying ... """,saying
AXIOM,Truism,truism
BUNDLEUP,"Response to someone saying 65-Down, perhaps",saying
CAP,Maximum,maxim
CLOSETED,Like idiomatic skeletons,idiom
DEBTCEILING,Maximum a country can borrow,maxim
EARLYTOBED,Start of a proverb for which Ben Franklin is credited,proverb
ECCL,Bk. after Proverbs,proverb
ECHO,"Amazon gadget activated by saying ""Alexa""",saying
FLOORIT,Request for maximum speed,maxim
HERD,"Do the impossible with cats, proverbially",proverb
IAL,Proverb ending?,proverb
ITSALLNOISE,"""They're not saying anything worth listening to""",saying
NOCALL,"With 44-Down, expression describing an absence without leave",expression
NOMUSS,"With 22-Down, idiom meaning ""easy peasy""",idiom
RATIO,Probability expression,expression
SAW,Adage,adage
SAWS,Maxims,maxim
SAWS,Proverbs,proverb
SELFLESSNESS,Altruism,truism
SHOE,"First thing lost in the ""For Want of a Nail"" proverb",proverb
SNEER,Draco Malfoy's trademark expression,expression
TABLESAWS,Put off repeating some old sayings?,saying
TACITURN,Saying little,saying
THANKSALOT,Real or faux expression of gratitude,expression
TOERR,Start of an adage about humanity,adage
TRITE,"Overused, as an expression",expression
WISDOM,Subject of the Book of Proverbs,proverb
ASIF,Skeptical expression,expression
AXIOM,Truism,truism
DIOSMIO,Spanish expression of shock,expression
ECCL,OT book after Proverbs,proverb
EYEROLLS,Exasperated expressions,expression
IGOTNOTHIN,Blank expression?,expression
IRISHISMS,Idioms used on the Emerald Isle,idiom
ISIT,Skeptical expression,expression
LOWERCASEDISMISSED,"""The copy editor says this needs a capital letter,"" or a judge saying ""Not enough evidence"" in a bass-baritone?",saying
MUM,Not saying anything,saying
ONCE,"""... cut __"": end of a carpentry maxim",maxim
PROVERB,Biblical saying,saying
PROVERB,Words of wisdom,words of wisdom
RYE,Part of an idiomatic pocketful,idiom
SAW,Proverb,proverb
TAMEST,Maximally vanilla,maxim
ADAGE,Pithy saying,saying
ADAGECAMPAIGN,Political strategy that relies on folksy sayings?,saying
AFEWCHOICEWORDS,"Euphemism for rude expressions, and what can be found at the starts of 17-, 26-, and 48-Across",expression
AHAS,Knowing expressions?,expression
BLANK,Expressionless,expression
DUCKFACE,Puckered expression in a selfie,expression
GOSH,Gentle expression of surprise,expression
GRINS,Sly expressions,expression
IDIOM,Figurative expression,expression
IHEAR,"""Everybody's saying ... """,saying
ISTHATAYES,"""So ... you're not saying no ... ?""",saying
LIMIT,Maximum or minimum,maxim
MAXIM,Proverb,proverb
OLDSAW,Timeworn saying,saying
OMG,Short expression of surprise,expression
ROME,"Where all roads lead, proverbially",proverb
SLAP,"Expression of anger, maybe",expression
TERM,Expression,expression
TRITE,Cliche,cliche
TRITE,Like stale expressions,expression
UMBRELLATERM,"Expression that covers a broad category, or what is found at the end of the answer to each starred clue?",expression
UTMOST,Maximal,maxim
ALAS,Resigned expression,expression
ATMOST,Maximally,maxim
AXIOM,Saying that goes without saying,saying
BLURTING,"Saying impulsively, with ""out""",saying
MAKEITMAKESENSE,"""What are you even saying?""",saying
OOHAAH,Expression of awe,expression
SAW,Adage,adage
SAW,Adage,adage
SAW,Proverb,proverb
SMIRK,Self-righteous expression,expression
STALE,Cliched,cliche
TROPE,Cliched plot device,cliche
WAS,"""As I __ saying ... """,saying
RATS,Charlie Brown expression,expression
IDIDALITTLESHOPPING,"""Veni, vidi, Visa: I came, I saw, ___""","saw,"
DEADPAN,Expressionless,expression
SAYING,Adage,adage
AAH,Expression of pleasure,expression
ADAGE,Oft-quoted saying,saying
ADAGE,Old saying,saying
ADAGE,Proverb,proverb
ADAGE,Proverb,proverb
ADAGE,Wise saying,saying
ANDS,Idiomatic conditions,idiom
ASI,"""__ was saying . . .""",saying
ASI,"""__ was saying . . .""",saying
ASI,"""__ was saying . . .""",saying
ATONAL,Like some expressionistic music,expression
AXIOM,Truism,truism
FACTS,Truisms,truism
GIGO,Acronymic computer truism,truism
GNOME,Pithy saying,saying
GRIN,Ear-to-ear expression,expression
HASTE,Waste maker of adage,adage
HOLYTOLEDO,Expression of wonderment,expression
LAMENT,Expression of sorrow,expression
LAUGHLAST,"Get the better of someone, proverbially?",proverb
MOT,Bon __ (witty saying),saying
MOUE,Pouting expression,expression
SAW,Proverb,proverb
SAWS,Old sayings,saying
SEXES,Proverbial battlers,proverb
SEXES,Proverbial battlers,proverb
VILEST,Maximally mean,maxim
VISAGE,Facial expression,expression
WOW,Expression of wonderment,expression
ADAGE,Wise saying,saying
ADAGES,Words of wisdom,words of wisdom
ASI,"""__ was saying . . .""",saying
CUSSING,"Saying ""&%$#@!!""",saying
IWAS,"""As __ saying . . .""",saying
MAEWEST,"In 1974, she said, ""The things they're doing and saying in films right now just shouldn't be allowed.""",saying
MAXIM,Proverb,proverb
MITEASWELL,Expression of buggy stoicism?,expression
MOT,Witty saying,saying
OHO,Expression of realization,expression
SNEER,Disrespectful expression,expression
SNEER,Villain's expression,expression
STAFFOFLIFE,"Bread, proverbially",proverb
STONY,Expressionless,expression
STRAW,Proverbial backbreaker,proverb
STRAW,Proverbial backbreaker,proverb
THERESNOIINTEAM,Coach's maxim,maxim
WITHERINGGLANCE,Snob's expression,expression
ADAGE,Proverb,proverb
ADAGE,Proverb,proverb
ADAGE,Saying,saying
ADAGE,Time-honored truism,truism
ADAGE,Traditional saying,saying
ANA,Collected sayings,saying
ASI,"""__ was saying . . .""",saying
ASI,"""__ was saying . . .""",saying
ASI,"""__ was saying . . .""",saying
ASI,"""__ was saying . . .""",saying
BLANKEST,Most expressionless,expression
CURATED,"Oversaw, as a museum exhibit","saw,"
DOOMSDAY,Maximally calamitous,maxim
EPIGRAM,Saying,saying
EVILGRIN,Bad guy's expression,expression
FACT,Truism,truism
HOKIEST,Maximally contrived,maxim
IAL,Proverb finisher,proverb
IDIOM,Non-literal expression,expression
IWAS,"""As __ saying . . .""",saying
MAXIM,Proverb,proverb
MOTTO,Maxim,maxim
MOTTO,Maxim,maxim
NISSAN,Maxima maker,maxim
OGIMPOOPED,Expression of exhaustion,expression
POKERFACE,Expressionless one,expression
QUITEAPHEW,Expression of great relief?,expression
RATS,Charlie Brown expression,expression
SAW,Adage,adage
SAW,Maxim,maxim
TAKESTWOTOTANGO,"Dependency adage, with ""It""",adage
TERM,Expression,expression
THESHOWMUSTGOON,Actor's adage,adage
TRITELY,In a cliched manner,cliche
TRITER,More cliched,cliche
TRUISM,Maxim,maxim
TUT,Expression of disbelief,expression
WASTENOTWANTNOT,Thrifty maxim,maxim
ADAGE,Old saying,saying
AHSO,Chan expression,expression
ANA,Collected sayings,saying
ANA,Collected sayings,saying
AXIOM,Truism,truism
IWAS,"""As __ saying . . .""",saying
KNOCKONWOOD,Good-luck expression,expression
LEANEST,Maximally slender,maxim
PROVERB,Pithy saying,saying
SAW,Maxim or proverb,proverb
SAW,Proverb,proverb
SNEER,Contemptuous expression,expression
SNEER,Villain's expression,expression
TERM,Expression,expression
TRITE,"Overused, as an expression",expression
UTMOST,Maximum,maxim
ADAGE,Maxim,maxim
ADAGE,Old saying,saying
ADAGES,Wise sayings,saying
ALAS,Expression of sorrow,expression
ATTHEMOST,Maximally,maxim
BROMIDES,Trite sayings,saying
CAPS,Salary maxima,maxim
GIGO,Acronymic computer truism,truism
GORKI,Writer Maxim,maxim
IDIOM,Peculiar expression,expression
IDODECLARE,Southern belle's expression,expression
IWAS,"""As __ saying . . .""",saying
IWAS,"""As __ saying . . .""",saying
IWAS,"""As __ saying . . .""",saying
LUSHEST,Maximally opulent,maxim
PEAKS,Reaches a maximum,maxim
SAW,Old saying,saying
SAWS,Old sayings,saying
SEXES,Proverbial battlers,proverb
STYLE,Artistic expression,expression
TRITE,"Overused, as an expression",expression
UTMOST,Maximum,maxim
UTMOST,Maximum,maxim
ADAGE,Saying,saying
ADAGE,Venerable saying,saying
ADAGES,Traditional sayings,saying
APHORISM,Pithy saying,saying
ASI,"""__ was saying . . .""",saying
ATMOST,Maximally,maxim
CANOFWORMS,Proverbial problem,proverb
IAL,Ending for proverb,proverb
IWAS,"""As __ saying . . .""",saying
MOT,Pithy saying,saying
PACT,"Warsaw, for one","saw,"
POKERFACE,Bland expression,expression
SAW,Saying,saying
SAWS,Old sayings,saying
THESHOWMUSTGOON,Player's maxim,maxim
TRITE,"Overused, as an expression",expression
ADAGE,Proverb,proverb
ADAGE,Proverb,proverb
ADAGE,Traditional saying,saying
ALAS,Sorrowful saying,saying
AMEN,Expression of assent,expression
AMI,"""What __ saying?""",saying
ART,Aesthetic expression,expression
ASI,"""__ was saying . . .""",saying
CROWD,"Three, in a saying",saying
FATTED,Like the proverbial calf,proverb
IDIOM,Quaint expression,expression
LEVELBEST,Maximum effort,maxim
MOT,Clever turn of phrase,turn of phrase
MOUE,Pouting expression,expression
PEAK,Reach a maximum,maxim
POKE,Pig's proverbial place,proverb
SILENCEISGOLDEN,Maxim for the mum,maxim
SMILE,Bozo's perpetual expression,expression
SMIRK,The Joker's expression,expression
SNEER,Contemptuous expression,expression
SNEER,Displeased expression,expression
SNORT,Contemptuous expression,expression
STALE,"Tired, as an expression",expression
STONY,Expressionless,expression
STONY,Expressionless,expression
TRITE,"Overused, as expressions",expression
VISAGE,Expression,expression
VOICE,Give expression to,expression
ADAGE,Almanac saying,saying
ADAGE,Old saying,saying
ADAGE,Old saying,saying
ADAGE,Words of wisdom,words of wisdom
ADAGE,Words of wisdom,words of wisdom
ADAGES,Old sayings,saying
ADAGES,Wise sayings,saying
ANA,Collected sayings,saying
ASI,"""__ was saying . . .""",saying
ASI,"""__ was saying . . .""",saying
AXIOM,Mathematical truism,truism
BEGGAR,"Nonchooser, proverbially",proverb
CREST,Reach a maximum,maxim
CRESTED,Reached a maximum,maxim
EPIGRAM,Witty saying,saying
FACT,Truism,truism
NTH,Maximal,maxim
PEDALTOTHEMETAL,"Maximum auto acceleration, so to speak",maxim
PRICERANGE,Buyer's maximum-to-minimum,maxim
RAWEST,Maximally crude,maxim
SAW,Maxim or proverb,proverb
TRITE,"Overused, as expressions",expression
ADAGE,Old saying,saying
ADAGE,Old saying,saying
ADAGES,Old sayings,saying
ATMOST,Maximally,maxim
DOONESLEVELBEST,Make a maximal effort,maxim
ECHOING,Saying again,saying
GRIN,Cheshire cat expression,expression
IHOPE,Optimistic expression,expression
ISEE,Acknowledging expression,expression
ITERATE,Keep saying,saying
IWAS,"""As __ saying . . .""",saying
LEVER,"Seesaw, essentially","saw,"
LIMIT,Maximum speed,maxim
LOVEMELOVEMYDOG,"Saying in the ""warts and all"" spirit",saying
MOTTO,Maxim,maxim
OOPS,Post-spill expression,expression
SAW,Old saying,saying
SAWS,Old sayings,saying
SAWS,Old sayings,saying
VOTE,Expression of opinion,expression
WAS,"""As I __ saying . . .""",saying
WAS,"""As I __ saying . . .""",saying
ADAGE,Old saying,saying
ADAGE,Pithy saying,saying
ADAGES,Wise sayings,saying
ASI,"""__ was saying . . .""",saying
ASI,"""__ was saying . . .""",saying
CAP,Maximum level,maxim
EXPRESSIONS,"Idioms, for example",idiom
GLASSED,Became expressionless,expression
MOST,Maximally,maxim
ROTHKO,Abstract expressionist,expression
SMILES,Happy expressions,expression
SMIRK,Smug expression,expression
STARE,"""Blank"" expression",expression
TAT,Half a proverbial exchange,proverb
TRITE,"Overused, as expressions",expression
ADAGE,Old saying,saying
ADAGE,Words of wisdom,words of wisdom
ASI,"""__ was saying . . .""",saying
ASI,"""__ was saying . . .""",saying
COYEST,Maximally shrinking,maxim
EERIEST,Maximally uncanny,maxim
INDEED,End of a proverb on familiarity,proverb
MEASURETWICECUTONCE,Maxim of caution,maxim
MOT,Witty saying,saying
OUTOFSIGHTOUTOFMIND,Adage re absence,adage
PEAK,Reach a maximum,maxim
PRICERANGE,Buyer's maximum-to-minimum,maxim
RESPECTS,Expression of friendship,expression
SILENT,Saying nothing,saying
SNEERS,Curled-lip expressions,expression
SNEERS,Expressions of intolerance,expression
STONY,Lacking expression,expression
UGH,Expression of distaste,expression
UHOH,Expression of concern,expression
VACANTSTARE,Clueless expression,expression
ADAGE,Old saying,saying
ADAGE,Old saying,saying
ADAGE,Old saying,saying
ADAGE,Old saying,saying
ADAGES,Words of wisdom,words of wisdom
ART,Creative expression,expression
ASI,"""__ was saying . . .""",saying
ASI,"""__ was saying . . .""",saying
GIGO,Computer-maxim acronym,maxim
MOTTO,Maxim to live by,maxim
MURPHYSLAW,Pessimist's maxim,maxim
NOCAL,Diet-drink expression,expression
OHO,Expression of surprise,expression
OHO,Expression of surprise,expression
OHO,Expression of surprise,expression
ONADIME,"Immediately, in an idiom",idiom
OWS,Expressions of distress,expression
PSALMS,Proverbs preceder,proverb
SAGEADVICE,Words of wisdom,words of wisdom
SAWS,Old sayings,saying
SEXES,Proverbial battlers,proverb
SEXES,Proverbial battlers,proverb
STAFFOFLIFE,"Bread, proverbially",proverb
TENFEET,Height of a proverbial pole,proverb
TIMEISMONEY,Ben Franklin adage,adage
TSHIRTS,Modern media of self-expression,expression
UHOH,Wary expression,expression
AAH,Expression of satisfaction,expression
ADAGE,Proverb,proverb
ART,Aesthetic expression,expression
ASI,"""__ was saying  . . .""",saying
ASI,"""__ was saying  . . .""",saying
CLICHE,Overused expression,expression
COINAPHRASE,Invent an idiom,idiom
DOETH,"""A merry heart __ good like a medicine . . ."": Proverbs",proverb
EMIL,German Expressionist Nolde,expression
HILT,To the __ (maximally),maxim
IWAS,"""As __ saying . . .""",saying
KNOCKONWOOD,Good-luck expression,expression
KNOCKONWOOD,Good-luck expression,expression
LISP,"Have trouble saying ""S""",saying
MAXIM,Well-known saying,saying
MOTTO,Maxim,maxim
MOTTO,Maxim,maxim
MUM,Saying nothing,saying
PEAK,Reach a maximum,maxim
PEAK,Reach a maximum,maxim
POWERTOOL,"Circular saw, e.g.","saw,"
SAWS,Adages,adage
SCHELL,Oscar winner Maximilian,maxim
SCHELL,Oscar winner Maximilian,maxim
SEXES,Proverbial battlers,proverb
SEXES,Proverbial battlers,proverb
SEXES,Proverbial battlers,proverb
SILENT,Saying nothing,saying
SILENT,Saying nothing,saying
SILENT,Saying nothing,saying
SMIRK,Smug expression,expression
SMIRK,Smug expression,expression
SNEER,Elvis expression,expression
SNEER,Elvis expression,expression
SOUNDADVICE,Words of wisdom,words of wisdom
TGIF,Expression of relief,expression
THANKSAHEAP,Insincere expression of gratitude,expression
TOGAS,Circus Maximus attire,maxim
TOOL,"Saw, say","saw,"
YAHTZEE,"17 Across the maximum score is 1,575",maxim
ADAGE,Old saying,saying
ADAGE,Old saying,saying
ADAGE,Old saying,saying
ADAGE,Old saying,saying
ADAGE,Old saying,saying
ADAGE,Time-tested truism,truism
ADAGE,Time-tested truism,truism
ADAGE,Wise saying,saying
ADAGE,Words of wisdom,words of wisdom
ADAGE,Words of wisdom,words of wisdom
ANYPORTINASTORM,Opportunistic adage,adage
APHORISM,Maxim,maxim
APHORISM,Maxim,maxim
ART,Creative expression,expression
ASI,"""__ was saying . . .""",saying
ASI,"""__ was saying . . .""",saying
ASI,"""__ was saying . . .""",saying
ATBEST,Maximally,maxim
BASEST,Maximally meanspirited,maxim
BEAMINGSMILES,Expressions of delight,expression
CASHISKING,Debt avoider's maxim,maxim
CASHISKING,Debt avoider's maxim,maxim
COINSAPHRASE,Does some idiom inventing,idiom
CREST,Reach a maximum,maxim
EPIGRAM,Witty saying,saying
GRIN,Happy expression,expression
GRIN,Sheepish expression,expression
HAND,Expression of approval,expression
IAL,Proverb ending,proverb
IAL,Suffix for proverb,proverb
IDIOM,Turn of phrase,turn of phrase
ISNT,"""Found __ stolen"" (proverb)",proverb
ISNT,"""Found __ stolen"" (proverb)",proverb
LIMIT,Angler's maximum,maxim
LIMIT,Maximum or minimum,maxim
LOVEISBLIND,Saying coined by Shakespeare,saying
LOVEISBLIND,Saying coined by Shakespeare,saying
NEVERSAYNEVER,Options-open adage,adage
PITHY,"Concise, as a saying",saying
PITHY,"Concise, as a saying",saying
STYLE,Artistic expression,expression
STYLE,Artistic expression,expression
STYLE,Creative expression,expression
TIME,"Money, proverbially",proverb
TIME,"Money, proverbially",proverb
TIME,"Money, proverbially",proverb
TIME,"Money, proverbially",proverb
TIMEISMONEY,Ben Franklin adage,adage
TIMEISMONEY,Ben Franklin adage,adage
UTMOST,Maximum effort,maxim
ADAGE,Old saying,saying
ADAGE,Old saying,saying
ADAGE,Traditional saying,saying
ASI,"""__ was saying . . .""",saying
ASI,"""__ was saying . . .""",saying
AXIOM,Truism,truism
AXIOM,Truism,truism
BETS,Expressions of confidence,expression
CLICHE,Stale expression,expression
COLDEST,Maximally unfriendly,maxim
GRIN,Expression for the sheepish,expression
IHOPENOT,Expression of wishful thinking,expression
IWAS,"""As __ saying . . .""",saying
IWAS,"""As __ saying . . .""",saying
JACCUSE,Expression of outrage against the powerful,expression
LEERS,Impolite expressions,expression
LEERS,Impolite expressions,expression
LIMIT,Place a maximum on,maxim
MOST,Maximally,maxim
MOST,Maximally,maxim
MOTTO,Maxim,maxim
PRAYER,"Saying of grace, e.g.",saying
PSALMS,Book before Proverbs,proverb
SLYGRINS,Mischievous expressions,expression
SNEER,Villain's expression,expression
SNEER,Villainous expression,expression
STONEADAGE,The old maxim about moss gathering?,maxim
STONEADAGE,The old maxim about moss gathering?,maxim
STONIEST,Maximally unfriendly,maxim
TERSE,Not saying much,saying
TERSE,Not saying much,saying
TGIF,Expression of relief,expression
ADAGE,Maxim,maxim
ADAGE,Old saying,saying
ADAGE,Old saying,saying
ADAGE,Old saying,saying
ADAGE,Proverb,proverb
ADAGE,Proverb,proverb
ADAGE,Wise saying,saying
ADAGES,Old sayings,saying
ADAGES,Old sayings,saying
AXIOM,Truism,truism
AXIOMS,Truisms,truism
DOETH,"Performs, in Proverbs",proverb
EMOTICON,Twisted expression?,expression
IAL,Ending for proverb,proverb
IAL,Suffix for proverb,proverb
IHOPE,Rosy expression,expression
IHOPESO,Expression of positive thinking,expression
IMPOSEON,"Overly exploit, as altruism",truism
IWANTIT,Expression of interest,expression
LIMIT,Maximum speed,maxim
MANYTHANKS,Expression of gratitude,expression
MARRYINHASTE,Start of a wedding proverb,proverb
MAXIM,Sage saying,saying
MEH,Expression of boredom,expression
MOTTO,Maxim,maxim
MUM,Saying nothing,saying
OLDSAW,Familiar maxim,maxim
OLDSAW,Maxim,maxim
OMG,Online expression of disbelief,expression
RUBLE,Maxim's scratch,maxim
SLANG,Idiomatic talk,idiom
SNEERS,Expressions of mockery,expression
STRAW,Proverbial backbreaker,proverb
THEMICEWILLPLAY,End of a misbehaving maxim,maxim
TOTALCOMMITMENT,Maximal effort,maxim
TRITE,"Overused, as an expression",expression
YECH,Expression of disgust,expression
ADAGE,Familiar saying,saying
ADAGE,Maxim,maxim
ADAGE,Old saying,saying
ADAGE,Old saying,saying
ADAGE,Old saying,saying
ADAGE,Old saying,saying
ADAGE,Old saying,saying
ADAGE,Old saying,saying
ADAGE,Proverb,proverb
ADAGE,Proverb,proverb
ADAGE,Wise saying,saying
ADAGE,Wise saying,saying
ADAGE,Wise saying,saying
ADAGE,Wise saying,saying
ALL,Maximum effort,maxim
ALLOUT,With maximum effort,maxim
ANT,"One to emulate, per Proverbs 6:6",proverb
BLANK,Expressionless,expression
CAP,Maximum limit,maxim
CLICHES,Overused expressions,expression
EGADANADAGE,Old-school maxim hater's cry,maxim
GRIN,Cheshire Cat's expression,expression
HEH,Expression of scorn,expression
IAL,Suffix for proverb,proverb
IDIOM,Turn of phrase,turn of phrase
IDIOM,Turn of phrase,turn of phrase
LISP,"Have trouble saying ""s""",saying
MAXIM,Wise saying,saying
OHO,Expression of surprise,expression
OLDSAW,Familiar saying,saying
OLDSAW,Familiar saying,saying
OLDSAWS,Proverbs,proverb
PETER,Idiomatic robbery victim,idiom
RANGE,Maximum distance,maxim
SAWS,Old sayings,saying
SNEER,Cynical expression,expression
TARTEST,Maximally tangy,maxim
TERSE,Not saying much,saying
THREE,Proverbial crowd,proverb
VACANTSTARE,Clueless expression,expression
WAS,"""As I __ saying . . .""",saying
ABC,Part of a simple expression,expression
ADAGE,Maxim,maxim
ALLOUT,Maximum-effort,maxim
ANT,Model of good behavior in Proverbs,proverb
ASI,"""__ was saying . . .""",saying
ASTHESAYINGGOES,"""According to an old adage . . .""",adage
CANSO,Expression of positive thinking,expression
CAP,Maximum,maxim
CROWD,"Three, proverbially",proverb
EGO,Expression of the reality principle,expression
HASTE,"Waste cause, in an adage",adage
IDIOM,Nonliteral expression,expression
ITTAKESAVILLAGE,Child-rearing proverb,proverb
KEEPS,"Ever, in an idiom",idiom
LIMIT,Maximum road speed,maxim
LIMIT,Maximum road speed,maxim
LIMIT,Maximum speed,maxim
NOFAT,Maximally lean,maxim
OATH,Expression of loyalty,expression
OLDSAW,Familiar saying,saying
PATTERN,Model expression,expression
PEN,Weapon in a maxim,maxim
POKE,Proverbial purse,proverb
POUTS,Model expressions,expression
REDSKY,Adage omen derived from Matthew 16,adage
SAW,Old adage,adage
SAYING,Proverb,proverb
SNEER,Heavy expression,expression
SNEER,Scornful expression,expression
STARE,Blank expression,expression
TALK,Proverbially cheap commodity,proverb
TERSE,Not saying much,saying
TMINUS,Expression preceding a send-up?,expression
UNTO,Proverbs preposition,proverb
YET,Expression of backpedaling,expression
ADAGE,Maxim,maxim
ADAGE,Old maxim,maxim
ADAGE,Old saying,saying
ADAGE,Old saying,saying
ADAGE,Proverb,proverb
ADAGE,Traditional saying,saying
ADAGE,Truism,truism
ALL,Maximal effort,maxim
ATLAST,Expression of relief,expression
AXIOM,Truism,truism
CROSSTHATBRIDGE,"Start of a ""be patient"" maxim",maxim
GAME,"Saying ""I'm down for that""",saying
GLAZY,"Expressionless, as a stare",expression
GRIN,Friendly expression,expression
IDIOM,Nonliteral expression,expression
MAXIM,Adage,adage
MAXIM,Old saying,saying
NATCH,"""That goes without saying!""",saying
NOCAL,Maximally lite,maxim
OLDSAW,Saying for a long time,saying
ONEGOODTURN,"Initial favor, in a saying",saying
OOHS,Expressions of awe,expression
PASTTENSE,"Saw, for instance","saw,"
PEAK,Maximal height,maxim
POKE,Pig's proverbial place,proverb
SAYING,Proverb,proverb
SNEER,Scornful expression,expression
SNEER,Scornful expression,expression
SNEER,Scornful expression,expression
SNEER,Villainous expression,expression
STONY,"Expressionless, as a stare",expression
STYLE,Creative expression,expression
UHOH,Expression of impending trouble,expression
UNTO,Proverbs preposition,proverb
UTMOST,Maximum effort,maxim
WRATH,"""A soft answer turneth away __"": Proverbs",proverb
ADAGE,Maxim,maxim
ADAGE,Maxim,maxim
ADAGE,Maxim,maxim
ADAGE,Maxim,maxim
ADAGE,Old saying,saying
ADAGE,Old saying,saying
ADAGE,Traditional saying,saying
ADAGE,Wise saying,saying
ADAGE,Wise saying,saying
ALAS,Expression of concern,expression
ANTHEM,Expression of patriotism,expression
ARTS,Creative expressions,expression
CLICHE,Trite saying,saying
ECCL,Bk. after Proverbs,proverb
FINDERS,Start of an acquisition adage,adage
GEE,Expression of awe,expression
GOSH,Expression of surprise,expression
GRIN,"""Silly"" expression",expression
GRIN,Pleased expression,expression
GRIN,Prankster's expression,expression
GRINS,Expressions of amusement,expression
HOMEATLAST,Journey's-end expression,expression
IWAS,"""As __ saying . . .""",saying
LEER,Impolite expression,expression
LONGEST,Maximally protracted,maxim
MEANEST,Maximally hostile,maxim
MODES,Stylistic expressions,expression
NINE,End of a think-ahead adage,adage
NINE,End of an early-dealing maxim,maxim
ODE,Expression of enthusiastic emotion,expression
OHNO,Expression of dread,expression
OLDDOGS,Proverbial nonlearners,proverb
POINTB,Idiomatic journey's end,idiom
RAPT,Maximally attentive,maxim
SECONDRULE,Five-__ (maxim re dropped food),maxim
SKITTLES,Beer's idiomatic partner,idiom
SNEER,Displeased expression,expression
SNEER,Scornful expression,expression
SNEER,Scornful expression,expression
STARES,"""Icy"" expressions",expression
TOERR,Fallibility adage starter,adage
TOPSPEED,Maximum velocity,maxim
TWOSCOMPANY,"Start of a ""crowd"" maxim",maxim
WINCE,Pained expression,expression
ADAGE,Instructive saying,saying
ADAGE,Maxim,maxim
ADAGE,Old saying,saying
ADAGE,Traditional saying,saying
ADAGES,Maxims,maxim
ADAGES,Old sayings,saying
ADAGES,Old sayings,saying
ARGOT,Specialized idiom,idiom
ASI,"""__ was saying . . .""",saying
BYWORD,Proverb,proverb
EPIGRAM,Pithy saying,saying
ETAT,End of a rebellious idiom,idiom
FULLBORE,At maximum speed,maxim
GLASSY,Expressionless,expression
HOTSEAT,"Idiom similar to ""pressure cooker""",idiom
IDIOM,Nonliteral expression,expression
LAUGH,Expression of mirth,expression
LIMIT,Maximum road speed,maxim
MAXIM,Wise saying,saying
MUM,Not saying anything,saying
MUM,Saying nothing,saying
MUM,Saying nothing,saying
MYBODYISATEMPLE,Fitness buff's maxim,maxim
PEAKS,Reaches the maximum,maxim
RINGGRIN,New boxing champ's expression,expression
ROPIEST,Maximally muscular,maxim
SEEING,"Start of a ""show me"" maxim",maxim
SMARTEST,Maximally stylish,maxim
SNEER,Evil expression,expression
SNEER,Unpleasant expression,expression
SUTRA,Hindu maxims,maxim
TGIF,Expression uttered weekly,expression
TIME,Idiomatic marcher,idiom
TODAY,Second word of an ephemerality adage,adage
TRITE,"Overly used, as expressions",expression
UNTO,"Toward, in Proverbs",proverb
USEIT,Start of a fitness maxim,maxim
WISESAYING,Proverb or maxim,proverb
WORM,Reward in a maxim,maxim
ADAGE,Old saying,saying
ADAGE,Pithy saying,saying
ADAGE,Wise saying,saying
ADAGES,Words of wisdom,words of wisdom
AHA,Expression of surprise,expression
ANTES,Tangible expressions of participation,expression
ASI,"""__ was saying . . .""",saying
CAP,Maximum limit,maxim
CLICHE,Overused saying,saying
CLICHE,Trite saying,saying
CRAW,Idiomatic sticking point,idiom
DOG,Proverbial best friend,proverb
ELISION,"Saying ""I dunno,"" say",saying
ESSAYS,Expressions of arguments,expression
FAITH,Proverbial mountain mover,proverb
FULL,At maximum capacity,maxim
GEE,Expression of surprise,expression
GEE,Wonder-full expression,expression
GRIN,Pleased expression,expression
IHEARD,"""People are saying . . .""",saying
ISHOT,End of an opportunistic adage,adage
LACONIC,Not saying much,saying
LAUGH,Expression of amusement,expression
MONEY,Proverbial talker,proverb
MOTTO,Maxim to live by,maxim
ODDEST,Maximally atypical,maxim
OLDSAW,Familiar saying,saying
OMNISCIENT,Maximally wise,maxim
OOH,Expression of disbelief,expression
PIPER,Proverbial payee,proverb
PRECEPT,Maxim,maxim
PSALMS,Book before Proverbs,proverb
RIBBIT,Amphibian expression,expression
SEVEN,Maximum World Series game count,maxim
SILENT,Saying nothing,saying
SIXTEENPOUNDS,Maximum weight for a pro bowler's ball,maxim
SLYEST,Maximally wily,maxim
SMILE,Selfie expression,expression
SNEER,Twisted expression,expression
SNEER,Villain's expression,expression
SNORER,"One saying ""SKNXX-X!""",saying
STRAIGHTFACE,"Deadpan expression [poker, many]",expression
STYLE,Artistic expression,expression
STYLES,Artistic expressions,expression
TERSE,Saying few words,saying
TERSE,Saying little,saying
THENOBLESTARTISTHATOF,"With 63 Across, Barnum proverb",proverb
THROUGHPUT,Maximum production rate,maxim
TIT,Proverbial retribution,proverb
TWEETUNTOOTHERS,Start of a updated auric adage,adage
ULT,Maximum: Abbr.,maxim
WASTE,Proverbial result of 28 Across,proverb
WHENINROME,Start of a conformist maxim,maxim
ADAGE,Old maxim,maxim
ADAGE,Old maxim,maxim
ADAGE,Old maxim,maxim
ADAGE,Old saying,saying
ADAGE,Pithy saying,saying
ADAGE,Traditional maxim,maxim
ADAGE,Wise maxim,maxim
ADAGE,Wise saying,saying
ADAGES,Time-honored sayings,saying
ADAGES,Wise sayings,saying
AHA,Expression of discovery,expression
ASI,"""__ was saying . . .""",saying
ATMOST,Maximally,maxim
AVEMARIAS,Expressions of atonement,expression
BROMIDE,Trite saying,saying
CLOUDNINE,Expression of ecstasy,expression
COYEST,Maximally modest,maxim
CRAW,"Stomach, in a ""sticky"" idiom",idiom
CREST,Reach a maximum,maxim
DOUGHNUTAND,"End of adage, part 2",adage
ENDS,"They justify the means, in a saying",saying
IMFORIT,Expression of support,expression
LENGTHS,"Effort, in an idiom",idiom
LIMIT,Maximum or minimum,maxim
LIMIT,Maximum speed on a road,maxim
LOOK,Your expression,expression
MODES,Stylistic expressions,expression
MOST,Maximally,maxim
NEATEST,Maximally readable,maxim
NEER,"""Sour grapes can __ make sweet wine"" (English proverb)",proverb
NOTUPONTHEHOLE,"End of adage, part 3",adage
OOH,Expression of titillation,expression
SILENT,Saying nothing,saying
SNEER,Villainous expression,expression
SRO,Maximally crowded into a class,maxim
STYLE,Expression of fashion,expression
THEMOST,Maximally,maxim
TRIBALMASK,Expression of ancestor worship worldwide,expression
TWICESHY,End of an experiential adage,adage
YOUREYEUPONTHE,"End of the adage ""Whatever be your goal, keep . . ."", part 1",adage
ADAGE,Oft-quoted saying,saying
ADAGE,Old maxim,maxim
ADAGE,Old maxim,maxim
ADAGE,Pithy saying,saying
AID,Altruism accomplished,truism
ALL,Maximum effort,maxim
APEX,Maximal ascendancy,maxim
ARTS,Creative expressions,expression
ASI,"""__ was saying . . .""",saying
ASI,"""__ was saying . . .""",saying
ASI,"""__ was saying . . .""",saying
CAP,Maximum level,maxim
CAP,Maximum limit,maxim
CARESSES,Expressions of love,expression
DIVINE,End of a Pope proverb,proverb
EMOTICON,Expression for your mood,expression
FACEPALM,Unspoken expression of exasperation,expression
FEELS,Expressions of intuition,expression
GASSY,"Talking a lot, saying nothing",saying
GORIGHTTOTHETOP,Reach a maximum height,maxim
GREETERS,"Ones saying ""Welcome!""",saying
HISS,Expression of hate,expression
HOKIEST,Maximally corny,maxim
IAL,Proverb ending,proverb
IAL,Suffix for proverb or potent,proverb
IHEAR,"""People are saying . . .""",saying
IWAS,"""As __ saying . . .""",saying
LEER,Gargoyle expression,expression
LEVER,"Seesaw, essentially","saw,"
OHMY,Expression of surprise,expression
OLDDOG,Proverbial nonlearner,proverb
OLDSAW,Familiar maxim,maxim
POUTS,Sulky expressions,expression
ROPES,"Job particulars, idiomatically",idiom
SCOWL,Angry expression,expression
SECUREST,Maximally safe,maxim
SILENT,Saying nothing,saying
SINKTOTHEBOTTOM,Reach a maximum depth,maxim
SNEER,Expression of derision,expression
SOUNDADVICE,Trustworthy words of wisdom,words of wisdom
SPILTMILK,Proverbial mishap to let go,proverb
STARE,Fixed expression,expression
STYLE,Artistic expression,expression
STYLE,Distinction of expression,expression
TRITE,"Overused, as a saying",saying
UTMOST,Maximum effort,maxim
VERBAL,Saying something,saying
WASTENOT,Frugal saying starter,saying
WINNINGSMILE,Endearing expression,expression
ADAGE,Old maxim,maxim
ADAGE,Time-honored truism,truism
ADAGE,Traditional maxim,maxim
ADAGE,Traditional saying,saying
ASYE,"Start of a ""sowing"" adage",adage
FIRSTTHINGSFIRST,Organizational adage,adage
HASTE,Start of an incautiousness adage,adage
HAVINGFUN,End of adage,adage
IHOPENOT,Expression of wishful thinking,expression
IMNOTREALLYSURE,Expression of uncertainty,expression
INAPOD,Like proverbial peas,proverb
ITERATE,Keep saying,saying
ITISWHATITIS,Expression of indifference,expression
IWOULDNTKNOW,Expression of indifference,expression
LEER,Gargoyle's expression,expression
LETSGO,Expression of impatience,expression
LEVELBEST,Maximum effort,maxim
LIMIT,Maximum speed,maxim
MAKES,Middle of an incautiousness adage,adage
MISSISSIPPI,"Chickasaw, Choctaw, Tallahatchie","saw,"
MODE,Artistic expression,expression
MODES,Manners of expression,expression
MUM,Saying nothing,saying
NASTIEST,Maximally mean,maxim
OLDSAW,Familiar maxim,maxim
ONESEC,Expression for patience,expression
PEAK,Reach a maximum,maxim
POKE,Pig's proverbial place,proverb
POPART,Backlash from abstract expressionism,expression
SHAMEONME,Inculpatory adage ender,adage
SHRUG,Expression of indifference,expression
SOSORRY,Expression of regret,expression
STYLE,Manner of expression,expression
TIMEFLIES,"Start of an ""entertaining"" adage",adage
VISAGES,Facial expressions,expression
WASTE,End of an incautiousness adage,adage
WHATEVER,Expression of indifference,expression
WHENYOURE,Middle of adage,adage
WHOCARES,Expression of indifference,expression
ADAGE,Old maxim,maxim
ADAGE,Wise maxim,maxim
ADAGE,Wise maxim,maxim
ADAGE,Wise saying,saying
ARF,Pointer's expression,expression
ARGENTINETANGO,Expression of lost love lamentation,expression
ASI,"""__ was saying . . .""",saying
ATMOST,Maximally,maxim
CLICHE,Stale saying,saying
COINSAPHRASE,Invents an idiom,idiom
EMOTE,Exaggerate expression,expression
EMOTICON,Twisted expression?,expression
FAITH,Proverbial mountain mover,proverb
HEAT,Maximum intensity,maxim
IAL,Proverb ending,proverb
IAL,Proverb ending,proverb
IAL,Suffix for proverb,proverb
LIMIT,Maximum speed,maxim
LIMIT,"Maximum, for instance",maxim
LIMIT,Place a maximum on,maxim
PEAKS,Reaches a maximum,maxim
RUBLE,Maxim's scratch,maxim
SAYING,Adage,adage
SAYINGS,Words of wisdom,words of wisdom
SILENTRETREATS,Getaways that go without saying,saying
SNEER,Lopsided expression,expression
SWEETEST,Maximally sugary,maxim
TRITE,"Overused, as an expression",expression
WETTEST,Guinness meteorological maximum,maxim
AHA,Expression of discovery,expression
APPLE,Proverbial preventive,proverb
BERRA,Catcher in the wry sayings section,saying
BIRDINTHEHAND,Proverbial sure thing,proverb
LIPREADER,One who sees what you're saying,saying
MAXIM,Saying,saying
OOF,Pained expression?,expression
PAIDBACKINSPADES,Gave maximum return,maxim
RUING,"Saying ""alas,"" perhaps",saying
RUNNINGFOUT,Moving at maximum speed,maxim
SAW,Adage,adage
SETALIMIT,Specify the maximum,maxim
SIGH,Expression of exhaustion,expression
STONILY,Without expression,expression
STRAIGHTFACE,Deadpan comic's expression,expression
UNTO,Proverb preposition,proverb
AAH,Delighted expression,expression
ADAGE,Saying,saying
AFRAIDSO,Expression of regret,expression
BIZ,"""That's show ___"" (Hollywood saying)",saying
DURAN,"Boxer famous for saying ""¡No más!""",saying
ELMORE,Maximum Bob's creator,maxim
HASTEMAKESWASTE,Saying about rushing,saying
HOCUSPOCUS,Magical expression,expression
LAD,"___ mags (Maxim, Stuff, etc.)",maxim
MIGHTMAKESRIGHT,Saying about power,saying
NOGLOVENOLOVE,Safe sex saying,saying
OPINING,Saying one's piece,saying
SCOWL,Grouch's expression,expression
STRAIGHTFD,Expressionless,expression
WAS,"""As I ___ saying ...""",saying
ADAGE,Maxim,maxim
ADAGE,Maxim,maxim
ADAGE,Proverb,proverb
ADAGE,Words of wisdom,words of wisdom
ANYPORTINASTORM,Sailing adage,adage
BSTARE,Expression of the dazed,expression
EARS,"What the walls have, according to a saying",saying
GEE,Expression of mild surprise,expression
IDIOM,Expression,expression
IGNORANCEISBLISS,Anti-intellectual saying,saying
KNOWLEDGEISPOWER,Intellectual saying,saying
MINIMUMSTHEWORD,Downsizing maxim?,maxim
NEO,Prefix with expressionism and impressionism,expression
ONO,"Interviewee in the book ""All We Are Saying""",saying
PEAK,Reach a maximum,maxim
SAWS,Proverbs,proverb
SCHNABEL,Neo-expressionist painter Julian,expression
SILENCE,"""The most perfect expression of scorn,"" according to George Bernard Shaw",expression
SNEER,Hateful expression,expression
TOOL,"Saw, e.g.","saw,"
ADAGE,Traditional saying,saying
ADDICTION,Vocal expression since year one?,expression
BADE,"Gave expression to, as a fond farewell",expression
FROWN,Sourpuss's expression,expression
IMPASTO,Neo-expressionism technique,expression
LADMAG,"Maxim or Stuff, e.g.",maxim
LIMIT,Maximum raise at a poker table,maxim
MOT,Pithy saying,saying
MUM,Not saying a word,saying
PSALMS,Bible book before Proverbs,proverb
RESAW,"Fail to heed the ""Measure twice, cut once"" adage",adage
ROAR,Expression of pride?,expression
SNEER,Snobbish expression,expression
STONY,Lacking expression,expression
TOPDOLLAR,Maximum amount being paid,maxim
ADAGE,Old saying,saying
APHORISMSDONE,Announcement from a successful adage-maker,adage
ARGOT,Idiomatic vocabulary,idiom
ASI,"""___ was saying ...""",saying
DOETH,"""A merry heart ___ good like a medicine"": Proverbs",proverb
EMIL,Expressionist painter Nolde,expression
ERR,"Be human, according to a saying",saying
GRIST,"Advantageous thing, in an idiom",idiom
HOW,"With 11-Down, expression of wonder",expression
KNOCKONWOOD,Expression of good luck,expression
LISP,"Have trouble saying ""Sorry""?",saying
MAXIM,Adage,adage
MIGHTMAKESRIGHT,Saying about power (and a hint to this puzzle's theme),saying
NEO,___-expressionism,expression
OHNO,Expression of dismay,expression
PETAL,"Thing plucked while saying ""He loves me, he loves me not""",saying
PROVERB,Saying,saying
SAW,Maxim,maxim
SENATORBYWORD,Common saying in Congress?,saying
SNEERS,Elvis expressions,expression
SOFASOGOOD,Couch potato's expression of temporary well-being?,expression
ADAGE,Proverbial saying,proverb
ADAGE,Traditional truism,truism
ALTIMA,Model priced between the Sentra and the Maxima,maxim
AMELIA,Kiddie lit housekeeper Bedelia who's not good with idioms,idiom
AXIOM,Truism,truism
EDNORTON,"TV character who addresses a golf ball by saying ""Hello, ball!""",saying
EDS,"Maxim makers, for short?",maxim
ESCFROMNEWYORK,1981 film in which Manhattan is a maximum-security prison,maxim
EVALONGORIA,She was #1 on Maxim's Hot 100 in 2005 and 2006,maxim
GIGO,Acronymic truism for computers,truism
GOODINTENTIONS,"What the road to hell is paved with, according to a saying",saying
HEAR,"When repeated, an expression of approval",expression
HONOR,"Thieves' lack, in a proverb",proverb
NDRBRFDRBRSH,Start of a quote from Proverbs,proverb
PAINED,Like some expressions,expression
SARCASM,"Saying what you don't mean, possibly",saying
SNEER,Scornful expression,expression
THX,Texter's expression of gratitude,expression
AMEN,Expression of assent,expression
BLANK,Lacking any expression,expression
FHM,Maxim rival,maxim
FHM,Maxim rival,maxim
GLASSY,Expressionless,expression
GLASSY,Expressionless,expression
HOOEYHAWING,Pauses made while saying nonsense?,saying
HOOEYHAWING,Pauses made while saying nonsense?,saying
IDIG,Beatnik's expression of understanding,expression
IDIG,Beatnik's expression of understanding,expression
LEERS,Untoward expressions,expression
LIMIT,Maximum bet,maxim
LIMIT,Maximum bet,maxim
MCAT,Exam with maximum score of 45T,maxim
MCAT,Exam with maximum score of 45T,maxim
MOTS,Pithy sayings,saying
NEO,Prefix with expressionism,expression
NISSAN,Maxima maker,maxim
NISSAN,Maxima maker,maxim
QUIET,Saying little,saying
SPARETHEROD,"Create a brat, according to a saying",saying
SPARETHEROD,"Create a brat, according to a saying",saying
UGETWHATUPAYFOR,Shopping adage,adage
ADAGE,Proverb,proverb
CAP,Maximum limit,maxim
EXTREMA,Mathematical minima and maxima,maxim
JINX,"Saying ""no-hitter"" during one, supposedly",saying
RASPBAUERRIES,Expressions of contempt,expression
SAYSO,Authoritative expression of permission,expression
TOERR,Start of a saying about forgiveness,saying
ADIEU,Parting expression.,expression
ALAS,Expression of sorrow.,expression
ANA,Collection of sayings.,saying
EAGLE,"""The way of an ___ in the air.""—Proverbs.",proverb
ERR,"""Do they not ___ that devise evil?""—Proverbs.",proverb
LION,"""The righteous are as bold as a ___.""—Proverbs.",proverb
REGAN,Name proverbial for filial ingratitude.,proverb
ADAGES,Proverbial sayings.,proverb
ADDER,""" . . . the wine when it is red, . . . stingeth like an ___.""—Proverbs.",proverb
AHS,Expressions of delight.,expression
BAH,Expression of disgust.,expression
BOO,Expression of disapproval.,expression
CANT,Idiom.,idiom
CUPEL,Assaying vessel.,saying
LA,Expression used in the Sheridan plays.,expression
ALAS,Expression of dismay.,expression
ANA,Collection of sayings.,saying
MORALISMS,Maxims.,maxim
MOT,Witty saying.,saying
PHRASAL,Consisting of expressions.,expression
SAW,Adage.,adage
AHA,Ironic expression.,expression
AHS,Expressions of delight.,expression
CUPEL,Porous cup used in assaying.,saying
KUTNO,"City W. of Warsaw, taken by Zhukoff.","saw,"
MOT,Pithy saying.,saying
MOT,Witty saying.,saying
SAYING,Adage.,adage
SILENCE,Most perfect expression of scorn.—Shaw.,expression
UGH,Expression of disgust.,expression
ALEMAN,President-elect of Archduke Maximilian's former empire.,maxim
AMENS,Expressions of approval.,expression
BAH,Expression of contempt.,expression
DIT,Maxim: French.,maxim
LAMENTATION,Expression of sorrow.,expression
SYNONYM,Equivalent expression.,expression
AHA,Triumphant expression.,expression
APOTHEGM,Short saying.,saying
HIT,Apt expression.,expression
MOTTOES,Short expressions of guiding principles.,expression
SAW,Adage.,adage
SAWS,Proverbs.,proverb
SNEERS,Villainous expressions.,expression
SNORT,Audible expression of disdain.,expression
ADAGE,Saying.,saying
HUMPHS,Expressions of contempt.,expression
LOGIA,Sayings of Jesus.,saying
NOTABILIA,Memorable sayings.,saying
SAW,An old saying.,saying
SNEER,Derisive expression.,expression
AVE,Time for saying prayers.,saying
DEADPAN,Expressionless.,expression
LAW,Maxim.,maxim
MOTS,Witty sayings.,saying
MOTTO,Short expression of guiding principle.,expression
SAW,Maxim.,maxim
SMILE,Sunny expression.,expression
ADAGE,Proverb.,proverb
ALAS,Expression of pity.,expression
AMENS,Expressions of assent.,expression
ANA,Collection of sayings.,saying
DULLEYED,Lackluster in expression.,expression
EGOISM,Opposed to altruism.,truism
MOT,Witty saying.,saying
PLATITUDE,Insipid truism.,truism
SMILE,Friendly expression.,expression
BAH,Expression of disgust.,expression
EGAD,Old saying.,saying
GOOD,Expression of approval.,expression
GRIN,Expression of the Cheshire cat.,expression
GRRS,Canine expressions of anger.,expression
LISTENERS,They proverbially hear no good of themselves.,proverb
MOSS,"Money, in the ""rolling stone"" proverb.",proverb
NEVERMORE,Famous bird's saying.,saying
PEAPODS,They proverbially contain indistinguishables.,proverb
PEN,Literary expression.,expression
PLEASE,"Polite way of saying ""If you are willing.""",saying
PRECEPT,Maxim.,maxim
PROTEST,Expression of objection.,expression
SAW,Adage.,adage
SAW,Maxim.,maxim
SAWS,Proverbs.,proverb
SNEER,Scornful facial expression.,expression
SOLOMON,"Reputed author of Proverbs, Canticles, Ecclesiastes.",proverb
TWO,"Proverbially, this is 40 Across.",proverb
ANA,Collection of memorable sayings.,saying
AXIOM,Maxim.,maxim
BONMOT,An especially fitting expression.,expression
CROW,Infant's expression of  joy.,expression
DADAIST,Any unhampered expressionist artist.,expression
EGAD,Old-fashioned expression.,expression
EHS,Expressions of inquiry.,expression
EHS,Expressions of inquiry.,expression
GRIMACE,Unhappy facial expression.,expression
GRIN,Facial expression.,expression
HAHA,Expression of mirth.,expression
HAHA,Expression of triumph.,expression
HUBBAHUBBA,Expression of approval: Slang.,expression
IDIOM,Characteristic expression.,expression
ISAY,Britisher's expression of surprise.,expression
KNEES,Proverbial weak spot of the timid.,proverb
LALA,Expression associated with Bert Lahr.,expression
LEER,Villain's favorite expression.,expression
LITOTES,"Rhetorical expression such as ""not bad at all.""",expression
MOT,Pithy saying.,saying
MOTS,Bright sayings.,saying
NAH,One way of saying no.,saying
NOCOMMENT,"""A very valuable American expression""—Churchill.",expression
NOTBAD,Expression of partial approval.,expression
OILS,Cottonseed expressions.,expression
ORES,Assaying materials.,saying
PETE,Name in an expression.,expression
RAPTURES,Expressions of great delight.,expression
SILENCER,Invention of Maxim.,maxim
SMILE,A pleasant expression.,expression
SMIRK,Self-satisfied expression.,expression
SNEER,Scornful expression.,expression
SPEE,"German vice admiral, Maximilian von ___.",maxim
TAIL,Dog's means of expression.,expression
TIDE,One of two proverbially bad waiters.,proverb
UGHS,Expressions of aversion.,expression
UTTERANCE,Vocal expression.,expression
WHISTLE,Modern expression of approval.,expression
ALAS,Woeful expression.,expression
AMEN,Expression of hearty approval.,expression
AMENS,Expressions of approval.,expression
ANA,Sayings or writings: Suffix.,saying
ATTAR,Expression of roses.,expression
AXIOM,Truism.,truism
DEAR,Expression of surprise.,expression
ENCOMIA,Expressions of high praise.,expression
ENIGMA,Obscure saying.,saying
GODSAVETHEQUEEN,Popular British expression.,expression
GRIN,Facial expression.,expression
GRIN,Facial expression.,expression
IDEALISTS,Believers in altruism.,truism
INRE,Business cliche.,cliche
ISAY,Britisher's expression of surprise.,expression
LAUGH,Expression peculiar to the human species.,expression
LEER,Wolf's expression.,expression
NED,Man's name in an expression.,expression
NED,Man's nickname in an expression.,expression
NEGATING,Gainsaying.,saying
OHOH,Expression of surprise.,expression
PETE,Man in a popular saying.,saying
PETE,Man's name in an expression.,expression
PETE,Man's nickname in an expression.,expression
POKERFACE,Inscrutable expression.,expression
SNEER,Ugly expression.,expression
SNEER,Villain's expression.,expression
SNEER,Villain's facial expression.,expression
SORRY,Expression of apology.,expression
TUT,Expression of mild rebuke.,expression
ADAGES,Old sayings.,saying
ALAS,Sorrowful expression.,expression
BAA,Sheepish expression.,expression
BAHS,Expressions of contempt.,expression
BLANKER,More expressionless.,expression
COO,Expression of surprise: Brit. slang.,expression
DEAR,Expression of mild annoyance.,expression
DOASTHEROMANSDO,Part of an adage advising conformity.,adage
EARLYBIRD,The proverbial success.,proverb
EGOISM,Opposite of altruism.,truism
ENDEARMENT,Expression of affection.,expression
GRIN,Facial expression.,expression
GRIN,Pleasant expression.,expression
JAKE,Man's nickname in an expression.,expression
LAMENT,Expression of sorrow.,expression
LEER,Villain's expression.,expression
LOVEMELOVEMYDOG,A wise saying.,saying
MANALIVE,"Saying equal to ""Oh, boy!""",saying
MOUE,Expression of displeasure.,expression
PAH,Expression of disgust.,expression
PETE,Man's name in an expression.,expression
PETE,Man's name in an expression.,expression
PETE,Nickname in an expression.,expression
PHRASING,Method of expression.,expression
QUIP,Witty expression.,expression
SAW,Old saying.,saying
SAW,Proverb.,proverb
SAWS,Proverbs.,proverb
SAYING,Adage.,adage
SAYINGS,Maxims.,maxim
SENTIMENTS,Expressions on greeting cards.,expression
SEVENTHSON,Proverbially gifted one.,proverb
SMILE,Expression.,expression
SMILE,Victor's expression.,expression
SMILES,Facial expressions.,expression
SMIRKS,Affected expressions.,expression
SNEER,Expression of a 41 Across.,expression
SPEE,"Count Maximilian von ___, German admiral.",maxim
TENET,Maxim.,maxim
TERM,Expression.,expression
TERMS,Expressions.,expression
TERMS,Expressions.,expression
TSKS,Expressions of reproach.,expression
WOLF,Proverbial door approacher.,proverb
ADAGE,Proverb.,proverb
ADAGE,Saying.,saying
ALAS,Apprehensive expression.,expression
ANA,Anthology of sayings.,saying
ANA,Suffix meaning sayings.,saying
CEILINGS,Maximum heights.,maxim
CHINASHOP,Place of the proverbial bull.,proverb
DEAR,Expression of annoyance.,expression
GLASSY,"Expressionless, as a stare.",expression
GOTO,Indeed!: Archaic expression of disapproval.,expression
GRIN,Facial expression.,expression
GRIN,Facial expression.,expression
GRINS,Facial expressions.,expression
HOHUM,Expression of boredom.,expression
HUH,Expression of inquiry.,expression
HUH,Expression of inquiry.,expression
IDO,Expression of agreement.,expression
ITSNEVERTOOLATE,Part of a hopeful adage.,adage
LALA,"French expression with ""oo.""",expression
MAGPIE,Proverbial chatterer.,proverb
MARKOFCAIN,Biblical expression.,expression
METOO,Expression of agreement.,expression
MOST,Maximal.,maxim
MOT,Witty saying.,saying
MOTS,Clever sayings.,saying
MOTTOES,Maxims.,maxim
NAH,"One way of saying ""no.""",saying
NEAT,Like the proverbial pin.,proverb
ODEAR,"One way of saying ""alas!""",saying
OHME,Expression of dismay.,expression
PHRASES,"Short, forceful expressions.",expression
POKERFACE,Inscrutable expression.,expression
POOHS,Expressions of disdain.,expression
POUT,Unhappy expression.,expression
ROBESPIERRE,Maximilien of France.,maxim
SAW,Maxim.,maxim
SAW,Maxim.,maxim
SAW,Proverb.,proverb
SAW,Wise saying.,saying
SAYING,Pithy expression.,expression
SHRUG,Physical expression of doubt.,expression
SMILE,A contagious expression.,expression
SNEERS,Cynical expressions.,expression
TAINT,"One way of saying ""It is not.""",saying
THISONEISONME,Bartender's expression.,expression
TUSH,Expression of mild disapproval.,expression
VENTS,"Gives expression to, as feelings.",expression
VICI,End of a laconic saying.,saying
VOICE,Expression.,expression
ADAGE,Words of wisdom.,words of wisdom
ADAGES,Old sayings.,saying
ADAGES,Proverbs.,proverb
AHS,Expressions of pleasure.,expression
AHS,Happy expressions.,expression
AMEN,Expression of hearty approval: Colloq.,expression
AMILE,"Proverbially akin to ""a miss.""",proverb
ANA,Collected sayings.,saying
ANAS,Collections of memorable sayings.,saying
APOLOGIES,Expressions of regret.,expression
BAH,Expression of disapproval.,expression
BOTHER,Mild expression of annoyance.,expression
BYWORD,Common saying.,saying
COALS,Newcastle proverb word.,proverb
DEADPAN,Expressionless: Slang.,expression
GEORGE,Man's name in an expression.,expression
GRIN,Contagious expression.,expression
GRIN,Facial expression.,expression
GRIN,Facial expression.,expression
GRINS,Facial expressions.,expression
HAHA,Expression of laughter.,expression
HERE,"A way of saying ""ad sum.""",saying
IDO,Expression of agreement.,expression
IRONY,Method of humorous expression.,expression
IRONY,Method of humorous expression.,expression
METOO,Imitator's expression.,expression
MIKE,Man's name in an expression.,expression
MOT,Bright saying.,saying
MOUE,Facial expression.,expression
NEEDLESEYE,Proverbial passageway for a camel.,proverb
NOEL,"Expression of joy, in Christmas carols.",expression
OHNO,Expression of surprise.,expression
OMENS,Sibylline sayings.,saying
ONETOGO,"""Two down and ___,"" baseball expression.",expression
ORELSE,Expression carrying a threat.,expression
PETE,Man's nickname in an expression.,expression
PETE,Name in an expression.,expression
POEM,"Concise, beautiful expression.",expression
RAINY,Proverbial kind of day.,proverb
RIDIC,"Short way of saying ""absurd.""",saying
SAWS,Adages.,adage
SAYING,Maxim.,maxim
SAYING,Proverb.,proverb
SNEER,Sarcastic expression.,expression
SPEE,Maximilian von ___.,maxim
TEAPOTS,Proverbial places for tempests.,proverb
TERM,Expression.,expression
TURNIP,Vegetable in a well-known proverb.,proverb
VOICE,Expression.,expression
YESES,Expressions of agreement.,expression
ADAGE,Saying.,saying
ADAGE,Wise saying.,saying
AMOR,Subject of a Vergil adage.,adage
BAHS,Expressions of contempt.,expression
EGAD,Major Hoople's expression.,expression
GREENROOM,Expression meaning theatre shoptalk.,expression
GRIN,Facial expression.,expression
GRIN,Toothy expression.,expression
HOTCAKE,Proverbial seller.,proverb
ISEE,Conversational expression.,expression
KEG,Proverbial holder of powder.,proverb
LIPSERVICE,Insincere expression of good will.,expression
MOT,Bright saying.,saying
MOTTO,Short expression of a guiding principle.,expression
NOEL,"Expression of joy, in carols.",expression
PAH,Expression of disbelief.,expression
PERSONALITYCULT,Soviet expression for idolization.,expression
PHRASE,Expression.,expression
PHRASES,Expressions.,expression
SAW,Maxim.,maxim
SAW,Old saying.,saying
SAWS,Maxims.,maxim
SAWS,Maxims.,maxim
SMIRK,Facial expression.,expression
SMIRKING,Assuming a conceited expression.,expression
SNEER,Unkind expression.,expression
SONG,One of a proverbial trio.,proverb
STEREOTYPE,Conventional expression.,expression
TERM,Expression.,expression
TERM,Expression.,expression
THREE,"Proverbially, a crowd.",proverb
TIMEANDTIDE,Two things in an ancient adage.,adage
WOW,Expression of surprise.,expression
ACCENT,Distinctive mode of expression.,expression
ADAGE,Maxim.,maxim
ADAGE,Maxim.,maxim
ADAGE,Proverb.,proverb
ADAGE,Saying.,saying
AMILE,Proverbial equivalent of a miss.,proverb
ANA,Collection of sayings.,saying
ANA,Sayings of: Suffix.,saying
ANALECTA,Sayings of Confucius.,saying
AXIOM,Truism.,truism
BACON,Food used in an expression.,expression
BOY,Expression of surprise.,expression
DICTA,Sayings.,saying
DICTA,Sayings.,saying
DICTA,Sayings.,saying
EMBODIMENT,"Concrete expression of some idea, quality, etc.",expression
ETCETERA,Common Latin expression.,expression
GIFTHORSE,"A present, in a common proverb.",proverb
GRIN,Happy expression.,expression
GRINS,Facial expressions.,expression
GRINS,Photogenic expressions.,expression
GRINS,Pleasant expressions.,expression
HARIOLATE,Practice soothsaying or ventriloquism.,saying
HEYHO,Expression of weariness.,expression
HIRAM,Inventor Maxim.,maxim
HOHUM,Expression of boredom.,expression
IDIOM,Accepted phrase or expression.,expression
IGNORANCE,"Proverbially, bliss.",proverb
IRONY,Method of humorous expression.,expression
IRONY,Method of humorous expression.,expression
ISAY,Englishman's surprised expression.,expression
JACKOFALLTRADES,Proverbial do-it-yourself man.,proverb
KNEEHIGH,"Very short, in colloquial expressions.",expression
LAMB,Proverbial aspect of March.,proverb
MOTTOS,Sampler sayings.,saying
NOES,Expressions of opinion.,expression
NUANCE,Shade of expression.,expression
OHOH,Expression of great surprise.,expression
OUNCE,Proverbial amount of prevention.,proverb
PETE,Man's name in an expression.,expression
POUT,Sulky expression.,expression
PRECEPT,Maxim.,maxim
SAW,Maxim.,maxim
SAW,Maxim.,maxim
SAW,Maxim.,maxim
SNEER,Expression of scorn.,expression
SNEER,Ugly facial expression.,expression
SNEER,Unpleasant expression.,expression
SNEERS,Scornful expressions.,expression
STEREOTYPES,"Hackneyed expressions, for example.",expression
STO,"Pou ___ (a place to stand), from Archimedes' saying.",saying
THANX,Expressions of gratitude: Popular misspelling.,expression
THUNDER,"Proverbially, it's often stolen.",proverb
TIMEANDTIDE,Subject of an ancient adage.,adage
VOICE,Give expression to.,expression
ADAGE,Maxim.,maxim
ADAGE,Maxim.,maxim
ADAGE,Saying.,saying
ADAGE,Saying.,saying
ALLWORKANDNOPLAY,Proverbial recipe for dullness.,proverb
AMEN,Expression of approval.,expression
ANA,Sayings: Suffix.,saying
APHORISMS,Adages.,adage
ARTS,Mediums of expression.,expression
ASI,"""___ was saying . . . """,saying
ASI,"""___ was saying . . . """,saying
ASI,"""___ was saying.""",saying
ATBEST,Under maximal conditions.,maxim
AXIOM,Truism.,truism
BETTERMOUSETRAP,Subject of Emerson adage.,adage
BOOH,Expression of disapproval: Var.,expression
DOTELL,Expression of very mild interest.,expression
EASYCOME,Part of a saying about money.,saying
GOOD,Expression of approval.,expression
GORKI,Novelist Maxim.,maxim
GRIN,Facial expression.,expression
KERF,"Cut made by an ax, saw, etc.","saw,"
LAMB,"Late March, proverbially.",proverb
LARGEASLIFE,"Comparison from Latin proverb, ""Ad vivum.""",proverb
LAW,Maxim.,maxim
LIP,___ service (insincere expression of loyalty).,expression
LONGFACE,Lugubrious expression: Colloq.,expression
MOT,Clever saying.,saying
MOTTOS,Maxims.,maxim
NEIN,One way of saying no.,saying
NEXTTOGODLINESS,"Cleanliness, in John Wesley's maxim.",maxim
NOES,Expression of dissent.,expression
OWS,Hurt expressions.,expression
OYSTER,"The world, proverbially.",proverb
RILEY,Proverbial high liver.,proverb
SAW,A saying.,saying
SAW,Maxim.,maxim
SAW,Proverb.,proverb
SAWS,Adages.,adage
SAWS,Adages.,adage
SEAS,The proverbial seven.,proverb
SIGHS,Expressions of longing.,expression
SMILE,Facial expression.,expression
SNEER,Scornful expression.,expression
SNEERS,Derisive expressions.,expression
SNORT,Audible expression of contempt.,expression
SWEENEY,"Gullible chap, in an expression.",expression
TELLITTOSWEENEY,Skeptic's expression.,expression
TERM,Expression.,expression
THINK,Ironic twist to a one-word maxim.,maxim
TUTTUT,Expression of mild reproof.,expression
ADAGE,Maxim.,maxim
ADAGE,Proverb.,proverb
AMENS,Expressions of assent.,expression
ANA,Collection of sayings.,saying
APHORISM,Maxim.,maxim
ASI,"""___ was saying . . . """,saying
AXIOM,Pithy saying.,saying
DICTA,Sayings.,saying
FARTHEST,At maximum distance.,maxim
GOLD,Proverbial paving material.,proverb
GRIN,Cheshire cat's expression.,expression
GRIN,Facial expression.,expression
GRIN,Facial expression.,expression
ISAY,Britisher's expression of surprise.,expression
ISEE,Common expression of understanding.,expression
IVES,American composer in modern idiom.,idiom
IWAS,"Chesterton's ""As ___ Saying.""",saying
LOVECONQUERSALL,Romantic adage.,adage
MARKETPLACE,"Proverbially, where no grass grows.",proverb
OHBOY,Expression of pleased surprise.,expression
ONEARTH,"Intensive expression as, ""What ___ is that?""",expression
OUF,Expression of impatience.,expression
PARIS,"Proverbially, heaven for good Americans.",proverb
PHR,Expression: Abbr.,expression
PHRASE,Expression.,expression
PSHAW,Expression of impatience.,expression
SAW,Maxim.,maxim
SAYINGS,Proverbs.,proverb
SAYINGS,Saws; proverbs.,proverb
SAYONARA,Sad saying on the Ginza.,saying
SMILE,Facial expression.,expression
SOGOESTHENATION,Part of a political adage.,adage
TOPSY,Child in cliché expression.,expression
TWO,Company proverbially.,proverb
UMPH,Expression of doubt.,expression
VOICE,Expression.,expression
VOICE,Expression.,expression
VOICE,Give expression to.,expression
AAHS,Expressions of contentment.,expression
ADAGE,Proverb.,proverb
ADAGE,Words of wisdom.,words of wisdom
ADAGES,Sayings.,saying
AMENS,Expressions of assent.,expression
ANA,"Suffix meaning ""sayings.""",saying
ANYPORTINASTORM,5-word adage.,adage
ARRA,Anglo-Irish expression.,expression
ASI,"""___ was saying . . . """,saying
ASI,"""___ was saying . . . """,saying
AXIOM,Truism.,truism
BRAVO,Expression of audience approval.,expression
DOORDIE,Well-known proverb.,proverb
EARLYBIRDS,Opportunists in an adage.,adage
EPIGRAM,Any pungent saying.,saying
ERS,Hesitatory expressions.,expression
FACTS,"Proverbially, stubborn things.",proverb
GRIN,Cheerful expression.,expression
GRIN,Facial expression.,expression
HASTEMAKESWASTE,3-word adage.,adage
MOT,Clever saying.,saying
MOT,Witty saying.,saying
MOT,Witty saying.,saying
MOTTO,Maxim.,maxim
MOUSE,"Proverbially, the mountain's product.",proverb
NEVER,"Proverbially, ""When two Sundays come together.""",proverb
OOHLALA,Chevalier expression.,expression
OUCH,Pained expression.,expression
PARIS,"Proverbially, the home of good Americans.",proverb
PODUNK,Proverbial small town.,proverb
POT,"Kettle's critic, in a saying.",saying
PUNS,Witty sayings.,saying
RUNE,Mystic saying.,saying
SAWS,Adages.,adage
SAWS,Adages.,adage
SHOESTRING,Proverbial starting point for some businesses.,proverb
SMILES,Facial expressions.,expression
SNEERS,Unpleasant facial expressions.,expression
STABLEDOOR,"In adage, it's shut too late.",adage
THISISIT,H-Hour expression.,expression
TIMEANDTIDE,"Proverbially, things that flee.",proverb
TOOL,"Saw, for one.","saw,"
UTMOST,Maximal.,maxim
WARMHEART,Proverbial evidence from 17 Across.,proverb
ADAGE,Maxim.,maxim
ANA,Sayings: Suffix.,saying
ANAS,Collections of sayings.,saying
APENNY,Proverbial bid for one's thoughts.,proverb
ASI,"""___ was saying . . . """,saying
ASI,"""___ was saying . . . """,saying
ASI,"""___ was saying . . . """,saying
ASI,"""___ was saying . . . """,saying
AXIOM,Maxim.,maxim
DICTA,Sayings.,saying
EPIGRAM,Witty saying.,saying
GRIN,Facial expression.,expression
ISEE,Expression of enlightenment.,expression
LIMIT,Maximum bet in poker,maxim
MONEY,"Power, proverbially.",proverb
MORAL,Maxim.,maxim
ONCEOVERLIGHTLY,Barber shop expression.,expression
ONEHEAD,"""Two is better than ___,"" 1591 adage.",adage
OUCH,Pained expression.,expression
PAH,Annoyed expression.,expression
PEAK,Maximum.,maxim
PHRASE,Expression.,expression
PHRASES,Idioms.,idiom
QUOT,Saying: Abbr.,saying
SAW,Maxim.,maxim
TERM,Expression.,expression
UHUH,Expression of assent.,expression
UMPH,Expression of disbelief.,expression
WOW,Expression of surprise.,expression
YEARS,"Bringers of wisdom, proverbially.",proverb
YOUONLYLIVEONCE,Philosophical saying.,saying
ADAGE,Proverb.,proverb
ADAGE,Saying.,saying
ADAGE,Words of wisdom.,words of wisdom
ADAGES,Words of wisdom.,words of wisdom
AMEN,Expression of approval.,expression
AMEN,Expression of approval.,expression
AOK,Expression of Col. Glenn's.,expression
ART,Expression of beauty.,expression
ASI,"""___ was saying . . . """,saying
ASI,"""___ was saying . . . """,saying
AXIOM,Saying.,saying
CUPELS,Small cups used in assaying.,saying
GRIN,Facial expression.,expression
GRIN,Facial expression.,expression
IDEST,Explanatory Latin expression.,expression
IDIOM,Style of expression.,expression
INLIKEALION,Part of a truism about March.,truism
ISEE,Conversational cliche.,cliche
ISEE,Conversational cliche.,cliche
LEER,Unpleasant expression.,expression
LOVETHYNEIGHBOR,Maxim dating from 600 B.C.,maxim
NERO,Proverbial fiddler.,proverb
NERO,Proverbial fiddler.,proverb
OPEN,Word in a magic saying.,saying
PEAS,"Proverbially, things exactly alike.",proverb
PETE,Name in an expression.,expression
PLATITUDE,Truism.,truism
PLAUDIT,Expression of approval.,expression
POLITE,"Saying ""Sir"" and ""Ma'am.""",saying
POUT,Petulant expression.,expression
RIDDLES,Enigmatic sayings.,saying
SAW,Maxim.,maxim
SAWS,Proverbs.,proverb
SNEER,Facial expression.,expression
TEAPOT,Proverbial site of a tempest.,proverb
TERM,Expression.,expression
TERM,Expression.,expression
THREE,"Proverbially, a crowd.",proverb
TONELESS,Devoid of expression.,expression
TWO,"Company, proverbially.",proverb
TWOHEADS,"Proverbially, they're better than one.",proverb
ADAGE,Earthy saying.,saying
ALIE,Part of Washington saying.,saying
ALION,March beginning proverbially.,proverb
AMERICANISM,Idiom of a kind.,idiom
ASI,"""___ was saying . . . """,saying
ASI,"""___ was saying . . . """,saying
ATIC,Suffix with idiom or problem.,idiom
ATOOTHFOR,Part of an Old Testament saying.,saying
AWS,Expressions of incredulity.,expression
BUSMAN,Proverbial holiday taker.,proverb
BUTYOUCANTBEATTHERACES,Part of an adage for bettors.,adage
BYWORD,Common saying.,saying
EPIGRAM,Witty saying.,saying
FACETIAE,Witty sayings.,saying
GIFTHORSE,Animal in an adage.,adage
GRIMACE,Facial expression.,expression
GRIN,Facial expression.,expression
GRIN,Facial expression.,expression
GRIN,Facial expression.,expression
HOHUM,Expression of ennui.,expression
IRISH,Proverbially lucky people.,proverb
IRONY,Writer's mode of expression.,expression
KEEPSTHEWOLFFROMTHEDOOR,Phrase from an ancient Greek proverb.,proverb
LASTBUTNOTLEAST,Popular testimonial expression.,expression
LEER,Villainous expression.,expression
MORALS,Maxims.,maxim
OVERUSED,Like cliches.,cliche
PAH,Expression of contempt.,expression
PEAS,"Look-alike things, proverbially.",proverb
PEASINAPOD,"Similar things, proverbially.",proverb
PETE,Man's name in an expression.,expression
POOHS,Disdainful expressions.,expression
POUTS,Facial expressions.,expression
PRECEPT,Maxim.,maxim
SCOWLS,Facial expressions.,expression
SLOWLY,"Proverbially, one way to ""make haste.""",proverb
SMILE,Pleasant expression.,expression
SMILES,Expressions.,expression
STYLES,Artistic expressions.,expression
TCH,Expression of vexation.,expression
TERM,Word or expression.,expression
THESKY,Proverbial location of pie.,proverb
TWICESHY,Proverbial attitude of the victimized.,proverb
VENTED,"Gave expression to, as feelings.",expression
VENTED,Gave expression to.,expression
VIDI,Part of Caesar saying.,saying
VOICE,Expression.,expression
ABSOLUTEPOWERCORRUPTS,Part of Lord Acton's adage.,adage
ADAGE,Proverb.,proverb
ADAGES,Proverbs.,proverb
AMI,"""What ___ saying?""",saying
ANA,Memorable sayings.,saying
ANOD,"Proverbially, it's ""as good as a wink.""",proverb
APHORISMS,Maxims.,maxim
APOTHEGM,Terse saying.,saying
ASI,"""___ was saying . . . """,saying
ATIC,Suffix with idiom or system.,idiom
ATMOST,Maximally.,maxim
BAH,Expression of disgust.,expression
CANT,Idiom.,idiom
CAT,Proverbial tongue-usurper.,proverb
CLEANASAWHISTLE,"Proverbial comparison, from 1828.",proverb
DEADPAN,"Wooden, as an expression.",expression
DICTA,Authoritative sayings.,saying
DOUBLEORNOTHING,Gambling expression.,expression
ENIGMA,Ambiguous saying.,saying
EPIGRAM,Saying.,saying
EQUIVOQUE,Ambiguous expression.,expression
GARCON,Waiter at Maxim's.,maxim
GRIN,Expression of good humor.,expression
GRIN,Facial expression.,expression
HAHA,Expression of amusement.,expression
IDIOM,Style of expression.,expression
LEER,Wanton expression.,expression
MARRIAGES,"Heavenly products, proverbially.",proverb
MAXIM,Proverb.,proverb
METOO,Expression of agreement.,expression
MOT,Pithy saying.,saying
MOT,Smart saying.,saying
MOT,Witty saying.,saying
OYSTER,"The world, proverbially speaking.",proverb
PHRASE,"Short, pithy expression.",expression
RUMBLE,Expression of unrest.,expression
SAW,Adage.,adage
SAW,Maxim.,maxim
SNEER,Unpleasant expression.,expression
TACIT,Saying nothing.,saying
THESKYSTHELIMIT,Gambling expression.,expression
TIME&TIDE,Proverbial non-waiters.,proverb
TOOL,"Saw, for example.","saw,"
WISH,Expression of good will.,expression
ADAGE,Old saying.,saying
ADAGE,Saying.,saying
AHAH,Expression of delight.,expression
ANA,Collection of sayings.,saying
ASI,"""___ was saying . . . """,saying
ASI,___ was saying . . .,saying
ASI,___ was saying . . .,saying
ASI,___ was saying.,saying
ATPAR,Stock market expression.,expression
CUPELS,Assaying receptacles.,saying
GLASSHOUSES,Proverbial dwellings.,proverb
GONE,Tomorrow's proverbial whereabouts.,proverb
GRIMACE,Facial expression.,expression
GRIN,Facial expression.,expression
GRIN,Facial expression.,expression
HASTE,Proverbial fault.,proverb
HERE,Today's proverbial whereabouts.,proverb
HORSEANDBUGGY,"Transportation, in an expression.",expression
IDIOM,Form of expression.,expression
LOGIA,Religious maxims.,maxim
LOGIA,Religious maxims.,maxim
LONGFACES,Expressions of disappointment.,expression
MILLSTONES,"Neckwear, proverbially.",proverb
MORALS,Maxims.,maxim
MOUE,Petulant expression.,expression
MOUES,Petulant expressions.,expression
PEAK,Maximum.,maxim
PETE,Man's name in an expression.,expression
POUT,Facial expression.,expression
PSANDQS,"Things to mind, in a saying.",saying
SAWS,Maxims.,maxim
SAWS,Proverbs.,proverb
SORRY,Expression of apology.,expression
SPILT,"Proverbially, a kind of milk.",proverb
STRAWS,Proverbial back-breakers.,proverb
TERM,Expression.,expression
TERM,Expression.,expression
WOW,Impressed expression.,expression
ADAGE,Saying.,saying
ADAGE,Traditional saying.,saying
ADAGE,Words of wisdom.,words of wisdom
AFIG,"Little bit, in an expression.",expression
AMEN,Expression of assent.,expression
ARGOT,Idiom.,idiom
ARGOT,Special idiom.,idiom
ART,Expression of beauty.,expression
ASI,"""___ was saying . . . """,saying
ASIWAS,"""___ saying . . . """,saying
ASIWAS,___ saying . . .,saying
ATRUE,"""This is ___ saying . . . """,saying
COLDHANDS,Two words of a maxim.,maxim
DEADPANNED,Showed no expression.,expression
GNOME,Maxim.,maxim
HUMPH,Expression of doubt.,expression
IDIOMS,Conversational expressions.,expression
ISEE,Conversational cliche.,cliche
LEER,Sly expression.,expression
LOGIA,Religious maxims.,maxim
MERCI,Polite French expression.,expression
MOT,Clever saying.,saying
MOTTO,Saying.,saying
MUCHADOABOUTNOTHING,"Expression from Cicero, 49 B.C.",expression
MUMSTHEWORD,Expression from Cervantes.,expression
NEWBROMESWEPTHCLEENE,"Adage by John Heywood, 1546.",adage
NOEL,Expression of joy.,expression
NYET,"Way of saying ""no.""",saying
PHEW,Expression of surprise.,expression
SALIERE,"Saltcellar, at Maxim's.",maxim
SAW,Proverb.,proverb
SMILE,Pleasant expression.,expression
SNEER,Expression of contempt.,expression
SNEER,Facial expression.,expression
SNEERS,Scornful expressions.,expression
THREE,"Crowd, in a saying.",saying
VOICE,Expression.,expression
WOODEN,Expressionless.,expression
YAWN,Facial expression.,expression
ADAGE,Maxim.,maxim
ADAGE,Saying.,saying
ADAGE,Words of wisdom.,words of wisdom
AHME,Resigned expression.,expression
ASI,"""___ was saying . . . """,saying
ASI,___ was saying . . .,saying
ATBEST,Maximally.,maxim
ATTABOY,Slangy expression of approval.,expression
BARNDOOR,Locked-too-late item in adage.,adage
BLESSUS,Part of Tiny Tim's saying.,saying
CAKE,Edible of adage.,adage
CHURCHMOUSE,Proverbial pauper.,proverb
GRIN,Cheerful expression.,expression
IDIOM,Expression.,expression
ISAY,Surprised expression,expression
ISAY,Surprised expression.,expression
IWAS,"""As ___ saying . . . """,saying
LASTSTRAW,Proverbial backbreaker.,proverb
LOOK,Expression,expression
MOST,Maximum.,maxim
MYDEAL,Poker game expression.,expression
ONEO,"A way of saying ""ten.""",saying
PEAKS,Maxima.,maxim
PRECEPT,Maxim.,maxim
PRECEPT,Maxim.,maxim
RIP,"Saw, in a way","saw,"
SAWS,Maxims.,maxim
SIMPLEMAN,"Proverbially, the ""beggar's brother""",proverb
SISI,Way of saying yes,saying
SMILES,Happy expressions.,expression
SOBS,Expressions of grief.,expression
TERM,Expression,expression
TERMS,Expressions.,expression
TWO,"Company, proverbially",proverb
WARISHELL,Irrefutable saying,saying
WISH,Expression of good will,expression
ADAGE,Common saying.,saying
ADAGE,Proverb.,proverb
ADAGE,Saying.,saying
ANA,Collection of sayings,saying
AOK,Space expression.,expression
ASI,"""___ was saying . . . """,saying
ASI,"""___ was saying . . . """,saying
ASI,"""___ was saying""",saying
ASI,___ was saying.,saying
ASTHE,___ saying goes,saying
BROMIDE,Trite saying.,saying
CART,"Horse's predecessor, in saying.",saying
CODE,Symbolic expression.,expression
DICTA,Sayings,saying
DICTA,Words of wisdom.,words of wisdom
EPIGRAM,Witty saying.,saying
GNAT,"Proverbially, a trifle.",proverb
GRIN,Amused expression,expression
GRIN,Expression.,expression
GRIN,Pleased expression.,expression
LANDSAKES,Expression of amazement.,expression
MAO,Author of sayings.,saying
MAXIMS,Sayings,saying
MOTTO,Maxim.,maxim
MOUNTIE,Proverbial man-getter.,proverb
NOPLAYMAKESJACKADULLBOY,Part of an adage,adage
PHRASY,Full of sayings,saying
POESY,Lyric expression.,expression
PRECEPT,Maxim,maxim
SAW,Adage.,adage
SAW,Proverb.,proverb
SAW,Proverb.,proverb
SAYINGS,Adages.,adage
SMILE,Facial expression.,expression
SQUIB,Witty saying.,saying
STYLE,Manner of expression.,expression
TILT,Pinball expression.,expression
UGHS,Expressions of disgust,expression
WOODEN,Expressionless,expression
ACROWD,"Three, proverbially",proverb
ADAGE,Proverb,proverb
ADAGE,Saying,saying
ALAS,Expression of grief.,expression
ANA,Collected sayings,saying
APHORISMS,Maxims,maxim
APOTHEGM,Short saying,saying
ASI,"""___ was saying""",saying
ASI,"""___ was saying""",saying
ATMOST,Maximally,maxim
AXIOM,Proverb,proverb
BROMIDES,Trite sayings,saying
EASYCOMEEASYGO,Monetary maxim,maxim
HASTE,Proverbial waste-maker,proverb
LASTSTRAW,Proverbial back-breaker,proverb
OLDSAW,Maxim,maxim
SAWS,Maxims,maxim
SCHELL,Actor Maximilian,maxim
SKINDEEP,"Beauty, in a saying",saying
SOCKITTOME,Saying popularized on TV,saying
STONY,Expressionless,expression
VENI,Start of a laconic saying,saying
ADAGE,Maxim,maxim
ADAGE,Pithy saying,saying
ADAGE,Proverb,proverb
ADAGE,Proverb,proverb
ADAGE,Saying,saying
ADAGE,Saying,saying
AHME,Sorrowful expression,expression
ALAS,Sorrowful expression,expression
ANA,Sayings,saying
ARGOT,Idiom,idiom
ASI,"""___ was saying . . . """,saying
ASI,"""___ was saying . . . """,saying
ASI,"""___ was saying""",saying
ASI,"""___ was saying""",saying
ATLAST,Expression of relief,expression
ATMOST,Maximal,maxim
ATPAR,Wall Street expression,expression
BEURRE,Butter at Maxim's,maxim
CATCHWORD,Sloganlike expression,expression
FOOL,"An old saw, with 31, 40, 46, 51, 57, 66 and 67 Across","saw,"
GNOME,Maxim,maxim
GRIN,Pleased expression,expression
LOSER,"Weeper, in adage",adage
MAXIMS,Proverbs,proverb
PEAKED,Reached a maximum,maxim
RUNE,Mystical saying,saying
SAW,Adage,adage
SAW,Adage,adage
SAYING,Maxim,maxim
SNEER,Insulting expression,expression
TERM,Expression,expression
TURNABOUT,"Fair play, in saying",saying
UGHS,Expressions of disgust,expression
WAS,"""As I ___ saying . . . """,saying
WHEEZE,Corny saying,saying
ADAGE,Proverb,proverb
ADAGE,Saying,saying
ANA,Collection of sayings,saying
ANA,Group of sayings,saying
ASI,"""___ was saying""",saying
ASI,"""___ was saying""",saying
GRIN,Pleased expression,expression
HOHIM,Expression of boredom,expression
LOGIA,Pointed sayings,saying
LOGIA,Sayings of Jesus,saying
LOOK,Expression,expression
MIEN,Expression,expression
MOTTO,Maxim,maxim
PACT,"Warsaw, for instance","saw,"
PROVS,Sayings: Abbr.,saying
SAW,Proverb,proverb
SAYING,Proverb,proverb
SILENCEISGOLDEN,Mob's maxim,maxim
THELITTLEGUY,"Wall St. saying, with 70 Across",saying
WHEW,Expression of relief,expression
ABSENCEMAKESTHE,"Old adage, with 36 Across",adage
AMANSHOME,Proverbial castle,proverb
ANA,Collection of sayings,saying
ANA,Collection of sayings,saying
ANA,Collection of sayings,saying
ANA,Set of sayings,saying
APHORISTIC,Inclined to quote maxims,maxim
ASI,"""___ was saying""",saying
ASTHE,"Weather adage, with 20 and 47 Across",adage
ATBEST,Maximally,maxim
ATBEST,Maximally,maxim
DICTA,Maxims,maxim
DICTA,Maxims,maxim
ISNAD,Authority on sayings of Mohammed,saying
LIFEBEGINSATXL,Maxim for the middle-aged,maxim
LOSER,"Weeper, in saying",saying
MOT,"Appropriate expression, with 52 Across",expression
MOTTO,Maxim,maxim
MOTTO,Maxim,maxim
MOTTO,Maxim,maxim
MOTTOS,Maxims,maxim
POKERFACED,Expressionless,expression
PRECEPT,Maxim,maxim
SAWS,Adages,adage
SAWS,Old sayings,saying
TACIT,Saying nothing,saying
ADAGE,Maxim,maxim
ADAGE,Pithy saying,saying
ADAGE,Proverb,proverb
ADAGE,Proverb,proverb
ADAGE,Saying,saying
ADAGE,Wise saying,saying
ALAS,Expression of pity,expression
ANAS,Collections of sayings,saying
ARGOT,Idiom,idiom
ARGOTS,Special idioms,idiom
ASI,"""___ was saying""",saying
ASI,"""___ was saying""",saying
ASI,"""___ was saying""",saying
ATBEST,Maximally,maxim
ATMOST,Maximally,maxim
ATMOST,Maximally,maxim
BURNING,"What Moses saw, with 53 Down","saw,"
BYWORDS,Proverbs,proverb
CAMEI,"""I ___ saw, I conquered""","saw,"
HUBBA,Half an expression of excitement,expression
MOST,At ___ (maximally),maxim
MOTTO,Maxim,maxim
OMNIAVINCITAMOR,Maxim for Cupid,maxim
PAUL,Proverbial payee,proverb
PEAS,Proverbial  look-alikes,proverb
SCHELL,Actor Maximilian,maxim
SEVENGAMES,World Series maximum,maxim
TASSE,"Cup, at Maxim's",maxim
ULT,Maximum: Abbr.,maxim
WHEEZE,Trite saying,saying
ADAGE,Proverb,proverb
ADAGE,Proverb,proverb
ADAGE,Saying,saying
ANA,Collection of sayings,saying
ANA,Collection of sayings,saying
ANA,Group of sayings,saying
ANA,Group of sayings,saying
ANAS,Collections of sayings,saying
ANAS,Groups of sayings,saying
APENNYSAVED,"Thrift proverb, with 63 Across",proverb
ASAMERICANAS,"Old U. S. saying, with 88 Down",saying
ASI,"""___ was saying""",saying
ASI,"""___ was saying""",saying
ASI,"""___ was saying""",saying
ASI,"""___ was saying""",saying
GANDER,"Sauce sharer, in saying",saying
ITGOES,"""___ without saying""",saying
LOGIA,Sayings of Jesus,saying
MOTS,Smart sayings,saying
PENNYWISEAND,"Thrift proverb, with 48 Across",proverb
POOFS,Expressions of disdain,expression
SKIN,Proverbial tooth part,proverb
SMILE,Snapshot expression,expression
TOOLS,"Saw, file, etc.","saw,"
UNDERSTATEMENTS,Restrained expressions,expression
ADAGE,Proverb,proverb
ADAGE,Saying,saying
ADAGES,Maxims,maxim
ANA,Group of sayings,saying
ASI,"""___ was saying . . . """,saying
ASI,"""___ was saying""",saying
ASI,"""___ was saying""",saying
ASI,"""___ was saying""",saying
ASI,"""___ was saying""",saying
BETTERTOENDWELL,End of the proverb,proverb
GOODTOBEGINWELL,Part of a proverb,proverb
INDESCRIBABLE,Beyond expression,expression
IWAS,"""As ___ saying . . . """,saying
MAXIM,Proverb,proverb
SAW,Adage,adage
SAWS,Maxims,maxim
SCHELL,Maximilian,maxim
SEL,"Salt, at Maxim's",maxim
SILENCER,Maxim's bequest to gangsters,maxim
ADAGE,Proverb,proverb
AHERDINTHE,"___ band (cattle on parade, proverbially)",proverb
ANEYE,Start of a Biblical maxim,maxim
ARF,Sandy's saying,saying
ASI,"""___ was saying . . . """,saying
ASI,"""___ was saying . . . """,saying
BLANK,Expressionless,expression
DITS,French sayings,saying
EHS,Expressions of inquiry,expression
EST,Maximal ending,maxim
EUTECTIC,Having maximum fusibility,maxim
ISRED,"""Look not thou upon the wine when it ___"": Proverbs",proverb
LOSER,Proverbial weeper,proverb
MOT,Bright saying,saying
MOT,Pithy saying,saying
NEWSISGOODNEWS,"Old saying, with ""No""",saying
OFOLD,"""The beauty ___ men is the gray head"": Proverbs",proverb
ORELSE,Enforcer's expression,expression
SAW,Adage,adage
SAWS,Adages,adage
SAWS,Maxims,maxim
SAWS,Maxims,maxim
SKIN,"Beauty's depth, in a saying",saying
SLOWTO,"""He that is ___ anger . . . "": Proverbs 16:32",proverb
SMILEONONESFACE,Expression of happiness,expression
SOU,French coin of proverbial fame,proverb
SQUAREPEG,"Misfit, in a saying",saying
TAKESALL,"What a winner does, proverbially",proverb
ADAGE,Old saying,saying
ADAGES,Well-known sayings,saying
ALION,"""___ is in the streets"": Proverbs",proverb
ASI,"""___ was saying . . . """,saying
ATMOST,Maximally,maxim
ATOUGHROWTOHOE,Expression for a hard job,expression
MARRYINHASTEAND,"With 35 Across, 16th-century proverb",proverb
MILE,Miss's proverbial equivalent,proverb
MOUE,Pouting expression,expression
OHO,Expression of surprise,expression
ROT,Expression of contempt,expression
SAW,Old saying,saying
SNEER,Nasty expression,expression
SNEER,Scornful expression,expression
SOU,Proverbial French coin,proverb
SOWHAT,Expression of disinterest,expression
UGH,Expression of distaste,expression
ADAGE,Maxim,maxim
ADAGE,Pithy saying,saying
ADAGE,Saying,saying
AHA,Expression of surprise,expression
AHSO,Chan's expression,expression
ALAS,Woeful expression,expression
ANSWER,"""___ a fool according to his folly"": Proverbs",proverb
ASI,"""___ was saying . . . """,saying
ATWO,"""Sharp as ___-edged sword"": Proverbs",proverb
AXIOM,Truism,truism
BOYS,"They will be themselves, proverbially",proverb
DEADPAN,Expressionless,expression
DOTELL,Expression of mild disbelief,expression
EHS,Expressions of inquiry,expression
ENDEARMENT,Expression of affection,expression
FATISINTHEFIRE,"Heywood proverb, with ""The""",proverb
HAHA,Amused expression,expression
ITRIDE,Let ___ (bettor's expression),expression
MEEK,Proverbial heirs,proverb
MEEK,Proverbial heirs,proverb
MONEY,Evil's proverbial root,proverb
MOST,Maximum,maxim
PEACHESANDCREAM,Expression re a complexion,expression
POOH,Expression of disdain,expression
RUG,Proverbial dirt hider,proverb
SAW,Adage,adage
SAW,Adage,adage
SAW,Adage,adage
SAW,Adage,adage
SAW,Wise saying,saying
SCHELLCOLLECTOR,Fan of Maria and Maximilian,maxim
SNEER,Villain's expression,expression
TAKEITORLEAVEIT,Expression involving an ultimatum,expression
TEETER,"Seesaw, for short","saw,"
TOTHEVICTOR,"With 31 Across, saying re subjugation",saying
TWO,Proverbial company,proverb
VACANT,Expressionless,expression
ADAGE,Maxim,maxim
ADAGE,Saying,saying
ADAGE,Saying,saying
ADAGES,Maxims,maxim
AGNEAU,"Lamb, at Maxim's",maxim
AHS,Pleased expressions,expression
ALAS,Expression of concern,expression
ALAS,Expression of grief,expression
ARGOT,Idiom,idiom
ARGOT,Idiomatic talk,idiom
ASI,"""___ was saying . . . """,saying
ASI,"""___ was saying . . . """,saying
ASI,"""___ was saying . . . """,saying
ASI,"""___ was saying""",saying
DRAT,Expression of annoyance,expression
EDILE,Circus Maximus emcee,maxim
GOETH,"""Where no wood is, there the fire ___ out"": Proverbs 26:20",proverb
HEH,Amused expression,expression
HONEY,Proverbial fly catcher,proverb
HONEY,Proverbial fly catcher,proverb
HORSESENSE,Mr. Ed's words of wisdom?,words of wisdom
MIEN,Expression,expression
OWLS,"Wise ones, proverbially",proverb
PIE,"Easy thing, proverbially",proverb
RESPECTS,Expressions of deference,expression
SACRIFICEFLIES,Diamond altruism,truism
SEAS,Proverbial septet,proverb
SHOWERY,"Like April, proverbially",proverb
SMIRKS,"""I told you so"" expressions",expression
SPRINGHASSPRUNG,Expression heard on March 20,expression
STONY,Expressionless,expression
STRAW,Proverbial backbreaker,proverb
TOMDICKANDHARRY,Proverbial trio,proverb
TOOL,"Saw, e.g.","saw,"
TRAVEL,Proverbial broadener,proverb
VENT,Give expression to,expression
ADAGE,Maxim's cousin,maxim
ADAGES,Small sayings that say much,saying
ALAS,Expression of sorrow,expression
ALION,"""___ is in the streets"": Proverbs",proverb
ALISP,"Saying ""th"" for ""s""",saying
ARGOT,Idiomatic vocabulary,idiom
ASI,"""___ was saying . . . """,saying
ASI,"""___ was saying . . . """,saying
BACKTOSQUAREONE,Expression used when a plan goes awry,expression
BAH,Scrooge's expression,expression
CLICHE,Trite expression,expression
EARS,"What walls have, proverbially",proverb
ERAT,Part of a geometer's expression,expression
GRINS,Pleased expressions,expression
LEER,Groucho expression,expression
LEER,Salacious expression,expression
LOGIA,Religious maxims,maxim
LOSERS,Proverbial weepers,proverb
LOVEMELOVEMYDOG,Cynophile's adage,adage
MOT,Bright saying,saying
MOUE,Petulant expression,expression
NOTOUTOFITYET,"With ""We're,"" last-place team's expression in June",expression
OLDSAW,"Maxim, redundantly",maxim
PARLANCES,Idioms,idiom
RATS,Expression of disgust,expression
SAW,Maxim,maxim
SAWS,Maxims,maxim
SAWS,Proverbs,proverb
SEAS,A proverbial seven,proverb
SMILINGLY,With an amused expression,expression
SNEER,Scornful expression,expression
TEAPOT,Proverbial site of a tempest,proverb
TWO,"Company, proverbially",proverb
WINDS,Proverbial foursome,proverb
ABIRDINTHEHAND,"Double value, proverbially",proverb
ADAGE,Proverb,proverb
ADAGE,Saying,saying
ADAGE,Saying,saying
ADAGE,Saying,saying
ALEG,"""Break ___!"" (actors' good-luck saying)",saying
ALIE,"Proverbially, this begets another of its ilk",proverb
ANA,Collected sayings,saying
ANYPORTINASTORM,Adage for those needing a refuge,adage
ASI,"""___ was saying . . . """,saying
ATTICIST,One affecting elegant expression,expression
BROMIDE,Trite saying,saying
CARRYABIGSTICK,End of saying at 19 Across,saying
CHANGEOFMIND,Woman's proverbial prerogative,proverb
DICTA,Maxims,maxim
DICTA,Sayings,saying
DICTUM,Maxim,maxim
EDILE,Circus Maximus emcee,maxim
EDILE,Circus Maximus emcee,maxim
EDILE,Circus Maximus emcee,maxim
EPIGRAMS,"Terse, witty sayings",saying
EWE,Maa-saying ma,saying
GNOMOLOGY,Collection of maxims,maxim
GRIN,Cheshire Cat's expression,expression
HEWHOLAUGHSLAST,Proverbial happy fellow,proverb
LEER,Rake's expression,expression
LETLIVE,End of a well-known adage,adage
LONGFACE,Lugubrious expression,expression
MOTTO,Maxim,maxim
NOGO,"""Futilitarian"" expression",expression
NONEWS,"Glad tidings, proverbially",proverb
OOPS,Clumsy one's expression,expression
PAH,Expression of disgust,expression
PEAKLOAD,Maximum for a power plant,maxim
PROCRASTINATION,"""Thief"" in a proverb",proverb
SAW,Maxim,maxim
SAW,Trite expression,expression
SEAS,A proverbial septet,proverb
SEAS,Proverbial septet,proverb
SEAS,Proverbial septet,proverb
SILENCE,Proverbial consenter,proverb
SPEAKSOFTLYAND,Start of a saying made famous by 5 Down,saying
TIME,Proverbial flier,proverb
ULTIMATE,Maximum,maxim
AGEBEFOREBEAUTY,Saying in deference to an oldster,saying
AHAS,Expressions of surprise,expression
AHSO,Chan's expression,expression
ALAS,Expression of woe,expression
ALAS,Expression of woe,expression
ALISP,"Saying ""th"" for ""s""",saying
ALLOUT,With maximum effort,maxim
AMEN,Expression of approval,expression
ANA,Sayings collection,saying
AOK,Perfect-launching expression,expression
APHORISM,Pithy saying,saying
ARENAE,Colosseum and Circus Maximus parts,maxim
ASI,"""___ was saying . . . """,saying
ATBEST,Maximally,maxim
ATWO,""" . . . sharp as ___-edged sword"": Proverbs",proverb
DICTA,Maxims,maxim
EDILE,Circus Maximus official,maxim
EHS,Expressions of inquiry,expression
EPIGRAM,Witty saying,saying
EPITHET,Abusive expression,expression
GASPS,Expressions of shock,expression
ICAMEI,"""___ saw, I conquered""","saw,"
KITES,Proverbially high ones,proverb
LOGIA,Collected sayings of Christ,saying
MAZELTOVS,Certain expressions of good wishes,expression
MOT,Witty saying,saying
MOT,Witty saying,saying
MOTHERKNOWSBEST,Maxim for Mrs. Dionne,maxim
OHOH,Expression of mild surprise,expression
PEAK,Maximum,maxim
PHEW,Expression of relief,expression
POWER,Proverbial corrupter,proverb
SAW,Adage,adage
SAW,Sententious saying,saying
SEAS,Proverbial septet,proverb
SILENCEISGOLDEN,Adage for a librarian,adage
SNEER,Expression of disdain,expression
SPARETH,"""He that ___ his rod . . . "": Proverbs",proverb
TUT,Expression of impatience,expression
TWO,"Company, proverbially",proverb
UMPH,Expression of disgust,expression
WAYROUND,""" . . . longest ___ is the shortest way home"": Italian proverb",proverb
ADAGE,Old saying,saying
ALORS,Offhand expression in Paris,expression
ANAS,Collections of sayings,saying
APOTHEGM,Maxim,maxim
ASI,"""___ was saying . . . """,saying
ASI,"""___ was saying . . . """,saying
ASI,"""___ was saying . . . """,saying
ATMOST,Maximally,maxim
CUPEL,Gold-assaying cup,saying
EASYGO,Part of a saying re spendthrifts,saying
EHS,Expressions of inquiry,expression
EPIGRAM,"Terse, witty saying",saying
ERNST,Expressionist artist Max,expression
HOHO,Santa's jovial expression,expression
LANE,Proverbial spot for lovers,proverb
LIMIT,Gambling maximum,maxim
LIMIT,Maximum,maxim
LOOK,"With 24 Across, an adage",adage
MAXIM,Proverb,proverb
MISS,"Mile equivalent, proverbially",proverb
MOT,Pithy saying,saying
OHO,Expression of surprise,expression
PEEP,Chick's expression,expression
RIS,"Sweetbread, at Maxim's",maxim
SAW,Maxim,maxim
SNEER,Scornful expression,expression
SNEER,Scornful expression,expression
SOMEGARLICEVERY,"With 36 and 59 Across, parody on an adage",adage
TREES,Proverbial non-monetary source,proverb
UTTERING,Saying,saying
YESES,Sycophant's sayings,saying
ALAS,Expression of sorrow,expression
AMILE,Proverbial equal of a miss,proverb
APOLOGY,Expression of regret,expression
ASI,"""___ was saying . . . """,saying
CARLOTA,Maximilian's empress,maxim
CLICHE,Oft-heard expression,expression
COMMONPLACEBOOK,Miscellany of memorable maxims,maxim
DEADPAN,Expressionless,expression
EDILE,Circus Maximus official,maxim
FOE,Expression of reproach,expression
GRINS,Pleased expressions,expression
HUH,Expression of disbelief,expression
LEARNGOODTHINGS,Start of a Russian proverb,proverb
MOTHERWELL,Noted Abstract Expressionist,expression
POOF,Magician's expression,expression
SAWS,Adages,adage
SAWS,Proverbs,proverb
SHIVERMETIMBERS,Seafarer's expression,expression
SNEER,Scoffer's expression,expression
SNEER,Villainous expression,expression
SOLOMON,Proverbs author,proverb
SUTTAS,Buddhist maxims,maxim
SWEATOFONESBROW,"Moil's toll, proverbially",proverb
THEBADWILLTEACH,Middle of the proverb,proverb
THESHOWMUSTGOON,Theatrical adage,adage
THREE,Proverbial crowd,proverb
TIDES,Proverbial non-waiters,proverb
YOUBYTHEMSELVES,End of the proverb,proverb
ABEAM,U.S.N.A. expression,expression
ADAGE,Proverb,proverb
ALAS,Woeful expression,expression
AMAID,""" . . . the way of a man with ___"": Proverbs",proverb
ANAS,Collections of sayings,saying
ARGOT,Slang; idiom,idiom
ASI,"""___ was saying""",saying
ATWO,""" . . . sharp as ___-edged sword"": Proverbs",proverb
AXIOM,Maxim,maxim
BLISS,"Ignorance, in an old saying",saying
CLOACA,___ Maxima (early Roman sewer),maxim
EDILES,Circus Maximus officials,maxim
EHS,Interrogative expressions,expression
FROWN,Expression of displeasure,expression
IMAGINARYNUMBER,Part of an algebraic expression,expression
NATTERINGNABOBS,Agnew's naysaying negativists,saying
PROCRASTINATION,"Proverbial ""thief""",proverb
PSHAW,Expression of impatience,expression
RAH,Expression of support,expression
SAW,Adage,adage
SAW,Adage,adage
SAW,Maxim,maxim
SAWS,Cutting maxims?,maxim
SAWS,Maxims,maxim
SAWS,Maxims,maxim
SNEERS,Disdainful expressions,expression
TWENTYFIVEANDONETHIRD,"Lizzie Borden's blows – ""Easy Pieces"" ÷ proverbial crowd =",proverb
UGH,Expression of disgust,expression
WEEKEND,"Reason for saying ""T.G.I.F.!""",saying
YEAS,Favorable expressions,expression
ADAGE,Old saying,saying
ADAGE,Saying,saying
AHS,Expressions of pleasure,expression
ANA,Collection of sayings,saying
ASI,"""___ was saying . . . """,saying
EGAD,Expression of alarm,expression
GRIMACES,Wry expressions,expression
GRIN,Toothy expression,expression
HUH,Expression of indifference,expression
ISEE,Expression of understanding,expression
LOSER,"Weeper, proverbially",proverb
MOLEHILL,Proverbial trifle,proverb
MOST,Maximum,maxim
MOTTO,Maxim,maxim
OOPS,Clumsy one's expression,expression
OSSA,Pelion's base in a saying,saying
PAH,Expression of disbelief,expression
SAW,Proverb,proverb
SAWS,Maxims,maxim
SAWS,Maxims,maxim
SEAS,Proverbial septet,proverb
SELAH,Psalmic expression,expression
SMILES,Happy expressions,expression
THAW,Lisper's adage?,adage
TRUISMS,Maxims,maxim
UGH,Expression of disgust,expression
ADAGE,Saying,saying
ALAS,Expression of worry,expression
AMENS,Expressions of assent,expression
AMOR,Conqueror in a Latin adage,adage
ASI,"""___ was saying""",saying
ATMOST,Maximally,maxim
ATWO,""" . . . sharp as ___-edged sword"": Proverbs",proverb
BIRDSOFAFEATHER,Those who proverbially flock together,proverb
FIES,Expressions of disgust,expression
GRIN,Affable expression,expression
HAH,Expression of surprise,expression
HAS,Expressions of surprise,expression
IAL,Proverb ending,proverb
IZE,Ending for magnet or maxim,maxim
OOPS,Clumsy one's expression,expression
RATS,Charlie Brown's expression,expression
RATS,Expression of disgust,expression
SAW,Adage,adage
SAW,Adage,adage
SAWS,Maxims,maxim
SAWS,Proverbs,proverb
STYLE,Manner of expression,expression
TALK,Proverbially cheap item,proverb
YOUCANNOTENSUREHEALTH,Sa(g/n)e saying,saying
ABROTHER,""" . . . closer than ___"": Proverb 18:24",proverb
ADAGE,Proverb,proverb
ADAGE,Saying,saying
AHS,Expressions of delight or regret,expression
ANA,Volume of sayings,saying
ANAS,Collections of sayings,saying
APHORISTIC,Like an adage,adage
ASI,"""___ was saying . . . """,saying
ASI,"""___ was saying . . . """,saying
ATREE,""" . . . it is ___ of life"": Proverb 13:12",proverb
CASTLE,"A man's home, proverbially",proverb
DANKESCHON,Expression of gratitude in Gotha,expression
HEWHOLAUGHSLAST,Start of a truism,truism
HOHUM,Expression of ennui,expression
IRONIN,"""___ the water shall float"" (old English saying)",saying
ISHEARDAFTERTHE,More of the truism,truism
KISS,Expression of affection,expression
KLINE,American Abstract Expressionist,expression
LOGIA,Gospel sayings,saying
REDALERT,Maximum vigilance warning,maxim
RESTHAVESTOPPED,End of the truism,truism
SILENCEISGOLDEN,Adage for a dumb blonde?,adage
SLANG,Breezy idiom,idiom
SPEE,Admiral Maximilian von ___,maxim
TEAPOT,"Tempest container, proverbially",proverb
TWO,"""___ for the Seesaw,"" 1962 film","saw,"
VIDI,"""I saw,"" to Caesar","saw,"
WISHES,Horses in an iffy proverb,proverb
ADAGE,Maxim,maxim
ADAGE,Proverb,proverb
ADAGE,Saying,saying
ADAGE,Saying,saying
ADDER,""" . . . stingeth like an ___"": Proverbs 23:32",proverb
ALAS,Sorrowful expression,expression
AMAID,""" . . . the way of a man with ___"": Proverbs",proverb
ANAS,Collections of sayings,saying
ARSHILE,Abstract Expressionist Gorky,expression
ASI,"""___ was saying . . . """,saying
ASI,"""___ was saying . . . """,saying
DAW,"""See-saw, Margery ___ . . . ""","saw,"
HONEY,Proverbial fly catcher,proverb
LOGIA,Religious maxims,maxim
LOGIA,Religious sayings,saying
NEERWONFAIRLADY,"""Faint heart ___"" (old saying quoted by Cervantes)",saying
RIDDLES,Enigmatic sayings,saying
SAW,Adage,adage
SAW,Adage,adage
SAWS,Maxims,maxim
SEAS,A proverbial septet,proverb
THEGAMEISUP,Arresting expression for this crossword,expression
UGH,Expression of disgust,expression
WEEPER,"Loser, proverbially",proverb
ADAGE,Maxim,maxim
AHS,Expressions of pleasure,expression
AHSO,Chan's expression,expression
ALAS,Expression of sadness,expression
ANAS,Collections of sayings,saying
APOTHEGM,Pithy saying,saying
ASI,"""___ was saying . . . """,saying
ASI,"""___ was saying . . . """,saying
ASI,"""___ was saying . . . """,saying
CAST,Expression,expression
EDILE,Circus Maximus official,maxim
EDILE,Circus Maximus official,maxim
EDILE,Circus Maximus official,maxim
EHS,Expressions of inquiry,expression
EULOGIA,Expressions of praise,expression
GLASSY,Expressionless,expression
GRIN,Expression of elation,expression
HASTEMAKESWASTE,Adage re impatient actions,adage
HOHUM,Expression of boredom,expression
LEER,Villain's expression,expression
LOGIA,Religious teachers' maxims,maxim
MOT,Pithy saying,saying
MOTTO,Saying on a seal,saying
NAIL,Proverbial kingdom-loser,proverb
NOGO,"""Futilitarian"" expression",expression
NOTTEACH,"""The eggs do ___ the hen"": Russ. proverb",proverb
SAW,Adage,adage
SEGA,"Saw, in Siena","saw,"
SHRUG,Shoulder expression,expression
ULT,Maximum: Abbr.,maxim
UTTERANCES,Vocal expressions,expression
VENERATOR,"Priest saying Mass, e.g.",saying
VENTED,Gave expression to,expression
ADAGE,Maxim,maxim
ADAGE,Proverb,proverb
AHME,Woeful expression,expression
ANA,Collection of sayings,saying
ASI,"""___ was saying . . . """,saying
BRIDES,Proverbial blushers,proverb
EHS,Expressions of inquiry,expression
EHS,Inquiring expressions,expression
EMS,Maxim's has two,maxim
ENCOMIUM,Expression of praise,expression
EXPRESSION,Saying,saying
HEAVENS,Expression of surprise,expression
MANDERLEY,Maxim de Winter's estate,maxim
MOTTO,Maxim,maxim
POKERFACE,Nonexpression,expression
PRECEPTS,Maxims,maxim
REPROOF,Expression of censure,expression
SAW,Adage,adage
SAWS,Adages,adage
SAWS,Adages,adage
SAWS,Adages,adage
STRAW,Proverbial backbreaker,proverb
TONELESS,Lacking in expression,expression
USEIT,"""___ up, wear it out"" (New England maxim)",maxim
ABOOST,"""Every knock is ___"" (old saying)",saying
ALIAR,"""___needs a good memory"" (old maxim)",maxim
ANAS,Groups of sayings,saying
ASI,"""___ was saying . . . """,saying
ASI,"""_____ was saying...”",saying
ATBEST,Maximally,maxim
DICTA,Maxims,maxim
EDILE,Circus Maximus official,maxim
EHS,Inquiring expressions,expression
HOTSY,"Half a ""perfect"" expression",expression
ISAY,Englishman's expression,expression
ISNEAR,"""For better is a neighbor that ___ . . . "": Proverbs",proverb
LIMIT,Angler's maximum catch,maxim
LOVE,Proverbial world rotator,proverb
MAKEHASTESLOWLY,Cautionary adage,adage
MEEK,Proverbial heirs,proverb
MOTTO,Maxim,maxim
POWER,Proverbial corrupter,proverb
SAW,Adage,adage
SAW,Adage,adage
SAW,Maxim,maxim
SAW,Maxim,maxim
SAWS,Maxims,maxim
SAWS,Proverbs,proverb
SEL,Salt at Maxim's,maxim
TENFOOT,Kind of proverbial pole,proverb
UNCLEREMUS,"Book subtitled ""His Songs and His Sayings""",saying
VENTS,Gives expression to,expression
ABOUTFINDSABONE,End of the adage,adage
AMAID,"""The way of a man with _____"": Proverbs",proverb
ARENA,"Circus Maximus, e.g.",maxim
ARICHMANSJOKE,Part 3 of the proverb,proverb
ASI,"""_____ was saying ...""",saying
ASI,"""_____ was saying...""",saying
ASI,"""_____ was saying...""",saying
AXIOM,Truism,truism
BEWISE,""".... consider her ways, and _____"": Proverbs",proverb
BROMIDE,Cliche,cliche
ENSOR,Pioneer Expressionist James,expression
EST,Maximal ending,maxim
EXTREME,Maximal,maxim
GORKY,Playwright Maxim,maxim
IAM,Self expression?,expression
INROMEDOASTHEROMANSDO,Proverb giving a clue to this puzzle,proverb
ISALWAYSFUNNY,End of the proverb,proverb
LIGHT,"End of a tunnel, proverbially",proverb
LIMIT,Maximum bet,maxim
MAILROOM,Proverbial starting point on the corporate ladder,proverb
MARRYFORMONEY,Start of an old proverb,proverb
MAXIM,Proverb,proverb
MOTTO,Words of wisdom,words of wisdom
MYLITTLESONNY,Part 2 of the proverb,proverb
ODI,_____ et amo (expression of mixed feelings),expression
PEN,"Sword's superior, in saying",saying
POLONIA,"Little Warsaw, e.g.","saw,"
SAWS,Words of wisdom,words of wisdom
STATING,Saying,saying
STONY,Expressionless,expression
TAXES,"One of life's certainties, in a saying",saying
TENFOOTPOLE,Proverbial distancer,proverb
TGIF,Crusoe's favorite expression?,expression
THEDOGTHATTROTS,Start of an adage,adage
TRUISM,Cliche-in-the-making,cliche
UHOH,Expression of trouble,expression
ADAGE,Maxim,maxim
ADAGE,Proverb,proverb
ADAGE,Words of wisdom,words of wisdom
ARS,"""_____ est celare artem"" (Latin proverb)",proverb
ASI,"""_____ was saying...""",saying
ASI,"""_____ was saying...""",saying
ATIC,Suffix with idiom,idiom
ATMOST,Maximally,maxim
BLISS,"Ignorance, proverbially",proverb
BLUEINTHEFACE,VISSADAGE,adage
DOGMA,Arrogant expression of opinion,expression
ECCL,Book after Proverbs: Abbr.,proverb
EDILE,Circus Maximus V.I.P.,maxim
EXPONENT,Mathematical expression,expression
GORKI,Russian novelist Maxim,maxim
HILT,To the _____ (maximally),maxim
HUHS,Expressions of disbelief,expression
ILLWIND,Proverbial bringer of misfortune,proverb
JACKSONPOLLOCK,Abstract Expressionism pioneer,expression
KEPTAPOKERFACE,Remained expressionless,expression
KOKOSCHKA,Expressionist artist Oskar,expression
LAMPPOST,Part of a proverbially silent trio,proverb
MARC,German Expressionist Franz ____,expression
MORON,"""Anyone who disagrees with me,"" in a saying",saying
MYGONDOLANCES,Naval expression of regrets?,expression
NICEGUYS,Proverbial last-place finishers,proverb
NOEVIL,"What a monkey senses, in a saying",saying
SAWS,Old sayings,saying
SEL,Condiment at Maxim's,maxim
SPEE,Maximilian von _____,maxim
TEN,"Maximum rating, often",maxim
VACANTLY,With an empty expression,expression
AAH,Expression of comfort,expression
ADAGE,"Dull saw, maybe","saw,"
ADAGE,Proverb,proverb
ADAGE,Words of wisdom,words of wisdom
ADAGES,Sayings,saying
ALAS,Gloomy Gus's expression,expression
ALMOST,"This doesn't count, in a saying",saying
AMANSBESTFRIEND,"Fido, proverbially",proverb
AMENS,Expressions of approval,expression
APHORISM,Terse saying,saying
AROLLINGSTONE,"Rotarian, proverbially?",proverb
BKS,"Psalms and Proverbs, e.g.: Abbr.",proverb
CHERCHEZLAFEMME,Detective's cliche,cliche
GRINS,"Embarrassed expressions, at times",expression
HASTEMAKESWASTE,Cautious proverb,proverb
HILT,Maximum degree,maxim
HONES,"Maximizes effectiveness, as of skills",maxim
ILOSE,"Coin flip outcome, in a saying",saying
LEER,Groucho expression,expression
MAKEHASTESLOWLY,Oxymoronic proverb,proverb
MOTTO,Saying,saying
MOTTOS,Guiding maxims,maxim
NOLDE,German Expressionist Emil,expression
POURSITON,Gives maximum effort,maxim
ROME,"Road nexus, proverbially",proverb
SAW,Saying,saying
SAW,Saying,saying
SILENCEISGOLDEN,Maxim violated by a stool pigeon,maxim
SLIEST,Maximally cunning,maxim
VENIVIDIVICI,Saying of Caesar,saying
WASTENOTWANTNOT,Parsimonious proverb,proverb
WASTENOTWANTNOT,Thrifty maxim,maxim
APPEL,Dutch Abstract Expressionist,expression
ATIC,Suffix with idiom,idiom
AXIOM,Adage,adage
CARRYABIGSTICK,"Show authority, in a saying",saying
HAPPINESSISAWARMPUPPY,Popular proverb from the strip,proverb
HOMAGE,Expression of respect,expression
ISEE,Expression of understanding,expression
LIFESENTENCE,"The maximum, often",maxim
MARIECURIE,"Chemist born in Warsaw, Poland","saw,"
MILE,"Miss's equivalent, in a saying",saying
ONEBOUNCE,Tennis maximum,maxim
ONEVOTE,"Each man's entitlement, per the saying",saying
PAINED,Kind of expression,expression
PLAUDIT,Expression of approval,expression
SAGEADVICE,Words of wisdom,words of wisdom
SAW,Adage,adage
SUNSET,Cliched movie ending,cliche
TGIF,Expression of relief,expression
TRY,"Word repeated before ""again,"" in a saying",saying
VIDI,"""I saw,"" Caesar-style","saw,"
ACOW,As nimble as ___ in a cage (old saying),saying
ADAGE,Words of wisdom,words of wisdom
ANTI,Naysaying,saying
ARE,"""What ___ you saying?""",saying
ASTRA,"""Ad ___ per Aspera"" (Kansas maxim)",maxim
AXIOM,It goes without saying,saying
BEESWAX,"Nosy person's affair, in a saying",saying
CARESSES,Expressions of love,expression
EMS,Maximum limits?,maxim
IFYOUWANTTOKNOW,"Saying of Benjamin Franklin, part 1",saying
LIPREADER,One who can see what you're saying,saying
LOGIA,Religious maxims,maxim
MEEK,Proverbial inheritors,proverb
MOTS,Witty sayings,saying
MUM,Saying nothing,saying
MUM,Saying nothing,saying
NOMAN,"""The wicked flee when ___ pursueth"": Proverbs",proverb
NOMAN,"""The wicked flee when ___ pursueth"": Proverbs",proverb
NTH,Maximum,maxim
PHR,Idiom: Abbr.,idiom
RUNE,Mystical saying,saying
SAW,Trite saying,saying
SCHELL,1961 Best Actor Maximilian,maxim
SLACKJAW,Part of an astonished expression,expression
TAKESTWOTOTANGO,"Requires more than one person, in a saying",saying
THEEMPERORJONES,Expressionistic O'Neill play,expression
THEVALUEOFMONEY,"Saying, part 2",saying
TRYTOBORROWSOME,End of the saying,saying
VOICE,Style of expression,expression
VOICE,Style of expression,expression
ADAGE,Saying,saying
ADAGE,Saying,saying
ADAGE,Words of wisdom,words of wisdom
ANON,Like most proverbs: Abbr.,proverb
BIRDIE,"Teller of secrets, in a saying",saying
EGOMANIA,Altruism's antithesis,truism
ESAU,"Whom ""she saw...on a seesaw,"" in a children's ditty","saw,"
ESSAYTEST,Place for verbal expression,expression
HATRED,"""___ stirreth up strifes"": Proverbs",proverb
IDIOM,Expression,expression
LEER,Groucho's expression,expression
LID,Maximum,maxim
OOH,Expression of excitement,expression
QUITTER,Proverbial loser,proverb
SNEERS,Expressions of contempt,expression
STONY,Expressionless,expression
TENFEET,Length of a proverbial pole: 2 wds.,proverb
TOERR,Start of a saying on forgiveness,saying
TWO,"Company, proverbially",proverb
UHOH,Apprehension expression,expression
UHOH,Apprehension expression,expression
UTMOST,Maximum,maxim
UTMOST,Maximum,maxim
BREAKALEG,Expression of luck for an actor,expression
BROMIDES,Trite sayings,saying
CHARM,"It's ""more than beauty,"" in a Yiddish proverb",proverb
GRINS,"""Aw, shucks"" expressions",expression
GRINS,"""Aw, shucks"" expressions",expression
HRE,Maximilian's realm: Abbr.,maxim
IAM,Self expression?,expression
IAM,Self expression?,expression
IDIOM,Peculiar expression,expression
KNOTTY,"Hard to saw, as some pine","saw,"
LESS,"More, in a saying",saying
LIMITS,Maximums,maxim
OLDSAW,Familiar saying,saying
OMIT,Go without saying,saying
PITHY,Like many adages,adage
POUT,Unhappy expression,expression
RELIEVED,"Saying ""aah,"" perhaps",saying
SMIRK,Villainous expression,expression
SQUIB,Witty saying,saying
STUPIDEST,Maximally dense,maxim
TAS,Brits' expressions of gratitude,expression
UHOH,Concerned expression,expression
ULT,Maximum: Abbr.,maxim
ANON,This may follow words of wisdom,words of wisdom
ARFS,Expressions of puppy love,expression
ASOP,"""Give ___ to Cerberus"" (Greek and Roman saying)",saying
AWS,Expressions of disbelief,expression
AWS,Expressions of disbelief,expression
BEATSME,Expression of bafflement,expression
EMIL,German Expressionist Nolde,expression
GORKI,Russian writer Maxim,maxim
IWAS,"""As ___ saying ...""",saying
KISSINGCOMESIN,Expression of love is gaining popularity?,expression
LISP,"Saying ""th"" for ""s""",saying
LOOK,Expression,expression
LOVEISBLIND,Saying about romance,saying
MEEK,Proverbial heirs,proverb
NISSAN,Maxima maker,maxim
OLDSAW,Familiar saying,saying
ONEVOICE,Expression of unity,expression
OOHS,Expressions of joy,expression
RINGOTRUTH,Beatle's maxim?,maxim
ROAR,Expression of pride?,expression
ROSEPETALS,Composition of a proverbial soft bed,proverb
SCOWL,Grumpy expression,expression
SENSED,"Saw, e.g.","saw,"
SILENCEISGOLDEN,A proverb that contradicts 17- and 34-Across,proverb
SLYEST,Maximally sharp,maxim
STATELAW,"Maximum speed limit, e.g.",maxim
STONILY,Without expression,expression
STREAMLINES,Maximizes efficiency,maxim
THESQUEAKYWHEEL,"With 34-Across, a proverb",proverb
ADAGES,Truisms,truism
AMAID,"""... the way of a man with ___"": Proverbs",proverb
ANA,Collected sayings,saying
ANA,Collected sayings,saying
ASI,"""___ was saying""",saying
ASIF,Expression of ridicule,expression
ATMOST,Maximally,maxim
BOTTOMSUP,Saying before a big drink,saying
CLASSIFIEDADAGE,Proverb not meant to be repeated?,proverb
EGON,Austrian Expressionist Schiele,expression
EMIL,Expressionist Nolde,expression
EMIL,Expressionist Nolde,expression
ERICH,Expressionist painter Heckel,expression
GOON,"""You were saying ...""",saying
GRIN,Alfred E. Neuman expression,expression
HRE,Maximilian I's realm: Abbr.,maxim
LONGFACE,Sullen expression,expression
NTH,Maximum,maxim
SAW,Old saying,saying
SEENO,"With 97-Across, a proverbial monkey's advice",proverb
THEPIPER,Proverbial payee,proverb
UTMOST,Maximum extent,maxim
AAHS,Expressions of relief,expression
AAHS,Expressions of relief,expression
ADAGE,Wise saying,saying
ADAGES,Maxims,maxim
ASI,"""___ was saying ...""",saying
ATMOST,Maximally,maxim
ATMOST,Maximally,maxim
CROWD,"Three, in a saying",saying
DONQUIXOTE,"Classic saga from which the expressions at 23-, 29-, 63-, 83-, 100-, 111- and 114-Across all originated",expression
ECCL,Book after Proverbs: Abbr.,proverb
HASTE,"Waste maker, proverbially",proverb
HIPPEST,In to the maximum extent,maxim
IAM,Self expression?,expression
ITERATES,Keeps saying,saying
OLDDOG,"Nonlearner, proverbially",proverb
OLDDOG,"Nonlearner, proverbially",proverb
OLSON,"""The Maximus Poems"" writer Charles ___",maxim
OWS,Pained expressions,expression
PAT,"Motion while saying ""Good dog!""",saying
RATIOS,Expressions with colons,expression
SNAZZIEST,Maximally chi-chi,maxim
TOPS,Maximally,maxim
TUTTUT,Expression of disapproval,expression
VOXPOPULI,What folks are saying,saying
WEWONDER,Start of a comment on a popular adage,adage
ADAGE,Proverb,proverb
ADAGES,Almanac sayings,saying
ALLIN,Maximum poker bet,maxim
ASI,"""___ was saying ...""",saying
ATMOST,Maximally,maxim
DEO,"___, Optimo, Maximo (Benedictine motto)",maxim
DEO,"___, Optimo, Maximo (Benedictine motto)",maxim
DOETH,"""A merry heart ___ good like a medicine"": Proverbs",proverb
EGON,Expressionist Schiele,expression
HIPPEST,Maximally cool,maxim
HRE,Maximilian's realm: Abbr.,maxim
IAL,Proverb ending?,proverb
ISAN,"""There ___ old saying ...""",saying
LOGIA,Sayings of Jesus,saying
MUTE,Saying nothing,saying
NEXTTIME,"When to get revenge, proverbially",proverb
NOEVIL,"It may be seen, heard or spoken, in a saying",saying
PAAR,"Subject of the documentary ""As I Was Saying""",saying
PAAR,"Subject of the documentary ""As I Was Saying""",saying
SAW,Adage,adage
SEXES,Proverbial battlers,proverb
SMIRK,Smug expression,expression
STARE,Expression of disbelief,expression
STONY,Expressionless,expression
THX,"Expression of gratitude, briefly",expression
THX,"Expression of gratitude, briefly",expression
TON,Proverbial brickload,proverb
WAS,"""What ___ I saying?""",saying
WORDONTHESTREET,"What ""they"" have been saying",saying
ACORN,Proverbial start of great things,proverb
ADAGE,Maxim,maxim
ADAGE,Saying,saying
ARISTOTLE,"Originator of the maxim ""One swallow does not make a summer""",maxim
ASI,"""___ was saying""",saying
ASYE,Start of a sowing adage,adage
AVE,Circus Maximus greeting,maxim
BYGONES,"Things best let be, proverbially",proverb
BYGONES,"Things best let be, proverbially",proverb
COUNTEM,Expression of numerical certainty,expression
COUNTEM,Expression of numerical certainty,expression
ECCL,Book after Proverbs: Abbr.,proverb
HEEHEE,Impish expression of delight,expression
IAL,Suffix with proverb,proverb
KRASNER,Abstract Expressionist Lee,expression
LID,Maximum,maxim
OLDSAWS,Proverbs,proverb
ONEPOUND,Maximum weight of a ball in Olympic soccer,maxim
PIPER,Proverbial payee,proverb
POSHEST,Maximally swank,maxim
SIMPER,Coy expression,expression
STONY,Expressionless,expression
TERSE,Not saying much,saying
TOGAS,Circus Maximus attire,maxim
UTMOST,Maximal,maxim
UTMOST,Maximum,maxim
WHATTHE,Dumbfounded expression,expression
WHATTHE,Dumbfounded expression,expression
ACHIEST,Maximally sore,maxim
ADAGE,Old saying,saying
ALAS,Expression of unhappiness,expression
ANON,"Source of many a proverb, for short",proverb
ASI,"""___ was saying …""",saying
ASI,"""___ was saying …""",saying
DANKE,German expression of appreciation,expression
EMIL,German Expressionist ___ Nolde,expression
EMPEROR,"Maximilian, for one",maxim
EMPEROR,"Maximilian, for one",maxim
GOFIGURE,Expression of bewilderment,expression
GREETINGCOD,"Saying hi to some food fish, in Boston?",saying
IWAS,"""As ___ saying …""",saying
LOVEMELOVEMYDOG,Pet expression?,expression
MARLENE,1984 Maximilian Schell biopic,maxim
MOST,Maximum,maxim
NISSAN,Maxima maker,maxim
NOREST,"What the 52-Down have, in a saying",saying
POETS,"They're ""born, not made,"" according to an old saying",saying
POETS,"They're ""born, not made,"" according to an old saying",saying
REDSKYATMORNING,"Sailor's meteorological concern, in a saying",saying
SCOWL,Dark expression,expression
SNEER,Contemptuous expression,expression
SPOONER,"Reverend credited with saying ""The Lord is a shoving leopard""",saying
ADAGES,Proverbs,proverb
AMORVINCITOMNIA,Saying about the heart,saying
ANON,Like most adages: Abbr.,adage
APIT,"""Whoso diggeth ___ shall fall therein"": Proverbs",proverb
ATMOST,Maximally,maxim
AVOWER,"One saying ""I do""",saying
DONO,"""___ harm"" (medical maxim)",maxim
ECCL,Book after Proverbs: Abbr.,proverb
EGON,Expressionist Schiele,expression
EMIL,Expressionist Nolde,expression
HALFALOAF,Proverbial portion,proverb
HALFALOAF,Proverbial portion,proverb
HILT,Maximum extent,maxim
IDIOM,Expression,expression
INTHECASEWHERE,Start of a question about an old proverb,proverb
LEER,Contemptuous expression,expression
LEVER,"Seesaw, e.g.","saw,"
LEVER,"Seesaw, e.g.","saw,"
LIMIT,Maximum or minimum,maxim
LOWTIDE,Beach maximizer,maxim
NOREST,"What the weary get, in a saying",saying
OLDNAG,Candidate for the proverbial glue factory,proverb
OTIS,"Revolutionary James ___, famous for saying ""Taxation without representation is tyranny""",saying
PRAYING,Saying grace,saying
SAYING,Proverb,proverb
SEEDIEST,Maximally mangy,maxim
SNEER,Elvis impersonator's expression,expression
SNEER,Elvis impersonator's expression,expression
TARTEST,Maximally sharp,maxim
TIME,"It heals all wounds, in a saying",saying
TOPS,Maximally,maxim
TUTTUT,Expression of annoyance,expression
YESORNO,What a politician often avoids saying,saying
AINT,"""Politics ___ beanbag"" (Mr. Dooley maxim)",maxim
ASI,"""___ was saying ...""",saying
DONQUIXOTE,"Whence the expression ""mum's the word""",expression
GRIN,Expression for the Joker,expression
HILT,Maximum extent,maxim
IMPLY,Say without saying?,saying
MALES,Maxim's target audience,maxim
NOPLACELIKEHOME,End of a popular saying related to this puzzle's theme,saying
PERIODIDE,Salt with the maximum proportion of element #53,maxim
REAGENT,Assaying aid,saying
ROADS,"They all lead to Rome, in a saying",saying
ROADS,"They all lead to Rome, in a saying",saying
ROTE,Saying again and again,saying
ROTHKO,"""Number 10"" Abstract Expressionist",expression
ROTHKO,"""Number 10"" Abstract Expressionist",expression
RUBIES,"What a virtuous woman is worth more than, according to Proverbs 31:10",proverb
RUSHIN,"What fools do, per an adage",adage
SNUG,"Like a bug in a rug, according to an expression",expression
STITCHINTIME,"Proverbial saver of nine, with ""a""",proverb
TALK,"It's cheap, proverbially",proverb
THEPEN,"It's ""mightier,"" in a saying",saying
THX,Quick expression of gratitude,expression
VOXPOP,"What people are saying, briefly",saying
ATMOST,Maximally,maxim
BLARES,Plays at maximum volume,maxim
BOTHER,"""Oh, ___!"" (Pooh expression)",expression
CAESARSWIFE,"One who must be above suspicion, in a saying",saying
CARPE,"Seize, in a saying",saying
CHILDSTOYS,"Bearers of a phrase suggested by saying the starts of 17-, 24-, 38- and 49-Across",saying
CLEANLINESS,"It's next to 10-Down, both in an adage and literally in this puzzle",adage
DOETH,"""A merry heart ___ good like a medicine"": Proverbs",proverb
ERR,"""Do they not ___ that devise evil?"": Proverbs 14:22",proverb
ESL,Educ. course in which grammar and idioms are taught,idiom
EST,Maximal ending,maxim
ISONE,"""Saying ___ thing, doing ...""",saying
LEER,Satyric expression,expression
LESS,"More, in a saying",saying
MOSTEST,"Maximum, slangily",maxim
NODICE,Expression coined by a crapshooter,expression
ODES,Expressions of praise,expression
ODES,Expressions of praise,expression
OLDAGE,"It beats the alternative, in a saying",saying
OLDAGE,"It beats the alternative, in a saying",saying
PAEAN,Expression of praise,expression
PAEAN,Expression of praise,expression
PEAKS,Maxima,maxim
RARE,Like proverbial hen's teeth,proverb
ROADS,"There are four hidden in this puzzle, which together suggest a familiar five-word saying (3,5,4,2,4)",saying
SANEST,Maximally balanced,maxim
SNEER,Billy Idol expression,expression
SNEER,Scornful expression,expression
SPEE,German admiral Maximilian von ___,maxim
SPURS,"What a cowboy may use while saying ""Giddyup!""",saying
STONY,Expressionless,expression
SUTRA,Hindu maxim,maxim
TAIL,"What you might catch a tiger by, in a saying",saying
THETIESTHATBIND,"Strong family connections, idiomatically",idiom
TOERR,Start of an adage about forgiveness,adage
ULT,Maximum: Abbr.,maxim
AAH,Delighted expression,expression
ACUTEST,Maximally intense,maxim
ALLOUT,Maximum,maxim
AMERICAN,"Like apple pie, in a saying",saying
ANYHOW,"""As I was saying ...""",saying
BUSY,Like the proverbial beaver,proverb
BUTTERFLYKISSES,Expressions of affection made with the eyes,expression
CURLIEST,Maximally kinky,maxim
DEADPAN,Expressionless,expression
GLASSYEYED,Expressionless,expression
HRE,Maximilian I's realm: Abbr.,maxim
IAM,Self expression?,expression
IDIOMS,Everyday expressions,expression
LADMAG,"Maxim, e.g.",maxim
LETITBE,"1970 #1 hit whose title follows the lyric ""Speaking words of wisdom ...""",words of wisdom
MANBITESDOG,Proverbially newsworthy item,proverb
NOREST,"What the weary get, in a saying",saying
OUNCE,Proverbial prevention portion,proverb
PAINED,Kind of expression,expression
POKE,"Pig's container, in a saying",saying
POLITE,"Saying ""Please"" and ""How do you do?,"" say",saying
SAWS,Old sayings,saying
SEAS,Proverbial heptad,proverb
SEENBUTNOTHEARD,"What children should be, so the saying goes",saying
SEENO,Beginning of a saying about evil,saying
SNEER,Grinch's expression,expression
SPILT,Like some proverbial milk,proverb
TACT,"Saying ""I'm not sure that dress looks perfect on you,"" e.g.",saying
TAXES,Proverbial certainty,proverb
THX,Quick expression of gratitude,expression
TOOLS,"What a poor workman blames, in a saying",saying
AESOP,"Source of the saying ""The gods help them that help themselves""",saying
ANON,"Like most proverbs, for short",proverb
ASI,"""___ was saying ...""",saying
AXIOM,Truism,truism
BARRELOFMONKEYS,"Large, fun quantity, in a saying",saying
CLICHE,Overused expression,expression
CREST,Waveform maximum,maxim
DARTS,Game with a maximum score of 180,maxim
ENSOR,Expressionist James,expression
ENSOR,Expressionist artist James,expression
FULLEST,Maximum,maxim
GORKI,Russian novelist Maxim,maxim
HASTE,"Waste maker, in a proverb",proverb
LAWYER,"""Compromise is the best and cheapest ___"" (saying attributed to Robert Louis Stevenson)",saying
LIPREADERS,People who see what you're saying?,saying
LOGIA,Sayings of Jesus,saying
MOT,Witty saying,saying
MOUE,Sulker's expression,expression
MUM,Not saying a thing,saying
NICEONE,Expression of approval,expression
ODE,Expression of praise,expression
POPE,"Writer who popularized the saying ""To err is human, to forgive divine""",saying
PRIMROSES,Flowers on a proverbial path,proverb
REDSKY,Subject of a sailor's weather maxim,maxim
ROMAN,Circus Maximus patron,maxim
SCOWL,Grumpy expression,expression
SEXY,Like a proverbial 10,proverb
SNEER,Expression that includes a lip curl,expression
THEYSAY,Intro to many an adage,adage
TRITE,"Overused, as a saying",saying
VAMPIRE,"Creature who might disagree with the saying at the ends of 17-, 22-, 48- and 56-Across",saying
YOWIE,Pained expression?,expression
ADAPT,"Heed the adage ""When in Rome ...""",adage
ALLOUT,Maximum,maxim
ALLOUT,Maximum,maxim
ANNOUNCER,One saying 23-/44-Across,saying
ATMOST,Maximally,maxim
BASEST,Maximally mean,maxim
BOAST,"""I came, I saw, I conquered,"" e.g.","saw,"
CAP,Maximum,maxim
CAP,Maximum,maxim
COLBERT,Comedian who was the only man on Maxim's 2012 Hot 100 list of most beautiful women,maxim
COLBERT,Comedian who was the only man on Maxim's 2012 Hot 100 list of most beautiful women,maxim
COY,"Like one saying ""Who, little old me?""",saying
COY,"Like one saying ""Who, little old me?""",saying
DUMBQUESTION,"There's no such thing as this, according to a saying",saying
DUNNO,Slangy expression of ignorance,expression
FOOLMEONCE,Start of a four-part saying,saying
FOOLMETWICE,Part 3 of the saying,saying
IAL,Proverb ender?,proverb
ICER,One with a glazed-over expression?,expression
ILLBE,Expression of amazement,expression
INROME,"Where to conform, per an expression",expression
INROME,"Where to conform, per an expression",expression
ISOLD,"""... despise not thy mother when she ___"": Proverbs 23:22",proverb
ITI,"""What was ___ was saying?""",saying
ITSTOLDUSINGAWATCH,"Preventive measure, proverbially",proverb
ITSTOLDUSINGAWATCH,"Preventive measure, proverbially",proverb
LETITBE,"1970 song with the lyric ""Whisper words of wisdom""",words of wisdom
LIEST,"""When thou ___ down, thou shalt not be afraid"": Proverbs",proverb
NYET,Maxim's denial,maxim
ORO,"""El tiempo es ___"" (Spanish proverb)",proverb
PROVERBIAGE,Unnecessary words cluttering wise sayings?,saying
QUEENOFDENIAL,Woman who's the very best at saying no?,saying
QUEENOFDENIAL,Woman who's the very best at saying no?,saying
RIPEST,At maximal maturity,maxim
ROMANMANNERISMS,"Wearing togas and saying ""Ave,"" e.g.?",saying
ROME,"Terminus for all roads, in a saying",saying
RUBIES,"""She is more precious than ___"": Proverbs 3:15",proverb
SAYING,Adage,adage
SHAMEONME,End of the saying,saying
SHAMEONYOU,Part 2 of the saying,saying
SIXSTORY,Like the maximum-height New York City apartment building that's not required to have a fire evacuation plan,maxim
SLALOMDANCING,Artistic expression on the slopes?,expression
SLALOMDANCING,Artistic expression on the slopes?,expression
SOA,"""... ___ fool returneth to his folly"": Proverbs 26:11",proverb
STATING,Giving expression to,expression
STUDPOKER,"Game that gave rise to the expression ""ace in the hole""",expression
SUPERSIGHS,Expressions of regret from apartment building managers?,expression
THREE,Rule of ___ (comedy writer's maxim),maxim
WECANWORKITOUT,"1965 song with the lyric ""Think of what you're saying""",saying
WISHI,"""___ could"" (expression of regret)",expression
ZANIEST,Maximally wacky,maxim
ZANIEST,Maximally wacky,maxim
ALGORE,"Webby Award winner who accepted saying ""Please don't recount this vote""",saying
ASTRA,Circus Maximus stars?,maxim
CARROT,"Stick's partner, in an idiom",idiom
CLASSIFIEDADAGE,Top-secret proverb?,proverb
DIX,German Expressionist Otto,expression
DIX,German Expressionist Otto,expression
DOUR,"Forbidding, as an expression",expression
EAT,Exhortation after saying grace,saying
EAT,Exhortation after saying grace,saying
GNAT,"Strained-at bug, in an idiom",idiom
GOETH,"""Pride ___ before destruction"": Proverbs",proverb
GREENER,"Like the grass on the other side, in a saying",saying
HAMLET,"Source of the saying ""Brevity is the soul of wit""",saying
ITSANUPHILLBATTLE,Underdog's saying,saying
ITSANUPHILLBATTLE,Underdog's saying,saying
MEN,Target audience of Maxim,maxim
MEN,Target audience of Maxim,maxim
MIMED,Communicated without saying anything,saying
MOSTEST,"Maximum, nonstandardly",maxim
NERO,Emperor at the Circus Maximus,maxim
NOREST,"What the weary get, in a saying",saying
NOREST,"What the weary get, in a saying",saying
NOREST,"What the weary get, in a saying",saying
OLDSAW,Maxim,maxim
OLDSAW,Maxim,maxim
OMG,Texter's expression of surprise,expression
ONCEBITTENTWICESHY,Adage regarding skittishness,adage
ORES,Assaying samples,saying
POT,"One calling the kettle black, in a saying",saying
QUESERASEURAT,"Artist's expression for ""Such is life""?",expression
QUESERASEURAT,"Artist's expression for ""Such is life""?",expression
RES,"""___, non verba"" (Latin proverb)",proverb
ROME,"All roads lead to it, in a saying",saying
SEENBUTNOTHEARD,"How children should be, in a saying",saying
SHYEST,Reserved to the maximum extent,maxim
SHYEST,Reserved to the maximum extent,maxim
SOB,Expression of despair,expression
SOB,Expression of despair,expression
STE,Maxime or Marie: Abbr.,maxim
STE,Maxime or Marie: Abbr.,maxim
TACIT,Going without saying?,saying
THEROD,"Something not to be spared, in a saying",saying
THREE,"What makes a crowd, in a saying",saying
TWO,Maximum number of terms for a U.S. president,maxim
TWO,Maximum number of terms for a U.S. president,maxim
UNDERSTATEMENTS,Some expressions of false humility,expression
UTMOST,Absolute maximum,maxim
UTMOST,Absolute maximum,maxim
VISAGE,Facial expression,expression
WAGONFULS,Maximum loads of hay or vegetables,maxim
YECCH,"Less polite way of saying ""no thanks"" to offered food",saying
ADAGE,Proverb,proverb
ANYHOW,"""As I was saying ...""",saying
ANYHOW,"""As I was saying ...""",saying
ARF,Pet saying?,saying
BELFRY,Proverbial place for bats,proverb
BOOHISS,Expression of disapproval,expression
BOOHISS,Expression of disapproval,expression
COOLEST,Maximally hip,maxim
COOLEST,Maximally hip,maxim
EMILNOLDE,Member of the German Expressionist group Die Brücke,expression
FIVE,Maximum on a hurricane wind scale,maxim
HARES,Proverbial speedsters,proverb
HARES,Proverbial speedsters,proverb
HEN,"Mad-when-wet bird, idiomatically",idiom
HONESTWOMAN,"What a girl becomes after marriage, in an old expression",expression
ISAY,Surprised expression,expression
ITISWHATITIS,Expression of resignation,expression
ITISWHATITIS,Expression of resignation,expression
LAD,___ mag (Maxim or FHM),maxim
LOOSELIPS,"Ship sinkers, in an old saying",saying
MILKS,Uses maximally,maxim
MIME,Go without saying?,saying
MOTJUSTE,Perfect expression,expression
OTTO,German Expressionist ___ Dix,expression
ROFL,"Texter's expression spelled out by the starts of 18-, 28-, 46- and 59-Across",expression
SAYINGS,Adages,adage
SEXES,Proverbial battlers,proverb
SMUG,"Like one saying ""I told you so!""",saying
SMUG,"Like one saying ""I told you so!""",saying
THEDIE,"What is cast, in a saying",saying
ACHS,Expressions of frustration abroad,expression
ACUTEST,Maximally intense,maxim
ADAGE,Wise saying,saying
AGED,"Acquired wisdom, per a saying",saying
ALL,"""___ I'm saying is ...""",saying
ANDHEWILLPASS,Part 3 of the maxim,maxim
ANON,"Like most adages, for short",adage
ARF,Terrier's expression of terror,expression
ATIE,"""___ is like kissing your sister"" (sports adage)",adage
AXIOM,Adage,adage
CURTEST,Maximally short,maxim
DOETH,"Performs, in Proverbs",proverb
EAT,"""Let's ___!"" (words after saying grace)",saying
EST,Maximum ending?,maxim
EYEROLL,"""Oh, puh-leeze!"" facial expression",expression
FIES,Expressions of outrage,expression
FORASAGE,End of the maxim,maxim
HALFFULL,Proverbial matter of perspective,proverb
HASTE,"Waste maker, proverbially",proverb
HEARNOEVIL,Middle of a three-part illustrated maxim,maxim
HOLDHISTONGUE,Part 2 of the maxim,maxim
IAL,Proverb follower?,proverb
IDLEHANDS,"The devil's workshop, as the saying goes",as the saying goes
INANEST,Maximally moronic,maxim
JINX,"Saying ""There's no way we can lose now,"" say",saying
LADMAG,"Maxim, e.g.",maxim
LETAFOOL,"Part 1 of a maxim by Publilius Syrus, hinted at by the series of circled letters",maxim
LOGIA,Sayings of Jesus,saying
MAKINGAMENDS,"Saying sorry, say",saying
MIMIANDMYBIGMOUTH,"""La Bohème"" song in which Rodolfo regrets saying too much to his lover?",saying
MOUE,Pouting expression,expression
OTTODIX,German Expressionist who was blacklisted by the Nazis,expression
PINUP,Maxim tear-out,maxim
QUAINT,"Like the expression ""Sakes alive!""",expression
SEGUE,"""Anyhoo ..."" or ""As I was saying ...""",saying
SEXSELLS,Advertising truism,truism
SIGHER,"One saying ""Alas,"" say",saying
SPEE,Historic German admiral Maximilian von ___,maxim
STONY,Expressionless,expression
THIRDTIMESACHARM,Saying about persistence paying off,saying
TOERR,"It is human, per a saying",saying
TOPRATE,Maximum tax,maxim
UTMOST,Maximum,maxim
ZOO,Proverbial madhouse,proverb
ACMES,Maxima,maxim
ACTS,"Source of the saying ""It is more blessed to give than to receive""",saying
ADAGE,Saying,saying
ARENA,"Circus Maximus, e.g.",maxim
ATIC,Ending with idiom or axiom,idiom
BEARIT,"Endure, in an expression",expression
CHESTBUMP,Physical expression of victory,expression
CLEAR,"Like mud, in an idiom",idiom
CONTRITE,"Saying ""Sorry,"" say",saying
DENT,"A little progress, idiomatically",idiom
DODGE,"Place to get outta, in a saying",saying
EAT,Exhortation after saying grace,saying
EEL,"""An ___ held by the tail is not yet caught"" (old proverb)",proverb
EHS,Expressions of doubt,expression
ELIDERS,"Those saying ""somethin',"" say",saying
ESAU,"Whom ""I saw"" on a seesaw, in a tongue twister","saw,"
EWS,Expressions of disgust,expression
GODSGREENEARTH,"The world, idiomatically",idiom
HASTE,Proverbial waste maker,proverb
HORSES,"Things held, in a saying",saying
IDLEHANDS,Proverbial tools for wrongdoing,proverb
LEAR,"King noted for saying ""How sharper than a serpent's tooth it is / To have a thankless child!""",saying
LEEKRASNER,Abstract Expressionist who married Jackson Pollock,expression
LEI,"Gift given while saying ""Aloha!""",saying
LIMIT,Maximum,maxim
LIPREAD,See what one is saying?,saying
LOSINGTHEPLOT,"Getting totally confused, idiomatically",idiom
MAN,"""Heaven and earth in miniature,"" per a Chinese proverb",proverb
MEN,Maxim magazine's intended audience,maxim
NONE,"Chances left after Slim left town, in a saying",saying
NUDISTS,Ones seeking maximum exposure?,maxim
OATS,"Proverbial ""wild"" things that are sown",proverb
OMIT,Go without saying?,saying
ONE,Maximum value of sine,maxim
PEAK,Maximum,maxim
POUNDFOOLISH,"Not good with large sums of money, in a saying",saying
RAY,"Bit of hope, in an expression",expression
ROADS,"All of them lead to Rome, in a saying",saying
ROSIETHERIVETER,"One saying ""We can do it!""",saying
SASSY,"Saying ""Talk to the hand 'cause the face don't care,"" say",saying
SAWS,Familiar sayings,saying
SENSED,"Saw, say","saw,"
SEX,"""___ sells"" (advertising maxim)",maxim
SING,"With 72-Across, noted maximum security prison",maxim
SMILE,Expression in a toothpaste ad,expression
SOWSEAR,"Low-quality material, in a saying",saying
STBERNARD,French abbot thought to have originated the saying depicted symbolically in this puzzle,saying
STONY,Expressionless,expression
TAXES,Proverbial certainty,proverb
ANTI,Naysaying,saying
ARE,"""All we ___ saying is give peace a chance""",saying
ASIF,Expression of doubt,expression
AXIOMS,Truisms,truism
BIRDS,"There are two, as the expression goes, in each of 16- and 55-Across",expression
BURP,"Reason for saying ""Pardon me""",saying
DAW,"""See-saw, Margery ___"" (old nursery rhyme)","saw,"
ECCLES,Book after Proverbs: Abbr.,proverb
GLASSY,Expressionless,expression
GNIYAS,Proverb,proverb
HASTE,Proverbial waste maker,proverb
IMPLIES,Says without saying,saying
MOSSY,Unlike the proverbial rolling stone,proverb
MOUE,Sour expression,expression
NODS,"""Even Homer ___"" (old saying)",saying
NOYOUDIDNT,Expression of shock at someone's actions,expression
SAMOANS,"People who might greet you by saying ""Talofa, afio mai!"" (""Hello, welcome!"")",saying
SATS,Their maximum scores are 1600,maxim
SAW,Maxim,maxim
SCHELL,Actor Maximilian,maxim
STONE,"There's one, as the expression goes, in 5- and 27-Down",expression
THATSNOTTHEPOINT,"*""You fail to understand what I'm saying""",saying
THEDEVILYOUKNOW,"Better adversary to deal with, in a saying",saying
THEROADNOTTAKEN,"1916 Frost verse ... or, diverged: Start of a saying about meaning well",saying
THESE,"""___ Colors Don't Run"" (flag maxim)",maxim
TON,Proverbial amount of bricks,proverb
VETOER,"President saying ""No!""",saying
ADAGES,Wise sayings,saying
AGE,"""Just a number,"" according to a common saying",saying
AGE,"It goes before beauty, in a saying",saying
ASGOOLD,"*Idiom meaning ""guaranteed""",idiom
ATMOST,Maximally,maxim
BLAST,Play at maximum volume,maxim
BYEALLRIGHTS,What you're effectively saying when you sign a waiver?,saying
CEILING,Maximum amount,maxim
DIRGE,Expression of grief,expression
DISGUSTED,"Saying ""Eww!,"" say",saying
EACHONETEACHONE,Rhyming educational proverb,proverb
EGON,Expressionist Schiele,expression
ENSOR,Expressionist painter James,expression
GAGMEWITHASPOON,Expression of disgust in Valley Girl-speak,expression
GASPS,Expressions of amazement,expression
GOSIDEWAYS,"Get fouled up, idiomatically",idiom
HASTE,"Waste maker, in a saying",saying
LIAR,"""A ___ believes no one"" (old saying)",saying
LIPS,"Loose ones sink ships, in a saying",saying
MASHNOTES,Expressions of affection,expression
MONEY,"Time, proverbially",proverb
MYNA,"One often saying ""hello,"" maybe",saying
NAKED,"Like a jaybird, in an idiom",idiom
NOBUENO,Mock Spanish expression of disapproval,expression
OLDSAWS,Proverbs,proverb
OPENDEBATE,Expression of opinion from all sides,expression
OYVEY,Expression of dismay,expression
POLITE,"Always saying ""please,"" say",saying
POUT,Petulant expression,expression
POWERTOOL,"Jigsaw, e.g.","saw,"
ROBERT,Abstract Expressionist Rauschenberg,expression
ROME,Home of the Circus Maximus,maxim
SAW,"Wise old saying ... like the first words of 20-, 32-, 41- and 52-Across",saying
SHOW,"What must go on, proverbially",proverb
SLYEST,Maximally wily,maxim
SNEER,"Facial expression often accompanied by ""Heh, heh, heh""",expression
THANX,Informal expression of gratitude,expression
THEMOST,Maximally,maxim
THX,Quick expression of appreciation,expression
TRITE,"Like the expressions ""a dime a dozen"" and ""a penny for your thoughts""",expression
WRAPS,"A shroud of secrecy, idiomatically",idiom
YAWNS,Expressions of boredom,expression
ADAGE,Maxim,maxim
ANT,"""Look to the ___, thou sluggard"" (Proverbs 6:6)",proverb
ANTI,Naysaying,saying
ART,"It ""should comfort the disturbed and disturb the comfortable,"" according to a saying",saying
ATTITUDE,"""A little thing that makes a big difference,"" per a popular saying",saying
BEARIT,"Endure, in an expression",expression
CHAIRED,"Oversaw, as a committee","saw,"
COWL,"More than a bird, but less than a facial expression",expression
EPEE,"Weapon used when saying ""En garde!""",saying
GORKI,Russian novelist Maxim,maxim
GUTTER,Idiomatic setting for a dirty mind,idiom
HEADDESK,"Physical expression of frustration, in modern lingo",expression
HIGHINCOME,It's taxed at the maximum rate,maxim
IMANAGE,Humble expression of capability,expression
IRUETHEDAY,Expression of regret,expression
ITHAPPENS,Vague expression of empathy,expression
JOHNDONNE,"Who wrote ""I am two fools, I know, / For loving, and for saying so / In whining poetry""",saying
LADMAG,"Maxim, e.g.",maxim
LADMAG,"Maxim, e.g.",maxim
LEE,Abstract Expressionist Krasner,expression
LIEINIT,"What to do once you've made your bed, per a saying",saying
NICEST,Maximally mannered,maxim
NOW,"When repeated, calming expression",expression
OLDSAWS,"""Haste makes waste"" and similar sayings",saying
OWS,Pained expressions,expression
PACMAN,"Game with a maximum score of 3,333,360",maxim
PHEW,Expression of relief,expression
POISONIVY,"Subject of the saying ""Leaves of three, let it be""",saying
PSI,Letter that sounds like an expression of relief,expression
REDSKY,Morning warning in a sailor's saying,saying
SIRI,"One frequently saying ""Sorry, I missed that""",saying
SIZE,"It's not everything, per a saying",saying
SNEERS,Derisive expressions,expression
SWEDES,"People who count to five by saying ""ett, två, tre, fyra, fem""",saying
THEDEVILYOUKNOW,"It's better than what's not familiar, in a saying",saying
THEE,Pronoun in Proverbs,proverb
TIMEISMONEY,Adage suggesting the value of working expeditiously,adage
YOUCANTTAKEITWITH,Saying suggesting that worldly possessions should be enjoyed,saying
ADAGE,Saying,saying
ADAGES,Wise sayings,saying
AHAS,Expressions of enlightenment,expression
ALAMB,"March goes out like this, as the expression goes",expression
ANGER,"""He that is slow to ___ is better than the mighty"": Proverbs",proverb
ANOISEANNOYS,Truism about unwanted sound?,truism
ANON,"Like most proverbs, in brief",proverb
ASI,"With 25-Across, ""___ saying ...""",saying
ATMOST,Maximally,maxim
CATCHPHRASE,Popular expression ... or what the opposite of the answer to each starred clue is?,expression
CCTHEDAY,*Go-getter's maxim,maxim
COGITOERGOSUM,Self expression?,expression
CROCODILETEARS,Hollow-eyed expression?,expression
EAT,What to do after saying grace,saying
ENSOR,Expressionist James,expression
FOLKWISDOM,Proverbs and the like,proverb
GAME,"With 50-Down, athlete's intense expression",expression
GENESIS,"Source of the idioms ""fat of the land"" and ""fire and brimstone""",idiom
IDOLS,"""Never meet your ___"" (maxim)",maxim
LETITBE,"Song words after ""Speaking words of wisdom ...""",words of wisdom
LOVECONQUERSALL,Optimistic maxim from Virgil,maxim
MOUE,Pouty expression,expression
NODAT,"Say yes to without saying ""yes""",saying
NOMAN,"For whom ""time and tide wait,"" in a saying",saying
OINTMENT,"Bad place for a fly, in a saying",saying
OLDSAWS,Proverbs,proverb
ONARAIL,"Way to run someone out of town, idiomatically",idiom
ORNOT,Expression of doubt,expression
QUIZZICALLOOK,"Expression of one at sea, perhaps",expression
RACER,"Proverbial tortoise or hare, e.g.",proverb
READEM,"What to do ""and weep,"" in an expression",expression
SCOWL,Angry expression,expression
SCRATCH,"The beginning, in an idiom",idiom
SKIPPING,"Saying ""No thanks"" to, say",saying
SONG,"Low, low price, in an expression",expression
STRAW,Proverbial back-breaker,proverb
TAKETH,"What the Lord sometimes does, in a classical expression",expression
TELLINGAWHITELIE,"Saying ""You've never looked better,"" maybe",saying
TGIF,End-of-the-week expression,expression
THREEDOG,"Like a very cold night, idiomatically",idiom
TIMEISMONEY,Benjamin Franklin adage ... or a hint to interpreting the answers to the four starred clues,adage
TURNABOUTISFAIRPLAY,Just saying?,saying
WORDIS,"""People are saying ...""",saying
YADA,"When repeated, a ""Seinfeld"" expression",expression
ALAS,Expression of grief,expression
ANTI,"Saying ""nay""",saying
ATMOST,Maximally,maxim
BAH,Expression of contempt,expression
BEE,Proverbial symbol of busyness,proverb
CHEESE,Posers are forever saying it,saying
DICE,"Where the idiom ""on a roll"" comes from",idiom
ELEANOR,"Roosevelt credited with saying ""No one can make you feel inferior without your consent""",saying
EPIGRAM,Pithy saying,saying
ESL,Subj. devoting extra time to idioms,idiom
FEW,Quantity that sounds like an expression of relief,expression
GRAMFOOLISH,"Hardly parsimonious, in a saying [∼1:454]",saying
HATERS,"""Rumors are carried by ___, spread by fools and accepted by idiots"" (old saying)",saying
HEARME,"""Get what I'm saying?""",saying
HENSTEETH,Proverbial rarities,proverb
HITTO,"""Take two and ___ right"" (old baseball adage)",adage
IFYOUCATCHMYDRIFT,"""... know what I'm saying?""",saying
LEAR,"King quoted as saying ""How sharper than a serpent's tooth it is / To have a thankless child!""",saying
LESS,"More, as the saying goes",as the saying goes
LOGIA,Sayings attributed to Jesus,saying
MISERY,"What loves company, in a saying",saying
MISOGYNY,"What antifeminism is a direct expression of, per Andrea Dworkin",expression
MOT,Witty saying,saying
NEWS,"None of it is good, as the saying goes",as the saying goes
NOMANISANISLAND,Classic saying originated by John Donne,saying
NONEWS,"It's good, in a saying",saying
NTH,Maximum degree,maxim
OLDDOG,"Hard one to teach, in a saying",saying
OLDSAW,Adage,adage
ONEBADAPPLE,Start of a saying about negative influence,saying
OWW,Pained expression,expression
PAT,"Action done while saying ""Good dog""",saying
POT,"What calls the kettle black, in an expression",expression
POTTYMOUTH,One using crude language ... or one saying the last parts of the answers to the starred clues?,saying
RAH,Expression of support,expression
RAINYDAY,"Time to set aside money for, in a saying",saying
SANCHO,Proverb-spouting Panza,proverb
SAW,Maxim,maxim
SAWS,Proverbs,proverb
SCORN,"""Silence is the most perfect expression of ___"" (line in a Shaw play)",expression
SEE,"""Get what I'm saying?""",saying
SHADE,"Subtle expression of disrespect, in slang",expression
SNEER,Unattractive facial expression,expression
SOREEYES,"Recipients of a welcome sight, proverbially",proverb
SOSAD,"Follower of ""Too bad,"" in an expression of mock pity",expression
SPARETHEROD,Start of a saying about parental discipline,saying
SPILT,Like proverbial milk,proverb
THISGUYGETSIT,"""See, SOMEONE understands what I'm saying!""",saying
THISTOOSHALLPASS,"Adage on the impermanence of suffering ... or a hint to 18-, 29-, 46- and 61-Across",adage
THROWINGABONETO,"Appeasing, idiomatically",idiom
TOOMANYCOOKS,Start of a saying about getting in the way,saying
USEIT,Start of a saying about staying fit,saying
VISAGE,Facial expression,expression
VISAGES,Facial expressions,expression
ADAGE,Proverbial saying,proverb
ATTAR,"Sufi poet thought to have coined the adage found at the starts of 19-, 27-, 45- and 52-Across",adage
AXIOM,It goes without saying,saying
BAH,Expression of contempt,expression
CAREPACKAGE,"Shipment that might include a note saying ""Miss you!""",saying
CARING,"What sharing is, per a rhyming expression",expression
COOLEST,Maximally neat,maxim
DEADMAN,"Sort who tells no tales, per an old saying",saying
EACH,"""___ one teach one"" (rhyming proverb)",proverb
EAGER,Like a proverbial beaver,proverb
ENDS,"65-Across justifiers, in a saying",saying
ENSOR,Belgian Expressionist James,expression
FANGS,"""___ a lot!"" (Dracula's expression of gratitude?)",expression
FORCEDSMILE,Expression in an uncomfortable situation,expression
HAT,"Something you should hold onto, in an expression",expression
HENS,___ teeth (proverbial rarity),proverb
HENSTEETH,"Rare find, in an idiom",idiom
ITISSAID,Introduction to an adage,adage
LAUGHTEST,Proverbial assessment for whether or not an idea can be taken seriously,proverb
LIPREADER,One who sees what you're saying?,saying
LIVELONG,"Partner of ""prosper"" in a Vulcan saying",saying
LOGIA,Sayings attributed to Jesus,saying
LOVECONQUERSALL,"Adage attributed to Virgil's ""Eclogue X""",adage
MACBETH,Play title that superstitious actors avoid saying aloud in theaters,saying
MOI,Expression ending with a rising voice,expression
POUT,Sulky expression,expression
PRETTYPENNY,"*Considerable amount of money, in an idiom",idiom
REVENGEISADISH,"With 11-Down, proverb about delayed retribution, with a hint to the answers to this puzzle's starred clues",proverb
ROTHKO,Abstract Expressionist Mark,expression
SCOWL,Expression of a grump,expression
TEA,"""A true warrior, like ___, shows his strength in hot water"" (Chinese proverb)",proverb
TUT,"When repeated, an expression of disapproval",expression
WELL,"When said three times, expression of mock surprise",expression
AHYES,"""Mmm, I see what you're saying""",saying
ALLS,"""___ I'm saying is ...""",saying
ART,"""___ is never finished. Only abandoned"" (old saying)",saying
ARTSY,Prone to creative expression,expression
ASI,"""___ was saying ...""",saying
ASSUME,"""So many ___. So little know"" (proverb)",proverb
ASTHECROWFLIES,"By a very direct route, idiomatically",idiom
AYN,Philosopher Rand who rejected altruism,truism
CAUGHT,"Saw, informally","saw,"
CUTNOICE,"Carry zero weight, idiomatically",idiom
DOETH,"""The merciful man ___ good to his own soul"" (Proverbs 11:17)",proverb
DOETH,"""The merciful man ___ good to his own soul"": Proverbs",proverb
DOUBT,"""When in ___, don't"" (maxim attributed to Benjamin Franklin)",maxim
EEQUALSE/MCSQUARED,Expression of relativity depicted five times in this puzzle,expression
EMOJI,Speechless expression,expression
HAMLET,"Source of the saying ""Brevity is the soul of wit""",saying
HEADDESK,Expression of frustration stronger than a facepalm,expression
HELL,"Alternative to high water, in an idiom",idiom
HERE,Where the proverbial buck stops,proverb
HOME,"Where the heart is, in a saying",saying
HONEY,"What catches more flies than vinegar, in a saying",saying
IBM,"""Nobody ever got fired for buying ___"" (old business saying)",saying
ICAN,Expression of confidence,expression
IDEST,Latin expression that's almost always abbreviated,expression
IMHO,Expression of false modesty from a texter,expression
LAMB,"""In like a lion, out like a ___"" (March adage)",adage
LEVER,"Seesaw, e.g.","saw,"
LIMIT,Maximum allowed,maxim
MOUE,Pouting expression,expression
NOPAINNOGAIN,Adage for getting through tough times,adage
OLDDOG,"Unteachable sort, in a saying",saying
OLDSAW,Maxim,maxim
OOH,Expression of amazement,expression
OPPOSITESATTRACT,Saying about compatible partners ... as suggested by the starts of the answers to this puzzle's starred clues?,saying
PROXYVOTE,Expression of support while keeping one's distance?,expression
PRYOR,"Comedian Richard who wrote ""What I'm saying might be profane, but it's also profound""",saying
RNA,Molecule that can interfere in gene expression,expression
SAFETYFIRST,Adage for the risk-averse,adage
SAWS,Maxims,maxim
SAWWOOD,"Snore, idiomatically",idiom
SCOWL,Bad-tempered expression,expression
SHADE,"Subtle expression of contempt, in modern lingo",expression
SKY,"Place for pie, idiomatically",idiom
SNEER,Villain's expression,expression
THANKSAHEAP,Sarcastic expression of gratitude,expression
THESHOW,"What must go on, per an adage",adage
TRITE,"Like the saying ""You win some, you lose some""",saying
TYS,"Expressions of gratitude, in texts",expression
UGHS,Expressions of repugnance,expression
WHATTHE,Expression of befuddlement,expression
YAH,"""___, sure, you betcha!"" (classic Minnesotan expression)",expression
ADAGE,Proverb,proverb
AHME,Expression of lamentation,expression
ANT,"""Go to the ___, thou sluggard; consider her ways, and be wise"": Proverbs 6:6",proverb
ANTS,Proverbial hard workers,proverb
ANYHOO,"""Alrighty, then. As I was saying ...""",saying
AROSE,Thrice-repeated words in one of Gertrude Stein's truisms,truism
ASI,"""___ was saying ...""",saying
ATWINDMILLS,"Attacked imaginary enemies, in an idiom",idiom
BASALLYOUREGGSKET,A proverb about risk: Don't ...,proverb
BECKANDCALL,"Personal bidding, in an idiom",idiom
BITOFF,"Undertook, in an idiom",idiom
BOO,"Littlest complaint, in an idiom",idiom
BRAINSURGERY,"What it's not, in a saying",saying
CAP,Maximum,maxim
CAT,"""All you need is love and a ___"" (old saying)",saying
CLAPS,Handy expressions?,expression
CLOUD33,"Location of elation, in an idiom",idiom
CREME,"Best, in an idiom",idiom
CRY,An idiom about regret: Don't ...,idiom
EMIL,Expressionist painter Nolde,expression
ERRS,"Acts human, proverbially",proverb
EURIPIDES,"Greek who originated the expression ""Leave no stone unturned""",expression
EXCUSEZMOI,Cutesy expression borrowed from French,expression
GAPE,Expression of shock,expression
GOODKARMA,"""Reward"" for altruism, maybe",truism
HOW,Expression of shock,expression
HUHS,Expressions of befuddlement,expression
ICANTEVEN,Expression of exasperation,expression
IDIOM,Cultural expression,expression
IDIOM,Expression,expression
IMPLY,Suggest without saying,saying
IMSAD,Dejected expression?,expression
ISTHATAYES,"""So, you're saying you're in?""",saying
KEY,"What context is, in a saying",saying
LEVER,"Seesaw, for instance","saw,"
LIKEHERDINGCATS,"*Difficult to wrangle, per an idiom",idiom
LIPS,"*Naval threats, according to an old saying",saying
MANTRA,Oft-repeated saying,saying
MEREMORTAL,"Ordinary person, idiomatically",idiom
MISSES,"All the shots one doesn't take, per a saying",saying
MOO,Bovine expression,expression
MUM,"The word, in a saying",saying
NOIRE,Color of a proverbial French beast,proverb
OHGEE,Quaint expression of surprise,expression
PEAK,Hit maximum popularity,maxim
PEAK,Maximum,maxim
PIPER,Proverbial payee,proverb
PRIMROSE,"Flower on a proverbial ""path""",proverb
RANT,That's saying a lot!,saying
REDCENT,"Smallest unit of purchasing power, in an idiom",idiom
ROCKETSCIENCE,"What it's not, in a saying",saying
ROME,"Lengthy construction project, per a saying?",saying
SAW,Old saying,saying
SAYINGS,"Proverbs, for example",proverb
SNEER,Contemptuous expression,expression
SNEER,Derisive expression,expression
SNEER,Expression that might accompany a mustache twirl,expression
SOWSEAR,"Bad material for a silk purse, proverbially",proverb
SPILT,Like proverbial milk,proverb
SPILT,Like the proverbial milk,proverb
STEAM,"Energy, idiomatically",idiom
THEE,Proverbs pronoun,proverb
TIME,"It's money, in a saying",saying
TIMEANDTIDE,"They ""wait for no man,"" in a saying",saying
UPTAKES,"Moments of comprehension, in an idiom",idiom
WANDA,Marvel's Maximoff,maxim
WAS,"""As I ___ saying ...""",saying
Y=X,Basic linear expression with a hint to answering the five starred clues in this puzzle,expression
PITHY,"Concise, as a saying",saying
ADAGE,Saying,saying
JOLIE,She was #12 in Maxim's 2007 Hot 100,maxim
KLEE,Swiss expressionist Paul,expression
LEVANT,"Oscar who said: ""I'm a concert pianist, that's a pretentious way of saying I'm unemployed""",saying
AGLAD,"""A wise son maketh ___ father"": Proverbs (5)",proverb
ECCL,Bk. after Proverbs,proverb
NYAH,Word quintupled for maximum annoyance,maxim
ALBA,Actress Jessica wrongly criticized by Bill O'Reilly for saying Sweden was neutral in WWII,saying
COG,Proverbial minor-yet-important-part,proverb
DROPLIKEFLEISS,"Give head using pointers from Maxim's ""Ask Heidi"" column?",maxim
EYESSCREAMCAKE,Desperate dieter's stricken facial expression?,expression
NISSAN,Maxima makers,maxim
NISSAN,Maxima makers,maxim
PURR,Expression of contentment,expression
RAD,Dated expression of appreciation,expression
SEXES,Proverbial battlers,proverb
TEAT,"""It's not the ___, it's the tumidity"" (William Safire maxim about sexual double standards in film nudity ratings)",maxim
ATMOST,Maximally,maxim
GIVETHEMCREDIT,Locker room interview cliche #4,cliche
IMPLY,Hint at without saying,saying
ITISWHATITIS,Locker room interview cliche #2,cliche
ONEGAMEATATIME,Locker room interview cliche #1,cliche
SCOWL,Grouchy facial expression,expression
WEPLAYEDHARD,Locker room interview cliche #3,cliche
WEOWEASTATEFARE,Occupy Wall Street crowd saying they'll pay NY for their cab rides?,saying
ALLS,"""___ I'm saying is ...""",saying
ASSUME,"Make an ass out of you and me, in a saying",saying
MANTRA,Saying,saying
ROMANRUINS,"The Colosseum, Circus Maximus, et al.",maxim
RULETH,"""The rich ___ over the poor"": Proverbs 22:7",proverb
SNEER,Scornful expression,expression
IDIOM,Turn of phrase,turn of phrase
MAXIM,Adage,adage
SAW,Proverb,proverb
SAW,Proverb,proverb
SAYING,Adage,adage
UNTO,Proverb preposition,proverb
WELL,Jack Benny expression,expression
ADAGE,Proverb,proverb
ADAGE,Saying,saying
MAXIM,Adage,adage
SAYING,Proverb,proverb
SCOWL,Crab's expression,expression
UNTO,Proverb preposition,proverb
ADAGE,Proverb,proverb
IDIOM,Turn of phrase,turn of phrase
IWAS,'As -- saying . . .',saying
PROVERB,Adage,adage
TIMEISEUROS,"Efficiency adage, in France?",adage
TOOL,"Saw, say","saw,"
ADAGES,Maxims,maxim
ATHOME,"Where charity begins, in an adage",adage
IDIOM,Expression,expression
MIEN,Outward expression,expression
MOT,Witty saying,saying
PHRASE,"Idiom, e.g.",idiom
STONYFACED,Rigid and expressionless,expression
MONGRELVISAGE,Mutt's facial expression?,expression
REITERATE,Keep saying,saying
RISEAGAIN,"What the South will do, in a saying",saying
VISAGES,Facial expressions,expression
ASI,'-- was saying ...',saying
BINOMIALS,Basic algebra expressions,expression
ITERATE,Keep saying,saying
MIENS,Outward expressions,expression
RURALISM,Backwoods idiom,idiom
TRITE,Cliched,cliche
ADAGE,Old saying,saying
ADAGE,Saying,saying
SUCHSWEETSORROW,"What parting is, in a saying",saying
AXIOM,Truism,truism
DONO,"'First, -- harm (medical maxim)'",maxim
MOTTO,Maxim,maxim
SKIN,"With 129-Across, like beauty, in a saying",saying
TOASTING,"Saying 'Skoal!,' say",saying
ATMOST,Maximally,maxim
DAW,"'See-saw, Margery --'","saw,"
ELMORE,'Maximum Bob novelist -- Leonard',maxim
ISRED,'Look not thou upon the wine when it --': Proverbs 23:31,proverb
MARGERY,"'See-saw, -- Daw'","saw,"
TERM,Expression,expression
ADAGE,Wise saying,saying
ADAGE,Wise truism,truism
MISSOURILOVESCOMPANY,"Adage fostering pity parties, in Jefferson City?",adage
OCCAM,--'s razor ('keep it simple' maxim),maxim
PITHY,"Succinct, as a saying",saying
ADAGE,Old truism,truism
ASTHE,'-- saying goes ...',saying
PROVERBS,Pithy sayings,saying
VASTEST,Maximally massive,maxim
DREADSTHEFIRE,"What a burnt child does, in an old proverb",proverb
IAL,Suffix with proverb,proverb
LIMIT,Maximum,maxim
SELFCONGRATULATORY,"Saying 'Yay me!,' say",saying
SILLYGRIN,Jokester's self-satisfied expression,expression
THERACEGOESTOTHESWIFT,Need-for-speed adage adapted from the Bible,adage
ISAN,'There -- old saying ...',saying
MOT,Pithy saying,saying
MOTTO,Maxim,maxim
ADAGES,Proverbs,proverb
BROMIDE,Trite saying,saying
EPIGRAM,Clever adage,adage
GETTINGMARRIED,Saying 'I do' [Bergman],saying
MAXIM,Proverb,proverb
NOREST,"What the weary get, in a saying",saying
LET,"""Speaking words of wisdom, ___ it be""",words of wisdom
ITBE,"""Whisper words of wisdom, let ___""",words of wisdom
ITRAVEL,Simple Minds song about saying they get around?,saying
ITBE,"""Speaking words of wisdom, let ___""",words of wisdom
ELSE,"Ratt ""Always saying, someone ___ is to blame""",saying
DWEEB,Dorkus maximus,maxim
HECKNO,Firm (but not too firm) expression of disagreement,expression
LESS,"More, in a saying",saying
MINIMIZER,"One saying ""It's really no big deal,"" maybe",saying
NOMEANSNO,Consent maxim,maxim
ODI,___ et amo (Latin expression of ambivalence),expression
AGISTS,"Ones saying ""OK, boomer,"" maybe",saying
CRITICS,"Ones saying ""Ugh, this clue is *not* accurate"" (jk, love u guys)",saying
IMTO,"""Are you saying ___ blame here?""",saying
OTRA,"""¿Quiere ___ margarita?"" (question I've been saying ""sí!"" to all week)",saying
TEN,Maximum digital display number?,maxim
UNEASY,"Like one saying ""I've got a bad feeling about this""",saying
YAWNS,Tired expressions?,expression
BEER,"What those who've ""never been sicker"" have before 18-Across, per a drinking adage",adage
HOSEA,Doomsaying Biblical prophet,saying
INSINUATE,"Say without saying, say",saying
LIQUOR,"What those who are ""in the clear"" have before 64-Across, per a drinking adage",adage
PEACEFULPROTEST,Non-violent expression of disapproval,expression
REMEASURES,"Prepares to cut once, per a carpentry proverb",proverb
THEBESTDEFENSE,"With 38-Across, adage on proactiveness embodied by the starred answers",adage
ANYONE,"Who can grow up to be president, according to an evidently true adage",adage
ERGO,Part of a Descartes maxim,maxim
GEE,Naive expression of wonder,expression
IFAT,Start of an adage about stick-to-itiveness,adage
ISAY,Brit's expression of shock,expression
ISNO,"""Where there ___ vision, the people perish""-Proverbs",proverb
SMIRK,Facial expression for Dubya,expression
ATOOTH,Part of a biblical saying about retaliation,saying
BRATTLEBORO,"""I felt insulted by the GOP, like when I overheard Trent Lott saying, 'That ___ and spend like a Democrat if we let him!'""",saying
OHS,Expressions of surprise,expression
ADAYPARADE,June expression of patriotism in Harvard Yard?,expression
ANEYE,Start of a saying about retribution,saying
FIDDLEDAROUND,"Idiom for ""dawdled,"" from a Roman emperor",idiom
INLAW,Relative upon saying you do,saying
YEAHSURE,Sarcastic expression of disbelief,expression
AFAT,"""A lean agreement is better than ___ lawsuit"" (German proverb)",proverb
ABC,Letters that are idiomatically EZPZ,idiom
BLESS,"""___ your heart"" (Southern expression often accompanied by an exasperated shake of the head)",expression
CRAW,"Sticky spot, in an idiom",idiom
DAGGER,"Spy's weapon, idiomatically",idiom
ENSUE,"What ""hilarity"" might do, idiomatically",idiom
HASTE,Idiomatic wastemaker,idiom
IRON,"Like some wills and fists, idiomatically",idiom
KITCHENSINK,Metaphor for maximalism,maxim
MIND,"Anti-matter, in a famous saying?",saying
NIT,Something idiomatically picked,idiom
NOSEBLEED,"Like some cheap seats, proverbially",proverb
PSST,"Very informal way of saying ""Pay heed!""",saying
RAGS,"Humble origins, in an idiom",idiom
ROTTENEGG,"The last one in, idiomatically",idiom
SHEETS,"Streets' opposite, in some sexy idioms",idiom
SONG,"Little bit of money, idiomatically",idiom
UTILITARIAN,Like happiness-maximizing ethics (or sturdy kitchenware),maxim
YMCA,"""The Village People Will Sue You for Saying ""___"" is About Gay Sex"" (2020 headline)",saying
PRECEPT,Maxim,maxim
ASI,"""___ was saying""",saying
ASI,"""___ was saying ...""",saying
ASPEECHTHE,WORDS OF WISDOM: Part II,words of wisdom
DECIDEISWHATTOSAY,WORDS OF WISDOM: Part IV,words of wisdom
EDILE,Circus Maximus official,maxim
FIRSTTHINGHEHASTO,WORDS OF WISDOM: Part III,words of wisdom
GERALDFORD,WORDS OF WISDOM source,words of wisdom
MOTTOS,Maxims,maxim
NOBODYGETSTOOOLD,Start of an adage,adage
NTH,Maximum degree,maxim
SAWS,Maxims,maxim
TOLEARNANEW,Middle of adage,adage
VENI,Start of a Caesar saying,saying
WAYOFBEINGSTUPID,End of adage,adage
WHENAMANHASTOMAKE,WORDS OF WISDOM,words of wisdom
ADAGE,Time-honored truism,truism
ADAGE,Time-honored truism,truism
ATBEST,Maximally,maxim
ICAME,"""___, I saw, I conquered""","saw,"
SAWS,Sage sayings,saying
SAW,Maxim,maxim
GORKI,Russian novelist Maxim,maxim
SKY,"The limit, in a saying",saying
ADAGE,Wise saying,saying
INNOVATION,"Steve Jobs defined it as ""saying no to a thousand things""",saying
MAGGIENELSON,"Her 2009 book opens, ""Suppose I were to begin by saying I had fallen in love with a color""",saying
MAKESSENSE,"""I get what you're saying""",saying
SAWS,Old maxims,maxim
UTILE,Dulce et ___ (Horatian maxim),maxim
BREAKSASWEAT,"Exerts oneself, idiomatically",idiom
JONESES,Proverbial neighbors with the newest gadgets,proverb
PSALMS,Book before Proverbs,proverb
SHOOS,"Keeps saying ""git,"" maybe",saying
ACAT,"""___ has nine lives"" (old proverb)",proverb
ADAGES,Proverbs,proverb
APHORISM,Saying,saying
BARTHEDOOR,"Protect against danger, in an idiom",idiom
BIRDIES,"Messengers, idiomatically",idiom
DARTS,"Game in which a ""ton-eighty"" (a hundred and eighty) is the maximum score per turn",maxim
DER,___ Blaue Reiter (Expressionist art movement),expression
EMIL,German Expressionist ___ Nolde,expression
GUS,"Gloomy one, idiomatically",idiom
HAPPYDANCE,Exuberant expression of joy,expression
JEEPERS,Old-timey expression of surprise,expression
LASTSTRAW,Proverbial back-breaker,proverb
LESSER,"Like the more preferable of two evils, idiomatically",idiom
MOUE,Pained expression,expression
SETALIMIT,"Define, as a maximum",maxim
SMOOTHOPERATOR,"He moves ""in space with minimum waste and maximum joy,"" in a 1985 hit",maxim
THEDIE,"It's cast, in a saying",saying
WRYSMILE,Expression of ironic bemusement,expression
ADAGES,Sayings,saying
EGOMASSAGE,"Flattery, idiomatically",idiom
EYES,"Windows to the soul, proverbially",proverb
GRIN,Amused expression,expression
HAY,"What to make while the sun shines, per an old proverb",proverb
HESITATER,"One who's lost, proverbially",proverb
INCH,Proverbial concession,proverb
LALALAND,Proverbial place for a space cadet,proverb
LIPREAD,See what somebody's saying?,saying
ROTTENEGG,"Last one in, idiomatically",idiom
RUNDEEP,"What still waters do, proverbially",proverb
SAGEADVICE,Words of wisdom,words of wisdom
SEEN,"""I feel ___"" (expression of validation)",expression
SEXSELLS,Advertising maxim . . . or _Maxim_ maxim?,maxim
SNEERS,The King's expressions,expression
TRANSMASCULINE,Like some F.T.M. gender expression,expression
TREND,"Three, in a saying",saying
YOUTOO,"Awkward knee-jerk response to a waiter saying ""Enjoy your meal!""",saying
AESOP,"Source of the idiom ""sour grapes""",idiom
BLANKSTARE,Expressionless expression,expression
CAP,Imposed maximum,maxim
CHARIOT,Racing vehicle at the Circus Maximus,maxim
DRESSCODES,Sets of rules governing sartorial expression,expression
ESL,"Class that may cover idioms, for short",idiom
FEDSPEAK,"Strategy of intentional obfuscation about which Alan Greenspan said, ""Nobody was quite sure I wasn't saying something profound when I wasn't""",saying
GRIN,Mischievous expression,expression
HISS,Expression of disapproval,expression
HITTHEHAY,"Go to bed, idiomatically",idiom
HOMAGE,Certain expression of admiration,expression
INARUG,"Where to find a snug bug, proverbially",proverb
INCH,Proverbially risky amount to give,proverb
ITI,"""What was ___ was saying?""",saying
IWAS,"""As ___ saying . . .""",saying
JAW,"Body part that may be made of glass, idiomatically",idiom
LETMETRY,What an outstretched hand and an impatient expression might mean,expression
LIE,"What to let sleeping dogs do, proverbially",proverb
MCAT,Exam whose maximum possible score is 528,maxim
MEMO,"Thing everyone else already knows, idiomatically",idiom
NEO,Lead-in to classicism or expressionism,expression
ONESTEP,Maximally simple,maxim
ORDERER,"One saying ""I'll have what she's having,"" e.g.",saying
POUTS,Selfie expressions,expression
RAGS,"Opposite of riches, idiomatically",idiom
SHAMEONME,Proverbial words from one who's been fooled twice,proverb
SMILEDAT,Made a friendly expression toward,expression
SPILT,Like some proverbial milk,proverb
VARY,"What your mileage may do, idiomatically",idiom
WAS,"""As I ___ saying . . .""",saying
WINAT,"___ life (become successful, idiomatically)",idiom
YOUDOYOU,Tautological encouragement of self-expression,expression
ASICS,Shoe company whose name is an acronym for a Latin expression about health in mind and body,expression
AXETOGRIND,"Grudge that serves as motivation, idiomatically",idiom
BLANKEST,"Maximally vacant, in a way",maxim
CASH,"""___ is king"" (financial adage)",adage
CLOUD,"What always has a silver lining, proverbially",proverb
DONNE,"""I am two fools, I know, / For loving, and for saying so / In whining Poetry"" writer",saying
EATME,"Rude expression that's not rude when it appears on a cake in ""Alice's Adventures in Wonderland""",expression
EMIL,Expressionist painter Nolde,expression
EVILGRIN,Supervillain's expression,expression
FOOTLOOSE,"Idiomatic partner of ""fancy-free""",idiom
FROMATOB,"Where a travel agent might help you get, idiomatically",idiom
HASTE,Proverbial waste-maker,proverb
HOLDTHATTHOUGHT,"""Be right back--don't forget what you were saying!""",saying
INDUTCH,"Facing trouble, per a quaint expression",expression
KNOCKONWOOD,"""Hope I didn't jinx it by saying that!""",saying
LAMENT,Expression of sorrow,expression
LSAT,Exam with a maximum possible score of 180,maxim
MASC,___-presenting (certain gender expression),expression
MOLD,"Something broken by an innovator, idiomatically",idiom
MOTHERMARY,"She's ""speaking words of wisdom"" in the lyrics of ""Let It Be""",words of wisdom
MOUES,Pouty expressions,expression
MUCHA,"""___ _gente está diciendo_. . ."" (""Many people are saying . . ."")",saying
OMG,"Shocked expression, perhaps",expression
ONTHENOSE,"Overly literal, idiomatically",idiom
ONTOP,Idiomatic spot for a cherry,idiom
OWEN,"Wilson known for saying ""wow""",saying
PETAL,"Removal after saying ""She loves me""",saying
POUT,Thwarted child's expression,expression
REACTIONGIF,"Mariah Carey shaking her head while saying ""I don't know her,"" e.g.",saying
SAWINGLOGS,"Snoring, idiomatically",idiom
SEESRED,"Gets really angry, idiomatically",idiom
SILK,Proverbial paragon of smoothness,proverb
SMIZE,Tyra Banks portmanteau for an alluring facial expression,expression
SOCIALCUE,"Facial expression or body language, for example",expression
SQUAREPEG,"Item that can't fit in a round hole, in an idiom",idiom
TACT,"""The art of making a point without making an enemy,"" per an adage",adage
TIBER,"Swim the ___ (convert to Catholicism, idiomatically)",idiom
WELP,Informal expression of resignation,expression
WHATHO,"Bertie Wooster expression thought to be derived in part from Beowulf's ""hwæt""",expression
YEAHMAN,"""Dude, that's what I'm saying""",saying
ZOO,"Chaotic scene, idiomatically",idiom
SORE,Like a proverbial unmissable thumb,proverb
AHS,Expressions of pain relief,expression
ALACK,Sorrowful expression,expression
ASI,"""_____ was saying ...""",saying
ELIDING,Saying 'ere or 'ead,saying
ELMORE,"""Maximum Bob"" author Leonard",maxim
EMS,Maximum borders?,maxim
GRIN,Mischievous expression,expression
HASTEMAKESWASTE,Patient one's proverb,proverb
IWAS,"""As _____ saying . . .""",saying
LESS,"It can be more, proverbially",proverb
LOGIA,Sayings of Jesus,saying
MOOED,Used a Jersey expression?,expression
MOUE,Wry expression,expression
NODS,"Says ""yes"" without saying a word",saying
PLATITUDE,Hackneyed expression,expression
SEEN,"What children should be, proverbially",proverb
TENET,Maxim,maxim
UGHS,Expressions of disgust,expression
UGHS,Expressions of repugnance,expression
AHS,Expressions of pain relief,expression
AHS,Expressions of satisfaction,expression
ALAS,Expression of pity,expression
ALAS,Expression of sorrow,expression
APOLOGY,Expression of regret,expression
ASI,"""_____ was saying, ...""",saying
ASI,"""_____ was saying,...""",saying
ASI,"""_____ was saying...""",saying
BERRA,Yankee known for twisted sayings,saying
BLAH,Expression of general listlessness,expression
ELMORE,"""Maximum Bob"" author Leonard",maxim
EMS,Maximum limits?,maxim
FIE,Old expression of disgust,expression
FIE,Old expression of distaste,expression
GAZE,Fixed expression,expression
GIGO,Acronymic computer truism,truism
HASTE,Waste maker of adage,adage
ISEE,Expression of understanding,expression
IWAS,"""As _____ saying""",saying
LESS,In proverbs it's more,proverb
LOGIA,"Sayings of Jesus, e.g.",saying
MOUE,Pouter's expression,expression
NODS,"Says ""yes"" without saying ""yes""",saying
OHBOY,Expression of delight,expression
OHS,Verbal expressions of wonder,expression
PROVERB,Condensed but memorable saying,saying
SAWS,Proverbs,proverb
SMILE,Expressions of happiness,expression
SNEER,Whiplash's expression,expression
THESHOWMUSTGOON,Entertainment maxim,maxim
VOICEOFREASON,Expression of good judgment,expression
WINCE,Ouch! expression,expression
ADAGE,Saying,saying
ALAS,Dramatic expression of unhappiness,expression
ALAS,Woeful expression,expression
ANA,Collected sayings,saying
ARENA,"Circus Maximus, e.g.",maxim
ASI,"""_____ was saying...""",saying
ASPECTS,Facial expressions,expression
CATCHWORD,A favorite saying,saying
CEDING,"Saying ""uncle""",saying
EHS,Expressions of confusion,expression
EMIL,Expressionist Nolde,expression
GOLLY,Mild expression of wonder,expression
HASTE,Waste maker of adage,adage
HOMILIES,Inspirational sayings,saying
LEER,Look with a maligned expression,expression
LEER,Offensive expression,expression
LEER,Offensive expression,expression
LOSER,"One who weeps, in a saying",saying
NOLDE,German expressionist Emil,expression
OHMY,Expression of concern,expression
OHS,Verbal expressions of understanding,expression
OLSON,"""Maximus to Gloucester "" poet Charles",maxim
OLSON,"""Maximus to Gloucester"" poet Charles",maxim
OLSON,"""Maximus to Gloucester"" poet Charles",maxim
OOH,Expression of delight,expression
OUTCRIES,Expressions of protest,expression
PEN,"Sword's superior, proverbially",proverb
PHEW,Expression of relief,expression
PSHAWS,Expressions of contempt,expression
RAVE,Maximum-star review,maxim
SCOWL,Expression of displeasure,expression
SNEER,Cynic's expression,expression
SOBER,"Like a judge, proverbially",proverb
STRAW,Proverbial back breaker,proverb
THERE,"Expression of sympathy, when doubled",expression
TIME,Proverbial healer,proverb
TWOEDGED,Idiomatic sword,idiom
UGH,An expression of disdain,expression
UMPH,Inarticulate expression of disbelief,expression
UTMOST,Maximum,maxim
WEDS,Ties the proverbial knot,proverb
ADAGE,Saying,saying
ADAGE,Saying,saying
ADAGE,Wise old saying,saying
ADAGE,Wise saying,saying
AHS,Expressions of pain relief,expression
ALAS,Expression of sorrow,expression
ASI,"""_____ was saying ...""",saying
ASI,"""_____ was saying ...""",saying
BAHS,Expressions of contempt,expression
BEESWAX,"Business, in a saying to the nosy",saying
BERRA,Yankee known for twisted sayings,saying
COMPLETINGA,Part 1 of a solver's truism,truism
CROSSWORDPUZZLE,Part 2 of the truism,truism
CROWD,"Three, proverbially",proverb
DANGS,Expressions of frustration,expression
DEADPAN,Expressionless,expression
EMS,Maximum limits?,maxim
EST,Maximal ending,maxim
EVINCE,Give expression to,expression
FIE,Expression of distaste,expression
FIE,Old expression of disgust,expression
ISONEWAYTOGETIN,Part 3 of the truism,truism
IWAS,"""As _____ saying,...""",saying
LEER,Unwelcome expression,expression
LESS,In proverbs it's more,proverb
OHO,Expression of surprise,expression
OHS,Expressions of surprise,expression
OLSON,"""Maximus to Gloucester "" poet Charles",maxim
OLSON,"""Maximus to Gloucester"" poet Charles",maxim
PHEW,Expression of relief,expression
POUT,Sullen expression,expression
SAWS,"Condensed, memorable sayings",saying
SNEER,Villain's expression,expression
SNEER,"Villain's expression, stereotypically",expression
STRAW,Proverbial back breaker,proverb
STRAWS,Back breakers of sayings,saying
STRENGTH,"It's in numbers, according to adage",adage
THELASTWORD,End of the truism,truism
TRUISM,Self-evident cliche,cliche
UGHS,Expressions of disdain,expression
YUCK,Expression of disgust,expression
ABSENCE,"Romance enhancer, proverbially",proverb
ADAGE,"Condensed, memorable saying",saying
ADAGE,Oft-repeated words of wisdom,words of wisdom
ADAGE,Old saying,saying
ADAGE,Traditional saying,saying
AHA,Expression of discovery,expression
AHA,Inspired expression,expression
ALAS,Expression of pity,expression
APOLOGY,An expression of regret,expression
ASI,"""___ was saying ...""",saying
ASI,"""_____ was saying""",saying
BARRELS,Proverbial laugh providers,proverb
BUYADIAMONDRING,"If a man does this and 35-A on 55-A, he may wind up saying 8",saying
EMIL,Expressionist painter Nolde,expression
LESS,In proverbs it's more,proverb
LESS,"More, in a saying",saying
LESS,"More, in a saying",saying
LID,Maximum,maxim
LIMIT,Maximum bet,maxim
LOGIA,Religious maxims,maxim
MAXIM,Proverb,proverb
OHME,Expression of weariness,expression
PEN,Proverbial sword beater,proverb
PEN,"Sword's superior, proverbially",proverb
PSHAWS,Expressions of contempt,expression
ROAR,Expression of pride?,expression
SAWS,Pithy sayings,saying
SAYINGS,Maxims,maxim
SEAS,Proverbial septet,proverb
SEXES,Proverbial battlers,proverb
SEXES,Proverbial battlers,proverb
SNEER,Twisted expression,expression
STRAW,"Backbreaker, in proverb",proverb
STRAW,Proverbial backbreaker,proverb
WAVES,Says goodbye without saying it,saying
AAHS,Expressions of relief,expression
ABEE,End of a saying from 43-Down,saying
ANTI,Naysaying,saying
ASI,"""___ was saying ...""",saying
FACTS,Truisms,truism
GNOME,Pithy saying,saying
GORKI,Russia's Maxim,maxim
HASTE,"Waste maker, proverbially",proverb
LOOK,Expression,expression
MAXIM,Proverb,proverb
MOTTO,Saying,saying
MOUE,Pained expression,expression
OHNO,Expression of sudden disappointment,expression
OHO,Expression of surprise,expression
OHS,Expressions of understanding,expression
OLSON,"""Maximus to Gloucester"" poet Charles",maxim
ONEHORSETOWN,"Podunk, proverbially?",proverb
OUCH,Pained expression,expression
PEN,"Sword's superior, proverbially",proverb
PEN,"Sword's superior, proverbially",proverb
PISH,Expression of disdain,expression
SAW,Proverb,proverb
SAWS,Homely sayings,saying
STRAWS,Back breakers of sayings,saying
TERM,Expression,expression
TIME,Proverbial healer,proverb
TREACLES,Excessively sentimental expressions,expression
TRITE,Like a worn-out maxim,maxim
UHOH,Expression of concern,expression
WISE,"Like an owl, proverbially",proverb
ACOW,"""Don't have ___, man!"" (Bart Simpson saying)",saying
ADAGE,Condensed but memorable saying,saying
ADAGE,Traditional truism,truism
ADAGE,Traditional truism,truism
ADAGE,Wise saying,saying
APOGEE,Maximum altitude,maxim
ASI,"""___ was saying ...""",saying
ASI,"""___ was saying ...""",saying
AXIOM,It goes without saying,saying
EAGER,Like the proverbial beaver,proverb
EHS,Expressions of confusion,expression
ELIDING,"Saying 'ere or 'ead, e.g.",saying
ELMORE,"""Maximum Bob"" author Leonard",maxim
EMS,Maximum limits?,maxim
ERR,"Behave humanly, in a saying",saying
HUH,Expression of bafflement,expression
IWAS,"""As ___ saying ...""",saying
LEER,Offensive expression,expression
LEER,Offensive expression,expression
LESS,In proverbs it's more,proverb
LESS,"More, proverbially",proverb
LESS,"More, proverbially",proverb
LOGIA,"Sayings of Jesus, e.g.",saying
MOUE,Wry expression,expression
NODS,"Says ""yes"" without saying ""yes""",saying
NTH,Maximum,maxim
OLSON,"""Maximus to Gloucester"" poet Charles",maxim
OUCH,Pained expression,expression
PARLANCE,Idiom,idiom
SCOWL,Expression of displeasure,expression
SNEER,Scrooge's expression,expression
SNEER,Villain's expression,expression
SNEER,Whiplash's expression,expression
STAGE,"It's what all the world is, in a saying",saying
STRAW,"Backbreaker, in a proverb",proverb
TENET,Maxim,maxim
TERM,Expression,expression
THESHOWMUSTGOON,Entertainment maxim,maxim
TSK,Expression of disappointment,expression
AHS,Expressions of pain relief,expression
ALACK,Woeful expression,expression
ALAS,Expression of regret,expression
ALAS,Woeful expression,expression
ANA,"Collected sayings, e.g.",saying
APOLOGY,Expression of regret,expression
ARENA,"Circus Maximus, e.g.",maxim
ASI,"""___ was saying ...""",saying
BLAH,Expression of general listlessness,expression
CASTLEINTHEAIR,Idiom for an impracticable dream,idiom
DEADINTHEWATER,Idiom for no longer able to function,idiom
EHS,Expressions of confusion,expression
EMS,Maximum limits?,maxim
FIE,Old expression of disgust,expression
GIGO,Acronymic computer truism,truism
HASTE,Waste-maker of adage,adage
IRONSINTHEFIRE,Idiom for a multitude of ongoing projects,idiom
ISEE,Expression of understanding,expression
LEAST,Maximum minimal amount,maxim
LEER,Offensive expression,expression
LESS,"More, proverbially",proverb
LIMIT,"Maximum bet, e.g.",maxim
OHBOY,Expression of delight,expression
OHS,Expressions of understanding,expression
OLSON,"""Maximus to Gloucester"" poet Charles",maxim
OLSON,"""Maximus to Gloucester"" poet Charles",maxim
OLSON,"""Maximus to Gloucester"" poet Charles",maxim
PEN,"Sword's superior, proverbially",proverb
PHEW,Expression of relief,expression
SALTOFTHEEARTH,Idiom for the noblest members of society,idiom
SCOWL,Expression of displeasure,expression
SCOWL,Expression of displeasure,expression
SNEER,Scrooge's expression,expression
SNEER,Villainous expression,expression
THERE,"Expression of sympathy, when doubled",expression
TRITE,Cliched,cliche
UHOH,Apprehension expression,expression
ACOW,"""Don't have ___, man!"" (Bart Simpson saying)",saying
ADAGE,Memorable saying,saying
ADAGE,Old saying,saying
ADAGE,Traditional saying,saying
ADAGE,Traditional truism,truism
AHS,Expressions of pain relief,expression
ALAS,Woeful expression,expression
ANTI,Naysaying,saying
ASI,"""___ was saying ...""",saying
ECHO,"You may test for it by saying ""Hello!""",saying
EMS,Maximum limits?,maxim
EPIGRAM,"Short, witty saying",saying
GAPE,Awe-struck expression,expression
GAPE,Awe-struck expression,expression
GAPE,Facial expression,expression
GAPE,Facial expression,expression
GORKI,Russian novelist Maxim,maxim
LEER,Facial expression of contempt,expression
LEER,Offensive expression,expression
LEER,Offensive expression,expression
LEER,Offensive expression,expression
LIGHT,"End of a tunnel, proverbially",proverb
MOOED,Used a Jersey expression?,expression
MOUE,Wry expression,expression
MOUE,Wry expression,expression
OHME,Expression of weariness,expression
OHME,Expression of weariness,expression
OHO,Expression of surprise,expression
OHO,Expression of surprise,expression
OLSON,"""Maximus to Gloucester"" poet Charles",maxim
ONCE,"It's enough, in an expression",expression
PAEAN,Formal expression of praise,expression
PEN,"Sword's superior, proverbially",proverb
POUT,Sullen expression,expression
PSHAW,Expression of contempt,expression
ROAR,Expression of pride?,expression
SAYINGS,Adages,adage
SCOWL,Expression of displeasure,expression
SCOWL,Expression of displeasure,expression
SEXES,Proverbial battlers,proverb
SNEER,Contemptuous expression,expression
SNEER,Scrooge's expression,expression
SOBER,"Like a judge, proverbially",proverb
STALE,Cliche-ridden,cliche
STRAW,"Backbreaker, in proverb",proverb
TOERR,Start of a saying on forgiveness,saying
TOERR,Start of a saying on forgiveness,saying
TONELESS,Lacking in expression,expression
TREACLES,Excessively sentimental expressions,expression
WHENTHECATSAWAY,Start of a popular saying,saying
ALAS,Expression of pity,expression
ALAS,Gloomy Gus' expression,expression
ALL,Maximum effort,maxim
ANA,Collections of sayings,saying
ANTI,Nay-saying,saying
APOGEE,Maximum altitude,maxim
ARFS,Expressions of puppy love,expression
ARGOT,Idiomatic vocabulary,idiom
ASI,"""___ was saying ...""",saying
ASI,"""___ was saying ...""",saying
CAP,Maximum spending limit,maxim
EHS,Expressions of confusion,expression
EST,Maximal suffix,maxim
HOME,"Where you can't go again, in a saying",saying
LEER,Offensive expression,expression
LEER,Offensive expression,expression
LESS,In proverbs it's more,proverb
LOVEISBLIND,Age-old romantic adage,adage
MOUE,Displeased expression,expression
OMIT,Go without saying,saying
OOHS,Impressed expressions,expression
PEN,"Sword's superior, proverbially",proverb
PISH,Expression of disdain,expression
PLAUDIT,Expression of praise,expression
RAVE,Maximum-star review,maxim
RILEY,Proverbial easy life leader,proverb
ROAR,Expression of pride?,expression
SAW,Words of wisdom,words of wisdom
SAWS,Pithy sayings,saying
SNEERS,Expressions of contempt,expression
SOAS,"""___ I was saying . . .""",saying
STARE,Dumbfounded expression,expression
STARE,Dumbfounded expression,expression
SUTRA,Hindu maxim,maxim
TOGAS,Circus Maximus robes,maxim
ULT,Maximum (Abbr.),maxim
ANYWAY,"""As I was saying ...""",saying
ARMY,"It travels on its stomach, proverbially",proverb
ASI,"""___ was saying ...""",saying
BIRDIE,"Teller of secrets, in a saying",saying
CEDING,Saying uncle,saying
DAW,"""See-saw, Margery ___""","saw,"
DOETH,"""A merry heart ___ good like a medicine"" (Proverbs 17:22)",proverb
DOH,Homeric expression,expression
ERR,"Be human, according to a saying",saying
EST,Suffix that maximizes,maxim
GEE,Naive expression of wonder,expression
HASTE,Waste-maker of adage,adage
HOME,"Where you can't go again, in a saying",saying
LEER,Offensive expression,expression
LIMIT,Maximum bet,maxim
LOGIA,Religious leader's maxims,maxim
MAXIM,Proverbial truth,proverb
MOOED,Used a Jersey expression?,expression
MOUES,Pouty expressions,expression
NEO,___-expressionism,expression
NTH,Maximum degree,maxim
OHO,Expression of surprise,expression
PEN,"Sword's superior, in a saying",saying
POUT,Passive-aggressive expression,expression
SAYINGS,Adages,adage
SEEING,"It's believing, in a saying",saying
SHIRT,"Unlucky investor's loss, proverbially",proverb
SNEER,Cynic's expression,expression
SNEER,Snide expression,expression
SNEERS,Elvis' expressions,expression
SOAS,"""___ I was saying ...""",saying
STARE,Fixed expression,expression
THEPIPER,Proverbial payee,proverb
TOERR,Start of a saying about forgiveness,saying
TRITE,Cliche-ridden,cliche
UGHS,Expressions of repugnance,expression
WHOOPDEDO,Archie Bunker expression,expression
AHS,Expressions of satisfaction,expression
ANA,Collection of memorable sayings,saying
ARMY,"It travels on its stomach, proverbially",proverb
ATHOME,"Where charity begins, in an adage",adage
BIRDINTHEHAND,Proverbial sure thing,proverb
BLISS,"Ignorance, proverbially",proverb
BREAKALEG,Expression of luck,expression
CAME,"""I ___, I saw, I conquered""","saw,"
ECHO,"You may test for it by saying ""Hello!""",saying
EMPERORS,"Maximilian and Charlemagne, for two",maxim
EPIGRAM,"Short, witty saying",saying
ERR,"Act human, according to a proverb",proverb
ERR,Act proverbially human,proverb
ERR,"Be human, according to a saying",saying
EST,Maximal suffix,maxim
EST,Suffix that maximizes,maxim
EST,Suffix that maximizes,maxim
FIE,Old expression of disgust,expression
GIGO,Acronymic truism for computers,truism
GRIN,Cheshire Cat's expression,expression
GRIN,Mischievous expression,expression
HASTE,Proverbial waste maker,proverb
HASTE,Proverbial waste-maker,proverb
HASTE,Waste maker of adage,adage
HASTE,"Waste maker, in an adage",adage
HASTE,"Waste maker, in an adage",adage
IAL,"Completion to ""proverb"" or ""different""",proverb
IAL,Proverb ending?,proverb
LALA,"""Oh ___"" (French expression of surprise)",expression
LEER,Contemptuous expression,expression
LESS,"More, proverbially",proverb
LIGHT,"End of a tunnel, proverbially",proverb
LININGS,"Clouds have silver ones, in a saying",saying
LOGIA,Religious maxims,maxim
LOGIA,Sayings attributed to Jesus,saying
LOUR,Facial expression of displeasure,expression
LOVEISBLIND,Saying about romance,saying
MOT,Bon ___ (witty saying),saying
MUM,Saying nothing,saying
PAEAN,Expression of praise,expression
POOR,Like the proverbial church mouse,proverb
SATE,Fill to the maximum,maxim
SAWS,Memorable sayings,saying
SCOWL,Grumpy expression,expression
SEEING,"It's believing, in a saying",saying
SNEER,Scornful facial expression,expression
SNEER,Villain's facial expression,expression
SNEERS,Elvis' expressions,expression
SNEERS,Scornful expressions,expression
SNEERS,Villainous expressions,expression
SNUG,Like a proverbial bug in a rug,proverb
SOAS,"""___ I was saying ...""",saying
TACIT,Saying nothing,saying
TAGGER,"Person saying ""you're it!""",saying
TOOLS,"What a poor handyman blames, in a saying",saying
TROPE,Word used as an expression,expression
ULT,Maximum degree (Abbr.),maxim
AAH,Delighted expression,expression
ADAGE,Saying to remember,saying
ANYHOW,"""As I was saying ...""",saying
BEGORRAH,"It pairs with ""Faith,"" in a saying",saying
BUSY,Like the proverbial beaver,proverb
CAPS,Salary maximums,maxim
COINAPHRASE,Invent an idiom?,idiom
EARLYBIRD,"Worm catcher, in a saying",saying
ERR,"Act human, according to a proverb",proverb
EST,Maximal ending,maxim
HASTE,Waste maker of adage,adage
HOME,"Where the heart is, proverbially",proverb
HOME,"Where the heart is, proverbially",proverb
HUH,Expression of bafflement,expression
ISONE,"""Saying it ___ thing, doing ...""",saying
LAST,In the proverbial cellar,proverb
LISP,"Have trouble saying ""S""",saying
LOGIA,Sayings attributed to Jesus,saying
LOGIA,Sayings of Jesus,saying
MOUE,Pouter's expression,expression
OATER,Cliched Western film,cliche
OHS,Expressions of surprise,expression
OOH,Expression of excitement,expression
OOH,Expression of wonderment,expression
PAIN,"""No ___, no gain"" (gym saying)",saying
PEN,"It's mightier than the sword, in a saying",saying
PEN,"Sword's superior, in a saying",saying
RESAW,"Fail to heed the ""Measure twice, cut once"" adage",adage
ROADS,"They all lead to Rome, in a saying",saying
RUSHIN,"What fools do, proverbially",proverb
SAW,Maxim,maxim
SAWS,Proverbs,proverb
SNEER,Cynic's expression,expression
SNEER,Scornful expression,expression
STRAW,"Backbreaker, in a proverb",proverb
THERE,"Expression of sympathy, when doubled",expression
TON,"""Maximum weight"" unit, often",maxim
UGHS,Expressions of repugnance,expression
UTMOST,Maximum extent,maxim
WIFE,"Bachelorette, upon saying ""I do""",saying
ADAGE,Traditional truism,truism
ADAGE,Wise old saying,saying
EFFUSION,Unrestrained expression of emotion,expression
ERR,Act proverbially human,proverb
ERR,Act proverbially human,proverb
FRO,"Away, idiomatically",idiom
HASTE,Proverbial waste maker,proverb
HASTE,Waste maker of adage,adage
HASTEMAKESWASTE,Patient one's proverb,proverb
HILT,To the ___ (maximally),maxim
ISONE,"""Saying it ___ thing, doing ...""",saying
LIAR,"One with fiery pants, proverbially",proverb
LIMIT,Establish a maximum for,maxim
LISP,"Have trouble saying ""S""",saying
LOGIA,Sayings attributed to Jesus,saying
MODE,Manner of expression,expression
MOSSY,"Unlike a rolling stone, proverbially",proverb
MOT,Pithy saying,saying
MOUE,Expression of distaste,expression
MOUES,Pouty expressions,expression
NISSAN,Maxima maker,maxim
OLSON,"""Maximus to Gloucester "" poet Charles",maxim
POUT,Curled-lower-lip expression,expression
SCHOOLGIRL,A proverbial giggler,proverb
SNEER,Expression of contempt,expression
SNEER,Scornful facial expression,expression
STONEFACED,Expressionless,expression
STORK,Proverbial baby deliverer,proverb
STRAW,"Backbreaker, in a proverb",proverb
THANKYOU,Expression of gratitude,expression
TIREDEXPRESSION,"What a cliche is, essentially",cliche
TRUISM,"Adage eliciting ""Well, duh!""",adage
TWEETS,Expressions of 140 characters maximum,expression
UGH,Expression of disgust,expression
UGHS,Expressions of disdain,expression
UGHS,Expressions of repugnance,expression
WAS,"""As I ___ saying ...""",saying
WISE,"Like an owl, proverbially",proverb
ARGOTS,Idiomatic vocabularies,idiom
ASI,"""___ was saying ...""",saying
AXIOM,It goes without saying,saying
CAT,"Curiosity victim, in a saying",saying
CAT,"Curiosity victim, in an old saying",saying
EAGER,Like the proverbial beaver,proverb
EARS,"What the walls have, according to a saying",saying
ECHO,"You may test for it by saying ""Hello!""",saying
ERR,"Behave humanly, in a saying",saying
ERRISHUMAN,"Saying that begins with ""To""",saying
GORKI,"""The Lower Depths"" writer Maxim (Var.)",maxim
GORKI,Berlin's Maxim ___ Theater,maxim
HEALERBUTITSA,Saying at the onset of wrinkles (Part 2),saying
IMPLY,Mean without saying,saying
INFULLSWING,Operating at maximum,maxim
LEER,Offensive facial expression,expression
LEER,Offensive facial expression,expression
LEER,Offensive facial expression,expression
LIMIT,Maximum bet,maxim
LIMIT,Maximum bet,maxim
LOGIA,Sayings attributed to Jesus,saying
LOUSYBEAUTICIAN,Saying at the onset of wrinkles (Part 3),saying
MANBITESDOG,Proverbially newsworthy headline,proverb
MOUE,Pouting expression,expression
MOUE,Pouty expression,expression
MOUE,Pouty expression,expression
MOUE,Pouty expression,expression
NISSAN,Maxima maker,maxim
OLSON,"""Maximus to Gloucester "" poet Charles",maxim
OOHS,Amazed expressions,expression
OUCH,Pained expression?,expression
ROMAN,Circus Maximus attendee,maxim
SELAH,Psalms expression,expression
SNEER,Contemptuous expression,expression
SNEER,Villain's facial expression,expression
SPILT,Like proverbial milk,proverb
STRAW,"Backbreaker, in a proverb",proverb
STRAW,"Backbreaker, in a proverb",proverb
TIMEMAYBEAGREAT,Saying at the onset of wrinkles (Part 1),saying
WAS,"""As I ___ saying ...""",saying
AAH,Delighted expression,expression
ABDUCTORMUSCLES,Group that includes the gluteus maximus,maxim
ADAGE,Oft-quoted saying,saying
ADAGE,Wise saying,saying
ALAS,Expression of sorrow,expression
ALAS,Mournful expression,expression
ATMOST,Maximally,maxim
AXIOM,Adage,adage
CATCHPHRASE,Characteristic saying,saying
EST,Maximizing suffix,maxim
HISS,Expression of dissatisfaction,expression
IMPLY,Hint at without saying,saying
LAMENT,Expression of sorrow,expression
LEER,Nasty expression,expression
LESS,"It can be more, proverbially",proverb
LISPS,"Has trouble saying ""sassafras""",saying
LOGIA,Maxims,maxim
LOGIA,Maxims,maxim
LOGIA,Maxims,maxim
LOGIA,Sayings attributed to Jesus,saying
MOT,Bon ___ (witty saying),saying
MOUE,Pouty expression,expression
NTH,Maximum degree,maxim
OHS,Expressions of discovery,expression
OLSON,"""Maximus to Gloucester"" poet Charles",maxim
RULE,"It's made to be broken, proverbially",proverb
SAWS,Familiar sayings,saying
SCOWL,Facial expression of dislike,expression
SNEER,Elvis impersonator's expression,expression
SNEER,Hateful expression,expression
SNEER,Mocking expression,expression
SOAS,"""___ I was saying ...""",saying
STAFFOFLIFE,"Bread, proverbially",proverb
TOOL,"Hammer or hacksaw, e.g.","saw,"
ULT,Maximum (Abbr.),maxim
ULT,Maximum degree (Abbr.),maxim
WHENTHECATSAWAY,Start of a popular saying,saying
ADAGE,Often-quoted saying,saying
ADAGES,Wise sayings,saying
ATMOST,Maximally,maxim
BATSINTHEBELFRY,"Crazy, proverbially (with ""has"")",proverb
EHS,Expressions of confusion,expression
EMS,Maximum limits?,maxim
ERR,"Be human, according to a saying",saying
ERR,"Behave humanly, in a saying",saying
EST,Maximizing suffix,maxim
FIE,Expression of disapproval,expression
GOON,"""You were saying?""",saying
IDIOM,A way of saying things,saying
IDIOMS,Everyday expressions,expression
LEER,Lecher's expression,expression
LIMITS,Maximums,maxim
LOGIA,Religious maxims,maxim
LOGIA,Sayings attributed to Jesus,saying
LOGIA,Sayings of Jesus,saying
MANBITESDOG,Proverbially newsworthy headline,proverb
MOOED,Used a Jersey expression?,expression
MUM,Saying nothing,saying
NOTHINGS,Sweet sayings?,saying
PEAKED,Achieved maximum growth,maxim
PEAKS,Reaches a maximum,maxim
PEAN,Expression of praise (Var.),expression
PITHY,"Short and meaningful, as a saying",saying
POUT,Curled-lower-lip expression,expression
RATS,Charlie Brown expression,expression
SAW,Adage,adage
SCOWL,Expression of displeasure,expression
SCOWL,Facial expression of dislike,expression
SMILE,Expression of amusement,expression
SPEAKINGVOLUMES,Saying a lot,saying
TOOL,"Hacksaw, e.g.","saw,"
TOTALCOMMITMENT,Maximum effort,maxim
TRYONESBEST,Apply maximum effort,maxim
TTERTOTTERING,"Enjoying the see-saw, briefly?","saw,"
UGHS,Expressions of disdain,expression
UTMOST,Maximum extent,maxim
ALAS,Expression of sorrow,expression
ANA,Collected sayings,saying
ANA,Collection of sayings,saying
ANYWAY,"""As I was saying ...""",saying
EMS,Maximum limits?,maxim
GRIN,Beaming expression,expression
HASTE,"Waste maker, in a proverb",proverb
IMPLY,Say without saying,saying
LIMIT,Maximum raise in poker,maxim
LISP,"Have trouble saying ""S""",saying
LOGIA,Religious leader's maxims,maxim
LOGIA,Religious maxims,maxim
MOTTO,Brief expression of a guiding principle,expression
MOUE,Wry expression,expression
RULE,"It's made to be broken, proverbially",proverb
SNEER,Disrespectful expression,expression
SNEER,Snobbish expression,expression
SNEER,Villainous expression,expression
SNEER,Villainous expression,expression
SNUG,Like a proverbial bug,proverb
THERE,"When repeated, a calming expression",expression
TROPE,Figurative expression,expression
ADAGE,"Condensed, memorable saying",saying
ADAGE,"Condensed, memorable saying",saying
ADAGE,Proverb,proverb
ANA,Collection of memorable sayings,saying
APOTHEGM,Pithy saying,saying
ATBEST,Maximally,maxim
BAH,"""A Christmas Carol"" expression",expression
EMS,Maximum limits?,maxim
EST,Maximal suffix,maxim
EST,Maximizing suffix,maxim
EST,Suffix for maximizers,maxim
EVINCE,Give expression to,expression
HASTE,Waste-maker of an adage,adage
IMPLY,Mean without saying,saying
LESS,"It's more, proverbially",proverb
LIMIT,"Maximum speed, e.g.",maxim
LOGIA,Collected sayings of Christ,saying
LOOKAWINNER,"Do this after saying ""Victory!""",saying
MOT,Bon ___ (witty saying),saying
MOTTO,Company's maxim,maxim
OHO,Expression of surprise,expression
OWS,Expressions of pain,expression
PAEAN,Formal expression of praise,expression
PHEW,Expression of relief,expression
PITHY,"Concise, as a saying",saying
POUT,Expression with a protruding lip,expression
PSHAWS,Old-fashioned expressions of contempt,expression
RULE,"It's made to be broken, in a proverb",proverb
SALTMINE,Proverbial place of drudgery,proverb
SATE,Fill to the maximum,maxim
SEE,"""Catch what I'm saying?""",saying
SNEER,Facial expression of scorn,expression
SNEERS,Expressions of scorn,expression
TERSE,Saying little on purpose,saying
TRITE,"Overused, as a saying",saying
UGHS,Expressions of disdain,expression
WHATLOVESYABABY,"""Who"" isn't in a Telly Savalas saying?",saying
ADAGE,Maxim,maxim
ADAGE,Tried-and-true saying,saying
ADAGE,Wise saying,saying
ALAS,Expression of woe,expression
ALL,Maximum total,maxim
ANA,Collection of sayings,saying
ATMOST,Maximally,maxim
AVOIDATALLCOSTS,Shun maximally,maxim
AXIOM,Adage,adage
BEONTHELOOK,Is part of a facial expression?,expression
BERRA,Yogi with the sayings,saying
CUTEST,Maximally adorable,maxim
EGADANADAGE,"Proverb hater's lament, both ways",proverb
ERIN,Start of a 12-Down saying,saying
EST,Maximizing suffix,maxim
EST,Maximizing suffix,maxim
EST,Maximizing suffix,maxim
EST,Word maximizer,maxim
HEALTHYSELF,Proverbial doctor's order?,proverb
MORE,"What less is, in a saying",saying
MOTTO,Guiding maxim,maxim
MOTTO,Memorable saying,saying
PAINED,Like a wincer's expression,expression
PEACE,Woodstock saying,saying
ROMAN,One at Circus Maximus,maxim
SEXES,Proverbial battlers,proverb
SNEER,Villain's expression,expression
TIRED,Cliched,cliche
ADAGE,Popular saying,saying
ADAGE,Saying,saying
ADAGES,"Fortune cookie sayings, often",saying
ADAGES,Proverbs,proverb
ANYHOW,"""As I was saying ...""",saying
APHORIZE,Spout adages,adage
ASI,"""___ was saying ...""",saying
CANOFWORMS,"Expression that ought to relate to ""for the birds""",expression
CURIOSITY,"What killed the cat, in a saying",saying
FITTOBETIED,"Expression that ought to relate to ""even the score""",expression
FUNANDGAMES,"Expression that ought to relate to ""child's play""",expression
GRIN,Silly expression,expression
MAKESASCENE,"Rants and raves, or what a director does after saying the st",saying
NISSAN,Maker of the Maxima and Murano,maxim
NOREST,"What the weary get, in a saying",saying
PSALMS,Proverbs preceder,proverb
QUACKSLIKEADUCK,Third part of an identifying expression,expression
RARE,"Like hens' teeth, idiomatically",idiom
SATURATIONPOINT,Maximum absorption,maxim
SAW,Old proverb,proverb
SAWS,"""Old"" sayings",saying
SHEEP,Idiomatic followers,idiom
SMILE,Happy expression,expression
SNEER,Mean expression,expression
TAKESTURNS,"Expression that ought to relate to ""goes into a spin""",expression
THX,Expression of gratitude in a text,expression
TSK,Vowelless expression of disapproval,expression
ADAGE,Words of wisdom,words of wisdom
ANAPPLEADAY,"What keeps the doctor away, proverbially (6 to 9)",proverb
ERR,"Be human, in a proverb",proverb
ESL,Subj. that covers idioms,idiom
FOULEST,Maximally polluted,maxim
FWIW,"Texter's ""Just saying ...""",saying
GETME,"""See what I'm saying?""",saying
HASTE,"Waste maker, in a proverb",proverb
HEARMEOUT,"""Listen to what I'm saying!""",saying
IDIOM,Figurative expression,expression
LESS,"What is more, proverbially",proverb
LIVES,A proverbial cat has nine,proverb
MOPE,Wear a hangdog expression,expression
MUM,Saying nothing,saying
NINE,"Cat's number of lives, proverbially",proverb
OLDSAW,Familiar saying,saying
ONCE,"It's enough, in a saying",saying
PEAS,Pair in an idiomatic pod,idiom
SAWS,Old sayings,saying
SCOWL,Angry expression,expression
SNEER,Curled-lip expression,expression
SNEER,Disdainful expression,expression
STONY,Expressionless,expression
THEPITS,Maximally unpleasant situation,maxim
TIE,Cliched Father's Day gift,cliche
TROPE,Cliche,cliche
WAS,"""As I ___ saying ...""",saying
YOGI,"One saying ""namaste""",saying
ADAGE,Old saying,saying
ADAGES,Pithy sayings,saying
APPLE,"Doctor-repelling fruit, proverbially",proverb
AXIOM,Truism,truism
BERET,Cliche artist's hat,cliche
EDGE,"Easy part of a jigsaw, often","saw,"
GLASSY,Like expressionless eyes,expression
GRIMACES,Pained expressions,expression
HEAP,Proverbial bucket of bolts,proverb
IMOUT,"""That was my maximum""",maxim
LIPREADERS,They see what you're saying,saying
LOG,Proverbial bump's place,proverb
MINUTE,Maximum length of many TikToks,maxim
MONKEYSCLE,"What ""I'll be,"" in an expression",expression
OCEAN,"What's impossible to boil, in a saying",saying
OUNCE,"Bit of prevention, in a proverb",proverb
PHRASE,Expression that's coined,expression
POKE,Proverbial pig's place,proverb
ROOST,"What chickens come home to do, in a saying",saying
SMILE,Welcoming expression,expression
SMIZE,Facial expression coined by Tyra Banks,expression
SNEER,Mocking expression,expression
SNEER,Unkind expression,expression
SNEERS,Contemptuous expressions,expression
TRITE,Cliche,cliche
TROPE,"Movie cliche, e.g.",cliche
WIFE,"Fiancee, after saying ""I do""",saying
WRYSMILES,Some crooked expressions,expression
YOUFEELME,"*""See what I'm saying?""",saying
ALIKE,"How great minds think, in a saying",saying
AMENATWORK,Colleague's expression of agreement?,expression
AXIOM,Truism,truism
BURSTATTHESEAMS,"1) Name an idiom meaning ""be overcrowded""",idiom
CLICHE,Overused expression,expression
DARNEDIFIDO,"Start of a fatalistic saying (In this answer, note letters 8-11)",saying
GAMEFACE,Athlete's serious expression,expression
GETME,"""See what I'm saying?""",saying
HANGDOGLOOK,Downcast expression,expression
INPUT,"Two cents, idiomatically",idiom
LEROY,Expressionist Neiman,expression
LETITBE,"Beatles hit with the lyric ""Whisper words of wisdom""",words of wisdom
LIMIT,Maximum,maxim
LOSE,"Rhyme for ""snooze,"" in an idiom",idiom
MOLEHILL,"*Issue that can be blown out of proportion, idiomatically",idiom
MYDOGATEIT,Cliched excuse for missing homework,cliche
NOTE,"Something passed after saying ""Psst!""",saying
NUTS,"End, in an idiom ... or a hint to the starred clues' answers",idiom
OLDSAWS,Classic sayings,saying
SCOWL,Grouchy expression,expression
SCOWLS,Grumpy expressions,expression
SNEER,Mocking expression,expression
SOUP,"Beginning, in an idiom ... or a hint to the starred clues' answers, pre-transformation",idiom
TROPE,Movie cliche,cliche
UTMOST,Maximum extent,maxim
UTTERING,Saying aloud,saying
WASTE,"Result of haste, in an adage",adage
WORDONTHESTREET,*What people are saying,saying
ADAGE,Old saying,saying
AHAS,Knowing expressions?,expression
ALARMIST,"One saying ""The sky is falling!""",saying
ENEMIES,"People to keep closer, in a saying",saying
GRASSSNAKES,Slithering reptiles with an idiomatic name,idiom
IHEAR,"""People are saying ...""",saying
INABIND,"Stuck, idiomatically",idiom
ISNT,"""That ___ saying much""",saying
MASC,Gender expression label,expression
MORE,"What less is, in a saying",saying
NODS,"Says yes without saying ""yes""",saying
ONEANDDONE,Apt idiom for an only child's parents,idiom
PEAK,Maximum,maxim
ROME,"Place to emulate the locals, proverbially",proverb
SMILES,Expressions of joy,expression
SNEERS,Contemptuous expressions,expression
STATING,Plainly saying,saying
TONOFBRICKS,"Heavy weight, in an idiom (first letter + last 4)",idiom
TRITE,Cliched,cliche
TVTROPE,Cliche on shows,cliche
WAS,"""As I ___ saying ...""",saying
YEARBOOKQUOTE,*Saying under a senior's headshot,saying
ADAGES,Pithy sayings,saying
ADAGES,Pithy sayings,saying
ART,Medium of expression ... and a hint to parsing each starred clue,expression
ASL,Lang. in which facial expressions convey grammar,expression
BADMOODS,States you might be in when saying 24-Across,saying
BAOBAB,"""Wisdom is like a ___ tree; no one person can embrace it"" (African proverb)",proverb
CLICHES,Tired sayings,saying
DATACAP,Internet use maximum,maxim
DIFFERENT,"With 60-Across, contrasting approaches, in a saying ...and a hint to the starred clues' answers",saying
EACH,"""___ one teach one"" (Black proverb)",proverb
ECO,___ mode (mpg-maximizing setting),maxim
ERRS,"Acts like a human, in an idiom",idiom
ESL,"Class that teaches idioms, for short",idiom
FASTLANE,"Exciting way of life, idiomatically",idiom
HORSE,"Something to get back on, idiomatically",idiom
IGETTHAT,"""What you're saying is relatable""",saying
IHEAR,"""People are saying ...""",saying
KEEPITPG,"""Watch what you're saying around the kids!""",saying
LIMITS,Maximum and minimum,maxim
LOL,Palindromic expression of amusement,expression
OLDSAWS,Classic sayings,saying
REFUSING,Saying no to,saying
SCOWL,Grumpy expression,expression
SCOWLS,Grouchy expressions,expression
SEXSELLS,Alliterative advertising adage,adage
TRITE,Like a cliche,cliche
TROPE,Movie cliche,cliche
UNDO,"Computer command you may use after saying ""Oops!""",saying
ADAGE,Familiar saying,saying
ADAGE,Passed-down saying,saying
ADAGE,Proverb,proverb
ADAGES,Time-honored sayings,saying
ALIAS,"Scarlet Witch, for Wanda Maximoff",maxim
ARTTHERAPY,Discipline helping people interpret emotions through creative expression,expression
ASWEALLKNOW,"""This goes without saying ...""",saying
ATOOTHFORATOOTH,*End of a saying about reciprocal justice,saying
BING,*Sport with a maximum score of 300,maxim
CHEESEPULLS,"Visual cliches in pizza commercials ... as seen in 17-, 27- and 45-Across?",cliche
EARLYBIRD,"One up before the sun, maybe ... or what gets the 66-Across in an idiom and this puzzle?",idiom
FOOLMEONCE,Start (and end?) of a saying about being duped,saying
IFITAINTBROKE,Start (and end?) of a saying about something that works,saying
IFTHESHOEFITS,Start (and end?) of a saying about self-acceptance,saying
INK,Another way of saying 68-Across,saying
LESS,"More, idiomatically",idiom
LIPREAD,See what somebody's saying?,saying
LIPREADER,One who sees what you're saying,saying
LONGFACE,*Gloomy expression,expression
MICASASUCASA,*Spanish expression of hospitality,expression
MONEY,"What time is, in a saying",saying
MONEYTALKS,Expression about the power of the rich,expression
NOD,Say yes without actually saying yes?,saying
NOTONMYWATCH,"Response to someone saying ""It's 3:00"" when you can see it's 4:00?",saying
OLDSAW,Familiar saying,saying
POKE,Place for a proverbial pig,proverb
POURONEOUT,"Pay respects by spilling a drink on the ground, idiomatically",idiom
SNEER,Derisive expression,expression
TAP,Expression of interest on Grindr,expression
TEAM,"There's no ""I"" in it, per a saying",saying
TOPDOLLAR,"Maximum amount being paid, and a hint to 3-, 9- and 25-Down",maxim
TROPES,Movie cliches,cliche
TWISTMYARM,"Ironic way of saying ""You don't have to tell me twice!"" ... or what the starred clues' answers do?",saying
WHENINROME,Start (and end?) of a saying about following traditions,saying
ADAGES,Sayings,saying
GAI,Paris  proverbially,proverb
MOTS,Clever sayings,saying
PHRASES,Idioms   e.g.,idiom
POUT,Sullen expression,expression
WEDS,Ties the proverbial knot,proverb
ADAGE,Pithy saying,saying
ADAGES,Proverbs,proverb
ASI,____ was saying,saying
ASI,____ was saying . . .,saying
LEER,Nasty expression,expression
MOST,Maximum,maxim
MOTS,Clever sayings,saying
MOTS,Clever sayings,saying
OBOE,Leon Goossens' means of expression,expression
POKERFACE,Expressionless visage,expression
SAW,Old saying,saying
SAWS,Adages,adage
SAWS,Adages,adage
SAWS,Adages,adage
SLANGED,Spoke idiomatically,idiom
SMIRK,Facial expression,expression
SNORT,Expression of disdain,expression
STALE,Cliched,cliche
TENET,Maxim,maxim
UGH,Expression of disgust,expression
ADAGE,Proverb,proverb
ARGOT,Idiom,idiom
ASI,____ was saying . . .,saying
DICTA,Maxims,maxim
DICTA,Maxims,maxim
GOLLY,Expression of wonder,expression
PEN,Sword's superior  proverbially,proverb
SAWS,Adages,adage
SAWS,Old sayings,saying
SAYING,Maxim,maxim
SEL,Maxim's seasoning,maxim
SNEER,Villain's expression,expression
TENET,Maxim,maxim
TWO,Tango maximum,maxim
SNEER,Snidely Whiplash expression,expression
AHS,Expressions of contentment,expression
ALACK,Expression of regret,expression
AMEN,Expression of assent,expression
ANOUNCEOFPREVEN,Beginning of an adage?,adage
ANYONEONWELFARE,More of the truism,truism
ANYPORTINASTORM,Adage for those needing a refuge,adage
ASI,____ was saying,saying
AWFULWAYTO,2nd part of truism,truism
HASLOSTITSSPELL,More of the truism,truism
INTHEDUMPS,Cliche: blue,cliche
INTHEROUGH,Cliche: unpolished,cliche
LESS,More  proverbially,proverb
LOSEIT,Use it or ____ : Ford maxim,maxim
MISS,Proverbial equal to a mile,proverb
MONDAYISAN,Start of truism,truism
NISSAN,Maxima maker,maxim
OFYOURLIFE,End of truism,truism
ONESEVENTH,4th part of truism,truism
ONTHEFENCE,Cliche: undecided,cliche
ONTHEWAGON,Cliche: sober,cliche
SAW,Adage,adage
SLANG,Idiomatic speech,idiom
SNEER,Contemptuous expression,expression
SNEER,Scornful expression,expression
SNEER,Villain's expression,expression
SPEND,3rd part of truism,truism
THEWARONPOVERTY,Beginning of a truism,truism
VENT,Give expression to,expression
WONTFARETOOWELL,Last of the truism,truism
ANA,Book of sayings,saying
ANA,Collection of sayings,saying
APHORISM,Terse saying,saying
ASI,___ was saying . . .,saying
ATBEST,Maximally,maxim
DEADPAN,Buster Keaton.s expression,expression
EHS,Expressions of confusion,expression
EMIL,Expressionist Nolde,expression
HOLYMACKEREL,The Kingfish expression,expression
IDIOM,Style of expression,expression
ISEE,Expression of understanding,expression
MAXIM,Stock saying,saying
MOT,Witty saying,saying
NOLDE,Expressionist Emil,expression
OCKHAMSRAZOR,Philosopher s maxim,maxim
RESPECTS,Courteous expressions,expression
SAW,Adage,adage
SAWS,Old sayings,saying
SNEER,Scornful expression,expression
SURE,Expression of doubt  at times,expression
UGHS,Expressions of disgust,expression
ADAGE,Saying,saying
ADAGE,Saying,saying
AHS,Expressions of satisfaction,expression
ALACK,Expression of sorrow,expression
ASI,__ was saying . .,saying
ASI,___ was saying,saying
BAH,Expression of contempt,expression
EHS,Expressions of confusion,expression
FIDDLEDEEDEE,Scarletts favorite expression,expression
GRIN,Facial expression,expression
IDIOM,Clever turn of phrase,turn of phrase
KILKENNYCATS,Proverbial fighting felines,proverb
LEER,Villain's expression,expression
LOSER,"One who weeps, in a saying",saying
MIN,Opp. of maximum,maxim
OHS,Expressions of discovery,expression
SAW,Adage,adage
SAW,Adage,adage
SMILE,Result of saying cheese,saying
SNEER,Contemptuous expression,expression
SNEER,Villainous expression,expression
SNEERS,Villainous expressions,expression
TOA,"Precedes tee, in a saying",saying
TOOL,"Saw, e.g.","saw,"
AAHS,Expressions of satisfaction,expression
ADAGE,Saying,saying
ADAGE,Saying,saying
ADAGES,Maxims,maxim
AMEN,Expression of agreement,expression
ARGOT,Idiom,idiom
ASI,___ was saying,saying
ASI,___ was saying . . .,saying
AXIOM,Adage,adage
COP,"Apprehend, idiomatically",idiom
GEM,Pithy saying: sl.,saying
HAHS,Expressions of satisfaction,expression
HITTHESPOT,Cleaner's maxim?,maxim
JEER,Deriding expression,expression
MEEK,Proverbial inheritors,proverb
NOLDE,Expressionist Emil,expression
NTH,Maximum degree,maxim
OFONESIGNORANCE,End of the saying,saying
OHO,Expression of surprise,expression
OOH,Expression of wonderment,expression
PACT,"Warsaw, for one","saw,"
REALKNOWLEDGEIS,Start of a Confucian saying,saying
SAW,Adage,adage
SAWS,Adages,adage
TOKNOWTHEEXTENT,Second part of the saying,saying
TRESBIEN,Nice expression of approbation,expression
TRUISM,Popular saying,saying
UGH,Expression of disgust,expression
ULT,Maximum: abbr.,maxim
WHEE,Expression of pleasure,expression
ADAGE,Truism,truism
ARFS,Expressions of puppy love?,expression
ASI,"""___ was saying . . .""",saying
CANTMAKEIT,Despairing expression,expression
CARRYINGAGRUDGE,Start of an adage,adage
EASEL,Stand for artistic expression,expression
EGAD,Expression of surprise,expression
FULLSAIL,"With maximum speed, on water",maxim
HACKNEYEDPHRASE,Overused expression,expression
LEER,Villain's expression,expression
LESS,More proverbially,proverb
LIFTONESSPIRITS,End of the adage,adage
LIMIT,Maximum bet,maxim
MAKESITHARDERTO,Middle of the adage,adage
MAXIM,Saying,saying
MOT,Pithy saying,saying
OHS,Expressions of surprise,expression
OUCH,Hurt expression,expression
OUCH,Hurt expression,expression
PEAKS,Reaches a maximum,maxim
SHUCKS,Expression of disappointment,expression
SNEER,Whiplash's expression,expression
TOPDOLLAR,The maximum price,maxim
ADAGE,Maxim,maxim
ADAGE,Succinct saying,saying
ADAGE,Traditional truism,truism
ADAGE,Traditional truism,truism
ADAGE,Traditional truism,truism
ANYWAY,"""As I was saying . . .""",saying
ARMY,"It marches on its stomach, proverbially",proverb
AXE,"Something to grind, idiomatically",idiom
AXIOM,Truism,truism
BLISS,"Ignorance, in a saying",saying
BROMIDE,Trite saying,saying
BULL,"China hazard, proverbially",proverb
CUPIDSARROW,Start of a truism about romance,truism
EAGER,Like the proverbial beaver,proverb
GAPE,Awe-struck expression,expression
LESS,"More, proverbially",proverb
LOOK,Facial expression,expression
LOSER,"One who weeps, in a saying",saying
MANDERLEY,Maxim DeWinter lived there,maxim
MORAL,Aesop's form of expression,expression
MORECOMINGOUT,Part 3 of the truism,truism
MOUE,Pouty expression,expression
OHO,Expression of surprise,expression
OLSON,"""Maximus to Gloucester"" poet Charles",maxim
PHEW,Expression of relief,expression
SAW,Proverb,proverb
SNEER,Scornful expression,expression
SPILT,Milk maxim word,maxim
SUREHURTSALOT,Part 2 of the truism,truism
THANGOINGIN,End of the truism,truism
UGH,Expression of disgust,expression
UGHS,Expressions of disgust,expression
UHOH,Expression of concern,expression
VACANTLOOK,Expression for dummies,expression
ADAGES,Time-honored sayings,saying
ALAS,Expression of resignation,expression
APPLE,Proverbial preventive,proverb
AREARVIEWMIRROR,Part 3 of the truism,truism
AXIOM,Widely accepted saying,saying
BLANK,Type of expression,expression
CAP,Maximum limit,maxim
EVINCE,Give expression to,expression
GAPE,Awe-struck expression,expression
GNOME,Pithy saying,saying
GNOME,Pithy saying,saying
GRIN,Alfred E. Neuman expression,expression
HIGHWAYSAFETYIS,Part 2 of the truism,truism
IDIOM,Peculiar expression,expression
LEER,Offensive expression,expression
LEER,Unwelcome expression,expression
LESS,It's more in proverbs,proverb
LIMIT,Maximum bet,maxim
MIAMIADVICE,Words of wisdom from Little Havana?,words of wisdom
OOH,Expression of wonderment,expression
PEN,"Sword's superior, proverbially",proverb
PRICERANGE,Buyer's minimum-to-maximum,maxim
THANKYOU,You'll be welcomed after saying this,saying
THETOPDEVICEFOR,Part 1 of a truism for drivers,truism
TON,Proverbial brick load,proverb
TON,Proverbial brickload,proverb
TON,Proverbial brickload,proverb
TRITE,Cliched,cliche
TWO,"Company, proverbially",proverb
UHOH,Expression of apprehension,expression
UTMOST,Maximum,maxim
WHOOPDEDO,Archie Bunker expression,expression
WISH,Expression of desire,expression
WITHACOPCARINIT,End of the truism,truism
ADAGE,Age-old expression,expression
ADAGE,Succinct saying,saying
ADAGE,Time-honored truism,truism
ADAGE,Traditional truism,truism
ALAS,Expression of pity,expression
ALAS,Expression of unhappiness,expression
ALAS,Woeful expression,expression
ANTI,Naysaying,saying
BESTSERVEDCOLD,Last part of proverb,proverb
CROWD,"Three, per an adage",adage
EVINCE,Show expression,expression
FACTS,Truisms,truism
GAPE,Certain facial expression,expression
LEER,Offensive expression,expression
LEER,Offensive expression,expression
LEER,Offensive expression,expression
LEER,Scornful expression,expression
LESS,"More, in a maxim",maxim
LIKEVICHYSSOISE,Middle of the proverb,proverb
MEEK,"Proverbial heirs (with ""the"")",proverb
MOTS,Clever sayings,saying
OUCH,Hurt expression,expression
PACT,"Warsaw, for one","saw,"
PLAY,Jack's proverbial need,proverb
POWERTOOL,"Chainsaw, e.g.","saw,"
REVENGEISADISH,First part of a proverb,proverb
SCOWL,Expression of displeasure,expression
SNEER,Elvis expression,expression
SNEER,Villainous expression,expression
TUTTUT,Expression of disapproval,expression
UGH,An expression of disdain,expression
ADAGE,Simple saying,saying
ARE,"""What ___ you saying?""",saying
ASI,"""___ was saying . . .""",saying
AXIOM,Widely accepted saying,saying
ECHO,"Many check for it by saying ""Hello!""",saying
EST,Maximal suffix,maxim
EST,Maximum suffix,maxim
HRE,"Maximilian I's domain, briefly",maxim
IWAS,"""As ___ saying . . .""",saying
LEER,Unwelcome expression,expression
LIMIT,Casino maximum,maxim
MEEK,Proverbial heirs,proverb
ORSO,Ballpark figure expression,expression
POUT,Sullen expression,expression
QUOTA,"Maximum number, e.g.",maxim
SAW,Words of wisdom,words of wisdom
SAWS,Memorable sayings,saying
SLOWBOATTOCHINA,Proverbial interminable journey,proverb
SNEER,Villain's expression,expression
SNEER,Villain's expression,expression
SNEER,Villainous expression,expression
TOERR,Start of a saying on forgiveness,saying
TON,Proverbial amount of bricks,proverb
TON,Proverbial brickload,proverb
ACOW,"""Don't have ___, man!"" (Bart Simpson saying)",saying
ADAGE,Maxim or saw,maxim
ARFS,Expressions of puppy love?,expression
ASI,"""___ was saying . . .""",saying
ATOZ,All-inclusive expression,expression
ECHOING,Saying likewise,saying
ERR,"Be human, according to a saying",saying
ERR,"Be human, according to a saying",saying
GREATER,Truism (Part 2),truism
GRIN,Alfred E. Neuman expression,expression
HAH,Expression of derision,expression
HILT,"Maximum extent (with ""to the"")",maxim
HONOR,"It's among thieves, in a proverb",proverb
HOTASHECK,"Stifling, in cliches",cliche
IAL,"Suffix with ""president"" or ""proverb""",proverb
IWAS,"""As ___ saying . . .""",saying
JEER,Deriding expression,expression
LASTMINUTE,End of the truism,truism
LOGIA,"Sayings attributed to Jesus, e.g.",saying
LOSER,"A weeper, according to a saying",saying
MOTIVATOR,Truism (Part 3),truism
NOTHINGISA,Start of a truism about human productivity,truism
POKE,Idiomatic pig locale,idiom
PSHAW,Expression of disbelief,expression
RILEY,"One with an easy life, proverbially",proverb
RILEY,Proverbial easy life leader,proverb
SAWS,Pithy sayings,saying
SNEERS,Contemptuous expressions,expression
STALE,Cliche-ridden,cliche
THANTHE,Truism (Part 4),truism
TOERR,Start of a saying on forgiveness,saying
TOOOLD,Over the maximum age,maxim
TRY,"Word repeated before ""again,"" in a saying",saying
ULT,"Maximum, for short",maxim
WELLINEVER,Expression of shock and disgust,expression
ADAGE,Traditional truism,truism
CANDO,Seabee's saying,saying
CATCHWORD,Slogan or favorite saying,saying
DAW,"""See saw, Margery ___""","saw,"
FIE,Old expression of disgust,expression
GRIN,Amused expression,expression
GRINS,Alfred E. Neuman's expressions,expression
HASTE,Proverbial waste-maker,proverb
HITONESSTRIDE,Attain a maximum level of competence,maxim
IMHO,"""All I'm saying is . . ."" online",saying
LESS,"More, in a saying",saying
LOGIA,Religious leader's maxims,maxim
LOGIA,"Sayings attributed to Jesus, e.g.",saying
MAXIM,Common saying,saying
MOUE,Pained expression,expression
OLDSAW,Familiar saying,saying
OVEN,"Womb, in an idiom",idiom
SEXES,Proverbial battlers,proverb
SNEER,Unfriendly expression,expression
SNEERS,Expressions of scorn,expression
STRAW,"Backbreaker, in a proverb",proverb
TIME,Proverbial healer,proverb
TIREDEXPRESSION,Overused cliche,cliche
TWO,"Company, per the adage",adage
UGHS,Expressions of repugnance,expression
ADAGE,Proverb,proverb
ADAGE,Proverbial saying,proverb
ADAGE,Truism,truism
ADAGE,Wise old saying,saying
ADVICEISWHATTHE,Words of wisdom (Part 1),words of wisdom
ANA,Collection of sayings,saying
ANYPORTINASTORM,Adage for those needing refuge,adage
ARGOT,Specialists' idiom,idiom
ATHOME,"Where charity begins, in an adage",adage
BEGORRA,Irishman's expression of surprise,expression
BIZ,"""That's show ___"" (Hollywood saying)",saying
DRAT,Expression of disappointment,expression
ERR,"Be human, according to a saying",saying
FATTED,Like a proverbial calf,proverb
GOON,"""You were saying . . .""",saying
GORKI,Russian writer Maxim,maxim
GRIMACE,Anguished expression,expression
GRIN,Mischievous expression,expression
MOUE,Pained expression,expression
OHMAGE,Expression of electrical resistance,expression
OHS,Expressions of understanding,expression
OLSON,"""I, Maximus of Gloucester, to You"" poet Charles",maxim
OMIT,Go without saying,saying
OOPS,Clumsy one's expression,expression
PEN,"Sword's superior, in a saying",saying
SAWS,Tired adages,adage
SMIRK,Know-it-all's expression,expression
SNEER,Villain's expression,expression
TENFOOTPOLE,Proverbial distancer,proverb
THEFOOLWONTTAKE,Words of wisdom (Part 3),words of wisdom
TRITE,Like a worn-out maxim,maxim
ULT,"Maximum degree, briefly",maxim
UPROAR,Expression of outrage,expression
UTMOST,Maximum extent,maxim
WISEDONTNEEDAND,Words of wisdom (Part 2),words of wisdom
AFISHOUTOFWATER,"Misfit, proverbially",proverb
ANA,Volume of sayings,saying
ARGOT,Idiom,idiom
ASI,"""___ was saying . . .""",saying
CAPS,Salary maximums,maxim
CITYHALL,"You can't fight it, in a saying",saying
EGAD,Old expression of alarm,expression
ERR,Act proverbially human,proverb
HASTEMAKESWASTE,Patient one's proverb,proverb
LEER,Offensive expression,expression
LIGHT,"It's at the end of a tunnel, proverbially",proverb
LIMIT,Maximum raise at a poker table,maxim
LOGIA,Sayings of Jesus,saying
LOSER,"One who weeps, in a saying",saying
MAXIM,Succinct saying,saying
NINE,Cat's proverbial life count,proverb
OOHS,Impressed expressions,expression
OUNCE,Proverbial prevention portion,proverb
PLATITUDE,Hackneyed expression,expression
SAWS,Trite sayings,saying
SEEING,"It's believing, in a saying",saying
SEEN,"What children should be, proverbially",proverb
SNEER,Scornful expression,expression
SPILT,Like some proverbial milk,proverb
STONEFACED,Expressionless,expression
TOOL,"Awl or saw, e.g.","saw,"
TRITE,Like an old cliche,cliche
TWOEDGED,Idiomatic sword,idiom
UGH,Expression of disgust,expression
ADAGES,Time-honored sayings,saying
ANYHOW,"""As I was saying . . .""",saying
BAHS,Expressions of contempt,expression
ERR,"Be human, according to a saying",saying
ERR,"Behave humanly, in a saying",saying
GRIN,Cheshire Cat expression,expression
IDIOM,Peculiar expression,expression
LEER,Offensive facial expression,expression
LEER,Unwelcome expression,expression
MOT,Bon ___ (witty saying),saying
MOTTO,Favorite saying,saying
MOUE,Displeased expression,expression
MOUE,Expression of a pouter,expression
MOUE,Pouty expression,expression
MOUES,Pouty expressions,expression
ODE,Poetic expression of admiration,expression
OHO,Expression of surprise,expression
OLSON,"""Maximus to Gloucester "" poet Charles",maxim
POUT,Bratty expression,expression
POUTS,Lip-protruding expressions,expression
SEAS,A proverbial seven,proverb
SERE,Maximally dry,maxim
SERE,Maximally dry,maxim
SMILE,Expression of amusement,expression
SNEERS,Cruel expressions,expression
SNORT,Audible expression of contempt,expression
SNUG,Like a proverbial bug in a rug,proverb
TOOL,"Awl or saw, e.g.","saw,"
TREACLES,Excessively sentimental expressions,expression
UGH,Expression of disgust,expression
UGH,Expression of disgust,expression
UGHS,Expressions of disgust,expression
UGHS,Expressions of disgust,expression
ADAGE,Wise old saying,saying
AGE,"Beauty preceder, in a saying",saying
AHS,Expressions of satisfaction,expression
BLISS,"Ignorance, in an adage",adage
BUYADIAMONDRING,"If a man does this, he may wind up saying 8-Down",saying
CAP,Maximum limit,maxim
CAT,"Curiosity victim, in an old saying",saying
EGOS,"Reasons for the saying, ""There's no 'I' in team""",saying
ERR,"Behave humanly, in a saying",saying
ERR,"Behave humanly, in a saying",saying
ERR,"Behave humanly, in a saying",saying
ERR,"Behave humanly, in a saying",saying
EXCUSINGONESELF,"Saying, ""I'll be right back,"" e.g.",saying
GNAT,"Strained-at bug, in an idiom",idiom
LEER,Offensive facial expression,expression
LEER,Offensive facial expression,expression
LOGIA,Sayings attributed to Jesus,saying
LOGIA,Sayings of Jesus,saying
LOSER,"Weeper, proverbially",proverb
LOVEISBLIND,Age-old romantic adage,adage
MEW,Feline saying,saying
MOUE,Pouty expression,expression
MOUE,Pouty expression,expression
OLSON,"""Maximus to Gloucester"" poet Charles",maxim
OLSON,"""Maximus to Gloucester"" poet Charles",maxim
OLSON,"""Maximus to Gloucester"" poet Charles",maxim
ONCE,"It's enough, in an expression",expression
POKERFACED,Expressionless,expression
RARE,Like proverbial hen's teeth,proverb
REDCENT,Cliched pittance,cliche
SKY,"The limit, in a saying",saying
SNEER,Villain's facial expression,expression
STRAW,"Backbreaker, in a proverb",proverb
TALK,"It's cheap, proverbially",proverb
TON,"""Maximum weight"" unit",maxim
TROPE,Figurative expression,expression
UGH,"""Peanuts"" expression",expression
UGHS,Expressions of repugnance,expression
ULT,Maximum degree (Abbr.),maxim
UTMOST,Maximum,maxim
WAVES,Says goodbye without saying it,saying
ADAGE,Oft-repeated words of wisdom,words of wisdom
ALAS,Expression of pity,expression
ANA,Collections of sayings,saying
ASI,"""___ was saying . . .""",saying
ASI,"""___ was saying . . .""",saying
BLAH,Expression of general listlessness,expression
EQUATION,Mathematical expression,expression
ERNIE,"Banks famous for saying ""Let's play two!""",saying
EST,Maximizing suffix,maxim
GIGO,Acronymic truism for computers,truism
GLASSY,___-eyed (expressionless),expression
GRINS,"""Silly"" expressions",expression
IMPLY,Say without saying,saying
LEANEST,Maximally slender,maxim
LESS,"It can be more, proverbially",proverb
LESS,It's more in an adage,adage
MOUE,Sullen expression,expression
MOUE,Wry expression,expression
NOD,"Say ""yes"" without saying it",saying
NOD,"Say ""yes"" without saying it",saying
OLSON,"""Maximus to Gloucester"" poet Charles",maxim
OMIT,Go without saying,saying
OOH,Expression of wonder,expression
RULE,"It's made to be broken, proverbially",proverb
SEEING,"It's believing, in a saying",saying
SMILE,Expressions of happiness,expression
SNEER,Cynic's expression,expression
SNEER,Disrespectful expression,expression
THERE,"Expression of sympathy, when doubled",expression
TON,"""Maximum weight"" unit, often",maxim
TOOLS,"Hammer and saw, for two","saw,"
TRITE,Cliche-ridden,cliche
TSK,Expression of disappointment,expression
TYPESOFSTUDENTS,"Bad math teacher saying: ""There are three . . .""",saying
ULT,Maximum degree (Abbr.),maxim
ADAGE,Oft-quoted saying,saying
ANA,Collected sayings,saying
ANA,Collection of sayings,saying
ANTSINYOURPANTS,Idiom of impatience,idiom
BYWORDS,Proverbial expressions,proverb
ERIN,Start of an Irish expression,expression
ERR,Act proverbially human,proverb
EST,Maximizing suffix,maxim
HASTEMAKESWASTE,Proverb for the patient,proverb
IMPLY,Say without really saying,saying
LOGIA,Sayings of Jesus,saying
MEEK,Proverbial inheritors,proverb
OHS,Expressions of surprise,expression
ONCE,"""I'm only saying this ___ . . .""",saying
ONCE,"It's enough, in a saying",saying
PEAKED,Achieved maximum growth,maxim
PLAUDIT,Expression of approval,expression
SAW,Adage,adage
SEENANDNOTHEARD,"Like good children, proverbially",proverb
SNEER,"Rathbone's expression, often",expression
SOAS,"""___ I was saying . . .""",saying
TIE,Cliched Father's Day gift,cliche
TWOEDGED,Idiomatic sword,idiom
ULT,Maximum (Abbr.),maxim
WASTENOTWANTNOT,Thrifty maxim,maxim
WHERETHEHEARTIS,"Home, in a saying",saying
ADAGE,Wise saying,saying
ADAGE,Words of wisdom,words of wisdom
BLARES,Plays at maximum volume,maxim
CAT,"Curiosity victim, in a saying",saying
CAT,"Curiosity victim, in a saying",saying
EVIL,Word in the three wise monkeys' proverb,proverb
FATOFTHELAND,"Something to live off, in a saying",saying
HASTE,"Waste maker, proverbially",proverb
HASTEMAKESWASTE,Patient one's proverb,proverb
IMPLY,Say without saying,saying
LILY,"Gilded bloom, in an idiom",idiom
LIMIT,Maximum speed,maxim
LIMIT,"The sky, in a saying",saying
PEN,"Sword's superior, proverbially",proverb
PITHY,"Succinct, like a proverb",proverb
POOR,Like a proverbial church mouse,proverb
RARE,Like proverbial hen's teeth,proverb
SEENOEVIL,Start of the three monkeys' proverb,proverb
SKY,"It's the limit, in a saying",saying
SMILE,Expression of happiness,expression
TRITE,Like a cliche,cliche
TURNAPHRASE,"Coin a memorable expression, say",expression
ULT,Maximum (Abbr.),maxim
WINCE,Pained expression,expression
AGE,"Beauty preceder, in a saying",saying
AGES,Little League maxima and minima,maxim
ASI,"""___ was saying . . .""",saying
BARN,"Building with a broad side, in a saying",saying
BLANKTELLER,Penn's expressionless partner?,expression
BREVITY,"""The soul of wit,"" in a saying",saying
BULL,"China shop wrecker, proverbially",proverb
CAT,"Curiosity victim, in a saying",saying
CAT,"Victim of curiosity, in a saying",saying
CRAW,"Sticking point, in an idiom",idiom
EAR,"Cute part of a bug, in a saying",saying
EAR,"Cute part of a bug, in a saying",saying
EARLY,"Like the worm-catcher, in a saying",saying
EYEROLL,"Facial expression accompanying ""Sheesh!""",expression
GNAT,"Strained-at bug, in a saying",saying
GRIN,Impish expression,expression
GRIN,Mr. Peanut's expression,expression
GRINS,Toothy expressions,expression
HAYSTACK,"Needle's place, in an idiom",idiom
HORSESMOUTH,"Authoritative source, in a saying",saying
IMO,"Texter's ""Just saying""",saying
INAFIX,Up the proverbial creek,proverb
LAST,In the proverbial cellar,proverb
LAST,In the proverbial cellar,proverb
MEN,Maxim's target readership,maxim
MULE,"Stubborn beast, in a saying",saying
MUM,Saying nothing,saying
OUNCE,"Prevention amount, in a saying",saying
PEN,"Sword's superior, proverbially",proverb
POOR,Like the proverbial church mouse,proverb
RAGS,"Riches' antithesis, in a saying",saying
ROD,"Thing to spare, in a saying",saying
SNEER,Elvis' signature expression,expression
SNEER,Villainous expression,expression
SPILT,"Like milk, in a proverb",proverb
STRIVES,Gives maximum effort,maxim
THESEVENSEAS,"They're sailed, in a saying",saying
VERSATILE,"Having the proverbial 1,001 uses",proverb
ALLIN,Maximum 13-Down bet,maxim
ASI,"""___ was saying . . .""",saying
COOL,Like a proverbial cucumber,proverb
CRAW,"Sticking point, in an idiom",idiom
EAGER,"Like a beaver, proverbially",proverb
GRIN,The Joker's facial expression,expression
HOPE,"It springs eternal, in a saying",saying
HUMAN,Proverbial error-maker,proverb
LAST,In the proverbial cellar,proverb
LESS,"It's more, in a saying",saying
MONEYTALKS,Proverb about wealth and power,proverb
MORE,"What ""less"" is, in a saying",saying
MUM,Not saying a word,saying
PEAK,Reach a maximum,maxim
PEAK,Reach a maximum,maxim
PEN,"Sword's superior, in a saying",saying
PEN,"Sword's superior, in a saying",saying
PODUNK,Proverbial small town,proverb
RARE,Like proverbial hens' teeth,proverb
ROME,Circus Maximus locale,maxim
SCOWL,Scrooge's expression,expression
SKY,"The limit, in a saying",saying
SNEER,Snidely Whiplash's expression,expression
SNEER,The Joker's expression,expression
SOBER,"Like a judge, proverbially",proverb
SPILT,"Like milk, in a proverb",proverb
STRAIGHTFACE,Convincing liar's expression,expression
TAXES,"One of two certainties, in a saying",saying
WORLD,"""My oyster,"" in a saying",saying
BLAST,Play at maximum volume,maxim
CAT,"Curiosity victim, in a saying",saying
DARKANDSTORMY,Like the night in a novel-opening cliche,cliche
FIT,"Like a fiddle, in a saying",saying
GOBIG,Exert maximum effort,maxim
GRIN,Cheshire Cat's expression,expression
LESS,"More, in a saying",saying
LIMIT,Fisherman's maximum,maxim
LOGS,"What snorers saw, it's said","saw,"
MUM,Not saying a word,saying
NEAT,"Like a pin, in a saying",saying
PEAKS,Reaches a maximum,maxim
POKE,"Pig's place, in a saying",saying
REDSKIESATNIGHT,"Sailor's delight, proverbially",proverb
SALARYRANGE,Minimum-to-maximum pay rate,maxim
SCOWL,Grinch's expression,expression
SKY,"It's the limit, in a saying",saying
SOUNDADVICE,Trustworthy words of wisdom,words of wisdom
ADAGE,Memorable maxim,maxim
ADAGE,Old saying,saying
ADAGE,Pithy expression,expression
ADAGE,Saying,saying
ADAGES,Proverbs,proverb
ADAGES,Time-tested sayings,saying
ALOHA,Hawaiian expression,expression
ALOHA,Lei Day expression,expression
COOL,Like the proverbial cucumber,proverb
EXACTLY,"""That's what I'm saying!""",saying
EYEROLL,"""Oh, puh-leeze!"" expression",expression
FIRSTOFALL,"""Let me start by saying . . .""",saying
GOES,"""It ___ without saying . . .""",saying
GOLLY,Quaint expression of surprise,expression
GRAYMATTER,"Brains, idiomatically",idiom
ICARE,Expression of sympathy,expression
LIMIT,"Maximum, e.g.",maxim
LTR,"Dating abbr. hidden in ""altruism""",truism
MULE,Proverbially stubborn creature,proverb
NERO,"Emperor associated with the expression ""fiddling while Rome burns""",expression
OATS,Feeling your ___ (horse-inspired idiom),idiom
OHJOY,Mock expression of delight,expression
OLDSAW,Familiar adage,adage
PEAS,Proverbial pod pair,proverb
PIE,Proverbially 49-Across dessert,proverb
ROME,"Where all roads lead, in a saying",saying
SMIRK,Smug expression,expression
SPOUSE,"Partner after saying ""I do""",saying
STALE,Cliched,cliche
STONY,___-faced (expressionless),expression
STOUTEST,Maximally resolute,maxim
TGIF,End-of-workweek expression,expression
TROPE,"Characters saying ""you'd better come see this,"" e.g.",saying
TRUISMS,Obvious sayings,saying
UVULA,"Body part that rises when saying ""ah""",saying
ADAGE,Traditional saying,saying
ANDIQUOTE,Words said before saying what someone said,saying
EEL,Proverbially slippery creature,proverb
EEL,Proverbially slippery sea creature,proverb
EEL,Proverbially slippery swimmer,proverb
FEELME,"""Get what I'm saying?""",saying
GOES,"""As the saying ___ . . .""",saying
HASTE,"Word rhymed with ""waste"" in a proverb",proverb
HOMESWEETHOME,Doormat saying,saying
ICAME,"""___, I saw, I conquered""","saw,"
IWAS,"""Back to what ___ saying . . .""",saying
LIMIT,"Maximum, e.g.",maxim
MUM,Not saying a thing,saying
OLDSAW,Familiar saying,saying
POT,"A watched one never boils, proverbially",proverb
POUTS,Sulky expressions,expression
SETSALIMIT,"Specifies the maximum amount, for example",maxim
SNEER,Villainous expression,expression
STITCHINTIME,"Preemptive action that saves nine, in an adage",adage
TRIBE,"The Chickasaw, e.g.","saw,"
WALKONBY,Pass without saying hi,saying
WORDONTHESTREET,What everyone's saying,saying
ADAGE,Old saying,saying
ADAGE,Old saying,saying
ALOHA,Hawaiian expression,expression
ANAPPLEADAY,"Intake that ""keeps the doctor away,"" in a proverb",proverb
BADAPPLE,"Proverbial fruit that ""spoils the whole barrel""",proverb
CIA,Spy org. linked to abstract expressionism,expression
COUNTRYMILE,Proverbial long distance,proverb
DOEEYEDLOOK,Innocent expression,expression
ESL,Class that might teach idioms (Abbr.),idiom
EVIL,"What saying ""kayn aynhoreh"" wards off",saying
GETMYDRIFT,"""Know what I'm saying?""",saying
GOES,"""It ___ without saying . . .""",saying
GOES,"""That ___ without saying""",saying
HATERSGONNAHATE,"Adage popularized by 3LW's ""Playas Gon' Play""",adage
HORSERACE,"Close contest, idiomatically",idiom
HUMBLEAPOLOGY,Expression of sincere regret,expression
IDIOM,Figurative expression,expression
IMPLY,Say without saying,saying
IWAS,"""As ___ saying . . .""",saying
KISSY,___ face (expression with puckered lips),expression
LOT,"""And that's saying a ___!""",saying
MASC,Gender expression label,expression
MOM,"Wanda Maximoff, to Billy and Tommy",maxim
MUM,Not saying a thing,saying
OWLS,"Barred ones sound like they're saying ""Who cooks for you?""",saying
POUT,Model's expression,expression
SADFACE,Moper's expression,expression
SIT,"Command given before saying ""paw""",saying
SKINDEEP,"Like beauty, in a saying",saying
SMUG,"Like saying ""I told you so""",saying
SNEERS,Contemptuous expressions,expression
STAREBLANKLY,Gaze ahead expressionlessly,expression
STONY,___-faced (expressionless),expression
TOPS,As a maximum,maxim
TROPE,Movie cliche,cliche
ADAGE,Old saying,saying
ADAGE,Saying,saying
ADAGES,"Sayings like ""a stitch in time saves nine""",saying
ADAGES,Time-honored sayings,saying
ALLIMEANTWAS,"""Just saying . . .""",saying
ANYWAY,"""As I was saying . . .""",saying
ASL,Language with extensive use of facial expressions,expression
CAP,Maximum,maxim
CLICHE,Overused expression,expression
EARLY,"Like the bird who gets the worm, in a saying",saying
EARLYBIRD,"One who gets the worm, in a saying",saying
ESL,Class that might teach idioms (Abbr.),idiom
MILKINGTHEBULL,Proverb that describes a fruitless task,proverb
OLDSAW,Familiar saying,saying
PEAKS,Hits a maximum,maxim
SEEMYPOINT,"""Get what I'm saying?""",saying
SNEER,Villainous facial expression,expression
TGIF,End-of-week expression,expression
TRUISM,Saying that states the obvious,saying
ACHOO,"Sound heard before saying ""Gesundheit!""",saying
ADAGE,Saying,saying
ADAGE,Wise saying,saying
ADAGE,Wise saying,saying
ADAGES,"Sayings like ""Better safe than sorry""",saying
ALOHA,Expression of love in Kailua,expression
ANYWAY,"""As I was saying . . .""",saying
APOLOGY,Expression of regret,expression
COLDHARDCASH,"Banknotes and coins, idiomatically",idiom
DONTSPEAK,"""No Doubt"" song with the lyric ""I know just what you're saying""",saying
EXACTLY,"""That's what I'm saying!""",saying
GASP,Audible expression of shock,expression
HOMESWEETHOME,"""Ahh, it's good to be here!"" saying on some decor",saying
INAFIX,Up the proverbial creek,proverb
LIMIT,Maximum,maxim
LIMIT,Maximum,maxim
LOOKWHOSTALKING,"""YOU'RE saying that to ME?!""",saying
MONEY,"What time is, in an idiom",idiom
NIECE,"Person saying ""uncle,"" maybe",saying
RUMOR,Something people have been saying,saying
SEE,"""Get what I'm saying?""",saying
SLOTH,Mammal that's faster in water than on land (which isn't saying much),saying
TROPE,Movie or TV cliche,cliche
WAS,"""As I ___ saying . . .""",saying
WORM,"What the early bird gets, in a saying",saying
ACE,"Card up one's sleeve, in an idiom",idiom
ADAGE,Metaphorical words of wisdom,words of wisdom
ADAGE,"Saying such as ""opposites attract""",saying
ADAGE,Wise old saying,saying
ADAGE,Wise saying,saying
ALTEREGO,"The Scarlet Witch, for Wanda Maximoff",maxim
AMELIA,___ Bedelia (children's book character who struggles to understand idioms),idiom
ASWESAY,"""Proverbially speaking . . .""",proverb
COALMINE,*Proverbial spot for a canary,proverb
COINED,___ a phrase (made up a new saying),saying
ESL,Class that might cover idioms (Abbr.),idiom
EVILGRIN,Cartoon villain's facial expression,expression
FOODFORTHOUGHT,"Mental stimulus, idiomatically",idiom
FOREHEAD,"Body part slapped when saying ""Doh!""",saying
GRIMACE,Anguished expression,expression
HARD,Like a video game set to maximum difficulty,maxim
HASTE,"It makes waste, in a proverb",proverb
HASTE,___ makes waste (rhyming proverb),proverb
HUSHING,"Saying ""Shhh!"" to",saying
ILY,Texter's expression of affection,expression
MASC,Gender expression label,expression
MOTTO,Saying,saying
MUM,Not saying anything,saying
NIECE,"Person saying ""auntie,"" maybe",saying
OLD,"Like someone saying ""How do you do, fellow kids?,"" maybe",saying
PEAKED,Reached a maximum,maxim
PEN,"What's mightier than the sword, in a saying",saying
READLIPS,See what someone is saying?,saying
SNEER,Belittling expression,expression
TRIBE,"The Chickasaw, e.g.","saw,"
TROPE,Movie cliche,cliche
WAS,"""As I ___ saying . . .""",saying
IDIOMS,Expressions,expression
MONEY,Proverbial talker,proverb
ADAGE,Saying,saying
ASI,"""___ was saying ...""",saying
SAW,Adage,adage
ANEGG,"""___ is dear on Easter Day"": Russian proverb",proverb
ASI,"""___ was saying ...""",saying
EMILSSMILE,80 Zatopek's winning expression?,expression
IDIOM,Turn of phrase,turn of phrase
OUCH,Pained expression,expression
AXIOM,Truism,truism
JOELHARRIS,"""Uncle, His Songs and His Sayings"" author?",saying
SAW,Adage,adage
SELAH,Psalmist's expression,expression
THEDEW,""". . . and the clouds drop down "": Proverbs",proverb
ARCADY,Proverbial pastoral land,proverb
ARGOT,Specialists' idiom,idiom
ATMOST,Maximally,maxim
EMIL,German expressionist Nolde,expression
SAWS,Familiar maxims,maxim
TONELESS,Lacking expression,expression
UGH,Expression of disgust,expression
ASI,"""__ was saying ...""",saying
GORKI,Russia's Maxim,maxim
IWAS,"""As __ saying ...""",saying
LESS,"More, in a maxim",maxim
LESS,"More, in a maxim",maxim
BONETOPICK,Idiom savant's turkey remnant?,idiom
CRYOVERSPILTMILK,What the clumsy idiom savant might do?,idiom
ECCL,Bk. after Proverbs,proverb
FINEKETTLEOFFISH,Idiom savant's entree?,idiom
HILLOFBEANS,Idiom savant's heaping portion?,idiom
PIECEOFCAKE,Idiom savant's dessert?,idiom
SALT,"White hair, in an expression",expression
SMALLPOTATOES,Idiom savant's meager dish?,idiom
SOURGRAPES,Idiom savant's fruit?,idiom
TIME,"It's money, proverbially",proverb
ADAGE,Words of wisdom,words of wisdom
ARCHDUKE,"Maximilian, e.g.",maxim
GOUDAGRIEF,"Cheesy ""Peanuts"" expression?",expression
SAUCE,"Goose go-with, in a saying",saying
BEGGARSCANTBECHOOSERS,Maxim for the powerless,maxim
OLDDOG,Proverbial nonlearner,proverb
PETARD,Idiomatic hoister,idiom
PITHY,Like a proverb,proverb
SMIRKY,"Like Bush's expression, some say",expression
SUTRA,Hindu maxim,maxim
TABASCOSAWS,Spicy sayings?,saying
BEARDOWN,Exert maximum effort,maxim
IAL,Proverb ending?,proverb
MERRIER,"More, in an expression?",expression
MONEY,"It talks, in a saying",saying
NISSAN,Maxima maker,maxim
SAW,Familiar saying,saying
LOVECONQUERSALL,Adage from Virgil's Eclogue X,adage
NAY,Expression of nonsupport,expression
SEXSELLS,Truism promoting hot spots?,truism
ASTEROIDS,"Game with a maximum score of 99,990 points",maxim
ASTITCHINTIME,Proverbial saver,proverb
ECCL,Bk. after Proverbs,proverb
TONELESS,Without expression,expression
LOGIA,Traditional religious maxims,maxim
ROOMFUL,"Maximum number of party attendees, perhaps",maxim
FINEWORDS,"They butter no parsnips, according to a saying",saying
GRE,Exam with a 170 maximum: Abbr.,maxim
SAWS,Maxims,maxim
SCOWL,Sourpuss's expression,expression
HEFTIEST,Maximally muscular,maxim
TEACHERSPOUT,Classroom figure's bratty expression?,expression
KYFACE,Flirtatious expression,expression
CAP,Salary maximum,maxim
EMIL,Expressionist Nolde,expression
HAPPYDAYS,"TV show that inspired the idiom ""jumping the shark"" when a main character literally jumped over a shark",idiom
LESSISMORE,"Minimalist's maxim, and a hint to 104 Across",maxim
LOVEYOU,Affectionate way of saying goodbye,saying
MERCI,"With 19 Across, Nice way of saying ""Thanks a lot""",saying
SEVEN,Maximum number of games in the NBA Finals,maxim
SNEER,Nasty facial expression,expression
SNEER,Villainous expression,expression
SOAPIEST,Maximally sudsy,maxim
STRICTEST,Maximally inflexible,maxim
TIMEISMONEY,"Productivity adage, and a hint to 51 Across",adage
TOOL,"Circular saw, e.g.","saw,"
TRITE,Like stale expressions,expression
ANTIOUCH,"Opposed to saying ""That hurt""? (... to a school in Ohio)",saying
BASEST,Maximally despicable,maxim
CAME,"""I ___, I saw, I conquered""","saw,"
HAIRS,Idiomatically split things,idiom
OLDSAW,"Adage, and not a rusted tool as its name might suggest",adage
OMEN,"Crow saying ""SOON"" in a human voice, probably",saying
REDSKY,"""Sailors' delight"" at night, in a saying",saying
SADDEST,Maximally blue,maxim
SNEER,Mocking expression,expression
SPAM,"Messages saying you've won a foreign lottery, e.g.",saying
WEARIT,"What to do ""if the shoe fits,"" in a saying",saying
ADAGES,Proverbs,proverb
CHIN,"Bad place for an idiomatic bull (""Claws"" actress Niecy)",idiom
DIREST,Maximally desperate,maxim
ORDERUP,"Diner cook's way of saying ""Food's ready!""",saying
STURM,___ und Drang (artistic period named after a play by Friedrich Maximilian von Klinger),maxim
THOU,Pronoun in Proverbs,proverb
CAPS,Salary maximums,maxim
MOTS,Witty sayings,saying
SAWS,Familiar sayings,saying
SUTRA,Collection of Hindu maxims,maxim
ASI,"""___ was saying ...""",saying
HUBBA,"Repeated, an expression of approval",expression
PIGS,Proverbial nonfliers,proverb
SAW,Trite saying,saying
SAWS,Trite sayings,saying
GRIMACE,Anguished expression,expression
IAL,Proverb ending?,proverb
PLAUDIT,Expression of approval,expression
TRYTRY,"Words before ""again"" in an adage",adage
ANA,Collected sayings,saying
REPUBLICOFIRELAND,About some proverbially lucky people?,proverb
ADAGES,Words of wisdom,words of wisdom
LEER,Wolfish expression,expression
LESS,"More, proverbially",proverb
OKAYS,Expressions of approval,expression
SAYSO,Expression of approval,expression
SPEAKUP,Say what needs saying,saying
VOICE,Expression,expression
ATMOST,Maximally,maxim
CROWE,Oscar winner as Maximus,maxim
NISSAN,Maxima maker,maxim
PETARD,Idiomatic hoister,idiom
SAW,Words of wisdom,words of wisdom
STONY,Expressionless,expression
TWICESHY,End of an adage about negative experience,adage
ALLWE,"""___ are saying is give ...""",saying
ATMOST,Maximally,maxim
EST,Maximal suffix,maxim
IHEAR,"""___ what you're saying""",saying
TABS,"Close surveillance, idiomatically",idiom
TRUISM,"Adage eliciting ""Well, duh!""",adage
ADAGE,Timeworn truism,truism
ASI,"""___ was saying...""",saying
GRIN,Puckish expression,expression
MOUE,Sullen expression,expression
SCOWLS,Unhappy expressions,expression
SNEER,Elvis expression,expression
UNDERTHEWEATHER,Too often he called in saying he was ___,saying
OOH,Expression of wonderment,expression
OSKAR,Expressionist painter Kokoschka,expression
PETARD,Idiomatic hoister,idiom
SNEER,Scornful expression,expression
SNEER,Snide expression,expression
TEHEE,Tickled expression?,expression
ANOPTION,"What failure is not, in a common saying",saying
GRINS,Puckish expressions,expression
LEER,Groucho expression,expression
MOT,Witty saying,saying
MOUE,Displeased expression,expression
ORSO,Ballpark expression,expression
SNEER,Mocking expression,expression
STUFF,Sister magazine of Maxim,maxim
ALLN,"Taking the maximum risk, as a poker player",maxim
ARE,"""What ___ you saying?""",saying
ASI,"""___ was saying...""",saying
GOODHELPIS,"With 64-Across, saying about gofers, and another title for this puzzle",saying
PEAK,Graph maximum,maxim
PEAK,Reach a maximum price,maxim
UTMOST,Maximum,maxim
ADAGES,Maxims,maxim
APATH,"It's beaten to your door, idiomatically",idiom
ASI,"""___ was saying...""",saying
HOKIEST,Maximally corny,maxim
LIMIT,Angler's maximum,maxim
MOUES,Annoyed expressions,expression
PEAK,Maximum,maxim
SAW,Words of wisdom,words of wisdom
EMILNOLDE,"Expressionist painter of ""Grosse Sonnenblumen""",expression
IDIOM,Expression,expression
IDIOM,Turn of phrase,turn of phrase
ITSELF,End of an FDR saying,saying
ITTAKESTWOTOTANGO,Maxim demonstrated by the partnered answers in this puzzle,maxim
MAXIMS,Pithy proverbs,proverb
SAW,Trite saying,saying
SEXES,Proverbial battlers,proverb
SNEERS,Cruel expressions,expression
TOCOINAPHRASE,Idiom for a neologist taking a siesta?,idiom
MOUES,Disdainful expressions,expression
OLDSAW,Familiar maxim,maxim
OPPOSED,Naysaying,saying
SNEER,Mocking expression,expression
SNORT,Expression of disbelief,expression
THELIMIT,"Extremely irritating, idiomatically",idiom
ADAGE,Timeworn truism,truism
MOUE,Pouty expression,expression
SNEERS,Expressions of contempt,expression
THX,Quick expression of gratitude,expression
USEIT,Start of a brain health adage,adage
EMP,Maximilian or Montezuma: Abbr.,maxim
HOSANNA,Expression of adoration,expression
OLDDOG,Proverbial nonlearner,proverb
ROME,Circus Maximus setting,maxim
STONY,Expressionless,expression
APOGEE,Orbital maximum,maxim
ASI,"""___ was saying...""",saying
ATMOST,Maximally,maxim
GRINS,Puckish expressions,expression
OOH,Expression of excitement,expression
ROME,Circus Maximus setting,maxim
SMIRK,Smarmy expression,expression
SNEER,Expression of contempt,expression
STONY,Expressionless,expression
TUTTUT,Expression of disapproval,expression
USETH,"""The tongue of the wise ___ knowledge aright"": Proverbs 15:2",proverb
UTMOST,Maximum amount,maxim
VOCALACCORD,"Result of all in favor saying ""aye""?",saying
APOGEES,Orbital maxima,maxim
CASHISKING,Investing maxim,maxim
FINDER,"He's a keeper, according to an adage",adage
GOETH,"""Where no wood is, there the fire ___ out"": Proverbs",proverb
IAL,Proverb ending,proverb
ICARE,Expression of sympathy,expression
MIMED,Performed without saying a word,saying
VOICE,Expression,expression
ADAGE,Proverb,proverb
ADAGE,Timeworn truism,truism
ALL,Maximum effort,maxim
ASI,"""___ was saying...""",saying
ATIC,Finish for problem or idiom,idiom
COPYINGSAWS,Making duplicates of pages of adages?,adage
EPSON,Maker of Expression printers,expression
FROWN,Displeased expression,expression
GLARES,Angry expressions,expression
HOMAGE,Expression of respect,expression
INROME,"Where to conform, as the saying goes",as the saying goes
LADMAG,"Maxim in England, e.g.",maxim
MOUES,Annoyed expressions,expression
OPPOSED,Saying nay,saying
POUT,Expression of annoyance,expression
SNEER,Disdainful expression,expression
SNEER,Disdainful expression,expression
SWINEFLUB,"Saying ""moo"" instead of ""oink""?",saying
ADAGES,Wise sayings,saying
ASI,"""___ was saying...""",saying
ASTITCHINTIME,Proverbial preventative measure,proverb
EPSON,Maker of Expression printers,expression
EWE,Female with a sheepish expression?,expression
FATTED,Like a proverbial calf,proverb
GOON,"""You were saying...""",saying
GRIN,Puckish expression,expression
MOUE,Petulant expression,expression
OLDDOG,Proverbial nonlearner,proverb
OLDSAW,Adage,adage
REDLINES,Attains the maximum safe speed,maxim
ROMAN,Circus Maximus attendee,maxim
SAW,Adage,adage
SEMITISM,"Idiom derived from Hebrew, e.g.",idiom
SNEER,Contemptuous expression,expression
SPILT,Like proverbial milk,proverb
TOOL,"Saw, say","saw,"
TROPES,Figurative expressions,expression
ADAGE,Proverb,proverb
ADAGE,Time-honored saying,saying
ADAGES,Timeworn truisms,truism
ALLIN,Maximum poker bet,maxim
ANYHOW,"""As I was saying...""",saying
CLICHE,Expression that's as old as the hills,expression
EPSON,Maker of Expression Photo printers,expression
EST,Maximal suffix,maxim
EYES,"Windows to the soul, proverbially",proverb
IAL,Proverb ending?,proverb
ILOST,Expression of concession,expression
MOUE,Pouty expression,expression
NAY,Opposition expression,expression
OLES,Expressions of Iberian enthusiasm,expression
RILEY,One whose life is proverbially carefree,proverb
SNEER,Derisive expression,expression
SNEER,Lip-curling expression,expression
SNEERS,Disparaging expressions,expression
TEENIEST,Maximally minute,maxim
UNTO,Proverb preposition,proverb
ADAGE,Wise saying,saying
ALL,Maximum effort,maxim
CALM,"Storm preceder, idiomatically",idiom
CIVILCASE,Possible result of saying 6-Down,saying
DEAR,"How to sell, idiomatically",idiom
EMIL,Expressionist painter Nolde,expression
EPSON,Maker of Expression scanners,expression
EXTRAEXTRALARGE,Maximal size,maxim
FEELME,"""Get what I'm saying?""",saying
IDIOM,Turn of phrase,turn of phrase
IDISAGREE,"Polite way of saying ""You're wrong!""",saying
INROME,"Where to conform, as the saying goes",as the saying goes
ISTOO,"""Wisdom ___ high for a fool"": Proverbs",proverb
MOUE,Annoyed expression,expression
OMNIA,"What amor vincit, proverbially",proverb
SAW,Trite-and-true saying,saying
SEXES,Proverbial battlers,proverb
SEXES,Proverbial battlers,proverb
SMIZE,Tyra Banks's portmanteau for a happy expression involving one's peepers,expression
SNEER,Lip-curling expression,expression
TRADITION,"Saying grace before dinner, e.g.",saying
USEIT,Start of a brain health saying,saying
ABSENCE,"Fondness cause, proverbially",proverb
ADAGE,Truism,truism
ADAGES,Timeworn truisms,truism
AKBAR,"""Allahu ___"" (Islamic expression)",expression
ALAS,Expression of grief,expression
ALL,Maximum amount,maxim
ALL,Maximum amount,maxim
ASABOVE,Half of a saying about the inter-connectedness of all things,saying
ASRED,"Comparable to a beet, idiomatically",idiom
BLAST,Play at the maximum volume,maxim
EMIL,Expressionist Nolde,expression
GOABOVEANDBEYOND,Wry words of wisdom...from a hurdles coach,words of wisdom
GRIN,Cheshire Cat's expression,expression
HANGDOG,Like ashamed expressions,expression
IDIOM,Turn of phrase,turn of phrase
MRSULU,"Target of a ""maximum warp"" command",maxim
MUM,Not saying a word,saying
MUM,Saying nothing,saying
OLDDOG,"Poor learner, according to a proverb",proverb
ORSO,Expression of approximation,expression
PSAT,It has a maximum score of 1520,maxim
SMIRK,Smug expression,expression
SOBELOW,The other half of the saying,saying
THX,Texter's expression of gratitude,expression
TRIPTHELIGHTFANTASTIC,"Dance, idiomatically",idiom
VSIX,Engine in a Nissan Maxima,maxim
WECARE,Expression of corporate compassion,expression
ADAGES,Sage sayings,saying
ALL,Maximum amount,maxim
ANTI,Saying nay,saying
ASSENTS,Expressions of agreement,expression
BEERBEFORELIQUOR,Start of an adage that may explain why you're not feeling so well after solving this puzzle?,adage
BROMIDE,Clichéd saying,saying
CROWE,Oscar winner as Maximus Decimus Meridius,maxim
GORKI,Russian novelist Maxim,maxim
GRIN,Amused expression,expression
HOPI,"Followers of Maasaw, the ancient caretaker of the earth","saw,"
ICARE,Expression of empathy,expression
IDIOM,Turn of phrase,turn of phrase
ITSSAD,Expression of pity,expression
LADMAG,"Maxim, e.g.",maxim
LIMIT,Maximum capacity,maxim
MERCYME,Expression of alarm,expression
MOST,Maximum number,maxim
MOUE,Pouting expression,expression
MUM,Saying nothing,saying
POUNDADVICE,Some words of wisdom on adopting a dog?,words of wisdom
ROCKFACE,"""...I have an inscrutable expression""",expression
SILVERSCREEN,"Movie industry, idiomatically",idiom
SINCEWHEN,Expression of annoyed incredulity,expression
SNEERS,Contemptuous expressions,expression
THX,Texting expression of gratitude,expression
UGH,Expression of disgust,expression
UTMOST,Maximum,maxim
UTMOST,Maximum degree,maxim
ADAGE,Words of wisdom,words of wisdom
ALAS,Expression of dismay,expression
ATMOST,Maximally,maxim
DANKE,Expression of German gratitude,expression
DEADPAN,Deliberately expressionless,expression
ELEPHANT,"Room occupant, in an idiom",idiom
EYESORE,Does some mineral assaying?,saying
HELLTOPAY,"Big trouble, idiomatically",idiom
IMPLY,Say without actually saying,saying
ITSWHOYOU,Gist of a saying about useful personal contacts,saying
LIPREADER,Someone who sees what you're saying,saying
LIPREADERS,They see what you're saying,saying
MONEY,"Home in constant need of repairs, idiomatically",idiom
OLDSAW,Time-tested saying,saying
ORLESS,At a maximum,maxim
POUT,Sulky expression,expression
SNEER,Expression for Ozymandias,expression
SNEER,Expression of contempt,expression
SNEER,Mocking expression,expression
SORE,Idiomatic lead-in to eyes or thumb,idiom
SPILT,Like milk in a familiar proverb,proverb
STITCHINTIME,Proverbial preventative,proverb
THEROD,"Punishment, in a maxim",maxim
USEIT,Start of a brain health adage,adage
YOUFEELME,"""Get what I'm saying?""",saying
ACAT,"""You should not call in ___ to settle the argument of two birds"" (Indian proverb)",proverb
AHH,Expression of insight,expression
BULLDOHS,Expressions of disbelief during a bear market?,expression
CRAW,"Sticking point, in an idiom",idiom
GRIN,Amused expression,expression
GRIN,Pleased expression,expression
IDES,Time for saying 2-Down,saying
LEER,Villainous expression,expression
MISUSER,"Person saying ""literally,"" often",saying
MOTS,Bons ___ (witty sayings),saying
POLEACKS,Expressions of frustration from a fly fisherman?,expression
SCOWLS,Grumpy expressions,expression
SHORTPHEWS,Very quick expressions of relief?,expression
XXXX,At maximum capacity,maxim
XXXX,Thwarted prima donna's expression,expression
ADAGE,Maxim,maxim
ADAGE,Time-honored saying,saying
ADAGE,Wise saying,saying
AGE,"It's just a number, as the saying goes",as the saying goes
ALL,Maximum amount,maxim
ALL,Maximum amount,maxim
ALL,Maximum amount,maxim
BEAMINGSMILE,Radiant expression,expression
EST,Maximal suffix,maxim
GRIN,Amused expression,expression
GRINS,Puckish expressions,expression
HANGDOG,"Defeated-looking, as an expression",expression
ICARE,Expression of empathy,expression
ILLAT,Start of an uncomfortable idiom,idiom
LISTENTOREASON,"*""What I'm saying makes sense!""",saying
MIEN,Expression,expression
ONE,Sine's maximum value,maxim
PETARD,"Small bomb, in a familiar idiom",idiom
PITH,Concise expression,expression
RIPSAWS,Make fun of familiar sayings?,saying
ROAR,Expression of pride?,expression
SACRE,"""___ bleu!"" (French expression of surprise)",expression
SAYING,Idiom,idiom
XXXX,Amused expression,expression
AHA,Expression of insight,expression
ANTI,Saying nay,saying
ANTI,Saying nay,saying
ARE,"""What __ you saying?""",saying
ATMOST,Maximally,maxim
BELFRY,Proverbial place for bats,proverb
CROESUS,Proverbially rich Lydian king,proverb
EEL,Proverbially slippery creature,proverb
GRIN,Amused expression,expression
LIONSDEN,Proverbial danger zone,proverb
LIPREAD,Watch what you're saying?,saying
NESTS,Proverbial homes of vipers,proverb
OHSUREBLAMEME,"""Really, thanks for saying it was my fault!""",saying
OLDSAW,Proverb,proverb
ONALOG,"Bump's place, in idiom",idiom
POUT,Petulant expression,expression
PULSE,"Savvy spot for a finger, in idiom",idiom
SEXSELLS,Pursues pinnipeds > Classic ad maxim,maxim
THANKSAT,Often-sarcastic expression of gratitude,expression
TOOL,"Saw, e.g.","saw,"
WASTENOT,Start of an adage about economy,adage
XXX,"""___ was saying...""",saying
XXXX,"""As ___ saying...""",saying
XXXXXXXX,Auction maximum,maxim
XXXXXXXXXXX,Third part of a maxim,maxim
